status,date,title,series,authors,reasons,migration_terms,ireland_mentions_pdf,pdf_pages,empirical_signals,jurisdiction,era,research_areas,doi,url,pdf_url,found_by,abstract
exclude,2026-09-23,Fuelling Change: The distributional and climate impacts of farmers supplying biomethane feedstocks in Ireland,ESRI Working Paper,Anita Vollmer; Miguel Tovar Reaños; Muireann Á Lynch,no migration vocabulary,,,,"case study, estimate, estimated, microdata, results show, survey",Ireland (State),contemporary,Energy and Environment,,https://www.esri.ie/publications/fuelling-change-the-distributional-and-climate-impacts-of-farmers-supplying-biomethane,https://www.esri.ie/system/files/publications/WP845.pdf,keyword:nationality,"Farmers in the EU are the leading suppliers of feedstocks for biomethane production, a renewable energy source that can replace fossil gas in hard-to-abate sectors. However, the distributional impacts on farmers have not previously been explored. Understanding these helps ensure the EU’s biomethane targets are met in a just way. In our case study of dairy and cattle farms in the Republic of Ireland, we investigated the distributional impacts of farms supplying grass silage and livestock slurry for biomethane production. Using microdata from the Irish National Farm Survey, we built a microsimulation model to estimate the impacts of different farms providing the biomethane feedstocks required to meet Ireland’s national biomethane target. Our results show that low-income (largely cattle) farms stand to benefit economically from supplying biomethane feedstocks, decreasing inequality among farmers by 3.4%. However, since the farms switching away from livestock were low-intensity farms, this scenario also led to an intensification of overall livestock farming. In contrast, if the highest emitting farms switched to supplying biomethane feedstocks, they experienced a sizable drop in income, and a 2.0% increase in inequality. At the same time, this scenario saw the highest decrease in emissions at the lowest marginal abatement cost. Nevertheless, the marginal abatement cost remained above €400, higher than the estimated 2030 carbon shadow price for Ireland. These results demonstrate that agricultural biomethane feedstock cultivation can contribute to a just energy transition. However, it is a high-cost abatement option, and there is likely a trade-off between reducing inequality and other benefits."
include,2026-09-23,Student mobility into and out of Northern Ireland: What brain drain?,ESRI Research Series,Anne Devlin; Bryony Hoyle,"only ambiguous migration terms; PDF: 122 pages, 164 Ireland mentions",mobility,164,122,"101 respondents, administrative, analysis of, census, cohort, data, dataset, estimated",NI and ROI/island,contemporary,Education,10.26504/rs234,https://www.esri.ie/publications/student-mobility-into-and-out-of-northern-ireland-what-brain-drain,https://www.esri.ie/system/files/publications/RS234_1.pdf,keyword:work permit,"Student mobility in Northern Ireland is a recurring topic in media coverage and policy debate, and among higher education stakeholders such as universities, schools, and further education providers. Despite this attention, the supporting evidence base remains limited. This study aims to address this gap in the knowledge base using a mixed methods study which includes Universities and Colleges Admissions Service (UCAS) applicant data, student surveys, and stakeholder engagement to gain a full understanding of student mobility to and from Northern Ireland. The general perception is that the region experiences a ‘brain drain’ which poses risks for long term economic performance. However, the evidence presented in this research suggests a more nuanced picture. Comparative analysis indicates that, once regional patterns are examined appropriately, Northern Ireland does not differ markedly from other UK regions in terms of participation in higher education or the proportion of students studying outside their home region. Around 78 per cent of Northern Ireland students study locally, with approximately 22 per cent studying elsewhere. When compared with Wales and many English regions, outward mobility from Northern Ireland is not unusually high. Rather, the findings from this research indicate that outward mobility is broadly in line with other regions, while a distinguishing feature is comparatively low inward student flows. Understanding this imbalance requires better data and understanding of students who leave and those who come here to study, their return decisions, and the longer-term career impacts of mobility."
review,2026-09-22,How do EMN Member Countries distribute asylum centres and manage relationships with local communities?,EMN Ireland Migration Memo,Keire Murphy,"PDF: 4 pages, 13 Ireland mentions","asylum, international protection",13,4,"estimates, revenue",Ireland (State),contemporary,"Migration, Integration and Demography",,https://www.esri.ie/publications/how-do-emn-member-countries-distribute-asylum-centres-and-manage-relationships-with,https://www.esri.ie/system/files/publications/EMNMemo9.pdf,research_area:67; keyword:migration; keyword:asylum; keyword:international protection; keyword:integration,"Policies aiming to distribute international protection applicants across a country have become common features of reception systems. These policies aim to address concerns about the concentration of applicants and overconcentration in certain local areas. EMN countries have taken various approaches to decision criteria and how they govern distribution. Distribution policies can either contribute to integration and service provision or hinder it, depending on how they are designed. The implementation of these policies is nuanced and can be contentious. This EMN Ireland Migration Memo outlines both distribution policies and how countries manage relationships with local communities when asylum accommodation centres are opened, though measuring their effectiveness is beyond the scope. Key takeaways Distribution is a common feature of reception systems, with countries using different criteria to distribute centres and applicants. Countries use different strategies to engage local stakeholders, including local communities and service providers before, during and after the opening of centres. Some countries have developed coordination and consultation mechanisms that could be used as models. Many countries have identified good practices, including advanced agreement on distribution and communication mechanisms, communication plans for the opening of new centres, proactive communication with local stakeholders, and financial support to hosting municipalities."
exclude,2026-09-22,The impact of a minimum wage increase on prices,ESRI Research Series,Paul Redmond; Elisa Staffa; Seamus McGuinness,no migration vocabulary,,,,"data, estimator, evidence",Ireland (State),contemporary,Labour Markets and Skills,10.26504/rs237,https://www.esri.ie/publications/the-impact-of-a-minimum-wage-increase-on-prices,https://www.esri.ie/system/files/publications/RS237.pdf,keyword:employment permit; keyword:work permit,"Minimum wage increases have the potential to impact a range of outcomes. Much of the existing evidence focuses on the employment outcomes of minimum wage workers following a minimum wage change. However, another important channel of adjustment that has received comparatively less attention is the impact on prices. When facing wage pressure and higher labour costs following a minimum wage increase, some firms may respond by raising prices and therefore shift part of the cost increase to consumers. From a policy perspective, the possibility of minimum wage related price increases can lead to concerns around general price inflation, affordability and competitiveness. In order to assess the relationship between minimum wage policy and prices, we use data on approximately 600 price categories in Ireland over the period 2012-2025. Our approach is to examine the causal impact of minimum wage increases on the prices of goods or services that are produced using high concentrations of minimum wage employees. Price categories that are associated with occupations or sectors that employ a high number of minimum wage employees include: hairdressing, takeaway food/coffee, restaurant meals, hotels, alcohol sold in licenced premises. Price changes that occur within these categories may relate to general inflation dynamics and/or minimum wage changes. We use a triple differences estimator to attempt to separate these effects, allowing us to isolate the causal effect of a minimum wage increase on prices. We apply this to eight minimum wage increases that occurred in the following years: 2016, 2017, 2018, 2021, 2022, 2023, 2024, 2025."
exclude,2026-09-17,Trajectories of school absence from 9 to 13 years of age and over time,ESRI Research Series,Emer Smyth; Anna Moya; Merike Darmody,no migration vocabulary,,,,"cohort, data, evidence, growing up in ireland",Ireland (State),contemporary,Education,10.26504/rs233,https://www.esri.ie/publications/trajectories-of-school-absence-from-9-to-13-years-of-age-and-over-time,https://www.esri.ie/system/files/publications/RS233.pdf,keyword:work permit,"Ireland, like many other countries, has seen a significant increase in school absence in the wake of the COVID-19 pandemic, with over a fifth of primary and post-primary students missing 20 or more days per school year (in 2023/24) (TESS, 2025). Existing international and Irish research has pointed to the multiplicity of factors at individual, family, community and school levels that shape school absence (see, for example, Gubbels et al., 2019; Sosu et al., 2021). However, few studies have sought to examine the reasons underlying post-pandemic growth in non-attendance or whether particular groups of young people are disproportionately affected. This report draws on Growing Up in Ireland (GUI) data to contribute to the evidence base on school absence in two ways: first, data from Cohort ’08, who made the transition to post-primary education during the period of school closures, are used to look at changes between 9 and 13 years in patterns of absence; second, data from Cohorts ’98 and ’08 are used to compare 13-year-olds a decade apart in their levels and patterns of non-attendance."
exclude,2026-09-15,Underestimation of the costs of owning and running a car,ESRI Research Bulletin,Adam Joachim Shier; Shane Timmons; Pete Lunn,no migration vocabulary; no Ireland reference,,,,"data, estimate, estimates, findings, participants, sample",,contemporary,Behavioural Science,10.1016/j.tra.2026.105256.Introduction,https://www.esri.ie/publications/underestimation-of-the-costs-of-owning-and-running-a-car-1,https://www.esri.ie/system/files/publications/RB202612.pdf,keyword:nationality,"This ESRI Research Bulletin summarises the findings from Shier, A. J., Timmons, S., and Lunn, P. D. (2026). Underestimation of the costs of owning and running a car, Transportation Research Part A: Policy and Practice. Available at: https://doi.org/10.1016/j.tra.2026.105256 . Introduction Cars provide convenience, flexibility and access to work, education and services. However, owning and running a car can be expensive. While some costs, such as fuel and insurance, are highly visible, other costs, including maintenance, parking and tolls, may add up without drivers realising. As a result, motorists may not have an accurate picture of how much they spend on their car each year. This study examined how much motorists spend owning and running a car and whether they accurately estimate those costs. Data and Methods The study surveyed a nationally representative online sample of 801 motorists. Participants were first asked to estimate how much they personally spent running their main car over the previous 12 months. They were then asked to report their expenditure in a series of detailed cost categories, including fuel or charging, insurance, motor tax, maintenance, parking, tolls and other expenses. These itemised expenditure reports were summed to generate a measure of annual ownership and running costs. Comparing initial estimates with the detailed cost reports tests how accurately motorists estimate their annual motoring costs. The analysis focused on annual ownership and running costs and excluded the purchase price of the vehicle and depreciation. Results Motorists substantially underestimated the cost of owning and running a car. The median estimate provided by motorists was €2,000 per year, while the median cost based on their itemised expenditure reports was €2,923. These itemised costs were therefore almost 50 per cent higher than motorists initially believed. Fuel was the largest single reported expense, with a median annual cost of €1,560. More than seven in ten motorists (72 per cent) underestimated their annual motoring costs. Among those who underestimated, the median shortfall was just over €1,100 per year. The study also found that drivers of petrol and diesel vehicles reported annual running costs that were twice as high as drivers of electric vehicles. However, the tendency to underestimate costs was similar across vehicle types as well as across different age and income groups. Conclusion The findings suggest that many motorists are not fully aware of how much they spend on their cars each year. Underestimation of motoring costs is widespread and typically exceeds €1,000 annually. The findings imply that motorists may underestimate the financial savings that could come from reducing car use, reducing the number of cars in the household or switching to other modes of transport where practical. Improving awareness of the full costs of motoring may therefore help people make more informed transport decisions."
exclude,2026-09-10,Stepping stones or carbon lock-in? Homeowner preferences for biofuels and heat pumps in residential heating decarbonisation,ESRI Working Paper,Shane Timmons; Adam Joachim Shier; Muireann Á Lynch,no migration vocabulary,,,,"estimate, evidence, findings, respondents, sample, survey",Ireland (State),contemporary,Behavioural Science; Energy and Environment,,https://www.esri.ie/publications/stepping-stones-or-carbon-lock-in-homeowner-preferences-for-biofuels-and-heat-pumps-in,https://www.esri.ie/system/files/publications/WP843.pdf,keyword:nationality,"Decarbonising residential heating in Europe and North America depends on millions of individual household decisions. While policy has largely focused on replacing fossil-fuel boilers with heat pumps, slow progress has prompted growing interested in alternatives. Lower-carbon “drop-in” fuels such as hydrotreated vegetable oil (HVO) and biomethane are one type of alternative that can be used within existing heating systems relatively straightforwardly. Whether promoting such biofuels accelerates decarbonisation by acting as a stepping stone towards heat-pump adoption or instead delays it by reinforcing incumbent technologies has received much debate, but little direct empirical attention. We generate evidence for this debate using a survey experiment with a nationally representative sample of Irish homeowners with gas or oil boilers (N > 1,000), in which all respondents evaluated both a biofuel option and a heat pump, with the order of exposure randomised. Awareness of biofuels was low, particularly for biomethane. Initial willingness to switch was high and driven primarily by the ease of switching, but fell sharply once respondents learned about higher fuel costs and sustainability concerns. Heat-pump evaluations also declined as information was revealed, especially following disclosure of building-fabric retrofit requirements. Despite these declines, final willingness-to-switch remained substantially higher for biofuels than for heat pumps. Critically, exposure to biofuels did not reduce subsequent willingness to adopt a heat pump, with a point-estimate that was in-fact positive, providing no evidence for household-level carbon lock-in. The findings suggest that promoting lower-carbon fuel alternatives need not undermine support for electrification, though the attractiveness of both pathways remains strongly conditioned by their perceived financial and practical costs."
exclude,2026-09-10,Report on the effectiveness of child benefits in the EU,Report,Karina Doorley; Bertrand Maître; Claire Keane; Dora Tuda,no migration vocabulary,,,,"analysis of, case studies, estimate, findings",Ireland (State),contemporary,"Taxation, Welfare and Pensions; Social Inclusion and Equality",10.2767/1749160,https://www.esri.ie/publications/report-on-the-effectiveness-of-child-benefits-in-the-eu,,keyword:nationality,"This study provides a comparative overview of child benefit policies across the 27 Member States of the European Union (EU), focusing on their design, effectiveness and efficiency in reducing child poverty and promoting social inclusion. Drawing on desk research conducted by national experts, the report maps the diverse landscape of in-cash and in-kind child benefits, highlighting variations in adequacy, targeting and policy characteristics. Microsimulation analysis is used to estimate the impact of current policies and potential policy reforms on child poverty, inequality and material deprivation, as well as on female/maternal employment. A literature review, meta-analysis and two in depth case studies (Ireland (IE) and Sweden (SE)), also examine broader social and economic returns to investing in child benefits. Findings from this study show that in-cash child benefits play a critical role in reducing child poverty and material deprivation, lowering the child at-risk-of poverty (AROP) rate by an average of 10.6 percentage points (pp) across the EU-27. The largest reduction is observed in Austria (AT) (16.6 pp), and the smallest in Spain (ES) (4.6 pp). The study also finds that child benefits are associated with long-term gains for children, families and economies. A meta analysis of international studies on in-kind child benefit interventions reveals that, on average, each euro invested yields over five euros in return (pooled benefit-cost ratio (BCR) = 5.26), with education-focused interventions delivering the highest returns (pooled BCR = 6.86). The study confirms that, if well designed, child benefits are efficient and impactful tools for reducing child poverty and fostering social inclusion across the EU."
exclude,2026-09-08,"Poverty, income inequality and living standards in Ireland: Sixth annual report",Jointly-published Reports,Barra Roantree; Bertrand Maître; Helen Russell; Cian Mowlds; Eva Slevin,no migration vocabulary,,,,"000 people, data, findings, silc, survey, we find",Ireland (State),contemporary,Social Inclusion and Equality,10.26504/jr17,https://www.esri.ie/publications/poverty-income-inequality-and-living-standards-in-ireland-sixth-annual-report,https://www.esri.ie/system/files/publications/JR17_3.pdf,keyword:international protection; keyword:Ukraine; keyword:work permit,"Executive summary Key findings This report is the sixth from an Economic and Social Research Institute (ESRI) research programme in partnership with Community Foundation Ireland and Trinity College Dublin which seeks to address gaps in our knowledge and understanding of poverty, income inequality and living standards in Ireland. The key findings of this year’s report are as follows: Income growth and inequality The latest Survey on Income and Living Conditions (SILC) data indicate that 2024 saw the resumption of real growth in household incomes after several years of stagnation . Average disposable (after tax and transfer) household income – adjusted for household size and composition – rose by 4 per cent between 2023 and 2024, surpassing its 2021 level for the first time since the sharp rise in prices following the 2022 invasion of Ukraine. However, this growth has been uneven, with incomes rising faster at the top of the distribution than the middle or bottom. Incomes grew by more than 7 per cent for the top tenth of households compared to 3 per cent for the bottom half. This contrasts with the experience between 1987–2007 and 2014–2020, when income growth was highly progressive: stronger at the bottom than the top of the distribution. This recent pattern of growth has translated into a rise in income inequality . The Gini coefficient – which summarises the level of income inequality as a number between 0 (where everyone has the same income) and 1 (where one person has all income) – rose from 0.257 to 0.265 between 2023 and 2024. While this should be seen in the context of a sustained decline in income inequality over the longer run, the economic growth experienced since the COVID-19 pandemic has failed to deliver the same benefits for the bottom of the distribution as seen during the Celtic Tiger period and the 2014–2019 recovery. Poverty and material deprivation Income poverty rates rose from 12.2 to 12.9 per cent before housing costs, and from 14.6 to 15.6 per cent after housing costs between 2023 and 2024. This amounts to increases of 52,000 and 69,000 people respectively, concentrated among those in households with children. Poverty rates have risen sharply and consistently since 2018 for those whose youngest child is aged 0–5, from 10.7 to 20.3 per cent on a before housing costs basis and from 17 to 27 per cent on an after housing costs basis. The Government is very far from meeting its target for reducing child poverty to 3 per cent by 2030. This is defined in terms of the share of children both experiencing material deprivation and who are below the poverty line before housing costs are accounted for, which currently stands at 8 per cent. This measure fails to capture a large number of children who experience material deprivation but have incomes just above the poverty line, meaning it fails to capture many of those facing high housing costs. The Government should consider instead using an after housing costs income measure for its child poverty target. However it is defined, new policy measures will be needed for the Government to meet its official child poverty target. A means-tested second tier of Child Benefit would reduce child poverty more effectively, per euro spent, than increasing existing supports. This is because many low-income families with children are not eligible for – or do not take up – existing means-tested supports and so do not benefit from increases to these supports. Child-specific deprivation The measure of material deprivation developed for monitoring poverty in Ireland captures the lack of items by the household or the adults within it. However, the distribution of resources can differ within households and children may experience deprivation in a different way to their parents. Measures of child-specific deprivation aim to address this by focusing on child-related items such as access to sports equipment, children’s books, etc. Drawing on special SILC module data from 2009, 2014, 2021 and 2024, we find that there is a clear recession and recovery pattern in child-specific deprivation reflecting the economic downturn and subsequent recovery on family living standards. There is a clear pattern of families shielding their children from poverty evidenced by low rates of child-specific deprivation even amongst those experiencing household deprivation or living below the poverty line. However, not all families have the resources to provide this protection to their children. Children living in lone-parent families, in supported rental accommodation, households with weak labour attachment or headed by an individual born outside the EU, have the highest rates of child-specific deprivation. In measurement terms, very few children who experience child-specific deprivation are found in non-deprived households, suggesting that the current deprivation measure encompasses most of this group. However, adult- and household-centred measures may not pick up the particular experiences of children. The deprivation items collected in SILC and used in this analysis are reported by adults. Collecting information directly from children may provide a more accurate account of their lived experiences."
exclude,2026-09-04,Testing diffusion of innovation theory for decarbonisation using heat pumps and electric vehicles,ESRI Working Paper,Shane Timmons; Diarmaid Ó Ceallaigh; Philip Carthy,no migration vocabulary; no Ireland reference,,,,"evidence, n = 1, regression, survey, we analyse",,contemporary,Behavioural Science; Energy and Environment,,https://www.esri.ie/publications/testing-diffusion-of-innovation-theory-for-decarbonisation-using-heat-pumps-and,https://www.esri.ie/system/files/publications/WP844.pdf,keyword:nationality,"Decarbonisation requires adoption of low‑carbon technologies for residential heating and transport, and Diffusion of Innovations theory has strongly influenced modelling approaches and policy. We test central propositions of the theory Diffusion for two priority technologies: residential heat pumps and electric vehicles (EVs). Using a nationally representative survey ( N = 1,000), we analyse adoption intentions for each technology and examine the associations between adopter category and three classes of theory‑specified predictors: technology perceptions, communication exposure and individual characteristics. We employ pre-registered generalised ordered logistic regression, complemented by exploratory structural equation modelling. Across both technologies, observed distributions of intentions differ from the S‑curve predicted by the theory, with higher proportions of those most resistant to adoption. Positive technology perceptions are generally associated with greater adoption intentions, while communication exposure and individual characteristics are more weakly associated once perceptual factors are taken into account. Structural equation models indicate that communication exposure and individual characteristics primarily influence adoption indirectly, through their effects on perceptions. Comparing heat pumps and EVs reveals broadly similar patterns. By empirically testing Diffusion of Innovations constructs across two technologies within the same population, the study strengthens the evidence base underpinning diffusion modelling and policy analysis, and highlights the importance of addressing perceptual barriers to accelerate residential decarbonisation."
exclude,2026-09-04,Measuring economic vulnerability in the Irish residential property market,QEC Special Article,Paul Egan; Dónal O'Shea,no migration vocabulary,,,,"analysis of, findings",Ireland (State),contemporary,Housing; Macroeconomics,10.26504/QEC2026AUT_SA_Egan,https://www.esri.ie/publications/measuring-economic-vulnerability-in-the-irish-residential-property-market,https://www.esri.ie/system/files/publications/QEC2026AUT_SA_Egan_0.pdf,keyword:work permit,"Strong and sustained house price growth warrants close monitoring of potential vulnerabilities in the Irish residential property market, particularly in relation to valuation, household indebtedness, and the credit cycle. This article applies a holistic approach to assess overvaluation by combining econometric and non-parametric techniques. Four techniques point to overvaluation in 2025, with a composite measure suggesting overvaluation of around 17 per cent. This compares with a peak of over 40 per cent in 2006. A distributional analysis of the Price-to-Income (PTI) ratio suggests that the current episode of house price overvaluation may disproportionately impact middle-income households. Further analysis shows that indicators relating to indebtedness and credit conditions remain well below the peak level in 2008. These findings suggest that valuation pressures warrant continuous monitoring, but that current conditions are more consistent with structural imbalances in housing supply than with credit-driven price growth."
exclude,2026-09-03,"The RTB Rent Index, Q1 2026",Indices Report,Rachel Slaymaker; Katie Devane; Chi Tran,not a research publication (Indices Report),,,,,,,Housing,,https://www.esri.ie/publications/the-rtb-rent-index-q1-2026,https://www.esri.ie/system/files/publications/RI2026Q1.pdf,keyword:nationality,"Key findings: The national standardised average rent in new tenancies stood at €1,839 in Q1 2026. The year-on-year growth in standardised average rent for new tenancies increased to 9.1 per cent in Q1 2026, up from 5.4% in Q4 2025. The national standardised average rent for existing tenancies rose by 4.2% annually to €1,513 per month in Q1 2026. The number of new tenancies registered and used in the New Tenancies Rent Index sample in Q1 2026 was 13,019. The number of existing tenancies used in the Existing Tenancies Rent Index sample in Q1 2026 was 46,510."
exclude,2026-09-02,"Public transport availability, delayed learning to drive and later-life car use",ESRI Research Bulletin,Shane Timmons; Adam Joachim Shier; Pete Lunn,"no Ireland reference; PDF: 3 pages, 0 Ireland mentions",mobility,0,3,"086 respondents, data, findings, participants, survey",,contemporary,Behavioural Science,10.1016/j.trd.2026.105551,https://www.esri.ie/publications/public-transport-availability-delayed-learning-to-drive-and-later-life-car-use,https://www.esri.ie/system/files/publications/RB202611.pdf,keyword:nationality,"This ESRI Research Bulletin summarises the findings from Timmons, S., Shier, A. J. and Lunn, P. D. (2026). Public transport availability, learning to drive and later life car dependence. Transportation Research Part D: Transport and Environment. Available at: https://doi.org/10.1016/j.trd.2026.105551 Introduction Reducing car dependency is a challenge for transport policy. Providing more frequent, reliable and well-connected public transport reduces car use in the short term. However, there may also be longer-term effects of improved public transport. This study examined whether access to public transport is linked to when people learn to drive and whether people who learn later rely less on private cars throughout adulthood. Data and methods The study combined data from a nationally representative survey of 2,086 respondents aged 16 years and older with Public Transport Accessibility Level (PTAL) scores developed by the National Transport Authority. PTAL measures the accessibility of public transport based on distance to bus stops and rail stations and service frequency and reliability. In the survey, participants reported the age at which they learned to drive and provided a recent driving diary. Results People living in areas with access to better public transport learned to drive at older ages. By age 20, almost 60% of people living in areas with effectively no public transport access had learned to drive, compared with around 40% of those living in areas with good public transport. The study also found that delayed learning to drive was associated with lower levels of driving later in life. Each additional year of delay in learning to drive predicted a lower likelihood of driving on a typical weekday and a reduction in distance driven on days when people drove. The analysis suggests that a five-year delay in learning to drive is associated with driving 1,500 fewer kilometres annually. The results persist even after accounting for other differences between individuals, such as employment and education. The findings are also consistent across age groups, suggesting that they are not explained by people choosing to live in areas with better public transport later in life. Conclusion The findings of this research suggest that public transport access during formative years may influence long-term travel habits and reduce dependence on private cars. This implies that public transport investment may have benefits that extend beyond the immediate effects on travel behaviour. Policies that improve public transport accessibility for young people may contribute to reduced traffic congestion and more sustainable mobility patterns over time."
exclude,2026-08-14,A hybrid econometric structural model with trade and internationalisation adjustments (HESTIA),ESRI Working Paper,Paul Egan; Conor O'Toole; Dónal O'Shea,no migration vocabulary,,,,,Ireland (State),contemporary,Macroeconomics,,https://www.esri.ie/publications/a-hybrid-econometric-structural-model-with-trade-and-internationalisation-adjustments,https://www.esri.ie/system/files/publications/WP841_0.pdf,keyword:nationality,"Ireland’s economy is highly globalised and dominated by a small number of large multinational firms. This creates notable challenges in measuring and modelling economic activity, given the distortions caused to series such as Gross Domestic Product (GDP), trade and gross capital formation. This pa-per attempts to outline a hybrid small-scale structural econometric model with trade and internationalisation adjustments (HESTIA) which can be used to derive a baseline for short term quarterly forecasts and scenario analy-sis in the presence of these multinational distortions. The model uses ad-justed and modified series by isolating specific investment assets and ex-port products that are impacted by multinationals and allowing these to be treated separately. In particular, we present an adjusted output series that better measures the underlying growth rate. To achieve this, the traded sector of the economy is separated into blocks that capture the hetero-geneous dynamics of different export sectors while specific distorted as-set types are removed from investment series and the remainder modelled with behavioural drivers. The model is built to be updated with a quarterly frequency, relying on the information available following national account release dates."
review,2026-08-12,"Public transport availability, delayed learning to drive and later life car dependence",Journal Article,Shane Timmons; Adam Joachim Shier; Pete Lunn,only ambiguous migration terms; no PDF on ESRI page (journal article or external),mobility,,,"data, findings, regression, survey",Ireland (State),contemporary,Behavioural Science; Climate,10.1016/j.trd.2026.105551,https://www.esri.ie/publications/public-transport-availability-delayed-learning-to-drive-and-later-life-car-dependence,,keyword:nationality,"High levels of car dependency are a major challenge for decarbonisation policy. This paper explores how early-life mobility environments shape long-run driving behaviour through two underexplored questions: whether public transport access predicts delayed learning to drive and whether the age individuals learn to drive predicts later driving intensity. We merge nationally representative survey data from Ireland ( N > 2000) with Public Transport Accessibility Level (PTAL) scores to model (1) age at learning to drive, using survival analysis, and (2) recent driving behaviour, using a hurdle regression model. Higher public transport accessibility is associated with significantly later learning, with individuals in high‑PTAL areas 30% less likely to have learned by age 20 than those with no access. Each year of delayed learning predicts a lower likelihood of weekday driving and a 2% reduction in Vehicle Kilometres Travelled (VKT) on driving days. The findings have implications for understanding the long-term benefits of public transport provision."
exclude,2026-07-31,Are start-Up acquisitions by dominant firms driving innovation or killing competition?,Journal Article,Adele Whelan,no migration vocabulary; no Ireland reference,,,,findings,,contemporary,"Labour Markets and Skills; Competitiveness, Trade and FDI",10.1002/mde.70133,https://www.esri.ie/publications/are-start-up-acquisitions-by-dominant-firms-driving-innovation-or-killing-competition,,keyword:integration,"This paper develops a sequential model to examine start-up acquisitions in markets with network externalities, incorporating a pre-entry strategic buyout option that allows the incumbent to integrate the start-up's innovation, followed by post-entry expenditure on coordination advertising, and defensive pricing strategies. We introduce asymmetric advertising efficiency combined with a stochastic success function to show that incumbents can utilise buyouts as a strategic entry-deterrence mechanism. When a buyout occurs, dominant incumbents optimally integrate the acquired innovation to sell a superior product rather than executing a ‘killer acquisition’. Furthermore, our model demonstrates that strategic buyouts are most likely when start-ups face moderate entry costs but offer highly valuable innovations. If entry is accommodated, the incumbent's superior advertising efficiency grants it a strictly higher probability of securing the coordinated demand without requiring a larger advertising budget. Our findings suggest that an incumbent's ability to maintain market dominance is sensitive to the size of the fixed cost of entry and the strength of the network externality. While buyouts eliminate fixed entry costs and expenditure on coordination advertising, they prevent post-entry price competition, and the distinct utility consumers derive from product variety. Notably, we prove that the more dominant an incumbent is before an acquisition, the greater the technological upgrade it must provide for the buyout to be strictly welfare enhancing. Consequently, our findings provide strong theoretical support for expanded, case-by-case antitrust scrutiny of start-up acquisitions in markets with network externalities."
exclude,2026-07-28,A Mokken Scale Analysis of the Bayley-4 Cognitive Scale in Greece,Journal Article,Demos Michael,no migration vocabulary; no Ireland reference,,,,"analysis of, sample",,contemporary,Education,10.1027/1015-5759/a000957,https://www.esri.ie/publications/a-mokken-scale-analysis-of-the-bayley-4-cognitive-scale-in-greece,,keyword:naturalisation,"The fourth edition of the Bayley Scales of Infant and Toddler Development (Bayley-4) is a standardized tool for evaluating early developmental progress. This study examined the psychometric properties of the Cognitive scale (30 items) in the Greek context using a stratified sample of 500 typically developing children aged 16 days to 42 months. Given the scale’s developmental nature, ordinal polytomous scoring, and hierarchical structure of the items, the Mokken Scale Analysis was employed. Results confirmed a strong unidimensional structure after excluding one nonscalable item ( H = .92; Hi = .78–.99). The monotonicity assumption was met, while local dependency was identified between two items. Invariant item ordering was generally supported, with a violation in one item and minor deviations in the ordering of certain adjacent items. The 28-item revised scale demonstrated excellent internal consistency (α = .97). No significant gender differences were observed. Further evaluation is warranted to enhance the diagnostic accuracy of the adapted scale, including item refinement, reordering, and assessing the usefulness of the polytomous scoring introduced in Bayley-4, as the mid-response category had low frequency across most items. Practical implications include using accumulated scores to monitor developmental progress, identify areas of cognitive delay, and guide intervention planning."
exclude,2026-07-23,Policy pathways for low-carbon transport in Ireland: Carbon taxes and ICE bans,Journal Article,Daniel Cassidy; Kelly C de Bruin,no migration vocabulary,,,,results show,Ireland (State),contemporary,,10.1016/j.trd.2026.105523,https://www.esri.ie/publications/policy-pathways-for-low-carbon-transport-in-ireland-carbon-taxes-and-ice-bans,,keyword:integration,"This paper develops I3E-Transport, a new Irish passenger transport model that integrates behavioural, technological, and macroeconomic drivers to assess the effectiveness of carbon taxation and internal combustion engine (ICE) phase-out policies on emissions from private cars and public transport. The model is soft linked to the Ireland Environment-Energy-Economy (I3E) CGE framework, allowing for a comprehensive evaluation of how these policy measures influence transport demand, vehicle stock composition, energy consumption and emissions within the passenger transport sector. Simulations for 2024–2050 indicate that, under a business-as-usual scenario, emissions rise by 2050 despite modest gains in energy efficiency and alternative vehicle uptake. A carbon tax yields only limited abatement, whereas a comprehensive ICE ban from 2035—banning hybrids—reduces CO 2 emissions by over five million tonnes relative to the baseline by 2050. However, the results show that the sector remains off track relative to implied carbon budget ceilings under a 2035 implementation, with only an earlier and comprehensive ban delivering substantial progress towards compliance, pointing to the need for timely and coordinated policy action to align Ireland’s transport sector with its long-term climate commitments."
include,2026-07-21,The macroeconomic impact of tariffs on Northern Ireland,ESRI Working Paper,Adele Bergin; Luke Doyle,"only ambiguous migration terms; PDF: 26 pages, 133 Ireland mentions",integration,133,26,"administrative, data, estimate, estimated, estimates, evidence, quantitative, results show",NI and ROI/island,contemporary,Macroeconomics,,https://www.esri.ie/publications/the-macroeconomic-impact-of-tariffs-on-northern-ireland,https://www.esri.ie/system/files/publications/WP840.pdf,keyword:integration,"In this paper, we use a model simulation-based approach to assess the macroeconomic impact of US tariffs on the Northern Ireland (NI) economy. More specifically, we use AMNIE, a newly developed structural macroeconomic model for NI, designed for medium-term economic projections and policy analysis to examine quantitatively the effects of tariffs of different sizes set by the United States on EU and UK exports. We find that Northern Ireland experiences persistent output losses across all tariff scenarios, with trade acting as the primary transmission channel. Further, targeted tariffs on major trading partners generate substantially larger effects than uniform global tariffs, reflecting Northern Ireland’s strong integration with UK and EU markets. Finally, while Northern Ireland is significantly affected, cross-country comparisons show that its exposure lies between that of the United Kingdom, which experiences larger declines, and the European Union, where impacts are somewhat more moderate. While these effects may be partially mitigated by trade deflection under Northern Ireland’s dual-market access, the magnitude is uncertain and likely to depend on the scale of tariff differentials, with evidence suggesting that sizeable rerouting effects typically arise only in response to larger tariff shocks."
exclude,2026-07-13,Women in Finance Charter: Fourth Annual Report,ESRI Survey and Statistical Report Series,Eva Slevin; Helen Russell,no migration vocabulary,,,,"000 people, interviews, survey",Ireland (State),contemporary,Social Inclusion and Equality,10.26504/sustat142,https://www.esri.ie/publications/women-in-finance-charter-fourth-annual-report,https://www.esri.ie/system/files/publications/SUSTAT142_0.pdf,keyword:nationality; keyword:employment permit; keyword:work permit,"The Women in Finance Charter was launched in 2022 as a partnership between the trade associations Financial Services Ireland/Ibec, Insurance Ireland, BPFI and Irish Funds, and the Irish government. This year marks the fourth annual report. There are now 104 signatories to Ireland’s Women in Finance Charter, representing a wide range of firms in the financial sector. The Charter signatories have set targets to increase female representation at different employee levels within their firms. This report assesses the progress of firms towards these goals, as well as the actions and policies they have implemented in pursuit of these goals. When firms join the Charter, they complete a baseline survey indicating the gender composition of their workforce, and set at least one target to improve the level of female representation. Targets can be set for any category of employees.1 Changes in female representation are tracked through an annual survey carried out in the first quarter of each year. Firms also identify barriers to improving female representation, as well as key actions they have taken to address gender imbalance. In 2026, 99 firms completed their annual survey, a response rate of 95 per cent. As of January 2026 these 99 firms employ over 71,000 people, with women making up 51 per cent of this overall workforce. This reflects the gender composition of employees in the financial sector nationally. Additionally, five firms of differing size and subsector took part in structured interviews to provide detail on experiences at the organisational level."
exclude,2026-07-10,Developing data-driven damage and adaptation functions for Integrated Assessment Models: An application in AD-MERGE 2.0,ESRI Working Paper,Kelly C de Bruin; Kirsten Everett; Daniel Cassidy,no migration vocabulary; no Ireland reference,,,,"data, estimate, estimated",,contemporary,Climate,,https://www.esri.ie/publications/developing-data-driven-damage-and-adaptation-functions-for-integrated-assessment,https://www.esri.ie/system/files/publications/WP838.pdf,keyword:integration,"Integrated Assessment Models (IAMs) have been the primary tool for studying the global trade-offs of climate change mitigation over the past decades. These models rely on estimated functions of climate change induced economic damages. These are, however, based on severely limited or decades-old data, or both. This paper aims to estimate the most robust possible regional impact cost functions given the available data and implement them into the AD-MERGE 2.0 IAM. We estimate the impacts of climate change on coastal flooding, river flooding, mortality and morbidity, energy consumption, labour productivity and tourism using recent observational data or results of recent modelling exercises. In addition, we estimate proactive and reactive adaptation benefits, as well as associated adaptation costs. The resulting global damage function aligns closely with the estimated damage functions reported in Howard and Sterner (2017) and extends the observed pattern, whereby more recent damage functions imply greater damage for given temperature increases. Regional disparities in the damage function are substantial, with Africa and the Other Asian States incurring greater damage for each incremental increase in temperature than other regions."
exclude,2026-07-09,Mental models of climate policy among the public,ESRI Working Paper,Lucie Martin; Adam Joachim Shier; Blessing Kaseem; Shane Timmons; Pete Lunn,no migration vocabulary; no Ireland reference,,,,"evidence, findings, n=1, participants, sample, we find",,contemporary,Behavioural Science; Climate,,https://www.esri.ie/publications/mental-models-of-climate-policy-among-the-public,https://www.esri.ie/system/files/publications/WP837.pdf,keyword:nationality,"A central challenge for climate policy is to select effective climate mitigation measures that maintain prosperity and wellbeing. To picture and reason about such complex problems, cognitive psychology shows that people use ‘mental models’. Thus, if citizens possess mental models of the climate policy problem, this will affect how they view climate policies. This study reveals that people do, indeed, have mental models that connect the main elements of the problem. Using a nationally representative public sample (n=1,200), we measure patterns of causal relationships that people perceive between four main elements: climate change, climate policy, economic growth, and health and wellbeing. We find that people not only perceive coherent relationships between these elements, they report confidence in their answers and will give high accuracy ratings when shown diagrams of their model constructed from their responses. However, mental models vary substantially across participants, with disagreement on most relationships. Association tests and cluster analysis do not identify recognisable patterns. Hence, while the results reveal an average mental model of the climate policy problem, there is neither a dominant model nor a clear set of contrasting models. These findings challenge common assumptions about how citizens will evaluate proposed policies, while suggesting opportunities to influence mental models through evidence. They also inform public debates on degrowth and green growth."
exclude,2026-07-06,Equivalisation (once again),Journal Article,Karina Doorley; Luke Duggan; Theano Kakoulidou; Barra Roantree,no migration vocabulary,,,,"data, estimated, estimates, estimator, statistics, survey, we find",Ireland (State),contemporary,"Taxation, Welfare and Pensions",10.1111/1475-5890.70025,https://www.esri.ie/publications/equivalisation-once-again,,keyword:nationality,"Income inequality and poverty statistics are often adjusted for differences in the size and composition of households, with common practice being to use a set of ‘equivalence scales’: a function of the number of adults and children in the household. However, different – largely ad hoc – scales have been adopted by international organisations and national statistical organisations with little explicit justification. We derive equivalence scales from the expenditure patterns of households using data from the 1987–2015 Irish Household Budget Survey. We find that the Engel, Rothbarth and demand system approaches all yield scales for children that are substantially smaller than those used by ad hoc official scales, with estimates from AIDS and QUAIDS demand systems appearing to decline over time. Such a decline is particularly noticeable when a 3SLS estimator is used to correct for the potential endogeneity of total expenditure, which also leads to substantially smaller estimated scales for both adults and children. This suggests an increase in economies of scale over the period we examine, with important implications for the measurement of poverty and inequality."
exclude,2026-07-03,Effects of building fabric requirements on willingness to adopt a heat pump,ESRI Working Paper,Shane Timmons; Adam Joachim Shier; Diarmaid Ó Ceallaigh,no migration vocabulary,,,,"n = 574, participants, sample, survey",Ireland (State),contemporary,Behavioural Science,,https://www.esri.ie/publications/effects-of-building-fabric-requirements-on-willingness-to-adopt-a-heat-pump,https://www.esri.ie/system/files/publications/WP835.pdf,keyword:nationality,"Decarbonising residential heating requires widespread adoption of heat pumps, yet uptake remains below policy targets. Low uptake may be partly explained by building fabric upgrades that current policy assumes heat pumps require to work efficiently, but the effect of these upgrades on heat pump adoption remains underexplored. This study examines how such requirements influence homeowners’ willingness to adopt heat pumps using a pre-registered survey experiment with a nationally representative sample of homeowners in Ireland (n = 574). Participants reported their intentions to adopt a heat pump as they received sequential information on its benefits, installation costs, and personalised upgrade requirements for their own home. Information on benefits significantly increased willingness to adopt, but this effect was fully reversed once participants learned about required building fabric upgrades. Wall insulation in particular had a large deterrent effect, with a marginal reduction in adoption intention of approximately 40% compared to only ventilation upgrades (19.7% vs. 11.6%). An embedded survey experiment testing an enhanced heat pump installation grant substantially increased willingness at the point of cost information, but this effect was largely eroded after upgrade requirements were introduced. Additional interventions, including cost comparisons and information on low-cost financing, had no meaningful impact. The results demonstrate that adoption decisions depend on the full set of costs and requirements associated with heat pump installation. Forecasts that fail to recognise the deterrent effects of these requirements are likely to overestimate heat pump uptake. Policies that subsidise heat pumps alone are unlikely to achieve target uptake where significant preparatory works are required."
exclude,2026-07-03,Free is not enough - the long-run impact of free education on cognitive function in older age: Evidence from Ireland,Journal Article,Anne Nolan,no migration vocabulary,,,,"administrative, cohort, data, evidence, findings, longitudinal, regression, we find",Ireland (State),historical,Health and Quality of Life,10.1016/j.jeoa.2026.100657,https://www.esri.ie/publications/free-is-not-enough-the-long-run-impact-of-free-education-on-cognitive-function-in,,keyword:nationality,"Dementia is a major and growing global health challenge, particularly in low- and middle-income countries where most of the world’s older population will reside in the coming decades. As no curative treatments exist, increasing attention has turned to prevention, with education repeatedly identified as one of the strongest protective correlates of late-life cognitive decline. Whether this relationship is causal, however, remains an open question, as existing evidence has produced mixed findings. This paper investigates the long-term cognitive effects of expanded access to secondary education by exploiting the 1967 Irish Free Education reform, an unexpectedly introduced national policy that abolished secondary school tuition fees and expanded transport and book subsidies. Using data from the Irish Longitudinal Study on Ageing (TILDA), we implement a regression discontinuity design, based on quasi-random exposure to the reform by birth cohort. Our study finds that the reform substantially increased the duration of schooling, with the largest gains—nearly one additional year—among individuals from low socioeconomic backgrounds. However, we find no evidence that these increases translated into improvements in global cognition, executive function, processing speed, or attention in older age, nor into better labour market or health behaviour outcomes that could serve as mediating pathways. Drawing on historical administrative data, we show that the reform triggered a rapid influx of students without commensurate investment in school infrastructure or teacher capacity, generating conditions consistent with a decline in educational quality. These findings highlight that expanding access to education, while essential, may not be sufficient to produce long-term cognitive benefits unless accompanied by adequate investments in instructional quality—an insight highly relevant to countries currently expanding free secondary education."
review,2026-07-02,"Perceptions of safety and fairness in road spaces shared by pedestrians, cyclists and drivers",ESRI Research Bulletin,Celine Fox; Shane Timmons; Pete Lunn,"only ambiguous migration terms; PDF: 3 pages, 3 Ireland mentions",mobility,3,3,"data, findings, participants, survey",Ireland (State),contemporary,Behavioural Science,,https://www.esri.ie/publications/perceptions-of-safety-and-fairness-in-road-spaces-shared-by-pedestrians-cyclists-and,https://www.esri.ie/system/files/publications/RB202610_0.pdf,keyword:nationality,"This ESRI Research Bulletin summarises the findings from Fox, C. A., Timmons, S. and Lunn, P. D. (2026). Perceptions of safety, fairness and risk in road spaces shared by pedestrians, cyclists and drivers. npj Sustainable Mobility and Transport. Available at: https://rdcu.be/frs8E Introduction Shared road spaces often bring pedestrians, cyclists and drivers into close contact, but concerns about safety and the fair allocation of road space can discourage active travel. This study tested whether simple design changes can change how people perceive a range of shared spaces in Ireland, including crossings, cycle lanes, bus stops and roundabouts. It also examined whether effects differ across road users, and whether people who are more worried about travelling in shared road spaces respond differently to these changes. Data and methods A nationally representative online survey experiment of 1,600 adults in Ireland was conducted. Participants viewed images of six shared road spaces in Dublin and were randomly assigned to different design versions. These included the existing layout or AI-generated versions with interventions such as bollards, improved signage, clearer lane markings, removal of parked cars, and redesigned roundabouts with dedicated walking and cycling infrastructure. Participants rated each space for perceived danger, fairness, the likelihood that a driver or cyclist would yield, and expected injury severity in the case of a collision. Analyses compared ratings across designs from the perspectives of pedestrians, cyclists and drivers separately, while controlling for demographic factors. Results Perceptions of safety and fairness were often aligned across different types of road users. Interventions such as bollards at left turns across cycle lanes and removing parking adjacent to crossings were consistently rated as safer and fairer by pedestrians, cyclists and drivers. These findings suggest that pedestrian- and cyclist-focused designs can improve perceptions of safety and fairness without diminishing driver acceptance. The clearest difference between groups concerned roundabouts: introducing protected walking and cycling infrastructure improved perceptions of safety and fairness among pedestrians and cyclists but reduced perceived safety and fairness among drivers. Despite these differences between groups, the protected roundabout produced the largest perceived improvements in driver yielding behaviour and correct priority knowledge across all road users. It is likely that the increase in perceived danger from protected roundabouts among drivers encourages more cautious driving and greater yielding, enhancing safety for all road users. Across all design scenarios, people who reported higher worry about travelling in daily life consistently rated shared spaces as more dangerous. Some interventions, including those that clearly separate different road users, were particularly effective at reducing perceived danger among people with higher levels of worry. Conclusions Simple design changes can make shared road spaces feel safer and fairer, especially when they unambiguously show who has priority and physically separate different road users. The findings of this study suggest that testing designs in advance and considering the views of different road users can help when planning these spaces. While changes in how safe people feel do not always lead to changes in behaviour, they represent an important step and may encourage more active travel, supporting healthier and more sustainable communities."
exclude,2026-07-02,The hidden cost of digital education: School device mandates,ESRI Working Paper,Selina McCoy,no migration vocabulary,,,,findings,Ireland (State),contemporary,Education,,https://www.esri.ie/publications/the-hidden-cost-of-digital-education-school-device-mandates,https://www.esri.ie/system/files/publications/WP836.pdf,keyword:nationality,"Digital resource access reflects and reinforces existing social inequalities, perpetuating a modern digital divide in education. This paper presents the first systematic review of Irish post-primary school policies, websites, and procurement platforms to analyse the institutionalisation of one-to-one digital device mandates. Amid state-driven digital strategies and curricular and assessment reforms that increasingly emphasise classroom-based investigations, coursework, and research tasks requiring access to online resources, our analysis reveals systemic inconsistencies in how schools manage and communicate device procurement. It also highlights the growing influence of the private sector in shaping device provision practices, embedding commercial interests within educational decision-making. These dynamics risk exacerbating existing socio-economic inequalities, as access to essential learning tools becomes increasingly contingent on household purchasing power and uneven institutional capacity. The findings show that localised mandates often require significant family investment in educational hardware. To prevent the further widening of class- and school-based educational divides, this paper argues for a centrally coordinated national policy that addresses structural affordability and promotes equity across the Irish post-primary system."
exclude,2026-07-01,"Perceptions of safety, fairness and risk inroad spaces shared by pedestrians,cyclists and drivers",Journal Article,Celine Fox; Shane Timmons; Pete Lunn,no migration vocabulary; no Ireland reference,,,,"findings, n = 1600, participants",,historical,Behavioural Science,10.1038/s44333-026-00113-4,https://www.esri.ie/publications/perceptions-of-safety-fairness-and-risk-inroad-spaces-shared-by-pedestrianscyclists,,keyword:naturalisation; keyword:integration,"Designing shared road spaces that accommodate multiple modes of transport is central to promotingactive travel, but engagement can be hindered by perceptions of danger and unfairness, especiallyamong groups more worried about navigating shared spaces. This study used an online randomisedsurvey experiment (N = 1600) to test how design interventions, such as clearly demarcating space,removing visual obstacles and adding signage, influence perceptions across different shared spaces:pedestrian crossings, bus stop islands, car parking adjacent to cycle lanes, left turns across cyclelanes, and roundabouts. Participants were shown existing and AI-generated images of spaces with orwithout interventions. They rated the spaces for perceived safety, fairness, yielding frequency andinjury risk. Interventions that removed visual obstacles and clearly demarcated space improvedperceptions across pedestrians, cyclists, and drivers. Other interventions, such as legislative finewarnings or integrated (protected) roundabouts, had mixed or context-dependent effects. Moderationanalyses indicated that interventions were as or more effective among individuals more worried abouttravel in daily life. These findings demonstrate that context-sensitive shared space design canharmonise perceptions across diverse road users, with implications for transport policy and urbandesign."
exclude,2026-06-25,"Quarterly Economic Commentary, Summer 2026",ESRI Forecasting Series,Alan Barrett; Conor O'Toole; Dónal O'Shea,no migration vocabulary,,,,"data, estimates, evidence, revenue",Ireland (State),contemporary,Macroeconomics,10.26504/QEC2026SUM,https://www.esri.ie/publications/quarterly-economic-commentary-summer-2026,https://www.esri.ie/system/files/publications/QEC2026SUM_1.pdf,keyword:naturalisation; keyword:nationality; keyword:work permit,"Read the supporting papers: The distributional impact of energy price increases in Ireland and the policy response Irish small firm financing: Where are we 20 years since the financial crisis? Forecast overview The context for this Commentary is binary in nature due to two conflicting factors. On the one hand, the Irish economy continues to grow. Notwithstanding the large fall in gross domestic product (GDP), which was recorded for Q1 2026 (-12.1 per cent), modified domestic demand (MDD) grew by 0.6 per cent, income tax receipts are up by 7.5 per cent on the same period last year and unemployment remains low, at 4.9 per cent in May. On the other hand, the conflict in the Middle East led to the closure of the Strait of Hormuz and damage to energy production infrastructure, whereby energy and other input prices increased. Drawing on data from futures markets and on analysis by the National Institute for Economic and Social Research (NIESR) in the UK, we have developed estimates of: the inflationary impacts for Ireland; and the impact on the demand for Ireland’s exports, as the global economy reacts. The analysis leads us to believe that economic growth in Ireland, as measured by MDD in 2026 and 2027 will remain positive at 2.6 per cent and 2.8 per cent respectively. The 2026 forecast is higher than that in our spring Commentary (2.1 per cent), with the difference driven by modified investment. For Consumer Price Index (CPI) inflation, we now expect a rate of 3.7 per cent in 2026 and 3.1 in 2027 (up from 3.2 and 2.7 per cent in our spring Commentary). Ireland’s exports have shown a remarkably volatile profile over the last 18 months, due mainly to the ramping up in advance of the Trump tariff announcement in spring of 2025, followed by subsequent scaling back of exports. For 2026, we expect exports to contract by -4.0 per cent before a return to a more usual profile in 2027, with a growth forecast of 5.7 per cent. Housing output remains a core concern. Based on some positive indicators, we have increased our housing output forecasts to 38,500 for 2026 and just under 40,500 for 2027. While this represents a welcome movement, the absence of a sufficiently large and sustained increase in output alongside emerging inflationary headwinds together lead us to believe that supply will remain short of demand over our forecast horizon. Given the failure to meet housing targets in the recent past and the expectation of continued shortfalls relative to demand, the housing deficit will continue to grow. Our outlook for the labour market remains broadly positive and we expect unemployment to remain low. However, we look at some emerging studies on the possible impact of artificial intelligence (AI) on the Irish labour market. These studies point to considerable numbers who could be negatively impacted, highlighting the need for close attention to this area. In our General Assessment, we draw on a paper by Bercholz et al. (2026) published with this Commentary and discuss how the Government’s approach to the fuel package was not ideal due to the lack of targeting. We discuss how the ready availability of revenue, and hence the weak budget constraint, appears to be contributing to conditions where policy is sub-optimal. Another paper published with this Commentary by Coates et al. (2026) shows how Irish small and medium-sized enterprises (SMEs) face significant challenges in accessing finance, with high borrowing costs and limited banking competition, which have implications for their capacity to scale. Finally, in Box A in the Commentary, McArdle et al. analyse emissions data and find evidence of decarbonisation in the transport and industry sectors, but less so in the case of agriculture. The authors also note that continued monitoring is needed to see if the observed decoupling is sustained."
exclude,2026-06-25,Effects of emissions labels on consumer choice of lower-emission flights,ESRI Working Paper,Adam Joachim Shier; Shane Timmons; Pete Lunn,no migration vocabulary; no Ireland reference,,,,"findings, n = 1, participants, sample",,contemporary,Behavioural Science,,https://www.esri.ie/publications/effects-of-emissions-labels-on-consumer-choice-of-lower-emission-flights,https://www.esri.ie/system/files/publications/WP834.pdf,keyword:nationality,"Air travel generates disproportionate greenhouse gas emissions, without viable supply-side mitigation options. Demand-side measures, such as emissions information at the point-of-sale, are thus gaining interest. In a pre-registered experiment with a nationally representative sample ( N = 1,000), we tested whether current emissions labelling systems shift consumers towards lower-emission flights. Participants were randomised to see either (i) no emissions information, (ii) absolute emissions values, (iii) absolute values with a relative emissions label or (iv) absolute values with a relative label and a contextual marker on the lowest-emitting flight (the number of trees needed to absorb the difference in emissions between this flight and the median). In the first task, participants selected hypothetical holidays from an online booking site. The study’s focus on environmental impact was concealed. Absolute emissions values had no effect, but the relative and ‘trees’ labels modestly increased low-emission flight selection (4-6%-points). In the second task, participants were instructed and incentivised to select the lowest-emission flight. Absolute emissions improved identification by over 40%-points, with no further benefit of additional labels. The relative labels caused some participants to choose higher-emitting flights (e.g., long-haul flights with large relative reductions). A final task measured comprehension of labels and showed widespread confusion: two-in-three misinterpreted the reference point for relative labels and few correctly identified the factors that are considered in label calculations. Overall, the findings imply that emissions labels, as currently implemented, are unlikely to reduce aviation emissions meaningfully and risk amplifying rather than correcting misperceptions by potentially greenwashing aviation."
exclude,2026-06-23,Occupational pension coverage and timing of retirement in Ireland,Budget Perspectives,Siddhant Seth; Dora Tuda,no migration vocabulary,,,,"data, longitudinal, regression, revenue, sample, we find",Ireland (State),contemporary,"Taxation, Welfare and Pensions",10.26504/bp202702,https://www.esri.ie/publications/occupational-pension-coverage-and-timing-of-retirement-in-ireland,https://www.esri.ie/system/files/publications/BP2027.2.pdf,keyword:employment permit; keyword:work permit,"Ireland has historically relied heavily on the State pension as the primary source of income in retirement. While occupational pension coverage has risen steadily in recent years, a substantial share of older employees still approach retirement without supplementary pension provision. Understanding how occupational pension coverage relates to both the timing of retirement and income adequacy in retirement is critical in the context of population ageing, pressures on the public finances, and the introduction of auto-enrolment in 2026. This paper examines planned and actual retirement ages for those with and without an occupational pension, using data from The Irish Longitudinal Study on Ageing (TILDA) covering the period 2010–2018. We focus on a homogeneous sample of employees and former employees with sufficient PRSI contributions to qualify for the State Pension (Contributory), and explore heterogeneity of outcomes by sociodemographic groups, including sex, education, employment sector and region. We find clear differences in planned retirement ages between sociodemographic groups. Individuals with occupational pension coverage plan to retire earlier, at around 63.5 years of age, while those without coverage typically plan to retire close to the State pension age of 66. In practice, however, both groups retire at broadly similar ages, at around 61 on average. As a result, employees without occupational pension coverage experience a substantially larger gap between planned and actual retirement ages – almost 5 years on average – compared with a gap of under 3 years for those with occupational pension coverage. These differences are statistically significant and are driven primarily by differences in planned, rather than actual, retirement ages. The retirement age gap is especially pronounced among women without occupational pension coverage. This group retire at a much younger age, on average around 58.5, despite planning to retire close to 66, resulting in a gap of almost seven years. By contrast, women with occupational pension coverage both plan and retire earlier, and have retirement age gaps similar to men. Regression analysis shows that occupational pension coverage reduces both planned and actual retirement ages. While retirement timing is similar across groups, retirement incomes differ sharply. Individuals with occupational pension coverage retire to substantially higher incomes than those without coverage. Median total weekly retirement income is approximately €460 for those with occupational pension coverage, compared with €230 for those without. State pension and benefit incomes are similar across groups; the large gap in total income is driven almost entirely by occupational pension coverage. Consistent with previous ESRI research, we find that the gender pension gap is due to the lower rate of occupational pension coverage for women as well as lower occupational pension amounts when covered: men with coverage receive much higher retirement incomes than women with coverage, while men and women without coverage have similarly low retirement incomes. Previous ESRI research found that the biggest contribution to the gender pension gap is years spent working. Although occupational pension coverage does not appear to substantially delay retirement from the labour market, it plays a crucial role in determining living standards in retirement. Those without occupational pension coverage not only retire earlier than planned but do so with significantly lower incomes, raising concerns about poverty and financial insecurity in older age, particularly for women. Moreover, widespread early retirement relative to the State pension age implies foregone tax and PRSI revenue and increased pressure on public spending. Overall, the results suggest that occupational pension coverage matters far more for retirement income adequacy than for retirement timing. As Ireland rolls out auto-enrolment in MyFutureFund, future research will be needed to assess whether expanded coverage improves resilience to involuntary retirement and reduces inequalities in retirement outcomes, especially for women."
exclude,2026-06-23,Escaping in-work poverty in Ireland,Budget Perspectives,Agathe Simon; Richard O'Shea; Karina Doorley; Claire Keane,no migration vocabulary,,,,"data, survey",Ireland (State),contemporary,"Taxation, Welfare and Pensions",10.26504/BP202701,https://www.esri.ie/publications/escaping-in-work-poverty-in-ireland,https://www.esri.ie/system/files/publications/BP2027.1.pdf,keyword:work permit,"This report examines in-work poverty (IWP) in Ireland and assesses the extent to which two distinct policy levers – increased working hours and reforms to in-work benefits – could lift workers out of poverty. Around 5 per cent of workers are at risk of poverty (AROP), and around 64 per cent of these are part-time workers. Using SWITCH, the ESRI's tax-benefit model, linked to representative survey data, we first profile the working poor and simulate a counterfactual scenario in which part-time workers (less than 40 hours per week) increase their work hours. Only around 35 per cent of AROP workers would escape poverty through this channel, indicating that the majority would remain poor even at full-time hours (40 hours per week). We then simulate two reforms to the Working Family Payment (WFP), Ireland's main in-work benefit: (i) full take-up of the WFP, given that current take-up is at only around half, and (ii) an extension of WFP eligibility to low-income working households without dependent children. The combination of these WFP reforms reduces the in-work AROP rate to around 3 per cent, a magnitude comparable to the increased working hours scenario."
include,2026-06-18,"Public transport availability, delayed learning to drive and later life car dependence",ESRI Working Paper,Shane Timmons; Adam Joachim Shier; Pete Lunn,"only ambiguous migration terms; PDF: 33 pages, 55 Ireland mentions",mobility,55,33,"000 people, 086 respondents, 1 participants, 11 participants, administrative, analysis of, case studies, case study",Ireland (State),contemporary,Behavioural Science,,https://www.esri.ie/publications/public-transport-availability-delayed-learning-to-drive-and-later-life-car-0,https://www.esri.ie/system/files/publications/WP827.pdf,keyword:nationality,"Abstract High levels of car dependency are a major challenge for decarbonisation policy. This paper explores how early-life mobility environments shape long-run driving behaviour through two underexplored questions: whether public transport access predicts delayed learning to drive and whether the age at which individuals learn to drive is associated with later driving intensity. We merge nationally representative survey data from Ireland ( N > 2,000) with Public Transport Accessibility Level (PTAL) scores to model (1) age at learning to drive, using survival analysis, and (2) recent driving behaviour, using a hurdle regression model. Higher public transport accessibility is associated with significantly later learning, with individuals in high‑PTAL areas 30% less likely to have learned by age 20 than those with no access. Each year of delayed learning predicts a lower likelihood of weekday driving and a 2% reduction in Vehicle Kilometres Travelled (VKT) on driving days. The findings have implications for understanding the long-term benefits of public transport provision. Non-Technical Summary Road transport is one of the largest contributors to greenhouse gas emissions and reducing car dependence is central to meeting climate targets. Yet most efforts to understand car use focus on current behaviour. Much less attention has been paid to earlier life stages, when people first begin forming travel habits. This study asks whether public transport affects when people learn to drive and, in turn, whether the timing of learning to drive has long‑term consequences for how much they drive in later life. To investigate this, we combined data from a large national survey in Ireland (of more than 2,000 people aged 16 and over) with detailed information on public transport accessibility. We examined two questions: Does better public transport increase the likelihood that people delay learning to drive? Does delaying learning to drive result in less driving as people progress through adulthood? We found that people living in areas with good public transport learned to drive significantly later. In places with no effective public transport, almost six in ten people began learning to drive by age 20. In areas with high-quality service, the figure was four in ten. This means that improving public transport may slow the early rush to driving and give young adults more opportunities to experience other transport modes. We also found that people who had learned to drive later are, now, less likely to drive on an average weekday, even accounting for their current public transport access. On days they do drive, they drive less. Over a year, we estimate that a person who learned at age 22 drives over 1,500 kilometres less on weekdays than someone who learned at 17. These differences accumulate over a lifetime, implying a meaningful long‑term impact on emissions. The results are consistent with early adulthood being a formative period for developing travel habits. During this life stage, people may move out, start jobs, form relationships, and build routines. If a person starts this phase already driving, they may be more likely to build their daily life around the car. If they do not drive yet, they are more likely to use and grow comfortable with public transport, cycling, or walking. This can influence later decisions about how to travel. The results suggest that public transport investments have benefits far beyond the immediate increase in passengers. Improving access can delay the point at which young people start driving, and this delay itself reduces the amount they drive years later. Policies that make public transport cheaper or easier for young people may therefore have lasting effects on long‑term car use. At the same time, most people in Ireland still learn to drive eventually, regardless of access. This means that car dependence is likely to remain high. Decarbonisation will require continued progress in vehicle electrification alongside better public transport."
include,2026-06-18,Motivations for car ownership,ESRI Survey and Statistical Report Series,Shane Timmons; Adam Joachim Shier; Pete Lunn,"only ambiguous migration terms; PDF: 41 pages, 29 Ireland mentions",mobility,29,41,"000 people, 086 people, 086 respondents, 1 participants, 2 participants, analysis of, census, data",Ireland (State),contemporary,Behavioural Science,10.26504/sustat140,https://www.esri.ie/publications/motivations-for-car-ownership,https://www.esri.ie/system/files/publications/SUSTAT140_0.pdf,keyword:nationality; keyword:integration; keyword:employment permit; keyword:work permit,"This study investigates how people in Ireland progress into and sometimes out of car ownership, and how these decisions relate to everyday travel behaviour. Using a nationally representative survey of 2,086 people aged 16 and over, we provide the first integrated evidence on the motivations that shape learning to drive, acquiring a first car, adding or shedding household vehicles, and the purposes for which cars are subsequently used. Understanding these behavioural pathways is increasingly important in the context of national ambitions to reduce greenhouse gas emissions, alleviate traffic congestion and encourage uptake of more sustainable transport modes. The findings show that the primary motivation for car ownership is not tied to a specific use but rather the sense of independence it affords. This independence dominates early decisions: it is the most common reason for both learning to drive and getting a first car. Work emerged as a close secondary driver. Two-thirds of respondents linked acquiring a first car to a ‘moment of change’ in their life, most commonly starting a new job. Conversely, decisions to delay learning to drive are largely shaped by material constraints, particularly cost and access to a vehicle, rather than attitudinal factors such as environmental concern. However, alternative transport modes influence this decision. Approximately four-in-ten of those who had not learned to drive or did so after the age of 22 cited availability of alternatives as a primary reason. For most households, subsequent cars are obtained mainly as replacements, rather than in response to new motivations. The reasons for increasing the number of cars in a household closely mirror those associated with first ownership, with work the most common justification. By contrast, reducing the number of household cars is relatively rare. Among those who have shed a car or are considering doing so, financial pressures and changes in travel needs are the dominant triggers. Environmental motivations, improvements in alternatives, or worsening driving conditions are less influential and more common among those merely contemplating change, rather than those who have actually reduced their car stock. A comparison of ownership motivations with day-to-day use reveals a notable mismatch. While work is the dominant functional motive for ownership, everyday car trips are most frequently undertaken for short, practical purposes such as shopping and errands. These findings indicate that although households tend to acquire cars to secure flexibility and avoid perceived risks of being without one, a substantial proportion of actual use involves lower‑stakes journeys that may be amenable to modal shift. The results also highlight the structural foundations of car-free living. About half of those without a car cite affordability as the primary barrier, and one-third report having no household driver. A smaller group report that public transport or other options sufficiently meet their needs, implying that improvements in accessibility and service quality may support car-free living for some households. Taken together, the evidence suggests that car ownership decisions in Ireland are shaped predominantly by the psychological benefit of transport flexibility followed by an economic calculus relating to affordability and work-related need. Policies that rely on information or persuasion alone are therefore likely to have limited impact. Instead, effective demand management strategies will require shifts in the underlying economics by making alternative modes more attractive, reliable and flexible, while recognising that car ownership remains closely tied to access to employment and perceived independence. The findings also imply that emissions reduction initiatives may find greater purchase by prioritising EV uptake, though this will do little for traffic congestion. Although reducing ownership may be challenging, the findings point to opportunities for reducing car use, particularly for short routine trips, and to targeted interventions for households already considering change. This study provides a foundation for future behavioural research into mobility transitions. These insights can support the development of socially equitable, evidence-based transport policies aligned with Ireland’s climate and mobility objectives."
exclude,2026-06-17,Irish small firm financing: Where are we 20 years since the financial crisis?,QEC Special Article,Tara McIndoe-Calder; Conor O'Toole; Dónal O'Shea; Chi Tran,no migration vocabulary,,,,,Ireland (State),contemporary,Macroeconomics,10.26504/QEC2026SUM_SA_Coates,https://www.esri.ie/publications/irish-small-firm-financing-where-are-we-20-years-since-the-financial-crisis,https://www.esri.ie/system/files/publications/QEC2026SUM_SA_Coates.pdf,keyword:Ukraine; keyword:employment permit; keyword:work permit,"The impact of credit markets on economic activity came to the fore in Ireland following the 2007 global financial crisis. Significant challenges in the banking sector led to a severe contraction in credit availability, in particular for small- and medium-sized firms. During the crisis, this credit crunch had an impact on investment activity and employment (Gerlach-Kristen et al., 2015), and caused considerable financial distress (Lawless et al., 2015). The collapse in the banking sector led to systemic changes in financial intermediation such as competition issues and market exits, changing risk appetite and new macro- and micro- prudential regulations. Since the financial crisis, the Irish economy has recovered and grown robustly, even in the face of the repeated economic shocks of recent years (Brexit, COVID-19, the war in Ukraine). However, credit levels in the economy have not recovered to the same extent. Indeed, recent research has pointed towards lower than expected investment by Irish small firms and a continued reliance on internal funds when financing capital outlays (Lawless et al., 2020; Gargan et al., 2024). To attempt to better understand the credit landscape in Ireland for small enterprises nearly 20 years on from the onset of the financial crisis, this research paper revisits trends in credit access and places these trends in a pan-European context. It also explores some of the major SME bank financing policy changes that have occurred in Ireland since the onset of the financial crisis, and places these changes in the context of developments in the operating landscape for firms."
exclude,2026-06-16,Connecting early career researchers and policymakers: Insights from Young Academy Ireland’s Evidence for Policy Summit 2025,Journal Article,Karina Doorley; Niall Farrell,no migration vocabulary,,,,evidence,NI and ROI/island,contemporary,"Taxation, Welfare and Pensions",10.2478/admin-2026-0017,https://www.esri.ie/publications/connecting-early-career-researchers-and-policymakers-insights-from-young-academy,,keyword:nationality,"Evidence-based policy-making is essential for tackling societal challenges, however, there are significant ongoing challenges to the effective implementation of this process throughout the ecosystem. Persistent institutional barriers, political resistance and funding challenges continue to hinder the effective use of research in decision making. ECRs can play a critical role in this process as they represent a large and diverse community, are at the cutting edge of research, but are often not well-connected to the policy-making process. Similarly, policymakers seek the best available evidence but can struggle to obtain it in a timely manner. Further action is required to better connect ECRs and policymakers in Ireland and Northern Ireland and this includes capacity-building and mentoring, networking, and 146 KIERAN WALSH ET AL. structural and financial supports. The vision for the Evidence for Policy Summit was to create a space whereby early career researchers and policymakers, North and South, could exchange ideas and perspectives and to inspire a shared blueprint for improving the pathways between ECRs and policymakers. As this important national resource develops, YAI looks forward to acting as a convener of early career research expertise, and as a source and network of evidence suitable for policymakers across the island of Ireland."
exclude,2026-06-12,The distributional impact of energy price increases in Ireland and the policy response,QEC Research Note,Maxime Bercholz; Karina Doorley; Claire Keane; Cian Mowlds,no migration vocabulary,,,,"data, estimated",Ireland (State),contemporary,"Taxation, Welfare and Pensions; Energy and Environment",10.26504/rn20260201,https://www.esri.ie/publications/the-distributional-impact-of-energy-price-increases-in-ireland-and-the-policy-response,https://www.esri.ie/system/files/publications/RN20260201.pdf,keyword:naturalisation; keyword:Ukraine; keyword:nationality; keyword:employment permit; keyword:work permit,"In late February 2026, Iran closed the Strait of Hormuz to commercial traffic in response to coordinated military strikes conducted by the United States and Israel. The Strait is one of the world’s most important trade routes, through which approximately 20 per cent of global oil and liquefied natural gas supplies pass from the Gulf states to international markets. The closure provoked an immediate and substantial increase in global energy prices, with the effects felt most acutely in energy-importing economies, particularly across Asia and Europe. This price shock comes soon after an apparent stabilisation of energy prices, which had experienced significant volatility caused by the Russian invasion of Ukraine. Recent surges in the cost of oil have caused a reemergence of cost-of-living pressures faced by Irish households and businesses, especially with regards to energy costs. In late March 2026, the global price of oil surpassed $100 a barrel and has fluctuated around this mark since. This contributed to substantial price increases at fuel forecourts around Ireland, with average diesel and petrol prices exceeding €2 and €1.80 per litre respectively. Recent data suggest household heating costs have experienced similar volatility, with home heating oil prices rising by over 63 per cent year on year in March (CSO, 2026). In response, the Government has announced two packages of temporary supports for households and industry. On 24 March 2026, the Government announced a package of temporary measures, at an estimated total cost of approximately €250 million. Excise duties on petrol and diesel were reduced by 15 cent and 20 cent per litre respectively, with these reductions intended to last until the end of May 2026. The National Oil Reserve Agency (NORA) levy, of 2 cent per litre, was simultaneously temporarily suspended, providing a further reduction in fuel costs. In aggregate, these two measures reduce the effective government levy on petrol by 17 cent per litre and on diesel by 22 cent per litre. A reduction in excise of 3 cent per litre was also applied to marked gas oil or green diesel. The package also included targeted supports for households. The Fuel Allowance season was extended by one month to April, with approximately 470,000 households benefitting from the €38 per week extension, amounting to an estimated €152 per eligible household in total. Finally, the maximum repayable amount under the Diesel Rebate Scheme – which repays some of the Mineral Oil Tax paid by a qualifying road transport operators – was increased from 7.5 cent to 12 cent per litre of diesel, backdated to January 2026, partially offsetting cost pressures faced by hauliers and other fuel-intensive businesses. Following well-documented public protests and political pressure, the Government announced a further package of fuel supports on 12 April 2026. These included a further 10 cent reduction in excise duty on petrol and diesel, extended to the end of July, and a deferral of the planned carbon tax increase from May to the Budget in October. A further 2.4 cent reduction in excise on green diesel was also introduced. Additional targeted measures for the road haulage, transport, agricultural and fisheries sectors were also announced. In total, this second package of measures is estimated to cost €505 million. At the time of writing, the increase in price levels is difficult to measure, and it varies with political announcements and other developments related to the ongoing conflict and the passage of traffic through the Strait of Hormuz The timing of price increases also differs depending on the energy source: the price of petrol, diesel and home heating oil rose immediately while the price of electricity and gas is expected to rise with some delay due to hedging strategies employed by suppliers. The magnitude of the price changes is also heterogeneous. In April, following government interventions, average diesel price surpassed €2.11 per litre, up 24 per cent on the 2025 average, and petrol exceeded €1.88, an 8.2 per cent rise on the same baseline. Home heating costs have experienced more significant volatility with prices of home heating oil rising to over €1,480 per 1,000 litres in April, an increase of 52 per cent compared to the 2025 average (European Commission, 2026). Wholesale electricity prices increased by 19 per cent in March although this price increase has yet to be passed on to households."
exclude,2026-06-11,"Behavioural science policy advice-making during COVID-19: lessons from the Netherlands, Ireland, the United Kingdom and Finland",Journal Article,Pete Lunn,non-human sense of migration (software),,,,"data, evidence, findings, interviews, participants, qualitative",Ireland (State),contemporary,Behavioural Science; Health and Quality of Life,10.1332/17442648Y2026D000000092,https://www.esri.ie/publications/behavioural-science-policy-advice-making-during-covid-19-lessons-from-the-netherlands,,keyword:integration,"Introduction: Effective pandemic response requires large-scale behavioural change. Despite efforts to integrate behavioural science advice in public health policy making, there is a shortage of empirical evidence on the challenges faced by countries that want to professionalise their behavioural science advisory capacity. As senior behavioural science advisers during the COVID-19 pandemic, we explored and compared how behavioural science organised itself across Northwestern Europe in order to draw lessons for integrating behavioural insights into policy during future crises. Methods/data: Using the evidence-based public health framework, we conducted interviews with 21 senior stakeholders from the Netherlands, Ireland, the UK and Finland, followed by a facilitated look-back meeting with a subset of participants. All participants were actively involved in their countries’ pandemic responses. Analytical plan: Data were analysed using qualitative analysis software (NVivo 15) and validated during the facilitated look-back meeting. Results: Producing actionable and relevant behavioural science advice during crises benefits from: (1) drawing on a wide mix of research methodologies; (2) sustaining continuous dialogue with, and access to, policy and decision-makers; (3) ensuring clear packaging and delivery of advice, including additional efforts to support comprehension; (4) creating functional structures for interdisciplinarity; and (5) maintaining institutional memory of the competencies and relationships developed during crisis response. Conclusion/implications: An improved science for policy practice in the health field involves the difficult tasks of motivating direct dialogue, interdisciplinarity and co-creation, and a functioning governance of behavioural science advice systems. The findings further illustrate the conceptual utility of the evidence-based public health framework."
include,2026-06-10,Social transfers utilisation among migrants and Irish-born in Ireland,ESRI Research Series,Anousheh Alamir; Alan Barrett; Bertrand Maître,"PDF: 60 pages, 181 Ireland mentions","immigrants, immigration, migrants",181,60,"000 people, 921 people, administrative, analysis of, data, estimate, estimated, estimates",Ireland (State),contemporary,"Migration, Integration and Demography",10.26504/rs229,https://www.esri.ie/publications/social-transfers-utilisation-among-migrants-and-irish-born-in-ireland,https://www.esri.ie/system/files/publications/RS229.pdf,research_area:67; keyword:migrant; keyword:migration; keyword:immigrant; keyword:immigration; keyword:integration; keyword:employment permit; keyword:work permit; keyword:labour migration,"Debates about the impacts of immigration on host countries have been ongoing for many years, covering a broad range of social and economic issues. From an economic perspective, a recurring question is whether immigration reduces the wages and employment opportunities of the native-born. Another strand of the debate relates to the fiscal impact of immigration. In this report, we focus on a specific dimension of the fiscal impact and assess whether immigrants in Ireland are more or less likely to be in receipt of social welfare payments compared to the native-born. We begin the analysis by looking at the labour market outcomes of immigrants between 2014 and 2024. We show that immigrants have generally had higher employment rates than the native-born and higher unemployment rates too. These two contrasting outcomes are possible because immigrants have also tended to have higher rates of labour force participation (i.e. a lower share of inactive population within the working-age population). Turning to the examination of welfare receipt across immigrants and natives, we use the Central Statistics Office (CSO) Survey on Income and Living Conditions (SILC) from 2014 to 2024 and include all people aged 15 to 65 regardless of whether they have an income. It should be noted here that in order to access some social welfare payments in Ireland, applicants must pass a ‘habitually resident condition’, through which people’s connection to Ireland is determined. Overall, the findings in the report show that there is no general pattern of immigrants being more likely to be in receipt of welfare compared to the native-born. We initially present a descriptive analysis looking at rates of welfare receipt based on simple proportions, without adjusting for socio-economic characteristics for both immigrants and natives. Focusing on unemployment, sickness/disability and family/children-related welfare payments, in 2024, 56 per cent of the Irish-born received at least one of these payments compared to 61 per cent of immigrants, and the difference is statistically significant. For both, the high rates of receipt were driven by family payments, including the universal child benefit, and the rate of receipt was higher for immigrants – 58 vs. 47 per cent. Looking at other payments (e.g. unemployment-related payments), we see either no difference between immigrants and the native-born, or lower rates of receipt among immigrants."
include,2026-06-10,Literature review on the fiscal impacts of immigration,ESRI Survey and Statistical Report Series,Keire Murphy; Evan Carron-Kee; Anousheh Alamir; Daniel Capistrano,"PDF: 49 pages, 192 Ireland mentions","immigration, migrant, migrants",192,49,"561 people, analysis of, case study, census, cohort, data, estimate, estimated",NI and ROI/island,contemporary,"Migration, Integration and Demography",10.26504/sustat141,https://www.esri.ie/publications/literature-review-on-the-fiscal-impacts-of-immigration,https://www.esri.ie/system/files/publications/SUSTAT141.pdf,research_area:67; keyword:migrant; keyword:migration; keyword:immigrant; keyword:immigration; keyword:integration; keyword:work permit; keyword:labour migration,"As immigration has become more salient in Ireland, debate over the fiscal and economic impact of migration has increased. Understanding and communicating how migration is related to public finances and the economy is crucial to informing both government strategy and the public debate. In this paper, we review literature on the fiscal impacts of migration to draw conclusions that are relevant to the Irish context. It should be noted that this is narrower than the economic impacts, relating only to the public finances rather than the broader economic impacts of migration (e.g. labour markets, growth, innovation, and productivity). The findings regarding the fiscal impact of immigration should not therefore be confused with its economic impact. The aim of this paper is to assess what we do and do not know about the fiscal impact of immigration in general and in Ireland. A crucial caveat to this research is that assessments of fiscal impact require several methodological decisions that can substantially change the results of the evaluation. For example, decisions need to be made about what taxes or spending to include and how to attribute them (e.g. education, pure public goods like flood defences, corporate taxes); whether to look only at a specific period, such as 2015-2020, or to try to estimate how migration will affect public finances decades into the future; what measure of impact to use; what time period to choose (as economic shocks have a significant impact on the fiscal balance of both migrants and natives); and who to count as a migrant. Data availability is also a significant challenge to building a comprehensive understanding of how immigration relates to the state’s finances."
exclude,2026-06-07,"Youth employment and temporary contracts in Europe: Trends, drivers, and institutions",Journal Article,Adele Bergin; Seamus McGuinness; Elisa Staffa; Adele Whelan,no migration vocabulary; no Ireland reference,,,,"data, findings, labour force survey, results show, we analyse",,contemporary,Labour Markets and Skills,10.1177/09596801261458162,https://www.esri.ie/publications/youth-employment-and-temporary-contracts-in-europe-trends-drivers-and-institutions,,keyword:temporary protection,"This paper examines youth employment and temporary youth employment across the EU-27 countries and the UK, focussing on the role of labour market institutions. Using EU Labour Force Survey data, we analyse trends and drivers of both overall and temporary youth employment and assess how institutional factors influence these outcomes. Our results show that while youth employment rates tend to converge across countries during recoveries, temporary youth employment remains segmented, especially where employment protection is stricter. Higher levels of education and job quality are associated with better youth employment outcomes and reduced exposure to temporary contracts, consistent with established findings in the literature. Overall, the findings highlight the role of institutional arrangements in shaping youth labour market adjustment and suggest that convergence in headline employment outcomes can coexist with persistent segmentation in contract types across Europe."
exclude,2026-06-05,"A mental model of obesity: Comparing expert and public perceptions in Ireland, the UK, and the US",Journal Article,Deirdre Robertson; Ylva Andersson; Ciarán Lavin; Pete Lunn,no migration vocabulary,,,,"evidence, findings, n = 2400, n = 51, sample, survey",Ireland (State),contemporary,Behavioural Science; Health and Quality of Life,10.1038/s41366-026-02098-z,https://www.esri.ie/publications/a-mental-model-of-obesity-comparing-expert-and-public-perceptions-in-ireland-the-uk,,keyword:naturalisation,"Objective Despite scientific evidence on the environmental causes of obesity, policies that target these causes frequently face public opposition. This study investigates the mental model that the public hold about obesity, including perceptions of the causes, consequences and responsibility for obesity, alongside support for different preventive policies. Methods N = 2400 members of the public undertook a cross-sectional online survey across 3 English-speaking countries with high obesity rates: Ireland, the UK and the US. We benchmarked public perceptions against N = 51 experts. Results We found differences between countries and larger differences between the public and expert samples. The public assigned considerable blame and responsibility to individuals, while the expert sample focused more on societal and environmental causes. Although the public and expert samples concurred on the seriousness of the problem, the latter endorsed more radical policies, such as taxes and restrictions. Conclusions Public health communications often focus on highlighting obesity as a public health problem, but our findings suggest that this message has been received. Instead, more work may be needed to challenge public beliefs about the causes of, and responsibility for, the obesity epidemic."
exclude,2026-05-30,A holistic view of biomethane: Insights from a systematic review of biomethane in Ireland,Journal Article,Anita Vollmer; Muireann Á Lynch,no migration vocabulary,,,,"case study, estimates, we find",Ireland (State),contemporary,Energy and Environment,10.1016/j.rset.2026.100149,https://www.esri.ie/publications/a-holistic-view-of-biomethane-insights-from-a-systematic-review-of-biomethane-in-0,,keyword:nationality,"Highlights • Biomethane potential is strongly shaped by the national context. • Large fluctuations in estimates of biomethane’s energy & carbon abatement potential. • Wide range of social, economic, and environmental impacts of biomethane identified. • Need for a long-term vision of biomethane within the broader energy system. Abstract Biomethane is gaining traction as a renewable alternative to fossil gas. To map the complexity of biomethane as an energy source, we conducted a narrative systematic review of biomethane research in Ireland. Our case study investigates what a biomethane industry could look like in Ireland across the full biomethane lifecycle, and what impacts need to be taken into consideration in its development. From this, we isolated overarching themes that may extend beyond the Irish context. First, we searched the Web of Science and Scopus for the keywords “biomethane Ireland OR Irish” to identify academic literature and Google and Ecosia for grey literature. We then coded the 156 documents fulfilling our inclusion criteria for insights on feedstocks, end uses, infrastructure, cost, abatement potential, and wider impacts. We find that the national context shapes the potential for and impacts of a biomethane industry. In Ireland, grass and slurry from the livestock industry together could provide more than 5 TWh of biomethane. However, there is uncertainty around the scale of biomethane’s energy and carbon abatement potential based on differences in assumptions and system boundaries. Only if manure/slurry is included, does biomethane consistently meet the 80% emissions reduction threshold required for use as heat. Our research also highlights the importance of a socio-ecological systems analysis, as biomethane has socio-ecological impacts that, in Ireland, re main understudied. Finally, we outline the need for a long-term vision of biomethane’s role in the energy system, since it is frequently portrayed as interim solution until other technology matures."
exclude,2026-05-28,"Media habits, political orientation, and perceptions about climate change in Ireland",ESRI Research Bulletin,Gretta Mohan,no migration vocabulary,,,,"data, findings, sample, survey",Ireland (State),contemporary,Energy and Environment; Climate,10.1080/00909882.2026.2657836Introduction,https://www.esri.ie/publications/media-habits-political-orientation-and-perceptions-about-climate-change-in-ireland,https://www.esri.ie/system/files/publications/RB202607_1.pdf,keyword:naturalisation; keyword:nationality,"This Bulletin summaries the findings from: Mohan, G and Byrne, J. (2026) ‘Divergent Media Engagement in a Consensus Democracy: Media Typology, Political Moderation, and Climate Change Beliefs in Ireland’. Journal of Applied Communications Research . Available at: https://doi.org/10.1080/00909882.2026.2657836 Introduction Public perception of climate risk is a critical precursor to policy support and individual behavioural changes. While the media acts as a primary channel for communicating climate science, its influence can vary depending on the structural nature of the communication channel and the political context of the audience. This study examines how daily consumption of different media sources relates to climate change scepticism and perceived local harm in Ireland. Data and methods Data from the Environmental Protection Agency’s Climate Change in the Irish Mind (CCIM) survey conducted in 2021 was employed, featuring a representative sample of 3,077 Irish adults. To analyse public attitudes to climate change, two primary measures were created: a 'Climate scepticism index', which assessed beliefs about whether climate change is occurring, its underlying causes, and the extent of scientific agreement, and a 'Harm perception index', which gauged the perceived threat to personal circles, the Irish way of life, and future generations. Daily media habits were grouped into four channels to see understand how news sources may affect views: national media was the most popular (57.2%), followed by social media (43.4%), local media (40.2%), and streaming (34.2%). Results Climate scepticism is revealed to be low in Ireland, with approximately 10% of the population expressing any degree of doubt. Daily engagement with national media—such as TV, radio, and newspapers—plays a constructive role, as it is linked to both reduced scepticism and a stronger sense of the potential local harms caused by climate change. While social media consumption also heightens the perception of local risks, it is noted that social media operates within a regulatory vacuum, leaving audiences more susceptible to misinformation. A significant link between political leanings and media influence was identified; generally, a right-leaning orientation is associated with higher levels of scepticism and lower concern for local impacts. Moreover, the consumption of local media sources appeared to reinforce climate scepticism among right-leaning audiences, suggesting that political orientation may act as a powerful filter for how local information is processed. Conclusions The findings of this research suggest that a ‘one-size-fits-all’ communication strategy is likely insufficient for addressing climate risks in Ireland, given the diverse ways the public consumes information. Strategic investment in science-based reporting within national outlets remains vital, as these platforms are key to maintaining a broad public consensus on the reality of the climate crisis. However, because local media may serve as a space where scepticism forms among specific groups, targeted interventions using trusted local messengers, such as community leaders or local weathercasters, may be employed to deliver more relatable and impactful messages. Additionally, enhanced cross-sectoral collaboration is essential to combat misinformation, particularly on social media platforms which are vulnerable to fringe, anti-establishment viewpoints that may undermine public support for necessary climate policies."
exclude,2026-05-20,"The RTB Rent Index, Q4 2025",Indices Report,Rachel Slaymaker; Katie Devane; Chi Tran,not a research publication (Indices Report),,,,,,,Housing,,https://www.esri.ie/publications/the-rtb-rent-index-q4-2025,https://www.esri.ie/system/files/publications/RIQ42025_1.pdf,keyword:nationality,"Key findings: The national standardised average rent in new tenancies stood at €1,755 in Q4 2025. The year-on-year growth in standardised average rent for new tenancies stood at 5 per cent in Q4 2025. The national standardised average rent for existing tenancies rose by 4.4% annually to €1,503 per month in Q4 2025. The number of new tenancies registered and used in the New Tenancies Rent Index sample in Q3 2025 was 11,593. The number of existing tenancies used in the Existing Tenancies Rent Index sample in Q3 2025 was 42,914."
exclude,2026-05-19,"Projections of regional workforce requirements for HSE primary and community care services in Ireland, 2022–2040: Based on the Hippocrates model",ESRI Research Series,Aoife Brick; Theano Kakoulidou; Maryam Afzal; Frank Wolfe,no migration vocabulary,,,,,Ireland (State),contemporary,Health and Quality of Life,10.26504/rs231,https://www.esri.ie/publications/projections-of-regional-workforce-requirements-for-hse-primary-and-community-care,https://www.esri.ie/system/files/publications/RS231.pdf,keyword:work permit,"This report, funded by the Health Service Executive (HSE), uses the Economic and Social Research Institute’s (ESRI) Hippocrates model to project regional workforce requirements to 2040 for a selection of staff providing HSE primary and community care services. The professions and grades under consideration are a selection of Health and Social Care Professions (HSCPs) (audiologists, dietitians, occupational therapists, physiotherapists, podiatrists, speech and language therapists) and associated health and social care assistants (HSCAs), public health and community nurses and health care assistants (HCAs)."
exclude,2026-05-17,"Divergent media engagement in a consensus democracy: media typology, political moderation, and climate change beliefs in Ireland",Journal Article,Gretta Mohan,no migration vocabulary,,,,"findings, respondents, sample",Ireland (State),contemporary,Energy and Environment; Climate,10.1080/00909882.2026.2657836,https://www.esri.ie/publications/divergent-media-engagement-in-a-consensus-democracy-media-typology-political,,keyword:nationality,"Public perceptions of climate change are pivotal, shaping policy support, individual behavioral changes, and societal response to environmental challenges. However, the role of diverse media habits in shaping these views remains under-examined in consensus democracies. This study addresses this applied problem by analysing a nationally representative sample of 3,077 Irish respondents to examine how daily engagement with national, local, and social media influences climate skepticism and perceptions of local harm. Using a contextual media typology framework, the research reveals that while national media consumption reduces skepticism, local media engagement can reinforce skepticism among right-leaning audiences. These findings offer a theoretical contribution to the understanding of selective consumption and political moderation in a non-polarized media environment. Practically, the study provides applied insights for climate communicators, highlighting the necessity of multi-channel strategies that combine science-based national reporting with targeted local interventions and trusted messengers to reach politically aligned groups effectively."
include,2026-05-14,Perceived discrimination and young people’s health and wellbeing in Ireland: A longitudinal analysis,ESRI Research Series,Daniel Capistrano; Helen Russell; Eva Slevin,"only ambiguous migration terms; PDF: 97 pages, 175 Ireland mentions","discrimination, ethnicity",175,97,"analysis of, cohort, data, dataset, estimate, estimated, estimates, evidence",Ireland (State),contemporary,Social Inclusion and Equality,10.26504/rs230,https://www.esri.ie/publications/perceived-discrimination-and-young-peoples-health-and-wellbeing-in-ireland-a,https://www.esri.ie/system/files/publications/RS230.pdf,keyword:naturalisation; keyword:international protection; keyword:ethnic; keyword:ethnicity; keyword:work permit; keyword:discrimination,"Discrimination, defined as the unfair treatment of groups based on intrinsic characteristics, has pervasive and long-lasting consequences for the individuals who experience it. Previous research has found that individuals who experience discrimination have worsened physical and mental health outcomes (Williams et al., 2019; Schmitt et al., 2014; Benner et al., 2018). Furthermore, Schmitt et al. (2014) find that there is a stronger relationship between discrimination and poor wellbeing for children than for adults. Young people’s self-esteem and identities are continually developing at this stage, and discrimination may have a broader impact on their development (Marks et al., 2015). This research fills an identified gap in studying discrimination using the Growing Up in Ireland (GUI) data (Philippe et al., 2025). GUI is a longitudinal study of children and their families in Ireland. We focus on Cohort ’98, born in 1998, and explore their experiences of discrimination at the key development periods of age 17 and 25. Discrimination is measured in this research through perceived discrimination, the individual’s perception that they are treated less favourably than others (Paradies, 2006). The GUI dataset collects this using the Everyday Discrimination Scale (EDS) (Williams et al., 1997). The scale used in the GUI survey consists of five items, and asks respondents: In your day-to-day life, how often have any of the following things happened to you: • You are treated with less courtesy or respect than other people • You receive poorer service than other people at restaurants or stores • People act as if you are not smart • People act as if they are afraid of you • You are threatened or harassed~ Those who record any of these experiences more than a few times a year are also asked what they think was the reason for this treatment (e.g. age, gender, ethnicity, appearance, education/income level). Perceived discrimination as measured by the EDS differs from the Irish legal definition of discrimination, which protects individuals from discrimination in accessing goods and services and in the workplace under specific grounds which does not include appearance, social background, or in the case of those aged under 18, age-related discrimination. The GUI dataset presents a unique opportunity to study how young people experience discrimination over time. The longitudinal nature of the data allows for examination of the prevalence of perceived discrimination across key developmental stages, and examination of how this discrimination relates to key outcomes. In this study, we use five different variables to examine these outcomes: subjective general health, life satisfaction, self-esteem, depression and alcohol consumption. These variables were chosen as they reflect different dimensions of health and wellbeing, considering data availability and policy relevance."
include,2026-05-13,COVID-19 pandemic stressors and their longer-term association with young people’s wellbeing,Journal Article,James Laurence; Emer Smyth,no PDF on ESRI page (journal article or external),migrant,,,"cohort, data, findings, growing up in ireland, microdata, n=2404",Ireland (State),contemporary,Health and Quality of Life; Social Inclusion and Equality; Education,10.1371/journal.pone.0347875,https://www.esri.ie/publications/covid-19-pandemic-stressors-and-their-longer-term-association-with-young-peoples,,keyword:migrant; keyword:third country,"There is a significant body of research on adolescent wellbeing during the pandemic but less attention to the pathways through which the pandemic might be driving longer-term impacts on wellbeing. This paper addresses this gap using prospective cohort data collected at three time-points (ages 9, 12, 13; n=2404; 50% female; 12.3% migrant-background) in Ireland, a country with a protracted period of school closures. Data collected from mid-2021 to mid-2022 (the late- to post-pandemic period) are used to analyse whether disruption across key domains such as education, family and peer relations during the pandemic has longer-term associations with adolescent self-reported mental wellbeing, while adjusting for socioemotional wellbeing before and during the pandemic. Several stressors (e.g., health-anxiety, support for home learning), which predicted worse wellbeing during the pandemic, were not significantly associated with late-/post-pandemic wellbeing. However, adolescents who, at the height of the pandemic, experienced greater disruption to familial relations and peer social relations (especially among girls), household economic shocks, elevated screen-time use, and a lack of a quiet place to study, report worse longer-term wellbeing outcomes. Some of these longer-term associations emerge from their link with worse wellbeing reported during the pandemic, which, in turn, predicts poorer longer-term wellbeing. However, screen-time and economic shocks remain linked with poorer late-/post-pandemic wellbeing even after accounting for peri-pandemic wellbeing. The findings highlight how external shocks such as the pandemic appear to be experienced differently depending on the social and economic resources of young people and their families, and how these can potentially shape adolescents’ wellbeing after the initial stressors have abated. This study used third-party anonymised microdata from the Growing Up in Ireland (GUI) study, accessed via the Irish Social Science Data Archive (ISSDA)."
exclude,2026-05-08,ESRI Climate Action Roadmap 2026,Corporate Information,,not a research publication (Corporate Information),,,,,,,,,https://www.esri.ie/publications/esri-climate-action-roadmap-2026,https://www.esri.ie/system/files/publications/CAR2026.pdf,keyword:nationality,This is the ESRI’s third Climate Action Roadmap report. It outlines our commitment to reducing our environmental impact and how we aim to meet the requirements of the Climate Action Mandate. It includes the actions we have taken to date and our planned action to achieve the decarbonisation and energy efficiency targets per the National Climate Action Plan and Mandate.
exclude,2026-05-08,Teachers’ professional journeys during the first decade longitudinal study: Design and instruments technical report: Report No.2,Report,Emer Smyth,no migration vocabulary,,,,"data, focus group, interview, longitudinal, mixed-methods, survey",Ireland (State),contemporary,Education,10.34961/19139,https://www.esri.ie/publications/teachers-professional-journeys-during-the-first-decade-longitudinal-study-design-and,https://www.esri.ie/system/files/publications/BKMNEXT449_1.pdf,keyword:integration,"The purpose of this report is to provide an account of the conceptual framework and research design of the Teachers’ Professional Journeys (TPJ): The First Decade longitudinal study (2024-30). This second report presents the TPJ conceptual framework in the context of the TPJ study aim and research objectives, and together these underpin the research design and data collection instruments developed to investigate the evolving professional lives of teachers in Ireland in the primary, post-primary and further education and training (FET) sectors. The study explores how newly qualified teachers navigate their first decade in the profession, with attention to beliefs, competencies, school and classroom environments, system influences, and broader career trajectories. Informed by cognitive and sociocultural perspectives on learning and development, and conceptualising teaching as a socially situated practice, the TPJ study employs an accelerated longitudinal design, integrating validated international scales, as well as custom instruments, to support analysis over time and across cohorts. Jointly funded by the Teaching Council and the Department of Education and Youth, this accelerated longitudinal mixed-methods study examines the key personal, educational, professional, and systemic influences shaping teachers' early careers and practice over their first nine years. It tracks three distinct cohorts of graduates (2019, 2022, and 2026), providing insights into the impact of policy developments and the evolving 'architecture of the continuum' in teacher education. This report details the rationale behind the selection of survey instruments, interview protocols, and focus group approaches, as well as the ethical and methodological considerations informing the study. Teachers’ professional journeys are inevitably and consequently shaped by a wide range of policies vis-à-vis curriculum and assessment, special education needs, educational disadvantage, Irish language and teacher education, among others. Importantly, for example, while the study is informed by a continuum of teacher education national policy and its constituent frameworks, i.e. Céim, Droichead, and Cosán, the TPJ study is not an evaluation of policy implementation per se. Rather, it seeks to understand the lived experiences of teachers and the myriad of complex factors shaping their professional journeys, encompassing teacher background and experiences, the wide landscape of relevant policies and school culture along with the changing dynamics of current and future education. Emphasis is placed on coherence across data sources, attention to inclusivity, and strategies to ensure quality, trustworthiness, and relevance. The TPJ conceptual framework in this report, informed by the aim and research objectives of TPJ, provides the foundation for data collection, analysis, and engagement in subsequent phases."
exclude,2026-05-01,Measuring rental inflation: Evidence from Ireland,ESRI Working Paper,Janez Kren; Rachel Slaymaker,no migration vocabulary,,,,"administrative, data, dataset, estimates, evidence, findings, statistics",Ireland (State),contemporary,Housing; Macroeconomics,,https://www.esri.ie/publications/measuring-rental-inflation-evidence-from-ireland,https://www.esri.ie/system/files/publications/WP821.pdf,keyword:nationality,"Abstract Accurate measurement of rental inflation is essential for understanding housing market dynamics, informing policy, and ensuring reliable inflation statistics. This paper constructs a repeat rent index (RRI) using newly available administrative data from the Residential Tenancies Board (RTB), with near population-level coverage of both new and ongoing tenancies from Q2 2022-Q1 2025. Applying both hedonic and RRI methodologies to the same dataset isolates methodological effects from data scope and coverage effects and enables a formal decomposition of hedonic inflation estimates. Nationally, annual rental inflation measured by the RRI is consistently 2.1–2.8 percentage points lower than hedonic estimates. Decomposition shows that within-property rent growth accounts for 53% of hedonic inflation in this period, while entry and exit effects contribute roughly one-third, reflecting higher standardised rents for entrants and lower rents for exits. These findings highlight the role of market churn in shaping hedonic estimates and illustrate the importance of index choice for policy evaluation. Hedonic indices are best suited for capturing market-level dynamics, while RRIs provide a more accurate measure of affordability trends and compliance with rent controls. Our results demonstrate the value of comprehensive administrative data for improving rental market measurement and informing housing policy in regulated markets. Non-Technical Summary Accurate measurement of rental inflation is essential for understanding rental market dynamics, for assessing affordability, and informing broader housing market and economic policies. This study uses newly available administrative data from the Residential Tenancies Board (RTB), which provides coverage of both new and ongoing tenancies in the private rental sector following a 2022 legislative reform requiring annual registration of all tenancies. The availability of these data allows for the construction of a Repeat Rent Index (RRI) for the first time in Ireland and enables a direct comparison with the hedonic rent index method currently used. The key distinction between these two methodologies lies in what they measure. The RRI tracks the same properties over time, capturing rent changes within individual properties. This makes it particularly suited to measuring affordability trends for households (and properties) in the sector and for assessing the effectiveness of rent caps in limiting within-property rent rises. In contrast, the hedonic index does not track individual properties; instead, it uses all observed rents in each period and adjusts for differences in property characteristics. This means hedonic measures capture changes in the average rent paid and also reflect changes in the composition of the rental market over time, including the entry of new properties and the exit of other properties. Our analysis for the period Q2 2022-Q1 2025 shows that annual rental inflation measured by the RRI was consistently 2.1–2.8 percentage points lower than hedonic estimates. A formal decomposition reveals that 53 per cent of hedonic inflation in this period reflects within-property rent growth, while roughly one-third is driven by market churn, the entry and exit of properties with systematically different rent levels. Properties entering the sector over this period had rents around 11 per cent higher than those exiting, highlighting the role of property turnover in shaping hedonic estimates. Local authority level analysis reinforces these findings. In rent-controlled urban areas, RRI estimates of rental inflation were low, while hedonic estimates often exceeded rent cap thresholds. Importantly, two local areas can display similar hedonic inflation rates, yet the underlying drivers differ markedly. This distinction matters because it signals different affordability pressures: churn-driven inflation reflects structural market changes, while within-tenancy growth directly impacts sitting tenants more prominently. These differences have important implications for interpretation. Hedonic indices are crucial for understanding broader market pressures, driven by factors such as population growth, supply constraints, elevated construction costs, and high interest rates, all of which influence the mix of properties and overall rent levels. However, they can overstate the inflation experienced by households in the sector and lead to misinterpretation of the effectiveness of rent regulation in limiting rent increases. Conversely, the RRI provides a timely and clearer picture of affordability developments for households, but does not capture the impact of market churn on overall rent levels in the sector. Using both indices together provides a more comprehensive and timely understanding of rental market developments. This research demonstrates the value of leveraging administrative data to improve the accuracy and transparency of rental market indicators."
exclude,2026-04-30,Energy poverty and affordability in Ireland,ESRI Survey and Statistical Report Series,Andrés Estévez; Miguel Tovar Reaños,no migration vocabulary,,,,,Ireland (State),contemporary,Energy and Environment,10.26504/sustat139,https://www.esri.ie/publications/energy-poverty-and-affordability-in-ireland,https://www.esri.ie/system/files/publications/SUSTAT139.pdf,keyword:international protection; keyword:nationality; keyword:work permit,"Energy poverty is a persistent policy issue across Europe, one which will become increasingly relevant in the face of energy price volatility, climate change, geopolitical uncertainty, and the need for a just transition. Measuring energy poverty is vital for policymaking as it identifies vulnerable households, guides targeted supports and tracks progress, enabling timely adjustments to address rising energy costs, climate goals and changing household conditions. Energy poverty refers to a household’s lack of access to essential energy services that ensure a basic standard of living and health. It can be experienced in multiple ways. Energy bills might be too expensive, representing a high share of household’s income or limiting their capacity to afford other essentials. Alternatively, households may be forced to behave in ways that reduce their energy consumption to a point where their physical and mental health is compromised. Energy poverty stems from insufficient disposable income to afford adequate energy services, rendering it highly context-dependent and closely intertwined with a range of socio-economic issues and forms of hardship (Estévez and Tovar, 2024). It is also shaped by broader structural factors, including wage levels, income inequality, housing quality, corporate taxation, access to affordable energy, and the energy efficiency of the dwelling stock. Beyond national contexts, systemic and geopolitical factors such as extractivism, global inequalities, and the legacies of colonialism influence energy access, prices and infrastructure (Bouzarovski et al., 2025). In this sense, energy poverty is not simply an individual or household problem, but a multidimensional justice issue embedded in both national and global social, economic and political structures. The European Union has placed this challenge firmly on their policy agenda: Current directives require Member States not only to monitor energy poverty but also to design and evaluate measures that protect people experiencing energy poverty and vulnerable consumers, ensuring that affordability risks are systematically addressed. In Ireland, these aims have been incorporated into the Energy Poverty Action Plan (EPAP) and the National Energy and Climate Plan (NECP). In this report, we address key questions related to energy poverty and affordability."
exclude,2026-04-23,Assessing administrative burdens as barriers to implementation of Ireland’s Climate Action Plan,Report,Lucie Martin,no migration vocabulary,,,,"administrative, evidence, findings, interviews, mixed-methods, survey, surveys",Ireland (State),contemporary,Behavioural Science; Climate,,https://www.esri.ie/publications/assessing-administrative-burdens-as-barriers-to-implementation-of-irelands-climate,https://www.esri.ie/system/files/publications/BKMNEXT450.pdf,keyword:nationality,"Using an innovative mixed‑methods approach combining behavioural science and environmental policy, UCD researchers examined administrative factors that delayed implementation of three priority climate action schemes in Ireland, namely, the Afforestation Scheme 2023–2027, the Solar for Schools Programme and the Shared Island Sports Club EV Charging Scheme. The project screened climate actions, audited the three schemes, gathered stakeholder insights and tested behavioural impacts through surveys and experiments. Surveys, experiments and interviews showed reduced stakeholder understanding and engagement due to complex systems, excessive paperwork, poor communication and limited staffing. The findings provide policy actors with practical evidence and recommendations to reduce administrative burdens through more streamlined processes, clearer communication and ‘sludge audits’, supporting more accessible, equitable and effective climate policy delivery in Ireland. What did the research aim to address? This research assessed how administrative burdens [1] act as barriers to implementation of climate action plans. While effective policy design receives significant attention, less is known about hidden implementation obstacles such as unclear guidance, complex paperwork and delays. These burdens can discourage participation, particularly among resource-constrained groups. The project is relevant to policymakers, public service administrators and civil society groups seeking to improve policy uptake, equity and climate action delivery. It addresses a key knowledge gap by identifying where administrative burdens occur and how they affect behaviour and access. Using an innovative mixed-methods approach, the project combined behavioural science with environmental policy to screen climate actions, audit three priority schemes, gather stakeholder insights and test behavioural impacts through surveys and experiments. It is one of the first studies globally to apply these tools to environmental policy implementation. What did the research find? Administrative burdens were most pronounced at key implementation stages of climate schemes, where they delayed progress and discouraged participation. Three of Ireland’s climate action schemes were analysed in depth: the Afforestation Scheme 2023–2027, the Solar for Schools Programme and the Shared Island Sports Club EV Charging Scheme. Burdens included long delays, unclear timelines and overly complex processes, which were especially onerous for volunteers, landowners and schools with limited capacity. A nationally representative survey and behavioural experiment showed that complex documents and poorly designed systems reduced comprehension and engagement, particularly for those with lower digital and administrative literacy levels. Stakeholder interviews highlighted systemic barriers, including excessive paperwork, poor communication and limited staffing. These findings fill a gap in climate policy research by showing how behavioural and administrative design affects implementation. The project produced three policy briefs and a stakeholder insights paper, and applied a novel “sludge audit” [2] method adapted for environmental policy, offering the first practical evidence to guide administrative burden reduction in Irish climate delivery. How can the research findings be used? The findings offer a practical evidence base for reducing administrative burdens in climate policy, improving accessibility, equity and scheme uptake. We demonstrated how government departments and agencies can apply the “sludge audit” method to assess and streamline processes. The research also recommends clearer communication with applicants and targeted process improvements to reduce delays and confusion. These insights could inform future revisions of Ireland’s Climate Action Plan. More broadly, the findings are particularly relevant to policymakers designing schemes, public servants overseeing delivery and researchers evaluating programme performance. Ultimately, the research supports more user-centred policy design to help Ireland achieve its climate targets more effectively. [1] Administrative burdens, also known as “administrative frictions” in the academic literature, are onerous personal experiences of policy implementation, such as complex application forms, unclear guidance, long waiting periods or excessive effort required to learn about a programme. In the context of the climate and environment, administrative burdens can deter environmental scheme participation, slow progress towards environmental targets and impact resource-constrained groups that already suffer disproportionately in terms of environmental degradation. Interest in administrative burdens is increasing worldwide as governments and international organisations aim to understand how burden reduction initiatives can improve processes. [2] In parallel to research on administrative burdens, research on behavioural public policy has begun investigating “sludge”, defined as “unnecessary frictions that make it harder for people to do what they want”. Sludge is broader than administrative burdens, as it occurs in both public and private sectors (e.g. hard-to-cancel subscription plans rely on sludge to retain customers) and is closely linked to “nudging” and behavioural economic insights that humans are different from the perfectly rational agents that exist only in economics textbooks. Thus, small and supposedly irrelevant factors, such as administrative burdens, can have large behavioural effects. Rather than nudging people towards more desirable or sustainable choices, sludge can be detrimental to people’s preferences or best interests."
exclude,2026-04-16,Europe’s industrial footprint: Unveiling environmental impacts,Journal Article,Marta Alvaro-Taus; John Curtis,no migration vocabulary; no Ireland reference,,,,,,contemporary,Energy and Environment,10.1016/j.ecolecon.2026.109039,https://www.esri.ie/publications/europes-industrial-footprint-unveiling-environmental-impacts,,keyword:nationality; keyword:integration,"Highlights Develops a unified Environmental Emission Index for large industrial installations. Integrates multiple air pollutants into six life-cycle-based impact categories. Finds large industry improved environmental performance faster than the wider economy. Reveals uneven progress across impact categories, with limited gains in GHG reductions. Provides a tool to support EU and national policymakers in setting environmental priorities. Abstract This study examines the evolution of larger industry’s environmental performance relative to overall environmental pressures in Europe since 2007. We calculate a single composite index that outlines industry’s contribution of air emissions to potential environmental harms. Our results suggest that large industrial installations across the EU have made faster progress in reducing their environmental footprint than the rest of the economy. The greatest progress has been in reducing acidification potential, while improvements in global warming potential have been slow. At sector level, the energy sector’s contribution to environmental pressures has declined, but it remains the dominant polluter across all environmental impact categories. At the country level, Cyprus, Czechia, Estonia, Sweden, Finland, and Bulgaria are the six EU countries where large-scale industry’s contribution to total national environmental impact is still greater than 25%. The analysis underscores the importance of tailoring environmental policies to national realities, while also addressing European priorities."
exclude,2026-04-14,A descriptive comparison of Irish and European electricity prices: 2018–2024,ESRI Survey and Statistical Report Series,Brendan Wade; Niall Farrell; Muireann Á Lynch; Miguel Tovar Reaños,no migration vocabulary,,,,,Ireland (State),contemporary,Energy and Environment,10.26504/sustat138,https://www.esri.ie/publications/a-descriptive-comparison-of-irish-and-european-electricity-prices-2018-2024,https://www.esri.ie/system/files/publications/SUSTAT138.pdf,keyword:work permit,"This paper examines trends in European and Irish household electricity prices during the 2018–2024 period, with a particular focus on Ireland. Measured in nominal terms and excluding taxes and levies, Irish electricity prices ranked third highest in 2018 but had risen to be the highest by 2024. Inclusive of energy credits, taxes and levies, Irish prices were the eighth highest in Europe in the second half of 2024. When adjusting for the general cost of living, Irish average electricity prices moved from being the eighth to the fifteenth most expensive in Europe in 2024. Retail prices correlated strongly with the cost of electricity generation and supply during the 2018–2024 period. Network costs have had a lesser influence on total costs to date. Their impact on total costs is expected to increase in the coming years, though remaining modest relative to the increases seen in recent years."
exclude,2026-04-09,Artificial Intelligence and income inequality in Ireland,Jointly-published Reports,Karina Doorley; Richard O'Shea; Dora Tuda,no migration vocabulary,,,,"estimate, estimates, evidence, findings, we find",Ireland (State),contemporary,"Taxation, Welfare and Pensions",10.26504/jr16,https://www.esri.ie/publications/artificial-intelligence-and-income-inequality-in-ireland,https://www.esri.ie/system/files/publications/JR16_0.pdf,keyword:international protection; keyword:employment permit; keyword:work permit,"Artificial intelligence (AI) is advancing quickly and is beginning to reshape the kinds of work people do, how incomes are earned, and the balance between labour and capital in modern economies. For Ireland, a country with a highly educated workforce and a strong technology sector, AI adoption presents a unique challenge and opportunity. This report explores what AI adoption could mean for Irish households, for the distribution of income, and for public finances over the short- to medium-term. Using evidence from international research, we simulate a range of plausible scenarios for AI adoption and its effect on employment, wages and capital income. Linking these scenarios to the Irish tax-benefit system using SWITCH, the ESRI’s microsimulation model, we investigate the potential distributional effects of AI adoption in Ireland. Unlike previous waves of technological change, AI tends to place higher earning and highly educated workers at greater risk of disruption, because the occupations most exposed to AI are predominantly in these groups. In our central scenario – drawn from credible international estimates – around 7 per cent of current jobs could be displaced in the short–medium run. Those most likely to experience this disruption are found in higher income households, where the share of workers transitioning into unemployment is substantially larger than in lower income families. For those who remain in work, AI is expected to increase productivity. We estimate that workers who are not displaced may see modest but broadly shared wage gains. These gains are not large enough to counterbalance the average fall in income due to job displacement. Increases in returns to capital as a result of AI adoption, while modest in percentage terms, benefit households at the very top of the income distribution, where the vast majority of Ireland’s capital income is concentrated. When these effects are combined, we find an average decline in household disposable income as a result of AI adoption. The largest average losses are experienced by middle and higher income households, for whom job displacement outweighs any wage or capital income gains. Lower income households also lose, but by much less. Ireland’s tax and welfare system absorbs most of the income loss for lower income households, and roughly half of the loss for households at the top of the income distribution. Income inequality, measured by the Gini index, rises moderately in every scenario we examine due to the polarising effect of job losses and wage and capital income increases on the income distribution. The implications for the public finances are also substantial. If employment losses are relatively small and productivity gains are realised, AI adoption could boost Exchequer revenues. But if job displacement is sizeable, tax receipts fall while welfare spending rises, resulting in potentially large pressures on the public finances. These findings underline the importance of forward-looking policy. AI has the potential to increase productivity and living standards, but only if the workforce is equipped with the skills needed to use it effectively or to transition into roles that are less exposed. Ireland’s high levels of educational attainment offer a strong foundation, but targeted educational support will be essential, particularly for older workers or those with lower formal qualifications. Investment in lifelong learning, retraining and programmes that help workers shift into AI-complementary or currently under-supplied occupations will be crucial. Beyond the labour market, our analysis highlights the need to consider the future resilience of Ireland’s tax base. If AI accelerates the shift from labour income to capital income, the current heavy reliance on labour taxation may become increasingly difficult to sustain. Broadening the tax base and strengthening taxation of wealth and capital may become necessary to ensure the long-term stability of public services and welfare supports. Although the long-term effects of AI remain uncertain, Ireland is well placed to benefit from the opportunities it brings – but only if the risks are managed carefully. AI adoption will create winners and losers, at least in the short to medium term. Policymakers will need to steer this transition in a way that supports displaced workers, protects the living standards of vulnerable households and ensures that the gains from AI contribute to inclusive and sustainable economic growth."
include,2026-04-02,How do disability rates differ across the island of Ireland?,ESRI Research Series,Anne Devlin; Adele Bergin; Seamus McGuinness,"only ambiguous migration terms; PDF: 42 pages, 259 Ireland mentions",mobility,259,42,"400 people, administrative, analysis of, case studies, case study, census, cohort, data",NI and ROI/island,contemporary,Social Inclusion and Equality,10.26504/rs227,https://www.esri.ie/publications/how-do-disability-rates-differ-across-the-island-of-ireland,https://www.esri.ie/system/files/publications/RS227.pdf,keyword:international protection; keyword:ethnic; keyword:ethnicity; keyword:third country; keyword:work permit,"Ageing populations and the resulting pressures on health and social care systems as well as social security systems are causing disability prevalence to be an increasingly salient issue in Northern Ireland (NI) and Ireland, as well as in many other developed societies. A greater understanding of disability prevalence is therefore important as policies in a number of relevant areas adapt to this changing landscape. The censuses in NI and Ireland and the subsequent individual level data which are available allow for side-by-side case studies of a range of economic and social issues, including disability. While this contributes to understanding of policy-relevant issues on an all-island basis, differences remain and they are not perfectly comparable. While the census questions differ between jurisdictions, the data support meaningful side-by-side comparisons and the results are interpreted with appropriate caution. This is the first work to examine disability rates across the island of Ireland. Disability prevalence, as measured by self-reported disability from the respective censuses amongst those aged 20–69 years, is broadly similar across Ireland and Northern Ireland, with rates of 23 per cent in Northern Ireland and 22 per cent in Ireland. However, severity differs. Northern Ireland has a higher proportion of individuals with severe limitations, with 10.9 per cent of individuals reporting they are ‘limited a lot’ compared to 6.2 per cent in Ireland who report being limited ‘to a great extent’. This suggests that while the headline rates appear similar, the intensity of disability is higher in Northern Ireland. In NI, disability rates rise steadily with age. However, in Ireland, the pattern is less linear. Disability rates are higher in Ireland at younger age groups while at older age groups, it is much higher in NI. Severe disability follows a similar trend, with NI showing much higher rates among older age groups. There is a clear relationship between disability prevalence and educational attainment, with disability rates higher amongst those with lower levels of education. And there is a steeper relationship between educational attainment and disability in NI than there is in Ireland. This suggests that education has a strong protective effect in terms of disability. However, we do not prove causality in the analysis. Higher rates of disability are evident in the North West of the island as well as in parts of the main cities (e.g. parts of Belfast and parts of Dublin) as well as in a column down the middle of Ireland and the South East. It is likely that these rates of disability are highly correlated with higher rates of deprivation as well as local age profiles. There is not a consistent border pattern, i.e. we do not see lower or higher levels around the border. However, we can see that areas with lower rates in Ireland are mirrored in the NI county/council area which they meet. More specifically, higher rates are seen in Donegal and Derry and Strabane, while lower rates are seen in Monaghan and Armagh, Banbridge and Craigavon. Using probit models to examine the factors associated with reporting a disability, differences in observable characteristics – such as age, gender, geographic location – tend to account for a much larger share of the variation in disability rates in NI compared to Ireland and this is particularly the case for severe disability. This indicates that unmeasured factors contribute more to the observed prevalence of disability in Ireland relative to NI. While having a third-level qualification is correlated with a lower level of being disabled in Ireland by 7 percentage points, for NI the reduction is 15 percentage points. On the other hand, whilst the probability of disability rises with age in both areas, the impacts of age on disability is much larger in NI. For example, being aged 60–69 relative to those aged 20–29 raises the likelihood of disability in NI by 38 percentage points compared to 16 percentage points in Ireland. Those who are unpaid carers in Ireland are 7 percentage points more likely than those who do not have unpaid caring roles to report as disabled, while this figure is 1 percentage point for NI. This is important as caring is becoming more prevalent in both jurisdictions. In both areas, those identifying as Black, Asian or other mixed ethnicities have lower levels of disability all else being equal, as does being Catholic. Local labour market conditions exert some influence, but the marginal effects of these variables are relatively small in both regions. This is considerably different to what is found in the international literature on disability but is in line with previous findings for Northern Ireland (Devlin et al., 2023). What is interesting is that this holds in both jurisdictions despite very different health and social care systems, North and South. In our country-specific econometric modelling, within the NI model, physical and mobility conditions are the strongest predictors of severe disability; mobility conditions requiring wheelchair use raises the likelihood of reporting a severe disability in NI by 21 percentage points, while mobility conditions not requiring a wheelchair raises the probability of severe disability by 16 percentage points. In contrast, having conditions that limit physical activity increases the likelihood of severe disability in Ireland by 7 percentage points. Reporting psychological, emotional or mental health conditions is strongly associated with reporting a severe health condition in NI and Ireland. More specifically, those with psychological, emotional or mental health conditions are 7 and 10 percentage points more likely respectively to report a severe disability. Having an intellectual disability increases the likelihood of a severe disability by 8 percentage points in NI and 7 percentage points in Ireland. A range of policy implications arise from the insights in this study. The steeper age gradient in terms of disability in NI may be further evidence of a legacy effect from the NI conflict. Further research could examine whether this spills over in to Ireland. While the data is more comparable than was previously the case, it is not perfectly so and significant differences remain in how disability is captured. Improving data comparability on disability and in health more broadly across the island would greatly support research and information in this important area. More specifically, identical questions and aligned timing of the relevant censuses would be a helpful addition in terms of the data available for studies of disability as well as other important outcomes which shape people’s lives. The findings underscore the importance of tailoring disability-related social security and health interventions to local contexts, particularly in regions where historical and structural factors shape outcomes."
exclude,2026-03-31,Does sludge slow down the solar schools scheme? An assessment of administrative burdens preventing climate action in Ireland,Journal Article,Lucie Martin,no migration vocabulary,,,,"administrative, interviews, qualitative, we analyse",Ireland (State),contemporary,Behavioural Science,10.1016/j.enpol.2026.115268,https://www.esri.ie/publications/does-sludge-slow-down-the-solar-schools-scheme-an-assessment-of-administrative-burdens,,keyword:nationality; keyword:integration,"Highlights •First systematic sludge audit of a national solar energy grant programme. •Integrates journey mapping, NSW Sludge Scales, and qualitative interviews. •Shows that the Irish Solar for Schools programme is overall well-administered. •Identifies opportunities for sludge reduction. •Provides recommendations such as centralising administrative responsibilities. Abstract The installation of solar photovoltaic panels on school roofs facilitates a clean energy transition and provides opportunities for educating the younger generation about the importance of renewable energy. Grants are available in many countries to facilitate such installations. However, the administrative hassle associated with these grants can be a barrier to uptake as school principals tend to be very busy with everyday tasks. Building on research on administrative burden and sludge, we analyse the administrative procedures of the Solar for Schools programme that launched in 2023 in the Republic of Ireland. To do so we integrate insights from behavioural science about the disproportionate effect of small frictions into the energy transition and conduct one of the first “sludge audits” to inform environmental policy. We show that several procedures in the scheme are well-administered and operate smoothly, such as learning about the programme and obtaining financial approval. However, there is room for improvement. Key frictions include frustrations arising from stringent requirements and the burden of document preparation, which only an analysis through the lens of behavioural science can identify. We provide recommendations for energy policy, emphasizing how copying successful elements, centralising administrative responsibilities, simplifying application requirements, and removing inefficient restrictions may enhance policy uptake and success."
exclude,2026-03-31,The impact of a minimum wage increase on employment: Evidence from Ireland,ESRI Research Series,Paul Redmond; Lorcan Kelly,no migration vocabulary,,,,"data, evidence, sample, we find",Ireland (State),contemporary,Labour Markets and Skills,10.26504/rs228,https://www.esri.ie/publications/the-impact-of-a-minimum-wage-increase-on-employment-evidence-from-ireland,https://www.esri.ie/system/files/publications/RS228_2.pdf,keyword:employment permit; keyword:work permit,"The minimum wage in Ireland increased every year from 2016 to 2025. We investigate whether these minimum wage increases led to a higher likelihood of minimum wage employees becoming unemployed or inactive. To do this, we implement a difference-in-differences methodology that compares the changes in employment outcomes of minimum wage employees to higher-paid employees up to six months following a minimum wage change. We find no evidence that recent minimum wage increases in Ireland increased the likelihood of minimum wage employees losing their jobs. While minimum wage employees are generally more likely to enter non-employment than higher-paid workers, the likelihood of this happening did not increase following increases to the minimum wage. Furthermore, no pattern emerges with respect to the magnitude of the minimum wage increase. In some years, the minimum wage increase was relatively large, while in other years it was small. However, larger minimum wage increases over this period did not coincide with a higher likelihood of minimum wage employees entering non-employment. In addition to the full ‘adult’ minimum wage rate, employees aged under 20 can earn an age-based, sub-minimum youth wage. This means that young minimum wage employees can ‘age into’ a higher minimum wage band. For example, an employee aged 18 is entitled to 80 per cent of the full adult minimum wage rate. Upon turning 19, they are entitled to 90 per cent of the full rate, and upon turning 20, they are entitled to the full adult minimum wage rate. We also exploit this feature of Irish minimum wage policy to evaluate the causal effect of ‘ageing into’ a higher minimum wage band. To do this, we implement a difference-in-differences methodology that compares the outcomes of sub-minimum youth wage employees that experience a birthday (i.e. whose age changes from one quarter to the next) to sub-minimum youth wage employees whose age stays the same. We find that, on average, young workers that ‘age into’ a higher minimum wage band did not experience an increased likelihood of job loss in the quarter directly following their birthday. When looking at differences over time, there is some evidence of job loss in the earlier time period (2016–2020); during this period, sub-minimum youth wage employees that experienced a birthday from one quarter to the next were 15 percentage points more likely to enter non-employment than sub-minimum youth wage employees whose age stayed the same. However, a caveat is that this result is based on a relatively small sample size. For the later years (2021–2025), there was no statistically significant impact. Note that there are several potential channels of adjustment by employers following a minimum wage increase. One potential adjustment, which is the focus of this study, is the possibility that employers lay off existing minimum wage workers. Other channels of adjustment relate to reductions in hiring new staff, reductions in hours, a reduction in profits or an increase in prices. While several previous studies have found reductions in hours following a minimum wage increase in Ireland, the remaining channels of adjustment for Irish firms remain relatively under-researched, primarily due to data constraints. Nonetheless, these channels of adjustment present a very useful avenue for future research on Irish minimum wage policy."
exclude,2026-03-30,"Childcare subsidies, childcare costs and benefit erosion: Simulations for Ireland",Journal Article,Karina Doorley; Richard O'Shea,no migration vocabulary,,,,"data, estimate, estimating, survey, we find",Ireland (State),contemporary,"Taxation, Welfare and Pensions",,https://www.esri.ie/publications/childcare-subsidies-childcare-costs-and-benefit-erosion-simulations-for-ireland-1,,keyword:nationality,"The National Childcare Scheme (NCS) is a government subsidy introduced in 2019 to reduce the cost of formal childcare in Ireland. This research explores the effectiveness of the NCS in achieving this aim by estimating the cost ‘coverage’ of the subsidy, measured by the ratio of the subsidy to the total cost of care. Using the microsimulation model, SWITCH, linked to 2022 data from the Survey of Income and Living Conditions, we find that the NCS covers 28 per cent of childcare costs on average for eligible families. While the universal component of the NCS has increased over time, most of the parameters of the means-tested component have remained fixed in nominal terms. We carry out a counterfactual simulation, in which the thresholds for the income-assessed subsidy had evolved in line with wage inflation since 2019. We estimate that such indexation would increase coverage to 37 per cent while the cost to the Exchequer would increase by 30 per cent. These results point to the scale of benefit erosion that has occurred due to the nominal freeze to the parameters of the income-assessed subsidy."
exclude,2026-03-30,"Childcare subsidies, childcare costs and benefit erosion: Simulations for Ireland",Journal Article,Karina Doorley; Richard O'Shea,no migration vocabulary,,,,"data, estimate, estimating, survey, we find",Ireland (State),contemporary,"Taxation, Welfare and Pensions",,https://www.esri.ie/publications/childcare-subsidies-childcare-costs-and-benefit-erosion-simulations-for-ireland-0,,keyword:nationality,"The National Childcare Scheme (NCS) is a government subsidy introduced in 2019 to reduce the cost of formal childcare in Ireland. This research explores the effectiveness of the NCS in achieving this aim by estimating the cost ‘coverage’ of the subsidy, measured by the ratio of the subsidy to the total cost of care. Using the microsimulation model, SWITCH, linked to 2022 data from the Survey of Income and Living Conditions, we find that the NCS covers 28 per cent of childcare costs on average for eligible families. While the universal component of the NCS has increased over time, most of the parameters of the means-tested component have remained fixed in nominal terms. We carry out a counterfactual simulation, in which the thresholds for the income-assessed subsidy had evolved in line with wage inflation since 2019. We estimate that such indexation would increase coverage to 37 per cent while the cost to the Exchequer would increase by 30 per cent. These results point to the scale of benefit erosion that has occurred due to the nominal freeze to the parameters of the income-assessed subsidy."
exclude,2026-03-25,The Irish economy in the 2020s,QEC Research Note,John FitzGerald; Dónal O'Shea,no migration vocabulary,,,,estimate,Ireland (State),contemporary,Macroeconomics,10.26504/rn20260101,https://www.esri.ie/publications/the-irish-economy-in-the-2020s,https://www.esri.ie/system/files/publications/RN20260101.pdf,keyword:nationality; keyword:work permit; keyword:foreign,"Since 2019 the growth in national income in Ireland has been impressive, averaging almost 5 per cent a year. We investigate the drivers of this growth and the extent to which growth is translating into higher standards of living for those living in Ireland. Net national income (NNI) is preferred as an estimate of the income available to those living in Ireland. Unlike modiﬁed gross national income (GNI*), it excludes the capital used up in producing Ireland’s national income – depreciation. 1 In addition, our approach allows for national income to be split out, both by sector and into the contributions from the domestic and foreign sectors of the economy. We also isolate the impact of windfall corporation taxes on growth in national income over the past decade. Average annual growth in national income would have been one percentage point lower in the period since 2019 without windfall corporation taxes. Much of the apparent shift in the structure of the economy towards the foreign sector is also explained by windfall corporation tax receipts. The domestic productive sector shows up as playing a larger role in recent growth when windfall corporation tax receipts are removed. This contribution extends the focus on windfall corporation tax receipts beyond their impact on the public ﬁnances. In particular, they are shown to materially aﬀect both the share of national income coming from foreign sectors and the overall growth rate of the economy in the 2020s."
exclude,2026-03-25,"Quarterly Economic Commentary, Spring 2026",ESRI Forecasting Series,Alan Barrett; Conor O'Toole; Dónal O'Shea,no migration vocabulary,,,,"data, labour force survey, statistics",Ireland (State),contemporary,Macroeconomics; Housing,10.26504/QEC2026SPR,https://www.esri.ie/publications/quarterly-economic-commentary-spring-2026,https://www.esri.ie/system/files/publications/QEC2026SPR.pdf,keyword:nationality; keyword:employment permit; keyword:work permit,"This Commentary has been prepared during the second and third weeks of the Iran crisis. At the time of writing, it remains unclear how long the crisis will last and how intense the related global economic shock will be. However, it is already clear that energy prices have risen sharply and that higher prices are likely to persist for some time, even if the conﬂict ends soon. In preparing our forecasts, we draw on futures markets, which reﬂect the current elevated prices levels and an expected downward drift over the course of this year and into next. The main impact of the Iran crisis for our forecasts is with regard to inﬂation. In our winter Commentary, we had expected Consumer Price Index (CPI) inﬂation to be 2.1 per cent in 2026. We now expect this to be 3.2 per cent in 2026 and 2.7 per cent in 2027, but a more prolonged conﬂict would imply higher rates with energy price rises leading to price rises across a wide range of goods and services. This generalised inﬂation would dampen economic activity. The economy performed strongly in 2025. Exports grew by 9.6 per cent, although the pace of growth eased through the year. Modiﬁed domestic demand (MDD) grew by 4.9 per cent. Underlying this MDD growth was strong growth in consumption of 2.9 per cent and also a jump in modiﬁed investment, speciﬁcally in ICT. We expect the economy to continue to grow in 2026 and 2027, although at a slower pace – our forecast for MDD growth in 2026 is 2.1 per cent followed by 2.8 per cent in 2027. As with our inﬂation forecast, our broader forecasts will be reviewed in the light of the ongoing Iran crisis. Housing output remains a core concern of policy and it is well understood that annual completions need to be approaching 50,000 units if national targets are to be met. An increase in output was registered in 2025 with 36,248 completions, compared to just over 30,000 in 2024. Based on the forward indicators that are currently available (commencements and planning permissions), it is diﬃcult to see further upward momentum in housing output. For now, we expect housing output to remain in the mid-30,000s in 2026 and 2027. Data in the latter part of 2025 appeared to show a softening in the labour market, but the data for the last quarter of 2025 showed employment growth rising again to 2 per cent. One concerning point in the latest Central Statistics Oﬃce (CSO) monthly unemployment release is an apparent rise in youth unemployment although we will need to track if this is also evident in the results of the quarterly Labour Force Survey. In our assessment, we discuss how the Government might insulate households from the eﬀects of the energy price increases if these increases persist at a high level. Based on previous ESRI work, we recommend against cutting indirect taxes on energy products due to poor targeting and adverse incentives. Flat-rated energy credits are better targeted than indirect tax cuts, but welfare changes are the most eﬀective means of approaching this challenge if the goal is to insulate the most needy eﬀectively. Looking at longer-running challenges, we raise concerns about the capacity of the economy to deliver on so many infrastructure needs in a limited time-frame, and point to the need for prioritisation. This point becomes more important if the Iran crisis lead to construction inﬂation. We also note how tariﬀ-related uncertainty has not ended and that policy in respect of domestic ﬁrms remains critical."
exclude,2026-03-24,Price elasticity of residential natural gas demand: Evidence from population microdata in Ireland,ESRI Working Paper,Brendan Wade; Philip Carthy; Niall Farrell,no migration vocabulary,,,,"data, dataset, evidence, findings, microdata",Ireland (State),contemporary,Energy and Environment,,https://www.esri.ie/publications/price-elasticity-of-residential-natural-gas-demand-evidence-from-population-microdata,https://www.esri.ie/system/files/publications/WP824_0.pdf,keyword:naturalisation,"This paper quantifies the short-run price elasticity of demand for residential natural gas consumption. We use a novel population dataset of natural gas consumption covering all residential consumers connected to the Irish natural gas network. We match retail prices to residential consumers using a representative profile of tariffs. Using supply area information, we match households to geo-referenced weather station data to control for weather effects. Our findings reveal a short-run elasticity ranging from -0.19 to -0.33. We explore heterogeneity in this effect across regions and household characteristics, finding variation in price response by house type, house size, consumer supply area and consumer meter type."
exclude,2026-03-19,"The RTB Rent Index, Q3 2025",Indices Report,Rachel Slaymaker; Katie Devane; Chi Tran,not a research publication (Indices Report),,,,,,,Housing,,https://www.esri.ie/publications/the-rtb-rent-index-q3-2025,https://www.esri.ie/system/files/publications/RIQ32025_0.pdf,keyword:nationality,"Key findings The national standardised average rent in new tenancies stood at €1,776 in Q3 2025. The year-on-year growth in standardised average rent for new tenancies stood at 5.4 per cent in Q3 2025. The national standardised average rent for existing tenancies rose by 4.6% annually to €1,494 per month in Q3 2025. The number of new tenancies registered and used in the New Tenancies Rent Index sample in Q3 2025 was 14,544. The number of existing tenancies used in the Existing Tenancies Rent Index sample in Q3 2025 was 49,901."
include,2026-03-12,"Bullying in context: how families, schools, and social ecologies shape student perceptions in Ireland",Journal Article,Selina McCoy; Keyu Ye,no PDF on ESRI page (journal article or external),migrants,,,"data, findings, regression, survey",Ireland (State),contemporary,Education; Health and Quality of Life,10.1007/s42380-026-00345-5,https://www.esri.ie/publications/bullying-in-context-how-families-schools-and-social-ecologies-shape-student,,keyword:migrant; keyword:naturalisation; keyword:international protection,"Conceptualising bullying as socially embedded, this paper assesses how the ecologies of schools and families shape student experience. Survey data from 2243 Irish secondary students in second (age 14) and fifth (age 17) year, from diverse social and economic backgrounds, allows us to examine bullying from the viewpoint of those most directly affected. Using multilevel regression, the study examines the relationship between student perceptions of bullying as a problem at their school and their individual and school characteristics. A complex interplay between social context, family dynamics, school environment shapes perceptions of bullying and the implications for life satisfaction. Students with special educational needs were more likely to report bullying as a problem at school and poorer life satisfaction. Clear instruction and effective teaching are negatively associated with perceptions of bullying, likely fostering structured environments where bullying is less tolerated. School contextual characteristics are important, particularly the protective effect of attending schools in the DEIS (Delivering Equality of Opportunity in Schools) programme and single sex schools for girls. The findings show a link between student awareness of bullying and enduring psychological and social effects of COVID-19. Recent Irish policy, particularly Cineáltas: The Action Plan on Bullying (Government of Ireland, 2022), acknowledges the ecological nature of bullying, particularly in the digital age. Including measures such as whole-school training, greater student voice, and supports for students from marginalised groups, including LGBTQ + young people, disabled students, and migrants, the plan operationalises an inclusive, preventive ethos and addresses many of the findings of this research."
exclude,2026-03-10,A review of residential heat decarbonisation in Ireland,QEC Special Article,Muireann Á Lynch; Miguel Tovar Reaños; Niall Farrell,no migration vocabulary,,,,"administrative, data, evidence, statistics",Ireland (State),contemporary,Energy and Environment,10.26504/QEC2026SPR_SA_Lynch,https://www.esri.ie/publications/a-review-of-residential-heat-decarbonisation-in-ireland,https://www.esri.ie/system/files/publications/QEC2026SPR_SA_Lynch.pdf,keyword:work permit,"Ireland’s Climate Action Plan targets rapid decarbonisation of residential heat, with 2030 targets for deep retrofits (500,000 homes to BER ≥B2), large-scale heat-pump deployment (400,000 in existing dwellings), and district heating (up to 2.7 TWh/yr). This article reviews progress to date and the empirical evidence on whether the current policy mix is likely to deliver the required emissions reductions. Using the latest administrative statistics, we show that delivery is materially off-track: by end-2024, deep retrofits reached 57,932 (11.5% of target) and heat-pump installations 14,194 (3.5% of target). Linear projections based on post-pandemic trends imply that even continued acceleration leaves substantial shortfalls by 2030, with district heating similarly unlikely to meet targets. We synthesise evidence on the barriers driving under-delivery—high household capital costs, disruption, administrative complexity, information constraints, and landlord–tenant split incentives—and highlight capacity trade-offs with housing supply via constrained construction labour and complementary electricity-network investment needs. We review the recent literature on retrofits to date, which shows that measured decarbonisation may be overstated because BER/EPC metrics can diverge substantially from actual energy use. Finally, we discuss supplementary policy pathways aimed at hard-to-reach households and system-wide efficiency: targeted fuel switching (including regulated renewable heat blends and sustainable liquid biofuels with robust traceability), more progressive targeting of supports toward low-income/high-impact homes, and enabling flexibility through smart controls and thermal energy storage. We conclude that meeting climate objectives will likely require both faster delivery of existing measures and additional, better-targeted interventions grounded in representative, data-driven evaluation."
include,2026-02-26,The long-term outcomes of school absence,ESRI Research Series,Emer Smyth; Anna Moya; Merike Darmody,"PDF: 122 pages, 43 Ireland mentions",migrant,43,122,"administrative, analysis of, census, cohort, data, dataset, estimate, estimated",Ireland (State),contemporary,Education,10.26504/rs220,https://www.esri.ie/publications/the-long-term-outcomes-of-school-absence,https://www.esri.ie/system/files/publications/RS220_0.pdf,keyword:migrant; keyword:employment permit; keyword:work permit,"International research has pointed to the longer-term impact of school absence on outcomes in early adulthood. This study uses Growing Up in Ireland data to document the consequences of absence in primary and post-primary education for a range of outcomes in (early) adulthood, including educational qualifications, labour market position, and health and wellbeing. The main research questions addressed in the study are: What is the relationship between school absence and outcomes in early adulthood, including Leaving Certificate attainment, post-school qualifications, employment status and quality, income, life satisfaction, and mental health? Does the impact of school absenteeism on future outcomes vary depending on when the absences occur (i.e. primary or post-primary education)? Does school-level absence have an effect over and above individual absenteeism? Do the relationships between school absenteeism and early adulthood outcomes vary based on factors such as socio-economic status, gender, migrant background, and disability? Attendance has become all the more important as a policy concern given the increase in school absence since the pandemic."
exclude,2026-02-24,Trajectories of mental health difficulties from childhood to adolescence: Evidence from Growing Up in Ireland,ESRI Research Bulletin,Michael Vallely; Anne Nolan; Emer Smyth,no migration vocabulary,,,,"cohort, data, evidence, findings, growing up in ireland, longitudinal, questionnaire, survey",Ireland (State),contemporary,Health and Quality of Life,10.1007/s12187-025-10311-0,https://www.esri.ie/publications/trajectories-of-mental-health-difficulties-from-childhood-to-adolescence-evidence-from,https://www.esri.ie/system/files/publications/RB202603.pdf,keyword:nationality,"This Bulletin summaries the findings from: Vallely, M., Nolan, A. and Smyth, E. (2025) ‘Trajectories of Mental Health Difficulties from Childhood to Adolescence: Evidence from Growing Up in Ireland’, published in Child Indicators Research. Available at: https://doi.org/10.1007/s12187-025-10311-0&nbsp ; Introduction Many mental health difficulties first emerge in adolescence, a critical period that can have lasting impacts on later-life outcomes. Poor mental health in early life is associated with poorer physical health, disruptions to education and employment, lower life satisfaction and poorer mental health outcomes in adulthood. Recent research in several countries, including Ireland, has documented significant increases in mental health difficulties among young people, particularly emotional problems, over time. In this study, we examine how mental health difficulties evolve between childhood and adolescence, focusing on two types of mental health difficulties: internalising problems (such as emotional or peer problems) and externalising problems (such as conduct problems or hyperactivity). Data and Methods We use data from the ’98 and ’08 Cohorts of Growing Up in Ireland, the national longitudinal study of children and young people, to examine how internalising and externalising difficulties evolve from ages 9–17 ('98 Cohort) and 3–13 ('08 Cohort). Internalising and externalising difficulties are based on scores from the Strengths and Difficulties Questionnaire (SDQ), completed by the young person’s primary caregiver (usually their mother). Group-based trajectory modelling is used to identify internalising and externalising difficulties trajectories and to examine how these vary by gender and cohort. As the two GUI Cohorts were born ten years apart, and have comparable data at ages 9 and 13, a cross-cohort comparison of levels and change in internalising and externalising scores between 9 and 13 is also undertaken. Results Most young people show low levels of mental health difficulties, but differences are observed by gender, age and across the two cohorts. In general, girls display higher rates of internalising difficulties, while boys display higher rates of externalising difficulties. Internalising problems include emotional problems (e.g., often unhappy, down-hearted or tearful) or peer problems (e.g., picked on or bullied by other children) while externalising problems include conduct problems (e.g., often has temper tantrums) or hyperactivity (e.g., constantly fidgeting or squirming). The results of the group-based trajectory modelling show how internalising and externalising difficulties evolve from ages 9–17 for the '98 Cohort and ages 3–13 for the '08 Cohort. For example, for the ’98 Cohort, the results for internalising difficulties show that about 23 per cent of girls display high or increasing levels of internalising difficulties between the ages of 9 and 17. There is more stability in internalising difficulty levels among boys, although 12 per cent display consistently high levels of internalising difficulties at ages 9, 13 and 17. For externalising difficulties, levels are stable for both boys and girls between the ages of 9 and 17 for the ’98 Cohort (although higher overall for boys). For the ’08 Cohort, levels of externalising difficulties decline between the ages of 3 and 13, although there is a group of boys (11 per cent) who display consistently high levels of externalising difficulties at all ages between 3 and 13. The timing of the survey waves means that we can compare 9- and 13-year-olds a decade apart. This shows that girls born in 2008 experience higher levels of internalising difficulties at a younger age than their counterparts born ten years earlier in 1998. Conclusions The findings align with recent research showing that internalising difficulties are becoming more prevalent among young people, especially girls. This could be due to several factors such as use of social media, educational stress and expectations, and — for the younger cohort — the impact of COVID-19, as their age 13 data were collected during the pandemic. Externalising symptoms improve for most children as they age, but some boys in particular remain at high risk. Further research examining the ‘08 cohort at age 17 will be important in confirming whether the emerging differences between the two cohorts are sustained through adolescence, or whether they reflect an earlier transition to a more stable set of trajectories. The findings highlight the need for greater mental health supports for young people, as well as their parents, families, and wider communities (e.g., schools, youth groups). Such supports include primary prevention (e.g., programmes to enable young people to develop the strategies and coping mechanisms to deal with mental health difficulties), as well as access to appropriate mental health diagnosis and treatment."
exclude,2026-02-23,Evaluating child–caregiver attachment beyond infancy when language barriers exist,Journal Article,Maria Lee,no Ireland reference; no PDF on ESRI page (journal article or external),refugee,,,,,contemporary,Health and Quality of Life,10.1093/chidev/aacaf025,https://www.esri.ie/publications/evaluating-child-caregiver-attachment-beyond-infancy-when-language-barriers-exist,,keyword:refugee,"Abstract Observational coding systems are invaluable for understanding child–caregiver interactions, but their reliance on language comprehension limits their use with linguistically diverse populations. We developed the Behavioral Recognition in Displaced Group Exchanges (BRIDGE) coding system to measure the quality of refugee child–caregiver relationships through paralinguistic cues (e.g., tone) and kinetic behavioral signals (e.g., gestures). Here BRIDGE was tested on 1,092 videos featuring 287 Syrian refugee mothers and their children in Jordan ( M age = 6, range 4–8; 1:1 gender ratio). Most coders were unable to understand the language the dyads spoke, yet all demonstrated excellent intra- and interrater reliability across preregistered analyses. Coding patterns also showed convergence, divergence, sensitivity to contextual factors, and temporal stability, establishing BRIDGE as a robust linguistically agnostic tool. Lay Summary Understanding how well caregivers and school-age children interact usually requires knowing the language they speak. We created Behavioral Recognition in Displaced Group Exchanges (BRIDGE), a tool that measures the quality of child–caregiver relationships beyond infancy using tone of voice and body language instead of words. Here BRIDGE was tested on a large set of videos featuring Syrian refugee mothers and their school-age children in Jordan, which were rated by observers from around the world. Even though most observers could not understand Arabic, they were still able to reliably judge the relationships, showing that BRIDGE works across language barriers."
exclude,2026-02-18,Public support for welfare and redistributive policies in Ireland,ESRI Research Series,Daniel Capistrano; Bertrand Maître; Helen Russell,no migration vocabulary,,,,"data, evidence, findings, participant, respondents, survey",Ireland (State),contemporary,Social Inclusion and Equality,10.26504/rs224,https://www.esri.ie/publications/public-support-for-welfare-and-redistributive-policies-in-ireland,https://www.esri.ie/system/files/publications/RS224_0.pdf,keyword:third country; keyword:work permit,"The current report presents findings of a research project that explored attitudes towards welfare and redistributive policies among Irish residents. Public support for the welfare state is an important foundation for democratic governments to pursue the policies needed to alleviate poverty in society. The study draws primarily on data from the European Social Survey (ESS), which is supplemented with information from the Election Survey. Three in every four Irish residents indicate that they agree that the government should take measures to reduce differences in income. This proportion is slightly higher than the European average (71%) and the proportions in other northern European countries (Figure 2.1). Support for income redistribution is higher among females, those in the lowest income quintile and those from the unskilled and skilled manual social classes (Table 2.1). Young people and those born in Ireland, and those who place themselves to the left in terms of their political attitudes are also more supportive of redistribution. To get behind these general sentiments around distribution, the study also explores the attitudes to more concrete welfare and tax policy, as well as ideological basis for redistribution. While the connection found between social position (e.g. low income) and support for redistribution might be explained by self-interest (i.e. the belief that greater redistribution would improve their own material conditions), there is also evidence that it is influenced by people’s views on fairness. In Ireland, perceptions about unfairness of the income of the rich is associated with support for redistribution as much as perceptions of how unfairly low the income of the poor is. In countries such as Norway and France, unfairly high incomes are more strongly associated with support for redistribution (Figure 3.6). ATTITUDES TO SOCIAL BENEFITS A high proportion of respondents in Ireland (64%) believe that social benefits prevent poverty (down slightly from 69% in 2009), but there was a small increase in the proportion of respondents who agree that ‘social benefits lead to a more equal society’ from 52 per cent in 2009 to 53 per cent 20161 (Figure 3.4). However, apart from these positive beliefs, there are also more negative sentiments, with 58 per cent believing that ‘social benefits make people lazy’. Younger people, those on the right of the left-right scale, and those with lower educational attainment are more likely to agree that social benefits make people lazy (Table 3.1). While that belief declined over time, Ireland has one of the highest proportions in Europe of respondents agreeing with this statement (Figure 3.5). There is a higher level of support for government spending on older people and childcare for working families than there is for those who are unemployed. The same pattern is observed in most European countries but, in Ireland, the gaps between these three groups are significantly smaller. A third of respondents indicated that they would agree with higher taxes if it meant more or better public services. This is the sixth highest percentage across the 27 participant countries (Figure 3.7). CHANGE OVER TIME Over the period 2002 to 2023/4, support for redistribution in Ireland fluctuated around 75 per cent. Trends differ across social class groups. Support for income redistribution among the working class in Ireland is now at the highest level since 2002 (Figure 4.2). Events such as a government campaign focused on welfare fraud and budget announcements have a significant but short-lived impact on welfare attitudes (Figure 4.7) and support for redistribution (Figure 4.9). The impact of the pandemic is also visible. Those who experienced job loss during the COVID-19 pandemic are more supportive of redistribution, regardless of their financial situation (Figure 4.10), suggesting that the enhanced role of government in supporting incomes during that period boosted support for redistribution. These findings suggest that there is a strong basis of support for government policies of redistribution; however, these are sensitive to framing, with a focus on fraud rather than citizens’ entitlements, leading to more negative sentiment about redistribution. Attitudes to welfare are also sensitive to trade-offs and perceived hierarchies of deservingness. Awareness of one’s own potential reliance on social benefits motivates support for redistribution but so does people’s sense of what is fair. Lessons from behavioural studies suggest that providing information to individuals about the extent of existing inequalities influences individual support for redistribution. These findings underscore the importance of governments addressing misperceptions related to welfare recipients and providing reliable information about inequalities in society."
exclude,2026-02-11,Squandered skills? Bridging the digital gender skills gap for inclusive growth in Ireland – A comparative European perspective,Jointly-published Reports,Adele Whelan; Luke Brosnan; Seamus McGuinness,no migration vocabulary,,,,"data, estimates, evidence, regression, survey, we find",Ireland (State),contemporary,Labour Markets and Skills,10.26504/JR15,https://www.esri.ie/publications/squandered-skills-bridging-the-digital-gender-skills-gap-for-inclusive-growth-in,https://www.esri.ie/system/files/publications/JR15.pdf,keyword:work permit,"Rapid digital transformation, reflected in the growing use of digital technologies across jobs, is reshaping work in Ireland and Europe. This makes it essential to understand digital skill use in order to ensure inclusive economic growth, where the benefits of technological change are widely shared. Persistent gender gaps in access to advanced digital tasks matter because exposure to these tasks is often a stepping stone to higher-quality jobs, leadership pathways, and more productivity-enhancing work, so such disparities can reinforce wider labour market inequalities. This report examines the gender gaps in workplace digital task use, with a specific focus on Ireland, using the European Skills and Jobs Survey (ESJS) (Cedefop, 2021). We distinguish between basic digital tasks such as routine use of internet, word processing and spreadsheets, and advanced digital tasks including programming, AI/machine learning, and IT system management. We also construct a Job Digital Intensity Index (JDII) , which captures how digitally intensive jobs are overall, based on the range of digital tasks performed. Our analysis combines regression-based estimates, decomposition techniques, and distributional analysis to examine gender differences in digital task use and digital job intensity. Across Europe, women are around 15 percentage points less likely than men to perform advanced digital tasks in their jobs. Differences in observable worker and job characteristics, such as education, field of study, occupation and sector, explain only a minority of this gap, accounting for around 30 per cent on average. The remaining difference is not explained by the factors observed in the data, indicating that additional influences (not captured in the survey) may also play an important role. We find that gender disparities widen significantly at the very upper end of the distribution. While the lower and middle levels of digital intensity show more modest differences, the gap becomes most pronounced for jobs requiring the most digitally intensive range of tasks, pointing to a ‘digital glass ceiling’ within workplaces. Across Europe, the analysis also shows that gender gaps are larger and less well explained by observable characteristics among younger cohorts (aged under 35). This suggests that the under-representation of women in advanced digital roles is not a legacy issue confined to older cohorts, but one that continues to emerge early in careers. Ireland stands out in the European context. It exhibits the largest gender gap in advanced digital task use, with approximately 44 per cent of men versus 18 per cent of women performing advanced digital tasks, a difference of 26 percentage points, close to double the European average. Importantly, women in Ireland use advanced digital skills at rates broadly comparable to women elsewhere in Europe. Ireland’s large gap instead reflects particularly high rates of advanced digital task use among men. While differences in the types of jobs men and women do (often referred to as occupational sorting) explains a somewhat larger share of the gap in Ireland than in other European countries, a substantial portion remains unexplained, highlighting the potential influence of unobserved structural, cultural or other organisational factors specific to the Irish labour market. Overall, the evidence shows that closing the gender gap in digital skill use at work will require more than increasing women’s participation in science, technology, engineering and maths (STEM) education or occupations. While education and access to digital jobs are important, the results highlight the need for further research into other factors that may shape opportunities to develop and apply advanced digital skills, including workplace organisation, task allocation, progression pathways, and broader organisational practices. Addressing these issues will be important not only for gender equality, but also for productivity, innovation and inclusive economic growth in Ireland."
exclude,2026-02-09,"Buying and selling property in Ireland: Behavioural evidence on bidding systems, stressors and market comprehension",ESRI Research Series,Deirdre Robertson; Adam Joachim Shier; Shane Timmons; Pete Lunn,no migration vocabulary,,,,"data, evidence, findings, mixed-methods, participants, sample, survey, surveys",Ireland (State),contemporary,Behavioural Science,10.26504/rs226,https://www.esri.ie/publications/buying-and-selling-property-in-ireland-behavioural-evidence-on-bidding-systems,https://www.esri.ie/system/files/publications/RS226.pdf,keyword:international protection; keyword:nationality; keyword:work permit,"This report investigates how the Irish housing transaction system influences buyer and seller behaviour. Drawing on behavioural science, it explores how cognitive biases, including auction fever, loss aversion and ambiguity aversion, may be exacerbated by features of the Irish market. We empirically assess how bidding systems, knowledge gaps, and transactional stressors affect decision-making. A nationally representative sample of 800 adults participated in a mixed-methods study comprising an online auction experiment and a survey. Participants engaged in simulated property bidding under four conditions: a control, sealed bid, estate agent and online platform. In the control condition, participants indicated what they thought was the maximum amount a friend or family member should pay for a given house. In the three other conditions, the participants bid on houses for themselves. The bidding used realistic house descriptions and budgets. A survey then assessed participants’ knowledge of rights and responsibilities, their experiences and expectations of transactional stressors, and their preferences for system reforms. The experiment found that open bidding systems including estate agent and online platforms led participants to bid significantly more than in the sealed bid and control conditions, often exceeding their pre-stated ideal budgets. The survey revealed that knowledge of rights and responsibilities is low, with widespread misconceptions about legal obligations and protections. Two-thirds of all buyers reported experiencing at least one transactional stressor, but this rose to 84 per cent of buyers who had purchased in the past three years. Half of all sellers had experienced at least one stressor. Conveyancing delays for both buyers and sellers and unexpected costs for buyers were the most common. When asked which elements of the system they would prefer, participants leaned towards online bidding platforms, seller-led surveys and legal binding upon contract signing. Participants also believed that online bidding platforms would be the most likely system to reduce house prices in Ireland. The data from the experiment suggest that this expectation may not be met. The findings highlight how behavioural dynamics – such as competitive pressure and poor information – can lead to disadvantageous decisions for both buyers and sellers in the Irish housing market. While participants favour the transparency of online systems, their behaviour in auctions suggests that open systems may unintentionally push up prices. The prevalence of transactional stressors and knowledge gaps underscores the need for improvements, potentially with clearer guidance and streamlined conveyancing. The report considers some areas for reform that would align system design with behavioural insights, with a view to reducing stress for both buyers and sellers and improving decision-making and trust in the property market."
exclude,2026-02-06,A holistic view of biomethane: Insights from a systematic review of biomethane in Ireland,ESRI Working Paper,Anita Vollmer; Muireann Á Lynch,no migration vocabulary,,,,"analysis of, we find",Ireland (State),contemporary,Energy and Environment,,https://www.esri.ie/publications/a-holistic-view-of-biomethane-insights-from-a-systematic-review-of-biomethane-in,https://www.esri.ie/system/files/publications/WP819_0.pdf,keyword:naturalisation; keyword:nationality,"Biomethane is gaining traction as a possible renewable alternative to fossil gas. Due to its interconnection with food and waste systems and the decentralised nature of its production it is a complex energy source that should be considered within the broader energy-environment-society nexus it occupies. To map this complexity, we conduct a systematic review of research on biomethane in Ireland from which we develop insights on biomethane that go beyond the Irish context. Our research complements existing cross-country studies which, due to their geographic scope, have focused more on specific elements of the biomethane life cycle than the interplay between them. We find that the national context substantially shapes the potential for and impacts of a biomethane industry. However, even within a single-country context, there is strong uncertainty around the scale of biomethane’s energy and carbon abatement potential. Our research also highlights the importance of a socio-ecological systems level analysis of biomethane as it has wide-reaching positive and negative social and environmental impacts that, at least in the Irish case, have so far been understudied. Finally, we highlight the need for a long-term vision of the space biomethane will occupy in an energy system since it is frequently portrayed as an interim solution until other technology matures."
exclude,2026-02-06,"Perceptions of safety, fairness and risk in road spaces shared by pedestrians, cyclists and drivers",ESRI Working Paper,Celine Fox; Shane Timmons; Pete Lunn,no migration vocabulary; no Ireland reference,,,,"findings, n=1600, participants",,historical,Behavioural Science,,https://www.esri.ie/publications/perceptions-of-safety-fairness-and-risk-in-road-spaces-shared-by-pedestrians-cyclists,https://www.esri.ie/system/files/publications/WP818_1.pdf,keyword:integration,"Designing shared road spaces that accommodate multiple modes of transport is central to promoting active travel, but engagement can be hindered by perceptions of danger and unfairness, especially among groups more worried about navigating shared spaces. This study used an online randomised experiment (N=1600) to test how design interventions, such as clearly demarcating space, removing visual obstacles and adding signage, influence perceptions across different shared spaces: pedestrian crossings, bus stop islands, car parking adjacent to cycle lanes, left turns across cycle lanes, and roundabouts. Participants were shown existing and AI-generated images of spaces with or without interventions. They rated the spaces for perceived safety, fairness, yielding frequency and injury risk. Interventions that removed visual obstacles and clearly demarcated space improved perceptions across pedestrians, cyclists, and drivers. Other interventions, such as legislative fine warnings or integrated (protected) roundabouts, had mixed or context-dependent effects. Moderation analyses indicated that interventions were as or more effective among individuals more worried about travel in daily life. These findings demonstrate that context-sensitive shared space design can harmonise perceptions across diverse road users, with implications for transport policy and urban design."
exclude,2026-01-27,Childhood gambling experiences and adult problem gambling,Journal Article,Diarmaid Ó Ceallaigh; Shane Timmons; Deirdre Robertson; Pete Lunn,no migration vocabulary,,,,"analysis of, data, findings, n= 1, sample, survey",Ireland (State),contemporary,Behavioural Science,10.1080/14459795.2025.2591411,https://www.esri.ie/publications/childhood-gambling-experiences-and-adult-problem-gambling-0,,keyword:international protection; keyword:nationality,"Many countries are strengthening their regulation of the gambling industry. Measures to protect children from exposure to gambling are often an important component of regulation, as childhood exposure to gambling is thought to lead to problem gambling (PG) in adulthood. We report a pre-registered analysis of survey data from a nationally representative sample of adults in Ireland (N= 1,663). Almost two-in-three adults (64%) report having gambled before turning 18 and doing so is associated with an 83–87% increase in the risk of later-life PG (p < 0.01). Having a parent who gambled and having parents with more positive attitudes toward gambling are also associated with increased risk of PG of 33% (p <0.05) and 31–40% (p < 0.05), respectively. Those who had a parent that gambled a lot are 80% more likely to have PG (p < 0.01). However, the relationship between parental behavior and PG is weaker among younger age groups. Having multiple childhood risk factors is associated with between a doubling and a quadrupling of the probability of PG. Our findings support childfocused regulatory measures to restrict access and exposure to gambling for children."
exclude,2026-01-27,Childhood exposure to gambling increases likelihood of problem gambling as an adult,ESRI Research Bulletin,Diarmaid Ó Ceallaigh; Shane Timmons; Deirdre Robertson; Pete Lunn,no migration vocabulary,,,,"data, estimated, evidence, findings, participants, sample, survey, surveys",Ireland (State),contemporary,Behavioural Science,10.1080/14459795.2025.2591411INTRODUCTIONAn,https://www.esri.ie/publications/childhood-exposure-to-gambling-increases-likelihood-of-problem-gambling-as-an-adult,https://www.esri.ie/system/files/publications/RB202601.pdf,keyword:international protection; keyword:nationality,"This Bulletin summaries the findings from: Ó Ceallaigh, D., Timmons, S., Robertson, D. and Lunn, P. D. (2026). Childhood gambling experiences and adult problem gambling. International Gambling Studies. Available at: https://doi.org/10.1080/14459795.2025.2591411 INTRODUCTION An estimated 1 in 30 adults in Ireland suffers from problem gambling, meaning that their gambling behaviour harms their finances, wellbeing and social circle. International evidence suggests that childhood experiences of gambling, such as gambling oneself or having a parent who gambled frequently, can increase the chances of developing problem gambling. This study tested for a link between childhood exposure to gambling and problem gambling as an adult within a large, representative sample in Ireland. The study used an anonymous, online survey, because in-person or telephone surveys can lead people to underreport their gambling behaviour. DATA AND METHODS A nationally representative sample of 1,663 adults took part in the online survey and responded to all questions relevant for this study. Participants reported if they had gambled before the age of 18, whether their parents gambled (and how frequently, if they did) and their parents’ attitudes towards gambling. We measured problem gambling using a standard survey scale called the Problem Gambling Severity Index. RESULTS Almost two-thirds of adults (64%) reported gambling before 18. The most common forms of gambling were slot machines, scratch cards, horse or dog betting, gambling amongst friends, bingo and lotteries Those who gambled as children were almost twice as likely to have problem gambling in adulthood. Having a parent who gambled increased the risk by a third, while having a parent who gambled heavily almost doubled the risk. Having a parent with a positive attitude towards gambling also increased the risk. When these risk factors were combined, the risk amplified: those who gambled before 18 and had a parent who gambled heavily had a four-fold increase in the risk of problem gambling. For those aged under 40 years old, the link between parental gambling and adult problem gambling was weaker. This may reflect the younger generation’s greater exposure to online gambling and marketing, whereas the older generation’s exposure occurred mostly at home. Certain forms of childhood gambling, such as sports betting, loot boxes and casino games, were linked to a higher risk of problem gambling in later life, although more evidence is needed to measure the impact of these relatively less common forms of gambling. CONCLUSIONS Childhood gambling experiences strongly predict problem gambling as an adult. The findings from this research support stricter regulation to protect children from gambling exposure, including better age checks, limits on gambling marketing, and regulation of products that appeal to children. Helping parents to reduce gambling may also help, although the weakening influence of parents in younger cohorts suggests that broader measures to limit exposure outside the home are important. Further research should test how well these measures work."
exclude,2026-01-26,"School-level patterns of non-attendance, 2022/23 and 2023/24",ESRI Research Series,Anna Moya; Emer Smyth; Merike Darmody,no migration vocabulary,,,,"administrative, data, evidence, records, we analyse",Ireland (State),contemporary,Education; Social Inclusion and Equality,10.26504/rs219,https://www.esri.ie/publications/school-level-patterns-of-non-attendance-2022-23-and-2023-24,https://www.esri.ie/system/files/publications/RS219_2.pdf,keyword:work permit,"School attendance has become a topic of international concern, particularly in light of the disruptions caused by the COVID-19 pandemic, which has led to long-lasting challenges in attendance (Dee, 2024; Fuller et al., 2024; Lichand et al., 2024; Tomaszewski et al., 2023). Some evidence suggests that English-speaking countries have been particularly affected (Anders et al., 2024). Analysing attendance patterns is crucial due to its well-established links with school performance and attainment (Aucejo and Romano, 2016; Gottfried, 2010, 2011; Gottfried and Kirksey, 2017; Smyth, 1999), as well as with long-term outcomes in educational trajectories (Smerillo et al., 2018; Allensworth and Easton, 2007; Liu et al., 2021; Ansari et al., 2020) and in the labour market (Ansari et al., 2020; Klein et al., 2024, Klein and Sosu, 2024; Attwood and Croll, 2017). We use administrative data from the AAR (Annual Attendance Report) collected by TESS (Tusla Education Support Service), which include the total number of days lost to absence in each school and the number of chronically absent students, defined as those absent for 20 or more days over the school year. The data cover the years 2022/23 and 2023/24 at both primary and post-primary level. We analyse these measures in relative terms: the proportion of chronically absent students relative to the total student population, and the average number of days lost per student. These school records are matched with publicly available data published by the DEY (Department of Education and Youth), which provides information on school characteristics. We examine variation in attendance by factors such as the school’s denomination, ethos, gender mix, size, language of instruction, level of socioeconomic deprivation (as measured by the HP Pobal Index), county, and fee-paying status."
exclude,2026-01-22,Nowcast (as of 22 January 2026),Indices Report,Paul Egan; Janez Kren,not a research publication (Indices Report),,,,,,,Macroeconomics,,https://www.esri.ie/publications/nowcast-as-of-22-january-2026,https://www.esri.ie/system/files/publications/nowcast_202601.pdf,keyword:work permit,"As of January 22nd, the ESRI's 2025Q4 nowcast estimates that MDD is growing at 4.3% year-on-year. This is up on the 3.8% estimate from last month and is based on data from October and November. Decomposing the key drivers of this month’s nowcast show that industrial production output, consumption, housing, fiscal and price data contributed positively to the estimate. On the other hand labour and financial data had a negative impact on the estimate."
include,2026-01-21,How do EMN Member Countries provide language and literacy support measures for adult refugees?,EMN Ireland Migration Memo,Ada Sophia Hahn; Lúcás Rohan,"PDF: 3 pages, 28 Ireland mentions","migrant, refugee, refugees",28,3,"findings, participants",Ireland (State),contemporary,"Migration, Integration and Demography",,https://www.esri.ie/publications/how-do-emn-member-countries-provide-language-and-literacy-support-measures-for-adult,https://www.esri.ie/system/files/publications/EMNMemo8.pdf,research_area:67; keyword:migrant; keyword:migration; keyword:refugee; keyword:nationality; keyword:integration,"Language proficiency is an essential component of migrant integration. It facilitates access to education, employment, services, and fosters overall social cohesion. Providing adequate language and literacy support is therefore an important part of governing a diverse society. This Migration Memo provides an overview of EMN Member Countries’ different policy approaches to providing language support for refugees, drawing from a 2025 EMN Inform published jointly by the EMN, the Council of Europe, and the OECD. Key takeaways • Over half of reporting EMN Member Countries deliver language supports to adult refugees through mainstream approaches. Ireland aligns with this trend, though its decentralised and localised ETB model is unusual. • Twelve EMN Member Countries offer targeted, refugee-only language support. In Ireland, this applies only to a limited number of resettled refugees. • Language training that is flexible, affordable, and compatible with broader life circumstances – such as employment and childcare – is more likely to be accessible and effective for refugee learners. In Ireland, while some additional support – including trauma-informed teaching and contextual learning – are available, their provision varies by location and remains fragmented at national level."
exclude,2026-01-20,Supporting student wellbeing in school contexts: A narrative review,ESRI Research Series,Caoimhe Dempsey; Selina McCoy,no migration vocabulary,,,,"evidence, findings, qualitative, quantitative",Ireland (State),contemporary,Education,10.26504/rs223,https://www.esri.ie/publications/supporting-student-wellbeing-in-school-contexts-a-narrative-review,https://www.esri.ie/system/files/publications/RS223.pdf,keyword:work permit,"International and Irish studies have indicated negative trends in the mental health and wellbeing of young people over recent years. Indeed, the most recent wave of the Health Behaviour of School-Aged Children study shows that Ireland ranked 24 out of 36 countries on overall adolescent mental health. This is in stark contrast to Ireland’s high rankings on adolescent academic and social skills (1st) and physical health (11th) within the study (Cosma et al., 2023). In the face of these worrying trends, in many countries, including Ireland, there is a growing awareness that wellbeing is both an outcome and an enabler of learning, such that academic goals can only be addressed within the context of positive wellbeing. The psychosocial environment in schools is critical for fostering students’ emotional and social wellbeing. Schools hold significant potential to promote wellbeing and mental health given their capacity to (a) reach diverse young people, (b) facilitate social connections and (c) host wide-ranging interventions. Indeed, children and adolescents themselves describe school as having a large impact on their wellbeing (ONS, 2020). Ireland has made significant strides in promoting student wellbeing and mental health in schools in recent years. The Department of Education and Youth’s approach to supporting both wellbeing and mental health in schools and educational contexts is set out in its Wellbeing Policy Statement and Framework for Practice (2018), and is evaluated at school level through the school self-evaluation process. However, despite these policy strides, significant concerns and disagreement remain regarding how best to promote and even monitor student wellbeing and mental health in school contexts. Addressing this issue, the current review adopts a narrative approach to exploring how wellbeing and mental health are promoted and monitored in school contexts in Ireland and internationally. A broad range of literature underpins the findings presented, including quantitative and qualitative empirical articles, policy reports, government agency documents and publications from international organisations (e.g., UNESCO, OECD). Together these sources ensure a wide range of insights from various disciplines. The findings from this evidence base provide the basis for recommendations on how the Irish Wellbeing Policy Statement and Framework for Practice could be further developed."
include,2026-01-15,The role of misperceptions in attitudes to immigration,ESRI Research Series,Shane Timmons; Celine Fox; Evan Carron-Kee; Keire Murphy; Pete Lunn,"PDF: 92 pages, 247 Ireland mentions","asylum, immigration, migrant",247,92,"000 people, 100 people, 4 participants, 40 participants, 401 participants, 500 participants, 90 participants, administrative",NI and ROI/island,contemporary,"Migration, Integration and Demography",10.26504/rs225,https://www.esri.ie/publications/the-role-of-misperceptions-in-attitudes-to-immigration,https://www.esri.ie/system/files/publications/RS225_1.pdf,research_area:67; keyword:migrant; keyword:migration; keyword:immigrant; keyword:immigration; keyword:asylum; keyword:integration; keyword:work permit,"This study examines public perceptions of immigration in Ireland and their relationship to immigration attitudes. It was conducted against a backdrop of heightened salience of immigration in public discourse, marked by violent protests at buildings earmarked for asylum seekers, increases in racially motivated hate crimes and the spread of online misinformation. While the majority of the Irish public has maintained comparatively positive attitudes toward immigration, these events and related discourse underscore the importance of understanding the drivers of attitudes to immigration. Before presenting the findings, three contextual considerations are important to highlight. First, we did not expect individuals to know precise immigration statistics. Misperceptions of social and economic facts are common across many domains. What matters is not necessarily the accuracy of beliefs, but in how inaccuracies might relate to broader attitudes and, potentially, behaviours. Second, while we examine the relationship between misperceptions and attitudes, we do not assume that misperceptions cause attitudes. Though a causal relationship is plausible, identifying causality would require controlled experimental variation of perceptions, which is beyond the scope of this study. Nonetheless, establishing correlational relationships is a valuable step toward assessing whether causal links may exist and whether efforts to correct misperceptions may be worthwhile. Third, the purpose of this study is not to advocate for changing attitudes toward immigration for their own sake. Rather our aim was to identify systematic misperceptions that can distort democratic debate, increase vulnerability to misinformation and exacerbate social tensions. With these considerations in mind, we focused on two primary questions: (1) How accurate are public intuitions about immigration facts, such as population size, reasons for migration and migrant characteristics? (2) Are these perceptions linked to attitudes, even when accounting for other known predictors?"
exclude,2026-01-14,Sharing common measures of the environment across continents: Challenges and opportunities for global studies of aging,Journal Article,Anne Nolan,no migration vocabulary,,,,"data, longitudinal",NI and ROI/island,contemporary,Health and Quality of Life; Energy and Environment,10.1093/geronb/gbaf253,https://www.esri.ie/publications/sharing-common-measures-of-the-environment-across-continents-challenges-and,,keyword:naturalisation; keyword:nationality,"Objectives Environmental exposures are modifiable risk factors for accelerated aging, but research is frequently limited to individual countries due to inconsistent exposure assessment. Cross-national data provide broader perspectives but add methodological complexities. This study evaluated spatial and temporal patterns of 5 environmental measures assigned to older adult pseudopopulations in 8 countries to highlight opportunities and challenges for aging epidemiologic studies. Methods Through the Gateway to Global Aging Data project, we harmonized measures of air pollution (PM2.5, NO2, O3) and natural spaces (greenspace, blue space) for longitudinal aging cohorts in Brazil, Chile, England, India, Ireland, Mexico, Northern Ireland, and the United States. Global exposure data (1990–2021) derived from satellite observations, spatiotemporal models, and deterministic simulations were linked to 10,000 population-weighted points representing adults >50 years per country. We characterized urbanicity and area-level deprivation and examined spatial/temporal patterns to inform environmental aging research. Results Exposure levels and variability differed within and between countries. Greenspace and NO2 exhibited high within-country variation (200% higher within-country vs between-country standard deviations), whereas PM2.5 and O3 had larger across-country differences (300% higher between-country than within-country standard deviation). Temporal trends were generally consistent across countries, though unique patterns emerged (e.g., increasing PM2.5 and O3 levels in India and a radical drop in greenspace in Chile). Correlations were most consistent between NO2, greenspace, and area-level deprivation, though they varied (0.1 to 0.7). Discussion Harmonized measures facilitate cross-country comparisons of environmental exposures but require careful consideration of confounding by place and time and differential measurement to ensure robust inferences."
exclude,2025-12-18,"Quarterly Economic Commentary, Winter 2025",ESRI Forecasting Series,Alan Barrett; Conor O'Toole; Dónal O'Shea,no migration vocabulary,,,,"analysis of, data, estimated, estimates, evidence",Ireland (State),contemporary,Macroeconomics,10.26504/QEC2025WIN,https://www.esri.ie/publications/quarterly-economic-commentary-winter-2025,https://www.esri.ie/system/files/publications/QEC2025WIN_0.pdf,keyword:naturalisation; keyword:employment permit; keyword:work permit,"Forecast Overview: Generally, the economy continues to perform well. The most recent data show strong growth in consumption expenditure (+2.8% in Q3) and in exports (+12.9% in Q3). Tax receipts also point to strong economic growth. For example, VAT receipts were 5% higher at the end of November compared to the same period in 2024, while income tax receipts were 4.6% higher. Taking a broad measure of economic activity, modiﬁed domestic demand was 5.3% higher in the 12 months ending Q3 2025 compared to the previous 12 months. Ireland’s strong economic performance has been supported by an international trading environment, which has remained robust in 2025 in spite of the uncertainties created by the Trump administration. While employment continues to grow, the rate of increase has moderated. Employment was 1.1% higher in Q3 2025 compared to Q3 2024 but the corresponding ﬁgure in Q2 was 2.3%. The rate of unemployment has also increased marginally and is now 4.9%. A slight weakening in the labour market is also evident in the latest weekly earnings data – weekly earnings are growing by 5% but this is a fall from the 6% recorded in late 2024. We now expect modiﬁed domestic demand to grow by 4.0% in 2025 and by 2.1% in 2026. The balance between 2025 and 2026 is related to a large increase in modiﬁed investment in 2025 and hence a base eﬀect for 2026 rather than an underlying slowdown in 2026. We expect modest growth in employment this year of 2% falling to just over 1% next year. This relatively low rate of employment growth is expected to lead to a small increase in the rate of unemployment, from 4.8% in 2025 to 5.2% in 2026. While Q2 2025 saw a jump in housing completions to over 9,000 units, the number of completions levelled oﬀ in Q3. Based on three-quarters of data, it now seems likely that completions will be in the region of 35,000 for 2025. We expect a similar level of output in 2026 – if realised, this will mean another year when housing output will lag estimates of need. his Quarterly Economic Commentary (QEC) contains two boxes and a Special Article. In their box, Banahan and Slaymaker use data from the Residential Tenancies Board to show how trends in rents diﬀer when viewed by tracking properties over time as opposed to tenancies. For example, property-level rents rose by an average of just 2.2% in the year ending Q1 2025, considerably lower than headline rental inﬂation. In a separate box, the ESRI climate team introduce a methodology for monitoring trends in economic output, energy consumption and emissions collectively. They ﬁnd that decoupling between output and emissions is occurring in the industry sector but there is limited evidence of it occurring in the transport sector. From time to time, future QECs will include updates on these trends in an eﬀort to track links between economic growth and greenhouse gas emissions. Our primary aim will be to assess whether the nature of growth in Ireland’s economy is compatible with climate goals. We will also track performance relative to targets as missing targets could have implications for the public ﬁnances if this results in ﬁnes for the Irish State. Bercholz et al. provide the annual distributional analysis of Budget 2026, using the ESRI tax–welfare microsimulation model SWITCH. Among their ﬁndings, they show how average household income is estimated to be 1.3% lower as a result of the budget compared to a situation where all parameters of the tax and welfare systems were indexed by price growth. In our assessment, we reﬂect on Budget 2026 and draw attention to concerns over the ﬁscal stance adopted. The loosening of the ﬁscal stance is at odds with the current state of the business cycle. In addition, there appears to be an increasing over-reliance on potentially volatile corporate tax revenues, which is also counter to recommendations in previous QECs. In contrast to the ﬁscal stance in Budget 2026, two further policy documents point to more encouraging policy formation – Future Forty and Accelerating Infrastructure –Report and Action Plan."
exclude,2025-12-18,Distributional impact of tax and welfare policies: Budget 2026,QEC Special Article,Maxime Bercholz; Karina Doorley; Claire Keane; Cian Mowlds; Richard O'Shea; Agathe Simon,no migration vocabulary; no Ireland reference,,,,"estimated, we analyse",,contemporary,"Taxation, Welfare and Pensions",10.26504/QEC2025WIN_SA_Bercholz,https://www.esri.ie/publications/distributional-impact-of-tax-and-welfare-policies-budget-2026,https://www.esri.ie/system/files/publications/QEC2025WIN_SA_Bercholz.pdf,keyword:work permit,"In this Special Article we analyse the distributional impact of Budget 2026. In 2026, average household income is estimated to be 1.3% lower than it would be under a tax–welfare system indexed to price growth, and 1.9% lower than it would be under a system indexed to anticipated wage growth. While increases to welfare rates ahead of price inflation had a positive impact on lower income families, these were offset by the withdrawal of temporary cost-of-living supports, resulting in a loss overall. Middle- and higher-income households were negatively affected by the freezing of income tax credits and bands, as well as the withdrawal of these temporary cost-of-living supports. Overall losses are relatively flat across income groups and family types but are slightly larger for the lowest income 10% compared to the highest 10%. Examining the tax–welfare changes between 2020 and 2026, an interesting pattern emerges. Compared to a 2025 tax–welfare system indexed in line with either price or wage growth over this time period, households, on average, experienced a slight reduction in disposable income due to tax–welfare policy changes since 2020, with middle- and higher-income groups seeing small losses. However, the lowest income decile saw income gains compared to price or wage growth, due partly to welfare for children increasing about three times faster than prices or wages."
exclude,2025-12-18,Nowcast (as of 18 December 2025),Indices Report,Paul Egan; Janez Kren,not a research publication (Indices Report),,,,,,,Macroeconomics,,https://www.esri.ie/publications/nowcast-as-of-18-december-2025,https://www.esri.ie/system/files/publications/nowcast_202512.pdf,keyword:work permit,"As of December 17th, the ESRI's 2025Q4 nowcast esti mates that MDD is growing at 3.8% year-on-year. This is the fi rst esti mate for 2025Q4 and is based on October data only. Decomposing the key drivers of this month’s nowcast show that industrial producti on output,housing and prices were the main positi ve contributors to the esti mate. On the other hand consumpti on, fi scal and survey data had a negati ve impact on the esti mate."
review,2025-12-16,How do EMN Member Countries approach civic training as a tool for integration?,EMN Ireland Migration Memo,Ciára Dalton,"PDF: 2 pages, 10 Ireland mentions","migrants, third-country nationals",10,2,"findings, participants",Ireland (State),contemporary,"Migration, Integration and Demography",,https://www.esri.ie/publications/how-do-emn-member-countries-approach-civic-training-as-a-tool-for-integration,https://www.esri.ie/system/files/publications/EMNMemo7.pdf,research_area:67; keyword:migrant; keyword:migration; keyword:nationality; keyword:integration; keyword:third country,"Effective integration of migrants is an important part of successful migration management for EU countries. The main goal of civic orientation across all countries is to enable and promote the integration of eligible third-country nationals by equipping them with the knowledge and skills needed to take part in the social, economic, cultural and political life of the host society. This EMN Ireland Migration Memo provides a comparative overview of the approaches to civic training measures implemented by 25 EMN Countries and outlines key findings of an EMN-OECD joint Inform (2024). Key takeaways Most EMN Member Countries offer some form of civic orientation to migrants, with many providing options designed to support participants’ attendance, such as online courses, evening or lunch break timings, childcare during class time, and trainings available in multiple languages. Civic integration usually covers information on the functioning of the host society (e.g. norms, values, institutions) and/or practical information on accessing services. Gender equality is the most common topic. Civic orientation courses or trainings are free for attendees in the majority of EMN Member Countries, and around half of countries make it compulsory in some circumstances."
exclude,2025-12-12,Ireland’s medium-term economic outlook: Risks and opportunities,ESRI Forecasting Series,Aykut Mert Yakut; Samuel McArdle; Dónal O'Shea; Çağaçan Değer; Alan Barrett; John Curtis,no migration vocabulary,,,,,Ireland (State),contemporary,Macroeconomics,10.26504/eo02,https://www.esri.ie/publications/irelands-medium-term-economic-outlook-risks-and-opportunities,https://www.esri.ie/system/files/publications/EO2.pdf,keyword:naturalisation; keyword:Ukraine; keyword:nationality; keyword:work permit; keyword:foreign,"The objective of this Economic Outlook is to provide macroeconomic projections and scenarios of potential future paths for the economy over a ten-year horizon. Given the highly globalised nature of the Irish economy, the potential impacts associated with external shocks feature prominently. Current geopolitical tensions and ongoing developments in international trade relations raise concerns regarding the risks ahead for the global economy. These risks pose a great challenge for the Irish economy, given its reliance on multinational corporations and their significant contributions to the overall fiscal balances. Before describing the macroeconomic projections and scenarios, it is important to stress that the Economic Outlook is not a forecast of future economic performance. Instead, it comprises projections of what might happen subject to a broad range of underlying assumptions. Understanding the economy’s vulnerabilities and the dynamics of how economic shocks play out across sectors is an important input into the policymaking process. An underlying assumption of our baseline projection is that the global economy continues to evolve along its current pathway without any further economic shocks; for example, related to tariffs, world demand or exchange rates. An assumption of no further shocks is unrealistic, but it enables us to project a ‘business as usual’ pathway for the economy from which we can assess the impacts of potential challenges or opportunities facing the economy. Our baseline projection is for an annual average economic growth rate of 2.3 per cent in modified gross national income (GNI*) out to 2030 and 2.1 per cent from 2031 to 2035. Despite recent international upheavals and substantial domestic challenges, the outlook for the economy appears relatively favourable in the absence of any unforeseen shocks. There is a cautionary note to be added, however. While headline public finance indicators are strong, budget surpluses are based on windfall corporation tax receipts. Windfall taxes by definition could disappear rapidly, meaning that a healthy headline general government surplus of e5 billion could become a deficit of €13 billion if the windfall receipts disappeared, based on figures from Budget 2026. So while the baseline projects a potentially strong economic pathway over the coming decade, there is a fundamental vulnerability in public finances, in addition to other potential vulnerabilities, such as ongoing trade tensions. It is also the case that longer-term challenges, such as an ageing population and costs of climate change, are likely to become more binding in the years after our projection horizon. History tells us that unanticipated events can have major impacts on the economy and society, with Brexit, the COVID-19 pandemic and the Russian invasion of Ukraine recent examples. Our task is to consider what kinds of shocks, events or policy initiatives (both positive and negative) could arise and how they might impact the economy. The implications of three potential external shocks are examined: • A Global Slowdown scenario assesses the implications of a downturn in world trade via an across-the-board reduction in export demand • A Competitiveness scenario examines a loss of competitiveness relative to our international trading partners • A Multinationals scenario quantifies the impacts of reduced operations of multinational corporations in the pharma and information and communication technologies (ICT) sectors. These risks are centred around foreign-owned multinational corporations, which contribute around half of the overall gross value added within the economy. The other half comes from the much more numerous domestically owned firms, which are characterised by significantly lower average productivity compared to the multinational sector. Improving productivity within the indigenous sector could improve their share of economic activity, which is examined in the following scenario: • A Domestic Productivity scenario explores the potential outcomes associated with improving the productivity of indigenous firms."
include,2025-12-11,Asylum and migration overview 2024: Ireland,ESRI Survey and Statistical Report Series,Keire Murphy; Lúcás Rohan; Ciára Dalton; Ada Sophia Hahn,"PDF: 177 pages, 365 Ireland mentions","asylum, emigration, immigration, international protection",365,177,"192 people, 199 refugees, 202 migrants, 300 people, 4 persons, 600 people, 702 people, 745 people",NI and ROI/island,contemporary,"Migration, Integration and Demography",10.26504/sustat137,https://www.esri.ie/publications/asylum-and-migration-overview-2024-ireland,https://www.esri.ie/system/files/publications/SUSTAT137.pdf,research_area:67; keyword:migration; keyword:immigrant; keyword:immigration; keyword:emigrant; keyword:emigration; keyword:asylum; keyword:international protection; keyword:Ukraine; keyword:nationality; keyword:integration; keyword:work permit; keyword:labour migration,"The Asylum and Migration Overview 2024: Ireland provides a detailed overview of the key developments in migration and asylum in Ireland in 2024. It includes statistics, significant policy developments and debates, research and notable case law on a range of migration-related topics. It is the 21st report in the series and complements the European Migration Network’s (EMN) series of European annual monitoring reports, which give an overview of developments across EMN Member and Observer countries. These reports were previously called Annual Reports on Migration and Asylum. In 2024, their name changed to Asylum and Migration Overview. Ireland’s population continued to increase in 2024, with an estimated population of 5.459 million as of April 2025, a 1.5% increase from the previous year. Both immigration and emigration decreased in the year to April 2025, according to the CSO. The drop in immigration partially reflects the tapering off of arrivals from Ukraine, which had been high in previous years following Russia’s invasion of Ukraine. Net migration (immigration minus emigration) was, therefore, 59,700 in the year to April 2025, a 25% decrease from the previous year. More detailed statistics from 2024 are provided in thematic chapters throughout the report. There were also significant policy and legislative developments in 2024, particularly in the areas of labour migration, international protection, and integration. Developments also occurred at multiple levels, from the national to European to international levels. The EU’s Pact on Migration and Asylum and Ireland’s opt-in to the Pact, which happened in 2024, will shape migration policy and law for many years. This report serves as a comprehensive resource, providing detailed statistics, policy and legislative changes, summaries of recent research and significant case law. It is intended to be a reliable reference for readers seeking to understand these elements for the year of the report."
exclude,2025-12-09,Roadmap for an evaluation of the National Training Fund,ESRI Research Series,Elish Kelly; Elisa Staffa; Adele Whelan; Seamus McGuinness; Luke Brosnan,no migration vocabulary,,,,"data, estimated",Ireland (State),contemporary,Labour Markets and Skills,10.26504/rs221,https://www.esri.ie/publications/roadmap-for-an-evaluation-of-the-national-training-fund,https://www.esri.ie/system/files/publications/RS221.pdf,keyword:nationality; keyword:employment permit; keyword:work permit; keyword:direct provision,"The National Training Fund (NTF), established in 2000, plays a central role in Ireland’s workforce development and employment policy. Its purpose is to fund training that: i) supports individuals in employment; ii) assists jobseekers in entering or re-entering the labour market; and iii) contributes to identifying current and future skill needs. Administered by the Department of Further and Higher Education, Research, Innovation and Science (DFHERIS), the NTF supports approximately 18 major initiatives across these three areas, which are delivered by multiple agencies, including the Higher Education Authority (HEA), SOLAS, Skillnet Ireland and others. Funded by a levy on employers, the size of the NTF has grown significantly in recent years, driven by both increased levy rates and overall employment growth. Annual spend from the NTF rose from €357 million in 2017 to approximately €909 million in 2023. This reflects the scale of public investment in developing Ireland’s human capital and highlights the importance of ensuring that these resources are used effectively. As of the end of 2023, the NTF held a surplus of approximately €1.54 billion, and this was estimated to be €1.8 billion at the end of 2024. In April 2025, the Minister for Further and Higher Education, Research, Innovation and Science received approval from the Government to prepare a bill to amend the Act under which the NTF was established (the 2000 National Training Fund Act), so that the fund’s surplus could be used to provide additional supports to the higher education sector; this sum amounts to €1.485 billion over a six-year period between 2025 and 2030. The NTF has played a significant role in funding workforce development initiatives in Ireland over the past 25 years. In doing this, its aim has been to assist individuals to acquire new skills, enhance their employability and, ultimately, progress within the labour market. In 2023, over 87 per cent of NTF funding was directed towards 13 major labour market-focused programmes, including SOLAS’s Training People for Employment and Apprenticeship schemes, and a number of HEA-managed initiatives (e.g., Enterprise-Focused Higher Education Provision, Consortium-Led Apprenticeships and Springboard+). While some individual initiatives of the NTF have been reviewed on an ad hoc basis over time, this is the first systematic overview that has been undertaken to assess the extent to which all initiatives funded under the NTF can be evaluated using counterfactual impact evaluation (CIE) and, where CIE is not feasible, the most suitable methodologies based on project structure and objectives. CIE is recognised internationally as being the best tool for identifying the casual link between policies and/or programmes and their effects. It allows for a deeper understanding of the true impact of an intervention, helping to isolate the effects directly attributable to a policy or programme. It is a matter of national importance to ensure that evaluations of publicly funded training initiatives are undertaken, and that they are done in a timely, independent and methodologically sound manner, so that policymakers can make data-driven decisions to optimise the effectiveness of NTF investments in employee and workforce development."
exclude,2025-12-08,Assessing economic trends in Ireland and Northern Ireland,ESRI Survey and Statistical Report Series,Alan Barrett; Adele Bergin,no migration vocabulary,,,,"data, evidence",NI and ROI/island,contemporary,Macroeconomics,10.26504/sustat134,https://www.esri.ie/publications/assessing-economic-trends-in-ireland-and-northern-ireland,https://www.esri.ie/system/files/publications/SUSTAT134.pdf,keyword:work permit,"This report is the first in a planned annual series examining the structure and performance of the economies of Ireland and Northern Ireland. At one level, this report builds on previous work under the Shared Island initiative, in particular Bergin et al. (2025), and presents comparable data on the economies of Ireland and Northern Ireland. However, given that this is the first report in the new series, another objective is to explore how future reports might be structured whereby the series will provide an ongoing, evidence-based evaluation of key indicators across the two jurisdictions, highlighting areas of convergence and divergence, and identifying data gaps that limit north-south analysis. By establishing this foundation, the report seeks to develop further a joint understanding of the economies of Ireland and Northern Ireland, support policy development, inform future research, and encourage greater collaboration on shared challenges and opportunities across the island."
review,2025-12-04,Social and spatial inequalities in Nitrogen Dioxide (NO2) air pollution across Ireland,ESRI Research Bulletin,Aislinn Hoy; Gretta Mohan; Anne Nolan,"only ambiguous migration terms; PDF: 2 pages, 10 Ireland mentions",ethnicity,10,2,"census, data, evidence, findings, regression, statistics",Ireland (State),contemporary,Health and Quality of Life; Climate,10.1186/s12939-025-02674-1Introduction,https://www.esri.ie/publications/social-and-spatial-inequalities-in-nitrogen-dioxide-no2-air-pollution-across-ireland,https://www.esri.ie/system/files/publications/RB202518_3.pdf,keyword:nationality; keyword:ethnic; keyword:ethnicity,"This Bulletin summaries the findings from: Hoy, A., Mohan, G., and Nolan, A. (2025) Investigating inequalities in NO2 air pollution concentrations on novel indicators relating to small spatial areas. International Journal for Equity in Health . Available at: https://doi.org/10.1186/s12939-025-02674-1 Introduction Nitrogen dioxide NO2, a major air pollutant stemming primarily from transport-related fossil fuel combustion, presents a critical public health challenge. Exposure to NO2 irritates the airways, exacerbating respiratory conditions such as asthma and Chronic Obstructive Pulmonary Disease (COPD). Moreover, long-term exposure is associated with other diseases including stroke and diabetes mellitus, increases the risk of premature mortality, and generates considerable costs to the healthcare system. Although the adverse health effects of air pollution are well-recognised within the Irish policy framework, notably in initiatives like Healthy Ireland , Sláintecare, and the Clean Air Strategy , research into unequal population exposure remains scarce. A key policy concern is the potential for socioeconomically disadvantaged or vulnerable populations (e.g., lower-income households) to be exposed to higher NO2 concentrations. This study aims to fill this knowledge gap by exploring the link between ambient (outdoor) NO2 concentrations—a localised pollutant peaking near emission sources—and the demographic, social, and economic characteristics of small areas across Ireland. This focus on a highly localised pollutant necessitates a significantly finer analytical resolution. Data and methods This investigation uses the most contemporary NO2 concentration data for Ireland (2010–2020), derived from land use regression models to achieve a high resolution of 0.0025 km2. This spatial data was linked to the 2022 Irish Census small areas and two key socioeconomic sources: the Pobal Deprivation Index and the Small Area Population Statistics (SAPS). Using both descriptive and statistical models, the analysis examined whether areas with greater deprivation experienced higher NO2 concentrations. The study was stratified by urban and rural areas and also included analyses of educational attainment, ethnicity, housing tenancy, self-rated health, and smoking rates etc., aiming to provide data on environmental inequality to inform policy. Results The analysis reveals that Ireland experienced relatively low average annual NO2 concentrations over the 2010–2020 decade, below the World Health Organizations’ Air Quality Guideline level (10 μg/m3), though urban areas maintained approximately twice the level of rural areas, reflecting higher vehicular traffic. Crucially, the study uncovered significant disparities in average NO2 concentrations across population subgroups, with the national analysis displaying a U-shaped pattern across the overall deprivation measure and educational attainment; specifically, the most and least disadvantaged quintiles experienced the highest NO2 concentrations. This U-shaped trend was more pronounced in urban areas, where housing affordability likely compels disadvantaged groups to reside near major polluting roads, while more advantaged groups may live in more affluent urban geographies. Furthermore, small areas (SAs) with higher shares of non-white ethnic populations were exposed to higher NO2 levels across national, urban, and rural analyses, and SAs with greater shares of non-owner-occupied housing (renters) also recorded higher NO2 concentrations. In contrast, a positive finding was that SAs characterised by greater proportions of children and older people tended to live in areas of lower NO2 pollution, which is beneficial given their increased vulnerability to air pollution effects. Conclusions The research provides the first evidence of NO2 environmental inequalities in Ireland, specifically showing that NO2 concentrations are highest in areas with greater shares of non-white populations and renters (non-owner-occupied housing). These issues are most acute in urban areas. Although a U-shaped pattern was found regarding deprivation, indicating high NO2 concentrations for both the most and least advantaged, it is a significant concern because the disadvantaged are at greater risk of adverse health outcomes due to pre-existing vulnerabilities (e.g., poorer quality housing, chronic health conditions). These findings are vital for policymakers, offering evidence to target mitigation policies toward vulnerable populations, supporting Ireland's commitment to new EU and WHO air quality guidelines."
exclude,2025-12-04,Teachers’ professional journeys during the first decade longitudinal study: reviews of literature,Report,Emer Smyth,no migration vocabulary,,,,"000 participants, data, evidence, findings, longitudinal, mixed methods, mixed-methods, qualitative",Ireland (State),contemporary,Education,10.34961/researchrepository-ul.28399763,https://www.esri.ie/publications/teachers-professional-journeys-during-the-first-decade-longitudinal-study-reviews-of,https://www.esri.ie/system/files/publications/BKMNEXT449_0.pdf,keyword:nationality,"Context: Teachers Professional Journeys (TPJ): The First Decade (2024-2030) is an accelerated longitudinal mixed-methods study focused on understanding the dynamics of teacher learning and development from the final year of initial teacher education (ITE) through the first nine years of teachers’ work within classrooms and schools in the context of the wider education system at primary, post-primary and further education (FE) sectors in Ireland. The purpose of this first report is to document several reviews of literature undertaken to support subsequent phases of the TPJ study and, in particular, the second report which will be focused on study design and instrument development as the basis for subsequent phases of the study. TPJ Study Aim and Objectives: The overarching aim of the TPJ study is “to understand beginning teachers’ professional journeys, by examining the key personal, educational, professional and systemic influences that define and shape their early careers and practice, including the impact of different learning and professional development phases”. Flowing from that overarching aim, the five TPJ study objectives are: 1. To examine beginning teachers’ attitudes, values, dispositions and formative experiences in relation to teaching and learning. 2. To investigate early career teachers’ and other stakeholders’ perceptions of their capacity (knowledge, skills, experience, preparedness) to meet the needs of learners in a variety of school contexts. 3. To explore teachers’ early professional learning and career experiences as they leave ITE and transition across the three phases of professional development. 4. To review the ability of ITE programmes, Droichead and Cosán to respond to national priorities, policy and practice developments. 5. To consider issues relating to teacher supply, diversity and retention. Reviews of Literature Method: Four literature reviews and three scoping reviews were undertaken. An issues paper was also drafted. All three scoping reviews were conducted using the guidelines in the Preferred Reporting Items for Systematic Reviews and Meta-Analyses for Scoping Reviews (PRISMA-ScR) with searches undertaken via Scopus, EBSCO and Web of Science. The objective of the scoping reviews is to understand the extent and type of evidence in relation to (i) longitudinal studies on teaching 1970-2023, (ii) large scale cross-national studies of teaching 2000-2023 and (iii) research on teachers in Ireland (years 1-9) 2000-2023 across primary, post-primary and FE. A teacher supply issues paper, drawing on relevant national and international literature, addresses a range of issues related to teacher supply in the Irish context. Findings: Main findings of the three scoping reviews report on respectively are: (i) the growth over the last 15 years in longitudinal studies on teaching, spanning the five TPJ objectives, with a diversity of designs incorporating qualitative, quantitative and mixed methods (based on a review of 207 full text studies published 2010-2023), (ii) the range of large-scale cross-national informative quantitative designed studies with foci and findings spanning the five TPJ objectives (based on a review of 202 full text studies), and (iii) the overall small number of studies in Ireland on teachers’ work in years 1-9 at primary and post primary levels and not much literature on FE (based on a review of 39 full text studies involving over 9,000 participants). The teacher supply issues paper presents a teacher supply framework, identifies data gaps in Ireland and notes key insights from the burgeoning literature on a growing challenge globally. Conclusion: The literature reviews collectively provide a range of research insights on teachers’ professional journeys during the first decade, drawing on purposefully chosen diverse research literature. These insights span the framing of studies, research questions, study designs, instruments, findings and policy implications in a context where wider external system factors are increasingly influential in shaping teachers’ professional journeys in addition to the long-recognised (though less well-understood) dynamics of schools’ organizational cultures."
exclude,2025-12-03,Evaluating transport decarbonisation policies under carbon budget constraints: The role of carbon pricing and ICE bans,ESRI Working Paper,Daniel Cassidy; Kelly C de Bruin,no migration vocabulary,,,,findings,Ireland (State),contemporary,Climate,,https://www.esri.ie/publications/evaluating-transport-decarbonisation-policies-under-carbon-budget-constraints-the-role,https://www.esri.ie/system/files/publications/WP815.pdf,keyword:integration,"This paper develops and applies I3E-Transport, a new passenger transport model for Ireland that integrates behavioural, technological, and macroeconomic drivers to assess the effectiveness of two decarbonisation policies—carbon taxation and internal combustion engine (ICE) phase-outs—on emissions from private cars and public transport by bus, rail, and light rail. The model is linked to the Ireland Environment–Energy–Economy (I3E) Computable General Equilibrium framework, allowing for a comprehensive evaluation of how policy measures affect transport demand, vehicle stock composition, energy consumption, and emissions within the constraints of Ireland’s carbon budgets. Simulation results for 2024–2050 show that, under a business as usual baseline scenario, emissions are projected to increase steadily through 2040, driven by income and population growth. A modest decline follows between 2040 and 2050, reflecting gradual uptake of alternative vehicles and improvements in fuel efficiency. However, 2050 emissions are projected to still exceed current levels, indicating limited overall progress without further policy intervention. A carbon tax delivers only marginal abatement, while a comprehensive ICE vehicle ban from 2035—including hybrids—reduces CO₂ emissions by nearly six million tonnes relative to the baseline by 2050. Nevertheless, the sector remains off course for compliance with its 2030 abatement target and carbon budgets ceilings for 2031–2035 and 2036–2040, reaching them only in the late 2030s even under the most ambitious scenario. Earlier implementation and accelerated public transport electrification could advance compliance modestly but not fully bridge the gap. The findings highlight that timely and coordinated policy action—combining regulatory, fiscal, and behavioural instruments—is essential to align Ireland’s transport sector with its long-term climate commitments."
exclude,2025-11-27,Understanding trends in property-level rental inflation,ESRI Survey and Statistical Report Series,Rachel Slaymaker; Conor Banahan; Janez Kren,no migration vocabulary,,,,"analysis of, data, evidence, findings",Ireland (State),contemporary,Housing; Macroeconomics,10.26504/sustat133,https://www.esri.ie/publications/understanding-trends-in-property-level-rental-inflation,https://www.esri.ie/system/files/publications/SUSTAT133_0.pdf,keyword:nationality; keyword:work permit,"This report provides a detailed analysis of rental price developments at the individual property level, using the first three years of annual registration data from the Residential Tenancies Board (RTB). Unlike the RTB/ESRI Rent Index, which reflects growth in the average rent level in the market and is influenced by property churn, this study tracks the same properties over time to capture the household experience of rental inflation. The analysis covers over 375,000 matched property pairs between Q2 2022 and Q1 2025, offering unique insights into how rents for the same unit evolve over time, the degree of price stickiness, turnover effects and differences between Rent Pressure Zones (RPZ) compared to non-RPZ areas. The findings highlight a moderation in property-level rental inflation during the latest year (Q2 2024–Q1 2025), alongside notable differences between RPZs and non-RPZ areas, and between properties with ongoing tenancies and those with tenant turnover. Key findings: Nationally, property-level rents grew moderately, by an average of 2.15% per annum in the latest year, down from 2.7% one year earlier. 62% of properties saw no change in rent year-on-year, a rise of 4.8 percentage points on the previous year. Rent increases were notably lower for properties in RPZs, especially at tenancy turnover: Ongoing tenancies: 1.0–1.4% in Dublin, 1.1–1.6% in other RPZs, versus 2.9–4.4% in non-RPZs. Turnover properties: 1.7–2.7% in Dublin, 3.6–5.2% in other RPZs, versus 11.6–15.9% in non-RPZs. In response to tighter HICP-linked rent caps there is evidence of reduced clustering at 2% and more smaller increases (>0–2%), suggesting landlords adjusted behaviour to tighter caps. However, many still applied a flat 2% rise. The largest property-level rent increases occurred in the north/north-west of the country in the latest year, as well as selected counties like Kerry and Tipperary: Ongoing tenancies: 4.0–5.1% on average in Kerry, Roscommon, Leitrim, Longford, Cavan, Donegal versus 1.1% in Dublin. Turnover properties: 14–18.3% on average in Kerry, Tipperary, Leitrim, Longford, Cavan, Monaghan, Donegal versus 2.3% in Dublin. In Dublin, the largest landlords (>100 properties) were less likely than small landlords (1–2 properties) to leave rents unchanged for ongoing tenants, yet at tenancy turnover they were much less likely to apply increases above 4%. These landlords also recorded the biggest rise in unchanged rents compared to last year, likely reflecting tighter HICP-linked caps and possibly a greater awareness of RPZ rules. How this complements the RTB/ESRI Rent Index: The RTB/ESRI Rent Index provides market-level surveillance, measuring changes in standardised average rent levels across the private rental sector. These figures reflect broader market pressures and are influenced by both individual property rent changes and market churn (where properties enter or exit the market, often at different price levels than the existing stock). Structural factors such as limited rental supply, high construction costs, and financing challenges also affect Rent Index trends. In contrast, this property-level analysis captures the household experience of rental inflation, showing how rents change for the same property over time. This reveals modest rent growth compared to the Rent Index and highlights the role of RPZs in limiting price rises."
exclude,2025-11-27,"The RTB Rent Index, Q2 2025",Indices Report,Rachel Slaymaker; Katie Devane; Chi Tran,not a research publication (Indices Report),,,,,,,Housing,,https://www.esri.ie/publications/the-rtb-rent-index-q2-2025,https://www.esri.ie/system/files/publications/RI2025Q2.pdf,keyword:nationality,"The national standardised average rent in new tenancies stood at €1,731 in Q2 2025. The year-on-year growth in standardised average rent for new tenancies stood at 4.7 per cent in Q2 2025, down from 5.5% in Q1 2025. The national standardised average rent for existing tenancies rose by 4.8% annually to €1,482 per month in Q2 2025. The number of new tenancies registered and used in the New Tenancies Rent Index sample in Q2 2025 was 11,420. The number of existing tenancies used in the Existing Tenancies Rent Index sample in Q2 2025 was 40,435."
exclude,2025-11-24,"Projections of regional demand and workforce requirements for general practice in Ireland, 2023–2040: Based on the Hippocrates model",ESRI Survey and Statistical Report Series,Sheelah Connolly; Theano Kakoulidou; Ellen McHugh,no migration vocabulary,,,,"data, estimating, findings",Ireland (State),contemporary,Health and Quality of Life,10.26504/sustat136,https://www.esri.ie/publications/projections-of-regional-demand-and-workforce-requirements-for-general-practice-in,https://www.esri.ie/system/files/publications/SUSTAT136_0.pdf,keyword:nationality; keyword:work permit,"In recent decades, the Irish healthcare system has undergone a number of structural and regional reconfigurations, the most recent of which was the implementation of six HSE health regions. This report is part of a new series of reports that uses the ESRI Hippocrates model to provide up-to-date projections for three service areas (public acute hospitals, general practice and older people’s services) at both the national and regional level. Focusing on general practice, this report extends the national-level analysis published in June 2025, by estimating regional baseline utilisation profiles for 2023, and providing medium-term projections of demand and workforce requirements to 2040 in each of the six HSE health regions. Similar to the national-level analysis, the analysis in this report was undertaken at a time of great uncertainty for the health system due to the aftermath of the COVID-19 pandemic, high population growth and policy reforms, including the extension of eligibility for GP visit cards and the introduction of health regions. While available national-level data on general practice are limited, data availability at the health region level is even more limited. Consequently, the findings in this report should be interpreted with caution. It is anticipated that as the health regions become more embedded into the health system over time, better data will be available, allowing more refined analyses."
exclude,2025-11-20,Afterschool care for school-aged children in Ireland,ESRI Research Series,Helen Russell; Emer Smyth; Eva Slevin,no migration vocabulary,,,,"cohort, data, growing up in ireland",Ireland (State),contemporary,Education,10.26504/rs222,https://www.esri.ie/publications/afterschool-care-for-school-aged-children-in-ireland,https://www.esri.ie/system/files/publications/RS222.pdf,keyword:naturalisation; keyword:work permit,"This study takes advantage of the two-cohort nature of Growing Up in Ireland (GUI) to look at the take-up of afterschool care for two cohorts of children born a decade apart (Cohort ’98 and Cohort ’08), each studied at ages 9 and 13. It examines the take-up pattern of afterschool care across social groups and explores the consequences of participation for engagement in social activities as well as cognitive and socio-emotional outcomes. While the period of data collection predates recent policy developments in afterschool care, the analyses provide important insights into the relationship between child and family characteristics and take-up of different types of afterschool care, and point to important issues to be addressed in future policy development."
exclude,2025-11-20,Investigating inequalities in NO2 air pollution concentrations on novel indicators relating to small spatial areas,Journal Article,Aislinn Hoy; Gretta Mohan; Anne Nolan,no migration vocabulary,,,,"case study, census, data, evidence, findings",Ireland (State),contemporary,Health and Quality of Life,10.1186/s12939-025-02674-1,https://www.esri.ie/publications/investigating-inequalities-in-no2-air-pollution-concentrations-on-novel-indicators,,keyword:naturalisation; keyword:integration,"Nitrogen dioxide (NO 2 ), a significant air pollutant from transport-related fossil fuel combustion, presents a critical environmental health challenge. This study analyses NO 2 trends in Ireland from 2010 to 2020, leveraging the country’s low-pollution baseline as a unique case study to analyse inequalities in NO 2 concentrations across the country. Data at a small area level from Census 2022 were integrated with measurements of NO 2 concentrations to assess environmental inequalities across novel indicators such as housing tenancy and self-rated health alongside conventional socioeconomic measures. The research uncovers clear evidence of environmental inequalities in NO 2 concentrations, with higher levels found in neighbourhoods with larger proportions of non-white populations and non-owner-occupied housing. A stratified urban-rural analysis shows these disparities were most pronounced in urban areas. A U-shaped relationship between NO 2 levels and deprivation, educational attainment, and skills, suggests that while the most and least deprived may experience similar NO 2 concentrations, the health burden on disadvantaged groups may be amplified by co-occurring vulnerabilities. These findings underscore an urgent need for targeted interventions to mitigate the disproportionate burden of NO 2 air pollution on vulnerable communities in Ireland."
exclude,2025-11-20,Nowcast (as of 20 November),Indices Report,Paul Egan; Janez Kren,not a research publication (Indices Report),,,,,,,Macroeconomics,,https://www.esri.ie/publications/nowcast-as-of-20-november,https://www.esri.ie/system/files/publications/nowcast_202511_0.pdf,keyword:work permit,"As of November 20th, the ESRI's 2025Q3 nowcast estimates that MDD is growing at 3.7% year-on-year, unchanged from last months estimate. This is the final estimate for 2025Q3 and is based on July, August and September data. Decomposing the key drivers of this month’s nowcast show that industrial production output, housing and prices were the main positive contributors to the estimate. On the other hand, labour, consumption, financial and survey data had a negative impact on the estimate."
exclude,2025-11-17,"Projections of regional demand and bed capacity requirements for older people’s care in Ireland, 2022–2040: Based on the Hippocrates model",ESRI Survey and Statistical Report Series,Brendan Walsh; Theano Kakoulidou,no migration vocabulary,,,,"data, estimating, findings",Ireland (State),contemporary,Health and Quality of Life,10.26504/sustat135,https://www.esri.ie/publications/projections-of-regional-demand-and-bed-capacity-requirements-for-older-peoples-care-in,https://www.esri.ie/system/files/publications/SUSTAT135_0.pdf,keyword:nationality; keyword:work permit,"This report is intended to be read in conjunction with ""Projections of national demand and bed capacity requirements for older people’s care in Ireland, 2022–2040: Based on the Hippocrates model"": https://www.esri.ie/pubs/RS214.pdf This report is part of a new series of reports that uses the Economic and Social Research Institute (ESRI) Hippocrates model to provide up-to-date projections for three service areas (public acute hospitals, general practice and older peoples’ services) at both national and regional level. Focusing on older people’s services, this report extends the national-level demand and bed capacity analysis published in Walsh and Kakoulidou (2025), by estimating regional activity profiles for 2022 for the six HSE Health Regions, and providing medium-term regional projections of demand and bed capacity requirements to 2040 for long-term residential care (LTRC) and home support for each HSE Health Region. Building on the existing modelling framework, the specific objectives of this report are to: • provide regional profiles for LTRC bed capacity and home support hours among older people (aged 65 years and over) for each HSE Health Region; and • project LTRC bed capacity and home support hour requirements to 2040 for each HSE Health Region. Hippocrates model projections are influenced by the model of service delivery, data availability and quality, and the policy environment in the base year. Fluctuations in activity rates for older people’s services occurred in recent years, especially during the COVID-19 pandemic period. While available national-level data on older people’s services are limited, as discussed in Walsh and Kakoulidou (2025), available data at the HSE Health Region level are even more limited. Consequently, the findings in this report should be interpreted with caution. It is anticipated that as the HSE Health Regions become more embedded into the health system over time, better data will be available, allowing more refined analyses to be undertaken."
exclude,2025-11-14,"Vocational education, earnings and job satisfaction in Europe",Journal Article,Seamus McGuinness; Lorcan Kelly; Anne Devlin; Adele Whelan,no migration vocabulary; no Ireland reference,,,,,,contemporary,Labour Markets and Skills; Education,10.1080/09645292.2025.2584065,https://www.esri.ie/publications/vocational-education-earnings-and-job-satisfaction-in-europe,,keyword:third country,"This paper examines the earnings and job satisfaction of Vocational Education and Training (VET) graduates in the European Union (EU) using two definitions of vocational education: a self-reported definition and a more specific definition that incorporates work-based learning. The incidence of third-level VET falls from 73% to 32% under the stricter definition. Across the EU, the returns to vocational and academic qualifications are comparable for upper secondary, post-secondary and tertiary qualifications. Earnings premia vary between countries, with VET generating higher returns in just under one-third of all EU-28 members. Additionally, third level VET graduates enjoy higher levels of job satisfaction."
exclude,2025-11-12,The impact of monetary policy shocks on residential investment and house prices in small euro area economies,Journal Article,Paul Egan; Kieran McQuinn,no migration vocabulary; no Ireland reference,,,,"evidence, findings",,contemporary,Housing; Macroeconomics,10.1007/s11146-025-10036-5,https://www.esri.ie/publications/the-impact-of-monetary-policy-shocks-on-residential-investment-and-house-prices-in,,keyword:naturalisation; keyword:nationality,"In this paper we assess the implications for both residential investment and house prices across small euro area economies of shocks to both conventional and unconventional monetary policy. A period of monetary tightening, like that seen across the euro area in 2023, may have significant implications for the residential property market as it can have an adverse impact through both a demand-side channel (reduced affordability for prospective homeowners) and on the supply-side (increase in funding costs for the construction sector). Using a structural VAR approach where conventional and unconventional monetary policy shocks are identified by explicitly imposing sign restrictions, we examine the implications for both housing supply and residential property prices due to a shock to monetary policy across small euro area countries. This paper contributes to the literature by providing new evidence on how both conventional and unconventional monetary policy affect residential property markets in small euro area economies, revealing substantial cross-country differences. The findings highlight the need for national policymakers to complement ECB policy with flexible, country-specific housing and fiscal strategies to support supply targets amid changing monetary conditions."
exclude,2025-11-07,Loneliness among the adult population in Ireland and associations with mental health,ESRI Research Bulletin,Gretta Mohan,no migration vocabulary,,,,"data, evidence, findings, regression, respondents, sample, survey",Ireland (State),contemporary,Health and Quality of Life,,https://www.esri.ie/publications/loneliness-among-the-adult-population-in-ireland-and-associations-with-mental-health,https://www.esri.ie/system/files/publications/RB202517_1.pdf,keyword:nationality,"This Bulletin summaries the findings from: Mohan, G. (2025) 'Who is lonely in the EU’s loneliest nation?' A post-pandemic examination of loneliness among the adult population in Ireland, and associations with mental health. Journal of the Statistical and Social Inquiry of Ireland. Available at: https://www.tara.tcd.ie/handle/2262/112175 Introduction A substantial body of international research has established a strong link between loneliness and a lack of social connectedness and a range of adverse outcomes including poorer wellbeing, mental and physical health, increased healthcare utilisation and associated economic costs. The confluence of this growing evidence base, and the acute experience of loneliness and social isolation during the COVID-19 pandemic has spurred greater policy attention, with loneliness now widely recognised as a critical public health issue. Irish research into loneliness has mainly concentrated on specific groups, such as older people and, to a lesser degree, adolescents. This has resulted in a notable lack of understanding regarding loneliness within the broader adult population. Consequently, this paper addresses the following research questions: Who experiences loneliness in Ireland today? Does loneliness affect mental health and quality of life? Data and methods This research draws upon data from two waves (2021 and 2023) of Healthy Ireland , a nationally representative telephone survey of the Irish population aged 15 and over. Regression analysis was employed to investigate potential predictors of loneliness. These include demographic factors (gender, age group, country of birth, region of residence), socio-economic characteristics (marital status, responsibility for children under 18, educational attainment, employment status), health and disability status, participation in social groups, whether respondents report having few people to rely on, and the presence of a mental health problem. The modelling also examines the association between experiences of loneliness and the likelihood of having a mental health problem, as well as an individual's perception of their quality of life. Results Figure 1 shows that frequent loneliness (often or always) saw a decrease from 5.9% in 2021 to 3.9% in 2023, while the proportion experiencing loneliness at least some of the time also fell, from 20.2% to 13.5%. The elevated levels of loneliness observed in 2021 were likely a consequence of the COVID-19 government-mandated lockdown restrictions that were in effect. As these restrictions were lifted and daily life gradually returned to a normal state, loneliness levels declined by 2023. In the combined 2021 and 2023 sample, around 13.7% showed indicators of a probable mental health problem, while the majority (80.1%) of respondents reported a good quality of life. Concerning social connectedness, 31.4% stated they belonged to a club or group, and 26.0% indicated having few close confidants. Results from statistical modelling The modelling analysis highlighted a strong association between having few people to rely on, probable mental health issues, and acute loneliness (feeling lonely often or always). Marriage, compared to being single, was linked to a lower likelihood of experiencing loneliness, whereas unemployment and homemaking were associated with a higher likelihood. Older age groups (50-64 and 65+) were less likely to report loneliness than younger respondents (15-29). Moreover, individuals frequently experiencing loneliness had a 35.6 percentage point higher probability of having mental health problems compared to those less frequently lonely. Loneliness was negatively associated with reported quality of life, with frequent loneliness showing a stronger negative correlation. Conclusions In conclusion, this study provides valuable insights into the prevalence and associated factors of loneliness, mental health, and quality of life within the Irish population. The findings underscore the intricate relationship between these elements, highlighting the critical role of social connections and support networks in individual wellbeing. While the observed decrease in frequent loneliness from 2021 to 2023 offers a positive trend, the continued experience of loneliness by a significant portion of the population necessitates ongoing attention. The strong links identified between loneliness, mental health issues, and reduced quality of life emphasise the importance of targeted interventions and policy initiatives focused on strengthening social connectedness and promoting mental wellbeing throughout life."
exclude,2025-11-03,Vulnerability to and acceptability of different types of sludge,Journal Article,Lucie Martin,no migration vocabulary,,,,"591 participants, administrative, data, survey, we find",Ireland (State),contemporary,Behavioural Science; Climate,10.1017/bpp.2025.10020,https://www.esri.ie/publications/vulnerability-to-and-acceptability-of-different-types-of-sludge,,keyword:nationality,"Sludge is one of the most important yet underappreciated problems in modern society. Examples of sludge include unnecessarily complex paperwork requirements, hard-to-navigate documents and websites, long waiting time, and unfriendly or confusing staff interactions. However, little is known about whether some people are more vulnerable to and less accepting of some types of sludge than others. Drawing on data from a nationally representative survey with 1,591 participants from Ireland, we show that people report being particularly vulnerable to outdated websites with broken links, unfriendly staff interactions, complex documents laden with jargon, and hard-to-navigate websites. These are also the types of sludge that are least acceptable. Less vulnerability is reported to long waiting times and requirements about having to provide private information. We find only minor differences in sludge perceptions depending on whether the sludge emerges in the public or the private sector. Moreover, people with poor mental health report being more vulnerable to and less accepting of sludge. Self-reported administrative literacy is related to less reported vulnerability, and the tendency to procrastinate and a lack of time and mental energy predict more reported vulnerability to sludge. Administrative literacy and a lack of mental energy also predict acceptability of sludge."
exclude,2025-11-03,Memo on energy affordability and energy poverty research: Submission of evidence to the National Energy Affordability Taskforce,ESRI Submission,Andrés Estévez; Niall Farrell,not a research publication (ESRI Submission),,,,,,,Energy and Environment,,https://www.esri.ie/publications/memo-on-energy-affordability-and-energy-poverty-research-submission-of-evidence-to-the,https://www.esri.ie/system/files/publications/SUB202501.pdf,keyword:nationality,
exclude,2025-10-30,"Who is lonely in the EU’s loneliest nation?: A post-pandemic examination of loneliness among the adult population in Ireland, and associations with mental health",Journal Article,Gretta Mohan,no migration vocabulary,,,,"data, estimated, evidence, findings, regression, respondents, survey",Ireland (State),contemporary,Health and Quality of Life,,https://www.esri.ie/publications/who-is-lonely-in-the-eus-loneliest-nation-a-post-pandemic-examination-of-loneliness,,keyword:nationality,"This paper investigates the prevalence and correlates of loneliness in Ireland, a nation identified as having the highest reported rate of loneliness within the European Union in a 2022 survey. Utilising nationally representative cross-sectional data from the Healthy Ireland initiative, collected in 2021 and 2023, this research explores the demographic and psychosocial factors associated with loneliness and its impact on mental health and quality of life. In 2021, 5.9% of respondents reported experiencing acute loneliness (often/always), with 20.2% reporting experiencing loneliness at least some of the time. In 2023, these figures reduced to 3.9% and 13.7% respectively. Regression analysis revealed strong associations between frequent loneliness and being female, having few social supports, as well as probable mental health issues. There was also evidence that younger people (15-29 years), those with a disability, and those not born in Ireland had greater likelihoods of experiencing loneliness. Being married, in good health, and participating in social groups was protective against loneliness. Acute experiences of loneliness were estimated to increase the probability of mental health issues by 35.6 percentage points. Both frequent and occasional loneliness were negatively associated with quality of life, with the association being stronger for acute loneliness. These findings highlight the significant impact of loneliness on mental wellbeing and quality of life, emphasising the need for targeted interventions and policy development to strengthen social connections and promote mental health across all age groups in Ireland."
exclude,2025-10-27,"Artificial outdoor light at night and depression in older adults in the USA, England, Northern Ireland, and Ireland",Journal Article,Anne Nolan,no migration vocabulary,,,,"data, estimated, evidence, findings, longitudinal, n = 20, n = 2725, n = 6407",NI and ROI/island,contemporary,Health and Quality of Life,10.1016/j.envint.2025.109886,https://www.esri.ie/publications/artificial-outdoor-light-at-night-and-depression-in-older-adults-in-the-usa-england,,keyword:nationality,"Background Artificial Light at night (ALAN) is a potential environmental stressor for depression, but epidemiological evidence is limited. Cross-national surveys of aging were leveraged to examine LAN and depression. Methods We used longitudinal aging surveys from the US (HRS; n = 20,868), England (ELSA; n = 9848), Ireland (TILDA; n = 6407), and Northern Ireland (NICOLA; n = 2725). Depression was ascertained using Center for Epidemiologic Studies Depression Scale and dichotomized based on study-specific cutoffs. Annual mean outdoor ALAN exposure was estimated using satellite-derived nighttime light data (∼500 m resolution), then categorized using harmonized quartiles, based on cross-country population values (≤2.79, 2.79-11.69, 11.69-23.93 and >23.93 nW/cm2/s). Poisson regression models estimated the prevalence ratios (PRs) of depression, adjusting for individual- and area-level factors. Results The prevalence of depression was highest in ELSA and HRS (24%), followed by NICOLA (14%) and lowest in TILDA (8%). The mean (SD) ALAN levels were 18.9 (9.0) nW/cm2/s in HRS, 13.4 (12.7) in ELSA, 10.4 (13.4) in TILDA, and 11.6 (10.3) in NICOLA. In fully-adjusted models, the highest ALAN quartile was associated with higher PRs of depression (reference: lowest quartile), in all surveys, with PRs (95% Confidence interval) of 1.40 (1.20–1.63) in HRS, 1.16 (0.98–1.38) in ELSA, 1.51 (1.08–2.10) in TILDA, and 1.79 (1.13–2.84) in NICOLA. The directions of the association were robust to adjustment for NO2, though attenuated. Conclusions Findings from multiple countries suggest that outdoor ALAN exposure is associated with depression in older adults and highlight the value of international longitudinal aging cohorts for investigating the impact of environmental exposures on health."
exclude,2025-10-20,"Equality, diversity, and inclusion: The journey ahead",Book/Report Chapter,Selina McCoy,no migration vocabulary,,,,evidence,Ireland (State),contemporary,Education,10.4018/979-8-3693-1293-3.ch005,https://www.esri.ie/publications/equality-diversity-and-inclusion-the-journey-ahead,,keyword:integration,"Schools are at the forefront of attempts to integrate an increasingly multicultural population, build an inclusive society for disabled people, and tackle persistent socioeconomic inequality. This chapter assesses recent evidence on the success of policy in supporting inclusion within and beyond Irish schools and looks at how students are faring in the midst of wider societal changes. The discussion draws on combined psychological and sociological theories understanding inclusion and exclusion at different institutional levels. Focusing on recent evidence from Ireland, the chapter provides unique insights into understanding inclusion and how it is best achieved, highlighting policy priorities for the period ahead."
exclude,2025-10-16,Nowcast (as of 15 October),Indices Report,Paul Egan; Janez Kren,not a research publication (Indices Report),,,,,,,Macroeconomics,,https://www.esri.ie/publications/nowcast-as-of-15-october,https://www.esri.ie/system/files/publications/nowcast_202510_1.pdf,keyword:work permit,"As of October 15th, the ESRI's 2025Q3 nowcast estimates that MDD is growing at 3.7% year-on-year, down 0.3% from last month's estimate of 4.0%. This is the second estimate for 2025Q3 and is based on July and August's data. Decomposing the key drivers of this month’s nowcast show that industrial production output and housing were the main positive contributors to the estimate. On the other hand, labour, consumption and survey data had a negative impact on the estimate."
exclude,2025-10-15,Eco-labels shift consumers to more sustainable clothing choices,ESRI Research Bulletin,Shane Timmons; Adam Joachim Shier; Olga Poluektova; Pete Lunn,no migration vocabulary,,,,"data, findings, participant, participants, sample",Ireland (State),contemporary,Behavioural Science,10.1016/j.jclepro.2025.146575,https://www.esri.ie/publications/eco-labels-shift-consumers-to-more-sustainable-clothing-choices,https://www.esri.ie/system/files/publications/RB202515.pdf,keyword:nationality,"This Bulletin summaries the findings from: Timmons, S., Shier, A. J., Poluektova, O. & Lunn P. D. (2025). Fashion, Fast or Slow? Effects of binary and graded eco-labels on sustainable clothing purchases. Journal of Cleaner Production. Available at: https://doi.org/ 10.1016/j.jclepro.2025.146575 [1] Introduction Producing clothes causes water pollution, microplastic waste and greenhouse gas emissions that add to climate change. However, consumers are rarely informed about the environmental costs of clothing while shopping. This study aimed to test whether simple visual indicators of a product’s environmental impact (“eco-labels”) lead consumers to choose more sustainable clothing options. Specifically, we tested two types of labels: one that simply identified the most sustainable products, and another that graded all products from A to E based on their environmental impact. The study also explored whether these labels are more effective for certain groups of consumers, such as those most concerned about the environment. Data and methods A nationally representative sample of 1,200 adults in Ireland took part in the online experiment. Participants used a realistic online clothing store that featured real products, prices, and brands. Each participant was randomly assigned to one of three versions of the store: one with a simple eco-label applied to the most sustainable products, one with a colour-coded A-E “eco-score” rating applied to all products, or one with no labels. Participants were given a randomly assigned budget (€180–€540) and instructed to shop as if they were making real purchases. Participants knew that some of them would be randomly selected to receive the items they chose. The environmental ratings for each product were taken from independent sustainability ratings from GoodOnYou [2] and converted into the A-E scale. After shopping, participants answered questions about their shopping experience, environmental concern, and support for eco-label policies. Results Both types of eco-labels increased the proportion of sustainable clothes purchased, but the colour-coded eco-score label was significantly more effective. Compared to people who saw no labels, those who saw the simple label chose 10% more sustainable items. Those who saw the eco-score label chose 20% more and were twice as likely to choose only sustainable products. The labels had the biggest impact on participants with high concern for the environment. Importantly, the labels did not reduce satisfaction with the shopping experience or how much people liked the clothes they picked. The study also showed that showed that most consumers underestimate the environmental harm of clothing production. There was nevertheless strong public support for using eco-scores both online and in-store. Conclusions Revealing the environmental impact of clothing production at the point of purchase helps consumers to make more sustainable clothing choices. Labels that rate all products using colours and grades (like A to E) are especially effective. These labels work best for environmentally concerned consumers, enabling them to shop in line with their values. The findings support the introduction of a standardised eco-score system for clothing, which could be implemented under upcoming EU sustainability regulations. This kind of label would not only empower consumers but could also encourage competition among brands to improve their environmental practices. [1] This research was funded by the Environmental Protection Agency. [2] Good On You - Sustainable Fashion and Beauty Brand Ratings"
review,2025-10-02,Future proofing schools: Bringing school policies into the AI era,ESRI Research Bulletin,Selina McCoy,"only ambiguous migration terms; PDF: 3 pages, 4 Ireland mentions",integration,4,3,"data, evidence, findings, qualitative, survey",Ireland (State),contemporary,Education,,https://www.esri.ie/publications/future-proofing-schools-bringing-school-policies-into-the-ai-era,https://www.esri.ie/system/files/publications/RB202514.pdf,keyword:naturalisation; keyword:nationality; keyword:integration,"This Bulletin summaries the findings from Marcus-Quinn, A., McCoy, S. (2025). Future Proofing Schools: Bringing School Policies into the AI Era, Economic and Social Review , 56(3), Available at: https://www.esr.ie/index.php/esr/article/view/3089 . Introduction The promise of AI in education is significant, but it is equally important to manage expectations and focus on thoughtful, equitable implementation to realise its potential. In Ireland, there has been a notable absence of clear guidelines from the Department of Education and Youth on how teachers and schools should navigate the complexities of the AI world. Up to now, they have been left to independently determine the extent to which AI tools can be used in teaching and learning. Acceptable Use Policies (AUPs) in schools traditionally govern internet and device use, aiming to provide a safe and controlled learning environment. However, as technology has advanced, so too have the expectations and demands on these documents. This paper assesses the readiness of current AUPs to address AI and outlines potential risks and benefits for post-primary schools. Education systems and school communities internationally grapple with the risks and benefits of AI, making effective AUPs vital. However, we have little evidence on the experiences of schools in Ireland in addressing these needs, a gap this paper addresses. Data and Methods Drawing on documentary analysis and a survey of school leaders, the paper seeks to understand the nature and extent of AUPs in post-primary schools and the barriers to their creation and adaptation over time. This study reviewed AUPs from the largest post-primary schools in Ireland; some 51 schools with over 1,000 students as of July 2024. Schools with large student populations were chosen to reflect settings where digital tools are more likely to be heavily used, potentially increasing the relevance of comprehensive AUPs. The AUPs were collected and analysed for references to AI and other recent technological advancements, with particular attention to guidelines around ethical AI use, privacy, and application in educational contexts. Additionally, a survey was conducted among 87 school leaders to capture their perspectives on updating AUPs to meet the demands of today’s digital environment. The survey gathered qualitative data on the challenges faced by schools in maintaining relevant and up-to-date policies, as well as the types of support that would be most beneficial. Results Only six schools had AUPs that were current for the Academic Year 2024/25, revealing a general lag in policy updates that address rapid digital advancements in schools. Many policies dated from before 2020. Some schools restricted public access to their AUPs post-2020, indicating a shift towards guarded policy distribution. Across all 51 AUP documents AI-related guidelines were notably absent, with most AUPs lacking comprehensive instructions on emerging digital tools, underscoring the disconnect between policy and practice. This disconnect operates on two levels: first, at the school level, where AUPs fail to reflect current practice as teachers and students increasingly engage with AI tools without explicit guidance; and second, at the policy level, where even if schools sought to update their AUPs, the absence of a national framework or government-issued guidance leaves them without a reference point for responsible inclusion of AI. From the survey data, just 10 per cent of school leaders were confident their AUP addresses needs of the school community, with the vast majority highlighting shortfalls. School leaders in voluntary secondary schools were more likely to feel their AUP is outdated, reflecting the different supports and resources for this sector compared to ETB schools. Almost three-quarters of school leaders report that their AUP does not address the use of AI by staff and students. In terms of familiarity with AI tools, just 13 per cent of school leaders indicate they are familiar with AI tools and actively use them. School leaders are open to students using AI tools like ChatGPT, but only once guidelines are in place. Overall, school leaders are more likely to identify risks rather than benefits in adopting AI tools within their school setting. Implications The promise of AI in education is significant; AI-based educational tools offer the ability to deliver tailored learning experiences and personalised feedback, as well as specialised support for non-traditional learners and children with diverse needs. But it is equally important to manage expectations and focus on thoughtful, equitable implementation to realise its potential. Some countries are actively integrating AI into their education systems, underpinned by clear guidelines. Estonia is one example, where AI is being used to promote personalised learning. There the Ministry of Education and Research has established an AI council comprising educational scientists, teachers, and entrepreneurs to guide this initiative and the development of general principles to ensure consistent and stable AI integration in schools. Italy also initiated an AI pilot as part of the national strategy for AI 2024-2026 to integrate AI into 15 classrooms across four regions, aiming to enhance digital skills among students. The initiative employs AI tools on tablets and computers to serve as virtual assistants, facilitating personalised learning experiences and aiding teachers in developing tailored educational methods. This effort begins to address Italy’s position among the EU countries with the lowest basic digital skills, with plans to expand the programme if successful. The lack of guidance in Ireland risks significant variation in AI implementation across institutions, until standardised policies are introduced. Addressing the gap in AUPs is critical as AI becomes increasingly integrated into educational tools, with impacts on privacy, student behaviour, and educational equity. The Department of Education and Youth could provide a model AUP or guidelines, giving schools a basis for developing AI-inclusive policies. Transparent, accessible AUPs foster trust and provide clear expectations for students, parents and educators alike."
exclude,2025-09-30,"Projections of regional demand and bed capacity requirements for public acute hospitals in Ireland, 2023–2040: Based on the Hippocrates model",ESRI Survey and Statistical Report Series,Aoife Brick; Theano Kakoulidou,no migration vocabulary,,,,,Ireland (State),contemporary,Health and Quality of Life,10.26504/rs213,https://www.esri.ie/publications/projections-of-regional-demand-and-bed-capacity-requirements-for-public-acute,https://www.esri.ie/system/files/publications/SUSTAT132.pdf,keyword:nationality; keyword:work permit,"This report is intended to be read in conjunction with ""Projections of national demand and bed capacity requirements for public acute hospitals in Ireland, 2023–2040: Based on the Hippocrates model"": https://doi.org/10.26504/rs213 This report projects significant increases in demand for public acute hospital services and associated bed capacity requirements by 2040 across the six HSE Health Regions, primarily driven by population growth and ageing."
exclude,2025-09-29,Measuring the prevalence of adult sexual violence in Ireland: A review of Irish and international literature,ESRI Survey and Statistical Report Series,Elish Kelly; Delia Agostinelli; Anousheh Alamir; Anne Nolan; Emer Smyth,no migration vocabulary,,,,"data, evidence",Ireland (State),contemporary,Health and Quality of Life; Social Inclusion and Equality,10.26504/sustat131,https://www.esri.ie/publications/measuring-the-prevalence-of-adult-sexual-violence-in-ireland-a-review-of-irish-and,https://www.esri.ie/system/files/publications/SUSTAT131.pdf,keyword:nationality; keyword:third country; keyword:work permit,"Sexual violence (SV), and gender-based violence (GBV) more generally, is a pervasive global problem. While women and girls are most affected, sexual violence affects all sections of society, with profound consequences for the physical, psychological and economic wellbeing of both victims and their families. In Ireland, the recently established statutory agency Cuan co-ordinates and drives the implementation of Zero Tolerance, the third national strategy for domestic, sexual and gender-based violence (DSGBV). In this context, Cuan and the Economic and Social Research Institute (ESRI) have established a joint research programme to provide evidence to inform DSGBV policy development. The purpose of this report, the first in a series of reports from the research programme, is to provide an overview of the national and international data and research on adult sexual violence, with a particular focus on identifying the definitional and measurement issues that need to be considered when making comparisons of prevalence and incidence rates over time and between countries."
include,2025-09-25,"Quarterly Economic Commentary, Autumn 2025",ESRI Forecasting Series,Alan Barrett; Conor O'Toole; Dónal O'Shea,"PDF: 92 pages, 115 Ireland mentions",employment permits,115,92,"000 people, census, data, estimate, estimated, estimateofpharmaceuticalsectorcontributiontogni, estimates, estimatesofconsumptionstatisticsintoday",Ireland (State),contemporary,Macroeconomics,10.26504/QEC2025AUT,https://www.esri.ie/publications/quarterly-economic-commentary-autumn-2025,https://www.esri.ie/system/files/publications/QEC2025AUT_2.pdf,keyword:nationality; keyword:employment permit; keyword:work permit,"Forecast Overview: The economy continues to perform robustly. The most recent data show strong growth in consumption expenditure (+3% in Q2), in employment (+2.3% in Q2) and in tax receipts (+4.4% to end August). We expect this positive situation to continue over the forecast horizon and see modiﬁed domestic demand (MDD) growing by 3.8% in 2025 and by 3.2% in 2026. Since our last Commentary, the US and the EU reached an agreement on tari ﬀ s, which has removed a considerable amount of uncertainty from the economic landscape. While this agreement reduces uncertainty in the short term, the new situation of a 15% tari ﬀ represents a deterioration in our trading environment and will likely be impactful for many ﬁ rms and sectors. It is also important to be mindful of continuing uncertainties. Geopolitics continue to be volatile. The US is making threatening noises about the EU’s regulation of the digital space, with ongoing suggestions of retaliatory actions. While the most immediate threat of punitive US tari ﬀ s has been removed for now, the longer-term trend against continued trade liberalisation remains a threat to Ireland ’ s economic model. Finally, the odds on a recession in the US are now 50/50 according to Moody ’ s forecast model, with potential consequences for Ireland. In Q1 2025, there was a large increase in exports, which most commentators interpreted as being a pre-emptive reaction to threatened tari ﬀ s, particularly with regard to pharmaceutical exports. While Q2 saw a signi ﬁ cant scaling back on this growth rate, pharmaceutical exports continued to grow strongly year on year in Q2. Data for July 2025 point towards a drop o ﬀ in pharma exports relative to the same month in 2024, and assume a fall back will continue through 2025. We expect exports to grow by 6.1% in 2025 and by 0.9% in 2026. In Q2 2025, there was a welcome rise in housing output to 9,200 completions in the quarter, bringing completions for the ﬁrst half of the year to over 15,000. For 2025, we have revised our forecast for housing completions up to over 35,000 but our forecast for 2026 is reduced to just under 36,000, based in part on a notable slowdown in commencements this year following the policy-related spike in 2024. We also note an increase in construction sector earnings relative to other sectors. While this might partly explain the marked increased in construction employment over the last 12 months (which is to be welcomed), it also points to increased construction costs, which could have implications for the delivery of the National Development Plan and achieving housing targets. Looking to other issues, inﬂation remains relatively low and this will contribute to both real wage growth and consumption growth in the months ahead. However, we discuss the notable increase in grocery inﬂation and di ﬀ erential impacts across the income distribution. On employment, growth remains positive but some tentative signs of a softening in the labour market is evident in the most recent data. The rate of employment growth is easing, the rate of unemployment is nudging higher, earnings are increasing at a decreasing rate and the number of employment permits being issued for roles outside of the public sector is slowing. On the public ﬁnances, while tax revenues remain strong, higher-than-planned rates of expenditure growth suggest that the budget surplus will be lower in 2025 compared to that projected at the time of the Budget. In our assessment, we discuss the ongoing strong economic performance and the reduction in immediate tari ﬀ -related risks following the US – EU agreement. However, we point to the continuing risks such as tensions between the US and EU on digital regulation and possible actions on the part of the US. In the context of e ﬀ orts by the US to hinder international trade, we discuss the Government ’ s stance on the Mercosur trade deal and question whether opposition is an optimal position at a time when the promotion of free trade is important for Ireland. We also discuss the upcoming Budget. We explain why a tighter ﬁscal stance may be appropriate compared to that of recent years based in part on concerns about overheating and consequences for successful delivery under the National Development Plan and housing targets. The Commentary includes two additional pieces of analysis. The ﬁrst by John FitzGerald examines the pharmaceutical industry in Ireland and assesses the likely impact of the 15% rate. The second, by Paul Redmond and Luke Brosnan, introduces a new data series that draws on information provided by LinkedIn, and which will allow us to look at changes in hiring rates across sectors with a much shorter time lag than has been possible to date."
exclude,2025-09-25,The Irish pharmaceutical sector,QEC Research Note,John FitzGerald,no migration vocabulary,,,,revenue,Ireland (State),contemporary,Macroeconomics,10.26504/rn20250301,https://www.esri.ie/publications/the-irish-pharmaceutical-sector,https://www.esri.ie/system/files/publications/RN20250301.pdf,keyword:employment permit; keyword:work permit; keyword:foreign,"Foreign multinational enterprises (MNEs) have played an important role in the development of the Irish economy in recent decades. Since the economic recovery began in 2014 after the financial crash, approximately half of the growth in the economy has come from the expansion in output of these MNEs (FitzGerald, 2023). Among the key sectors, that are dominated by foreign MNEs, is the pharmaceutical sector.1 It has grown in importance over the last 20 years and is now a substantial employer and a major generator of Irish corporation tax revenue. Its continuing success is of considerable importance to the Irish economy. A number of US multinationals, such as Pfizer, Eli Lilly, MSD, Abbvie and Johnson & Johnson are key players in the pharmaceutical sector in Ireland, and quite a high proportion of the sector’s output by value goes to the US. There are a number of multinationals from other countries, such as France and Switzerland, that are also significant players in the sector, with substantial sales in the US. This paper analyses how recent policy changes in the US, in particular an imposition of a 15% tariff on exports to the US, will affect the Irish pharmaceutical sector and, through it, the wider economy. It also considers how further US policy changes might add to the costs for the pharmaceutical sector in Ireland, and the wider economy."
exclude,2025-09-19,Assessing the labour market impact of the green transition in Ireland,ESRI Working Paper,Seamus McGuinness; Elisa Staffa; Paul Redmond,no migration vocabulary,,,,"estimated, findings, we find",Ireland (State),contemporary,Labour Markets and Skills,,https://www.esri.ie/publications/assessing-the-labour-market-impact-of-the-green-transition-in-ireland,https://www.esri.ie/system/files/publications/WP809.pdf,keyword:naturalisation,"This paper examines the potential labour market implications of the green transition in Ireland by analysing the incidence and nature of green and brown jobs. We find that the share of green employment in Ireland has been trending slightly upwards over time, increasing from 8 per cent of total employment in 2011 to 10 per cent in 2023. The share of brown jobs has remained relatively stable, with an estimated share of total employment in 2023 ranging from 3 to 5.5 per cent depending on the definition employed. At a sectoral level, green jobs are relatively broad-based while Agriculture and Transport account for the majority of brown jobs in Ireland. Regarding worker characteristics, we find that men are more likely than women to work in both green and brown jobs. The pay and education levels for workers in green jobs is higher compared to brown jobs. Overall, the analysis suggests that the aggregate impacts of the green transition on the labour market may be relatively limited. However, these impacts will not be evenly distributed across the population, with differences by gender, region, sector and educational attainment. These findings underscore the important role for policy in supporting the up-/re-skilling of workers to ensure a just transition."
exclude,2025-09-18,Nowcast (as of 18 September 2025),Indices Report,Paul Egan; Janez Kren,not a research publication (Indices Report),,,,,,,Macroeconomics,,https://www.esri.ie/publications/nowcast-as-of-18-september-2025,https://www.esri.ie/system/files/publications/nowcast_202509_0.pdf,keyword:work permit,"As of September 18th, the ESRI's 2025Q3 nowcast estimates that MDD is growing at 4.0% year-on-year. This is first estimate for 2025Q3 and is based on July's data only. Decomposing the key drivers of this month’s nowcast show that output, housing, tax, and price data contributed positively to the estimate. On the other hand labour, financial, consumption and survey data had a negative impact on the estimate."
exclude,2025-09-11,"The RTB Rent Index, Rent Index Q1 2025",Indices Report,Rachel Slaymaker; Katie Devane; Chi Tran,not a research publication (Indices Report),,,,,,,Housing,,https://www.esri.ie/publications/the-rtb-rent-index-rent-index-q1-2025,https://www.esri.ie/system/files/publications/RI2025Q1.pdf,keyword:nationality,"Key findings: The national standardised average rent in new tenancies stood at €1,696 in Q1 2025. The year-on-year growth in standardised average rent for new tenancies stood at 5.5 per cent in Q1 2025, the same rate observed in Q4 2024. The national standardised average rent for existing tenancies rose by 4.4% annually to €1,452 per month in Q1 2025. The number of new tenancies registered and used in the New Tenancies Rent Index sample in Q1 2025 was 12,272. The number of existing tenancies used in the Existing Tenancies Rent Index sample in Q1 2025 was 44,225."
exclude,2025-09-09,"Poverty, income inequality and living standards in Ireland: Fifth annual report",Jointly-published Reports,Barra Roantree; Helen Russell; Anousheh Alamir; Míde Griffin; Bertrand Maître,no migration vocabulary,,,,,Ireland (State),contemporary,Social Inclusion and Equality,10.26504/jr14,https://www.esri.ie/publications/poverty-income-inequality-and-living-standards-in-ireland-fifth-annual-report,https://www.esri.ie/system/files/publications/JR14_0.pdf,keyword:work permit,"This report is the fifth from an Economic and Social Research Institute (ESRI) research programme in partnership with Community Foundation Ireland, which seeks to address gaps in our knowledge and understanding of poverty, income inequality and living standards in Ireland."
exclude,2025-09-04,Firm dynamics and productivity by age: evidence from Ireland,Journal Article,Martina Lawless,no migration vocabulary,,,,"evidence, panel, we find",Ireland (State),contemporary,"Macroeconomics; Competitiveness, Trade and FDI",10.1007/s11187-025-01099-y,https://www.esri.ie/publications/firm-dynamics-and-productivity-by-age-evidence-from-ireland,,keyword:naturalisation,"The establishment and growth of new businesses are key ingredients for economic growth and job creation, but also productivity growth. This paper examines a panel of firms from both manufacturing and services sectors over a 13-year period to compare the relative productivity performance of entrants, exitors and incumbents in Ireland. We find evidence of catch-up in productivity levels of new entrants towards that of incumbents in both sectors within 5 years. Exitors meanwhile exhibit a decline in their performance in the years preceding exit. We then construct a decomposition of aggregate productivity growth that captures the channels through which these firms contribute to aggregate productivity, accounting for the differences by age. In manufacturing, exit has a negative impact on aggregate productivity over the period, with this driven by older firms. In services however exit has a positive relationship due to unproductive young firms leaving the market."
exclude,2025-08-28,Experience of bullying and bullying behaviours in childhood and adolescence,ESRI Research Series,Emer Smyth; Merike Darmody,no migration vocabulary,,,,"cohort, data, growing up in ireland",Ireland (State),contemporary,Social Inclusion and Equality; Education,10.26504/rs216,https://www.esri.ie/publications/experience-of-bullying-and-bullying-behaviours-in-childhood-and-adolescence,https://www.esri.ie/system/files/publications/RS216.pdf,keyword:work permit,"Bullying among children and young people remains prevalent in Ireland and is regarded as an important policy area, with recent initiatives (such as the Department of Education’s Cineáltas: Action Plan on Bullying and Bí Cineálta Procedures) to prevent and address school-based bullying. To date, much of the research has been based on cross-sectional analyses and has focused on school-based and online bullying rather than behaviour in other domains. The Growing Up in Ireland (GUI) study provides the opportunity to look at how bullying experiences (at or outside school) may change between middle childhood and adolescence and the relationship between being a victim of bullying and young people’s wellbeing. This report draws on data on 9- and 13-year-olds collected from the members of Cohort ’08. The main research questions addressed are: What groups of young people are more likely to experience bullying behaviour at 9 and 13 years of age? What behaviours do 13-year-olds consider to be bullying? How likely are young people to tell someone about the bullying and what factors predict doing so? How is experience of bullying associated with wellbeing?"
exclude,2025-08-27,"Experiences of administrative burden in context: Exploring differences across countries, policy domains, and socio-demography",Journal Article,Lucie Martin,no migration vocabulary; no Ireland reference,,,,"administrative, data, evidence, findings, participants, respondents, survey, we find",,contemporary,"Behavioural Science; Social Inclusion and Equality; Taxation, Welfare and Pensions",10.1111/padm.70019,https://www.esri.ie/publications/experiences-of-administrative-burden-in-context-exploring-differences-across-countries,,keyword:nationality,"Administrative burden research finds that citizens frequently experience burdens when interacting with government. However, evidence is based predominantly on studies of Western countries and social policies. We collect survey data ( N ≈10,000) in the USA, UK, Mexico, South Korea, and Denmark, using nationally representative samples sourced via online survey panels, to explore similarities and differences in experiences of administrative burden across countries and policy domains. Participants in the USA and Mexico report spending considerably more time interacting with government than participants in our three other case countries. Surprisingly, we find that our respondents associate administrative tasks with more positive than negative affect. This is particularly the case for health and care-related tasks. Overall, the findings suggest that burden experiences vary considerably across contexts, but that policy domains and socio-demography are of similar importance to burden experiences across countries. This calls for further theorizing of how context matters to experiences of administrative burden."
exclude,2025-08-21,Nowcast (as of 21 August 2025),Indices Report,Paul Egan; Janez Kren,not a research publication (Indices Report),,,,,,,Macroeconomics,,https://www.esri.ie/publications/nowcast-as-of-21-august-2025-0,https://www.esri.ie/system/files/publications/nowcast_202508.pdf,keyword:work permit,"As of August 20st, the ESRI's 2025Q2 nowcast estimates that MDD is growing at 3.8% year-on-year, up 0.2% from last month's estimate. This is the third and final estimate for 2025Q2 and is based on April, May and June data. Decomposing the key drivers of this month’s nowcast show that output, housing, tax, labour and survey data contributed positively to the estimate. On the other hand financial and consumption data had a negative impact on the estimate"
review,2025-08-12,How do EMN Member Countries design and implement migration strategies?,EMN Ireland Migration Memo,Dervla Potter; Emma Quinn,"PDF: 3 pages, 12 Ireland mentions","asylum, migrant",12,3,case study,Ireland (State),contemporary,"Migration, Integration and Demography",,https://www.esri.ie/publications/how-do-emn-member-countries-design-and-implement-migration-strategies,https://www.esri.ie/system/files/publications/EMNMemo6.pdf,research_area:67; keyword:migrant; keyword:migration; keyword:asylum; keyword:nationality; keyword:integration,"A migration strategy sets out a country’s strategic approach to migration policy, establishing the rationale behind government actions on migration within a formal, medium to long-term policy framework. Such strategies can be valuable tools in migration governance and are common in EMN member and OECD countries. Their importance has grown recently. The Asylum and Migration Management Regulation, part of the EU Pact on Migration and Asylum, requires EU Member States to establish national strategies by June 2025, to show capacity to run effective asylum and migration management systems. This EMN Ireland Migration Memo looks at national strategies introduced since 2018 and provides a comparative overview of how EMN countries are designing, implementing, monitoring and communicating their overarching and sectoral migration strategies, outlining good practices that could be useful in the Irish context. Key takeaways • Most EMN Member Countries have migration strategies in place, with many having both overarching and sectoral strategies. • Challenges identified include limited financial resources, insufficient involvement of migrant groups, and difficulties in stakeholder coordination. Good practices identified involve effective coordination mechanisms and broad consultation processes. • Strategies are monitored by various institutions, often the same ones that developed them. Effective communication plans are important, with some countries like the Czech Republic having dedicated communication strategies to inform the public and stakeholders about migration."
exclude,2025-08-07,Multinational enterprises and between-firm wage inequality across European regions,Journal Article,Juan Duran Vanegas; Iulia Siedschlag,no migration vocabulary; no Ireland reference,,,,"data, dataset",,contemporary,"Competitiveness, Trade and FDI",10.1111/twec.70005,https://www.esri.ie/publications/multinational-enterprises-and-between-firm-wage-inequality-across-european-regions,,keyword:foreign,"This paper examines the impact of multinational enterprises (MNEs) on wage inequality between firms across European regions. Using firm-level data from the Orbis Europe dataset over the period 2012–2021, we uncover a pattern of rising between-firm wage dispersion coinciding with increasing MNE presence. To identify causal effects, we address potential endogeneity through the use of instrumental variables. The results of this analysis indicate that the regional presence of MNEs significantly contributes to increased wage inequality between firms across European regions. The effects are more pronounced for MNE parent firms and top-performing foreign affiliates, underscoring the role of international superstar firms in driving regional wage disparities. This research advances the understanding of distributional impacts of foreign direct investment and its implications for regional inequalities."
exclude,2025-07-31,Thematic report on persistent income poverty and deprivation in Ireland,Report,Anousheh Alamir; Bertrand Maître,no migration vocabulary,,,,"data, longitudinal, silc, survey",Ireland (State),contemporary,Social Inclusion and Equality,,https://www.esri.ie/publications/thematic-report-on-persistent-income-poverty-and-deprivation-in-ireland,https://www.esri.ie/system/files/publications/BKMNEXT448_0.pdf,keyword:nationality,"This thematic report analyses how income poverty and material deprivation persistence changed between 2015 and 2023, taking into account fluctuations around the COVID-19 pandemic. Income poverty (or at-risk-of-poverty, AROP) is a relative measure that occurs when a household’s disposable income, after taking into consideration the household size and composition, is below 60% of the national median. Basic deprivation implies that individuals are living in households that cannot afford basic goods and services, such as adequate food, clothing, heating of the house, and basic social participation such as an occasional meal or drink out with family and friends. The Irish Survey on Income and Living Conditions (SILC) cross-sectional data is used to analyse general trends between 2016 and 2023. And the SILC longitudinal data between pairs of years 2015-2016 and 2022-2023 is used to measure poverty dynamics, namely the share of people entering poverty (i.e., those who are not poor the first year they are surveyed but become poor by the second); exiting poverty (i.e., those who are poor the first year but no longer by the second); and in persistent poverty (i.e., those who are poor during the two consecutive years)."
exclude,2025-07-29,"Navigating youth, smartphones, and policy: a balanced perspective on digital wellbeing",Journal Article,Selina McCoy,no Ireland reference; no PDF on ESRI page (journal article or external),integration,,,"data, longitudinal",,contemporary,Education; Health and Quality of Life,10.1038/s41390-025-04288-3,https://www.esri.ie/publications/navigating-youth-smartphones-and-policy-a-balanced-perspective-on-digital-wellbeing-0,,keyword:naturalisation; keyword:integration,"Smartphone use among young people is framed as a post-pandemic concern, with increased screen time and online distractions attributed to lockdown-induced dependency. However, this narrative overlooks the trajectory of digital policy in education where education departments globally were encouraging the integration of student-owned devices into classroom learning before the pandemic. The growing focus on links between the digital lives of children and adolescents and their mental wellbeing are often based on correlative data with few longitudinal or experimental studies; there is a notable absence of studies which successfully disentangle the effects of different types of smartphone/social media usage—separating learning/educational from recreational uses. However, a growing number of governments have introduced restrictive policies to limit access. This one-size-fits-all approach may inadvertently exacerbate inequalities or ignore the social realities of young people’s lives. While regulatory efforts may form part of a broader digital policy toolkit, bans alone are insufficient. They do little to address the underlying needs that drive youth engagement with smartphones; the human desire for social connection, access to information, and autonomy. A more effective response must be holistic: combining regulation with education, digital literacy, and the co-creation of safe digital spaces that support both protection and participation."
review,2025-07-22,Are community characteristics linked to people’s attitudes to immigration in Ireland?,ESRI Research Bulletin,James Laurence; Frances McGinnity; Keire Murphy,"PDF: 3 pages, 10 Ireland mentions","asylum, immigrants, immigration, migrant, migrants, refugees, ukrainian",10,3,"census, data, evidence, findings, interview, respondents, sample, survey",Ireland (State),contemporary,"Migration, Integration and Demography",,https://www.esri.ie/publications/are-community-characteristics-linked-to-peoples-attitudes-to-immigration-in-ireland,https://www.esri.ie/system/files/publications/RB202510.pdf,research_area:67; keyword:migrant; keyword:migration; keyword:immigrant; keyword:immigration; keyword:asylum; keyword:refugee; keyword:Ukraine; keyword:Ukrainian; keyword:nationality; keyword:ethnic; keyword:ethnicity; keyword:integration,"This Bulletin summaries the findings from: Laurence, J., McGinnity, F. & Murphy, K. (2025). Community-level drivers of attitudes towards immigration in Ireland Journal of Ethnic and Migration Studies, https://www.tandfonline.com/doi/full/10.1080/1369183X.2025.2487198 Introduction Migrants come to countries but settle in local areas. Therefore, while the national context and individual-level characteristics can influence people’s attitudes towards immigrants and immigration, community-level factors also matter. Recent large inflows of forced migrants have sharply raised the prominence of immigration in public debate in Ireland. This has been accompanied by incidents of protest and violence, often at community level. International research has shown that both the characteristics of local areas (such as their level of disadvantage, or whether they are urban or rural) and the characteristics of the migrants who come can influence people’s responses to immigrants and immigration. This link has not yet been explored in Ireland. Drawing on theories of intergroup threat and social contact, this paper considers how the characteristics and concentration of migrants at the local level (the proportion of migrants, how this has changed, and how segregated communities are), as well as characteristics of the communities themselves, are associated with people’s attitudes to immigration. Concerns about local services and resources are often raised by communities in response to the opening of reception centres for asylum seekers. The paper also tests innovative measures of pressures on local services (housing, schools, GP places), and the presence of Ukrainian refugees or asylum seekers in the local area, and how these are associated with people’s attitudes to immigration. Data and methods This paper is based on a nationally representative sample of adults fielded by the Department of Children, Equality, Disability, Integration and Youth in Spring 2023, matched to 2022 Census data on the characteristics of communities in which survey respondents live. In addition to Census 2022 small area data, we match data on communities from other sources: the number of refugees from Ukraine; the location and occupancy of international accommodation centres; GP places per person; housing affordability and the supply of and demand for primary school places. The analysis is restricted to the immigration attitudes of Irish-born who responded to the interview in person (1,210 individuals). Results We find that neither the proportion of migrants in a community nor recent increases in the share of migrants in that community are associated with immigration attitudes, on average. However, other characteristics of local areas do influence attitudes. Consistent with international evidence, we find that attitudes to immigration are more negative in disadvantaged communities, even after accounting for people’s own financial situation. This is particularly the case in disadvantaged communities where the proportion of migrants has increased since 2011. It is not the case that migrants are more likely to live in disadvantaged communities in Ireland, but where they do, people living there express more negative attitudes to immigration. In rural areas, attitudes to migrants are less positive than in urban areas. Yet where rural residents live among a higher proportion of migrants, they tend to report more positive attitudes, which is supportive of contact theory. Contact theory states that positive contact between groups improves attitudes towards the other group. Higher residential segregation of migrants (i.e. where migrants are more clustered, instead of more spread out among the non-migrant population) is associated with more negative attitudes. This may be because of more limited opportunities for contact in segregated communities, or inflated perceptions of the size of migrant communities. Given both public debate and predictions based on ethnic competition theory, we expected that immigration attitudes might be more negative in areas with evidence of high competition for health, housing and education places. Yet using a measure of pressure on GPs (number of GPs per household in a small area) and housing affordability as measures of scarcity, we find no evidence of this. Surprisingly, higher demand for primary schools, measured as the ratio of supply of and demand for primary school places, is linked to more positive attitudes. It may therefore be that it is perceived rather than actual pressure on services that influences attitudes. Alternatively, a general concern that there is a national shortage of housing, medical services and school places may influence attitudes more than people’s local experiences. We find that attitudes are not related to the proportion of Ukrainian refugees in people’s local area. The proportion of non-European asylum seekers living in the neighbourhood is linked to more positive attitudes to immigration overall, though a relatively small number of respondents have an asylum seeker accommodation centre in their local area. Implications These results provide new insights into the role of community contexts and community strain (e.g. pressures on services and amenities) in shaping immigration attitudes in Ireland. The analysis sheds light on the role that neighbourhood-level factors might be playing in the recent rise of anxiety around immigration. In particular, the research highlights the role of broader social and economic factors in influencing attitudes towards immigration. Of note is the contrast between the positive immigration attitudes of residents in areas that contain more asylum seekers and the negative immigration attitudes in disadvantaged areas that have experienced a recent large increase in immigration. We conclude that it may not be proximity to increasing numbers of asylum seekers that is driving recent anxiety, but rather the rapid changes in immigration coupled with economic precarity. Two important caveats to our analysis are that people may overstate their support for immigration in surveys, and that we do not measure social contact directly. Nonetheless, these findings provide important insights into attitude formation in the context of the current public debate on immigration in Ireland."
exclude,2025-07-18,Nowcast (as of 17 July 2025),Indices Report,Paul Egan; Janez Kren,not a research publication (Indices Report),,,,,,,Macroeconomics,,https://www.esri.ie/publications/nowcast-as-of-17-july-2025,https://www.esri.ie/system/files/publications/Nowcast%20180725.pdf,keyword:work permit,"As of 17th July, the ESRI's 2025Q2 nowcast estimates that MDD is growing at 3.6% year-on-year. This is the second estimate for 2025Q2 based on April and May. While this represents an increase of 0.5% from last month's estimate, this is largely due to revised MDD data released by the CSO rather than a significant impact in activity. The underlying indicator of economic activity for May ,which determines the nowcast, was broadly similar to that for April. Decomposing the key drivers of this month’s nowcast show that output, labour, sentiment, housing and tax data contributed positively to the estimate. On the other hand, financial, price and weaker consumption data compared to the same period in 2024 had a negative impact on the estimate."
exclude,2025-07-17,Ireland's Women in Finance Charter: Annual Report 2025,ESRI Survey and Statistical Report Series,Eva Slevin; Helen Russell,no migration vocabulary,,,,"data, interview, qualitative",Ireland (State),contemporary,Social Inclusion and Equality,10.26504/sustat128,https://www.esri.ie/publications/irelands-women-in-finance-charter-annual-report-2025,https://www.esri.ie/system/files/publications/SUSTAT128_2.pdf,keyword:employment permit; keyword:work permit,"Ireland’s Women in Finance Charter is an industry-led initiative supported by the Government of Ireland, launched in 2022 to address gender imbalances in the financial sector. There are now 100 signatory firms, of which 94 completed their annual reporting in 2025. These firms employ over 72,000 workers (56 per cent of the Irish Financial Sector). Progress made by these firms therefore has the potential to significantly influence the opportunities and outcomes for women in the Irish financial sector. Signatory firms commit to setting at least one positive target to address gender imbalance in their firm and to monitoring their progress. This report includes the latest reporting data, as well as qualitative interview data from a small subset of firms."
exclude,2025-07-16,Peer counselling on modernising the Polish curriculum to enhance key competences,Report,Caoimhe Dempsey; Selina McCoy,no migration vocabulary; no Ireland reference,,,,evidence,,contemporary,Education,10.2766/4701403,https://www.esri.ie/publications/peer-counselling-on-modernising-the-polish-curriculum-to-enhance-key-competences,https://www.esri.ie/system/files/publications/BKMNEXT447.pdf,keyword:nationality,"This report presents policy advice and reflections resulting from a peer counselling process in Poland co-organised by the European Commission’s Directorate-General for Education, Youth, Sport and Culture, the Polish Ministry of Education and the Educational Research Institute – National Research Institute (IBE PIB), Poland. Peer counselling is part of the mutual learning toolbox of the European Education Area strategic framework until 2030 (1 ), providing evidence-based support for education policy development. It brings together peers from national administrations and independent experts to advise an EU Member State in a process of reform, based on experiences from their own national contexts and available research evidence. Their recommendations are intended to inform the design and implementation of policy solutions for the Member State. The impact of the process and implementation of the recommendations remains the full responsibility of the Member State that initiated the peer counselling."
include,2025-07-09,The labour market impact of the COVID-19 pandemic on individuals with disabilities: The case of Ireland,ESRI Working Paper,Elish Kelly; Bertrand Maître,"PDF: 41 pages, 104 Ireland mentions",non-irish,104,41,"000 people, 2019 people, 2023 people, 2023 respondents, administrative, analysis of, cohort, data",Ireland (State),contemporary,Labour Markets and Skills; Social Inclusion and Equality,,https://www.esri.ie/publications/the-labour-market-impact-of-the-covid-19-pandemic-on-individuals-with-disabilities-the,https://www.esri.ie/system/files/publications/WP805_0.pdf,keyword:nationality; keyword:non-Irish,"The COVID-19 health pandemic had a profound impact on economies and their labour markets worldwide. This included Ireland, with its labour market experiencing substantial increases in unemployment due to the implementation of a number of public health measures. The labour market disruptions caused by COVID-19 disproportionately affected certain sectors (accommodation, food services, etc.), and subgroups of the population (younger workers, women, non-Irish nationals, etc.). There is also reason to suspect that individuals with disabilities were disproportionately affected by the pandemic. In general, prior to the pandemic, people with disabilities already faced significant labour market inequality in Ireland, with their employment rate being 33 per cent in 2019 compared to a rate of 51 per cent across the EU27, and 77 per cent for those without a disability in Ireland. Despite extensive research on the broader impacts of COVID-19, there remains a notable gap in the literature concerning the labour market impact of the health pandemic on people with disabilities. This paper attempts to fill this gap in the literature for Ireland by using data from the 2020 and 2023 Labour Force Survey (LFS) to examine the impact of COVID-19 on disabled peoples’ unemployment status relative to those without a disability. Using OLS and propensity score matching econometric techniques, the paper finds that individuals with disabilities were 2.7 percentage points more likely to be unemployed during the COVID-19 pandemic compared to those without disabilities. Even in 2023, people with disabilities remained more likely to be unemployed. However, our year interaction models revealed that the impact of disabilities on unemployment risk remained largely stable during and after the health pandemic. The paper also found some interesting results by disability type. The findings should help to provide policymakers with a clearer perspective on the effects of labour market disruptions on individuals with disabilities and identification of measures needed to support this subgroup of the population during labour market crises."
exclude,2025-06-30,"Projections of national demand and bed capacity requirements for older people’s care in Ireland, 2022–2040: Based on the Hippocrates model",ESRI Research Series,Brendan Walsh; Theano Kakoulidou,no migration vocabulary,,,,"census, estimates",Ireland (State),contemporary,Health and Quality of Life,10.26504/rs214,https://www.esri.ie/publications/projections-of-national-demand-and-bed-capacity-requirements-for-older-peoples-care-in,https://www.esri.ie/system/files/publications/RS214_1.pdf,keyword:nationality; keyword:work permit,"See also ""Projections of regional demand and bed capacity requirements for older people’s care in Ireland, 2022–2040: Based on the Hippocrates model"": https://www.esri.ie/system/files/publications/SUSTAT135.pdf Life expectancy rates have increased substantially in Ireland in recent years, driven mainly by reductions in mortality rates at older ages. Accordingly, Ireland has seen large increases in its older population, and along with this increasing demand for health and social care services, particularly those aimed at the older population such as long-term residential care (LTRC) and home support. Due to the projected increase in the older population in the future, planning health and social care capacity is vital to ensure the health system is in a position to meet the care needs of this segment of the population. Over the past ten years, as part of the Department of Health/Economic and Social Research Institute (ESRI) Research Programme in Healthcare Reform, the ESRI developed the Hippocrates projection model. Previous analyses have applied Hippocrates to provide medium-term projections of healthcare demand, bed capacity, expenditure and workforce requirements. This recent work, commissioned under the programme, has used the model to provide up-to-date projections for three service areas – public acute hospitals, general practice and older people’s services to 2040. Analyses in this report use the Hippocrates model to update baseline estimates of home support hours and LTRC beds in 2022, and to project demand and capacity for these services to 2040. Building on the existing Hippocrates modelling framework, the broad objectives of this report are to: • provide updated baseline profiles for LTRC bed capacity and home support hours among older people (aged 65 years and over) incorporating new population estimates based on Census 2022; and • project LTRC bed capacity and home support hour requirements to 2040"
exclude,2025-06-30,Nowcast (as of 30 June 2025),Indices Report,Paul Egan; Janez Kren,not a research publication (Indices Report),,,,,,,Macroeconomics,,https://www.esri.ie/publications/nowcast-as-of-30-june-2025,https://www.esri.ie/system/files/publications/ESRI%20Nowcast.pdf,keyword:work permit,"As of June 30th, the ESRI's 2025Q2 nowcast estimates that MDD is growing at 3.1% year-on-year. This is the first estimate for 2025Q2 and is based on data from April only. Decomposing the key drivers of this month’s nowcast show that output, labour, sentiment, price,h ousing and tax data contributed positively to the estimate. On the other hand financial and weaker consumption data compared to the same period in 2024 had a negative impact on the estimate."
exclude,2025-06-27,The healthcare costs of poor air quality in Ireland: A review of potential data sources and methods,ESRI Survey and Statistical Report Series,Aislinn Hoy; Anne Nolan,no migration vocabulary,,,,"analysis of, data, estimate",Ireland (State),contemporary,Health and Quality of Life,10.26504/sustat130,https://www.esri.ie/publications/the-healthcare-costs-of-poor-air-quality-in-ireland-a-review-of-potential-data-sources,https://www.esri.ie/system/files/publications/SUSTAT130.pdf,keyword:work permit,"Air pollution is a major risk factor for disease and premature mortality worldwide. In Ireland, fine particulate matter (PM2.5), which originates largely from burning solid fuel for heating, and nitrogen dioxide (NO2), derived from road transport, in particular from diesel engines, are the main contributing sources of poor air quality. In addition to the mortality and morbidity burden, air pollution also imposes a significant economic burden, in terms of healthcare costs, lost productivity, impact on agricultural crops and damage to buildings and infrastructure. In this report, we scope out the data and methods to estimate the healthcare costs of poor air quality in Ireland, focusing on three types of healthcare: emergency inpatient hospitalisations, general practitioner (GP) care and prescribed medicines dispensed in community pharmacies (community pharmacy services). As the available data in Ireland preclude a comprehensive analysis of the healthcare costs associated with poor air quality, the data and methodological approach used in this report provide a framework that can be used to inform future data collection and research studies on this issue."
exclude,2025-06-26,"Quarterly Economic Commentary, Summer 2025",ESRI Forecasting Series,Alan Barrett; Conor O'Toole; Dónal O'Shea,no migration vocabulary,,,,"data, statistics",Ireland (State),contemporary,Macroeconomics,10.26504/QEC2025SUM,https://www.esri.ie/publications/quarterly-economic-commentary-summer-2025,https://www.esri.ie/system/files/publications/QEC2025SUM.pdf,keyword:nationality; keyword:employment permit; keyword:work permit; keyword:foreign,"Key points from summer 2025 Commentary • Most of the key indicators for the Irish economy continue to point to its ongoing strength and expansion. However, the uncertainty generated by the Trump administration’s changing stance on tariffs is dampening sentiment internationally, and has prompted many downward revisions to global growth forecasts. • In the current Commentary, we make the technical assumption that tariffs and global growth follow the ‘reference forecast’ from the recent International Monetary Fund (IMF) World Economic Outlook, April 2025. This is based on information from mid-April 2025 globally, and for Ireland implies a 10 per cent tariff on goods exports to the US with an exemption for pharmaceuticals. We recognise discussions around EU–US trade are ongoing, and that the situation is extremely fluid and uncertain. The IMF, and other forecasters, have downgraded their growth outlook generally and we have reflected this in our forecasts since March 2025. • Under these assumptions, we expect modified domestic demand (MDD, our preferred measure of economic activity) to grow by 2.3 per cent in 2025, a lower rate than that envisaged in our spring Commentary (3 per cent) due to the deteriorating international outlook. We expect MDD growth of 2.8 per cent in 2026. Clearly, if the trade wars between the US and its trading partners intensify, this forecast will need to be revisited. • We still expect exports to grow in 2025 under our baseline, given the structure of Ireland’s exports. With both trade in services and in pharmaceuticals currently outside the scope of the Trump announcements, Ireland is insulated to some degree in the short run. This could change, however, and longer term US policy shifts could threaten the Irish foreign direct investment (FDI) led economic model if both tariff and non-tariff measures act to re-shore activity by US firms back to the US. • Based on the anticipated growth, we see employment increasing again in 2025 (+66,000) and 2026 (+45,000). Unemployment is expected to Quarterly Economic Commentary: Summer 2025 | x remain low at just over 4 per cent across the forecast horizon. Nominal wage growth is expected to exceed price inflation in both 2025 and 2026, resulting in real wage growth of 3.5 per cent in 2025 and 2.3 per cent in 2026. • The number of housing completions in 2024, at just over 30,000, was disappointing and we remain somewhat pessimistic about the scope for substantial growth in 2025 and 2026. We have reduced our forecast from our previous Commentary for the present year, and now expect 33,000 completions in 2025 and just under 37,000 completions in 2026, but there are considerable downside risks. • Total tax revenues continue to perform well, reflecting the strength of the economy. Looking ahead to 2026, there are suggestions that corporate tax revenues could climb again, due in part to the ongoing rollout of the Organisation for Economic Co-operation and Development’s (OECD) base erosion and profit shifting (BEPS) reforms. However, corporate tax revenues are lower in the first five months of this year compared to January to May 2024. It is too early to draw a strong conclusion on the likely corporate tax take for the year, but the dip in May served as a reminder of the potential vulnerability in the public finances arising from the windfall element. • In our overall assessment, while reflecting on the current strengths of the economy, we also look at three concerns – the Trump tariffs, the outsized impact of windfall corporate revenues on the headline public finance numbers and housing completions. On housing completions, we discuss how labour constraints in a full employment economy might require strict prioritisation in a revised National Development Plan (NDP) if labour resources are to be available to meet housing targets. • Finally, given the importance of exports at this time for the Irish economy, in Box A we use Central Statistics Office (CSO)/Eurostat data to look at the characteristics of Ireland’s exporting firms. This research further highlights the issue of concentration risk in terms of Ireland exports, with a relatively small group of firms accounting for a high proportion of exports. This risk is higher than in other small-open economies."
exclude,2025-06-19,Parenting in a digital era: A narrative review,ESRI Research Series,Celine Fox; Deirdre Robertson; Pete Lunn,no migration vocabulary,,,,findings,Ireland (State),contemporary,Behavioural Science,10.26504/rs218,https://www.esri.ie/publications/parenting-in-a-digital-era-a-narrative-review,https://www.esri.ie/system/files/publications/RS218_0.pdf,keyword:international protection; keyword:work permit,"School-aged children and adolescents under 18 in Ireland spend more time online than ever before. ‘Digital technology’ is a broad term that refers to electronic devices like computers, smartphones, smart TVs and game consoles. These devices can connect to the internet and access various types of online content, including games, social media, streaming services and educational resources. While digital technologies offer numerous benefits, such as access to information, educational tools and social connection, they can also pose risks to the mental wellbeing of children and adolescents. Many governments, including Ireland’s, have introduced policies to protect children online. Knowing when and how digital technologies cause harm can guide the development of effective policies. This review summarises international research on the effect of digital technologies on school-aged children and adolescents. Findings are presented as follows: 1) the impact of digital technology on wellbeing; 2) the challenges of parenting in a digital era; and 3) public health and policy interventions to protect children and adolescents online. This review adopts a narrative approach to explore this topic. It includes a broad literature search from academic databases, grey literature and non-academic sources, ensuring a wide range of insights from various disciplines. Both academic and non-academic sources are critically appraised to provide a balanced and contextually relevant discussion that may inform future research, policy and practice. This review includes a total of 297 references. Notably, this is a rapidly evolving area, with new research publications and policy developments emerging daily. As such, while the review offers a current overview, it can be viewed as a snapshot of a continuously shifting landscape. The findings of this review are summarised below."
exclude,2025-06-18,"Projections of national demand and workforce requirements for general practice in Ireland, 2023–2040: Based on the Hippocrates model",ESRI Research Series,Sheelah Connolly; Theano Kakoulidou; Ellen McHugh,no migration vocabulary,,,,"data, estimate",Ireland (State),contemporary,Health and Quality of Life,10.26504/rs215,https://www.esri.ie/publications/projections-of-national-demand-and-workforce-requirements-for-general-practice-in,https://www.esri.ie/system/files/publications/RS215_1.pdf,keyword:nationality; keyword:work permit,"Planning for future healthcare needs is essential for ensuring the safe and effective delivery of healthcare services in the coming years. A number of studies have shown that demand for health and social care services will increase in Ireland in the coming years due to a growing and ageing population. In recent years, a number of factors, including higher than projected population growth, the COVID19 pandemic and government policies and reforms, have had significant implications for the demand and delivery of healthcare services. Consequently, earlier projections of healthcare demand may be somewhat outdated. As part of the Department of Health/Economic and Social Research Institute (ESRI) Research Programme in Healthcare Reform, the ESRI used the Hippocrates model to provide up-to-date projections for three services areas – public acute hospitals, general practice and older peoples’ services. The aim of the analysis in this report is to estimate the baseline and future projections for the demand for general practice services, along with the associated workforce requirements. These projections are based on data availability and the policy environment at the time of undertaking the analysis. A number of factors contribute to potential uncertainties in these projections, including disruption to the demand and delivery of healthcare services due to the COVID-19 pandemic, limited available data on general practice and a number of proposed and implemented reforms, which will impact on general practice in the coming years. Various approaches were used in the analysis to overcome these uncertainties."
exclude,2025-06-17,Deprived children in Ireland: Characterising those who are deprived but not income-poor,ESRI Research Series,Eva Slevin; Helen Russell; Bertrand Maître,no migration vocabulary,,,,"data, silc, survey",Ireland (State),contemporary,Social Inclusion and Equality,10.26504/rs217,https://www.esri.ie/publications/deprived-children-in-ireland-characterising-those-who-are-deprived-but-not-income-poor,https://www.esri.ie/system/files/publications/RS217.pdf,keyword:work permit,"This report examines child deprivation in Ireland. It focuses on children who experience deprivation but are not classified as at-risk-of-poverty (AROP). As a result, they fall outside the official consistent poverty measure, which is a combined measure of AROP and deprivation. The report uses data from the Survey of Income and Living Conditions (SILC) to investigate the composition and characteristics of this group. The report underscores the need for comprehensive policies to improve living standards for vulnerable families."
review,2025-06-16,How do EMN countries manage contributions to international protection accommodation?,EMN Ireland Migration Memo,Ciára Dalton; Keire Murphy,"PDF: 2 pages, 11 Ireland mentions",international protection,11,2,findings,Ireland (State),contemporary,"Migration, Integration and Demography",,https://www.esri.ie/publications/how-do-emn-countries-manage-contributions-to-international-protection-accommodation,https://www.esri.ie/system/files/publications/EMNMemo5.pdf,research_area:67; keyword:migration; keyword:international protection; keyword:integration,
exclude,2025-06-16,Production- and consumption-based emissions: An international comparison,ESRI Working Paper,Kelly C de Bruin; Çağaçan Değer; Aykut Mert Yakut,no migration vocabulary,,,,,Ireland (State),contemporary,Climate,,https://www.esri.ie/publications/production-and-consumption-based-emissions-an-international-comparison,https://www.esri.ie/system/files/publications/WP803_0.pdf,keyword:nationality,"Production-based accounting (PBA) and consumption-based accounting (CBA) of emissions differ in how they consider the emissions resulting from the production of internationally traded commodities. This paper applies both approaches to calculate and compare emissions for Ireland and selected countries. We investigate the sources of variations in PBA and CBA emissions across countries. Ireland is observed to have lower PBA and CBA emissions in levels and per gross national income (GNI) terms. Sectoral patterns of PBA and CBA emissions vary across the countries; none of the selected countries have similar PBA and CBA emissions across all sectors compared to Ireland. Ireland’s emissions are clustered in the fuels, transport sector and animal agriculture. This is not the standard pattern for all countries, and a lack of similarity is observed across countries. Ireland diverges from the rest of Europe in terms of the origins of fuel-embedded emissions as well, with the United Kingdom as a major source. Ireland’s export of agricultural emissions is more similar to that of New Zealand than that of other European countries."
exclude,2025-06-11,The effect of child-related benefits on child poverty and deprivation in Ireland,Budget Perspectives,Karina Doorley; Simona Sándorová; Bertrand Maître,no migration vocabulary,,,,"estimate, evidence, we find",Ireland (State),contemporary,"Taxation, Welfare and Pensions",10.26504/BP202601,https://www.esri.ie/publications/the-effect-of-child-related-benefits-on-child-poverty-and-deprivation-in-ireland,https://www.esri.ie/system/files/publications/BP202601.pdf,keyword:work permit,"Child poverty is of growing concern in Ireland and internationally due to the growing body of evidence on the detrimental effects of childhood socio-economic disadvantage on children, both in the short term and in the long term through loss of education, earnings and health. In Ireland, child poverty has been typically higher than that of other groups of the population over the last few years by many metrics. There are a number of ways that policy can tackle child poverty. One such way is increasing the earnings of families with children by reducing barriers to work. Another way is reform to the tax-benefit system, including in-kind benefits, in a manner that targets families with children. This research is concerned with the latter and investigates the effect on child poverty of the existing tax-benefit system, accounting for many in-kind benefits; analysis includes consideration of the At Risk of Poverty rate, the deprivation rate and the consistent poverty rate. Using the microsimulation model, SWITCH, and accounting for in-kind child benefits, we simulate the child AROP rate for 2025 to be 13.9 per cent, the child material deprivation rate to be 19.5 per cent and the child consistent poverty rate to be 5.6 per cent. We estimate that, in the absence of child-contingent benefits, child poverty rates would be considerably higher. Child-contingent in-cash benefits reduce the child AROP rate by 10 percentage points, the child material deprivation rate by 3.2 percentage points and the child consistent poverty rate by 6.7 percentage points. We estimate that in-kind child-contingent benefits also reduce child poverty, albeit by a more modest magnitude. In the absence of in-kind child-contingent benefits, the child AROP rate would be 1.5 percentage points higher, the child material deprivation rate would be 0.6 percentage points higher, and the child consistent poverty rate would be 1 percentage point higher. Using SWITCH, the ESRI’s tax-benefit model, we also simulate some reforms to the tax-benefit system that could further reduce child poverty. These reforms include increases to the Working Families Payment, to Child Support Payments and to Child Benefit, as well as the introduction of a means-tested second tier of Child Benefit. We find that a second tier of Child Benefit would be the most cost effective of these reforms at tackling child poverty, reducing the child AROP rate by 4.6 percentage points, the child material deprivation rate by 0.7 percentage points and the child consistent poverty rate by 2.1 percentage points."
review,2025-06-09,School and home influences on youth ICT skills development in Ireland,ESRI Research Bulletin,Míde Griffin; Gretta Mohan; Selina McCoy; Seán Lyons,"only ambiguous migration terms; PDF: 3 pages, 4 Ireland mentions",integration,4,3,"data, evidence, findings, growing up in ireland, longitudinal",Ireland (State),contemporary,Education,,https://www.esri.ie/publications/school-and-home-influences-on-youth-ict-skills-development-in-ireland,https://www.esri.ie/system/files/publications/RB202508_0.pdf,keyword:integration,"This Bulletin summaries the findings from: Míde Griffin, Gretta Mohan, Selina McCoy and Seán Lyons (2025) ‘ Who says school provides computer skills? Early ICT exposure and later skill perceptions – evidence from school and home environments in Ireland’. Technology, Pedagogy and Education. Available at: https://www.tandfonline.com/doi/full/10.1080/1475939X.2025.2505130?src=exp-la Introduction Recognising the critical role of digital literacy in modern society, policymakers aim to foster digital inclusion and lifelong learning by equipping citizens with essential Information and Communications Technology (ICT) skills. While young people are often perceived as 'digital natives,' there remains a need for active instruction and guidance to develop 21st-century skills and foster online safety. To effectively support people in an online world, it is crucial to understand how people develop their ICT skills. Do young people in Ireland feel that their second-level education is providing them with digital skills needed for the future? This study investigates how exposure to technology at school and at home impacts young people’s perceptions of their digital skills learning within the school environment. By examining socio-economic, school, and home factors, this research explores the complexities of ICT integration in education and “digital divides” in the experiences of students from different backgrounds. Specifically, this study addresses the following research questions: Does early exposure to technology-rich environments at ages 9 and 13, both in school and at home, influence a student's belief that they acquired sufficient digital skills in school by age 17? How do school, home, and social factors influence these relationships? Data and methods The research uses longitudinal data from the Growing Up in Ireland study, following over 5,600 children from age 9 to 17. Statistical models analyse the relationship between ICT exposure and students' beliefs about school-provided digital skills, considering variables from school, home, and socio-economic contexts. Results This research reveals several factors influencing student perceptions of digital skills acquisition: School ICT Environment: While most school ICT factors had limited impact, students who took computer studies as a dedicated subject (at age 13) were more likely to believe that school effectively provided them with ICT skills. Home ICT Environment: Students without home computers at age 9 were more inclined at age 17 to believe that school had benefited them in terms of ICT skills, compared to those with home computers. Excessive recreational internet use negatively impacted this belief, whereas using the internet at home for school projects was positively associated with the belief that school provided digital skills. School Factors: Students in ETB (Education and Training Board) schools and girls in single-sex voluntary secondary schools showed a stronger belief in school's role in providing computer skills. Neither school DEIS (catchment disadvantage) status nor fee charging status impacted beliefs on digital skill learning at school. Home Background Factors: Students from lower socio-economic households and those with less-educated parents were more likely to attribute their digital skills to school. Child Factors: Female students, those with higher levels of conscientiousness, and stronger academic self-concept were more likely to believe that school effectively provided them with digital skills. This research suggests that the school environment plays a more important role in ICT skill acquisition for students from lower socio-economic backgrounds, with important implications for addressing digital divides. However, as neither DEIS nor fee charging school status impacted perceptions of school’s role in computer learning, it may be that Irish education policy has mitigated some of the digital divides between schools. Taken together, this suggests the important role of enhanced ICT funding for schools serving more disadvantaged areas. In general, promoting the take-up of computer science as an examination subject and extracurricular activities like coding clubs will be important. A move towards diverse assessment methods, including projects and presentations, and integrating digital technologies in classrooms more generally, will likely support digital skills acquisition. Investment in teacher professional development, resources for ICT coordination, and promoting innovative school leadership are also highlighted. Conclusions The study concludes that socio-cultural context, including school and home environments and social factors, significantly influences students' perceptions of ICT skill acquisition. Schools play a crucial role in providing digital skills, especially for students experiencing socio-economic inequality."
exclude,2025-06-04,Including non-resident fathers in cohort research: a scoping study,ESRI Research Series,Emer Smyth; Merike Darmody; Helen Russell,no migration vocabulary,,,,"cohort, data, growing up in ireland, interviews",Ireland (State),contemporary,Social Inclusion and Equality,10.26504/rs211,https://www.esri.ie/publications/including-non-resident-fathers-in-cohort-research-a-scoping-study,https://www.esri.ie/system/files/publications/RS211.pdf,keyword:work permit,"New research, published by the ESRI and produced in partnership with the Department of Children, Disability and Equality (DCDE), uses Growing Up in Ireland (GUI) data to look at the profile of fathers not living full-time with their children (termed non-resident fathers in the report). The GUI study has included both resident and non-resident fathers in almost all waves of the study. While the primary focus of this report is on how best to involve non-resident fathers in future waves of the new GUI birth cohort, the report provides interesting insights on non-resident fathers and their relationships with their children. It also draws on interviews with researchers from international child cohort studies and with separated parents and NGOs working with parents in Ireland."
exclude,2025-05-28,"Projections of national demand and bed capacity requirements for public acute hospitals in Ireland, 2023–2040: Based on the Hippocrates model",ESRI Research Series,Aoife Brick; Theano Kakoulidou; Harry Humes,no migration vocabulary,,,,,Ireland (State),contemporary,Health and Quality of Life,10.26504/sustat132,https://www.esri.ie/publications/projections-of-national-demand-and-bed-capacity-requirements-for-public-acute,https://www.esri.ie/system/files/publications/RS213.pdf,keyword:nationality; keyword:work permit,"See also ""Projections of regional demand and bed capacity requirements for public acute hospitals in Ireland, 2023–2040: Based on the Hippocrates model"": https://doi.org/10.26504/sustat132"
exclude,2025-05-27,"Barriers to social inclusion in Ireland: Change over time and space, 2016-2022",ESRI Research Series,Anne Devlin; Seamus McGuinness; Adele Whelan,no migration vocabulary,,,,"census, data, findings",Ireland (State),contemporary,"Education; Health and Quality of Life; Migration, Integration and Demography; Social Inclusion and Equality; Labour Markets and Skills",10.26504/rs212,https://www.esri.ie/publications/barriers-to-social-inclusion-in-ireland-change-over-time-and-space-2016-2022,https://www.esri.ie/system/files/publications/RS212.pdf,research_area:67; keyword:migration; keyword:integration; keyword:work permit; keyword:labour migration,"A new ESRI study, commissioned by Pobal, examines socioeconomic conditions across communities in Ireland. Using Census data, the study examines how potential barriers to social inclusion have changed over time and if disadvantaged communities are particularly adversely affected. Findings from the new research report, published today, were collated using the Pobal HP Deprivation Index and two waves of Census data (2016 and 2022). The report highlights both progress and challenges in Ireland’s efforts to promote social inclusion, showing a mixed picture of improving economic conditions alongside worsening health inequalities."
exclude,2025-05-23,Care to college: An exploratory study on care-experienced students’ educational journeys,Jointly-published Reports,Merike Darmody,no migration vocabulary; no Ireland reference,,,,,,contemporary,Education,10.26504/jr13,https://www.esri.ie/publications/care-to-college-an-exploratory-study-on-care-experienced-students-educational-journeys,https://www.esri.ie/system/files/publications/JR13_1.pdf,keyword:work permit,This exploratory study highlights the importance of the combined effects of school experiences and care experiences on the post-school lives of young people leaving care.
exclude,2025-05-22,ESRI Nowcast (as of 22 May),Indices Report,Paul Egan; Janez Kren,not a research publication (Indices Report),,,,,,,Macroeconomics,,https://www.esri.ie/publications/esri-nowcast-as-of-22-may,https://www.esri.ie/system/files/publications/IR28.pdf,keyword:work permit,"As of 22 May, the ESRI's 2025Q1 nowcast estimates that MDD is growing at 3.1% year-on-year, up 0.1% from last month's estimate. This is the final estimate for 2025Q1 and is based on all data from January, February and March. Decomposing the key drivers of this month’s nowcast shows that very strong output data contributed positively to the estimate. On the other hand, financial and weaker consumption data compared to the same period in 2024 negatively impacted the estimate."
exclude,2025-05-15,"The RTB Rent Index, Q4 2024",Indices Report,Rachel Slaymaker; Katie Devane; Chi Tran,not a research publication (Indices Report),,,,,,,Housing,,https://www.esri.ie/publications/the-rtb-rent-index-q4-2024,https://www.esri.ie/system/files/publications/RI2024Q4.pdf,keyword:nationality,"Key findings: The national standardised average rent in new tenancies stood at €1,680 in Q4 2024. The year-on-year growth in standardised average rent for new tenancies dropped to 5.5 per cent in Q4 2024, down from 8.4 per cent one year earlier. The national standardised average rent for existing tenancies rose by 4.6% annually to €1,440 per month in Q4 2024. The number of new tenancies registered and used in the New Tenancies Rent Index sample in Q4 2024 was 11,793. The number of existing tenancies used in the Existing Tenancies Rent Index sample in Q4 2024 was 41,133."
exclude,2025-05-09,Does a history of gaming in childhood represent a risk factor for gambling in young adulthood? Evidence from an Irish cohort,ESRI Research Bulletin,Gretta Mohan,no migration vocabulary,,,,"cohort, data, evidence, findings, growing up in ireland, longitudinal, regression, statistics",Ireland (State),contemporary,Health and Quality of Life,10.1080/14459795.2025.2488867,https://www.esri.ie/publications/does-a-history-of-gaming-in-childhood-represent-a-risk-factor-for-gambling-in-young,https://www.esri.ie/system/files/publications/RB202507.pdf,keyword:naturalisation,"This Bulletin summaries the findings from: Mohan, G. (2025) ‘Kid gamers to adult gamblers? An investigation of gaming in childhood and young adult gambling’. International Gambling Studies. Available at: https://doi.org/10.1080/14459795.2025.2488867 Introduction There is increasing concern among parents, researchers, regulators and policy-makers about the rapid expansion and increasing sophistication of gaming and gambling opportunities in contemporary society. A ‘gateway hypothesis’ has been proposed, which posits that gaming in childhood could predict future gambling. This study addresses a dearth of information related to the growing policy-relevant issue of whether there is an association between early gaming behaviours and subsequent gambling behaviour. Data and methods The research uses data longitudinal data from the Growing Up in Ireland study, following over 4,200 children, born in 1998. Information pertaining to gaming behaviours was gathered at three distinct time points: when the child was 9 years old (collected in 2007/8), 17 years (in 2015/16), and 20 (2018/19). Specifically, the research question asks: Is engagement with gaming at 9 years of age, and then at 17 and 20 years, associated with frequency of gambling at 20 years? Statistical analysis investigates the predictive relationship between early and later gaming behaviours and subsequent engagement in gambling. The modelling controls for key factors such as sex, socioeconomic status, risk appetite, and other risky behaviours, including alcohol consumption. Results Summary statistics In terms of gaming activities, 86.8% of 9-year-olds reported using a computer to play video games in 2007/8, while two-thirds (66.8%) of the primary caregivers of the 9-year-olds reported that the study child spent more than 1 hour gaming on a typical day – with a substantially greater proportion of the caregivers of male children reporting this than females. At 17 years, 39.6% of young people reported engaging in gaming activities online, while at 20 years, a slightly higher proportion (41.1%) reported engaging in online gaming; decreasing over time for females. Turning to gambling, 3.6% of 20-year-olds reported (non-lottery) gambling at least on a weekly basis, with a further 3.6% reporting gambling on at least a monthly basis. There was growth in engagement in online gambling between 17 and 20 years, from 2.9% to 9%, representing a three-fold increase. Males were significantly more likely to engage in gambling activities than females. Results from statistical modelling Multiple regression models, adjusting for a range of socio-economic and health characteristics, revealed that those who were online gaming at 17 years were 1.4 times more likely to be more frequently engaging in online gambling at 20 years (compared to those who were not online gaming at 17). Twenty-year-olds who were online gaming were 1.7 times more likely to be online gambling more frequently. However, no association between early computer-based gaming at 9 years and subsequent gambling behaviours at 20 was uncovered for this cohort. Conclusions While this research found no statistically significant link between childhood gaming (at age 9) and later gambling (at 17 and 20), online gaming in adolescence and young adulthood strongly correlated with both online gaming and gambling frequency at age 20. This suggests a need for policies and regulations to mitigate potential harm. We note that the time-frame of data collection is important. The features which have led to greater ‘gamblification’ of gaming such as loot boxes, skins, and social casino games are a relatively new development in gaming, which did not exist in 2007 when the childhood gaming behaviours were collected in this study. For example, in the 2000s, children's gaming was largely confined to console-based experiences (for example, PlayStation, Nintendo, Xbox etc), mainly offering immersive single-player adventures. However, the landscape shifted dramatically with the rise of mobile and online gaming in the 2010s, with social media and online communities beginning to grow, offering shared virtual spaces for players to interact and create. This period also witnessed the growing influence of independent game developers, leading to a more diverse range of genres and styles. As such, the effects of these new innovations in gaming on gambling behaviours are not observed in the current research study – and warrant further academic inquiry in a more contemporary cohort of young children. Given the rapidly evolving nature of online gaming and gambling, ongoing monitoring of these behaviours in younger and older cohorts is crucial."
exclude,2025-05-02,SME investment report 2024: Developments between 2016 and 2023,ESRI Survey and Statistical Report Series,Janez Kren; Conor O'Toole,no migration vocabulary,,,,"data, findings, statistics, survey",Ireland (State),contemporary,Macroeconomics,10.26504/sustat129,https://www.esri.ie/publications/sme-investment-report-2024-developments-between-2016-and-2023,https://www.esri.ie/system/files/publications/SUSTAT129.pdf,keyword:employment permit; keyword:work permit,"Despite a robust domestic economic performance, over the past number of years, the Irish enterprise sector has been hit with a series of external shocks. From Brexit to the COVID-19 pandemic and then the external inflationary shocks following the energy price crisis, enterprises have faced challenges that have put pressure on their sustainability in day-to-day operations and heightened uncertainty around their commitment to capital investment. Yet long-term investment is critical to enhance productivity and drive profitability going forward. Over and above these external shocks, firms are grappling with the twin challenge of decarbonisation and digitalisation. Understanding the trends in investment is therefore critical to determining how firms are adapting to the changing circumstances and how Ireland’s economy is building capacity for future growth. Given this backdrop, this report provides a detailed examination of the SME investment across a range of asset categories. It explores how these investments are financed and the investment challenges faced by SMEs in the current environment. Although SMEs make up the bulk of firms and employment in Ireland, aggregate statistics on investment activity tend to be dominated by larger firms. This report uses firm-level data collected as a specific module on the Department of Finance Credit Demand Survey to provide a statistical review of the key trends in SME investment. The report presents data from the Credit Demand Survey conducted in 2024 for the investments in year 2023. Annual time series comparisons back to 2016, with the exception of 2022, are also provided for context and comparison. The main findings in each of the analytical chapters are provided below."
exclude,2025-04-30,A study of minimum wage employment in Ireland using online job vacancy data,ESRI Research Series,Paul Redmond; Lorcan Kelly; Elisa Staffa,no migration vocabulary,,,,"data, survey, surveys",Ireland (State),contemporary,Labour Markets and Skills,10.26504/RS209,https://www.esri.ie/publications/a-study-of-minimum-wage-employment-in-ireland-using-online-job-vacancy-data,https://www.esri.ie/system/files/publications/RS209.pdf,keyword:employment permit; keyword:work permit,"In recent years, research opportunities in labour economics have expanded, due to the availability of large datasets capturing online job vacancies. While not a replacement for well-established labour market surveys, online job vacancy data have several advantages. They contain information that may be otherwise unavailable from traditional survey data; moreover, this information can be available in real time, thus removing any time lag in data availability that can be a feature of traditional labour market surveys. In this report, we use data from the near universe of online job vacancies in Ireland, for the period 2018 to 2024, to examine minimum wage employment across a number of dimensions. The data, which are made available by Lightcast, allow us to examine the county-level distribution of minimum wage vacancies between 2018 and 2024. In addition, we examine the types of jobs that minimum wage employees are typically recruited for, along with the required skills for these positions and how they vary across counties. We also fill an important gap in our knowledge of minimum wage employment in Ireland by profiling the top minimum wage employers in the country – information that has up to now been unavailable."
exclude,2025-04-28,Sharing the Island: Economic and social challenges and opportunities: Evidence from an ESRI research programme,ESRI Research Series,Frances McGinnity; Adele Bergin; Seamus McGuinness; Emer Smyth,no migration vocabulary,,,,"evidence, findings",NI and ROI/island,contemporary,Macroeconomics; Labour Markets and Skills,10.26504/rs202,https://www.esri.ie/publications/sharing-the-island-economic-and-social-challenges-and-opportunities-evidence-from-an,https://www.esri.ie/system/files/publications/RS202_0.pdf,keyword:work permit,"Ireland and Northern Ireland share many social, historical and geographical characteristics but their political institutions and the configuration of policy are very different. This report summarises some key findings from the extensive and ambitious research programme between the ESRI and the Shared Island Unit (SIU) of the Department of the Taoiseach over the past four years, with 15 research reports published in total. The focus of the joint research programme has been broadly to investigate the economic and social challenges and opportunities that sharing the island presents. The purpose of this overview report is to synthesise some key findings from the programme reports and bring out interlinkages between them, as well as to highlight and reflect on implications for policy learning for the island in the future."
exclude,2025-04-25,Profiling short-term let usage across Ireland,ESRI Research Series,Katie Devane; Rachel Slaymaker,no migration vocabulary,,,,"census, data, findings",Ireland (State),contemporary,Housing,10.26504/rs208,https://www.esri.ie/publications/profiling-short-term-let-usage-across-ireland,https://www.esri.ie/system/files/publications/RS208.pdf,keyword:work permit,"Globally, the popularity of homesharing platforms such as Airbnb has grown rapidly in the past decade. These platforms allow households to raise additional income and utilise space in their homes that may otherwise remain unused. However, concerns over the impacts of short-term lets (STL) on local communities have led to increased regulation of these platforms across countries in recent years. The lack of availability of accommodation in the private rental sector (PRS) has sharpened the focus on STL activities and how they may be impacting the Irish PRS. The aim of this report is to provide comprehensive insights into the level and key characteristics of Airbnb usage across Ireland. Gaining a deeper understanding of the STL sector and how this varies at a local level across the country, as well as identifying data limitations and continued knowledge gaps in the short-term let sector, is a critical first step towards a greater understanding of the interaction between the STL and PRS markets. This analysis is based on 2023 data provided by InsideAirbnb, in addition to Census 2022 small area data. A particular focus of the work is to examine the size of Airbnb markets relative to the private rental sector in local areas. We also examine the findings of some initial academic studies into the impact different types of regulation have had on the short-term let sector internationally."
exclude,2025-04-15,Economic overview of Ireland and Northern Ireland,ESRI Research Series,Adele Bergin; Seamus McGuinness; Conor Banahan,no migration vocabulary,,,,,NI and ROI/island,contemporary,Macroeconomics; Labour Markets and Skills,10.26504/rs203,https://www.esri.ie/publications/economic-overview-of-ireland-and-northern-ireland,https://www.esri.ie/system/files/publications/RS203.pdf,keyword:nationality; keyword:work permit,"This report provides a high-level comparison of the economies of Ireland and Northern Ireland (NI) for recent years. A range of economic, socio-economic and demographic measures are used to explore similarities and differences in economic growth, living standards, general well-being and economic structures. While the primary focus is to provide a comparison of the economies of Ireland and NI over recent years, we also examine changes over time to assess how relativities have evolved in recent years. It is important to recognise that the economies North and South on the island are distinct in important structural respects. NI forms a regional part of the overall United Kingdom (UK) economy with important implications, for instance, for NI’s trade and labour market flows, as well as the organisation of public services and public policy configuration. Comparisons with Ireland, as a national level economy, and a European Union (EU) Member State, will therefore not always be on a like-for-like basis. In making comparisons, it is also important to note the relatively strong economic growth in Ireland and the impact of Brexit on the whole of the UK in recent years, which additionally saw an absence of a functioning Northern Ireland Executive for a prolonged period. These wider contexts are reflected in metrics over recent years, but may not continue to impact in the same way in the time ahead."
exclude,2025-04-09,Inherited social trust and depression among second-generation immigrants,Journal Article,Michele Gubello,no Ireland reference; no PDF on ESRI page (journal article or external),immigrants,,,"estimates, sample",,contemporary,"Taxation, Welfare and Pensions; Health and Quality of Life",10.1111/kykl.12453,https://www.esri.ie/publications/inherited-social-trust-and-depression-among-second-generation-immigrants,,keyword:immigrant; keyword:immigration,"This paper estimates the causal effect of culturally inherited social trust on the severity of depressive symptoms among second-generation immigrants. To isolate the impact of inherited social trust on depressive symptoms, I regress the depressive symptoms of second-generation immigrants against the average social trust in their parents' country of origin. Using a sample of second-generation immigrants residing in 22 European countries, I show that a one-standard-deviation increase in inherited social trust reduces the severity of depressive symptoms, as measured by the CES-D8 depression scale, by 6.5% of a standard deviation. Overall, this paper highlights a causal relationship between higher inherited social trust and less severe depressive symptoms among second-generation immigrants."
exclude,2025-04-09,Perceptions of climate change and policy among farmers and the public in Ireland,ESRI Research Series,Lucie Martin; Adam Joachim Shier; Ylva Andersson; Shane Timmons; Deirdre Robertson; Pete Lunn,no migration vocabulary,,,,,Ireland (State),contemporary,Behavioural Science; Climate,10.26504/rs207,https://www.esri.ie/publications/perceptions-of-climate-change-and-policy-among-farmers-and-the-public-in-ireland,https://www.esri.ie/system/files/publications/RS207.pdf,keyword:naturalisation; keyword:international protection; keyword:work permit,"This study investigates how farmers, rural residents, and urban residents compare when it comes to perceptions and understanding of climate change, as well as willingness to make changes in their lives to reduce greenhouse gas (GHG) emissions. The study takes place in a context where there is an urgent need to act together to reduce GHG emissions across multiple sectors of the economy, yet any real or perceived divisions in society – between farmers and non-farmers, between rural and urban residents – can threaten collective action to curb climate change. The study has two primary motivations. First, making progress on reducing GHG emissions from agriculture is particularly important in Ireland, because emissions from agriculture are higher than those of any other sector (Environmental Protection Agency, 2024a). Ireland produces more than twice the agricultural emissions per capita of any other European Union country. Second, the success of climate policy depends heavily on people’s willingness to engage in collective action, but divisions between social groups (or perceptions thereof) can threaten this willingness. Thus, disagreement between groups about the nature of the collective challenge and the science behind it needs to be avoided. Accurate measures of how people in different social groups view climate change and policy can help to identify and, hopefully, correct misperceptions and misunderstandings that have the potential to cause conflict."
include,2025-04-07,Community-level drivers of attitudes towards immigration in Ireland,Journal Article,James Laurence; Frances McGinnity; Keire Murphy,no PDF on ESRI page (journal article or external),"asylum, immigration, international protection, migrant, migrants, refugees, ukrainian",,,"administrative, data, findings",Ireland (State),contemporary,"Migration, Integration and Demography",10.1080/1369183X.2025.2487198,https://www.esri.ie/publications/community-level-drivers-of-attitudes-towards-immigration-in-ireland-0,,research_area:67; keyword:migrant; keyword:migration; keyword:immigrant; keyword:immigration; keyword:asylum; keyword:international protection; keyword:refugee; keyword:Ukrainian; keyword:nationality; keyword:ethnic; keyword:ethnicity; keyword:integration,"Research suggests community characteristics can shape people’s responses towards immigration, yet this remains unexplored in Ireland. This paper investigates the community-level drivers of immigration attitudes in Ireland, applying multilevel modelling to 2023 data on individuals’ attitudes, matched to small area data on their communities, which contributes to the literature by: (a) examining how community-level factors operate in a relatively ‘new immigration’ context; (b) exploring how increasing international protection (IP) migration shapes attitudes, and whether different types of IP migrants are differently related to attitudes; and (c) testing innovative measures of local pressures on services (doctors, school-places, housing) using administrative data. Findings demonstrate that communities’ migration characteristics (migrant-share, change in migrant-share) have no overall association with immigration attitudes. However, migrant-share has a positive association with attitudes in rural (but not urban) areas, while a larger recent increase in migrant-share has a negative association with attitudes in more (but not less) disadvantaged communities. Residential segregation is also associated with more negative attitudes, while areas with a larger share of asylum seekers (but not Ukrainian refugees) are positively associated with attitudes. Measures of pressures on services do not appear to be negatively associated with attitudes, despite featuring prominently in national immigration debates."
exclude,2025-04-04,Child related leave: Usage and implications for gender equality,Jointly-published Reports,Claire Keane; Anousheh Alamir; Frances McGinnity; Richard O'Shea; Helen Russell,no migration vocabulary,,,,"administrative, data, estimate, sample",Ireland (State),contemporary,Social Inclusion and Equality; Labour Markets and Skills,10.26504/jr12,https://www.esri.ie/publications/child-related-leave-usage-and-implications-for-gender-equality,https://www.esri.ie/system/files/publications/JR12.pdf,keyword:naturalisation; keyword:international protection; keyword:employment permit; keyword:work permit,"Child-related leave can have important implications for parents and children. Increases in leave duration and benefits reduces the likelihood of parents developing depressive symptoms, have been found to improve maternal and child health, and links have been found between generous maternity leave benefits and reductions in child mortality. Child-related leave policy also has a role to play in the gender income gap, which often starts after the birth of a child. It can protect the employment relationship for mothers and assist them in returning to a job of the same level and pay. It can also allow and encourage greater participation of fathers in caring roles, with research showing that increased leave for fathers results in a more equal division of childcare duties and housework and better father-child relationships. This report focusses on the take-up of child-related leave in Ireland. The leave types analysed are maternity leave (both paid and unpaid), paternity leave and parent’s leave. Maternity leave provides 26 weeks leave covered by Maternity Benefit for the mother post-birth, as well as 16 further weeks unpaid. Paternity leave covers a two-week period in the six months post-birth for the father and is covered by Paternity Benefit. Parent’s leave currently provides each parent with up to nine weeks of leave in the first two years of a child’s life and is covered by Parent’s Benefit. All require the parent to be in employment prior to the birth and to have sufficient social insurance (PRSI) contributions. Paternity leave and parent’s leave are both recent introductions in Ireland (2016 and 2019 respectively), while maternity leave was introduced in Ireland in 1981 (albeit of shorter duration). Using administrative data (a 10 per cent random sample of all births between 2019 and 2022), we estimate that between 2019 and 2022 a little over half of eligible fathers avail of paternity leave. In the two-year period following the introduction of parent’s leave (2020-2021) around one-quarter of eligible fathers and two-thirds of eligible mothers availed of it. Non take-up issues are common internationally. Income-related concerns are often cited as a factor and the flat-rate nature of the payments in Ireland would play a role here, particularly for those on higher incomes not getting an employer top-up. Gendered caring norms and workplace factors also often play a role."
exclude,2025-04-02,App-based physical activity intervention among women with prior hypertensive pregnancy disorder: A randomized clinical trial,Journal Article,Diarmaid Ó Ceallaigh,no migration vocabulary; no Ireland reference,,,,"577 participants, data, estimated, evidence, interviewing, participants, regression",,contemporary,Behavioural Science; Health and Quality of Life,10.1001/jamanetworkopen.2025.2656,https://www.esri.ie/publications/app-based-physical-activity-intervention-among-women-with-prior-hypertensive-pregnancy,,keyword:integration,"Importance Insufficient moderate to vigorous physical activity (MVPA) is a risk factor for cardiovascular disease (CVD). Effective interventions are needed to bridge the intention-behavior gap and increase MVPA, especially among women with prior hypertensive pregnancy disorder (HPD). Objective To test the effectiveness of two 8-week app-based MVPA interventions (motivation and action) that were based on the integrated behavior change (IBC) model and used evidence-based behavior change techniques from behavioral sciences. Design, Setting, and Participants This randomized clinical trial (RCT) included women with prior HPD. A purpose-built app was tested from October 2021 to March 2022, with follow-up immediately after the intervention (week 9), 3 months later (week 21), and 12 months later (week 61). The study ended in May 2023. Data were analyzed from March 31, 2022, to June 9, 2024. Intervention All participants received a wearable fitness tracker and a purpose-built physical activity intervention app and were randomized to 1 of 3 groups (control, motivation, or action): The control group received information on CVD, MVPA, and HPD; the motivation group received the same information as well as motivational interviewing–based counseling; and the action group received the same information as well as behavior change techniques that targeted all processes in the IBC model (motivational, volitional, automatic): motivational interviewing–based counseling, action and coping planning, commitment, positive psychology, and mindfulness-based stress reduction. Main Outcomes and Measures The primary outcome was MVPA (in minutes per week). Treatment effects were estimated using available case ordinary least-squares regression. Results A total of 619 women participated in this study: 205 in the control group, 209 in the motivation group, and 205 in the action group. Their mean (SD) age was 38.9 (7.3) years; 386 of 577 participants (67%) had a bachelor’s degree or more and 550 of 577 (95%) were living with a child or children. The mean (SD) weekly MVPA for all 3 groups went from a high baseline of 242 (190) minutes to 197 (208) minutes immediately post intervention. No significant postintervention treatment effects on MVPA were observed for the action group (week 9 treatment effect, −17 [95% CI, −58 to 23] min/wk) or the motivation group (week 9 treatment effect, −3 [95% CI, −58 to 51] min/wk), despite the action intervention positively influencing motivational and volitional processes. The app and intervention components were all evaluated positively by participants. Conclusions and Relevance In this clinical trial of 2 app-based MVPA interventions among 619 women with prior HPD, no treatment effects on MVPA were observed. Possible explanations include (1) the importance of automatic processes in determining MVPA and the absence of treatment effects on these processes and (2) the high baseline activity levels of control group participants, which may have given less room for the treatments to improve upon. These are important considerations for those designing future MVPA interventions and RCTs."
exclude,2025-04-01,The response of low-income households to the cost-of-living crisis in Ireland,ESRI Research Series,Diarmaid Ó Ceallaigh; Lucie Martin; Shane Timmons; Deirdre Robertson; Pete Lunn,no migration vocabulary,,,,"administrative, data, longitudinal, participants, sample, survey",Ireland (State),contemporary,Behavioural Science; Social Inclusion and Equality,10.26504/rs206,https://www.esri.ie/publications/the-response-of-low-income-households-to-the-cost-of-living-crisis-in-ireland,https://www.esri.ie/system/files/publications/RS206.pdf,keyword:Ukraine; keyword:nationality; keyword:employment permit; keyword:work permit,"The rise in inflation in recent years triggered a cost-of-living crisis, in which households’ ability to afford basic necessities declined. The cost-of-living crisis disproportionately affected lower income households, with the proportion in material deprivation (i.e. unable to afford basic necessities) rising by a fifth. This study examines how these households responded to this economic pressure and the challenges they faced in accessing government benefits and available support services during the cost-of-living crisis. In the absence of detailed longitudinal data, the study employed a cross-sectional survey with techniques from behavioural science to improve recall and limit biases in responses. A nationally representative sample of 1,615 financial decision-makers from low- (i.e. below ~85 per cent of the median) income households undertook the study between May and June 2024. Most were recruited from the online panels of market research companies and completed the study online, but a subset was recruited in-person in low-income areas. Participants reported on changes they made in their day-to-day spending, borrowing and saving due to the cost-of-living crisis, described as the period following the Russian invasion of Ukraine in 2022. They also reported on their use of government benefits and support services during the cost-of-living crisis, with a focus on administrative burdens (i.e. the time, effort, and frustration involved and their potential role as barriers to using supports)."
include,2025-03-28,Monitoring report on integration 2024,Jointly-published Reports,Frances McGinnity; Evan Carron-Kee; Anousheh Alamir; Ciára Dalton; Merike Darmody; Garance Hingre; Keire Murphy; Emma Quinn,"PDF: 133 pages, 459 Ireland mentions","citizenship, immigration, international protection, migrant, migrants",459,133,"000 people, 2 migrants, 30 persons, 432 people, 49 persons, 566 people, 800 people, 858 people",NI and ROI/island,contemporary,"Migration, Integration and Demography; Social Inclusion and Equality",10.26504/jr11,https://www.esri.ie/publications/monitoring-report-on-integration-2024,https://www.esri.ie/system/files/publications/JR11.pdf,research_area:67; keyword:migrant; keyword:migration; keyword:immigrant; keyword:immigration; keyword:citizenship; keyword:asylum; keyword:international protection; keyword:Ukraine; keyword:nationality; keyword:integration; keyword:employment permit; keyword:work permit,"Migrant integration allows migrants to contribute to the economic, social, cultural and political life of the country they migrate to; it is also important for social cohesion and inclusive growth. By examining how migrants fare relative to the majority population in key life domains, this report seeks to illustrate the challenges, successes and opportunities for migrant integration in Ireland today. Monitoring integration can provide crucial information for policy and public conversations around migration, and the profile of migrants in Ireland. Ireland’s migration context has changed considerably in recent years: there have been relatively high numbers of arrivals from Ukraine to Ireland, and a marked increase in the number of people seeking international protection since the last monitoring report on integration. A rise in the cost of living and an acute shortage of housing continue to be significant challenges for all living in Ireland, including many migrants. This report is the ninth in a series of monitoring reports on integration that began in 2011. It considers how migrants – generally defined as those born outside the State – fare relative to the Irish-born population across four key life domains: employment, education, social inclusion and active citizenship. The report also provides updates on migration and integration policy. Integration indicators are based on high-quality, nationally representative survey data for the latest available time points, supplemented with administrative statistics on forced migrants, where possible. Key headline figures are presented in Table A: individual chapters disaggregate migrant groups by region of origin. Chapter 1 presents recent trends in migration and provides a profile of the migrant population in Ireland. The rise in immigration since the end of the COVID-19 pandemic continued into 2024, nearly reaching its 2007 peak. The 2007 peak was dominated by migration from within the European Union (EU): recent patterns indicate a shift towards non-EU migration, for work, study and international protection. In 2023, 22% of the population were born outside the State: just over half of this subgroup was born in the United Kingdom (UK – including Northern Ireland) or the EU, while the remainder was born across a diverse range of non-EU countries. This is an increase from 20% born outside the State in 2021."
exclude,2025-03-27,"Quarterly Economic Commentary, Spring 2025",ESRI Forecasting Series,Kieran McQuinn; Conor O'Toole; Dónal O'Shea,no migration vocabulary,,,,,Ireland (State),contemporary,Macroeconomics,10.26504/QEC2025SPR,https://www.esri.ie/publications/quarterly-economic-commentary-spring-2025,https://www.esri.ie/system/files/publications/QEC2025SPR.pdf,keyword:work permit,"Forecast overview At the start of 2025, the Irish economy is in a strong position. Unemployment stands at 3.9 per cent, while real income growth is set to exceed 3.5 per cent in the current year. Exchequer returns continue to increase quite significantly for the opening period of the present year. Therefore, as a baseline, we expect modified domestic demand (MDD) to increase by 3.0 per cent in 2025 and 2.8 per cent in 2026. These forecasts are conducted on the assumption of no trade tariffs being imposed between the United States (US) and the European Union (EU). However, the international climate is particularly fraught at the present time, with the incoming US administration outlining a series of tariffs on certain countries. The likely deterioration in global trading conditions, which will almost certainly ensue from any trade war, will have adverse implications for the domestic economy. Furthermore, the general uncertainty caused by a changing US economic policy is likely to subdue global activity, lower investment and consumption. We build this into our base case forecasts regardless of the final tariff position. The overall impact of a tariff war on the Irish economy will be compounded if the US specifically targets pharmaceutical products as part of any proposed tariff strategy. We provide an alternative series of forecasts for the traded sector of the Irish economy, highlighting the potential implications of the imposition of a 25 per cent bilateral tariffs on goods. In this alternative scenario, drawing on Egan and Roche (2025), MDD growth is forecast to be 2.8 per cent in 2025 and 2.1 per cent in 2026. Housing supply in 2024 was somewhat disappointing, with completions coming in at 30,330 units, heightening fears that housing costs will continue to escalate in the domestic economy. While numerous factors are likely to be affecting housing supply, in two Boxes in this Commentary, we address the ‘funding gap’ and the policy around rent controls, both of which are likely to weigh on supply.1 A further Box to the Commentary by O’Shea assesses the contribution to domestic output growth of increasing participation rates among the older cohorts of the Irish labour market."
exclude,2025-03-21,The impact of deglobalisation and protectionism on a small open economy - The case of Ireland,ESRI Working Paper,Paul Egan,no migration vocabulary,,,,,Ireland (State),contemporary,Macroeconomics,,https://www.esri.ie/publications/the-impact-of-deglobalisation-and-protectionism-on-a-small-open-economy-the-case-of,https://www.esri.ie/system/files/publications/WP798_1.pdf,keyword:nationality,"The decline in international trade following the financial crisis suggests a shift in globalisation and a transformation of the international economic order. Protectionist trade policies have gained prominence as certain major economies increasingly implement tariffs to safeguard domestic industries and promote import substitution. This paper utilizes the National Institute of Economic and Social Research’s Global Econometric Model (NiGEM) and the ESRI’s macro-econometric model (COSMO) to explore the implications of de-globalisation and protectionist trade policies for the Irish economy. Given Ireland’s small, open economy, it faces greater risks from protectionist shocks compared to larger, diversified economies. The paper examines various protectionist shocks, revealing that both tariff and non-tariff measures could significantly impact the Irish economy, particularly the traded sector. The resulting economic shifts may adversely affect the labour market, consumption, and public finances, with potential declines in personal, indirect, and corporation tax receipts."
exclude,2025-03-19,"Paths, tracks, gaps and cliffs: the post-school transitions of students with special educational needs",Report,Selina McCoy; Keyu Ye; Eamonn Carroll,no migration vocabulary,,,,"data, growing up in ireland, interviews, mixed methods, sample, surveys",Ireland (State),contemporary,Education,,https://www.esri.ie/publications/paths-tracks-gaps-and-cliffs-the-post-school-transitions-of-students-with-special,https://www.esri.ie/system/files/publications/BKMNEXT444_0.pdf,keyword:nationality,"This study, commissioned by the National Council for Special Education (NCSE), maps with greater breadth the pathways of a representative sample of students with special educational needs (SEN), through surveys and interviews with a range of stakeholders in school and post-school settings and through secondary data sources like Growing Up in Ireland (GUI). The sample over-represented DEIS schools and those providing high levels of additional support to students in order to reach those with the most complex needs. It engages in depth with students on pathways currently under researched and poorly understood. Interviews were used to capture the diverse experiences characterising these pathways, involving a range of key stakeholders while centring the young adults own accounts of their trajectories. The use of a mixed methods approach and a range of secondary data sources allowed us to engage with the wider picture of post-school transitions for young adults with disabilities and the nuance of individual pathways."
exclude,2025-03-13,Adjusting estimates of poverty for the cost of disability,Jointly-published Reports,Karina Doorley; Theano Kakoulidou; Agathe Simon,no migration vocabulary,,,,"dataset, estimate, estimates, estimating, findings, silc, survey, we find",Ireland (State),contemporary,"Taxation, Welfare and Pensions; Social Inclusion and Equality",10.26504/jr8,https://www.esri.ie/publications/adjusting-estimates-of-poverty-for-the-cost-of-disability,https://www.esri.ie/system/files/publications/JR8%20IHREC%20Adjusting%20Estimates%20of%20Poverty%20for%20the%20Cost%20of%20Disability.pdf,keyword:employment permit; keyword:work permit,"This study explores the economic impact of disability on households. Disabled people face a double economic penalty though lower average disposable income and higher average expenditure needs. Conventional measures of living standards do not reflect the latter. We employ two separate methods to estimate a range of disability-adjusted ‘at risk of poverty’ (AROP) rates for Ireland. We employ first the Standard of Living method (SoL) using the Survey of Income and Living Conditions (SILC) dataset for Ireland. Based on two indicators of SoL – a composite material deprivation indicator and a self-assessed financial difficulty indicator – we update findings on the cost of disability in Ireland and explore the differential impact across household composition and age groups. Secondly, we introduce a novel application of the Almost Ideal Demand System (AIDS) method to directly estimate disability-adjusted equivalence scales, based on the Household Budget Survey (HBS) dataset for Ireland. These two methods allow us to estimate a range of disability-adjusted at risk of poverty (AROP) and poverty gap rates for Ireland. We estimate that the cost of disability is 52-59 per cent of the disposable income of households with disabled members, and that this cost varies with the severity of disability. Deriving a disability-adjusted equivalence scale, we estimate that the weight for a disabled additional adult should be 9 per cent higher than the weight for a non-disabled additional adult. Estimating AROP rates, we find that these increase substantially when the cost of disability is accounted for."
exclude,2025-03-04,Labour market dynamics of minimum wage workers,Journal Article,Paul Redmond; Seamus McGuinness; Elish Kelly,no migration vocabulary,,,,"estimate, labour force survey, longitudinal",Ireland (State),contemporary,Labour Markets and Skills,10.1080/00036846.2025.2472047,https://www.esri.ie/publications/labour-market-dynamics-of-minimum-wage-workers,,keyword:third country,"Ireland is the only country in Europe with a direct question in its Labour Force Survey to identify minimum wage employees. By combining this with the longitudinal component of the Labour Force Survey, we examine the labour market transitions of minimum wage employees over a period of up to five quarters. After one quarter, just over half of minimum wage employees are still on minimum wage while 28% have moved to higher pay. After one year, almost half have moved to higher pay, with just one-third remaining on minimum wage. Employees that move to higher pay are more likely to change jobs compared to those that stay on minimum wage. Despite this, the majority (almost 90%) of minimum wage employees that transition to higher pay do so with the same employer. We employ a dynamic random effects probit model to estimate the degree of genuine state dependence of minimum wage employment. While there is some degree of true state dependence, much of the persistence in minimum wage employment is due to observed and unobserved heterogeneity, whereby minimum wage employees possess characteristics that result in them entering, and staying on, minimum wage."
exclude,2025-03-04,The School Completion Programme revisited,ESRI Research Series,Emer Smyth; Garance Hingre; Merike Darmody,no migration vocabulary,,,,"case studies, evidence, survey",Ireland (State),contemporary,Education,10.26504/rs197,https://www.esri.ie/publications/the-school-completion-programme-revisited,https://www.esri.ie/system/files/publications/RS197.pdf,keyword:work permit,"The School Completion Programme was established in 2002 to provide support for children and young people at risk of early school leaving and is part of a suite of supports offered through the Delivering Equality of Opportunity in Schools (DEIS)1 programme. The programme is run by Tusla Education Support Service (TESS) with oversight from the Department of Education. The programme is organised into 121 projects managed by a coordinator and overseen by a Local Management Committee (LMC). Each project covers a number of primary and post-primary schools. The programme currently covers 783 schools that have a total population of over 250,000 students. The three core outcomes of the programme are improved attendance, improved participation (engagement in learning and other school activities) and improved retention among children and young people, with improved participation seen as leading to increases in attendance and retention levels. To achieve these objectives, there are three levels of intervention: the target group, children and young people identified with the greatest need to whom staff provide more intensive support; brief interventions, designed to address a temporary crisis; and universal interventions that provide whole-class support, for example through a life skills programme. The strands of support are divided between in-school supports, supports around the school day (before or after school, or at lunchtime), holiday provision and supports for young people who are out of school (because of school avoidance, suspension/expulsion, or early school leaving). A review of the programme conducted by the ESRI in 2015 highlighted its value in providing flexible and needs-based supports to vulnerable children and young people. However, the review highlighted a number of challenges, including project governance, variation in the size of projects and the supports provided, and the impact of austerity-related funding decreases. In the intervening period, there have been a number of changes to the programme, including an increase in funding, the introduction of a new intake framework to refer students, a greater emphasis on evidence-based programmes (such as Decider Life Skills and Working Things Out), a roll-out of continuous professional development for staff and webinars for LMC members. There have also been considerable changes in the broader societal context, with the impact of the pandemic on wellbeing leading to marked increases in school non-attendance. This report draws on a survey of SCP coordinators, detailed case studies of six projects, and a consultation event conducted with SCP coordinators and project workers. This rich information is used to examine the operation of SCP in this changed landscape and highlight the implications for future development of the programme."
exclude,2025-02-26,"Employment shifts in Europe from 1997 to 2021: The cases of Ireland, France, Spain, Germany, the Czech Republic, Italy, Sweden and Romania",Book/Report Chapter,Elisa Staffa,no migration vocabulary,,,,results show,Ireland (State),contemporary,Labour Markets and Skills,10.1007/978-3-031-76228-4_4,https://www.esri.ie/publications/employment-shifts-in-europe-from-1997-to-2021-the-cases-of-ireland-france-spain,,keyword:naturalisation,"This study analyses shifts in employment structures in a selection of eight EU countries (Ireland, France, Spain, Germany, Czechia, Italy, Sweden and Romania) as well as employment dynamics at the aggregate EU level. This is done for four periods, separated by the financial crisis and the outbreak of the COVID-19 crisis. Results show that there is a wide diversity of patterns of structural change across periods and countries in Europe. During the expansive phase of the business cycle, the pattern that was more widespread was job upgrading, with the number of workers increasing more in high-paid jobs (especially in private and public services). During the financial crisis (2008–2010) and the following period (2011–2019), the patterns of structural change were much more diverse. Still, some general lines can be traced. Workers that were hardest hit by the financial crisis were located in the middle of the wage structure. The global financial crisis impacted hardest on male workers and workers that were employed in construction and manufacturing, while the number of workers in public services continued increasing. From 2011, net employment growth was mainly driven by the increase in the size of service jobs, with employment in private services growing in a polarized way and public services promoting upgrading. Finally, the COVID-19 crisis had an asymmetric impact, impacting mainly employment in low-paid in-person service activities and agriculture."
exclude,2025-02-26,"The RTB Rent Index, Q3 2024",Indices Report,Rachel Slaymaker; Katie Devane; Chi Tran,not a research publication (Indices Report),,,,,,,Housing,,https://www.esri.ie/publications/the-rtb-rent-index-q3-2024,https://www.esri.ie/system/files/publications/RTB%20Rent%20Index%20Q32024.pdf,keyword:nationality,"The national standardised average rent in new tenancies stood at €1,693 in Q3 2024. The standardised average rent for new tenancies rose 6.4% in the year to Q3 2024, down from the higher inflation rate seen one year ago (10.4%). The national standardised average rent for existing tenancies rose by 4.7% annually to €1,429 per month in Q3 2024. The number of new tenancies registered and used in the New Tenancies Rent Index sample in Q3 2024 was 14,808. The number of existing tenancies used in the Existing Tenancies Rent Index sample in Q3 2024 was 49,163."
exclude,2025-02-25,Promoting a nationwide collective response: lessons from the Social Activity Measure during the COVID-19 pandemic,ESRI Research Bulletin,Pete Lunn; Shane Timmons; Deirdre Robertson,no migration vocabulary,,,,"000 people, data, findings, sample, surveys",Ireland (State),contemporary,Health and Quality of Life; Behavioural Science,,https://www.esri.ie/publications/promoting-a-nationwide-collective-response-lessons-from-the-social-activity-measure,https://www.esri.ie/system/files/publications/RB202506.pdf,keyword:international protection; keyword:nationality,"Introduction Alongside testing, healthcare and vaccines, society’s main defence against COVID-19 was a coordinated and collective effort to restrict behaviour in order to reduce the likelihood of infection. This included reductions in social activity and attempts to mitigate the risk of transmission when in company (e.g. maintaining distance, mask-wearing). This research makes use of a unique data-set that measured the social activity of adults in Ireland, including people’s efforts to mitigate transmission risk. It analyses how behaviour evolved over time and how it was linked to people’s perceptions of, and attitudes towards, the pandemic. The findings have implications not only for responses to future pandemics, but for any situations where Government (and society more broadly) faces a threat that demands coordinated, national collective action. Data and methods We analysed data from the Social Activity Measure (SAM), which was collected fortnightly over an 18-month period during the COVID-19 pandemic from January 2021 to June 2022. SAM adapted an established psychological method, the Day Reconstruction Method, to record people’s daily behaviour in detail, together with their background characteristics, perceptions of the pandemic and attitudes towards it. The study was administered anonymously, online, to a nationally representative sample of 1,000 people in Ireland every two weeks. The final data-set consists of 36,000 surveys completed by over 8,000 different adults. The data were used as the basis for three types of analysis. First, we examined the trends in behaviour over time and how these related to the epidemiological situation. Second, we analysed specific influences on the riskiness of individual behaviour. Third, we looked at how people perceived the level of risk that they faced. Results There were clear trends in whether individuals had close contacts, visited multiple locations outside their own home, met with other people from outside their household and, when at external locations, took measures designed to mitigate the risk of COVID-19 infection. These behaviours were strongly associated with the contemporaneous number of new daily cases of COVID-19. This link to case numbers was stronger than the association with indicators of more serious disease, such as hospitalisations and deaths, even after the vaccine became available. In general, behaviour changed slowly and cautiously, with no clear step-changes associated with events or policy changes, until the rapid lifting of restrictions in early 2022. The amount of risk people undertook in their daily behaviour was linked to background characteristics. Working people took more risk than non-working people. Once working status was controlled for, older adults took more risk than younger ones and people with higher socio-economic status took more risk than those with lower socio-economic status. Gender differences were small and there were no consistent regional differences. However, overall, these background characteristics were less important than psychological factors. Chief among these was a person’s overall level of worry about COVID-19, which centred on the health of family and friends, as well as broader societal concerns about the healthcare system and the amount of the virus in the community and internationally. The implication is that most people believed that collective efforts to be cautious in behaviour would limit the transmission of the virus and have broad benefit. While fatigue with sticking to public health guidelines became a factor in people’s behaviour as the pandemic wore on, it was far from the strongest. More important was whether people viewed the public health restrictions as straightforward to follow and whether they saw them as coherent rather than contradictory. These perceptions were, on average, positive and strongly correlated with confidence in the Government. Perceptions of how much others were complying with restrictions mattered too. These factors were much greater influences than people’s perceived likelihood of being caught and fined were they to break restrictions; voluntary willingness to do the right thing mattered more than deterrence. People perceived more risk the more socially active they were, but perceptions were biased. For instance, people perceived increased risk from meeting someone from another household, but little additional risk from meeting a second, third or fourth person. This pattern was similar for close contacts and visiting locations outside the home. This insensitivity to the frequency of a behaviour once an individual had engaged in it suggests a degree of ‘binary thinking’. That is, risk perceptions reflected a notion that some types of social activities were safe while others were not – it was either okay to do or it wasn’t. Protective behaviours while undertaking activities (e.g. wearing masks, maintaining social distance, cleaning hands) had a much weaker relationship with perceived risk. Policy Implications If circumstances are right, people can cooperate on a massive scale to achieve collective outcomes. Overwhelmingly, cooperation during the pandemic was voluntary, with only a limited role for legal deterrents. Nevertheless, voluntary collective action on this scale needs to be coordinated by the policy and communication that surrounds it. Willingness to cooperate depends on people perceiving that the actions asked of them will lead to the desired collective outcome. Thus, in emergencies, policymakers need to search for simple rules, whether legally binding or otherwise, that are easy to follow, can be straightforwardly shown to generate the collective benefit if everyone follows the rule, and can be consistently applied and communicated. Straightforward, explicit rules are also easier to self-police and to observe in others, making cooperation more likely. Where this is achieved, the COVID-19 pandemic shows us that the large majority of people are likely to cooperate voluntarily and, to a substantial extent, to self-police the rule. The close relationship between behaviour and the COVID-19 case numbers confirms that putting accurate, numeric indications of risk into the public domain can strongly influence the public response. This may occur because members of the public respond to changes in the relevant number, but also because official communications become more urgent and focused when the number changes. In future emergencies, where possible, the publication of a number linked to the scale of a threat is likely to be similarly impactful. Risk perceptions during the pandemic were biased in predictable ways. Deploying rapid, real-time research to record behaviour and to identify misperceptions can assist policy and communication to counter such biases and to identify specific, simple rules to reduce risk."
exclude,2025-02-25,Promoting a nationwide collective response: lessons from the Social Activity Measure during the COVID-19 pandemic,ESRI Research Series,Pete Lunn; Shane Timmons; Deirdre Robertson,no migration vocabulary,,,,"000 people, data, respondents, sample, survey, surveys",Ireland (State),contemporary,Health and Quality of Life; Behavioural Science,10.26504/rs204,https://www.esri.ie/publications/promoting-a-nationwide-collective-response-lessons-from-the-social-activity-measure-0,https://www.esri.ie/system/files/publications/RS204_0.pdf,keyword:nationality; keyword:work permit,"This report makes use of a unique data-set, the Social Activity Measure (SAM), which was collected fortnightly over an 18-month period during the COVID-19 pandemic from January 2021 to June 2022. The aim of the analysis presented is to derive lessons for any future situations where the Government (and society more broadly) faces a situation that demands coordinated, national collective action, in the face of a threat. SAM adapted an established psychological method, the Day Reconstruction Method, to record people’s daily behaviour in detail, together with their background characteristics and a range of psychological variables designed to measure their perceptions of the pandemic and attitudes towards it. The study was administered anonymously, online, to a nationally representative sample of 1,000 people in Ireland every two weeks. The data consist of 36,000 surveys completed by over 8,000 different adults, who were recruited through two pre-existing online panels of survey respondents. The methods for constructing online survey panels entail possible selection effects, so two different panels were alternated over the 18-month period and cross-checks for consistency undertaken. Controls were also introduced to account for possible effects of repeat responding."
exclude,2025-02-21,Exploring investment requirements for energy efficiency upgrades in the private rental sector,ESRI Research Series,Janez Kren; Eoin Kenny; Conor O'Toole; Eva Shiel; Rachel Slaymaker,no migration vocabulary,,,,"data, dataset, statistics, survey",Ireland (State),contemporary,Housing; Energy and Environment; Climate,10.26504/RS205,https://www.esri.ie/publications/exploring-investment-requirements-for-energy-efficiency-upgrades-in-the-private-rental,https://www.esri.ie/system/files/publications/RS205.pdf,keyword:work permit,"Improving the energy efficiency of the residential housing sector represents a key challenge in meeting Ireland’s carbon reduction targets. While challenges exist across the sector in terms of incentivising upgrades, these difficulties are more pronounced in the rental sector, which suffers from the longstanding split incentive issue between landlords and tenants. Split incentive refers to the situation whereby landlords face the investment cost while tenants receive the benefit in terms of energy efficiency. However, to inform any policy response, it is important to quantify the scale of the investment requirements and to consider the profile of landlords and their financial capacity to make the required upgrades. In this report, our research objectives are three-fold. First, we use a range of micro datasets to explore the energy-efficiency profile of the housing stock in the residential private rental sector (PRS). We draw on the Residential Tenancies Board (RTB) annual registrations data and the Sustainable Energy Authority of Ireland (SEAI) building energy rating (BER) research dataset. Second, we use unique micro data on investments on social housing upgrades and SEAI grants to cost the scale of upgrading the stock using a range of scenarios. Third, we focus on household landlords in Ireland, and explore their ability to finance investments in energy efficiency in rented dwellings using micro data from the Central Statistics Office’s (CSO) Household Finance and Consumption Survey (HFCS)."
review,2025-02-19,Sexual health and wellbeing in young adulthood,ESRI Research Bulletin,Anne Nolan; Emer Smyth,"PDF: 5 pages, 9 Ireland mentions",migrant,9,5,"cohort, data, evidence, findings, growing up in ireland, sample",Ireland (State),contemporary,Health and Quality of Life,10.26504/rs177,https://www.esri.ie/publications/sexual-health-and-wellbeing-in-young-adulthood,https://www.esri.ie/system/files/publications/RB202505.pdf,keyword:migrant; keyword:nationality; keyword:direct provision,"This Bulletin summaries the findings from three ESRI research series reports: Nolan, A. and Smyth, E. (2024) “Use of Pornography among Young Adults in Ireland”, ESRI Research Series Report No. 177, Available online: https://doi.org/10.26504/rs177 Nolan, A. and Smyth, E., “Sexual Initiation and Sexual Health Behaviours among Young People in Ireland”, ESRI Research Series Report No. 201, Available online: https://doi.org/10.26504/rs201 Nolan, A. and Smyth, E., “Sexual Health Literacy and Sexual Health Behaviours among Young People in Ireland”, ESRI Research Series Report No. 200, Available online: https://doi.org/10.26504/rs200 Overview This research bulletin summarises the results from a series of ESRI research reports on the sexual health and wellbeing of young adults in Ireland, undertaken as part of a research programme funded by the HSE Health and Wellbeing Division. We used data from the ’98 Cohort of Growing Up in Ireland (GUI), collected in 2018 when the young people were aged 20, to examine issues of policy relevance in three key domains of sexual health and wellbeing: pornography use; sexual initiation; and sexual health literacy. In the following sections, we summarise the findings from each of the three reports, before concluding with overarching themes and some implications for policy and practice. Use of Pornography In recent years, widespread internet access and mobile-phone use have meant that pornography has become increasingly available, affordable and easier to access anonymously. Access to pornography by young people may promote sexual risk-taking, normalise gender power imbalances in relationships and negatively affect their mental health and wellbeing. The research found that online pornography use was highly gendered, with 64 per cent of young men and 13 per cent of young women reporting use. Men from more advantaged backgrounds were more likely to use pornography than those from less advantaged backgrounds (75 per cent vs. 50 per cent). Pornography use was lower among those with a religious affiliation and where there was greater parental monitoring in adolescence. There was no strong relationship between the provision of sex education at school and pornography use, although young people who were more reliant on the Internet or (in the case of men in particular) their friends rather than their parents for information about sex in adolescence were significantly more likely to use pornography at age 20. The study also looked at the relationship between pornography use and two sets of outcomes: sexual behaviour and wellbeing. Users and non-users of pornography did not differ in their use of contraception in general, but users were significantly less likely to engage in regular condom use. Men who used pornography had poorer wellbeing than non-users, reporting lower life satisfaction, more depressive symptoms and poorer self-image. Among both women and men, those who used pornography had higher levels of aggression and were more likely to cope with stress by using negative strategies, such as drinking alcohol or drug-taking, or taking to their bed. Sexual Initiation The experience of sexual intercourse for the first time is a significant life event. Age of first sexual initiation is a major area of policy and research focus, as the circumstances of first sex (e.g., whether contraception was used, whether it was perceived to have occurred ‘at the right time’), and the consequences of first sex for later outcomes (e.g., diagnoses of sexually transmitted infections (STIs), early parenthood), have important implications for health and wellbeing. The research found that just over one-third of males and females first had sex by the age of 17, while a further 50 per cent first had sex before the age of 20. The remaining 15 per cent had not had sex by the age of 20. Some groups, such as those from a migrant background, LGBTQ+ young people, and those with a disability, were more likely to delay sexual initiation. Peer networks emerged as an important factor for sexual initiation; young men and women who were more reliant on their friends for information about sex were significantly more likely to have sex earlier, as were those who had larger and more diverse (in terms of age composition) peer networks, and peers who themselves were having sex. Engagement with school, and the degree to which young people felt that school prepared them for adult life were associated with later sexual initiation. Relying on a teacher as a source of information on sex and relationships was also associated with later sexual initiation. In terms of the circumstances of first sex, about half of young men, and 61 per cent of young women, were in a steady relationship with the person with whom they first had sex. Those who first had sex at an earlier age were significantly more likely to be in a steady relationship when they first had sex. Approximately 90 per cent of young men and women used contraception when they first had sex. Those whose first sexual experience occurred in the context of a more casual relationship were significantly less likely to use contraception at first sex. Young women were significantly more likely to express regret over the timing of first sex than young men: a quarter of young women thought that it had happened ‘too soon’, in contrast to 10 per cent of young men who thought it had happened ‘too soon’. Later age of sexual initiation was associated with a lower probability of perceiving that first sex had occurred ‘too soon’. By the age of 20, approximately 4 per cent of young men and women reported that they ever had an STI, and 2 per cent had one or more children. There was no association between age of sexual initiation and STI diagnoses once number of partners was taken into account. Sexual Health Literacy Young people are at highest risk for adverse sexual health outcomes, such as sexually transmitted infections (STIs) and unplanned pregnancies. Recent rises in notifications of certain STIs in Ireland, which are increasing among young people aged 15–24, have raised concerns over the extent to which young people have the skills and information to make healthy choices in relation to their sexual health and wellbeing. Sexual health literacy – i.e., the degree to which individuals can find, understand and use information and services to inform decisions and actions – is a key protective factor for the prevention of negative sexual health outcomes and for allowing young people to be more in control of their own sexual and reproductive health. The GUI data on sexual health literacy was based on answers to two questions that gauged knowledge of female fertility and STI prevention methods. Knowledge of the best method for STI prevention was high among young people aged 20 (with over 80 per cent of men and women correctly identifying condoms). However, knowledge of fertility (specifically the period during the female menstrual cycle when pregnancy is most likely to occur) was much lower, with just 21 per cent of men, and 37 per cent of women, answering correctly. Sexual health literacy levels were slightly higher among those from more advantaged backgrounds. Cognitive skill development was significantly related to sexual health literacy, especially among women, with vocabulary skills at primary level and Leaving Certificate grades both associated with better sexual health literacy. In terms of sexual health behaviours, approximately one-third of young men and women always used condoms when having sex. A significant minority (nearly 40 per cent of men, and 32 per cent of women) reported that they do not always use either condoms or other forms of contraception when having sex. While use of contraception at first sex was high (at nearly 90 per cent), a significant proportion of those who were sexually active discontinued contraception use and were not using it when surveyed (nearly 30 per cent of men and just over 20 per cent of women). There was little significant relationship between sexual health literacy and condom and contraception use, however. Much stronger associations were apparent for factors such as peer culture and relationship status. For example, being in a relationship was associated with a shift from condoms to other forms of contraception. Those whose peer group at age 17 were sexually active were less likely to use condoms or other forms of contraception, and more likely to discontinue use over time. Implications for Policy and Practice The findings from this series of reports generated several common themes and concerns that deserve continued policy attention. While many behaviours were similar for young men and women (e.g., age of sexual initiation, knowledge of the best method of STI prevention), some were more starkly patterned by gender (e.g., pornography use, regret over the timing of first sex, knowledge of fertility). The scale of these differences, and the fact that risk and protective factors also differed between young men and women, shows the need for gender-specific targeted supports. Across all three research areas, the findings highlight the need for improved education (via the formal Social, Personal and Health Education (SPHE) and wellbeing curricula) and improved supports for parents in talking to their children about sex and relationships . The revised junior and senior cycle SPHE curriculum both highlight the importance of using the curriculum to investigate the influence of pornography on attitudes, behaviours and relationship expectations. The new specification for the senior cycle also takes a broad view of sexual health, including fertility across the life cycle, safer sex and how to access information and services. This is crucial given the low levels of fertility awareness found among young men and women; it is evident that existing RSE provision has not provided an adequate knowledge base on fertility. To support these curriculum developments, it is crucial to build upon existing continuous professional development, including the recent graduate diploma in SPHE/RSE, to enhance teacher confidence in delivering the SPHE curriculum to future cohorts of young people. The influence of peer culture emerges as a key predictor of many of the behaviours examined in this research. Those who relied on their friends for information on sex and relationships were significantly more likely to have sex earlier. Sexual culture within the peer group in late adolescence (i.e., in terms of feeling that most of their friends are having sex and reporting direct pressure to have sex) has long-term effects in terms of lower levels of condom use and greater discontinuation between first and current sex. The findings of this research highlight the importance of addressing peer culture and potential pressure in providing information through and outside the formal curriculum (e.g., through youth services). The existing evidence base on the effectiveness of peer-based interventions in influencing sexual health behaviours is limited, highlighting the need for further research and evaluation of new and existing programmes. The recent increase in STIs among young adults points to the need for ongoing public health messaging around safe sex . While levels of contraception use at first sex are high (around 90 per cent), a substantial minority discontinue contraception use between first and current sex (nearly 30 per cent of men, and just over one-fifth of women). Condom use is particularly low, with around one-third of men and women always using condoms when they have sex. This pattern highlights the need for renewed public health messaging about the benefits of barrier contraception in preventing both pregnancy and STIs. The importance of providing targeted information for certain groups, e.g., LGBTQ+ young people is evidenced by their lower levels of protection at first sex and the somewhat higher levels of STIs found among the sample. The National Sexual Health Strategy is the strategic framework for the sexual health and wellbeing of the Irish population. The strategy adopts a life-course approach to sexual health, one which acknowledges the importance of developing healthy sexuality throughout childhood and adolescence and builds on that foundation for positive sexual health and wellbeing into adulthood and older age. It is clear from the research findings described here that safe sexual behaviours and positive sexual health outcomes among young adults need to be underpinned by a multi-pronged approach involving parents, peers, schools, youth clubs, public health professionals and other service providers. The findings in relation to online pornography use in particular highlight the need for further coordination across other policy areas , including digital literacy skills and online media regulation."
exclude,2025-02-19,Sexual health literacy and sexual health behaviours among young adults in Ireland,ESRI Research Series,Anne Nolan; Emer Smyth,no migration vocabulary,,,,"cohort, data, growing up in ireland, longitudinal",Ireland (State),contemporary,Health and Quality of Life,10.26504/rs200,https://www.esri.ie/publications/sexual-health-literacy-and-sexual-health-behaviours-among-young-adults-in-ireland,https://www.esri.ie/system/files/publications/RS200.pdf,keyword:international protection; keyword:nationality; keyword:work permit,"Adolescence and young adulthood are critical periods in the development of healthy sexual health and relationships, as patterns of behaviour that develop during these life stages shape outcomes throughout the life course. Recent rises in notifications of certain sexually transmitted infections (STIs) among young people in Ireland have raised concerns over the extent to which young people have the skills and information to make healthy choices in relation to their sexual health and wellbeing. In this context, sexual health literacy – i.e., the degree to which individuals have the ability to find, understand and use information and services to inform decisions and actions – is a key protective factor for the prevention of negative sexual health outcomes and for allowing young people to be more in control of their own sexual and reproductive health. In this report, we used data from Cohort ’98 of Growing Up in Ireland, the national longitudinal study of children and young people in Ireland, to examine the factors associated with sexual health literacy among young adults, and how sexual health literacy is associated with sexual health behaviours (i.e., condom and contraception use). The Growing Up in Ireland data on sexual health literacy were collected in 2018 when the young people were 20 years of age, and the measure of sexual health literacy was based on answers to two questions that gauged knowledge of female fertility and STI prevention methods."
exclude,2025-02-19,Sexual initiation and sexual health behaviours among young adults in Ireland,ESRI Research Series,Anne Nolan; Emer Smyth,no migration vocabulary,,,,"cohort, data, growing up in ireland, longitudinal",Ireland (State),contemporary,Health and Quality of Life,10.26504/rs201,https://www.esri.ie/publications/sexual-initiation-and-sexual-health-behaviours-among-young-adults-in-ireland,https://www.esri.ie/system/files/publications/RS201.pdf,keyword:nationality; keyword:work permit,"The experience of sexual intercourse for the first time is a significant life event, and influenced by a range of individual, cultural and societal factors. Age of first sexual initiation is a major area of policy and research focus, as the circumstances of first sex (e.g. whether contraception was used, whether it was perceived to have occurred ‘at the right time’), and the consequences of first sex for later outcomes (e.g. diagnoses of sexually transmitted infections (STIs), early parenthood), have important implications for health and wellbeing. In this report, we use data from the ’98 Cohort of Growing Up in Ireland (GUI), the national longitudinal study of children and young people in Ireland, to examine the factors associated with age of sexual initiation among young adults, and the way in which age of first sex influences the circumstances of first sex and selected outcomes. Age and circumstances of first sex, and selected outcomes, are all based on data collected during the fourth wave of data collection for the ’98 Cohort of GUI, when the young people were 20 years of age."
exclude,2025-01-23,Will childcare subsidies increase the labour supply of mothers in Ireland?,Journal Article,Karina Doorley; Dora Tuda; Luke Duggan,no migration vocabulary,,,,,Ireland (State),contemporary,Labour Markets and Skills,10.1111/1475-5890.12399,https://www.esri.ie/publications/will-childcare-subsidies-increase-the-labour-supply-of-mothers-in-ireland-0,,keyword:nationality,"We study the effect of the largest childcare subsidy scheme in Ireland, a country where, historically, mothers provided childcare and did not participate on the labour market. In 2019, the cost of full-time centre-based childcare was among the most expensive in the OECD. At the end of 2019, a means-tested childcare subsidy was introduced to improve childcare affordability, but nothing is known of the maternal labour supply effects. We model the joint decision of labour supply and childcare for lone and coupled mothers of children under six. Mothers are likely to respond to the introduction of childcare subsidies in 2019 by switching from informal childcare to formal childcare (12 percentage points), and by slightly increasing their participation in the labour market (0.5 percentage points). We simulate that recent (2023) reforms of the National Childcare Scheme, which increase the generosity and the scope of the subsidy, will increase mothers' participation by one further percentage point, but also substantially decrease the demand for informal childcare. Extending childcare subsidies to informal care (such as childminders and nannies) would decrease the demand for formal childcare and further increase maternal labour supply."
include,2025-01-21,Annual report on migration and asylum 2023,ESRI Survey and Statistical Report Series,Dervla Potter; Keire Murphy; Anne Sheridan; Yazmin de Barra,"PDF: 189 pages, 390 Ireland mentions","asylum, emigration, immigration, international protection, migrant, temporary protection, trafficking, visas",390,189,"000 people, 130 people, 200 refugees, 279 people, 3 persons, 4 refugees, 600 people, administrative",NI and ROI/island,contemporary,"Migration, Integration and Demography",10.26504/sustat127,https://www.esri.ie/publications/annual-report-on-migration-and-asylum-2023,https://www.esri.ie/system/files/publications/Annual%20Report%20on%20Migration%20and%20Asylum%202023%20Ireland_0.pdf,research_area:67; keyword:migrant; keyword:migration; keyword:immigrant; keyword:immigration; keyword:emigrant; keyword:emigration; keyword:asylum; keyword:international protection; keyword:Ukraine; keyword:nationality; keyword:integration; keyword:work permit; keyword:visa; keyword:temporary protection; keyword:irregular; keyword:labour migration; keyword:return migration; keyword:trafficking,"The Annual report on migration and asylum 2023: Ireland provides a detailed overview of the key developments in migration and asylum in Ireland in 2023. It includes statistics, significant policy developments and debates, research and notable case law on a comprehensive range of migration-related topics. It is the 20th report in the series and complements the European Migration Network’s (EMN) series of European annual reports, which give an overview of developments across EMN Member and Observer Countries. While Ireland’s migration and asylum landscape is constantly changing, significant developments occurred in 2023. Ireland’s population continues to rise, with an estimated population of 5.38 million in 2024, a 1.9% increase from the previous year. Immigration and emigration both increased in the 12 months to April 2024 according to the Central Statistics Office (CSO), although immigration was still slightly lower than the peak in 2007. During this time, Ireland welcomed arrivals from Ukraine following the continued Russian invasion, albeit in lower numbers than in 2022, and experienced continued high levels of people seeking international protection in Ireland. This report is also set against a backdrop of other social, economic and political developments such as increased costs of living, a housing crisis and increase in anti-migrant sentiment. While not all of these are covered in the report, they are relevant to understanding the context at the time. Policy and legislative changes were also prominent in 2023, spanning various aspects of migration and asylum such as labour migration, international protection, temporary protection, integration, human trafficking, irregular migration, visas and return. Developments also occurred at multiple levels, from the national to European and international levels. This report serves as a comprehensive resource, providing detailed statistics, policy and legislative changes, summaries of recent research and significant case law. It is intended to be a reliable reference for readers seeking to understand these elements for the year of the report."
exclude,2025-01-17,Lives of Irish adolescents who were born with a cleft (LIA-Cleft),Journal Article,Anne Nolan,non-human sense of migration (database),,,,"cohort, data, growing up in ireland, longitudinal, participants, questionnaire, respondents",Ireland (State),contemporary,Health and Quality of Life,10.1177/10556656241311045,https://www.esri.ie/publications/lives-of-irish-adolescents-who-were-born-with-a-cleft-lia-cleft,,keyword:nationality,"Objective The objective was to describe the lives of adolescents, who were born with cleft lip and palate (CL/P), in comparison to the general population as recorded in Growing up in Ireland (GUI), the national longitudinal study of children and youth. Design This was a cross-sectional study. Setting: The study was performed in a cleft center at a university teaching hospital. Participants: Adolescents born with CL/P in the years 2007 to 2009. Interventions: Growing up in Ireland questionnaires, which assessed demographics, health and experience of friendship, school, leisure, and social life, were adapted and administered to adolescents and their parents/guardians, who were identified from a prospectively maintained cleft database. Data were compared to that of GUI Cohort ‘08. Main Outcome Measures: Outcome measures comprised primary caregiver and young person self-report items. Mental health and psychological well-being were assessed using validated instruments including the Strengths and Difficulties Questionnaire. Results Thirty adolescents (10 female, 20 male) participated in the LIA-Cleft group. LIA-Cleft respondents indicated poorer ratings of both medical and dental health than the GUI group. Responses to questions regarding friendship, bullying, physical activity, social media, and screen time were similar in the GUI and LIA-Cleft groups. The LIA-Cleft group were less satisfied with their lives and exhibited lower self-esteem than the GUI group, but did not differ in measures of mental health and well-being or socioemotional well-being. Conclusions In spite of reporting poorer medical and dental health, young people who were born with CL/P in Ireland lead lives that are broadly similar to their peers in the general population."
exclude,2025-01-16,Child poverty on the island of Ireland,ESRI Research Series,Bertrand Maître; Helen Russell; Anousheh Alamir; Eva Slevin,no migration vocabulary,,,,"analysis of, data, mixed-methods, silc, survey",NI and ROI/island,contemporary,Social Inclusion and Equality,10.26504/rs199,https://www.esri.ie/publications/child-poverty-on-the-island-of-ireland,https://www.esri.ie/system/files/publications/RS199.pdf,keyword:nationality; keyword:work permit,"The effects of poverty in childhood can last a lifetime. Research shows that children living in poverty have lower levels of health and wellbeing, attain lower levels of education, have lower levels of occupational attainment and are more likely to be poor in adulthood. In this report, we focus on child poverty on the island of Ireland. While child poverty in each jurisdiction has been studied separately, there is an absence of comparative research. A comparative analysis of this sort can help to identify the features of the two systems that are influential in preventing or exacerbating child poverty. In both Ireland and the UK, children have had the highest income poverty rates of all age groups over the past ten years. While child poverty rates worsened over the past decade in the UK (Joseph Rowntree Foundation, 2024), they remained relatively stable in Ireland over the 2000s when measured by household income. However, rates of child material deprivation rose and fell following the pattern of economic boom, bust and recovery (Roantree et al., 2024). This report sets out to compare child poverty across the two jurisdictions, using a mixed-methods approach with harmonised national survey data on incomes and living standards (SILC and FRS), as well as consultations with stakeholders from both jurisdictions to help identify policy issues most relevant for child poverty in each jurisdiction. The study addresses three research questions: 1. Which groups of children are most vulnerable to poverty in the two jurisdictions? 2. What is the role of household labour market situation and social background in shaping the risk of child poverty in Ireland and Northern Ireland? 3. How do policy approaches to addressing child poverty diﬀer in Ireland and Northern Ireland and how do these policies inﬂuence the patterns of child poverty observed? The report uses two measures of poverty: Income poverty, which is having a disposable income that is less than 60 per cent of median income for Ireland or the UK; Material deprivation is measured by the lack of access to ﬁve items that are considered as standard within societies and are common to the two data sources, such as arrears on bills or inability to keep the home adequately warm. The consideration of deprivation is important because income alone does not capture the variation in needs and long-term resources of households."
exclude,2025-01-15,Modelling Northern Ireland within the context of the all-island economy,ESRI Research Series,Adele Bergin; Akhilesh Kumar Verma,no migration vocabulary,,,,revenue,NI and ROI/island,contemporary,Macroeconomics,10.26504/rs198,https://www.esri.ie/publications/modelling-northern-ireland-within-the-context-of-the-all-island-economy,https://www.esri.ie/system/files/publications/RS198.pdf,keyword:nationality; keyword:employment permit; keyword:work permit,"Northern Ireland occupies a unique position following Brexit and the Windsor Framework. It is part of the UK fiscal, welfare and monetary unions – where the main policy levers are mostly exercised at a UK national level – along with its national economic policies for devolved administrations and regions. Simultaneously, it remains within the EU Single Market for goods with Dual EU/UK regulatory regimes, participates in the Common Travel Area (CTA) between the United Kingdom and Ireland and is supported by a commitment to continue specified areas of North-South cooperation. The economic effects of this will continue to evolve over time. Whatever the background situation, it is clear that the economies of both Northern Ireland and Ireland can have a mutually beneficial impact on each other through improved economic outcomes on both sides of the border and enhanced interaction. This report discusses the development of a model for the Northern Ireland economy. The model can be used to produce economic forecasts and to examine the effects of economic policies and shocks. The framework captures the various linkages between the Northern Ireland economy and that of Ireland and so aids our wider understanding of how the Northern Ireland economy functions within the context of the wider all-island economy. The modelling framework also captures linkages to Great Britain and the international economy. By developing such a model and ensuring that the unique features of the Northern Ireland economy – that it is part of the United Kingdom while also being part of the EU Single Market – are built into the model, we can better understand the evolution of the Northern Ireland economy and what it means for the all-island economy. The model can be used to generate a baseline projection over the medium term for Northern Ireland and the all-island economy. GDP growth in Northern Ireland is expected to average around 1.2 per cent per annum over the medium term, similar to its longer-term historical trend, although it is expected to be somewhat higher in the short term. The challenge of relatively low productivity in Northern Ireland needs to be addressed through sustained productivity enhancing investment to improve long-term economic prospects and living standards. While expected growth in Northern Ireland is relatively modest compared to Ireland, it is slightly stronger than the wider UK, in part driven by stronger export growth bolstered by demand from Ireland and its relatively more favourable (than the UK) trading relationship with the European Union. With growth in Ireland expected to moderate in the coming years from previous extraordinarily high rates, our projections are for growth in the all-island economy to average around 2.2 per cent per annum over the medium term. With the period of high inflation rates over, real wage growth is expected to support increases in real personal disposable income in the all-island economy over the medium term. The modelling framework allows us to examine the effects of economic policies and shocks – both emanating from within Northern Ireland and from the outside world – on Northern Ireland, Ireland, the all-island economy, the UK and the international economy. The report considers a range of policy shocks and other external shocks. For example, the report develops a hypothetical scenario that is consistent with more devolution in Northern Ireland where income tax rates are increased and where the Northern Ireland Executive receives the revenue which it can then use for additional government spending and/or investment. This can also be seen as a proxy for the Northern Ireland Executive raising taxes on Northern Irish households in ways that it can do currently. In both scenarios, the overall impact on the level of Northern Irish output is positive but the impact is stronger and permanent in the case of higher government investment. The simulation results suggest that increased government spending leads to an increase (or ‘crowding-in’) of private sector investment which can enhance productivity. The stronger and permanent impact on overall output in the case of higher investment compared to higher spending highlights the importance of how the revenue is spent. In a similar vein, we examine scenarios where there is an increase in the block grant to Northern Ireland, which stimulates demand, employment and output with stronger impacts when the additional resources are used for government investment rather than government consumption spending. The report also considers a monetary policy shock, specifically an increase in the Bank of England interest rate and the simulation results suggest that the Northern Ireland economy is less sensitive to interest rate changes than the wider UK. The report also considers spillover effects from stronger growth in the Irish economy on the Northern Ireland economy and the impact on the all-island economy, focusing on positive shocks to Irish consumption and exports. The simulations reveal positive impacts in both cases on the Northern Ireland economy. Additionally, the report analyses the sensitivity of Northern Ireland's economy to global oil and gas price shocks. The simulations show a short-term spike in inflation that moderates over time, with output and investment recovering in the medium term after initially falling below the baseline."
exclude,2025-01-15,Health information and health behaviours: Does new information on hypertension status matter?,Journal Article,Anne Nolan,no migration vocabulary,,,,"data, estimated, findings, longitudinal, regression, results show, we find",Ireland (State),contemporary,Health and Quality of Life,10.1016/j.jeoa.2025.100548,https://www.esri.ie/publications/health-information-and-health-behaviours-does-new-information-on-hypertension-status,,keyword:nationality; keyword:third country,"Does the receipt of (negative) health information affect one’s subsequent health behaviours? Using data from clinical health assessments carried out as part of a nationally representative longitudinal study on ageing, a regression discontinuity design is used to identify the effect of health information (i.e., information about hypertension status) on subsequent health behaviours among the older population in Ireland. The results show that while there is no significant impact of new information about hypertension status on smoking, alcohol consumption, physical activity and diet two years later, a significant impact on body mass index (BMI) is identified. New information on hypertension status leads to a 0.7 decrease in BMI and a 7 percentage points decrease in the probability of being overweight or obese. The impact is mainly driven by individuals with higher levels of conscientiousness and without free access to primary health care services. Moreover, compared to females, males are more responsive to their own health information and to a lesser extent, to their spouses’ health information. The findings provide important insights for policymakers tasked with designing public health interventions to enhance diagnosis and management of chronic diseases and promote population health. Introduction Health behaviours have important consequences for health and well-being (Grossman, 1972, Cawley and Ruhm, 2011), yet they are difficult to change (Kelly and Barker, 2016). Besides public health campaigns and interventions, do personalized policies work? Utilizing novel Irish longitudinal data, we examine whether the receipt of new personal health information about hypertension status changes individuals’ and their spouses’ subsequent health behaviours, and how personality and access to healthcare influences those changes. Hypertension, or high blood pressure, is one of the leading risk factors for death and disability. Hypertension and its associated complications have profound impact on individuals, families, health systems and national economies (World Health Organisation, 2023).1 Like many other cardiovascular diseases, although hypertension is preventable and the risk factors are known and modifiable, it is known for its latency. Variations in access to healthcare can influence levels of hypertension awareness in particular (Zhou, Perel, et al., 2021).2 Awareness levels can be low in the absence of population screening or regular opportunistic testing (Williams et al., 2018). People need to make persistent health investments to prevent the development of hypertension (or other chronic cardiovascular diseases) yet often find themselves imperfectly informed of their own health status. The lack of information on own health status does not only hinder disease prevention, but also creates barriers for proper disease management. There is increasing emphasis on lifestyle modification as an essential component of disease management (National Institute for Health and Care Excellence, 2019, Williams et al., 2018, Unger et al., 2020). While the heritability of high blood pressure is estimated to range between 35 and 50 per cent (Unger et al., 2020), there is considerable uncertainty over the genetic loci associated with hypertension risk (Evangelou et al., 2018). In addition, research has shown that adherence to a healthy lifestyle is associated with lower blood pressure regardless of the underlying genetic risk (Pazoki et al., 2018). Therefore, clinical guidelines for the management of hypertension highlight the importance of changes in health behaviours (i.e., smoking, alcohol consumption, physical activity, diet) in addition to pharmaceutical interventions (National Institute for Health and Care Excellence, 2019, Williams et al., 2018, Unger et al., 2020, Zhou et al., 2021). In this paper, using data from the Irish Longitudinal Study on Ageing (TILDA), we investigate the impact of the receipt of information about hypertension status on subsequent health behaviours among the older population in Ireland. The Irish context provides a useful setting in which routine opportunistic screening of hypertension is not provided to the majority of the population, and in which the majority must pay the full out-of-pocket cost of general practitioner (GP) care.3 The prevalence level of hypertension among the older population in Ireland is relatively high, yet the awareness level is relatively low. Using data from 2010, nearly two-thirds of the population aged 50 + had hypertension (Murphy et al., 2016). Yet of those with hypertension, only about half of them were aware of their hypertension status. The awareness rates were considerably lower than in other high-income countries (such as Australia, the UK and US) (Zhou, Carrillo-Larco, et al., 2021).4 The biomarkers data collected in objective health assessments in TILDA enables us to employ a regression discontinuity design that exploits the exogeneous cut-off of both systolic and diastolic blood pressure in the diagnosis of hypertension. We find that, while there is no significant impact of new information about hypertension status on smoking, alcohol consumption, physical activity and diet two years later, a significant impact on body mass index (BMI) is identified. New information on hypertension status leads to a 0.7 decrease in BMI and a 7 percentage points decrease in the probability of being overweight or obese. And the impact is mainly driven by individuals with higher levels of conscientiousness and without free access to primary health care services. Moreover, compared to females, males are more responsive to their own health information and to a lesser extent, to their spouses’ health information. We contribute to the literature in the following ways. First, to the best of our knowledge, this is the first study to examine the impact of personalised health information revealed by biomarkers on both individuals’ and their spouses’ health behaviours in Ireland, a high-income setting without universal access to free primary care and national programme for hypertension screening. Second, given that the blood pressure test results from a nurse-led health examination and the exogenous cut-offs of blood pressure in the diagnosis of hypertension are exploited, the exogeneity of the health information shock is enhanced. Third, with the availability of comprehensive information on health behaviours, we derive an extensive set of behavioural outcomes, including major behavioural risk factors for hypertension and other cardiovascular diseases. Fourth, thanks to the richness of our data, we are able to explore the moderating effects of personality and access to healthcare. The paper is organised as follows: Section 2 provides an overview of relevant literature, Section 3 discusses the institutional setting, Section 4 introduces the data and methods, Section 5 presents the empirical results and robustness checks. Section 6 discusses the spousal spillovers, while Section 7 discusses the findings and concludes."
exclude,2025-01-14,"Social, gender and ethnic inequalities in education and school-to-work transitions",Book/Report Chapter,Emer Smyth; Merike Darmody,no Ireland reference; no PDF on ESRI page (journal article or external),migrant,,,evidence,,contemporary,Education; Labour Markets and Skills,10.4337/9781035309917,https://www.esri.ie/publications/social-gender-and-ethnic-inequalities-in-education-and-school-to-work-transitions,,keyword:migrant; keyword:ethnic; keyword:ethnicity,"This chapter provides an overview of what existing transitions research tells us about social, gender and ethnic inequalities in the education system and youth labour market. Much of the work to date has focused on social inequalities, documenting the way in which family background shapes how long young people stay in the education system, the pathways or tracks they pursue, the smoothness of their transition to employment and the quality of that employment. Inequality in early labour market outcomes mainly relate to differences in educational attainment patterns but there is consistent evidence of a direct impact of social origin on job quality. The chapter highlights gaps in transitions research in relation to other dimensions of inequality, with a lack of embedding of gender in transition typologies and a neglect of inequalities by ethnic or migrant background. The authors argue for the potential for transitions research to pay greater attention to intersectional inequality, offering a more nuanced discussion of the way in which social background, gender, ethnicity and other dimensions of inequality together shape the kinds of trajectories taken by young adults across different institutional settings."
exclude,2025-01-09,Skills mismatch: what do we already know and what do we need to know?,Book/Report Chapter,Seamus McGuinness; Paul Redmond; Elisa Staffa; Anne Devlin; Adele Whelan,no migration vocabulary; no Ireland reference,,,,"evidence, findings",,contemporary,Labour Markets and Skills,10.4337/9781035309917.00024,https://www.esri.ie/publications/skills-mismatch-what-do-we-already-know-and-what-do-we-need-to-know,,keyword:naturalisation; keyword:direct provision,"This chapter aims to provide a state-of-the-art overview of the skills mismatch literature and offers recommendations for the future direction of research. Previous examinations of skills mismatch literature highlight a disconnect between evidence generated by academic studies on skills mismatch and the direction of skills policy initiatives. Upon examination of the most recent literature on skills mismatch (between 2017 and 2022), this disconnect persists. Furthermore, despite the general rise in the proportion of young people attaining third-level qualifications, the incidence of overeducation among graduates entering the labour market has been trending downwards between 2008 and 2022. However, regardless of these findings, supply-side institutions and the nature of third-level education provision remain central factors in any policy initiatives aimed at reducing the incidence of overeducation and overskilling. The research highlights the need for future studies to explore a range of potential and feasible hypotheses regarding the ways in which the organisation of labour within firms and demand-side factors contribute to the different forms of skills mismatch."
exclude,2025-01-09,Characterising high-speed broadband availability across Ireland,ESRI Research Bulletin,Seraphim Dempsey; Aislinn Hoy,no migration vocabulary,,,,"census, data, estimated, findings",Ireland (State),contemporary,Energy and Environment,10.1016/j.telpol.2024.102819,https://www.esri.ie/publications/characterising-high-speed-broadband-availability-across-ireland,https://www.esri.ie/system/files/publications/RB202501_1.pdf,keyword:nationality,"This Bulletin summarises the findings from Dempsey, S., and Hoy, A. (2024). Exacerbating the divide? Investigating within-rural inequality of high-speed broadband availability. Telecommunications Policy Available https://doi.org/10.1016/j.telpol.2024.102819. This research was supported by the Electronic Communications Research Programme at the ESRI, funded as joint research programme by the Department of the Environment, Climate and Communications (DECC) and the Commission for Communications Regulation (ComReg). Introduction The importance and benefits of reliable and fast broadband in a post-Covid world are increasingly clear. However, while the urban-rural digital gap is globally observed, less is known about potential digital divides within rural or urban areas. Documenting this is important for understanding the equity implications of telecommunication policy given the ongoing and significant public investment into high-speed broadband infrastructure (National Broadband Plan). This research contributes to this discussion by describing Irish high-speed broadband availability in Q2 2022 across different urban/rural areas characterised as more or less socially deprived. Data and methods The National Broadband Plan (NBP) map categorises areas as belonging to Excluded Areas (where commercial operators are operating) and Intervention Areas (where state intervention is required to install high speed broadband). This research used very small geographical regions known as Small Areas and calculated the proportion of land which had high-speed broadband using Q2 2022 NBP maps. Employing new maps of urban boundaries, the research first documented the urban-rural digital divide within Ireland. Next, area-based indicators of social deprivation (Pobal HP Deprivation Index) informed by the Census 2022, were used to describe how high-speed coverage varied across rural areas. This indicator of social deprivation encompasses a wide range of social inclusion metrics such as educational attainment, employment status and the age-dependency ratio. Results This study observed that in Q2 2022, high speed broadband coverage in Ireland varied significantly. Urban areas had near-universal high-speed broadband coverage (≥ 94%). Previous research from the European Commission has estimated rural coverage to stand at 54% by the end of June 2022. Our research estimated a lower level (44% of rural addresses) as we employed a different definition of rural areas which tended to capture more isolated regions. Given the almost ubiquitous presence of high-speed broadband in urban areas the results of this study encouragingly showed that in 2022, urban social deprivation patterns were not associated with urban high-speed broadband availability. On the other hand, in rural areas, greater affluence was associated with increased high speed broadband availability. Average coverage was approximately 42% in socially disadvantaged rural areas, compared to 50% in the most affluent rural areas. Documenting this relationship helps to provide insight as to the extent to which the National Broadband Plan can be considered a progressive telecommunication policy within rural areas and adds greater nuance to the debate regarding the importance of universal broadband availability. Conclusions As the end of 2024 approaches, the continued rollout of the National Broadband Plan will likely help to not only remedy digital divides between urban and rural areas, but also those between rural areas characterised by different levels of social deprivation. An important methodological conclusion of the research relates to how coverage across the population is calculated. For example, coverage can be calculated as the percentage of geographical area which is covered by high-speed broadband. This research showed that this approach significantly underestimated coverage levels as it did not take into consideration the geographical dispersion of households. Alternatively, coverage can be calculated as the percentage of households in an area which are located in high-speed broadband zones. This approach tended to more accurately capture observed coverage across the population. Importantly the NBP map captures broadband availability across Ireland using the second type of coverage measure. Future policy targeting availability with respect to other social inclusion metrics should thus continue to capture high speed broadband availability using this approach."
exclude,2024-12-19,ESRI Nowcast (as of 18 December 2024),Indices Report,Paul Egan; Janez Kren,not a research publication (Indices Report),,,,,,,Macroeconomics,,https://www.esri.ie/publications/esri-nowcast-as-of-18-december-2024,https://www.esri.ie/system/files/publications/nowcast_202412_0.pdf,keyword:work permit,"As of December 18th, the ESRI's 2024Q4 nowcast estimates that MDD is growing at 3.7% year-on-year. This is the ﬁrst Q4 estimate and is based on October data only. Decomposing the key drivers of this month’s nowcast estimate show that strong growth in industrial production and house prices as well as improved sentiment contributed positively to the estimate. On the other hand, weaker consumption data compared to the same period in 2023 had a negative impact on the estimate."
include,2024-12-17,Understanding attitudes to Travellers and Roma in Ireland,Jointly-published Reports,Evan Carron-Kee; Frances McGinnity; Anousheh Alamir,"only ambiguous migration terms; PDF: 69 pages, 327 Ireland mentions",discrimination,327,69,"000 people, 17 respondents, 31 respondents, 33 respondents, 36 respondents, administrative, analysis of, census",NI and ROI/island,contemporary,Social Inclusion and Equality,10.26504/jr9,https://www.esri.ie/publications/understanding-attitudes-to-travellers-and-roma-in-ireland,https://www.esri.ie/system/files/publications/JR9%20Travellers%20and%20Roma_signed%20off%2028%20Nov%202024.pdf,keyword:nationality; keyword:ethnic; keyword:ethnicity; keyword:integration; keyword:work permit; keyword:discrimination,"This study investigates attitudes to Irish Travellers and Roma in Ireland. Travellers are an Irish ethnic group. The Roma community is diverse in terms of linguistic and national backgrounds: many Roma came to live in Ireland in the past 30 years though some were born here. While they are distinct ethnic groups, Travellers and Roma are both marginalised in Irish society: experiencing discrimination and socio-economic disadvantage. Understanding the attitudes of the general population towards Travellers and Roma is important to assess the opportunities and barriers to their social inclusion. This report is based on a unique survey on attitudes to diversity from 2023, which surveyed a large representative sample of respondents living in Ireland about how comfortable they would be having a range of social groups as neighbours, in a love relationship with their child or in their childâ€™s class at school. The survey analysis is supplemented by recent figures using Census 2022 data on the situation of Irish Travellers and Roma compared to the White Irish population."
exclude,2024-12-16,How to encourage collective climate action,ESRI Research Bulletin,Lucie Martin; Shane Timmons; Pete Lunn,no migration vocabulary,,,,"evidence, findings",Ireland (State),contemporary,Climate; Behavioural Science,,https://www.esri.ie/publications/how-to-encourage-collective-climate-action,https://www.esri.ie/system/files/publications/RB202424_0.pdf,keyword:naturalisation; keyword:international protection; keyword:nationality,"This Bulletin summaries the findings from: Martin, L., Timmons, S., & Lunn, P. D. (2024). Encouraging Cooperation in Climate Collective Action Problems. Environmental Protection Agency Behavioural Insights Series No. 3. Available at: https://www.epa.ie/publications/monitoring--assessment/climate-change/e… Introduction Tackling climate change relies on everyone – households, businesses and governments – working together to reduce emissions. For individuals, climate action involves, for example, adopting energy-efficient technologies, reducing use of petrol and diesel cars, and switching to low-emission products, including food. While these actions often benefit the individual as well as society, changing behaviour takes effort. Individuals are often willing to take on a cost for the benefit of the larger group, but this kind of “cooperation” is far from guaranteed and can easily unravel. A large body of evidence in behavioural science explains how people make decisions when faced with collective problems, and what drives cooperation. This study explores what matters for cooperation and applies these lessons to climate behaviour in order to draw policy implications. Method The study uses two types of literature review. The first is a narrative review: it gathers and analyses the most important evidence from the behavioural science of collective action in general. The second is a more specific systematic review, involving searching scientific databases for studies on how people behave in collective action problems that are specifically concerned with climate change. We reviewed 272 such studies. Findings The narrative review first establishes that most people tend to cooperate if they recognise that cooperating is better for everyone and they believe that others will cooperate too. Factors like fairness, trust, communication, and strong leadership make a big difference. Groups with a strong shared identity, fair systems for making rules, and consequences for those who don’t are more successful in cooperating towards a common goal. The systematic review shows that similar factors matter in the context of climate action, but that there are some challenges specific to climate change. These include the multi-level nature of the problem (i.e., that local action is required to meet national or international goals), uncertainty about which actions will be effective, the fact that consequences of today’s decisions will be most strongly felt by future generations, and the need to overcome psychological biases (e.g., status quo bias – a preference for things to stay as they are, even if the alternative is better). More evidence is needed on other climate-specific features of the problem, such as the requirement for different groups of people to take different forms of collective climate action (e.g., people living in urban areas to switch to public transport, people living in rural areas to switch from burning solid fuels). Policy implications and conclusions Cooperation in collective action problems is likely to be encouraged by ensuring that what is asked of people is perceived as fair, communication is clear, and leaders lead by example. Showcasing success stories may help to inspire action. Using multiple, smaller-scale initiatives instead of one large strategy may help foster cooperation by aligning goals with local identities and benefits. Local actions, like Ireland’s community-level projects, may help to build trust, boost participation, and achieve visible results, complementing broader national targets."
exclude,2024-12-16,Remote consultations in General Practice in Ireland: Who is missing out?,Journal Article,Ellen McHugh; Sheelah Connolly,no migration vocabulary,,,,"regression, respondent, respondents, sample, survey",Ireland (State),contemporary,Health and Quality of Life,10.1089/tmj.2024.0503,https://www.esri.ie/publications/remote-consultations-in-general-practice-in-ireland-who-is-missing-out,,keyword:nationality,"Introduction: This research examines the characteristics associated with the use of remote consultations in general practice in Ireland during and after the COVID-19 pandemic. Methods: The analysis uses three waves of a nationally representative cross-sectional survey of health in Ireland (“Healthy Ireland” survey), relating to the years 2020/2021, 2021/2022, and 2022/2023. The sample includes people aged 15 and over who reported seeing a general practitioner (GP) in the 4 weeks prior to the survey. The outcome variable (“remote consultation”) captures whether a respondent reported that their most recent GP consultation took place via telephone or video (“remote consultation”). Logistic regression analysis was used to assess the relationship between the likelihood of having a remote consultation and a range of potential explanatory variables including age, gender, insurance status, and socioeconomic status. Results: There was a significant decrease in the percentage of respondents reporting remote consultations over the period of analysis, from 39% in 2020/2021 to 10% in 2022/2023. In later periods, being female (odds ratio [OR] = 1.47 [1.04, 2.09]), having private health insurance (OR = 1.76 [1.13, 2.73]), and having a long-term health condition (OR = 1.53 [0.98, 2.39]) were positively associated with the probability of reporting a remote consultation, while being in an older age group (OR = 0.29 [0.13, 0.62]) was negatively associated with the likelihood of a remote consultation. Discussion: The high prevalence of remote consultations during the COVID-19 pandemic was not maintained in the postpandemic period. Policymakers should consider the reasons for this and consider the gendered, age-based, and insurance-based disparities in remote consultation utilization in the development and promotion of digital health care."
exclude,2024-12-12,Assessing expectations of European house prices,QEC Special Article,Akhilesh Kumar Verma; Kieran McQuinn,non-human sense of migration (database); no Ireland reference,,,,sample,,contemporary,Macroeconomics; Housing,10.26504/qec2024win_sa_verma,https://www.esri.ie/publications/assessing-expectations-of-european-house-prices-0,https://www.esri.ie/system/files/publications/QEC2024WIN_SA_Verma.pdf,keyword:naturalisation; keyword:work permit,"Using a new database of consumers’ expectations, this paper examines the nature of house price forecasts across a select sample of European Union (EU) member states for the period 2020 to 2024. Across many EU countries, post COVID-19, house price increases have been apparent. Therefore, understanding the dynamics of house price movements is especially important at this time. In particular, we examine the rationality or otherwise of consumers’ house price expectations, and then examine the relationship between the expectations and forecasts of key fundamental determinants of house prices, such as interest rates and income levels. In this way we distinguish our work from most other studies of house price forecasts, which have not examined links between house price forecasts themselves and forecasts of the variables typically assumed to be determining prices. This is particularly relevant as oftentimes house price expectations themselves are influenced by changes in market fundamentals."
exclude,2024-12-12,Estimating Ireland’s labour share,QEC Research Note,Dónal O'Shea,no migration vocabulary,,,,"estimating, evidence",Ireland (State),contemporary,Macroeconomics; Labour Markets and Skills,10.26504/rn20240401,https://www.esri.ie/publications/estimating-irelands-labour-share,https://www.esri.ie/system/files/publications/QEC%20Research%20Note%20Labour%20Share.pdf,keyword:nationality; keyword:employment permit; keyword:work permit,"The labour share of income is a crucial economic indicator that captures income distribution between the factors of production. Its importance as a parameter in macroeconomic models motivates this detailed study of methods for estimating the Irish labour share. International comparisons of the labour share that rely on distorted measures of Irish national income are misleading. Modified gross national income (GNI*) should be used as the denominator for the Irish labour share when conducting international comparisons. The numerator of the labour share is a measure of total compensation for labour, including the labour income of the self-employed. This note evaluates existing methods for imputing the labour income of the self-employed and proposes a new method, which applies a sectoral approach to the common assumption of equal total earnings between employees and the self-employed. Using the proposed method, there is no evidence of a decline in the labour share since 1998."
exclude,2024-12-12,"Quarterly Economic Commentary, Winter 2024",ESRI Forecasting Series,Kieran McQuinn; Conor O'Toole; Dónal O'Shea,no migration vocabulary,,,,register,Ireland (State),contemporary,Macroeconomics,10.26504/qec2024win,https://www.esri.ie/publications/quarterly-economic-commentary-winter-2024,https://www.esri.ie/system/files/publications/QEC2024WIN.pdf,keyword:employment permit; keyword:work permit,"Forecast overview As we approach the end of the year, the Irish domestic economy looks set to register strong growth in 2024. We expect modified domestic demand (MDD) to increase by 3.2 per cent in 2024 before growing to 4.1 per cent in 2025 driven by real income growth and higher housing investment. Overall gross domestic product (GDP) is expected to decline on the back of large intellectual property investment outflows and increased imports. Overall, the robust performance means that the labour market has seen a continued increase in employment, with unemployment near to its historically low rate. A research note to the Commentary by O’Shea (2024) looks at trends in the Irish labour share over the past 25 years. Exchequer receipts have also performed strongly in 2024. Even in the absence of the ‘Apple payment’, we believe the adjusted general government balance (GGB) will be around 2 per cent of GDP this year. However, for 2025, there are notable downside risks, in particular with the potential for the new US administration to implement the economic policies outlined during the presidential campaign. A box by Fitzgerald highlights the ongoing importance of US investment in the Irish economy. The prospect of a global trade war, given the Trump administration’s proposals on tariffs, the impact of taxation policy on intellectual property location, allied to the possible targeting of the pharmaceutical sector based in Ireland, could have particular implications for both activity levels in the domestic economy and for the Exchequer receipts. If these impacts materialise more quickly than expected, particularly those on the public finances, some aspects of planned future expenditure levels outlined in Budget 2025 may have to be revised in the new year. While Budget 2025 had a welcome significant commitment to investment in the Irish economy going forward, there were other elements in the Budget which could have been more targeted, as suggested by Doorley et al. (2024). With house prices experiencing a resurgence in the present year, the Commentary devotes a significant amount of attention to house price dynamics. A box by Egan and McQuinn assesses the sustainability of recent movements while a special article by Kumar Verma and McQuinn (2024) examines the potential influences on house price expectations."
include,2024-12-10,How do European countries manage family reunification for recognised refugees?,EMN Ireland Migration Memo,Dervla Potter; Yazmin de Barra; Keire Murphy,"PDF: 2 pages, 25 Ireland mentions","employment permit, family reunification, international protection, refugees",25,2,"14 respondents, administrative, interview, interviews, respondent",Ireland (State),contemporary,"Migration, Integration and Demography",,https://www.esri.ie/publications/how-do-european-countries-manage-family-reunification-for-recognised-refugees,https://www.esri.ie/system/files/publications/EMNMemo4.pdf,research_area:67; keyword:migration; keyword:asylum; keyword:international protection; keyword:refugee; keyword:nationality; keyword:integration; keyword:employment permit; keyword:direct provision; keyword:family reunification,"Family reunification is an important right that can help refugees to restore normalcy in their lives. Family reunification in the protection context can also bring family members in potentially vulnerable circumstances to safety. In the EU, family reunification for non-EEA nationals, including refugees, is regulated by the Family Reunification Directive, which Ireland has not opted in to. In Ireland, provisions on family reunification for beneficiaries of international protection (‘recognised refugees’) are laid out in the International Protection Act 2015, while the non-EEA Family Reunification Policy covers applications that fall outside its scope (for example, family reunification for employment permit holders). There has been significant debate in Ireland about the family reunification system in place for beneficiaries of international protection and other non-EEA nationals, with criticisms for example relating to the definition of ‘family’, challenges acquiring documents within given timeframes, and processing delays. Other countries have also reported challenges in this area, and it is useful to look at how other EMN Member and Observer countries manage their systems. This EMN Ireland Migration Memo provides an overview of approaches to family reunification for beneficiaries of international protection by 25 responding EMN Member and Observer Countries."
exclude,2024-12-10,Distributional impact of tax and welfare policies: Budget 2025,QEC Special Article,Karina Doorley; Shane Dunne; Claire Keane; Simona Sándorová; Agathe Simon,no migration vocabulary; no Ireland reference,,,,"estimated, we analyse",,contemporary,"Taxation, Welfare and Pensions",10.26504/qec2024win_sa_doorley,https://www.esri.ie/publications/distributional-impact-of-tax-and-welfare-policies-budget-2025,https://www.esri.ie/system/files/publications/QEC%20Special%20Article%20Doorley.pdf,keyword:work permit,"In this Special Article we analyse the distributional impact of Budget 2025. Similar to last year, many reforms in this Budget were temporary measures specifically aimed at combatting cost of living pressures. Compared to a baseline pegged to wage growth, the permanent measures, such as increases in the tax band, tax credits and social welfare rates, are broadly progressive, with households in the bottom quintile of income expected to see an increase of around 0.9% of equivalised disposable income, and those in the top quintile to see increases of 0.5%. When accounting for temporary measures, the average household is estimated to see an increase of just 0.2% in their equivalised disposable income, and the broadly progressive effect of the permanent measures becomes less clear. These results are driven by the fact that many temporary measures have either been frozen (and therefore reduced in real terms) or have been explicitly reduced, such as the reduction in energy credits. We show that from 2020 to 2025 permanent changes to the tax and welfare system have resulted in small average income losses (-0.3% of disposable income) compared to policy changes pegged to wage growth. While temporary measures have been successful in helping households deal with rising prices, their inevitable phasing out will cause issues if headline welfare payments fail to keep pace with income growth. We also find that households with children tended to benefit more from the Budget 2025 measures, such as the double Child Benefit payment, but that the measures have little anticipated downward effect on child poverty rates, suggesting a targeting issue."
review,2024-12-09,Determinants of acute psychiatric inpatient length of stay in Ireland,ESRI Research Bulletin,Aoife Brick; Brendan Walsh; Leonie Hill,"only ambiguous migration terms; PDF: 2 pages, 4 Ireland mentions",ethnicity,4,2,"data, findings, sample, we find",Ireland (State),contemporary,Health and Quality of Life,10.1007/s11845-024-03819-x,https://www.esri.ie/publications/determinants-of-acute-psychiatric-inpatient-length-of-stay-in-ireland-0,https://www.esri.ie/system/files/publications/RB202423.pdf,keyword:nationality; keyword:ethnic; keyword:ethnicity; keyword:direct provision,"This Bulletin summaries the findings from Brick, A., B. Walsh, L. Hill, C. Behan, A. Daly and S. Craig (2024). 'Determinants of acute psychiatric inpatient length of stay in Ireland', Irish Journal of Medical Science. Available at: https://doi.org/10.1007/s11845-024-03819-x Introduction Ireland has historically had an over-reliance on the provision of mental health services in inpatient settings (e.g. a psychiatric hospital). This has been accompanied by poorly resourced community services. In recent years there has been a substantive change in policy direction in Ireland, and internationally, to providing mental health services in the community when appropriate. While a decrease in the number of people admitted has been observed, the current inpatient system is under pressure, with high occupancy rates and significant increases in service requirements projected. A clear understanding of the determinants of inpatient length of stay (LOS), including geographic variation, would allow service providers to target community services where they would be most effective in diverting care from in-patient settings entirely or achieving earlier discharge. Data and methods This study focuses on patients discharged from the 29 publicly financed adult inpatient facilities classified as acute services over the 2015–2019 period. We use anonymised patient-level information from the National Psychiatric Inpatient Reporting System which includes sociodemographic characteristics such as age, sex, marital status, employment status, and ethnicity. We also include information on the clinical profile of patients such as their diagnosis, legal status, whether this was a first-time admission or a readmission, and the patient area of residence. As well as this data about individual patients, we use data on the acute and community service provision in each area of residence: the number of acute beds per 100,000 population, staffing of community services compared to policy recommendations and waiting list pressures. Our final sample included 60,607 discharges. Statistical methods which include all the above-mentioned information were then used to examine the determinants of inpatient LOS. Results We find large geographic variation in the use of psychiatric inpatient services and community provision. The statistical analysis finds that longer LOS is associated with older age, being female, and having an involuntary admission. Clinical diagnosis significantly impacts LOS, with diagnoses such as schizophrenia being associated with significantly longer stays than for example depressive episodes. Average LOS was 20.9 days but there is also significant variation across area of residence, with people discharged in some regions staying up to 5 days longer than similar cases in other regions. Interestingly we find that our included community provision metrics do not impact on LOS. This result is not surprising however, as the current lack of data collected on services provided in the community is a limitation of the study. There are many specialist mental health services provided in a community setting (e.g. day hospitals, home care teams, and assertive outreach teams) that may facilitate earlier discharge from acute care but on which no data currently exists. Conclusions The regional variation we find in psychiatric inpatient LOS suggests a relationship between the provision of community services and the amount of care required in inpatient settings. However, substantive improvements in the collection and reporting of data about community services are needed to improve future planning of mental health services, both community and inpatient."
review,2024-12-06,Inequality in participation in shadow education in mathematics in Europe: An intersectional perspective,ESRI Research Bulletin,Merike Darmody; Emer Smyth,"PDF: 2 pages, 2 Ireland mentions","international student, migrant",2,2,"data, findings, results show",Ireland (State),contemporary,Education,10.1177/14749041241285494,https://www.esri.ie/publications/inequality-in-participation-in-shadow-education-in-mathematics-in-europe-an-0,https://www.esri.ie/system/files/publications/RB202422_0.pdf,keyword:migrant; keyword:migration; keyword:naturalisation; keyword:student migration,"This Bulletin summarises the findings from: Karaçay, İ., Bousselin, A., Benz, R., Darmody, M., Smyth, E. (2024). Inequality in participation in shadow education in mathematics in Europe: An intersectional perspective. European Educational Research Journal. Available at: https://doi.org/10.1177/14749041241285494 Introduction There is now a growing consensus on the multi-dimensional nature of educational inequality. Hence, an increasing number of studies adopt an “intersectional lens”, investigating how interactions between different dimensions of inequality influence student outcomes and experiences. Some of the more widely studied dimensions include socio-economic background, gender and migrant origin. When these dimensions intersect, it can intensify the inequalities experienced by students. In order to examine how the three axes of inequality, socio-economic status (SES), gender and migration background, operate together, this study focusses on take-up of out-of-school supplementary tuition in mathematics across Europe. Internationally, this is called “shadow education” (SE), while in Ireland the term “grinds” is commonly used. Data and methods The research draws on two data sources. For primary school students (around 10 years of age), the study utilises data from the 2019 wave of the Trends in International Mathematics and Science Study (TIMSS). For secondary school students (at age 15), the analysis uses the 2012 wave of the OECD Programme for International Student Assessment (PISA). The study focusses on EEA countries, including Ireland. The analyses examine the interaction between socio-economic status (measured using parental education), gender and migrant origin in shaping take-up of SE. Results The take-up of SE in mathematics across Europe varies between primary and secondary level, by country as well as across intersectional groups. The take-up at primary school level is low (13%) and notably higher at secondary school level (38%). Take-up is higher in Central and Eastern European and Southern European countries and lower in Northern European countries. However, the available information does not enable us to readily explain this pattern. Disparities in SE participation are more pronounced at primary level. Participation is significantly higher among low-SES migrant female students and lowest among high-SES native males. Overall, take-up is greater among those whose parents have lower levels of education, suggesting it is being used by students who have greater difficulties with their schoolwork. At secondary level, the pattern is different. Participation in SE is higher among higher-SES families, suggesting an investment by advantaged parents to secure academic success for their children. However, this social gap interacts with gender and migrant origin, with the take-up of SE in mathematics higher among high-SES migrant females and lowest among low-SES native males. Conclusions This study has highlighted the importance of utilising an intersectional approach to explore participation in SE. The results show that disparities in participation exist between countries, between levels of education and between different groups of students. Lower participation at primary school level could be explained by the fact that in most cases there are no state exams, so parents may be less likely to invest in additional tutoring. High stakes exams are more prevalent at secondary level, thus explaining the greater likelihood of availing of tutoring at this level. Socio-economic background, gender and migration background operate differently at each level of education, with the patterns suggesting a more compensatory role at primary level. At secondary level, participation seems to be driven by parents wishing to enhance the competitive edge of their children. Over and above the effect of social background, migrant-origin females appear to be more likely to use shadow education, with potential consequences for the gender gap among migrant-origin young people in later educational and employment outcomes."
exclude,2024-12-05,"The RTB Rent Index, Q2 2024",Indices Report,Rachel Slaymaker; Katie Devane; Chi Tran,not a research publication (Indices Report),,,,,,,Housing,,https://www.esri.ie/publications/the-rtb-rent-index-q2-2024,https://www.esri.ie/system/files/publications/RTB_Rent_Index_Q2_2024_%28FINAL%29.pdf,keyword:nationality,"The national standardised average rent in new tenancies stood at €1,644 in Q2 2024. On an annualised basis, rents in new tenancies grew by 4.7 per cent in the second quarter of 2024, down from 8.3 per cent in Q1 2024. The national standardised average rent for existing tenancies (of at least one year in duration) stood at €1,415 per month in Q2 2024. The number of new tenancies registered and used in the New Tenancies Rent Index sample in Q2 2024 was 11,966. The number of existing tenancies used in the Existing Tenancies Rent Index sample in Q2 2024 was 38,636."
exclude,2024-12-05,An assessment of property level rental price growth in Ireland,Jointly-published Reports,Rachel Slaymaker; Janez Kren; Katie Devane,no migration vocabulary,,,,"administrative, data, findings, sample",Ireland (State),contemporary,Macroeconomics; Housing,10.26504/jr10,https://www.esri.ie/publications/an-assessment-of-property-level-rental-price-growth-in-ireland,https://www.esri.ie/system/files/publications/JR10.pdf,keyword:work permit,"This report uses the first two years of newly collected annual registrations data from the RTB administrative tenancy registers to track individual rental properties over the period Q2 2022–Q1 2024. Using a large sample of 182,250 matched property pairs, for the first time, this report is able to examine how property level rents changed in Ireland over this period. This property level analysis provides complementary insights to those from the RTB/ESRI Rent Index indicators. While Rent Index measures provide the most accurate picture of how average rents are changing for new and existing tenancies, they are broad, market level indicators and do not track individual properties over time. They are designed to capture the impacts of both individual property rent changes and churn in the market. The focus of this report is solely on property level rent changes. The report addresses key research questions such as the magnitude of the average rental growth at the property level; the proportion of properties that saw no change in the rent; how rent changes differ between properties with ongoing tenancies (of at least one year in duration) compared to those that saw a change in tenants, i.e. where one lease ended and another began; and whether the patterns differ in areas designated as Rent Pressure Zones (RPZ) compared to non-RPZ areas. Key Findings: Rent levels grew by an average of 2.6% annually for the individual properties tracked in this study. 60% of all properties saw no increase in rent year-on-year. Landlords were more likely to raise rents between tenancies than during a tenancy, with 65% of ongoing tenancies experiencing no change in rent, compared with just 22% of properties where the tenants changed. Rent increases were lower for properties in RPZs. Rents for individual properties with ongoing tenants in Dublin grew on average by 1.3% annually to Q1 2024, by 1.4% in other RPZs but by 3.5% in non-RPZ areas. Rents for individual properties where tenants changed in Dublin grew on average by 2.8% annually to Q1 2024, by 5.2% in other RPZs but by 14.0% in non-RPZ areas. Properties in non-RPZs are more likely to see no change in rent each year, but when rent does increase, they are more likely to see significant hikes. Properties in RPZ areas are more likely to see moderate rent increases. 16.5% of existing tenants in non-RPZs experienced rent increases of 8% or more compared with 2.8% of tenants in Dublin and 4.8% in other RPZs over the two-year period. In non-RPZs, rent increased by 8% or more for 57% of properties where the tenants changed, compared to 8.5% in Dublin and 18.2% in other RPZs. In Dublin, 78.7% of properties where the tenants changed saw a rent increase of 4 per cent or below. In all counties, properties where the tenants changed saw higher rent increases. The highest rates seen were in Donegal (18.7%), Leitrim (18.3%) and Longford (19.3%). These were 6 times higher than seen in Dublin (3.1 per cent). Galway, Limerick and Waterford cities saw higher rates of rent increases above 8 per cent relative to Dublin and Cork, particularly where properties saw a change in tenants. More established RPZs (2016/17 designations) were more likely to see moderate price increases and fewer large rises than those designated in 2019/20. This suggests a possible higher level of non-compliance in more recently designated RPZs. While this study can tell us about the levels of rent increases observed for individual properties over this period, it cannot tell us if those rent increases complied with RPZ rules. Cumulative rent increases are permitted in RPZs where a landlord has not increased the rent in previous years, so increases >2% at a single point in time may legitimately occur. Further investigation is needed to understand the degree of cumulative increases (permitted) versus non-compliance."
review,2024-12-04,How did migrant-origin young people in Ireland fare during the COVID-19 pandemic?,ESRI Research Bulletin,Emer Smyth; Merike Darmody,"PDF: 2 pages, 7 Ireland mentions","immigrants, migrant, migrants",7,2,"cohort, data, evidence, findings, growing up in ireland, longitudinal, results show, survey",Ireland (State),contemporary,"Migration, Integration and Demography; Social Inclusion and Equality",10.1080/00131911.2024.2341037,https://www.esri.ie/publications/how-did-migrant-origin-young-people-in-ireland-fare-during-the-covid-19-pandemic,https://www.esri.ie/system/files/publications/RB202421.pdf,research_area:67; keyword:migrant; keyword:migration; keyword:immigrant; keyword:immigration; keyword:asylum; keyword:nationality; keyword:integration,"This Bulletin summarises the findings from: Smyth, E., Darmody, M. and Devine, D. (2024), “The impact of the Covid-19 pandemic on the wellbeing of migrant young people in Ireland”. Educational Review. Available at: https:// doi.org/10.1080/00131911.2024.2341037 Introduction The COVID-19 pandemic and related restrictions had a wide-ranging detrimental impact on children and young people across the world. While there is now a good deal of evidence highlighting the overall negative impact of the pandemic on child wellbeing, less is known about how migrant-origin children and young people fared during the pandemic-related lockdown. We might expect some differences in impact, given the concentration of adult migrants in certain employment sectors, lower levels of English language proficiency among some migrant groups and less insider knowledge of the Irish educational system, which could affect parental capacity to support remote learning. Data and methods In order to explore how migrant-origin young people [1] fared during the pandemic, the research draws on a large-scale nationally representative longitudinal study, Growing Up in Ireland (GUI), utilising data from Cohort ’08. These children and their families were first surveyed at nine months and followed up at three, five and nine years of age. In order to capture the experiences during the pandemic, a short online survey was conducted in December 2020, when the cohort children were around 12 years of age. These data are representative of migrant-origin young people who were living in Ireland at nine months old, but do not include more recent immigrants. The data were reweighted to take account of non-response and attrition over time. The main outcome of interest is self-reported wellbeing among young people, measured using the Mental Health Inventory – 5 (MHI-5), with higher scores representing more positive wellbeing. The analyses in this study mostly draw on the young person’s own perspective and capture different aspects of the impact of the pandemic, including support for remote learning in the form of technology and help at home, disruption to peer networks, participation in sport and cultural activities, and feeling that parents were worried about the situation. However, some information (such as parental job loss) is derived from the primary caregiver survey, usually completed by mothers. A rich set of background factors is taken into account, based on responses at the previous wave when the young person was nine years of age. In order to explore whether any differences found predate the pandemic, we take account of level of socio-emotional difficulties at age nine, as reported by mothers. Results and conclusions The results show that migrant-origin young people had poorer wellbeing than their native peers, even taking account of other family background factors. This gap was relatively substantial, equivalent in size to the gap between young people from lone-parent and two-parent families. Some aspects of pandemic experience differed for migrant-origin youth: they were less likely to have someone at home who helped with schoolwork, saw their friends more than before the pandemic but took part in sports and cultural activities less than previously. They were more likely than their native-origin peers to say that their parents were always worried about the pandemic. The analyses investigated how much each of these factors helped explain the overall migrant-native gap in wellbeing. The wellbeing gap is no longer significant once educational experiences are accounted for; in other words, poorer wellbeing among migrant-origin youth was largely related to less support for schoolwork at home over the period of school closures. Reduced social activities and greater parental worry during the pandemic account for some of the remaining gap in wellbeing. The findings show a worsening in wellbeing among those migrant young people who previously had low levels of socio-emotional difficulties, thus resulting in a newly vulnerable group. The research presented here highlights multiple factors that impacted on the wellbeing of migrant-origin youth, including having less support at home for remote learning, having poorer peer relations, reduced participation in sports and cultural activities, and poorer broader family wellbeing. Future waves of data collection will allow us to determine whether there is a longer-term impact of the pandemic on these young people’s wellbeing. [1] In this study, a migrant-origin family is defined as where both parents were born outside Ireland or, in the case of lone-parent families, that parent was born outside Ireland."
include,2024-12-03,Non-EU nationals in irregular employment in Ireland,ESRI Research Series,Amy Stapleton; Emily Cunniffe; Emma Quinn,"PDF: 71 pages, 275 Ireland mentions","deportation, employment permit, employment permits, immigration, migrant, migrants, undocumented",275,71,"12 people, 144 people, 253 persons, 311 people, 49 persons, 550 people, administrative, analysis of",Ireland (State),contemporary,"Migration, Integration and Demography",10.26504/rs189,https://www.esri.ie/publications/non-eu-nationals-in-irregular-employment-in-ireland,https://www.esri.ie/system/files/publications/RS189.pdf,research_area:67; keyword:migrant; keyword:migration; keyword:immigrant; keyword:immigration; keyword:naturalisation; keyword:asylum; keyword:international protection; keyword:nationality; keyword:integration; keyword:employment permit; keyword:work permit; keyword:direct provision; keyword:undocumented; keyword:irregular; keyword:labour migration; keyword:student migration; keyword:deportation,"Irregular employment, broadly understood as employment that is insufficiently covered by formal arrangements either in law or in practice, presents problems for the State in terms of tax revenue and regulation, whether it is undertaken by Irish, EU or non-EU nationals. For non-EU nationals, working in an irregular situation can create additional precarity, due to difficulties in exercising labour rights and accessing social security. This study discusses policy, law and data related to the irregular employment of non-EU nationals in Ireland, updating a 2017 EMN study on the topic. Reliable data on the extent of irregular employment of non-EU nationals are generally not available, in Ireland or internationally. However, information from employment inspections indicates that it occurs across a variety of sectors in Ireland, with food service activities the most prominent. Measures in place to prevent and identify the irregular employment of non-EU nationals in Ireland are presented, as well sanctions and outcomes for employers and employees. Policy and law Although addressing irregular employment in and of itself has not been a policy priority in Ireland in recent years, the regularisation of undocumented migrants emerged in this research as a pivotal strategy for curbing informal employment. Two regularisation schemes were held, one in 2018 targeting undocumented former students, and another in 2022: the Regularisation of Long-Term Undocumented Migrants Scheme. A further key development in recent years has been the closure of the Atypical Working Scheme for non-EEA fishers in 2022 in the context of allegations of forced labour and exploitation of migrant workers. Fishers can now access the employment permits system. In order to work in Ireland, non-EU nationals must hold an employment permit, or a residence permit that allows them to access the labour market under certain conditions (for example in the case of students or family members). Ireland does not participate in the main EU legislation on illegal employment of non-EU nationals, the Employer Sanctions Directive 2009/52/EC. The Employment Permits Act 2024 significantly reformed the employment permit system recently, consolidating previous legislation. Data Due to its hidden nature, reliable data on the extent of irregular employment of non-EU nationals is a challenge in Ireland and internationally. In 2020, MRCI estimated that there were approximately 17,000 to 20,000 undocumented persons in the State (MRCI, 2020a). MRCI data and data on applicants to the 2022 Regularisation of Long-Term Undocumented Migrants Scheme confirm that the majority of irregularly staying non-EU nationals are employed. Of applicants to the regularisation scheme aged 18-64, 55 per cent were in employment and 11 per cent were self-employed. Among the 4,674 applicants who provided information on their employment history, half were employed in one of three sectors: ‘hospitality/tourism’, ‘food and drink’ and ‘cleaning/maintenance’. Employment inspections in Ireland are carried out by the Workplace Relations Commission (WRC). WRC carried out 4,727 employment inspection cases in 2023. Data from the Revenue Commissioners (Revenue) data indicate that there were 191,600 employers in the State in 2023 which gives an overall inspection rate of 2.5 per cent. In 2023, WRC detected 293 breaches of the Employment Permits Acts, mainly in food service activity, hair and beauty, and wholesale sectors . Of 166 employers identified as having breached the Employment Permits Acts in 2022, 83 per cent were small enterprises. The Department of Enterprise, Trade and Employment (DETE) can revoke a worker’s employment permit if they are found to be working irregularly. If a permit is revoked due to an employer’s breach of legislation, the worker can apply for a reactivation permit. Both the number of revocations (277 between 2017 and September 2023) and reactivation permits (422 in the same period) are low. By way of context, in the period 2017-2023 almost 145,000 employment permits were issued. Prevention and identification The WRC plays an important role in preventing situations of irregular employment and works with the Department of Justice and DETE, among others. It monitors key sectors, including the food and service sectors, the fishing sector, services in households and agriculture. However, the low number of WRC inspectors has been identified as a challenge to effective prevention by Migrant Rights Centre Ireland. As of January 2024 there were 63 inspectors employed by the WRC for the country and this number was set to increase to 80 during 2024. DETE has an internal risk indicator list for employment permits which is used when processing applications for new and renewal employment permits. The identification of a situation of irregular employment typically occurs either through WRC inspections or through a migrant worker making contact with an NGO for assistance. Cooperation between state bodies is important in ensuring inspections are effective, for example, in the form of joint inspections involving the WRC, the Garda National Immigration Bureau (GNIB), the Garda National Protective Services Bureau (GNPSB), as well as administrative cooperation and information sharing with the relevant Departments. MRCI argue however that inspections should not be carried out jointly with the GNIB because undocumented people experiencing exploitation are unlikely to come forward due to a fear of deportation. Among the good practices identified by the WRC was the presumption of employment (now) under section 61 of the Employment Permits Act 2024, which means that if a person is observed to be engaging in activity consistent with being employed, they will be treated as such. Migrant Rights Centre Ireland (MRCI) and International Transport Workers’ Federation (ITF) identified the number of inspectors relative to the size of the workforce as a challenge also for identification. Sanctions and outcomes When a situation of irregular employment is detected, WRC directs legal actions towards the employer and not the individual migrant worker. For an employer, a breach of the Employment Permits legislation can result in the revocation of the permit by DETE, the resultant loss of the employee, and possible fines or imprisonment on conviction. The Workplace Relations Act 2015 has provisions to sanction employers for offences relating to a failure to uphold the terms and conditions of an employee’s contract and failure to pay minimum wage, among others. Challenges in pursuing and enforcing sanctions, reported by DETE, include in identifying offending employers due to changes in corporate names and directors, as well as instances of false documentation. The MRCI also highlighted difficulties with the enforcement of sanctions including court orders and labour inspector decisions, while the International Transport Workers’ Federation observed that convictions are not dissuasive. The consequences of detection in irregular employment for a non-EU national can depend on their immigration status. Non-EU nationals who are undocumented in the State and found to be working irregularly may be subject to deportation under section 3, Immigration Act 1999. Persons found to be working irregularly while residing regularly in the State are considered to have breached the conditions of their immigration permission and could be liable to having their immigration permission withdrawn or not renewed. In terms of access to remedies, a non-EU national with permission to reside in the State can take a case against an employer to the WRC, with the aim of claiming compensation for instance. Non-EU nationals who are undocumented and in employment cannot lodge a complaint with the WRC. For undocumented non-EU nationals, there is a provision under employment permits legislation that allows them or the Minister to take civil proceedings against an employer for compensation. However, it has not been widely used to date. The new Employment Permits Act 2024 seeks to bring further clarity to situations where the contract of employment is unenforceable due to the lack of an employment permit, meaning that some contractual protections are enforceable, however these provisions have yet to be tested."
exclude,2024-11-29,"Immigration, segregation, and attitudes toward immigrants: a longitudinal multiscalar analysis across egohoods",Journal Article,James Laurence,no Ireland reference; no PDF on ESRI page (journal article or external),"immigrant, immigrants, immigration",,,"data, evidence, findings, longitudinal, panel, respondents",,contemporary,"Migration, Integration and Demography",10.1093/esr/jcae045,https://www.esri.ie/publications/immigration-segregation-and-attitudes-toward-immigrants-a-longitudinal-multiscalar,,research_area:67; keyword:migration; keyword:immigrant; keyword:immigration; keyword:nationality; keyword:ethnic; keyword:ethnicity; keyword:integration,"Evidence on how proximity to ethnic outgroups shapes attitudes toward immigration remains inconclusive. We suggest this may be driven, in part, by the fact that studies rarely account for the role of residential segregation. We argue that how the minority-share in an environment affects majority-group attitudes will depend on how segregated groups are from one another. To explore this, we undertake fixed-effects modelling of nationally representative German panel data and contextual data (2005–2013), and generate bespoke, home-centred egohoods for respondents across 12 spatial scales (500–10,000 metres radius). Findings show that how egohood minority-share is related to immigration-attitudes is conditional on egohood segregation: only egohoods becoming ethnically diverse and segregated see anti-immigrant sentiment increase; egohoods becoming ethnically diverse and integrated actually see anti-immigrant sentiment decrease. This conditioning-relationship exhibits a (broadly monotonic) bell-curve relationship across egohood-scales, peaking around a 3500/4000 metres radius."
exclude,2024-11-24,An evaluation of the impact of a national Minimum Unit Price on alcohol policy on alcohol behaviours,Journal Article,Gretta Mohan,no migration vocabulary; no Ireland reference,,,,"administrative, data, estimated, estimates, findings, longitudinal, regression, sample",,contemporary,Health and Quality of Life,10.1093/pubmed/fdae288,https://www.esri.ie/publications/an-evaluation-of-the-impact-of-a-national-minimum-unit-price-on-alcohol-policy-on,,keyword:nationality,"Background In 2018, Scotland pioneered national legislation which set a Minimum Unit Price (MUP) of 50 pence (∼US$0.64, €0.59) per unit of UK alcohol sold (8 g/10 ml). To inform policy development, we examine the policy effect using the Alcohol Use Disorders Identification Test (AUDIT-C), employing longitudinal data for over 17 200 individuals. Methods The effect of MUP on AUDIT-C scores is inferred by employing difference-in-difference regression. Pre- and post-intervention alcohol behaviours of individuals from Scotland are compared to a matched ‘control’ from England. Drinking at hazardous and harmful levels could be identified, as well as the frequency of alcohol consumption, number of drinks and heavy episodic drinking. Estimates adjust for demographic, socioeconomic and health characteristics. Potential inequalities by gender, age and household income are examined. Results MUP led to an estimated 5.3% reduction in the number of drinks consumed on drinking occasions, though a statistically significant effect on overall reported AUDIT-C scores or drinking at hazardous levels was not detected, with few differential effects for subgroups. Conclusions Differences in the findings of this research compared to other studies may be explained by differences in population coverage collected in the survey data, compared to more comprehensive, population-wide administrative data, as well as sample attrition."
exclude,2024-11-04,Survey instructions bias perceptions of environmental health risks,Journal Article,Shane Timmons; Alexandros Papadopoulos; Pete Lunn,no migration vocabulary; no Ireland reference,,,,"n = 800, participants, respondents, sample, survey, surveys",,contemporary,Behavioural Science,10.1080/13669877.2024.2421006,https://www.esri.ie/publications/survey-instructions-bias-perceptions-of-environmental-health-risks-0,,keyword:nationality,"A basic function of government is to manage environmental risks. This requires measurement of how the public perceive different risks, but it is hard to measure risk perceptions in a neutral, unbiased way. In a pre-registered experiment with a nationally representative sample (N = 800), we tested the effects of survey instructions on perceived risk from common environmental health hazards. Participants were randomised to read instructions that made salient a relatively unfamiliar hazard (electromagnetic fields; EMFs), a familiar hazard (carbon monoxide) or no hazard (i.e. that the study was about environmental health risks in general) before rating the perceived risks of a series of hazards. Results revealed an asymmetric salience effect. Instructions that highlighted EMFs elicited higher perceived risk from EMFs, while perceptions of other hazards were unaffected. Instructions that made carbon monoxide salient did not affect perceptions of carbon monoxide, but diminished perceived risk from other hazards. Effects were observed using standard rating scales and via a novel policy budget allocation task. In exploratory analyses, we further tested the relationship between perceived risk as elicited by rating scales and revealed risk perceptions. How often respondents report thinking about a hazard day-to-day best predicted choices in a hypothetical budget task and self-reported mitigative behaviour, when controlling for other dimensions of perceived risk, such as perceived severity of the consequences of exposure. The results have implications for designing surveys to measure perceived risk of environmental health hazards."
include,2024-10-22,Trends in disability prevalence among young people: Insights from the Growing Up in Ireland Study,ESRI Research Series,Emer Smyth; Helen Russell,"only ambiguous migration terms; PDF: 57 pages, 55 Ireland mentions",integration,55,57,"administrative, analysis of, census, cohort, data, estimate, estimated, estimates",NI and ROI/island,contemporary,Social Inclusion and Equality; Health and Quality of Life,10.26504/rs192,https://www.esri.ie/publications/trends-in-disability-prevalence-among-young-people-insights-from-the-growing-up-in,https://www.esri.ie/system/files/publications/RS192.pdf,keyword:naturalisation; keyword:integration; keyword:work permit,"Background to the study This report draws on analyses of the two cohorts of the Growing Up in Ireland (GUI) study to examine trends in the prevalence of disability among 13-year-olds over the decade 2011/2012 to 2021/2022. The report looks at changes over time in the size and composition of those with a long-lasting condition (LLC) or disability, at the presence of socio-emotional difficulties and/or depressive symptoms among these groups, and at a range of adolescent outcomes. The prevalence of long-lasting conditions and disability The prevalence of disability is highly dependent on the definitions and measures used. As a result, changes in the measures used in GUI between cohorts, and between survey waves within cohorts, make it challenging to provide comparable estimates of the level and nature of disability over time. Nonetheless, GUI data offer the most comprehensive information on the experience of disability among young people in Ireland. In this report, a distinction is drawn between young people with a long-lasting condition or illness who are not hampered by that condition (termed ‘non-hampered LLC’) and the group of young people who are hampered, at least to some extent, by that condition, for whom we use the term disability. Based on mother reports, the proportion of 13-year-olds with any LLC has increased from 24 per cent for Cohort ’98 to 36 per cent for Cohort ’08. The proportion of the total cohort who had received at least one diagnosis of a condition or disability grew from 16 per cent for Cohort ’98 to 31 per cent for Cohort ’08. The group with a disability (i.e. those who are hampered by a condition) increased from 6 per cent for Cohort ’98 to 23 per cent for Cohort ’08. This estimate is higher than figures from Census 2022, which used a different definition and where 14 per cent of 13-year-olds were reported to have a disability. The GUI data show a growth in the prevalence of disability and LLCs among all social groups over the period, though a shift in the gender composition is evident, with girls now as likely as boys to have an LLC or disability. Changes in the classification of types of conditions, and small numbers in several groups, make it difficult to identify which particular conditions are driving the overall increase. Among those with an LLC, there is an increase in both respiratory and behavioural difficulties, the largest groups, over time. The increase is particularly marked for behavioural difficulties, growing from 1 to 17 per cent between cohorts at age 13. Respiratory problems increased but to a much lower level – from 3 to 5 per cent. Focusing on those with a disability only (that is, those who are hampered by that condition), the proportion with an emotional/behavioural difficulty has increased from 1.1 per cent of the total cohort in Cohort ’98 to 13.5 per cent in Cohort ’08. Disability, health and wellbeing Mothers were asked about the general health of their children, distinguishing between those who were very healthy and those who had at least some health problems. In both cohorts, health problems are more prevalent among those with an LLC or disability. Health problems are particularly prevalent among those with a disability but it should be noted that around four in ten of those who are hampered by a disability are not reported to have health problems. Socio-emotional difficulties have increased over time among those with a disability, indicating no diminution of need among the group. In addition, depression scores are found to have increased over time for girls with a disability. In contrast, those who have an LLC but are not hampered by it have become more like the non-LLC/disability group over time in their mental health and wellbeing. This suggests that there may now be greater identification of LLCs that do not generally hamper the lives of young people. Disability and adolescent outcomes Clear differences in adolescent outcomes at age 13 by disability status are evident: young people with an LLC or disability have more conflictual relationships with their parents, smaller peer networks, greater difficulties interacting with peers, less involvement in organised sports and more negative attitudes to school compared to their peers. Across most of the outcomes explored, there remains a substantial gap between those with a disability and those without an LLC/disability in the younger cohort. However, for several of these outcomes, the difference between those with an LLC who are not hampered by it and those without an LLC/disability narrows over time. Growing numbers of people with an LLC or disability may reflect greater identification of conditions over time or greater need among the population. The findings on wellbeing and other outcomes suggest that both factors are at play. Those not hampered by their condition (non-hampered LLC) come to more closely resemble those without any condition over time in their outcomes, suggesting increased identification of certain conditions. At the same time, however, there is evidence of growing need among those described as having a disability, with increased socio-emotional difficulties and (among girls) depression levels. Implications for policy The study findings point to a significant growth over time in the proportion of 13-year-olds reported to have an LLC or disability. This has consequences for the supports required to enable full inclusion. The most commonly reported difficulties among those with a disability now relate to physical impairment and difficulties learning, remembering or concentrating, with these impairments having different implications in terms of the resources and supports required. There has been a good deal of policy development in relation to provision for children and young people with a disability, including a greater focus on assessment of need in the early years, a change in the funding allocation model to schools to address special educational needs (SEN), and the marked growth of special classrooms in mainstream schools. While there is now much greater recognition of the need for more inclusive practice, the findings point to a number of areas for further policy development, spanning the areas of education, health, family support and recreational facilities. These include but are not limited to: the targeting of parenting supports towards families of children and teenagers with a disability to help reduce levels of parent–child conflict; school-based efforts to promote social integration with peers and to facilitate improved school engagement; and inclusive practice in out-of-school sport."
exclude,2024-10-21,ESRI Nowcast (as of 21 October 2024),Indices Report,Paul Egan; Janez Kren,not a research publication (Indices Report),,,,,,,Macroeconomics,,https://www.esri.ie/publications/esri-nowcast-as-of-21-october-2024,https://www.esri.ie/system/files/publications/nowcast_202410.pdf,keyword:work permit,"As of October 21st, the ESRI's 2024Q3 nowcast esmates that MDD is growing at 3.0% year-on-year. This is down slightly from last month’s estimate of 3.2% and is based on data from July and August. Decomposing the key drivers of this month’s nowcast estimate show that robust tax revenues, strong growth in house prices and improved sentiment indicators contributed positively to the estimate. On the other hand, weaker consumption data compared to the same period in 2023 had a signiﬁcant negative impact on the estimate."
exclude,2024-10-18,Drivers of income inequality in Ireland and Northern Ireland,ESRI Research Series,Karina Doorley; Michele Gubello; Dora Tuda,no migration vocabulary,,,,"estimate, estimates, we analyse, we find",NI and ROI/island,contemporary,"Taxation, Welfare and Pensions; Social Inclusion and Equality",10.26504/rs196,https://www.esri.ie/publications/drivers-of-income-inequality-in-ireland-and-northern-ireland,https://www.esri.ie/system/files/publications/RS196_1.pdf,keyword:work permit,"Publication dates: In press version: 18 October 2024; Version of record: 31 October 2024. The distribution of income differs in Ireland and Northern Ireland. Historically, Northern Ireland has been marked by lower levels of income and lower income inequality. The Gini coefficient, a widely used measure of income inequality which increases as income becomes more dispersed, has averaged 0.29 in Northern Ireland and slightly more than this, at 0.31 in Ireland, between 2003 and 2019. Using harmonised microsimulation models for Ireland (SWITCH) and Northern Ireland (UKMOD), we simulate the Gini coefficient to be 0.26 in Northern Ireland and 0.28 in Ireland in 2019, although these point estimates are not statistically different from each other. Nevertheless, as seemingly similar income distributions can come about for different underlying reasons, we analyse the drivers of income inequality in Ireland and Northern Ireland. Previous research has identified marked differences in demographics, working patterns, wage levels and the tax-benefit system between Ireland and Northern Ireland. These factors are important determinants of income distribution and are likely to contribute differently to how income is distributed in the two jurisdictions. Using a decomposition technique (following Bargain and Callan (2010); Doorley et al. (2021) and Sologon et al. (2021)), this research identifies the drivers of income inequality in Ireland and Northern Ireland in the year 2019. We isolate the relative contributions of market income differences - attributable to demographics, labour market participation and wage levels - and the tax-benefit system to differences in income distribution in the two jurisdictions. We find that differences in inequality in market, or pre-tax and transfer income, are driven by two counteracting forces. On the one hand, the younger and more highly educated population of Ireland results in relatively lower income inequality as there are relatively fewer people with no earnings. On the other hand, the higher and more unequal wages paid to workers in Ireland result in relatively higher market income inequality, all else equal. We estimate that differences in the tax-benefit system also influence the distribution of income in Ireland and Northern Ireland. The Irish tax system is more progressive and reduces income inequality more than the Northern Irish tax system. However, the level and coverage of means-tested benefits in Ireland is lower than that in Northern Ireland. Therefore the Irish means-tested benefit system is inequality-increasing compared to the Northern Irish means-tested benefit system. The combination of these two opposing effects results in similar overall levels of redistribution by the Irish and Northern Irish tax-benefit systems taken as a whole. This research sheds light on possible future developments in income inequality on the island of Ireland. Secular trends in population aging and upskilling are likely to affect the distribution of pre-tax and transfer income in both Ireland and Northern Ireland. The latter is likely to be particularly important in Northern Ireland, where baseline levels of education are lower. This research also finds that, if there is any convergence in the future between the tax-benefit systems of Ireland and Northern Ireland, in the context of increased economic co-operation on the island of Ireland, there may be a limited impact on income inequality due to opposing forces in the tax and benefit system. An understanding of these forces and their impact on income inequality - in isolation and together - can help to guide any such move towards future co-operation."
exclude,2024-10-17,"Drinking water and domestic wastewater treatment: maintenance, perceptions, and priorities",ESRI Research Series,John Curtis,no migration vocabulary; no Ireland reference,,,,data,,contemporary,Energy and Environment,10.26504/rs195,https://www.esri.ie/publications/drinking-water-and-domestic-wastewater-treatment-maintenance-perceptions-and,https://www.esri.ie/system/files/publications/RS195.pdf,keyword:international protection; keyword:work permit,"The objective of this research is to capture householders’ views and experiences related to drinking water and domestic wastewater treatment systems (DWWTS), including public health concerns and experience accessing the septic tank remediation grant. Capturing data on the level of maintenance undertaken by households with respect to their private drinking water supplies and DWWTS provides insight on the extent to which additional policy interventions are required to protect both public health and environmental quality."
exclude,2024-10-15,An analysis of Population-Based Resource Allocation for health and social care in Ireland,ESRI Research Series,Brendan Walsh; Leonie Hill,no migration vocabulary,,,,"analysis of, evidence, findings",Ireland (State),contemporary,Health and Quality of Life,10.26504/rs194,https://www.esri.ie/publications/an-analysis-of-population-based-resource-allocation-for-health-and-social-care-in,https://www.esri.ie/system/files/publications/RS194.pdf,keyword:employment permit; keyword:work permit,"The effectiveness of a healthcare system depends on its ability to distribute resources equitably and efficiently, aiming to improve the health and well-being of the population. This report, funded through a Department of Health research programme, examines the critical issue of healthcare resource allocation in Ireland. Its findings underscore the need for a resource allocation mechanism that can effectively address the varying healthcare demands across the country. The focus is on evaluating the current resource allocation mechanisms and exploring the potential of implementing population-based resource allocation (PBRA) mechanisms within proposed HSE Health Regions (HRs). PBRA mechanisms are employed successfully in other countries, and offer a structured approach to allocate healthcare resources based on population needs. These models consider various factors such as age, health status and socioeconomic conditions, ensuring a more equitable distribution of healthcare services. In Ireland, we have lacked a system-wide PBRA-type mechanism for making systematic health and social care resource allocation decisions. Within the Irish healthcare system, where challenges arise from demographic change and ongoing capacity constraints, PBRA mechanisms present an opportunity to enhance the efficiency and fairness of resource allocation. This proposed shift towards PBRA would also help to further the main goals of Sláintecare, by ensuring affordable universal healthcare for all, transferring more care into primary and community care settings, and developing a resource allocation mechanism to distribute funding, workforce and capacity to improve overall population health. The report aims to provide evidence to inform the establishment of PBRA in Ireland. It examines PBRA mechanisms within international systems and resource allocation and funding mechanisms in the Irish healthcare system. Lessons from this exercise are used to evaluate the Health Service Executive (HSE) HR restructuring and the PBRA formulae proposed by the Department of Health."
exclude,2024-10-09,"Lone parent transitions, employment transitions and poverty outcomes",ESRI Research Series,Helen Russell; Bertrand Maître,no migration vocabulary,,,,"cohort, data, growing up in ireland",Ireland (State),contemporary,Social Inclusion and Equality,10.26504/rs193,https://www.esri.ie/publications/lone-parent-transitions-employment-transitions-and-poverty-outcomes,https://www.esri.ie/system/files/publications/RS193.pdf,keyword:employment permit; keyword:work permit,"Lone parent families are consistently identified among those most at risk of poverty and deprivation in Irish society, which causes the members of these families short- and long-term harm. In this study we draw on the Growing Up in Ireland study (GUI) 08 Cohort, using four waves of data from 2008 to 2017, when the study child was aged 9 months to 9 years. We examine the relationship between family trajectories, economic vulnerability and employment among lone parent households. The aim is to understand the contexts and social factors that lead to the association between lone parenthood and economic vulnerability."
include,2024-10-08,How do EMN Countries monitor the integration of non-EU nationals?,EMN Ireland Migration Memo,Dervla Potter; Keire Murphy,"only ambiguous migration terms; PDF: 2 pages, 26 Ireland mentions","integration, migration",26,2,"administrative, analysis of, census, data, evidence, findings, interviews, labour force survey",Ireland (State),contemporary,"Migration, Integration and Demography",,https://www.esri.ie/publications/how-do-emn-countries-monitor-the-integration-of-non-eu-nationals,https://www.esri.ie/system/files/publications/EMNMemo3.pdf,research_area:67; keyword:migration; keyword:nationality; keyword:integration,This EMN Ireland Migration Memo provides a comparative overview of integration monitoring approaches by EMN Countries and outlines key findings of the most recent ESRI Monitoring Report on Integration (2022).
exclude,2024-10-08,Inequality in participation in shadow education in mathematics in Europe: An intersectional perspective,Journal Article,Merike Darmody; Emer Smyth,no Ireland reference; no PDF on ESRI page (journal article or external),migrant,,,"data, findings",,contemporary,Education,10.1177/14749041241285494,https://www.esri.ie/publications/inequality-in-participation-in-shadow-education-in-mathematics-in-europe-an,,keyword:migrant; keyword:migration; keyword:student migration,"There is a growing body of research on participation in shadow education (SE), reflecting the global growth of this sector. However, less is known about the topic from an intersectional perspective. Drawing on TIMSS 2019 and PISA 2012 data for European countries, this paper explores the way in which social background, gender and migration background interact to shape participation in mathematics SE. Our findings show that across European Economic Area (EEA) countries, migrant females from socioeconomically disadvantaged families have the highest probability of participating in SE at the primary school level, while native males from socioeconomically advantaged families have the lowest probability of doing so. At the secondary school level, regardless of their socioeconomic background, migrant female students have the highest likelihood of participating in SE compared to other groups. Our research reveals that contrary to common understanding, participation in SE is not solely determined by high socioeconomic status, especially for specific demographics like migrant girls, indicating the need for future studies to delve deeper into the various factors influencing such involvement beyond just financial means."
include,2024-10-01,The experience of housing discrimination and housing deprivation across social groups in Ireland,Journal Article,Raffaele Grotti; Helen Russell; Bertrand Maître,no PDF on ESRI page (journal article or external),citizenship,,,"findings, silc, surveys",Ireland (State),contemporary,Housing; Social Inclusion and Equality,10.1007/s11205-024-03438-0,https://www.esri.ie/publications/the-experience-of-housing-discrimination-and-housing-deprivation-across-social-groups,,keyword:citizenship; keyword:discrimination,"This study focuses on housing inequalities across diverse social groups with respect to two housing indicators: subjective housing discrimination; and objective housing deprivation. By scrutinizing the correspondence in inequalities between the two indicators, we enhance the measurement of housing inequality and at the same time we shed light on the relationship between subjective and objective dimensions of housing— a relationship that has received little empirical examination so far. Existing research suggests that housing discrimination can contribute to housing deprivation through two channels: inadequate information and limited economic resources. Our focus is the post-2008 housing market crash era in Ireland. We use two separate large-scale individual-level surveys, the QNHS (2004, 2010, 2014) for analysing housing discrimination and SILC (2014, 2015) for analysing housing deprivation. Our findings reveal a robust convergence between perceptions of housing discrimination and objective housing deprivation across various social groups. Traditionally vulnerable groups—such as young individuals, those with disabilities, non-natives (excluding EU citizenship holders), single parents, and individuals without children—experience both discrimination and deprivation. Notably, certain groups exhibit persistent disparities in discrimination and disadvantage, even after considering factors like human capital, regional and tenure differences."
exclude,2024-09-30,Nature-based solutions for climate adaptation: Review of barriers to adoption and guidelines for policymakers,ESRI Working Paper,Anita Vollmer; Stefano Ceolotto; Niall Farrell,no migration vocabulary; no Ireland reference,,,,we find,,contemporary,Climate,,https://www.esri.ie/publications/nature-based-solutions-for-climate-adaptation-review-of-barriers-to-adoption-and,https://www.esri.ie/system/files/publications/WP794.pdf,keyword:naturalisation,"Nature-based solutions (NBS) for climate adaptation encompass a range of approaches that work with nature to increase resilience to climate change whilst providing ecological and social co-benefits. These solutions have frequently been put forward for application in urban contexts, such as the creation of urban forests, but can likewise be applied to rural contexts where they may, for example, prevent soil erosion. However, NBS face numerous barriers to being considered on equal footing with technical climate adaptation interventions. Previous research that has sought to address this issue has focused on conceptual frameworks, on the one hand, and practical guidance on how to quantify the benefits provided by NBS, on the other. In this article, we supplement these existing frameworks by providing practical recommendations for the whole decision-making cycle, from identification of objectives to the monitoring and scaling up of chosen interventions. We draw from a wide range of literature to, first, outline the barriers to the inclusion of NBS and, second, present policy recommendations for each step of the climate adaptation process. We find that policy recommendations which span across all decision-making steps are: Choosing a participatory decision- making approach, involving a wide range of experts, considering social justice implications, and creating a legal and regulatory framework which can accommodate NBS. While we put an emphasis on climate adaptation, most of the recommendations presented here are not limited to this context."
include,2024-09-26,"Quarterly Economic Commentary, Autumn 2024",ESRI Forecasting Series,Kieran McQuinn; Conor O'Toole; Lea Hauser; Dónal O'Shea,"PDF: 46 pages, 89 Ireland mentions",immigration,89,46,"analysis of, data, estimate, estimates, estimation, evidence, findings, register",Ireland (State),contemporary,Macroeconomics,10.26504/qec2024aut,https://www.esri.ie/publications/quarterly-economic-commentary-autumn-2024,https://www.esri.ie/system/files/publications/QEC2024AUT.pdf,keyword:migration; keyword:immigrant; keyword:immigration; keyword:work permit; keyword:labour migration,"The Irish Economy – Forecast Overview Despite a significant decline in headline investment levels in Q2 2024, the underlying pace of growth in the Irish economy is set to be robust this year and next. Modified domestic demand (MDD), which is the preferred indicator of output growth, is set to increase by 2.3 per cent in 2024 and by 3.1 per cent in 2025. The Irish labour market continues to perform in a very strong manner with the unemployment rate set to converge back to 4 per cent over the next year, which is quite remarkable given the significant increase in population which is currently being experienced. Much of this increase is coming about through increased net migration. Given recent political and social developments, the Commentary argues it is important that the contribution of immigration to Ireland’s continued economic success is acknowledged. Given the proximity of the Budget, the Commentary , in a Box prepared by McQuinn and Walsh, examines the sustainability or otherwise of recent and future expected increases in Government expenditure. The Box concludes that future expenditure levels are still on a sustainable path once the scale of the economy is allowed for. However, the significant increase in Government spending necessitates the identification and monitoring of indicators which aim to track productivity and efficiency gains in key areas of public policy such as healthcare. The Commentary cautions against any delay in the adoption of the proposed residential zoned land tax (RZLT). This measure has been identified as one way of targeting land hoarding in the residential market. Reducing the cost of residential land is one practical way the Government can improve the efficiency and productivity with which housing is supplied to the market."
exclude,2024-09-19,ESRI Nowcast (as of 19 September 2024),Indices Report,Paul Egan; Janez Kren,not a research publication (Indices Report),,,,,,,Macroeconomics,,https://www.esri.ie/publications/esri-nowcast-as-of-19-september-2024,https://www.esri.ie/system/files/publications/IR22_0.pdf,keyword:work permit,"As of 19th September, the ESRI's 2024Q3 nowcast estimates that MDD is growing at 3.2% year-on-year. This is the first nowcast of 2024Q3 and is based on a full complement of data from July. Decomposing the key drivers of this month’s nowcast estimate show that robust tax revenues and strong growth in house prices (both of which are included in the ‘other’ component of the decomposition above) contributed most to growth. Weaker consumption data compared to July 2023 had a negative impact on the estimate."
exclude,2024-09-18,Skill requirements for emerging technologies in Ireland,ESRI Research Series,Adele Whelan; Seamus McGuinness; Elisa Staffa; Paul Redmond,no migration vocabulary,,,,,Ireland (State),contemporary,Labour Markets and Skills,10.26504/rs191,https://www.esri.ie/publications/skill-requirements-for-emerging-technologies-in-ireland,https://www.esri.ie/system/files/publications/RS191.pdf,keyword:work permit,"This research examines the labour market for jobs in Automation, Artificial Intelligence and Blockchain in Ireland."
exclude,2024-09-16,Macroeconomic impacts of climate-induced damages in Ireland: a CGE analysis of secondary impacts,ESRI Working Paper,Kelly C de Bruin; Loïc Henry; Clement Kweku Kyei; Aykut Mert Yakut,no migration vocabulary,,,,"analysis of, estimation, results show, we find",Ireland (State),contemporary,Climate,,https://www.esri.ie/publications/macroeconomic-impacts-of-climate-induced-damages-in-ireland-a-cge-analysis-of,https://www.esri.ie/system/files/publications/WP789.pdf,keyword:integration,"Designing and implementing effective and efficient climate policies requires an understanding of climate change impacts. However, the estimation of climate change impacts remains lacking, without an understanding of the sectoral details of climate change impacts and their further impacts on the wider economy. In this paper, we apply a production function approach to implement several climate change impacts into an intertemporal computable general equilibrium (CGE) model of the Irish Economy, the I3E model. Our results show that, without adaptation, coastal impacts on the macroeconomy will be the highest, followed by labour productivity impacts. Examining different household types, we find that richer households are impacted more than poorer. In this paper we account for interlinkages between sectors, and show how climate change impacts impact other parts of the economy, which is neither clearly assessed in econometric assessments within the literature, nor in classic Integrated Assessment Models with few consisting of production sectors."
include,2024-09-12,Community-level drivers of attitudes towards immigration in Ireland,ESRI Working Paper,James Laurence; Frances McGinnity; Keire Murphy,"PDF: 18 pages, 77 Ireland mentions","immigrants, immigration, migrant, migrants",77,18,"analysis of, census, data, estimate, estimated, estimates, evidence, findings",Ireland (State),contemporary,"Migration, Integration and Demography",,https://www.esri.ie/publications/community-level-drivers-of-attitudes-towards-immigration-in-ireland,https://www.esri.ie/system/files/publications/WP807_0.pdf,research_area:67; keyword:migrant; keyword:migration; keyword:immigrant; keyword:immigration; keyword:asylum; keyword:nationality; keyword:integration,"International research has shown that community-level characteristics can affect host-country attitudes, in addition to both national-level and individual-level characteristics, and much recent debate in Ireland has centred on challenges communities face in integrating migrants. While we know that Irish attitudes to immigration vary depending on people’s personal situation and concerns, the impact of community-level factors has never been explored in Ireland. In this research, we match a 2023 Irish survey on attitudes to immigrants and immigration to small area data on communities from the 2022 census. Drawing on competing theories of group threat and intergroup contact, we examine how community-level factors are associated with attitudes. We find that the proportion of migrants in a community and recent change in that share is not associated with immigration attitudes. However, consistent with international findings, we find that attitudes to immigration are more negative in disadvantaged communities. This is particularly the case in disadvantaged communities where the proportion of migrants has increased since 2011, consistent with theories of intergroup threat. We also find that rural communities tend to be more negative than urban communities on average, but that an increasing proportion of migrants in rural communities has a positive impact on attitudes, to the extent that rural communities with high proportions of migrants show almost no difference in attitudes with urban communities. This is supportive of contact theory. The paper also considers levels of segregation. Higher residential segregation of migrants is associated with more negative attitudes, consistent with previous international research. This may be because of more limited opportunities for contact in segregated communities, or inflated perceptions of the size of migrant communities and the potential threat they pose. Overall, the results imply that it is important to consider the characteristics of communities for understanding attitudes to immigration in Ireland."
exclude,2024-09-12,Participation in shadow education and academic performance in Ireland and Germany,ESRI Research Bulletin,Merike Darmody; Emer Smyth,no migration vocabulary,,,,"data, findings, growing up in ireland, longitudinal, panel, participants",Ireland (State),contemporary,Education,10.1177/00207152241266791,https://www.esri.ie/publications/participation-in-shadow-education-and-academic-performance-in-ireland-and-germany,https://www.esri.ie/system/files/publications/RB202418.pdf,keyword:naturalisation; keyword:nationality,"This Bulletin summaries the findings from: Benz, R., Darmody, M. & Smyth, E. (2024). Participation in shadow education and academic performance: a comparison of upper secondary school students in Ireland and Germany, International Journal of Comparative Sociology. Available at: https://doi.org/10.1177/00207152241266791 . This work has received funding from the European Union’s 2020 research and innovation programme under grant agreement No. 101004392 (PIONEERED). Introduction Taking part in shadow education, private supplementary tuition outside school (called ‘grinds’ in Ireland), has become increasingly common in many countries, with a good deal of debate about its effect on academic performance. Growing research on shadow education has highlighted commonalities and differences in this practice across different jurisdictions. It might be expected that shadow education would play a different role depending on the educational system, but this has rarely been looked at in existing research. This paper contrasts shadow education take-up and outcomes in two very different systems, Ireland and Germany, to look at the patterns found. Data and methods This paper draws on two longitudinal datasets – Growing Up in Ireland (GUI) and the National Educational Panel Study (NEPS). Some measures in the two studies could be easily compared, for example, gender, parental education and household income. However, the grading systems are different, with teacher-assessed test results at end of each school year mattering in Germany and externally-assessed Leaving Certificate grades counting in Ireland. An equivalent measure of grade point average was derived, with the analyses also taking account of the effects of being on a non-academic track in Germany. Results Participation in shadow education is much higher in Ireland than in Germany, with over half (55%) of Irish students taking part in their final year of school compared with 16 to 20 per cent per year in Germany. Female students are more likely to take part than male students in both countries. Participation is more socially selective in Ireland, with those whose parents have higher-status jobs and higher income levels more likely to take part. In Germany, only being in the top fifth of household incomes makes a difference to take-up. The countries differ too in the prior achievement levels of participants, reflecting the nature of the system. In Germany, students have been tracked by ability at an earlier stage but must reach a ‘sufficient’ grade each year to avoid having to repeat a year. As a result, lower-achieving students are more likely to take shadow education to avoid being kept back a year. In Ireland, grades matter for higher education entry, so shadow education is used, particularly among medium-achieving students, to enhance their chances of doing well and securing the university place they want. The analyses looked at differences in grade point average between those taking shadow education and those not, taking account of other factors that might affect performance like social background. In Germany, the findings show that shadow education can benefit low-achieving students by helping them maintain the grades needed to progress to the next year of school. In Ireland, there are some positive benefits of shadow education to lower-achieving students, with little, if any, gain for their middle- and higher-achieving peers. Conclusions The findings show the way in which take-up of shadow education reflects the particular educational system and the incentives for different groups of students to try to boost their academic performance. In Germany, participation is less socially differentiated and is instead, focused on keeping up with academic work in order to avoid being held back a year. In Ireland, in contrast, participation is socially selective and focused on securing advantages in higher education access. However, this strategy appears to pay off only for students with lower levels of achievement. Taken together, the findings suggest that private tuition is frequently used to avoid educational failure for lower-achieving young people from more advantaged families (higher income in the case of Germany, and higher status and income in Ireland), thus reinforcing educational inequality."
exclude,2024-09-12,"The RTB Rent Index, Q1 2024",Indices Report,Rachel Slaymaker; Katie Devane; Janez Kren,not a research publication (Indices Report),,,,,,,Housing; Macroeconomics,,https://www.esri.ie/publications/the-rtb-rent-index-q1-2024,https://www.esri.ie/system/files/publications/RI2024Q1.pdf,keyword:nationality,"Nationally, rent has increased for new and existing tenancies . In Q1 2024, the average rent grew by 8.1% for new tenancies and 5.9% for existing tenancies annually. New tenancy rents are rising more slowly in Dublin. Rents for new tenancies in Dublin rose 6.3% year-on-year, compared with 12.2% outside of Dublin. Sitting tenants continue to pay lower rents than new tenants. The standardised average rent paid by new tenants nationally is now €1,612 per month, while for existing tenants it is €1,391 – a difference of €221 or 15.9%. The Q1 2024 Rent Index is shared with preliminary findings from an additional ‘Individual Property Level Analysis’ commissioned to help the RTB understand the extent of rent increases in excess of RPZ limits, where they apply. It shows 74% of existing tenants nationally experienced annual rent increases of 2% or less between Q2 2022 and Q1 2024."
exclude,2024-09-12,Getting the most out of wellbeing in schools,Newspaper/Magazine Article,Caoimhe Dempsey; Selina McCoy,not a research publication (Newspaper/Magazine Article),,,,,,,Education,,https://www.esri.ie/publications/getting-the-most-out-of-wellbeing-in-schools,,keyword:nationality,"Drawing on recent ESRI research, this paper shows that identifying those most vulnerable to poorer wellbeing, listening to what students need, supporting teacher professional development in wellbeing and embedding a whole school approach are the best ways to foster wellbeing in schools."
include,2024-09-05,"Poverty, income inequality and living standards in Ireland: Fourth annual report",Jointly-published Reports,Barra Roantree; Bertrand Maître; Helen Russell,"PDF: 63 pages, 161 Ireland mentions",migrants,161,63,"000 people, analysis of, census, cohort, data, estimate, estimates, eu-silc",Ireland (State),contemporary,Social Inclusion and Equality,10.26504/jr7,https://www.esri.ie/publications/poverty-income-inequality-and-living-standards-in-ireland-fourth-annual-report,https://www.esri.ie/system/files/publications/JR7_1.pdf,keyword:migrant; keyword:Ukraine; keyword:employment permit; keyword:work permit,"This report is the fourth from an ESRI research programme funded by Community Foundation Ireland, which seeks to address gaps in our knowledge and understanding of poverty, income inequality and living standards in Ireland. The thematic chapter in this year’s report considers life satisfaction, civic and social participation. The key findings of this year’s report are as follows: Income growth and inequality After a decade of uninterrupted growth, the latest data from the Survey of Incomes and Living Conditions (SILC) show inflation has left average real disposable income lower than it was two years earlier. After tax and transfer incomes adjusted (equivalised) for household size have fallen in real terms at both the mean and median: by 2.2 per cent and 5.4 per cent respectively between 2021 and 2022. This was sufficient to leave average incomes lower than they were in 2020, with the decline largely a result of the rise in prices that has followed the COVID-19 pandemic and the invasion of Ukraine. A notable exception to this decline in average incomes is for those aged 65+. Although average equivalised disposable incomes declined in real terms by around 3 per cent for those under 65 on both a Before Housing Costs (BHC) and After Housing Costs (AHC) basis, they grew by 3 per cent for those aged 65+. Strikingly, equivalised AHC income is now on average higher for those above age 65 than those under 65. This growth has been driven by a rise in income from employment, self-employment and the rental of property or land, as well as a rise in the share of those aged 65+ with a spouse in paid work. Incomes have stagnated across the rest of the distribution, halting the sustained decline in measures of income inequality that has been seen since 2017. Between 2012 and 2021, incomes grew fastest at the bottom of the income distribution, leading to a decline in measures of income inequality including the Gini coefficient which summarises the level of income inequality as a number between 0 (where everyone has the same income) and 1 (where one person has all income). While we estimate the Gini coefficient fell from 0.296 in 2012 to 0.261 in 2021, this decline appears to have stalled with real incomes stagnating across the distribution over the last two years of data. Income poverty and material deprivation Rates of material deprivation have risen across the population as a whole for the second year in a row. The share of individuals unable to afford two or more items from a list of ten essentials has increased from 13.2 in 2021 to 16.3 per cent in 2023, with over half of those renting from an approved housing body, local authority or receiving Housing Assistance Payment (HAP) reporting being unable to do so. Rates of material deprivation have also increased for children, with a fifth of those aged 0–17 experiencing material deprivation compared to one in ten for those aged 65+. Despite falling for those aged 65+, measures of income poverty have risen for children when accounting for housing costs . Rates of income poverty are particularly high in households where the youngest child is aged 0–5, with a quarter of those in such households (amounting to almost 250,000 children and parents) below the AHC income poverty line. This suggests additional measures – such as a second tier of child benefit targeted at low-income families, explored by Roantree and Doorley (2023) in last year’s report – may need to be considered if Government commitments to reduce rates of child poverty are to be achieved. Overall, these trends pose a real challenge for the Government in the upcoming Budget. While inflation is falling and those in employment are likely to see a rise in their real incomes, temporary cost-of-living-related payments have played a key role in maintaining the income of those at the bottom of the distribution. Given the limited resources allocated to tax and welfare measures in the recent Summer Economic Statement (Department of Finance, 2024), it is unlikely increases to core payments will be sufficient to offset the withdrawal of temporary payments, meaning that the incomes of those at the bottom of the distribution are likely to lag behind those of the rest of the population with consequences for income poverty, inequality and material deprivation. Life Satisfaction, Civic Participation and Social Contact Levels of life satisfaction are strongly associated with income poverty and even more so with material deprivation. Being deprived reduces life satisfaction by over one point on a ten-point scale. This effect is larger than that observed for poor health and the pandemic. Life satisfaction declined significantly during the pandemic period (2020 and 2021). Particularly sharp declines were seen among young people and lone parents. The relationship between poverty and life satisfaction is similar for most groups; however, we find that deprivation has a stronger effect on satisfaction for those aged 35–55 and 55–64 years compared to the older age group. This is likely to reflect greater financial responsibilities. There is also a somewhat stronger association between income poverty and life satisfaction for men. Income poverty and deprivation also have a depressing effect on civic participation (formal and informal volunteering and political participation). Pre-pandemic in 2015, 61 per cent of the deprived did not participate in any of these activities in the previous 12 months compared to 49% of the non-deprived. The pandemic was associated with a sharp decline in civic participation across all groups. The average score on civic participation dropped by half, falling from 0.79 in 2015 to 0.44 in 2022. Additionally, although the gap between those in income poverty and deprived and others narrowed only slightly, their civic participation remained significantly lower by roughly one quarter. Civic participation is lower among the youngest and oldest age groups, migrants from the EU and outside the EU. However, the relationship between income poverty/deprivation and civic participation is somewhat weaker for the non-EU cohort than for those born in Ireland. This may reflect greater involvement in religion-based volunteering but the data do not allow us to disaggregate this effect further. Social participation measured through frequency of face-to-face or other contact with family and friends, is also significantly lower among those who are deprived or who are income-poor compared to other groups. Social participation declined between 2015 and 2022 across all groups, again reflecting the impact of the pandemic. Income poverty is not associated with the frequency of social contact once other factors are taken into account. However, those who are deprived have significantly fewer contacts . The reduction in social contact associated with deprivation (-0.9 on a ten-point scale) is greater than that associated with poor health (-0.8) and with the pandemic (-0.5). The relationship between deprivation and social contact is the same for all the sub-groups examined, except that it has a somewhat weaker effect for the youngest age group. This may arise because digital/remote contact is maintained despite deprivation. See other Annual Reports in the series"
exclude,2024-08-26,ESRI Nowcast (as of 26th August 2024),Indices Report,Paul Egan; Janez Kren,not a research publication (Indices Report),,,,,,,Macroeconomics,,https://www.esri.ie/publications/esri-nowcast-as-of-26th-august-2024,https://www.esri.ie/system/files/publications/IR21.pdf,keyword:work permit,"As of August 26th, the ESRI's 2024Q2 nowcast estimates that MDD is growing at 3.0% year-on-year. This remains unchanged from last month’s estimate. This is the final nowcast of 2024Q2 and is based on a full complement of data from April, May and June. Decomposing the key drivers of this month’s nowcast estimate show that similar to last month’s estimate robust tax revenues and strong growth in house prices (both of which are included in the ‘other’ component of the decomposition below) and certain sectors of industrial production compared to June 2023 contributed most significantly to the estimated growth. Weaker consumption data compared to June 2023 had a negative impact on the estimate."
exclude,2024-08-16,Public perceptions of electromagnetic fields and environmental health risks,ESRI Survey and Statistical Report Series,Shane Timmons; Alexandros Papadopoulos; Pete Lunn,no migration vocabulary,,,,"evidence, findings, participants, respondents, sample, survey, surveys",Ireland (State),contemporary,Behavioural Science; Energy and Environment,10.26504/sustat126,https://www.esri.ie/publications/public-perceptions-of-electromagnetic-fields-and-environmental-health-risks,https://www.esri.ie/system/files/publications/SUSTAT126.pdf,keyword:nationality; keyword:employment permit; keyword:work permit,"Electromagnetic fields (EMFs) are invisible fields of energy generated when electricity flows through wires or a device. Radiofrequency EMFs (RF EMFs) are a specific type of EMF generated by telecommunications masts and devices. There is no scientific evidence that RF EMFs lead to negative health outcomes, particularly at the levels observed in public spaces in Ireland, but previous surveys suggest that substantial minorities of the public may hold concerns about exposure. This study employs methods from behavioural science to measure perceptions of risk from EMFs among the general public. To contextualise perceived risk, we also record perceptions of other environmental hazards with known health consequences (e.g., carbon monoxide, particulate matter). A nationally representative sample of 800 adults took part in an online survey in September 2023. The study produced the following findings: Very few people (2.7%) mentioned EMFs when asked in a free text question about environmental hazards they are aware of. The most commonly generated hazards were outdoor air quality (59.7%), risks from cars and traffic (29.5%) and weather hazards (e.g., UV radiation; 22.8%). Other hazards with known health consequences were generated less frequently, including water contaminants (16.4%), radon gas (4.6%), noise (4.1%) and indoor air quality (3.7%). Responses to rating scales, informed by the psychology of risk perception, implied moderate levels of concern about EMFs. When asked about the perceived probability of exposure to harmful levels of EMFs, the consequences of exposure and general worry about them, the average response was close to the midpoint of seven-point rating scales. However, a fictitious risk included in the survey showed a closely similar response pattern. Thus, the results imply that, for unfamiliar risks, survey respondents may apply a precautionary principle in their answers, which biases responses towards the midpoint of scales. The exception to this response pattern was a question about how often individuals think or talk about an individual hazard, which generated very low levels of daily relevance for EMFs (2 out of 7). Rating scales for other environmental risks revealed that the perceived risk from carbon monoxide and water contaminants (lead, E. coli ) was greater than for microplastics, nitrous oxide and particulate matter. The pattern suggests low levels of familiarity with specific air pollutants in particular. At the end of the survey, participants completed a short quiz about EMF exposure and reported on any mitigation action they take to reduce their exposure. Despite low levels of concern about EMFs, responses to the quiz displayed a bias towards assumptions of harm. Many participants (40%) wrongly assumed telecommunication masts to be a greater source of EMF exposure than mobile phones. The majority also incorrectly reported that technology such as 5G has substantially increased RF EMF exposure in public spaces (65%), that the level of exposure in urban areas is above suggested limits (60%) and that RF EMFs can damage human cells (58%). Respondents who held misconceptions about RF EMFs were more likely to perceive higher risk and to take day-to-day action to mitigate exposure (12.7% of those with above-average scores for a misconception index compared to 7.1% of those below). However, very few people reported taking day-to-day action to reduce their exposure to telecommunication masts (1.7%). Those who did take action mostly reported limiting the use of mobile phones or altering their placement. The findings have implications for communications about environmental hazards. Public concern about RF EMFs appears (appropriately) low. There nevertheless remains a possible risk that misconceptions about health effects could be exploited. To avoid drawing unnecessary attention to a relatively benign hazard, it may be worthwhile ensuring that accurate scientific information on the effects of RF EMFs is readily accessible. The findings also point to environmental hazards that may warrant greater communication priorities, such as radon and noise pollution. The results further show the benefit of using principles from behavioural science to inform how policy-relevant concepts are measured."
exclude,2024-07-31,The role of ethnic diversity and residential segregation in shaping anti-immigrant sentiment and support for Brexit,Journal Article,James Laurence,no Ireland reference; no PDF on ESRI page (journal article or external),"ethnic minority, immigrant",,,findings,,contemporary,"Migration, Integration and Demography",10.1177/00323217241261748,https://www.esri.ie/publications/the-role-of-ethnic-diversity-and-residential-segregation-in-shaping-anti-immigrant-0,,research_area:67; keyword:migration; keyword:immigrant; keyword:immigration; keyword:ethnic; keyword:ethnicity; keyword:integration,"This article explores the relationship between ethnic structure of local areas, anti-immigrant sentiment and Brexit vote among White British in England. We focus on two indicators of ethnic structure: ethnic minority outgroup share and minority–majority segregation. Our findings suggest that local minority share plays a key role in shaping anti-immigrant sentiment and Brexit support. However, how it affects these outcomes is conditional on levels of local residential segregation. It is only residents living in high minority share areas that are residentially segregated who report higher anti-immigrant sentiment and Brexit support. In fact, living in high minority share areas that are residentially integrated appears to improve attitudes and reduce Brexit support."
review,2024-07-30,The distribution of Traveller students across education settings in Ireland,ESRI Research Bulletin,Emer Smyth; Joanne Banks,"PDF: 2 pages, 4 Ireland mentions",migrant,4,2,"census, cohort, data, evidence, findings, growing up in ireland, survey",Ireland (State),contemporary,Education; Social Inclusion and Equality,10.1108/S1479-363620240000023017,https://www.esri.ie/publications/the-distribution-of-traveller-students-across-education-settings-in-ireland,https://www.esri.ie/system/files/publications/RB202416.pdf,keyword:migrant; keyword:nationality,"This Bulletin summaries the findings from: Smyth, E., & Banks, J. (2024). The Representation of Traveller Students Across Different School Contexts in Ireland. In R. Rose & M. Shevlin (Eds.), Including Voices (Vol. 23, pp. 217-229). Emerald Publishing Limited. Available at: https://doi.org/10.1108/S1479-363620240000023017 Introduction Education policy on Traveller students has changed over time, with a shift away from specific supports towards provision within mainstream education. To date, however, there has been a lack of information on the distribution of Traveller students across different types of schools and educational settings. This paper examines whether Traveller students are, in fact, equally distributed across different types of education setting, and the implications for targeted support for this group. Data and methods This paper uses data from the Growing Up in Ireland (GUI) principal survey and survey data from providers of alternative education (The National Youthreach Programme). The paper uses data from GUI Cohort ’08, wave 5 to look at primary school patterns and Cohort ’98 data, wave 2 to look at second-level patterns. For alternative education, data are used from a national survey of Youthreach Centre coordinators and Community Training Centre managers conducted in late 2017 (see Smyth et al., 2018). Both school principals and Youthreach coordinators were asked about the total number of learners and the number of learners from Traveller backgrounds. Results Traveller students are overrepresented in certain schools, reflecting significant geographical variation in the distribution of the Traveller population as well as the interaction of parental choice and school admissions criteria. Overall, 65 per cent of Traveller students would have to change primary school to have an equal representation across schools (using an index of dissimilarity, a measure of segregation); the figure for second-level is 57 per cent. In particular, there is a much higher representation of Traveller students in schools designated disadvantaged (DEIS), schools that are more likely to have greater numbers of disadvantaged students, those with disabilities and those from migrant backgrounds. At primary level, Urban Band 1 DEIS schools (the most disadvantaged in terms of school profile) are over eight times as likely as non-DEIS schools to have a high concentration of Traveller students. Urban Band 2 and rural DEIS schools are also more likely to have a higher representation of Traveller students than non-DEIS schools. Representation is related to school size, with concentration being greater in larger primary schools. Traveller students are less likely to attend Irish-medium schools and schools that are oversubscribed, that is, have more students apply than there are places available. The patterns are broadly similar at secondary level, with a much higher representation of Traveller students in DEIS and larger schools and a lower proportion in oversubscribed schools. Nonetheless, over half of Traveller students do not attend DEIS schools. A sizeable proportion of Traveller young people leave school before the end of lower secondary education; over two-thirds (68%) of Traveller 20-24-year-olds have not reached Leaving Certificate level compared to 11 per cent of the total population (Census 2016). Traveller young people were found to make up 15 per cent of learners in Youthreach/Community Training Centres, very much higher than their representation either in the population as a whole or in the school system. Contrary to the pattern at school level, no variation in Traveller representation is found by centre size. However, Travellers have higher representation in centres that have increased in size over the past five years. Looking at changes over time in Traveller numbers, they are more likely to have increased in larger centres (28%) compared to medium (21%) or small (15%) centres. There is strong regional variation, with a much higher representation of Travellers in Connacht than in other regions. There is less segregation between centres than is found at school level. Conclusions The analysis indicates challenges in ensuring a fully inclusive approach to Traveller education in the context of a significant degree of segregation at school level. The findings add to the evidence base on the need for targeted supports for schools and education providers with a concentration of complex need, with additional resources required to match the scale of disadvantage present in some settings. However, many Traveller and other socio-economically disadvantaged students attend more socially mixed schools, highlighting the need for targeted supports to also follow the student."
exclude,2024-07-30,Participation in shadow education and academic performance: A comparison of upper secondary school students in Ireland and Germany,Journal Article,Merike Darmody; Emer Smyth,no migration vocabulary,,,,"cohort, growing up in ireland, longitudinal, panel",Ireland (State),contemporary,Education,10.1177/00207152241266791,https://www.esri.ie/publications/participation-in-shadow-education-and-academic-performance-a-comparison-of-upper,,keyword:nationality,"This article uses two longitudinal cohort studies (Growing Up in Ireland and the National Educational Panel Study) to examine how shadow education relates to academic performance in Ireland and Germany. Patterns of take-up of, and outcomes from, shadow education are found to reflect the particular country context—aimed at maintaining performance to avoid grade retention in Germany and preparing for a high-stakes upper secondary exam in Ireland. Participation enhances academic performance but only for students with lower levels of prior achievement. However, the relationship is not much stronger than with engagement in structured out-of-school activities. Thus, shadow education appears to be one of a number of strategies used by more privileged families to secure educational advantage."
exclude,2024-07-23,Are there inequalities in exposure to PM2.5 air pollution across Ireland?,ESRI Research Bulletin,Aislinn Hoy; Gretta Mohan; Anne Nolan,no migration vocabulary,,,,"census, data, evidence, findings, statistics",Ireland (State),contemporary,Energy and Environment; Health and Quality of Life; Social Inclusion and Equality,,https://www.esri.ie/publications/are-there-inequalities-in-exposure-to-pm25-air-pollution-across-ireland,https://www.esri.ie/system/files/publications/RB202414.pdf,keyword:ethnic; keyword:ethnicity,"This Bulletin summaries the findings from: Hoy, A., Mohan, G., and Nolan, A. (2024) An investigation of inequalities in exposure to PM2.5 air pollution across small areas in Ireland . International Journal of Health Geographics. Available at: https://ij-healthgeographics.biomedcentral.com/articles/10.1186/s12942-024-00377-4 Introduction Adverse health effects of exposure to air pollution are widely acknowledged within the Irish policy context and recognised in initiatives such as Healthy Ireland and Sláintecare. However, research on whether some groups in the population are more exposed to air pollution is relatively scarce. While existing European studies suggest that socio-economically advantaged households tend to be located in areas characterised by better air quality, this relationship has not been examined at a granular level within Ireland. We aimed to fill this knowledge gap by exploring the link between air pollution, as captured by ambient particulate matter (PM2.5) concentrations, and demographic, social, and economic characteristics of small areas across Ireland. Data and methods The analysis first linked maps of average annual PM2.5 concentrations in Ireland (for 2011 and 2016) to the 2016 Irish Census small areas. From this, we created a map of average PM2.5 across small areas in Ireland in 2011 and 2016 and investigated changes in air pollution over time. This map was then linked to two sources of socioeconomic data: (i) the Pobal Haase and Pratschke (HP) Deprivation Index, which is an index of deprivation created using demographic and socioeconomic information from the 2016 Census, and (ii) individual- and household-level socioeconomic indicators from the 2016 Census, known as Small Area Population Statistics (SAPS). Using both descriptive analyses and statistical models, we examined whether individuals living in areas characterised by greater levels of deprivation experienced greater concentrations of PM2.5. The analysis was replicated for the different SAPS indicators, including educational attainment, social class, housing status, ethnic composition, and age profiles of areas. The investigations were also stratified by urban and rural classifications of small areas. Results The mapping of PM2.5 concentrations across small areas in Ireland showed an overall decline in the levels of PM2.5 between 2011 and 2016, with heavier concentrations in urban areas. Despite the observed decline, almost all small areas in Ireland in 2016 exceeded the World Health Organisation (WHO)’s PM2.5 annual guidelines. Overall, the statistical modelling did not find substantial evidence of demographic or socio-economic inequalities in PM2.5 concentrations across small areas. However, where socioeconomic indicators were examined separately for urban and rural areas, some small differentials in PM2.5 concentrations were observed. In general, those living in more disadvantaged small areas in rural Ireland had higher levels of PM2.5 air pollution than those living in more advantaged small areas in rural Ireland. Conclusions Broadly the work indicated that inequalities in PM2.5 concentrations were not observed across small areas characterised by different demographic and socio-economic profiles in Ireland. However, the study also revealed that exposure to PM2.5 varied depending on the urban and rural categorisation of small areas, and the choice of socioeconomic indicator. As such, this work highlights that the association between PM2.5 concentrations and socioeconomic characteristics is complex, and interpretation of findings depends on the choice of socioeconomic indicators and spatial scale of the analysis. These results provide policymakers with a greater understanding of links between PM2.5 concentrations, a measure of air quality in Ireland, and the composition of small spatial geographies. The Clean Air Strategy published by the Irish Government in 2023 contains a commitment to achieve the WHO’s guideline limits for PM2.5 by 2040, with interim targets at various points over the next two decades. Future work, using the 2022 Census and updated PM2.5 data and nitrogen dioxide (NO2) data, will aid in our understanding of spatial inequalities in air pollution exposure across Ireland and highlight groups in need of policy attention. Installing more monitoring stations at key points could improve the quality and spatial dimensions of the data collection, facilitating a stronger assessment of the inequality of exposures to air pollution in Ireland."
exclude,2024-07-18,ESRI Nowcast (as of 18th July 2024),Indices Report,Paul Egan; Janez Kren,not a research publication (Indices Report),,,,,,,Macroeconomics,,https://www.esri.ie/publications/esri-nowcast-as-of-18th-july-2024,https://www.esri.ie/system/files/publications/IR20.pdf,keyword:nationality; keyword:work permit,"As of July 18th, the ESRI's 2024Q2 nowcast estimates that MDD is growing at 3.0% year-on-year. This remains unchanged from last month’s estimate.This is the second nowcast of 2024Q2 and is based on data from April and May. Decomposing the key drivers of this month’s nowcast estimate show that robust tax revenues and strong growth in house prices (both of which are included in the ‘other’ component of the decomposition below) relative to May 2023 contributed most significantly to the estimated growth. Weaker consumption data compared to May 2023 had a negative impact on the estimate. Note: The historic MDD data and model fit have been updated since last month’s estimates based on the CSO’s Final National Accounts released on July 12th."
exclude,2024-07-16,Long-term exposure to air pollution and mental health,ESRI Research Bulletin,Seán Lyons; Anne Nolan; Philip Carthy; Míde Griffin; Brian O'Connell,non-human sense of migration (database),,,,"cohort, data, evidence, findings, longitudinal, respondent, respondents, sample",Ireland (State),contemporary,Health and Quality of Life; Energy and Environment,10.1186/s12940-024-01093-z,https://www.esri.ie/publications/long-term-exposure-to-air-pollution-and-mental-health,https://www.esri.ie/system/files/publications/RB202413_0.pdf,keyword:nationality,"This Bulletin summarises the findings from Lyons, S, Nolan A., Carthy, P., Griffin, M., O’Connell, B., 2024, Long-term exposure to PM2.5 air pollution and mental health: a retrospective cohort study in Ireland, BMC Environmental Health. Available at: https://doi.org/10.1186/s12940-024-01093-z . Introduction Globally, mental illness is the leading cause of years lived with a disability. There is now increasing evidence that mental health and wellbeing may be associated with environmental conditions, including poor air quality. One of the most damaging forms of air pollution is fine particulate matter (PM2.5), which in Ireland is caused by the burning of solid fuels (coal, peat and wood) for heating. While levels of PM2.5 in Ireland are low by international standards, levels in many cities and towns are still above World Health Organization (WHO) air quality guidelines. PM2.5 can penetrate the lungs, causing chronic lung disease and cancer, but there is also emerging evidence that these particles may enter the bloodstream, leading to other health conditions. The ways in which air pollution may affect mental health include inflammation, chronic stress exposure, and adverse effects on cognition and brain function. While much previous research has examined how short-term exposure to air pollution (less than six months) affects health, less is known about how long-term exposure to poor air quality affects mental health and wellbeing. In this study, we linked data on local levels of ambient (outdoor) PM2.5 over a 17-year period to survey data that measured individuals’ mental health and wellbeing, allowing us to test for an association. Data and Methods Data on individuals’ mental health and wellbeing were sourced from the Irish Longitudinal Study on Ageing (TILDA), a nationally representative study of people aged 50 and over in Ireland. Five measures of mental health and wellbeing were available: depression, anxiety, worry, stress and overall quality of life. Data on annual average PM2.5 levels for each of the years from 1998 to 2014 were sourced from a global database of PM2.5 levels at 1km-grid resolution. Because respondents in the TILDA survey supplied their current and previous residential addresses, the research team could match annual average PM2.5 data to each respondent and calculate a long-term (17-year) average of PM2.5 levels in their locality. Statistical methods were then used to examine whether this long-term PM2.5 average was associated with the five measures of mental health and wellbeing, taking account of other characteristics that may also be associated with mental health and wellbeing, such as age, sex and various measures of socioeconomic status. Results Over the 17-year period 1998-2014, the average annual PM2.5 level for TILDA respondents was 7.7 μg/m3 (range 5-12), with over half the sample experiencing levels between 5 and 7 μg/m3. To put these levels in context, the WHO air quality guideline level for annual PM2.5 exposure is 5 μg/m3, and EU countries such as Poland and Bulgaria had annual average levels greater than 25 μg/m3 in 2014. The statistical modelling showed that higher annual average PM2.5 levels were significantly associated with higher depression and anxiety. The effect sizes were large, and comparable with effect sizes for other factors linked to depression and anxiety, such as sex. We found no evidence of associations between long-term PM2.5 air pollution and other indicators of mental health and well-being: stress, worry and quality of life. Understanding why long-term PM2.5 concentrations were associated with depression and anxiety, but not other indicators of mental health and wellbeing, is challenging and worthy of further research. It is possible that different dimensions of mental health may be influenced by the length of exposure, the specific type of pollutant and/or omitted confounding variables. Conclusions The study results add to the body of evidence that suggests that the health-damaging effects of air pollution can operate at low levels of exposure. In Ireland, the recent Clean Air Strategy commits to the achievement of the WHO air quality guidelines by 2040. Hitting this target will require substantial measures to decarbonise home heating, alongside measures to reduce pollution from industry, transport and agriculture."
exclude,2024-07-12,Agriculture and water quality in Ireland: new ideas for policy,ESRI Research Bulletin,Wellington Osawe; John Curtis; Cathal O'Donoghue,no migration vocabulary,,,,"findings, participants",Ireland (State),contemporary,Energy and Environment,10.1353/bae.2024.a930314,https://www.esri.ie/publications/agriculture-and-water-quality-in-ireland-new-ideas-for-policy-0,https://www.esri.ie/system/files/publications/RB202412.pdf,keyword:nationality; keyword:direct provision,"This Bulletin summaries the findings from: Osawe, O.W., Curtis, J., & O'Donoghue, C. (2024). Agriculture and Water Quality in Ireland: New Ideas for Policy. Biology and Environment: Proceedings of the Royal Irish Academy 124(1), 1-15. Available at: https://doi.org/10.1353/bae.2024.a930314 . Introduction Agricultural production is a major pressure on water quality. Since the 1990s, many policies and programmes have been designed to mitigate this risk, including programmes such as the Rural Environment Protection Scheme (REPS); the Agri-Environment Options Scheme (AEOS); the Green, Low-Carbon Agri-Environment Scheme (GLAS); Agricultural Sustainability Support and Advisory Programme (ASSAP); and the Agri-Climate Rural Environment Scheme (ACRES). While these schemes have contributed to environmental protection, water quality problems persist. As a general assessment, policy measures have been unsuccessful in returning most water bodies to ‘good’ status, as defined under the EU Water Framework Directive. The Environmental Protection Agency (EPA) has been clear on the sources of water pollution - increasing nitrogen and phosphorus loads in water bodies emanating from agriculture and urban wastewater plants, in particular. The focus of this research is the agricultural sector because it is the most challenging sector in relation to pressures on water quality. We advocate for a new framework for mitigating the risk to water quality resulting from agricultural production, essentially moving the focus from mitigation actions at the farm level to water quality targets at the catchment level. If we are to see significant improvements in water pollution from agriculture, an immense evolution in policy is necessary. Methods Based on a literature review, and in the context of agri-environment schemes aiming to protect and improve water quality, the research outlines a framework comprising 5 key attributes that should be inherent to future agri-environment schemes. Results-based incentives Payments for agri-environment services delivered by farmers should be results-based. Such an approach aligns farmers’ incentives with scheme objectives. Historically, many schemes have compensated farmers for the provision of inputs (e.g., tree planting, etc.) rather than for environmental improvements (e.g., water quality). Area-based payments Good environmental outcomes need to be delivered at scale, which means that good agricultural practice needs to occur across farms and catchments to enable a step-change in environmental outcomes. Consequentially, financial incentives should be implemented on a per-hectare basis (where relevant) to encourage participation Catchment-based Environmental outcomes within water catchments depend on all activities occurring within the catchment, not just single farms. Therefore, agri-environment scheme outcomes should be assessed at the catchment level in the case of water quality and not on a farm-by-farm basis. This approach will ensure that environmental monitoring, outcomes, and agri-environment schemes align. Simplicity Rule books for agri-environment schemes are long and complex. A results-based scheme should facilitate a simpler rule book and less administration. If payment is ultimately based on environmental outcomes, generally, how the outcomes are achieved is not that pertinent, assuming no other adverse environmental externalities. Flexibility Historically, rule books for agri-environmental schemes were fixed and did not allow much flexibility. Schemes should be as adaptable as possible to changing conditions and knowledge such that they continue to incentivise participants to achieve the best environmental outcomes. Proposal Based on the framework above, the paper outlines a proposal for future agri-environment schemes to achieve good water quality status, the core elements of which are briefly described. The proposal envisages payments to farmers within a catchment proportional to water quality outcomes within the catchment. To facilitate this, environmental monitoring should be expanded to produce assessment reports for each catchment on an annual basis so that scheme payments reflect the most recent performance and facilitate flexibility in farming practices. With a scheme that focuses on whole-of-catchment and payments based on catchment water quality, all agricultural land within a catchment should be covered by the scheme. All farmers within a catchment would share the results-based payment. Rather than national limits, all catchments should have bespoke nitrates (and phosphates) limits based on catchment assimilative capacity, i.e., catchment nitrates quotas. Trading quotas between farmers within catchments would facilitate the development of the most efficient or intensive farms without impinging on water quality. The proposed scheme ultimately envisages payments to farmers within a catchment, proportional to water quality outcomes. As there will be a time lag before improvements in water quality are observable, payment could comprise three elements in a transition phase. One element of the payment would be for water quality outcomes, a second element would cover costs related to modifying farming practices to transition to a lower nitrates operation, and a final element would encompass the more traditional input-based payment (e.g., tree planting, field margins, etc.). Conclusion In some respects, the framework for agri-environment schemes proposed here is an incremental evolution of previous schemes, but in other respects, it represents a radical departure, moving away from a largely inputs-focused farm-holding level scheme to one with a focus on catchment-level outcomes. Water Framework Directive governance operates at catchment and river basin levels. Water quality pressures from the agriculture sector should be managed on a similar basis."
exclude,2024-07-11,Higher education retention in Ireland and Scotland: the role of admissions policies,Journal Article,Cristina Iannelli; Emer Smyth,no migration vocabulary,,,,"administrative, data, findings, records, regression",Ireland (State),contemporary,Education,10.1007/s10734-024-01259-1,https://www.esri.ie/publications/higher-education-retention-in-ireland-and-scotland-the-role-of-admissions-policies,,keyword:naturalisation; keyword:nationality; keyword:third country,"This article provides new insights into the role played by higher education (HE) selection policies in influencing student retention by exploring drop-out patterns in Ireland and Scotland. The Irish and Scottish HE systems differ in relation to the emphasis placed on grades and subjects studied at school and to the degree of autonomy enjoyed by HE institutions in the student admissions process. We investigate whether these system differences matter for student retention using administrative data from national student records and logistic regression modelling. The findings show that in Ireland, HE students have higher chances of dropping out than in Scotland and there are inequalities in these chances among students from different social backgrounds. Moreover, the association between subject matching (but also school grades) and the chances of dropping-out is stronger in Ireland than in Scotland. We conclude that the tighter student selection criteria in Scotland improve retention and reduce social inequalities in drop-out rates. Moreover, admission criteria are found to be important not only to explain between-country differences in drop-out rates but also within-country differences among different HE institutions."
exclude,2024-07-11,Ireland's Women in Finance Charter: Annual Report 2024,ESRI Survey and Statistical Report Series,Garance Hingre; Helen Russell,no migration vocabulary,,,,,Ireland (State),contemporary,Social Inclusion and Equality,10.26504/sustat125,https://www.esri.ie/publications/irelands-women-in-finance-charter-annual-report-2024,https://www.esri.ie/system/files/publications/SUSTAT125_0.pdf,keyword:employment permit; keyword:work permit,"Ireland’s Women in Finance Charter is an initiative to address gender imbalances in the sector, by supporting firms’ initiatives to improve their female representation. Created in 2022, the Charter now counts 81 signatories. Together these firms employ over 63,428 workers, representing just over half of employees in the sector. Therefore, the changes undertaken by the signatory firms have the potential to significantly influence the opportunities available to women working in the Irish financial sector. This is the second annual Ireland’s Women in Finance Charter report. It outlines the progress made by the 81 signatories and their employees."
exclude,2024-07-10,Health impacts of climate change and mitigation policies in Ireland,ESRI Research Series,Katie Duffy; Kelly C de Bruin; Loïc Henry; Clement Kweku Kyei; Anne Nolan; Brendan Walsh,no migration vocabulary,,,,"data, estimated, evidence",Ireland (State),contemporary,Climate; Energy and Environment; Health and Quality of Life,10.26504/rs188,https://www.esri.ie/publications/health-impacts-of-climate-change-and-mitigation-policies-in-ireland,https://www.esri.ie/system/files/publications/RS188.pdf,keyword:work permit; keyword:direct provision,"Recognition of the need to limit climate change has led countries to sign up to concerted efforts to decrease greenhouse gas (GHG) emissions. These efforts culminated in the ratification of the Paris Agreement by Ireland and 196 other countries in 2015. This agreement, and the subsequent Climate Action and Low Carbon Development Act of 2021, commit Ireland to a GHG emissions reduction goal of at least 55 per cent compared to 1990 levels by 2030 and net-zero emissions by 2050. These commitments to reduce GHG emissions through various Climate Action Plans will have considerable economic and societal ramifications, including on population health. For EU countries, the health implications of climate change are estimated to be extensive, while climate change may impede the sustainability of healthcare service provision. The changing climate, predicted to intensify, can exacerbate health impacts, especially in vulnerable demographic groups such as children, older people, and individuals with chronic diseases. However, in addition to the direct benefits for health from emission reductions (e.g., from fewer extreme weather events), emission reduction policies may also have co-benefits for health, e.g., the shift to more bicycle-based commuting through increased cycle lanes or the switch to lower meat consumption can help reduce emissions and improve health outcomes. Despite the growing evidence on the link between increasing temperatures, and likely emission reduction target policies, on health, little evidence exists on the health effects of climate change and associated mitigation actions in an Irish context. The aim of this report is to contribute to the understanding of the link between climate change and health by examining the impact of temperature changes on health and healthcare utilisation in Ireland. While there are multiple dimensions of climate change that may affect health (e.g., increasing temperature, increased precipitation, wildfires, etc.), temperature change is considered one of the principal health threats facing Ireland with respect to climate change. First the report undertakes an in-depth review of the literature on the link between temperature change and health, focusing on evidence from other regions with moderate climates that are similar to Ireland. It also provides an overview of the literature that has assessed the health benefits and co-benefits of climate change mitigation action. Second, the report utilises Met Éireann temperature data to develop Irish climate projections based on simulations performed by the Irish Centre for High-End Computing (ICHEC). Next, the research examines the impact of increases in temperature on use of emergency in-patient hospital care in Ireland. Finally, the report also outlines some of the potential health benefits and co-benefits of climate change mitigation actions, in Ireland."
exclude,2024-07-08,Assessing expectations of European house prices,ESRI Working Paper,Akhilesh Kumar Verma; Kieran McQuinn,non-human sense of migration (database); no Ireland reference,,,,sample,,contemporary,Housing; Macroeconomics,,https://www.esri.ie/publications/assessing-expectations-of-european-house-prices,https://www.esri.ie/system/files/publications/WP783.pdf,keyword:naturalisation,"Using a new database of consumers expectations, this paper examines the nature of house price forecasts across a select sample of European Union (EU) member states for the period 2020 to 2024. Across many EU countries, post Covid-19, house price increases have been apparent. Therefore, understanding the dynamics of house price movements is especially important at this time. In particular, we examine the rationality or otherwise of consumers house price expectations and then examine the relationship between the expectations and those forecasts of key fundamental determinants of house prices such as interest rates and income levels. In this way we distinguish our work from most other studies of house price forecasts which have not examined links between house price forecasts themselves and forecasts of the variables typically assumed to be determining prices. This is particularly relevant as often times house price expectations themselves are influenced by changes in market fundamentals."
review,2024-07-06,An investigation of inequalities in exposure to PM2.5 air pollution across small areas in Ireland,Journal Article,Aislinn Hoy; Gretta Mohan; Anne Nolan,only ambiguous migration terms; no PDF on ESRI page (journal article or external),ethnicity,,,"data, evidence",Ireland (State),contemporary,Energy and Environment; Health and Quality of Life,10.1186/s12942-024-00377-4,https://www.esri.ie/publications/an-investigation-of-inequalities-in-exposure-to-pm25-air-pollution-across-small-areas,,keyword:naturalisation; keyword:ethnic; keyword:ethnicity,"The link between exposure to air pollution and adverse effects on human health is well documented. Yet, in a European context, research on the spatial distribution of air pollution and the characteristics of areas is relatively scarce, and there is a need for research using different spatial scales, a wider variety of socioeconomic indicators (such as ethnicity) and new methodologies to assess these relationships. This study uses comprehensive data on a wide range of demographic and socioeconomic indicators, matched to data on PM 2.5 concentrations for small areas in Ireland, to assess the relationship between social vulnerability and PM 2.5 air pollution. Examining a wide range of socioeconomic indicators revealed some differentials in PM 2 . 5 concentration levels by measure and by rural and urban classification. However, statistical modelling using concentration curves and concentration indices did not present substantial evidence of inequalities in PM 2 . 5 concentrations across small areas. In common with other western European countries, an overall decline in the levels of PM 2 . 5 between 2011 and 2016 was observed in Ireland, though the data indicates that almost all small areas in Ireland were found to have exceeded the World Health Organization (WHO)’s PM 2 . 5 annual guideline (of 5 µg / m 3 ), calling for greater policy efforts to reduce air pollution in Ireland. The recent Clean Air Strategy contains a commitment to achieve the WHO guideline limits for PM 2 . 5 by 2040, with interim targets at various points over the next two decades. Achieving these targets will require policy measures to decarbonise home heating, promote active travel and the transition to electric vehicles, and further regulations on burning fossil fuels and enforcing environmental regulations more tightly. From a research and information-gathering perspective, installing more monitoring stations at key points could improve the quality and spatial dimension of the data collected and facilitate the assessment of the implementation of the measures in the Clean Air Strategy."
include,2024-07-04,COVID-19 infection rates and social disadvantage in Ireland: An area-level analysis,ESRI Research Series,Anne Devlin; Adele Whelan; Seamus McGuinness,"PDF: 56 pages, 112 Ireland mentions",ethnic minorities,112,56,"analysis of, census, cohort, data, dataset, estimate, estimates, estimating",NI and ROI/island,contemporary,Health and Quality of Life; Social Inclusion and Equality; Labour Markets and Skills,10.26504/rs187,https://www.esri.ie/publications/covid-19-infection-rates-and-social-disadvantage-in-ireland-an-area-level-analysis,https://www.esri.ie/system/files/publications/RS187.pdf,keyword:ethnic; keyword:ethnicity; keyword:work permit,"Existing research has shown that deprived areas were impacted to a greater extent by the COVID-19 pandemic in a multitude of ways but particularly in terms of the health impact. This research examines the health impact of the pandemic on people living in disadvantaged areas in Ireland. Health impacts are measured in terms of COVID-19 infection rates and ICU admission rates. The analysis is conducted by using area-level COVID-19 infection rate data at the Electoral Division (ED) level for Ireland and ED-level measures of deprivation based on the Pobal Haase Pratschke Relative Deprivation Index (Pobal HP Deprivation Index). Additional area-level information from the Census is also utilised. This work builds on previous work that examined the economic impact of COVID-19 on disadvantaged areas in Ireland in terms of pandemic-related unemployment. Descriptive analysis suggests that the average COVID-19 infection rate in the most deprived areas was significantly higher than the average in more affluent areas. More specifically, the average infection rate was over 50 per cent higher in the most deprived areas. The average infection rate in the most deprived areas was 5.6% compared to 3.7% in more affluent areas. The results of formal modelling show that infection rates were highest in the most deprived areas even when controlling for ethnic make-up, age structure at the area level and the presence of communal establishments. More precisely, when these area-level factors are controlled for, we find that the most deprived areas had infection rates more than a third higher than more affluent areas. Areas with higher shares of ethnic minorities as well as areas with communal establishments also had higher infection rates. Infection rates were also higher in non-deprived areas located in border counties. This latter finding in particular has significant policy ramifications given the porous border between Ireland and Northern Ireland. In terms of ICU admission, deprivation is not correlated directly with high ICU admission rates due to COVID-19; however, it appears to be having an indirect impact through other area-level characteristics. High ICU admission rates are more likely to manifest in areas with communal establishments as well as areas with higher proportions of people with underlying health conditions. Areas with higher proportions of racial/ethnic minorities were also more likely to have high ICU admission rates. These factors are highly correlated with area-level deprivation so while deprivation does not have a direct impact on ICU admission rates at the area level, it appears to be mediated through these other area-level factors, e.g. ethnicity, age and health. From a policy perspective, this research suggests that the underlying markers of deprivation which differ spatially across Ireland influence the prevalence and severity of COVID-19. Therefore, there are important lessons to be learned about health inequalities during a pandemic as well as the impact of other pre-existing inequalities which may impact the prevalence of COVID-19."
include,2024-07-02,"Population projections, the flow of new households and structural housing demand",ESRI Research Series,Adele Bergin; Paul Egan,"only ambiguous migration terms; PDF: 61 pages, 307 Ireland mentions",migration,307,61,"000 people, administrative, analysis of, census, cohort, data, estimate, estimated",NI and ROI/island,contemporary,Housing,10.26504/rs190,https://www.esri.ie/publications/population-projections-the-flow-of-new-households-and-structural-housing-demand,https://www.esri.ie/system/files/publications/RS190.pdf,keyword:migration; keyword:nationality; keyword:work permit,"This report provides estimates of structural (demographic) housing demand at a regional level. Any assessment of structural future housing demand relies on assumptions around (1) population growth, (2) headship rates (the typical household size) and (3) rates of obsolescence of the housing stock. Each of these key drivers of structural housing demand is subject to uncertainty, therefore a range of alternative assumptions for each key driver is considered and results from a range of scenarios are presented. Ireland has experienced rapid population growth in recent years, both compared to historical experience and relative to the EU. Census 2022 data reveals that the population was 5.184 million, having increased by 422 thousand or by 9 per cent since 2016. The recent data means that many previous population scenarios for Ireland have underestimated population growth over the short term. Net migration is the key driver of population change in Ireland and net migration flows have been very strong in recent years. As in the past, while all regions experienced population growth, the growth has not been evenly dispersed throughout the country. At a national level, the population grew at an annual average growth of 1.4 per cent between 2016 and 2022; the Eastern and Midlands region experienced the strongest growth of 1.6 per cent (driven especially by growth in the Mid-East). At a national level, in the baseline population scenario, the population is expected to increase by 922k between 2022 and 2040, resulting in a total population of over 6.106 million people by the end of the period. This implies significant overall population growth of 1.0 per cent on an annual average basis, which is high relative to other countries. Given the key role of international migration in shaping population growth in Ireland, a range of alternative scenarios are considered where migration is higher and lower than in the baseline scenario. While this provides a range for alternative international migration scenarios, any unanticipated major structural changes may require the projections to be revised. In the high (low) international migration scenario, the population grows by 1.2 (0.8) per cent on an annual average basis over the period and reaches 6.308 (5.904) million by 2040. By 2040, the difference in the population between the high and low international migration scenarios is just over 400k, showing how sensitive the overall population projections are to different assumptions around net international migration. At a regional level, while all regions are expected to experience population growth over the projection horizon, the Eastern and Midlands region is expected to experience relatively higher growth, concentrated in the Dublin and Mid-East regions, while the Northern and Western and Southern regions are expected to experience relatively lower population growth. Transforming population projections into the number of future households requires assumptions on headship (the typical household size). To date, headship has been parameterised in existing research using current data and scenario-based analysis. The report uses two sets of alternative sets of assumptions for headship rates, one based on current trends in the data and another based on new research evidence, where headship rates increase (or household size falls), consistent with the magnitude and pace of the fall in household size observed in other European countries. Applying these sets of headship rates to the population scenarios provides estimates of the flow of new households. The report also draws on numerous different sources and methods to generate a range of obsolescence rates for the housing stock. Two obsolescence rates are used in the projections – a lower rate of 0.25 per cent and a higher rate of 0.5 per cent. It is important to state the report presents a range of scenarios for future structural housing demand based on a set of assumptions. Across all scenarios, assumptions are driven by data and international trends, and the research evidence base. To highlight the uncertainty associated with any projection exercise and the sensitivity of projections to key assumptions, the projections in the report are presented in terms of ranges. Furthermore, factoring in prevailing pent-up household demand is beyond the scope of this research. The scenarios present the flows of household demand over time. In any year, if the demand is not met, it can accumulate in subsequent years. Based on the three demographic scenarios (baseline, high international migration and low international migration), as well as a range of assumptions on headship rates (based on current trends and a fall in household size) and obsolescence rates (0.25 per cent and 0.5 per cent), 12 main structural housing demand scenarios are considered. Taking the average over all 12 scenarios, structural housing demand is projected to be around 44,000 per annum (p.a.) from 2023–2030, and around 39,700 p.a. over the 2030–2040 period. In the baseline population scenario, estimated structural housing demand in the period 2023–2030 ranges from around 38,000 p.a. (assuming current trends in headship and a 0.25 per cent obsolescence rate) to 50,000 p.a. (assuming household size falls and a 0.5 per cent obsolescence rate). In the high (low) international migration population scenario, estimated structural housing demand for the same 2023–2030 period ranges from around 40,700 (35,000) p.a., assuming current trends in headship rates and a 0.25 per cent obsolescence rate, to 53,000 (47,000) p.a., assuming a fall in household size/increase in headship and a 0.5 per cent obsolescence rate. At the local authority level, we find that Kildare, Meath, Fingal, South Dublin, Dublin City, Galway City, Wicklow and Laois have lower levels of structural housing demand than population share. Meanwhile, Longford, Cavan, Monaghan, Kilkenny, Cork City and Carlow have structural housing demand on par with the population share, while the remainder of local authorities have higher levels of structural housing demand than the population share. However, any differences between structural housing demand relative to population share, either higher or lower, are relatively small."
exclude,2024-06-29,Examining the post-school decision-making and self-determination of disabled young adults in Ireland,Journal Article,Keyu Ye; Selina McCoy,no migration vocabulary,,,,"data, findings, growing up in ireland",Ireland (State),contemporary,Education,10.3390/disabilities4030029,https://www.esri.ie/publications/examining-the-post-school-decision-making-and-self-determination-of-disabled-young,,keyword:nationality,"Reflecting the neglect of childhood disability in transitions research, there is a notable dearth of research on the factors shaping self-determination in post-school decision-making for disabled young adults. To address this gap, we explore how early educational experiences, parental expectations, economic vulnerability, school context, and educational supports shape perceived school support in developing self-determination skills among disabled and non-disabled secondary school students in Ireland. Utilising data from the nationally representative Growing Up in Ireland study, descriptive analyses map post-school decision-making and self-determination skills development among disabled and non-disabled young adults at age 20. Multivariate analyses explore the experiences of students with different disabilities, investigating how family, school, and peer influences shape such skill development. Disparities are found between disabled and non-disabled students, as well as among disabled students in school support for this skills development, with gender, socioeconomic background, cultural capital, and early educational experiences also important in perceived support. Positive school engagement and student-teacher relationships, as well as high self-expectations, emerge as protective factors, indicating that fostering supportive environments and self-concept may enhance students’ self-determination skills. The findings underscore the importance of promoting causal agency, providing support for proxy agency, and taking action to create enriching opportunities and choices for all students."
include,2024-06-27,"Quarterly Economic Commentary, Summer 2024",ESRI Forecasting Series,Kieran McQuinn; Conor O'Toole; Lea Hauser,"only ambiguous migration terms; PDF: 78 pages, 217 Ireland mentions",migration,217,78,"administrative, analysis of, census, data, dataset, estimate, estimated, estimates",Ireland (State),contemporary,,10.26504/qec2024sum,https://www.esri.ie/publications/quarterly-economic-commentary-summer-2024,https://www.esri.ie/system/files/publications/QEC2024SUM.pdf,keyword:migration; keyword:work permit; keyword:labour migration,"The Irish Economy – Forecast Overview Headline and underlying indicators of the Irish economy both suggest the economy will grow in a robust fashion in 2024 and 2025. This is driven by a better-than-expected international outlook and robust domestic growth. We now believe MDD will grow by 2.2 per cent in 2024 and by 2.9 per cent in 2025. This is largely influenced by an expected increase in real income this year and next of approximately 3 per cent per annum. Underpinning this increase in real income is a strong expected increase in nominal income and a continued deceleration in the rate of inflation in both 2024 and 2025 of 2.3 and 1.9 per cent respectively. The unemployment rate, another key indicator of underlying growth in the economy, is now set to fall to 4.1 per cent in 2024 and to 4.0 per cent in 2025. The Commentary highlights the important role played by net inward migration in increasing the labour force in the domestic economy and, by association, the potential output of the economy. Risks to the outlook emanate from the continued tensions in the geopolitical situation which, if escalated, could have significant implications for a small open economy such as Ireland’s. Given the low rate of unemployment and the robustly growing domestic economy, the issue of capacity constraints is critical. Recent data from the Housing Commission suggest an upward revision in housing supply targets will be needed to cater for demographic demand for housing. Overall, it is evident that while housing supply is on an upward trajectory, it needs to increase at a faster pace if it is to meet the underlying demand for housing in the Irish economy. In addition to housing supply, critical infrastructure around the carbon transition will also draw on resources, putting pressure on labour in the construction sector in particular."
exclude,2024-06-25,The distributional impact of carbon pricing and energy related taxation in Ireland,Budget Perspectives,Cathal O'Donoghue,non-human sense of migration (database),,,,revenue,Ireland (State),contemporary,"Climate; Taxation, Welfare and Pensions",10.26504/BP202503,https://www.esri.ie/publications/the-distributional-impact-of-carbon-pricing-and-energy-related-taxation-in-ireland,https://www.esri.ie/system/files/publications/BP202503.pdf,keyword:naturalisation; keyword:work permit,"In this paper we evaluate the distributional impact of carbon pricing in Ireland via a number of different measures, Excise Duties, Carbon Taxes and the EU Emissions Trading Scheme, utilising information contained in the OECD Effective Carbon Rate (ECR) database together with the PRICES model. Essential household energy consumption constitutes a significant portion of spending, particularly for lower-income households, indicating regressive expenditure patterns across income brackets. The immediate impact of carbon pricing on household budgets varies based on their reliance on various fuels for heating and transportation (direct impact), as well as the emissions associated with other goods and services (indirect impact). Carbon footprints vary widely among households, with higher-income ones generally emitting less than lower-income ones as a percentage of their income. Although carbon footprints primarily dictate the burdens of carbon pricing, other factors such as the uneven application of carbon pricing policies and disparities in emissions between industries and fuel types also influence the equation. Despite the necessity for substantial carbon price hikes to meet climate targets, the effects on household budgets during the 2012-2021 period were relatively modest. Carbon pricing reforms typically exhibited regressive trends, disproportionately affecting lower-income households relative to their earnings. We modelled also a number of different reforms utilising the revenue generated by the additional carbon revenues. The net impact in terms of winners and losers depended very significantly upon the both the nature of the expenditure and upon the share of revenue used."
exclude,2024-06-25,A behaviourally-informed app can encourage switching of financial products,ESRI Working Paper,Deirdre Robertson; Olga Poluektova; Ciarán Lavin; Shane Timmons; Pete Lunn,no migration vocabulary,,,,"administrative, participants, sample, survey",Ireland (State),contemporary,Behavioural Science,,https://www.esri.ie/publications/a-behaviourally-informed-app-can-encourage-switching-of-financial-products,https://www.esri.ie/system/files/publications/WP782.pdf,keyword:nationality,"Customers who have financial products (e.g., bank accounts, loans, credit cards and mortgages) are unlikely to change to another provider or change the terms of the product within the same provider (i.e., to “switch”). Significant monetary gains can be made by switching, but switching rates tend to hover at only around 2-5% per year. Some of the reasons why consumers do not switch can be summarised as insensitivity to differences in seemingly small bank charges and interest rates, administrative burdens, and lack of previous experience that can be helpful in good habit adoption. Some work has shown that behavioural interventions can increase switching rates, but not by a large amount. Many of the behavioural interventions tested have either been informational, informing consumers that switching is an option, or changes to the choice architecture. However, diagnostic work on what predicts consumer switching behaviour suggests that past shopping around behaviour is the strongest predictor of switching. Interventions that target increased sensitivity to interest rate differences and build experience of some of the behaviours that are precedents to switching may be more effective. This paper reports the results of a randomised controlled field trial to test a behaviourally informed app designed to encourage switching. The app was designed following a nationally representative diagnostic survey of switching behaviours and two pilot trials. It was then tested in a sample of 1,239 consumers over 5 months. The app doubled the number of financial products being switched over the trial period. It also substantially increased the number of participants visiting comparison websites. The app did not increase comprehension, confidence or self-reported knowledge suggesting that it did not act purely as an informational intervention but may instead have acted as a type of behavioural rehearsal. Even if improved, any app will not dramatically increase switching rates. The overall numbers of switchers were still low, with only 2% of products being switched in the intervention. Yet the relative effect of the app on behaviour is far larger than previous nudge-style interventions to encourage switching. It was also carried out over a relatively short period of time. The effect of the app on visits to comparison websites may have future benefits as shopping around predicts future switching. In sum, the behaviourally informed app tested in this trial successfully increased real switching behaviour in a large sample of consumers in Ireland."
exclude,2024-06-20,Household size in Ireland: Stylised facts and cross country trends,QEC Special Article,Conor O'Toole; Rachel Slaymaker,no migration vocabulary,,,,"data, eu-silc, regression, survey, we find",Ireland (State),contemporary,Housing,10.26504/QEC2024SUM_SA_OToole,https://www.esri.ie/publications/household-size-in-ireland-stylised-facts-and-cross-country-trends,https://www.esri.ie/system/files/publications/QEC2024SUM_SA_OToole.pdf,keyword:naturalisation; keyword:work permit,"Publication dates: In press version: 1 May 2024; Version of record: 20 June 2024 ABSTRACT This paper uses cross-country data to explore the trends in household size in Ireland and to place these trends in a European context. Using cross country data from the EU-SILC survey, the research presents a range of stylised facts regarding how Ireland differs from other countries and attempts to explore what might explain the variation. We find that Ireland has a high average household size on a cross-country basis. However, this appears to be strongly influenced by demographics, with high fertility rate, younger population and thus high share of households with children important factors in explaining the cross country trends. Indeed, a majority of the differences between Ireland and other countries disappear in a regression setting when socio-demographic and basic economic factors are controlled for. In terms of the change over time in household size, we find little association with time-varying economic factors but, again, a strong effect of aging and the proportion of households with children. We do find a negative relationship with housing supply; any change in household size would be, to a degree, affected by availability of housing. In terms of the long run trend in Irish household size, the level is likely to change in line with population aging i.e. demographic factors are likely to be the most important driver going forward, subject to availability. Projections for future household numbers or housing demand would likely benefit from the deployment of age specific household size trends which allow natural population dynamics to influence household size."
exclude,2024-06-20,ESRI Nowcast (as of 20th June 2024),Indices Report,Paul Egan; Janez Kren,not a research publication (Indices Report),,,,,,,,,https://www.esri.ie/publications/esri-nowcast-as-of-20th-june-2024,https://www.esri.ie/system/files/publications/IR19.pdf,keyword:work permit,"As of June 20th, the ESRI's 2024Q2 nowcast estimates that MDD is growing at 3.0% year-on-year. This is the first nowcast of 2024Q2 and is based on data from April only. Decomposing the key drivers of this month’s nowcast estimate show that strong growth in certain sectors of industrial production (output) relative to April 2023 contributed significantly to the estimated growth as did the growth in house prices, which is included in the 'other' component of the decomposition. Weaker consumption data as well as lower business sentiment compared to April 2023 had a negative impact on the estimate."
exclude,2024-06-18,A cross country perspective on Irish enterprise investment: Do fundamentals or constraints matter?,Journal Article,Eoin Kenny; Conor O'Toole,no migration vocabulary,,,,"data, estimate, survey, surveys, we find",Ireland (State),contemporary,Macroeconomics,,https://www.esri.ie/publications/a-cross-country-perspective-on-irish-enterprise-investment-do-fundamentals-or-0,,keyword:foreign,"Numerous research papers have used Irish-only data to test for the presence of an investment gap for small- and medium-sized enterprises (SMEs). In this paper, we use cross-country firm-level survey data from the World Bank Enterprise Surveys to explore the investment patterns of Irish enterprises in a cross-country context and test whether an investment gap is present when compared to other countries. We use an accelerator model of investment which links capital expenditure to firm output growth and test the sensitivity of investment to this key fundamental for Ireland and other countries. We then estimate whether Irish firms face an investment gap relative to their European peers. We test whether any differences in cross-country patterns are driven by variation in financial factors (such as credit access or indebtedness) or firm quality (managerial experience, website usage, operating profitability). We find that Ireland’s investment in fixed tangible assets is relatively well explained by these factors whereas a clear underinvestment in research and development expenditure emerges. Factors associated with investment in research and development include the degree of foreign technology usage, digitalisation and internationalisation."
exclude,2024-06-12,Increasing Pay Related Social Insurance to fund the State Pension: Incidence and effectiveness,Budget Perspectives,Karina Doorley; Dora Tuda,no migration vocabulary,,,,"estimate, estimated, revenue",Ireland (State),contemporary,"Taxation, Welfare and Pensions",10.26504/BP202501,https://www.esri.ie/publications/increasing-pay-related-social-insurance-to-fund-the-state-pension-incidence-and,https://www.esri.ie/system/files/publications/BP202501_0.pdf,keyword:naturalisation; keyword:work permit,"Demographic change is putting pressure on the sustainability of State Pension systems in many developed countries. In Ireland, there have been recent calls to reform the system of contributions and/or increase the State Pension age in order to avoid significant shortfalls in the Social Insurance Fund (SIF), out of which the State Pension is paid. The Government of Ireland has committed to retaining the State Pension age at 66. In order to achieve this and maintain the viability of the SIF, it has also committed to increasing social security contributions through the Roadmap of Increases to Pay Related Social Insurance (PRSI), which will occur between 2024 and 2028. Using SWITCH, the ESRI’s microsimulation model for Ireland, this paper assesses the consequences of these planned reforms, focussing on the amount of revenue they will raise, on the distribution of income and on financial incentives to work. Our analysis shows that the reforms proposed by the Roadmap will result in revenue gains of €1.6 billion per annum by 2028. The reforms are progressive in nature, affecting high income households by more than low-income households. They affect men by slightly more than women due to their higher labour market participation. Across age-cohorts, the incomes of those aged 25-54 are estimated decrease the most. We estimate that the reforms will increase poverty rates slightly, particularly the child poverty rate. The proposed reforms slightly decrease the financial incentive to work, particularly for those in low-income households. We argue that further reform will be needed beyond 2028 to ensure the continued viability of the SIF, and suggest that policymakers may wish to consider some of the more structural reforms to PRSI and the SIF proposed by the Commission on Taxation and Welfare, the Commission on Pensions and the Irish Fiscal Advisory Council."
exclude,2024-06-12,State Contributory Pension reform: Winners and losers. Evidence from the Irish Longitudinal Study of Ageing,Budget Perspectives,Theano Kakoulidou; Claire Keane; Simona Sándorová,no migration vocabulary,,,,"evidence, longitudinal, we find",Ireland (State),contemporary,"Taxation, Welfare and Pensions",10.26504/BP202502,https://www.esri.ie/publications/state-contributory-pension-reform-winners-and-losers-evidence-from-the-irish,https://www.esri.ie/system/files/publications/BP202502_1.pdf,keyword:work permit,"The Yearly Average Method used in calculating State Contributory Pension entitlements has been criticised for creating anomalies, particularly for women. It has been announced that from 2034 onwards, entitlements will be based fully on the new Total Contributions Approach. This paper examines the impact of this move, examining who will gain or lose from this change. Overall, we find little change in the average weekly pension rate with a slight fall for men and no change for women. These average changes mask gains and losses for some; around 14 per cent of women and 12 per cent of men will face a loss under the Total Contributions Approach while 5 per cent of men and 30 per cent of women will see a gain. More women will qualify for the maximum pension rate under the Total Contributions Approach due to the removal of anomalies associated with the Yearly Average Method. On average, losses are very small, less than 1 per cent of pension income, but will be largest at the bottom end of the income distribution."
include,2024-06-10,Access to autonomous housing for beneficiaries of International Protection in Ireland,ESRI Research Series,Keire Murphy; Amy Stapleton,"PDF: 108 pages, 262 Ireland mentions","beneficiaries of temporary protection, family reunification, international protection, ipas, refugees, third-country nationals",262,108,"000 people, 1 people, 185 people, 250 people, 5 people, 631 people, 733 people, 86 people",Ireland (State),contemporary,"Migration, Integration and Demography; Housing",10.26504/rs184,https://www.esri.ie/publications/access-to-autonomous-housing-for-beneficiaries-of-international-protection-in-ireland,https://www.esri.ie/system/files/publications/RS184_0.pdf,research_area:67; keyword:migration; keyword:asylum; keyword:international protection; keyword:refugee; keyword:Ukraine; keyword:nationality; keyword:integration; keyword:third country; keyword:employment permit; keyword:work permit; keyword:discrimination; keyword:temporary protection; keyword:family reunification,"Housing plays a key role in the integration of beneficiaries of international protection (BIPs). However, past research has shown that BIPs often face significant barriers in accessing housing. Many countries provide supports to access autonomous housing as a result of this. These barriers pose a challenge for BIPs, who can find themselves with limited options to exit institutional or homeless accommodation, as well as for reception systems, which require outflow to accommodate new applicants. Understanding the challenges, barriers, and good practices is therefore a crucial element of the governance of accommodation of international protection applicants (IPA) in Ireland, as well as the integration of BIPs. However, there is limited recent research on the policies and supports in place for this group, their outcomes, and the challenges and barriers faced. This report considers the situation of those who arrived in Ireland, applied for international protection, and were granted this status. Applicants for international protection, beneficiaries of temporary protection (BOTP) fleeing the conflict in Ukraine, resettled refugees, and other third-country nationals residing in Ireland are outside of the scope of this study. The report is based on desk research, interviews, and stakeholder consultation. The research found that BIPs face significant challenges and barriers in trying to access autonomous housing, and that these have resulted in over 6,000 people with status remaining in International Protection Accommodation Services (IPAS) accommodation as of January 2024. One of its key findings is that some major challenges are actually mainstream issues not specific to this group. Examples include severe shortages in the supply of social housing and affordable rental housing, inadequacies in supports such as the Housing Assistance Payment (HAP), a lack of resources and high staff turnover among frontline workers in public services, and a lack of coordination or communication between different agencies or departments. Alongside these mainstream issues, and reflecting recent European comparative research (EMN, 2024), this study also found that BIPs experience additional challenges and barriers. In Ireland, these include language barriers and a lack of knowledge or information about the system, psychological issues arising from their background and the international protection system, and discrimination in the housing market. In addition, this study shows that many challenges in the Irish context arose from existing policies concerning this group, such as isolated reception centres, which impact on employment outcomes, mental health, access to services, and social connections. Insufficient resources for transition services, the recent IPAS policy of issuing transfers to different centres, and a lack of monitoring of the housing outcomes of BIPs once they leave IPAS accommodation also emerged as challenges. Other difficulties reported include a lack of knowledge or clarity within local authorities about the rights and entitlements of this group, as well as a lack of planning for families arriving through the process of family reunification."
exclude,2024-06-10,Long-term exposure to PM2.5 air pollution and mental health: a retrospective cohort study in Ireland,Journal Article,Seán Lyons; Anne Nolan; Philip Carthy; Míde Griffin; Brian O'Connell,no migration vocabulary,,,,"cohort, data, estimated, evidence, longitudinal, respondents, survey, we find",Ireland (State),contemporary,Energy and Environment; Health and Quality of Life,10.1186/s12940-024-01093-z,https://www.esri.ie/publications/long-term-exposure-to-pm25-air-pollution-and-mental-health-a-retrospective-cohort,,keyword:nationality,"Background Mental illness is the leading cause of years lived with disability, and the global disease burden of mental ill-health has increased substantially in the last number of decades. There is now increasing evidence that environmental conditions, and in particular poor air quality, may be associated with mental health and wellbeing. Methods This cross-sectional analysis uses data on mental health and wellbeing from The Irish Longitudinal Study on Ageing (TILDA), a nationally representative survey of the population aged 50+ in Ireland. Annual average PM2.5 concentrations at respondents’ residential addresses over the period 1998–2014 are used to measure long-term exposure to ambient PM2.5. Results We find evidence of associations between long-term exposure to ambient PM2.5 and depression and anxiety. The measured associations are strong, and are comparable with effect sizes for variables such as sex. Effects are also evident at relatively low concentrations by international standards. However, we find no evidence of associations between long-term ambient particulate pollution and other indicators of mental health and well-being such as stress, worry and quality of life. Conclusions The measured associations are strong, particularly considering the relatively low PM2.5 concentrations prevailing in Ireland compared to many other countries. While it is estimated that over 90 per cent of the world’s population lives in areas with annual mean PM2.5 concentrations greater than 10 μg/m3, these results contribute to the increasing evidence that suggests that harmful effects can be detected at even low levels of air pollution."
exclude,2024-06-10,Long-term care system profile: Ireland,Paper,Brendan Walsh; Sheelah Connolly,no migration vocabulary,,,,,Ireland (State),contemporary,Health and Quality of Life,,https://www.esri.ie/publications/long-term-care-system-profile-ireland,https://www.esri.ie/system/files/publications/OPEA231.pdf,keyword:integration,"The Long-Term Care (LTC) system in Ireland relies heavily on unpaid family care and shares many similarities with systems in Southern Europe [1]. The formal care sector is a mixture of public and private provision and financing, with the majority of care funded by the State but privately provided. The most dominant feature of this system is the Nursing Home Support Scheme (NHSS, commonly called the ‘Fair Deal’ scheme), which provides, on a statutory basis, financial support for those who need residential care [2]. There is currently no statutory entitlement for home-based or community-based care. However, a more sophisticated system of integrated home- and community-based care is currently under development based on plans outlined in Sláintecare – an ambitious framework for reforming the Irish health and social care system to ensure that access to services is based on need rather than ability to pay [3,4]. Funding for LTC has increased significantly in recent years and in 2023, approximately €2.5 billion was spent by the State on LTC, representing over 10% of the total public health and social care budget [5]. Slow progress on developing unique health identifiers and health information systems, a shortage of care workers, and the lack of a single assessment tool to assess care needs are key impediments to the development of a LTC system that can meet the varied needs of the population. Demographically, Ireland is also experiencing a period of strong population growth, especially at older ages [6]. Ireland now has among the highest life expectancy in the world [7]. These demographic factors are driving the need for a sustainable LTC system to meet the needs of this growing and ageing population."
review,2024-06-07,The representation of Traveller students across different school contexts in Ireland,Book/Report Chapter,Emer Smyth; Joanne Banks,only ambiguous migration terms; no PDF on ESRI page (journal article or external),discrimination,,,"data, findings, growing up in ireland, survey",Ireland (State),contemporary,Social Inclusion and Equality,10.1108/S1479-363620240000023017,https://www.esri.ie/publications/the-representation-of-traveller-students-across-different-school-contexts-in-ireland,,keyword:nationality; keyword:discrimination,"Research on Traveller education in Ireland is limited. Internationally, studies on the education of the Traveller, Roma or Gypsy community tend to focus on educational participation and exclusion, discrimination, identity and belonging with little focus on the representation of Traveller student across different types of schools and educational settings. This chapter examines the distribution of Traveller students across mainstream and alternative education settings in Ireland, and how this distribution varies across different types of schools and centres. Using data from the Growing Up in Ireland principal survey and survey data from Irish alternative education providers (The National Youthreach Programme), it explores the concentration of Travellers in mainstream provision, in designated disadvantaged schools (Delivering Equality of Opportunity in Schools [DEIS]) compared to non-DEIS schools, and alternative education in Ireland. Findings show a higher representation of Traveller students in schools designated disadvantaged compared to non-disadvantaged settings and greater numbers of Traveller students in large primary and, to a lesser extent, secondary schools. The findings for alternative education show that Traveller young people make up 15% of learners which is higher than their representation in the general population or the school system. There is marked regional variation with higher representation of Travellers in alternative education settings in the West of Ireland compared to other regions. With increasing policy emphasis on inclusive education and the need to increase retention of students from Traveller backgrounds, it is perhaps an opportune time to explore the distribution of Traveller students across different school and alternative educational contexts so that educational supports can be targeted more effectively."
exclude,2024-06-07,Childhood gambling experiences and adult problem gambling,ESRI Working Paper,Diarmaid Ó Ceallaigh; Shane Timmons; Deirdre Robertson; Pete Lunn,no migration vocabulary,,,,"cohort, evidence, findings, participants, revenue, sample, survey, we find",Ireland (State),contemporary,Behavioural Science,,https://www.esri.ie/publications/childhood-gambling-experiences-and-adult-problem-gambling,https://www.esri.ie/system/files/publications/WP780_0.pdf,keyword:nationality; keyword:third country,"Many countries are now increasing regulation of the gambling industry. A cornerstone of these regulatory efforts is the protection of children. Gambling is generally viewed as an age-inappropriate activity for children and there is an assumption that exposure to gambling as a child increases the risk of problem gambling (PG) in later in life. PG is when a person’s gambling is disruptive and damaging to their lives, with negative repercussions on their finances, wellbeing and social circles. Such regulation may reduce the profitability of a sector that generates considerable revenue and employment. It is therefore important that regulation is grounded in evidence from high-quality research on the impact of exposing children to gambling. In this study we test if adults who were more exposed to gambling as children are more likely to have PG. We do this using an online survey with a nationally representative sample of 1,663 adults in Ireland. The survey measured participants’ PG and asked them if they had gambled before the age of 18, how much their parents gambled while they were growing up, and what was their parents’ general attitude towards gambling. Almost two-in-three adults (64%) report having gambled before turning 18. Playing slot machines was the most common form of gambling for money as a child (33%). This was followed by scratch cards (31%), horse or dog betting (27%), gambling amongst friends (23%), bingo (20%), and lotteries (20%). We find some differences between age cohorts: scratch cards, sports betting and loot boxes in video games were more prevalent forms of childhood gambling among the under 40s, while slots were more prevalent for those aged 40 plus. Regarding our primary research question, we find strong links between childhood experiences of gambling and PG in adulthood. Those who gambled before the age of 18 are almost twice as likely to have PG, as are those who had a parent who gambled with high intensity during the person’s childhood. Those whose parents had a more positive attitude towards gambling are also at an increased risk of having PG. Having had one parent who gambled is linked to an increased chance of PG of about a third, relative to having no parent who gambled. This link is much stronger among those aged 40 or more, compared to the under 40s. Having had two parents who gambled is not linked to an increased chance of PG in the full sample, but is among the 40 plus age group. This weakening of the link between family-related factors and PG in the younger cohort may indicate changes to the sources of exposure to gambling among younger cohorts. Given the expansion of the gambling industry and growth of online gambling and advertising in particular, under 40s have been exposed to a much greater level of gambling accessibility and marketing during childhood than the 40 plus age group. The upshot may be that while parental gambling behaviour was previously a crucial factor in determining if a child will develop PG in adulthood, other factors have become more important. Our study has implications for policy. The findings add to the weight of evidence for a link between childhood experiences of gambling and PG in adulthood. This in turn supports regulatory measures to minimise the exposure of children to gambling in order to reduce their risk of developing PG. These may include bans on children gambling or even entering a gambling premises, website or app. Strict, immediate age-verification safeguards may be warranted for digital gambling platforms. Assuming that advertising is at least to some degree effective, our findings also imply that the future level of PG may be reduced by minimising the exposure of children to gambling marketing, using measures such as a watershed ban on TV advertising, the prohibition of gambling advertisements that may be particularly attractive to children, and restrictions on sponsorship of events or clubs where children are involved. Additionally, measures that protect parents from PG may indirectly help to reduce the risk of their children developing PG, given the links we find between parental gambling and later-life PG. One needs to bear in mind, however, that the influence of parents on PG risk appears to be weakening in younger age cohorts. This suggests that a focus on regulations that reduce the extra-familial exposure of children to gambling, such as regulation on accessibility and marketing, may be taking on greater importance. The growing importance of extra-familial factors also has implications for PG treatment. It may mean that the profile of those seeking treatment is changing, with more people with no family history of gambling or PG presenting for treatment. Given this, future research on the changing profiles of PG treatment patients is warranted."
exclude,2024-06-06,School transition difficulties in Scotland and Ireland,ESRI Research Bulletin,Emer Smyth; Ivan Privalko,no migration vocabulary,,,,"data, findings, growing up in ireland, longitudinal",Ireland (State),contemporary,Education,10.1080/00131911.2024.2337889,https://www.esri.ie/publications/school-transition-difficulties-in-scotland-and-ireland,https://www.esri.ie/system/files/publications/RB202408_0.pdf,keyword:naturalisation,"This Bulletin summaries the findings from: Smyth, E., Privalko, I. “School transition difficulty in Scotland and Ireland”, Educational Review. Available at: https://doi.org/10.1080/00131911.2024.2337889 Introduction Moving from primary to secondary school involves many adjustments, with new peers, teachers, subjects and approaches to learning. Young people can therefore sometimes struggle with this transition. Research on the transition process has tended to assume that such difficulties are common across different educational systems internationally. By contrast, our research investigates institutional differences in school transition difficulties by comparing Scotland and Ireland. The two systems differ in ways that might be expected to influence the transition process, including a shorter duration of primary education in Scotland and greater school choice in Ireland. Data and methods We used two sources of longitudinal data, the Growing Up in Ireland (GUI) and Growing Up in Scotland (GUS) studies, covering the period of primary education and the transition to secondary education. Both used the same measure of transition difficulties and contained several comparable background factors, including family characteristics, school engagement, social dynamics at school, after-school activity, and engagement with schoolwork. Our analyses compared the nature of transition difficulty in the two systems and then examined whether these are related to differences in social inequalities, skill development and school engagement at primary level, and peer interaction and school engagement in the new school. Results We found differences and similarities in transition difficulties between the two systems. In both Ireland and Scotland, those who acquire better vocabulary skills at primary level adjust more quickly to the demands of secondary school. Those who dislike primary school in Scotland have greater adjustment difficulties, but in Ireland attitudes to Maths at primary level emerge as a particularly important predictor of later transition experiences. In both countries making the transition to secondary school with primary school friends eases the transition, while those who are bullied have much greater adjustment difficulties. Experience of subjects in the new secondary school also makes a difference, with finding Maths difficult again associated with greater transition difficulties in both countries. In both systems, there are clear social inequalities, with higher rates of school transition difficulty among young people coming from households with lower levels of income and lower maternal education. This gap is only partially accounted for by differences in their school experiences at primary and secondary level and individual ability. Boys experience more transition difficulties than girls in Scotland while the reverse is the case in Ireland. Difficulties for boys in Scotland are partly explained by their lower levels of primary school engagement and higher rates of being bullied. Transition difficulties for girls in Ireland are largely related to their more negative attitudes to Maths at primary level. Conclusions and policy implications Our findings provide new insights into how social inequalities emerge over the school career. Young people from more disadvantaged backgrounds (in terms of parental income and education) have greater difficulties settling into secondary school. This pattern, which will contribute to poorer levels of achievement later on, cannot be explained by their ability, their engagement with school, their earlier development, or their social lives at school. The finding highlights the need to look at broader factors that shape educational disadvantage. Our results suggest that the impact of low income among families needs to be factored into the design of policy interventions to address educational disadvantage. Policies that limit the chance of experiencing income poverty and enhance parental resources would smooth the educational trajectory for children and reinforce policy interventions within schools. The study points to the potential for further comparative research on school transitions to better understand how it plays out in different contexts. There are common aspects of the transition process which apply across systems, especially the social adjustment to a new peer group. However, our findings show the importance of looking at the transition process as embedded in a broader set of educational systems and societal factors. Further research could usefully explore transition experiences across other educational systems."
exclude,2024-05-31,Consumers struggle to distinguish genuine and ‘greenwashed’ environmental claims in advertisements,ESRI Research Bulletin,Shane Timmons,no migration vocabulary,,,,"200 participants, 900 participants, data, findings, participants, sample",Ireland (State),contemporary,Behavioural Science; Climate,10.1016/j.spc.2024.03.030,https://www.esri.ie/publications/consumers-struggle-to-distinguish-genuine-and-greenwashed-environmental-claims-in,https://www.esri.ie/system/files/publications/RB202407.pdf,keyword:nationality,"This Bulletin summaries the findings from: Timmons, S., Whelan, A. & Kelly, C. (2024). An experimental test of a greenwashing inoculation intervention in Ireland: Effects of ‘pre-bunking’ on identification, consumer trust and purchase intentions. Sustainable Production and Consumption. Available at: https://doi.org/10.1016/j.spc.2024.03.030 Introduction Consumer demand for sustainable products and services incentivises businesses to advertise their offerings as ‘green’. However, evaluating the truthfulness of such claims is difficult, creating potential for businesses to mislead consumers about their environmental performance. This ‘greenwashing’ poses risks for wellfunctioning markets. Businesses that invest in more sustainable processes must compete against othersthat make similar sustainability claims but without any cost or environmental benefit. European Union legislation is forthcoming to regulate many types of greenwashing, but consumers remain exposed before the legislation is implemented and some forms of greenwashing are outside its scope. We conducted an experimental test of whether ‘inoculating’ consumers against greenwashing tactics can boost their ability to distinguish greenwashed from genuine environmental claims on real advertisements. Data and Methods A nationally representative sample of 2,000 adults took part in an online experiment. Participants were randomised into one of three groups. The treatment group of almost 900 participants saw a series of infographics that explained different types of greenwashing and completed a quiz to identify greenwashing in a series of product descriptions. The control group, also of approximately 900 participants, read a short news article about climate change. Both groups then saw six real advertisements, three of which were examples of greenwashing and three featured genuine environmental claims. Participants rated whether they thought the advertisement was greenwashed, their trust in the brand’s environmental claims and their willingness to purchase from the brand. At the end of the study, participants reported their likelihood of engaging in different pro-environmental behaviours (e.g., eating less meat) and their confidence in their ability to identify greenwashing. The third group, of approximately 200 participants, acted as a further control group. They saw the same six real advertisements but did not answer questions about greenwashing. Instead, they rated their familiarity with the brand, their trust in its environmental claims and their willingness to purchase from the brand. Results The intervention had mixed effects. Participants in the treatment group reported higher perceptions of greenwashing on two of the three greenwashed ads compared to the control group, with corresponding decreases in brand trust and purchase intentions. However, they also reported higher perceptions of greenwashing on two of the three genuine ads. Despite this difficulty distinguishing greenwashed and genuine claims, the intervention boosted consumers’ confidence in their ability to spot greenwashing. Learning about greenwashing also motivated consumers to act pro-environmentally in the future. One challenge in evaluating the success of the intervention is that responses from the additional control group showed that participants were relatively unfamiliar with the brands that displayed genuine claims. The intervention may help to identify genuine claims made by more familiar bands. Conclusions Our findings suggests that interventions to educate consumers about greenwashing may increase scepticism for environmental claims more broadly, such that genuinely sustainable brands that are not already familiar to consumers will struggle to convey their authentic message. While informing consumers about greenwashing strategies may motivate them to engage in general proenvironmental action, systems-level regulations on the kinds of claims firms can make are likely to be more effective than individual-level interventions to address the harms caused by greenwashing."
exclude,2024-05-30,"Housing, health and happiness: How inadequate housing shapes child and parental wellbeing",ESRI Research Series,James Laurence; Helen Russell; Emer Smyth,no migration vocabulary,,,,"cohort, data, growing up in ireland, questionnaire",Ireland (State),contemporary,Housing; Health and Quality of Life; Social Inclusion and Equality,10.26504/rs183,https://www.esri.ie/publications/housing-health-and-happiness-how-inadequate-housing-shapes-child-and-parental-0,https://www.esri.ie/system/files/publications/RS183_1.pdf,keyword:work permit,"There has been a good deal of attention in Irish policy discourse to housing supply and affordability. However, there has been less focus on the extent to which the quality of housing impacts the wellbeing of children and their parents. This study addresses this gap in knowledge by using data from Growing Up in Ireland (GUI) Cohort ’08 to explore the influence of housing and neighbourhood quality on parental and child wellbeing. In particular, it looks at how the length of time households have spent experiencing inadequate housing can shape families’ wellbeing. The study adopts a multidimensional approach to measuring inadequate housing, capturing whether the home is unsuitable (in terms of size or problems like damp), whether the household struggles to adequately heat the home, lack of access to a garden or play space, the number of residential moves and the type of tenure. In addition, neighbourhood quality is assessed in terms of local disorder, having low social capital (with few family and friends in the area) and having access to fewer local services. Child wellbeing is measured using the Strengths and Difficulties Questionnaire (SDQ), which captures the extent of children’s socio-emotional difficulties."
include,2024-05-29,What caused the large increase in International Protection applications in Ireland in 2022?,EMN Ireland Migration Memo,Dervla Potter; Keire Murphy,"PDF: 2 pages, 34 Ireland mentions","asylum, international protection, temporary protection",34,2,"data, findings, statistics",Ireland (State),contemporary,"Migration, Integration and Demography",,https://www.esri.ie/publications/what-caused-the-large-increase-in-international-protection-applications-in-ireland-in,https://www.esri.ie/system/files/publications/EMN%20IE%20Migration%20Memo%202024.2%20International%20Protection%20Trends.pdf,research_area:67; keyword:migration; keyword:asylum; keyword:international protection; keyword:Ukraine; keyword:nationality; keyword:integration; keyword:temporary protection,"In 2022, after Ireland emerged from COVID-related restrictions, 13,651 international protection applications(also known as asylum applications) were lodged, representing a 186% increase from 2019 (the last comparable year before Covid-19). No single nationality dominated the increase, making it unclear why such an increase had occurred. The trend was unusual because, while applications also increased in the EU as a whole, the relative increase in Ireland was much larger, which is historically uncommon, with Ireland largely insulated from increases in Europe over the last decade (see figure 1). Applications remained close to this historically high rate in 2023, with a total of 13,277 applications. While Ireland has seen many arrivals from Ukraine following the Russian invasion, most of these people reside under the Temporary Protection Directive and are not counted in asylum statistics and are not included in the ESRI Report summarised in this Memo."
exclude,2024-05-28,The changing social worlds of 13-year-olds,ESRI Research Series,Emer Smyth,no migration vocabulary,,,,"cohort, data, growing up in ireland",Ireland (State),contemporary,Social Inclusion and Equality; Education; Health and Quality of Life,10.26504/rs178,https://www.esri.ie/publications/the-changing-social-worlds-of-13-year-olds,https://www.esri.ie/system/files/publications/RS178.pdf,keyword:work permit,"This study draws on data on Growing Up in Ireland (GUI) Cohorts '98 and '08 to document changes in the lives of adolescents over the period 2011/12 to 2021/22, building on an earlier study (Smyth, 2022) which compared their experiences at nine years of age. This decade was a period of considerable social and policy change, including reform of the junior cycle, growing digitalisation and the disruption of the pandemic to all aspects of young people's lives. Changes were also evident in the profile of young people and their families, with increasing cultural diversity, higher education levels among parents, lower levels of financial strain and increasing numbers with a disability among members of Cohort '08 than among their older cohort counterparts. The study looks at changes in 13-year-olds' relationships with their parents and peers, in their day-to-day activities and in their experiences of school. The main research questions addressed by the study are: How have the quality of relationships, experience of learning and activities engaged in by adolescents changed over the course of a decade? To what extent do any such changes reflect differences in the family characteristics of the young people? Are any such changes more evident for boys or girls or for young people from different social backgrounds? Is differentiation by gender and social background in adolescents' social worlds less evident for the younger cohort than previously?"
exclude,2024-05-27,How supply and demand affect national house prices: The case of Ireland,Journal Article,Paul Egan; Kieran McQuinn; Conor O'Toole,no migration vocabulary,,,,,Ireland (State),contemporary,Housing,10.1016/j.jhe.2024.102006,https://www.esri.ie/publications/how-supply-and-demand-affect-national-house-prices-the-case-of-ireland,,keyword:nationality,"Highlights We avail of a new housing and financial sector model of the Irish economy to characterise the determinants of Irish house prices over the period 1995 – 2019. The suite of models are used to examine the contribution of developments in both monetary policy and financial stability as well as the performance of the real economy and supply-side of the Irish residential sector. Our results have interesting implications for the growing literature examining the intersection of monetary policy and financial stability on house prices. Abstract While many western economies experienced substantial fluctuations in house prices since the turning of the century, the Irish residential market stands out as a particular case. Irish house prices experienced profound increases in the period leading up to the global financial crisis (GFC); thereafter the concomitant downturn in both the real Irish economy and financial sector precipitated a dramatic decline in prices between 2007 and 2012. However, since 2012 prices have increased in a sustained and persistent manner. A number of possible reasons are commonly cited for the recovery. In this paper we avail of a new housing and financial sector model, which are part of a broader macro-econometric model, COSMO, of the Irish economy to characterise the determinants of Irish house prices over the period 1995 – 2019 and in particular to examine the reasons for the post 2012 recovery. The suite of models are used to examine the contribution of developments in both monetary policy and financial stability as well as the performance of the real economy. The role played by the sluggish response of the supply-side of the Irish residential sector is also assessed. The supply-side of the Irish market was especially impacted by the GFC and has struggled to respond to the surge in housing demand which has accompanied the general economic recovery since 2012. Our results have interesting implications for the growing literature examining the intersection of monetary policy and financial stability on house prices."
exclude,2024-05-23,The impact of CervicalCheck controversy on public trust and blame for interval cancers,ESRI Research Bulletin,Olga Poluektova; Deirdre Robertson; Alexandros Papadopoulos; Pete Lunn,no migration vocabulary,,,,"data, findings, participants, sample",Ireland (State),contemporary,Behavioural Science; Health and Quality of Life,10.1111/bjhp.12727,https://www.esri.ie/publications/the-impact-of-cervicalcheck-controversy-on-public-trust-and-blame-for-interval-cancers,https://www.esri.ie/system/files/publications/RB202406_1.pdf,keyword:nationality,"This Bulletin summaries the findings from: Poluektova O., Robertson D.A., Papadopoulos A., and Lunn P.D. “Trust in Cervical Screening and Attributions of Blame for Interval Cancers Following a National Controversy”, British Journal of Health Psychology. Available at: http://doi.org/10.1111/bjhp.12727 Introduction Screening programmes play a crucial role in the early detection of cancer or precancerous changes, but they have inherent limitations related to uncertainty in results. While some false positives and false negatives are inevitable, inaccurate results can damage trust in these programmes and reduce participation, diminishing their effectiveness. Regraded screening results were at the centre of the 2018 CervicalCheck controversy, where some women developed cervical cancer after participating in cervical screening. These women were either not informed or not informed properly about the result of a later clinical audit of their screening sample. This research investigated the impact of this controversy on public trust and the attribution of blame for interval cancers – cancers diagnosed after a negative screening result. It also used an experiment to test the impact of new official information materials, which are partly designed to correct misconceptions by enhancing understanding about screening. Data and methods We conducted a comparative study between Ireland, where the controversy occurred, and Scotland, where it did not. Scotland was chosen due to its similar population and screening programme. Data was collected from 872 eligible participants in Ireland and 400 in Scotland, all females aged between 23 and 65 in Ireland and between 23 and 64 in Scotland. In Ireland, participants were randomly divided into treatment and control groups. The treatment group received official information materials about cervical screening. All participants answered questions about their trust in the screening programme and completed a quiz assessing their understanding of the screening's purpose, benefits, and limitations. They then read (fictional) vignettes describing women who developed cervical cancer despite being screened. The details of these vignettes varied in relation to the woman’s past screening attendance, detection of false negative results, and how advanced the cancer was. Participants then evaluated to what extent they felt the different organisations and individuals involved were to blame for the cancers described in the vignettes. Results Trust in the screening system was significantly lower in Ireland compared to Scotland, indicating that the CervicalCheck controversy has negatively impacted trust in screening. Irish participants exhibited particularly low trust levels towards the laboratories analysing screening samples and the screening results. Similarly, participants in Ireland assigned more blame than participants in Scotland to the screening programme in cases of detectable abnormal cells in previous screening samples (false negative results) and advanced cancer stages. The new information materials aimed at correcting misconceptions had a positive impact. Although trust in the screening service among the group in Ireland who read the materials did not reach the same level as in Scotland. Compared to the control group, this group that read the materials also had higher trust and attributed less blame for interval cancers, compared to the control group. Better comprehension of screening was associated with attributing less blame. Conclusions The results confirm that the CervicalCheck controversy continues to have an impact on trust in cervical screening in Ireland. Trust can be challenging to restore. However, the findings also demonstrate the benefits of investing in transparent, accessible information materials that address misconceptions and provide detailed information about screening processes. Such efforts will likely enhance trust in screening programmes and reduce attributions of blame for limitations inherent in the screening process. Lastly, the study shows how experimental methods can be used to test and improve important health communication materials."
exclude,2024-05-21,The greenest of green: Preferences for homegrown renewables in Ireland,Journal Article,Tensay Hadush Meles,no migration vocabulary,,,,"findings, survey",Ireland (State),contemporary,Energy and Environment; Climate,10.1016/j.erss.2024.103577,https://www.esri.ie/publications/the-greenest-of-green-preferences-for-homegrown-renewables-in-ireland,,keyword:nationality,"Little is known about consumer preferences for homegrown renewable electricity, i.e., renewables sourced from a consumer's region or nation. Existing literature on other products indicates that people often prefer locally produced goods. Other work, however, highlights the Not-in-my-back-yard sentiments that can arise in response to proposed local electricity infrastructure developments. In this paper, we first examine whether Irish consumers prefer renewable electricity contracts that source electricity from within Ireland and their province, compared to elsewhere in the European Economic Area, using a discrete choice experiment. Results from a survey of 1197 Irish adults indicate positive preferences for homegrown renewable electricity, both that generated within Ireland and to a greater extent in their province. We additionally find that homegrown green electricity is particularly attractive to people with strong place identity and green consumer values. Thematic text analysis identifies a range of different motivations behind these positive preferences, including supporting jobs and the Irish economy, energy security, and helping the environment. Overall, the findings indicate a kind of ‘positive parochialism’ where many people value pro-environmental electricity options that are homegrown."
exclude,2024-05-17,Trust in cervical screening and attributions of blame for interval cancers following a national controversy,Journal Article,Olga Poluektova; Deirdre Robertson; Alexandros Papadopoulos; Pete Lunn,no migration vocabulary,,,,"findings, n = 400, n = 872, participants",Ireland (State),contemporary,Behavioural Science; Health and Quality of Life,10.1111/bjhp.12727,https://www.esri.ie/publications/trust-in-cervical-screening-and-attributions-of-blame-for-interval-cancers-following-0,,keyword:nationality,"Abstract Objectives: This study investigated levels of trust and attributions of blame in connection with a cervical screening programme following a controversy related to the programme's audit, incorporating an experimental test of the effectiveness of new information materials. Design: We compared responses in Ireland (N = 872) to equivalent responses in Scotland (N = 400). Participants in Ireland were randomly assigned to either a treatment group that received the information materials or a control group that did not. Participants then responded to questions about their trust in cervical screening and to whom they would attribute blame in a range of scenarios describing women diagnosed with cervical cancer between screening rounds. Results: Results showed that the control group in Ireland had lower trust and attributed higher blame towards screening services than participants in Scotland. However, exposure to information materials in the treatment group improved trust and reduced blame. Conclusions: The findings suggest that public controversies influence perceptions of screening programmes and underscore the importance of transparent, choice-based communication in mitigating these effects. The findings have valuable implications for screening services worldwide as all screening programmes will have associated false negative and false positive results."
exclude,2024-05-16,ESRI Nowcast (as of 16th May),Indices Report,Paul Egan; Janez Kren,not a research publication (Indices Report),,,,,,,Macroeconomics,,https://www.esri.ie/publications/esri-nowcast-as-of-16th-may,https://www.esri.ie/system/files/publications/IR18.pdf,keyword:work permit,"As of May 16th, the ESRI's 2024Q1 nowcast estimates that MDD is growing at 2.3% year-on-year, unchanged from last month's estimate. This is the final nowcast of 2024Q1 and is based on data from January, February and March. Decomposing the key drivers of this month’s nowcast estimate show that industrial output as well as positive consumer sentiment relative to March 2023 contributed positively while consumption, mainly driven by a fall in vehicle registrations, had a negative impact on the estimate."
exclude,2024-05-09,What is preventing individual climate action? Impact awareness and perceived difficulties in changing transport and food behaviour,ESRI Research Series,Shane Timmons; Ylva Andersson; Maria Lee; Pete Lunn,no migration vocabulary; no Ireland reference,,,,"participants, sample, survey",,contemporary,Behavioural Science; Climate,10.26504/rs186,https://www.esri.ie/publications/what-is-preventing-individual-climate-action-impact-awareness-and-perceived,https://www.esri.ie/system/files/publications/RS186.pdf,keyword:nationality; keyword:work permit,"Mitigating climate change requires large and, by historical standards, rapid changes to policy, business processes and individual behaviour. This report examines awareness of and perceived difficulty with individual behaviour change with respect to two actions associated with high levels of emissions: transport and food choice. A nationally representative sample of 1,200 adults completed an online study about everyday transport and food behaviour, run in September 2023. After completing a diary task about the previous day, participants identified the parts of their day that mattered most for their carbon footprint. Answers were elicited via incentivised, open text questions to prevent pre-set options biasing responses. Participants also answered standard survey questions about their use of various modes of transport in a typical week and their consumption of various foods. Participants who reported wanting to change their transport behaviour and diet ‘to reduce their carbon footprint’ (47 per cent and 42 per cent, respectively) listed reasons why it is difficult for them to do so, again via open text questions."
review,2024-05-03,How do EMN Member States ensure systems for housing International Protection Applicants are ‘flexible’?,EMN Ireland Migration Memo,Emily Cunniffe; Keire Murphy; Dervla Potter,"PDF: 2 pages, 12 Ireland mentions","asylum, international protection, ipas",12,2,"data, findings",Ireland (State),contemporary,"Migration, Integration and Demography",,https://www.esri.ie/publications/how-do-emn-member-states-ensure-systems-for-housing-international-protection,https://www.esri.ie/system/files/publications/EMNMemo1_0.pdf,research_area:67; keyword:migration; keyword:asylum; keyword:international protection; keyword:integration,"The inflow of International Protection Applicants (IPAs) (also known as asylum seekers) can vary significantly and be subject to rapid, substantial changes. Ireland has seen a fluctuating pattern of applications since the early 2000s, and in 2022, saw the highest number of applications on record. This fluctuation, in addition to other factors, can lead to pressure on Ireland’s ability to provide housing for applicants and, at times, Ireland has not been able to provide accommodation to some applicants arriving to the State, including currently. To meet these changing demands for accommodation, countries need to be able to both quickly upscale capacity to provide accommodation and to downscale in times when there is less demand. This Migration Memo aims to present information that can support policy makers in understanding how other EMN Member Countries organise their reception systems in a flexible manner, whilst anticipating fluctuation in the future. KEY TAKEAWAYS • Most countries use periodic forecasting for a given period, with various data, including processing times, applications, and housing market information. • One of the most common flexibility measures used is ensuring the availability of buffer accommodation centres, followed by budget flexibility. • The outflow of beneficiaries of international protection is an issue across EMN countries. While transitional programmes are used in some countries, external factors such as housing crises affect their effectiveness. • Close coordination among stakeholders is seen as important, both for housing applicants and for supporting beneficiaries to access accommodation."
exclude,2024-05-02,"The RTB Rent Index, Q4 2023",Indices Report,Rachel Slaymaker; Conor O'Toole; Katie Devane; Janez Kren,not a research publication (Indices Report),,,,,,,Macroeconomics; Housing,,https://www.esri.ie/publications/the-rtb-rent-index-q4-2023,,keyword:nationality,"Q4 2023 Rent Index Report includes information on rent levels in existing tenancies, as well as new tenancies. In November 2023, the RTB published the Existing Tenancy Rent Index for the first time. This marks the third time Existing Tenancy Rent Index indicators are available, providing insights into the rents paid by sitting tenants. Rent levels in existing tenancies are lower than in new tenancies: Nationally the standardised average rent in Q4 2023 was higher for new tenancies than for existing tenancies (€1,595 vs €1,374), a difference of €221 or 16.1% per month. Nationally, rent levels in both new and existing tenancies have increased. In Q4 2023 the standardised average rent in new tenancies grew by 9.1% year-on-year and in existing tenancies grew by 5.9%. The standardised average rent for new tenancies in Dublin in Q4 2023 was €2,098, or €293 (16.2%) higher than the standardised average rent for existing tenancies which stood at €1,805. The standardised average rent for new tenancies in Cork in Q4 2023 was €1,400, or €242 (20.9%) higher than the standardised average rent for existing tenancies which stood at €1,158."
exclude,2024-05-01,School transition difficulty in Scotland and Ireland: a longitudinal perspective,Journal Article,Emer Smyth; Ivan Privalko,no migration vocabulary,,,,"growing up in ireland, longitudinal",Ireland (State),contemporary,Education,10.1080/00131911.2024.2337889,https://www.esri.ie/publications/school-transition-difficulty-in-scotland-and-ireland-a-longitudinal-perspective,,keyword:nationality,"There is a large body of research exploring the difficulties young people experience on the transition to secondary education. However, there has been little comparative research yielding insights into how these experiences vary by institutional context. This article explores differences in school transition difficulties among young people in Scotland and Ireland using nationally representative longitudinal datasets – Growing Up in Ireland and Growing Up in Scotland. Despite generally making the transition with most or all of their friends, transition difficulties are greater on average in Scotland than in Ireland, perhaps reflecting the shorter duration of primary education in Scotland. In both systems, young people coming from households with lower levels of income and education experience greater difficulties and this gap is only partially accounted for by school experiences at primary and secondary level. An interesting feature is contrasting gender patterns in the two systems, with boys experiencing more difficulties in Scotland and girls more adjustment problems in Ireland. The male disadvantage in Scotland is partly explained by school experiences; the female disadvantage in Ireland is related to more negative attitudes to Maths at primary level than boys. Vocabulary development in middle childhood plays a stronger role in influencing ease of transition in Ireland, most likely because of the large number of (literacy-based) subjects students take on entry to secondary school. The article points to the potential for further comparative research on school transitions to better understand the dynamics in different contexts."
include,2024-04-30,‘Embracing diversity in all its forms’: The voluntary secondary sector in Irish education,ESRI Research Series,Eamonn Carroll; Selina McCoy; Keyu Ye,"PDF: 293 pages, 162 Ireland mentions","international student, migrant",162,293,"administrative, analysis of, case study, census, cohort, data, estimate, estimated",Ireland (State),contemporary,Education,10.26504/rs182,https://www.esri.ie/publications/embracing-diversity-in-all-its-forms-the-voluntary-secondary-sector-in-irish-education,https://www.esri.ie/system/files/publications/RS182_0.pdf,keyword:migrant; keyword:nationality; keyword:integration; keyword:work permit,"The Irish education system is undergoing significant change as it navigates the challenges of the 2020s. Schools are at the frontline of Ireland’s efforts to integrate migrant families, build an inclusive society and tackle generational socioeconomic inequality. They are also, increasingly, key sites of contestation over deep social questions like the place of faith and secularism in public institutions and the best path to ensuring young people thrive, regardless of their gender or sexual orientation. While many of these challenges resonate across the second-level sector as all schools grapple with the difficulties and opportunities of educating young adults in today’s Ireland, the focus of this report is on the voluntary secondary school sector. The report presents rich evidence from a mixed-method research study across 21 voluntary secondary schools. The research was commissioned by the Joint Managerial Body for Voluntary Secondary Schools (JMB), with the research questions designed to examine the features and experiences of students, teachers and school leaders across the voluntary sector. However, the study allows for comparisons between experiences in voluntary secondary schools and other sectors. In particular, the survey of students undertaken in this study is compared to the nationally representative longitudinal study Growing Up in Ireland (GUI) and the International Student Assessment (PISA study) on 15 year olds in Ireland and across the European Union (EU). This approach allows for a deep exploration of the voluntary secondary sector, while also placing experiences in a national and international context."
exclude,2024-04-30,Are energy performance certificates a strong predictor of actual energy use? Evidence from high-frequency thermostat panel data,Journal Article,Tensay Hadush Meles; Niall Farrell; John Curtis,no migration vocabulary,,,,"data, evidence, findings, panel",Ireland (State),contemporary,Energy and Environment; Climate,10.5547/2160-5890.13.1.tmel,https://www.esri.ie/publications/are-energy-performance-certificates-a-strong-predictor-of-actual-energy-use-evidence-0,,keyword:nationality,"Motivations underlying the research Improving energy performances of buildings is widely cited as one of the cost-effective approaches to address climate change, with building Energy Performance Certificates (EPCs) serving as benchmarks. For example, the Government of Ireland in its Climate Action Plan 2023 set a target of upgrading half a million existing homes, nearly a quarter of the housing stock, to a ‘B2’ Building Energy Rating (BER; the Irish EPC standard) by 2030 as part of the building decarbonization strategy. Similar EPC policy benchmarks are used in other countries, including the European Union and the USA. National-level policies defined relative to certain EPC benchmarks implicitly incentivize households to target the specified EPC rating when investing in improving the energy efficiency of their dwellings. However, EPCs are generated based on projections from engineering models using standardized values for the number of occupants, energy use schedules, and other model parameters. Thus, the optimality of EPC related investment is determined by the accuracy of EPC in capturing actual dwelling-specific energy performance. Should a discrepancy exist, then household investment benefits and future emission targets might not be realized. This research evaluates the extent with which EPCs reflect observed energy demand for home heating, by focusing on building fabric performance while excluding occupants’ behavioral effects. A short account of the research performed Our analysis exploits variations in boiler operation for home heating while the indoor temperature is within a small threshold of the thermostat’s set point temperature during the main winter heating months in Ireland. This serves as a proxy measure of the variations in energy use for home heating across building energy ratings, attributed to building fabric performance alone. The availability of high-frequency panel data (approximately every three minutes) on household thermostat set point, indoor temperature, and heating unit operating status from a smart thermostat company allows us to clearly identify the sole effects of building fabric performance across dwellings with different EPC ratings. This rich data enables us to capture the duration a home heating unit was in operation in the neighborhood of the thermostat set point temperature. In addition, we obtain access to hourly local weather variables and detailed data on building characteristics. We finally model the relationship between the duration a boiler operates and EPC ratings, conditioning on hourly outdoor temperature, relative humidity, windspeed, levels of the thermostat set point, several building characteristics, and type and efficiency of the main home heating unit. Main conclusions and policy implications of the work Our results indicate that improving a building’s energy performance, as measured by EPCs, reduces energy use, but the difference in energy use attributed to the EPC ratings is modest, considerably lower than projected. This does not imply that upgrading a dwelling’s energy efficiency is not beneficial. Rather, the findings underscore that EPCs are poor predictors of actual energy use and consequently cast doubt on the efficacy of public energy efficiency targets that are aligned to a specific EPC standard."
include,2024-04-25,The application of the Temporary Protection Directive: Challenges and good practices for Ireland,ESRI Research Series,Amy Stapleton; Ciára Dalton,"PDF: 104 pages, 440 Ireland mentions","beneficiaries of temporary protection, temporary protection",440,104,"000 people, 007 people, 035 people, 1 persons, 107 people, 15 people, 2 persons, 240 people",NI and ROI/island,contemporary,"Migration, Integration and Demography",10.26504/rs185,https://www.esri.ie/publications/the-application-of-the-temporary-protection-directive-challenges-and-good-practices,https://www.esri.ie/system/files/publications/RS185_0.pdf,research_area:67; keyword:migration; keyword:international protection; keyword:Ukraine; keyword:integration; keyword:work permit; keyword:direct provision; keyword:temporary protection; keyword:return migration,"Temporary protection is an exceptional measure that provides immediate and temporary protection to people displaced from non-EU countries who are unable to return to their country of origin. The EU Temporary Protection Directive (TPD) was activated for the first time on 4 March 2022 following Russia’s military invasion of Ukraine. A total of 103,458 Personal Public Service Numbers had been allocated in Ireland to beneficiaries of temporary protection (BoTPs) by 31 December 2023 (Central Statistics Office [CSO], 2024). The CSO has estimated that 78 per cent of people registered for temporary protection in Ireland continued to reside in Ireland after 30 November 2023. This report explores the implementation of the TPD in Ireland, including the supports provided to BoTPs – persons who have been granted protection according to the European Council Directive 2001/55/EC – and the challenges and good practices that have presented when they seek to access particular rights under the Directive. The research period for this study is from 1 January 2023 to 31 December 2023. Developments prior to January 2023 are also included where it is considered important to understand the context and situation since the implementation of temporary protection in Ireland. Therefore, where relevant, reference is made to data or challenges concerning people from Ukraine enjoying or applying for other types of residence rights since 24 February 2022. For the research period, the main challenge for Ireland remained the continued provision of accommodation for BoTPs to the scale required. The following sections provide an overview of the key findings related to legal status and access to rights provided by the TPD."
exclude,2024-04-24,The equality impact of the Covid-19 pandemic on the Irish labour market,Jointly-published Reports,Anousheh Alamir; Frances McGinnity; Helen Russell,no migration vocabulary,,,,"data, evidence",Ireland (State),contemporary,Social Inclusion and Equality,10.26504/jr6,https://www.esri.ie/publications/the-equality-impact-of-the-covid-19-pandemic-on-the-irish-labour-market,https://www.esri.ie/system/files/publications/JR6.pdf,keyword:naturalisation; keyword:international protection; keyword:employment permit; keyword:work permit,"Presentation video The COVID-19 pandemic had a profound impact on the lives of people in Ireland and around the world. Yet while everyone was impacted, there is abundant evidence the effects were not equally experienced across all members of society. Moreover, while there was much research on the immediate effects of the pandemic and the public health measures to address it, to date there is relatively little evidence on which effects have persisted once the immediate crisis had passed. Here we focus on one aspect of the pandemic – the labour market impacts – and consider the evidence of how structurally vulnerable groups – those particularly at risk of inequality or having their rights denied – have fared.1 The approach taken builds on previous research analysing equality at work in Ireland, by comparing the labour market situation of groups protected under Irish equality legislation for whom robust evidence is available (McGinnity et al., 2021). In this report the focus is the pandemic, therefore we compare the situation of these groups in terms of their employment and the nature of their jobs pre-pandemic in 2019 compared to 2022, using large, representative data sources with identical definitions of groups and labour market outcomes in both years. The key research question is: how has the labour market impact of COVID-19 in Ireland differed by gender, age, marital status, family status, educational qualifications, and disability status? The labour market is the major source of income for households, and exclusion from employment can have long-term effects on poverty risk, standard of living and inequality (McGinnity et al., 2021)."
include,2024-04-23,The impact of the Covid-19 pandemic on the wellbeing of migrant young people in Ireland,Journal Article,Emer Smyth; Merike Darmody,no PDF on ESRI page (journal article or external),"immigrant, migrant",,,"data, growing up in ireland, longitudinal",Ireland (State),contemporary,"Migration, Integration and Demography",10.1080/00131911.2024.2341037,https://www.esri.ie/publications/the-impact-of-the-covid-19-pandemic-on-the-wellbeing-of-migrant-young-people-in,,research_area:67; keyword:migrant; keyword:migration; keyword:immigrant; keyword:immigration; keyword:integration,"The world-wide COVID-19 pandemic significantly disrupted education, with school closures leading to a shift to remote learning. Existing and emerging research has shown that even a relatively short period of missed school has negative consequences for academic and social outcomes among children and young people, especially for those from more vulnerable families. While emerging research drawing on cross-sectional data has focussed on how the pandemic has affected immigrant youth, there is a paucity of longitudinal studies in this field. In this paper, we used the longitudinal Growing Up in Ireland study to investigate and analyse the wellbeing of migrant-origin 12-year-olds in Ireland during the COVID-19 pandemic. Our research shows that compared to their Irish peers, immigrant adolescents had poorer wellbeing, partly related to differences in family support for remote learning, in experiences of poor-quality interaction with peers and in levels of family strain."
exclude,2024-04-18,ESRI Nowcast (as of 18th April),Indices Report,Paul Egan; Janez Kren,not a research publication (Indices Report),,,,,,,Macroeconomics,,https://www.esri.ie/publications/esri-nowcast-as-of-18th-april,https://www.esri.ie/system/files/publications/IR17.pdf,keyword:work permit,"As of April 18th, the ESRI's 2024Q1 nowcast estimates that MDD is growing at 2.3% year-on-year. This is based on data from January and February 2024 and is down slightly (-0.2 percentage points) compared to last month’s estimate. Decomposing the key drivers of this nowcast estimate show that price level data and industrial output were among the main positive contributors while consumption on the other hand had a negative impact on the estimate."
exclude,2024-04-17,Irish enterprise digitalisation: A cross-country exploration,QEC Research Note,Janez Kren; Conor O'Toole,no migration vocabulary,,,,"data, evidence, survey, we find",Ireland (State),contemporary,Macroeconomics,10.26504/rn20240201,https://www.esri.ie/publications/irish-enterprise-digitalisation-a-cross-country-exploration,https://www.esri.ie/system/files/publications/RN20240201.pdf,keyword:employment permit; keyword:work permit,"This research provides a cross-country perspective on the rate of digitalisation of Irish enterprises. We explore differences across countries, sectors and firm size categories by deploying data on both the usage of digitalisation technologies (stock of digital activities) as well as investment in new digital activities (flow). We draw on two main datasets: a) the Eurostat ICT usage in enterprises survey; and b) the European Investment Bank Investment Survey. We find that Ireland performs relatively well in terms of e-commerce and some more advanced technologies. However particular sectors and firm size groups (such as construction and smaller firms) display low levels of digitalisation. This supports the continued deployment of a sector-specific targeted policy approach that can cater for heterogeneous challenges faced by different firms. We find some evidence of correlations between enabling factors like employment skill levels and the cost of finance and the level of investment in digitalisation."
exclude,2024-04-16,Current and projected demand for nurses working in general practice in Ireland,ESRI Research Series,Sheelah Connolly; Ellen Flanagan,no migration vocabulary,,,,,Ireland (State),contemporary,Health and Quality of Life,10.26504/rs180,https://www.esri.ie/publications/current-and-projected-demand-for-nurses-working-in-general-practice-in-ireland,https://www.esri.ie/system/files/publications/RS180.pdf,keyword:integration; keyword:work permit,"General practice is an integral part of the Irish healthcare system. Demand for general practice services is expected to increase in the coming years due to both (i) a growing and ageing population, and ii) policy proposals seeking to re-orientate healthcare delivery towards the community setting. Consequently, there is a need to increase the general practice workforce to deliver on this projected increase in demand. The number of GP training places have increased in the last number of years; however an increase in the number of nurses working in general practice could also help address growing demands on the sector. The aim of the research in this report is: To examine the current utilisation of practice nurse services in Ireland. To make projections about the future demand for practice nurse services. To identify challenges and potential facilitators to increasing the number of nurses working in general practice in Ireland."
include,2024-04-10,Gender and labour market inclusion on the island of Ireland,ESRI Research Series,Garance Hingre; Helen Russell; Frances McGinnity; Emer Smyth,"only ambiguous migration terms; PDF: 94 pages, 686 Ireland mentions",migration,686,94,"26 participants, administrative, analysis of, cohort, data, dataset, estimate, estimated",NI and ROI/island,contemporary,Social Inclusion and Equality,10.26504/rs176,https://www.esri.ie/publications/gender-and-labour-market-inclusion-on-the-island-of-ireland,https://www.esri.ie/system/files/publications/RS176_0.pdf,keyword:migration; keyword:employment permit; keyword:work permit; keyword:labour migration,"Labour market inclusion is a key component of gender equality. In recent decades, in Ireland and Northern Ireland, women have increasingly entered paid employment. Yet, comparative research across the island on the level and conditions of women’s participation remains limited. Different policies, educational systems, sectoral distribution of employment, attitudes to equality, migration and economies shape the participation and inclusion of women in the labour market, with notable differential consequences for gender equality North and South on the island of Ireland. This report draws on a consultation with key stakeholders and analysis of labour force survey data to identify the barriers and opportunities to women’s participation on the island of Ireland. In both jurisdictions, it explores the impact of policies, education, demographic characteristics, household types, sectors, and attitudes on the participation and conditions of women and men in the labour market."
exclude,2024-04-09,"An experimental test of a greenwashing inoculation intervention in Ireland: Effects of ‘pre-bunking’ on identification, consumer trust and purchase intentions",Journal Article,Shane Timmons,no migration vocabulary,,,,"findings, n = 2000, n = 206, n = 892, n = 902, participants, sample",Ireland (State),contemporary,Behavioural Science; Climate,10.1016/j.spc.2024.03.030,https://www.esri.ie/publications/an-experimental-test-of-a-greenwashing-inoculation-intervention-in-ireland-effects-of,,keyword:nationality,"Misleading claims about the environmental performance of a product or service (i.e., “greenwashing”) hinder consumers from making informed choices and penalise genuinely sustainable companies. We designed a greenwashing ‘inoculation’ intervention (i.e., an educative intervention to pre-bunk commonly used greenwashing tactics prior to exposure). We first pre-tested the intervention using a student sample ( N = 206) and then ran a pre-registered replication using a nationally representative sample ( N = 2000). Participants were randomised to one of three groups. The intervention group ( n = 892) learned about greenwashing and how to identify it whereas the control group ( n = 902) read a piece of text about climate change. A third group acted as a ‘no-contact’ control ( n = 206). Participants then judged six real advertisements (three greenwashed and three with genuine environmental claims) on greenwashed content, brand trust, and willingness to purchase. The intervention increased greenwashing ratings for two of the greenwashed advertisements, with corresponding decreases in brand trust and purchase intentions. The unaffected greenwashed advertisement was for a dairy-free milk alternative from a familiar brand, suggesting that familiarity and product sustainability may mitigate greenwashing interventions. However, participants also judged two of the three genuine advertisements as greenwashed, implying a broadly-applied scepticism of environmental claims, particularly towards unfamiliar brands. Despite difficulty distinguishing between greenwashed and genuine advertisements, participants were more confident in their ability to identify greenwashing and had stronger resolves to act in pro-environmentally in the future. The findings have implications for greenwashing policy."
exclude,2024-04-09,Effects of new residential developments on local healthcare demand and workforce: evidence from primary and acute public hospital care in Ireland,ESRI Research Series,Harry Humes; Michelle Barrett; Brendan Walsh,no migration vocabulary,,,,evidence,Ireland (State),contemporary,Health and Quality of Life; Housing,10.26504/rs181,https://www.esri.ie/publications/effects-of-new-residential-developments-on-local-healthcare-demand-and-workforce,https://www.esri.ie/system/files/publications/RS181_0.pdf,keyword:integration; keyword:work permit,"Housing and health are critical issues for policymakers and the public. Secure and affordable housing, along with quick access to required health and social care, are considered essential services for the public and are key targets for planners. In Ireland, as in many countries, the need to improve accessibility to housing and health is already understood, and support for both housing and health are fundamental parts of the social welfare system. There is also a significant synergy between the areas of housing and health. A well-established body of evidence demonstrates the link between housing conditions and health outcomes. Poor housing and insecure tenure can adversely affect health and wellbeing, and the World Health Organization (WHO) cites housing, basic amenities and the environment as primary social determinants of health. Location of housing and healthcare are also highly correlated. In Ireland, disparities in access to health and social care services are evident across different geographic areas and demographic groups. Regions that experienced the largest population growth in recent decades consistently have the most limited healthcare resources. The establishment of a population-based resource allocation (PBRA) system within the public health sector may help reduce some of these supply inequalities. While against the backdrop of ongoing population increases and demographic shifts, policies aimed at a proportional increase in healthcare supply are crucial. This necessitates that healthcare and housing policymakers align their strategies and where possible integrate planning policies. Coordinated planning is vital to ensure that housing developments are matched with sufficient healthcare services, creating sustainable communities where residents have both secure housing and dependable healthcare."
exclude,2024-04-05,The implications of high energy and carbon prices on firms,ESRI Research Series,Aykut Mert Yakut; Samuel McArdle; Kelly C de Bruin,no migration vocabulary,,,,,Ireland (State),contemporary,Climate; Energy and Environment,10.26504/RS179,https://www.esri.ie/publications/the-implications-of-high-energy-and-carbon-prices-on-firms,https://www.esri.ie/system/files/publications/RS179_0.pdf,keyword:work permit,"Transitioning to a low-carbon economy requires undertaking massive investment expenditures, and how to finance these expenditures remains at the core of economic debates. However, the cost of not transitioning to a low-carbon economy is often forgotten in these debates. These costs have increased under current global geopolitical tensions, especially for imported fossil fuel-dependent countries, such as Ireland. This report aims to quantify the cost of decarbonisation inaction. What costs will Irish firms face if they continue with their current energy use patterns when the carbon tax (set by the Irish government) and the European Union Emissions Trading System (EU ETS) price (determined by the market conditions at the EU level) are increasing while at the same time, international energy prices are at their extremely high levels?"
exclude,2024-03-27,"Quarterly Economic Commentary, Spring 2024",ESRI Forecasting Series,Kieran McQuinn; Conor O'Toole; Lea Hauser,no migration vocabulary,,,,,Ireland (State),contemporary,Macroeconomics,10.26504/qec2024spr,https://www.esri.ie/publications/quarterly-economic-commentary-spring-2024,https://www.esri.ie/system/files/publications/QEC2024SPR.pdf,keyword:work permit,"The Irish Economy – Overview While MDD and headline indicators such as GDP and GNP reported differing accounts of the direction of change in Irish economic activity in 2023, we expect growth across all main indicators of activity in 2024 and 2025. We now believe MDD will grow by 2.3 per cent in 2024 and by 2.5 per cent in 2025. The unemployment rate, another key indicator of underlying growth in the economy, is set to fall to 4.3 per cent in 2024 and to 4.2 per cent in 2025. The labour market continues to perform robustly and is now operating close to capacity. In addition, inflation is expected to decline throughout 2024 with a return to growth in real incomes. A critical challenge in managing the Irish economy in the period ahead will be dealing with the well documented infrastructure bottlenecks in an economy operating at capacity. Box D in the Commentary by FitzGerald and McQuinn notes a low level of investment to output (adjusting for multinational distortions) when compared to other countries. The pace and scale of required investment will have to be cognisant of broader capacity constraints apparent in the economy. The domestic economy will inevitably be influenced by global developments in 2024 and 2025. To that end, O’Toole, in Box C, discusses the global outlook focusing in particular on the downside risks. Internationally, growth rates are stabilising and disinflation is occurring somewhat more quickly than expected. If these conditions continue, it is likely to allow monetary authorities space to moderate official policy rates. However, geopolitical tensions and their impact on global trade flows add notable downside risk. The Commentary contains a number of Boxes focussing on the Irish residential market; McQuinn examines the likely future trend in the user cost of capital for housing, while Hauser focuses on the degree of ‘under-occupancy’ in the Irish market compared with other EU countries."
include,2024-03-22,Attitudes towards immigration and refugees in Ireland: Understanding recent trends and drivers,Jointly-published Reports,James Laurence; Frances McGinnity; Keire Murphy,"PDF: 124 pages, 434 Ireland mentions","immigration, international protection, migrants, refugees",434,124,"000 participants, 000 people, 000 respondents, 100 people, 277 people, 600 people, 71 respondents, 72 people",Ireland (State),contemporary,"Migration, Integration and Demography",10.26504/jr5,https://www.esri.ie/publications/attitudes-towards-immigration-and-refugees-in-ireland-understanding-recent-trends-and,https://www.esri.ie/system/files/publications/JR5_0.pdf,research_area:67; keyword:migrant; keyword:migration; keyword:immigrant; keyword:immigration; keyword:international protection; keyword:refugee; keyword:nationality; keyword:integration; keyword:work permit,"This report draws on several high quality, nationally representative surveys, along with a unique survey experiment, to conduct a comprehensive analysis of where attitudes towards immigration in Ireland currently stand today, how they have changed in recent years, how they differ for different types of migrants. What factors in people’s lives are associated with their attitudes towards migrants, immigration and the acceptability of protesting international protection arrivals?"
review,2024-03-18,The creation of culturally responsive school environments in Ireland: Factors that assist in reducing the gap between policy and practice,Journal Article,Merike Darmody,only ambiguous migration terms; no PDF on ESRI page (journal article or external),migration,,,data,Ireland (State),contemporary,Education,10.1177/14782103241240806,https://www.esri.ie/publications/the-creation-of-culturally-responsive-school-environments-in-ireland-factors-that,,keyword:migration; keyword:student migration,"Ireland’s cultural identity has transformed significantly in the past few decades as a result of large-scale inward migration. Consequently, the creation of culturally responsive school environments has become a major concern in policy discourses in recent years. Despite the prevalence of such discourses, research on the cultural responsiveness of the four major primary school types in Ireland, and what factors influence the gap between policy and practice across these school types has remained sparse. Addressing this lacuna in research, this exploratory multi-method study draws on data collected from teachers, principals, and parents. This study highlights several factors that assist students from culturally and religiously diverse backgrounds to develop a sense of school belonging and explores the challenges associated with implementing policies related to creating culturally responsive classrooms in Irish primary schools. This study holds international relevance as it highlights key factors facilitating schools’ response to the growing migration trend experienced throughout Europe."
exclude,2024-03-15,Use of pornography by young adults in Ireland,ESRI Research Series,Anne Nolan; Emer Smyth,no migration vocabulary,,,,growing up in ireland,Ireland (State),contemporary,Social Inclusion and Equality; Health and Quality of Life,10.26504/rs177,https://www.esri.ie/publications/use-of-pornography-by-young-adults-in-ireland,https://www.esri.ie/system/files/publications/RS177.pdf,keyword:work permit,"This report draws on the Growing Up in Ireland (GUI) study to look at pornography use among over 4,500 young adults at 20 years of age. Pornography use was captured as part of a module of questions on different types of internet use. The rich information provided by the GUI study allows us to explore the potential influence of a range of factors on pornography use and to examine the way use is related to key aspects of wellbeing and sexual behaviour among young adults. Pornography use is found to be highly gendered, with 64 per cent of young men and 13 per cent of young women reporting use. For this reason, analyses in the report look separately at the factors for young women and men."
exclude,2024-03-14,Survey instructions bias perceptions of environmental health risks,ESRI Working Paper,Shane Timmons; Alexandros Papadopoulos; Pete Lunn,no migration vocabulary; no Ireland reference,,,,"n = 800, participants, respondents, sample, survey, surveys",,contemporary,Behavioural Science,,https://www.esri.ie/publications/survey-instructions-bias-perceptions-of-environmental-health-risks,https://www.esri.ie/system/files/publications/WP775.pdf,keyword:nationality,"A basic function of government is to manage environmental risks. This requires measurement of how the public perceive different risks, but it is hard to measure risk perceptions in a neutral, unbiased way. In a pre-registered experiment with a nationally representative sample ( N = 800), we tested the effects of survey instructions on perceived risk from common environmental health hazards. Participants were randomised to read instructions that made salient a relatively unfamiliar hazard (electromagnetic fields; EMFs), a familiar hazard (carbon monoxide) or no hazard (i.e., that the study was about environmental health risks in general) before rating perceived risk of a series of hazards. Results showed an asymmetric salience effect. Instructions that highlighted EMFs elicited higher levels of perceived risk from EMFs, but perceptions of other hazards were unaffected. Instructions that made carbon monoxide salient did not affect perceptions of carbon monoxide, but diminished perceived risk from other hazards. Effects were observed on widely used rating scales and on a novel policy budget allocation task. In exploratory analyses, we further sought to test the relationship between perceived risk as elicited by rating scales and revealed risk perceptions. Results showed that how often respondents report thinking about a hazard day-to-day best predicted choices in a hypothetical budget task and self-reported mitigative behaviour, even when other dimensions of perceived risk, such as perceived severity of the consequences of exposure, were controlled for. The results have implications for designing surveys to measure perceived risk of environmental health hazards."
exclude,2024-03-07,Trust in cervical screening and attributions of blame for interval cancers following a national controversy,ESRI Working Paper,Olga Poluektova; Deirdre Robertson; Alexandros Papadopoulos; Pete Lunn,no migration vocabulary,,,,"findings, n=400, n=872, participants",Ireland (State),contemporary,Behavioural Science; Health and Quality of Life,,https://www.esri.ie/publications/trust-in-cervical-screening-and-attributions-of-blame-for-interval-cancers-following-a,https://www.esri.ie/system/files/publications/WP774_0.pdf,keyword:nationality,"This study investigated levels of trust and attributions of blame in connection with a cervical screening programme following a controversy related to the programme's audit, incorporating an experimental test of the effectiveness of new information materials. We compared responses in Ireland (N=872) to equivalent responses in Scotland (N=400). Participants in Ireland were randomly assigned to either a treatment group that received the information materials or a control group that did not. Participants then responded to questions about their trust in cervical screening and to whom they would attribute blame in a range of scenarios describing women diagnosed with cervical cancer between screening rounds. Results showed that the control group in Ireland had lower trust and attributed higher blame towards screening services than participants in Scotland. However, exposure to information materials in the treatment group improved trust and reduced blame. The findings suggest that public controversies influence perceptions of screening programmes and underscore the importance of transparent, choice-based communication in mitigating these effects. The findings have valuable implications for screening services worldwide as all screening programmes will have associated false negative and false positive results."
include,2024-02-29,Perceptions of migrant parental engagement in primary schools in Ireland,ESRI Research Bulletin,Merike Darmody; Emer Smyth,no PDF on ESRI page (journal article or external),"immigrant, migrant",,,"cohort, data, estimate, findings, growing up in ireland, qualitative, survey",Ireland (State),contemporary,"Migration, Integration and Demography",10.4337/9781839106361.00013,https://www.esri.ie/publications/perceptions-of-migrant-parental-engagement-in-primary-schools-in-ireland,,research_area:67; keyword:migrant; keyword:migration; keyword:immigrant; keyword:immigration; keyword:integration,"This Bulletin summaries the findings from: Devine, D., Smyth, E., Darmody, M. (2023), “Perceptions of immigrant parental engagement in primary schools in Ireland”, Chapter 8 in Halleli Pinson, Nihad Bunar, and Dympna Devine (Eds.), Research Handbook on Migration and Education, Edward Elgar. Available at: https://doi.org/10.4337/9781839106361.00013 Background to the study Parents’ engagement with their child’s school plays an important role in promoting positive attitudes to school and better educational outcomes. However, not all parents have the same level of familiarity with the system and cultural differences may lead to a lack of understanding on the part of teachers or parents. This research draws on Growing Up in Ireland Cohort ’08 data to provide new insights into home-school contact among migrant parents of primary schoolchildren. Data and methods When the children were five and nine years of age, the survey recorded four different types of contact (meeting informally, the parent talking to the teacher about the child’s behaviour, the parent asking about the child’s schoolwork and the teacher asking the parent to come into the school to discuss the child), as reported by teachers. These responses were combined to give an overall measure of the level of home-school contact. In addition, for each parent, a measure of teacher’s perceived interest was combined to distinguish between teacher reports of parents being (or, at least, seeming to be) either ‘very interested’ or less than ‘very interested’. Multivariate analyses were conducted to estimate the difference in teacher perceptions between migrant groups (UK, Western European, Eastern European, African, Asian and others) and Irish parents. The models looked at raw differences between the groups before controlling progressively for factors that might help explain these patterns. Results The findings highlight significant differences in the level of contact between teachers and Irish and Western European parents on the one hand, and those who are from Eastern Europe, Africa and Asia on the other. These differences were not evident on school entry but became apparent by the time the children were nine years of age. These differences cannot be explained by parental socio-economic background, the social mix of the school or teacher perceptions of the quality of their relationship with the child. In addition, at both five and nine years of age, teachers saw parents from Eastern Europe, Africa and Asia as having less interest in their children’s education than parents who were Irish, from the UK or Western Europe. Teachers saw parents as more interested if they had more contact with them. However, even where levels of contact were the same, teachers reported parents from Eastern Europe, Africa and Asia as having lower levels of interest in their children’s education. Conclusions and implications for policy The research findings suggest a cultural distance between teachers and non-Western European parents. That these differences can gradually emerge over time is of particular concern given the long-established association between teacher expectations and children’s learning. The Growing Up in Ireland data do not provide a ready explanation for these patterns. However, insights from qualitative research suggest that differing levels of knowledge of the system might undermine parents’ confidence to become more visible in their children’s education and that teachers may view migrant parents as hard to reach. The findings highlight the importance of understanding the circumstances of migrant parents and their ways of engagement with schools and the education of their children among teachers and school leaders. Only by developing their own intercultural competencies to challenge stereotypes and foster the capacity to recognise and work with the full range of diversities can schools become fully inclusive."
exclude,2024-02-23,Active travel infrastructure has more positive effects than people expect,ESRI Research Bulletin,Shane Timmons; Ylva Andersson; Féidhlim McGowan; Pete Lunn,non-human sense of migration (database); no Ireland reference,,,,"evidence, findings, qualitative",,contemporary,Behavioural Science; Climate,10.1002/wcc.878,https://www.esri.ie/publications/active-travel-infrastructure-has-more-positive-effects-than-people-expect,https://www.esri.ie/system/files/publications/RB202402.pdf,keyword:naturalisation; keyword:nationality,"This Bulletin summaries the findings from: Timmons, S., Andersson, Y., McGowan, F. P., & Lunn, P. D. (2024). Active travel infrastructure design and implementation: Insights from behavioral science. Wiley Interdisciplinary Reviews: Climate Change, e878. Available at: https://doi.org/10.1002/wcc.878 Introduction The transport sector is one of the largest contributors to climate change, with greenhouse gas emission continuing to grow. Modal shifts from car journeys to active travel (e.g., cycling, walking) in urban areas thus holds substantial potential for reducing greenhouse gas emissions, with knock-on benefits for air quality and public health. However, despite widespread concern about climate change, opposition to infrastructure change to facilitate active travel is widespread in multiple countries. The aim of this study was to review national and international evidence on how to design and implement active travel infrastructure from a behavioural science perspective. Method The review is narrative in nature, such that it gathers and analyses evidence relating to a broad set of research questions relevant to policymakers interested in implementing active travel infrastructure. These issues include, for example, the effects of active travel infrastructure change on the local economy, the importance of cycle lane design features and reasons for community opposition to change. The research team undertook database searches for research evidence in academic journals and policy publications, although only peer-reviewed studies are referenced. Over 180 papers are cited in the study. The review focuses on cycling given its prominence within this international literature. Findings The review first establishes that active travel infrastructure has impacts on communities. There is strong evidence that changes to the built environment boost rates of active travel, particularly among individuals living close to the new infrastructure. The evidence further shows that economic effects on local food and retail businesses tend to be positive or neutral, although effects on car-centric businesses (e.g., petrol stations) can be negative. Where schemes lead to increased active travel, there is generally a reduction in traffic congestion, although some studies observe small negative effects (around a four-minute increase in typical journey times). However, the degree of behaviour change can depend on design features and particularly those that influence perceptions of safety, especially among groups less likely to cycle (e.g., women and older people). There is reasonably strong evidence that safety and perceptions of safety are improved by segregating lanes from traffic using physical boundaries and distinguishing them by colour. Safety at intersections can be improved by using advance stop lines, providing dedicated priority lights for cyclists, raising cyclist crossings to the pavement level and implementing traffic calming measures such as speed limits of 30 km/h. Designs that further allow for full journeys to be made safely by foot or bike between popular areas, with limited breaks in infrastructure, also generate positive impacts. End-of-journey facilities such as bike parking near public transport or shower facilities at workplaces both help to promote use. There are relatively few studies that have quantitatively investigated public opinion of active travel schemes and tested predictors of support. Qualitative research with retail traders consistently show, however, that retail traders associate the presence of car parking spaces with turnover, despite contradictory empirical evidence. Research on community residents points to expectations that infrastructure change will increase in traffic congestion, again despite evidence that effects tend to be positive. Evidence from behavioural science more generally suggests that, in addition to overestimating the negative effects of infrastructure change, the public can underestimate the scale of environmental and health benefits of such schemes. The review also points to multiple psychological biases that may hinder support, including “status quo bias” (the preference for things to remain the same even if change is beneficial), “primacy effects” (overweighting of the first piece of information encountered about schemes), “messenger effects” (evaluations of information based on who it comes from rather than what it contains) and “collective illusion” (e.g., incorrect belief among supporters of schemes that they are in a minority). Trust in public institutions and perceptions of fairness also matter for support. Conclusions When designing active travel infrastructure, there is good evidence to support prioritising connectivity, proximity and safety over other design elements. Segregated, painted, one-way cycle lanes, dedicated priority lights at intersections, advance stop lines, traffic calming measures and direct routes accessible only by walkers and cyclists are ways to improve perceived and objective safety and, in turn, usage. Support for new active travel schemes is enhanced by early communication undertaken within an open and fair consultation. Messages that challenge status quo bias can help local residents to make up their minds about the benefits and disadvantages of change based on accurate perceptions and expectations. In particular, impacts on traffic, local businesses, and safety need to be addressed. However, more targeted research is required to understand public opinion of active travel initiatives and how communities respond to change."
exclude,2024-02-23,ESRI Nowcast (December 2023 estimate),Indices Report,Paul Egan,not a research publication (Indices Report),,,,,,,Macroeconomics,,https://www.esri.ie/publications/esri-nowcast-december-2023-estimate,https://www.esri.ie/system/files/publications/IR16_0.pdf,keyword:employment permit; keyword:work permit,"Using data available to 21st February 2024, we provide an update to our monthly estimate of modified domestic demand (MDD) using the ESRI’s Nowcasting model currently employed to support the forecasting exercise in the Quarterly Economic Commentary. We estimate that MDD grew 3.7% year-on-year in December 2023. This is up from the 2.5% estimate for November. December saw strong growth in residential property prices as well as an increase in industrial production across several sectors compared to 12 months ago. On the other hand, tightening of financial conditions relative to December 2022 put downward pressure on our monthly estimate. Based on a complement of data from October, November and December, our nowcast estimates MDD for 2023Q4 to be 2.9% above its level in 2022Q4."
exclude,2024-02-14,Response to the CRU National Energy Demand Strategy Consultation,ESRI Submission,Niall Farrell; Muireann Á Lynch,not a research publication (ESRI Submission),,,,,,,Energy and Environment,,https://www.esri.ie/publications/response-to-the-cru-national-energy-demand-strategy-consultation,https://www.esri.ie/system/files/publications/SUB202401.pdf,keyword:nationality,
exclude,2024-02-09,How public acceptance affects power system development—A cross-country analysis for wind power,Journal Article,John Curtis; Muireann Á Lynch; Valentin Bertsch,no migration vocabulary,,,,surveys,Ireland (State),contemporary,Energy and Environment,10.1016/j.apenergy.2024.122745,https://www.esri.ie/publications/how-public-acceptance-affects-power-system-development-a-cross-country-analysis-for,,keyword:nationality,"Community acceptance of renewable energy investments can limit the potential renewable power installation at regional and national level. We use stated preference surveys from Ireland and Germany to parameterise a European power system investment and operation model to determine the impact of public acceptance constraints on system outcomes. The consideration of public acceptance leads to small changes in total costs but large changes in regional results of investment decisions. Transmission investments increase the impact of acceptance constraints on final outcomes, relative to a scenario with no acceptance constraints. The impacts on technology choice, power flows and curtailment are system-specific."
exclude,2024-02-07,"The RTB Rent Index, Q3 2023",Indices Report,Rachel Slaymaker; Katie Devane; Janez Kren; Conor O'Toole,not a research publication (Indices Report),,,,,,,Macroeconomics; Housing,,https://www.esri.ie/publications/the-rtb-rent-index-q3-2023,,keyword:nationality,"Q3 2023 Rent Index Report includes information on rent levels in existing tenancies, as well as new tenancies. In November 2023, the RTB published the Existing Tenancy Rent Index for the first time. This marks the second time Existing Tenancy Rent Index indicators are available, providing insights into the rents paid by sitting tenants. Rent levels in existing tenancies are lower than in new tenancies: Nationally the standardised average rent in Q3 2023 was higher for new tenancies than for existing tenancies (€1,598 vs €1,357), a difference of €240.35 or 17.7% per month. Nationally, rent levels in both new and existing tenancies have increased: Nationally, in Q3 2023 the standardised average rent in new tenancies grew by 11.0% year-on-year and in existing tenancies grew by 5.2%. The standardised average rent for new tenancies in Dublin in Q3 2023 was €2,113, or €325 (18.2%) higher than the standardised average rent for existing tenancies which stood at €1,788. The standardised average rent for new tenancies in Cork in Q3 2023 was €1,386, or €216 (18.5%) higher than the standardised average rent for existing tenancies which stood at €1,170."
include,2024-01-31,"Contrasting housing supply in Ireland, Northern Ireland and the rest of the United Kingdom",ESRI Research Series,Wendy Disch; Paul Egan; Eoin Kenny; Kieran McQuinn,"PDF: 62 pages, 456 Ireland mentions",immigration,456,62,"808 persons, 847 people, 906 people, administrative, analysis of, census, data, estimate",NI and ROI/island,contemporary,Macroeconomics; Housing,10.26504/rs175,https://www.esri.ie/publications/contrasting-housing-supply-in-ireland-northern-ireland-and-the-rest-of-the-united,https://www.esri.ie/system/files/publications/RS175.pdf,keyword:immigrant; keyword:immigration; keyword:nationality; keyword:employment permit; keyword:work permit,"This report examines the Irish, Northern Irish, Welsh, Scottish, and English residential markets with a particular focus on their capacity to increase housing supply over the short to medium term. Our approach compares and contrasts how differences across the housing markets, in key costs of production, the regulatory environment and economic dynamics, have impacted the supply of housing. The report suggests that across all housing markets, but particularly in the Irish case, the traditional financial sector does not appear to be able to provide the requisite amount of credit for the level of housing activity which has been deemed necessary to meet the underlying structural demand for housing. With this in mind, increased Government investment in the form of expanding the level of social and affordable stock of housing available emerges as a key finding across all markets. The report highlights labour shortage in the construction sector as a key challenge for the expansion of housing supply across all housing markets discussed, with particular concern noted for the Northern Irish and overall UK markets related to the implications of Brexit and the UK’s withdrawal from the European Union which makes it more difficult for net immigration into the UK. With regard to planning systems, the report highlights strong similarities across housing markets where Local Authorities formalise development plans based on a housing strategy that is conceived at a national level. The report therefore suggests a greater degree of aggregation may be more practical in devising and implementing such development plans. The report highlights that the role of private developers across Ireland, Northern Ireland, Wales, Scotland and England, and how they operate in the market for land, is somewhat idiosyncratic compared to other European housing models. The report suggests that greater regulation in the provision of land for housing could help to reduce the role played by speculation in land prices, and hence lower the cost of a key factor of production. While the empirical section finds differing levels of relationships between supply and demand of housing across the various markets, the results presented in this report suggest that the higher the percentage increase of people employed in the construction sector, the more responsive the level of investment to a change in house prices. This suggests that a housing market with a greater increase in construction workers is less likely to face bottlenecks in different segments of the market in response to an increase in housing demand. This has interesting implications with regard to the construction industry’s capacity to meet the observed shortfall in supply witnessed particularly in Ireland and Northern Ireland. Finally, the report highlights the adoption of modern methods of construction (MMCs) and the importance of training and educational schemes, across both the Irish and Northern Irish markets, as a means of improving productivity levels in the construction sector in meeting climate action targets and increasing housing delivery on the Island of Ireland."
exclude,2024-01-29,Developing a framework to monitor rural development policy in Ireland: Opportunities and challenges,ESRI Research Series,Elish Kelly; Seamus McGuinness; Anne Devlin,no migration vocabulary,,,,"data, register",Ireland (State),contemporary,Labour Markets and Skills,10.26504/rs172,https://www.esri.ie/publications/developing-a-framework-to-monitor-rural-development-policy-in-ireland-opportunities,https://www.esri.ie/system/files/publications/RS172.pdf,keyword:work permit,"Policy evaluation is an essential tool of government as it ensures that the objectives of policies and programmes are being met and that tax revenues are being well spent. In many instances, policy evaluation involves using standard counterfactual analysis to measure the impact of a programme on a well-defined outcome variable, for example, the change in unemployment rates following the introduction of a wage subsidy offered to firms hiring persons on the Live Register. However, in many policy areas with wide-ranging and cross-cutting objectives, standard counterfactual analysis is not possible and policy evaluation takes the form of monitoring changes in key performance indicators (KPIs) that are linked to specific policy objectives or general well-being levels. Given the large-scale budgets associated with rural and community development, it is essential that Ireland’s data infrastructure is sufficient to allow for effective policy evaluation in these areas. The purpose of this study is to identify the KPIs most relevant to Irish rural development policy and to assess the extent to which these are currently available at the required spatial level."
exclude,2024-01-29,Practical guide to monitoring rural development policy in Ireland: Opportunities and challenges,ESRI Research Series,Elish Kelly; Seamus McGuinness; Anne Devlin,no migration vocabulary,,,,"data, register",Ireland (State),contemporary,Labour Markets and Skills,10.26504/rs173,https://www.esri.ie/publications/practical-guide-to-monitoring-rural-development-policy-in-ireland-opportunities-and,https://www.esri.ie/system/files/publications/RS173.pdf,keyword:work permit,"Policy evaluation is an essential tool of government as it ensures that the objectives of policies and programmes are being met and that tax revenues are being well spent. In many instances, policy evaluation involves using standard counterfactual analysis to measure the impact of a programme on a well-defined outcome variable, for example, the change in unemployment rates following the introduction of a wage subsidy offered to firms hiring persons on the Live Register. However, in many policy areas with wide-ranging and cross-cutting objectives, standard counterfactual analysis is not possible and policy evaluation takes the form of monitoring changes in key performance indicators (KPIs) that are linked to specific policy objectives or general well-being levels. Given the large-scale budgets associated with rural and community development, it is essential that Ireland’s data infrastructure is sufficient to allow for effective policy evaluation in these areas. The purpose of this study is to identify the KPIs most relevant to Irish rural development policy and to assess the extent to which these are currently available at the required spatial level."
exclude,2024-01-26,ESRI Nowcast (November 2023 estimate),Indices Report,Paul Egan,not a research publication (Indices Report),,,,,,,Macroeconomics,,https://www.esri.ie/publications/esri-nowcast-november-2023-estimate,https://www.esri.ie/system/files/publications/IR15_0.pdf,keyword:employment permit; keyword:work permit,"Using data available to 24th January 2024, we provide an update to our monthly estimate of modified domestic demand (MDD) using the ESRI’s Nowcasting model currently employed to support the forecasting exercise in the Quarterly Economic Commentary. We estimate that MDD grew 2.5% year-on-year in November 2023. This is up slightly from the 2.3% estimate for October. November saw a strong increase in tax revenue as well as an increase in consumer and business sentiment compared to 12 months ago. On the other hand, tightening of financial conditions relative to November 2022 as well as weaker retail sales data compared to twelve months ago put downward pressure on our monthly estimate. Based on all data for October, November and partial data for December, our early nowcast estimates MDD for 2023Q4 to be 2.5% above its level in 2022Q4."
include,2024-01-25,Caregiving among young adults in Ireland,ESRI Research Series,Helen Russell; Emer Smyth,"PDF: 91 pages, 153 Ireland mentions",migrant,153,91,"13 participants, 41 respondents, analysis of, census, cohort, data, dataset, estimate",NI and ROI/island,contemporary,Social Inclusion and Equality; Education,10.26504/rs168,https://www.esri.ie/publications/caregiving-among-young-adults-in-ireland,https://www.esri.ie/system/files/publications/RS168.pdf,keyword:migrant; keyword:naturalisation; keyword:work permit,"Care is fundamental to the fabric of social relationships and a significant proportion of the adult population is engaged in regular care for children and/or adults with illnesses or disabilities. Increasing attention internationally is being paid to the role of young carers (those under 18) and young adult carers (usually 18–25 years of age). However, much of the research conducted has been cross-sectional in nature and has focused on care for those with illnesses, rather than the full spectrum of care for others. This report draws on rich data on over 4,000 young people from Cohort ’98 of the Growing Up in Ireland (GUI) study to take a longitudinal perspective, documenting the profile of young adult carers at 17 and 20 years of age and exploring the implications of such caregiving for their wellbeing, relationships and educational pathways. In this study, we address the following research questions: 1. What is the profile of young adult carers, in terms of gender,social background, family size and structure, migrant status, urban/rural location, and own and parental illness/disability? To whom do they provide care and how much time do they allocate to caregiving? 2. What factors predict young people’s caring at ages 17 and 20? 3. How are care responsibilities associated with young people’s wellbeing, physical health and family relationships? 4. How are care responsibilities at age 17 associated with the post-school pathway pursued at age 20 (higher education, further education and labour market entry), controlling for other factors? Does a care role constrain postschool choices, either directly through ongoing involvement in care, or indirectly via a potential effect on academic performance?"
exclude,2024-01-25,Innovation and training needs to support Ireland’s transition to a low-carbon economy,Book/Report Chapter,Iulia Siedschlag,no migration vocabulary,,,,"data, findings, survey",Ireland (State),contemporary,"Competitiveness, Trade and FDI",,https://www.esri.ie/publications/innovation-and-training-needs-to-support-irelands-transition-to-a-low-carbon-economy,,keyword:nationality; keyword:integration,"Box 4.2 Innovation and training needs to support Ireland’s transition to a low-carbon economy Expert contribution from Iulia Siedschlag. Recent research commissioned by Skillnet Ireland (Siedschlag et al. 2022) found that developing new skills within the enterprise workforce was the top challenge that enterprises face associated with the implementation of Ireland’s Climate Action Plan in the medium term. Other key challenges include improving the way in which resources are used in their supply chain to reduce emissions and improving energy efficiency of processes, buildings and transport. The research findings highlighted the importance of supporting business leaders in establishing sustainability strategies to enable the innovation needed for Ireland’s transition to a low-carbon economy. The research also identified digital skills as a key factor for enabling enterprises’ capacity to innovate and to support the transition to a low-carbon economy in all sectors. Against this background, using the most recent data available from the survey on e-commerce and ICT (Eurostat 2021), this research found that the demand for digital skills in the enterprise sector in Ireland is not sufficiently met, as a large proportion of enterprises had difficulties in recruiting for jobs requiring ICT specialist skills. Taken together, the results of this research suggested that tailored training programmes to each sector and enterprise group and at different stages in the transition to a low-carbon economy would help businesses to better act and manage the transition to a low-carbon economy. The report also recommended that enhancing collaboration and coordination of different initiatives across government departments and agencies would be important to ensure accessibility and maximise benefits. In response to this research, the Climate Ready Academy, a national upskilling initiative led by Skillnet Ireland in partnership with Chambers Ireland, has recently launched a Sustainability Leaders Programme that supports enterprise managers in integrating sustainability into their business strategy"
exclude,2024-01-23,"Degree of “ableism” depends on disability, gender and the social context",ESRI Research Bulletin,Shane Timmons; Frances McGinnity; Eamonn Carroll,"no Ireland reference; PDF: 2 pages, 0 Ireland mentions",discrimination,0,2,"data, evidence, findings, participants, sample",,contemporary,Behavioural Science; Social Inclusion and Equality,10.1111/bjso.12696,https://www.esri.ie/publications/degree-of-ableism-depends-on-disability-gender-and-the-social-context,https://www.esri.ie/system/files/publications/RB202401.pdf,keyword:nationality; keyword:discrimination,"This Bulletin summaries the findings from: Timmons, S., McGinnity, F., & Carroll, E. (2023). Ableism differs by disability, gender and social context: Evidence from vignette experiments. British Journal of Social Psychology. Available at: https://doi.org/10.1111/bjso.12696 Introduction Many people with disabilities face stigma, prejudice and discrimination because of their disability. Some may experience higher levels of this “ableism” due to negative stereotypes of the type of disability they have or because of other characteristics, such as their gender. Our aim was to test whether the public judge potential forms of discrimination differently depending on an individual’s disability and gender. We were interested in judgements of potential discrimination towards a disabled person and judgements of how people with disabilities behave. Data and Methods A nationally representative sample of 2,000 adults took part in the experimental study online. They read short descriptions of different social scenarios relevant for people with disabilities: a job candidate failing to secure a role; a single parent starting a new relationship; a welfare recipient refusing poorly paid work; a schoolchild being placed on a reduced timetable; and a community resident protesting against people with disabilities being housed in their neighbourhood. The study used an experimental design and participants were randomised to read one of three different versions of each scenario. The descriptions varied by three factors: whether the individual had a disability, the type of disability (e.g., a physical disability or a mental health condition) and their gender. Participants rated how acceptable the action in each scenario was. Although no scenario described an explicit form of discrimination, the logic was that using an experimental design allows any differences in judgements between types of disabilities (or gender) to be attributed to differences in how people perceive the disability in question; judging the same action to be more or less acceptable for someone with a disability than without is a signal for ableist attitudes. At the end of the study, participants reported whether they have a family member, friend or colleague who has a disability, in addition to socio-demographic characteristics like their age, gender and level of educational attainment. Results The findings show broadly positive attitudes towards people with disability. However, the degree of ableism depended on the scenario and the type of disability. Despite everything else being equal, participants judged it to be more acceptable to restrict the school timetable of a child with autism than one with a speech and language disorder and to not hire a candidate with an anxiety disorder than a candidate with a spinal disorder. They also judged it more acceptable to protest housing former mental health patients in a community than former patients with intellectual disabilities. Gender also mattered for some judgements. Participants judged it to be much more acceptable for a male wheelchair user to start a new relationship than a female wheelchair user, but there was no gender difference when the individual had an intellectual disability. Participants judged it equally acceptable for welfare recipients to refuse poorly paid work, regardless of whether they had a disability. Across all scenarios, participants who reported being close to someone with a disability (e.g., their parent, child or partner) were less include to make ableist judgements, suggesting that being familiar with disabled people and the challenges they face may reduce ableism. Conclusions The findings imply that negative stereotypes of some disabilities may be lead to higher levels of ableist judgements. Although there are differences across the type of disabilities used in the study, a general pattern was for mental health conditions, intellectual disabilities and autism to be judged more negatively than physical or sensory disabilities, despite everything else in the scenario being the same. The finding that physically disabled women are judged more negatively than physically disabled men with respect to having relationships implies that other characteristics of individuals with disability may exacerbate the challenges they face. The results highlight the need for the further research on the forms ableism can take and to identify groups most at risk. The link between being close to someone with a disability and more positive judgements suggests that increasing the inclusion of disabled people in communities may help to combat ableism."
exclude,2024-01-20,Primacy effects in the formation of environmental attitudes: The case of mineral exploration,Journal Article,Olga Poluektova; Hannah Julienne; Deirdre Robertson; Pete Lunn,no migration vocabulary; no Ireland reference,,,,"findings, n = 1000, participants, sample",,contemporary,Behavioural Science,10.1016/j.jenvp.2024.102248,https://www.esri.ie/publications/primacy-effects-in-the-formation-of-environmental-attitudes-the-case-of-mineral,,keyword:integration,"Highlights Public support for green developments hinges on the first information people receive. Early expression of attitudes makes individuals less receptive to conflicting information. Counteracting primacy effect requires presenting opposing information without repeating the initial information. High environmental concern may hinder support for green developments if they pose environmental risks. Strong place attachment correlates with reduced support for developments involving changes to people’s localities. Abstract Transitioning to the green economy relies on new developments that may change people's localities and involve certain risks. This study investigates how people form opinions about such developments, using mineral exploration and mining as an example. A representative sample (N = 1000) participated in a pre-registered online experiment. They were randomly assigned to (i) read information supporting or opposing mining, (ii) either state their position on the topic after reading this information or not, (iii) read counterarguments from the opposing perspective presented either alongside the original information or in isolation. We recorded a primacy effect: the first information that participants read biased subsequent opinion. This effect was reinforced when people were prompted to articulate their attitude before being exposed to the counterarguments and when they read counterarguments that integrated information about both risks and benefits of mining. These findings underscore the importance of the first information on the topic one encounters and suggest that opinions formed on the basis of this information can be difficult to change."
exclude,2024-01-18,Dispersed settlement patterns can hinder the net-zero transition: Evidence from Ireland,Journal Article,John Curtis,no migration vocabulary,,,,"data, estimate, evidence, we find",Ireland (State),contemporary,Energy and Environment; Climate,10.1016/j.esr.2024.101296,https://www.esri.ie/publications/dispersed-settlement-patterns-can-hinder-the-net-zero-transition-evidence-from-ireland,,keyword:integration,"Limiting the growth of final energy demand helps meet the steep greenhouse gas (GHG) reduction trajectories required to address climate change, and can also bring wider sustainability benefits. Integrated Assessment Modelling (IAM) and energy systems modelling analyses are increasingly including low energy demand (LED) measures in GHG mitigation scenarios, but their granularity and empirical basis is typically low, limiting actionable insights. Here, we contribute to addressing this gap by examining the role of spatial settlement patterns as a driver of energy service demand, particularly in the transport and residential sectors. We focus on Ireland, which has enacted ambitious decarbonisation commitments in law, that are challenging to deliver partially due to a large proportion of the population living in rural one-off housing. We perform exploratory data analysis to estimate the mathematical relationship between various energy service demands and the dispersal of population, and calculate the energy service demand level and CO2 emissions per capita at various population densities. We also review the indirect impact spatial settlement patterns have on climate mitigation, via the viability of enabling low-carbon infrastructure. We find that higher density settlement patterns are associated with lower energy service demands and greater potential for infrastructure to enable the low carbon transition. We also find that residential and transport GHG emissions are, respectively, 62% and 52% lower for populations living in the highest density regions than in the lowest. Finally, we discuss a path forward for incorporating this empirical analysis into future mitigation scenarios."
exclude,2024-01-18,Small Area Poverty Estimation by Conditional Monte Carlo,ESRI Working Paper,Niall Farrell,no migration vocabulary; no Ireland reference,,,,"data, estimates, estimation, microdata",,contemporary,Energy and Environment,,https://www.esri.ie/publications/small-area-poverty-estimation-by-conditional-monte-carlo,https://www.esri.ie/system/files/publications/WP773_0.pdf,keyword:discrimination,"Small area poverty estimates are important for social and economic policy, however the required data are often unavailable. This paper presents a Small Area Estimation (SAE) technique called Conditional Monte Carlo (CMC). CMC provides robust estimates of small area poverty rates, subject to fewer restrictive assumptions than existing methods. We present a theoretical derivation followed by a numerical validation. Using Mexican data, CMC replicates small area poverty rates with precision, successfully controlling for unobserved heterogeneity in the relationship between predictor and outcome variables through discriminate microdata sampling. CMC produces spatially-referenced microdata, providing a platform for agent-based modelling and microsimulation analysis."
exclude,2024-01-13,A European unemployment benefit to protect atypical workers?,Journal Article,Agathe Simon,no migration vocabulary; no Ireland reference,,,,results show,,contemporary,"Taxation, Welfare and Pensions",10.1007/s11205-023-03276-6,https://www.esri.ie/publications/a-european-unemployment-benefit-to-protect-atypical-workers,,keyword:nationality; keyword:temporary protection,"This paper evaluates the potential of a common unemployment insurance scheme for the Economic and Monetary Union (EMU-UI) to improve income protection of atypical workers, namely those in part-time and temporary contracts. Our approach relies on simulating entitlements to national unemployment insurance and the EMU-UI to assess their effects on the household disposable income of atypical workers in the event of unemployment. Our results show that the introduction of an EMU-UI would reduce coverage gaps and increase net replacement rates, especially for atypical workers, and would protect a large share of the workforce against the risk of poverty. Extending eligibility for the EMU-UI to the self-employed would further improve income protection, reducing their risk of falling into poverty in the event of unemployment."
include,2024-01-12,Capacity constraints: chapter 2 in The National Development Plan in 2023: priorities and capacity,Book/Report Chapter,Alan Barrett,no PDF on ESRI page (journal article or external),immigration,,,estimate,Ireland (State),contemporary,Macroeconomics; Housing,10.26504/sustat123,https://www.esri.ie/publications/capacity-constraints-chapter-2-in-the-national-development-plan-in-2023-priorities-and,,keyword:immigrant; keyword:immigration; keyword:nationality; keyword:work permit,"The economy is performing exceptionally strongly at the moment, and this is reflected in the current rate of unemployment – 3.8 per cent – which is historically low in modern times. Noting limits to increased labour supply from sources such as increased participation and increased immigration, it is clear that the economy – and hence the NDP – faces severe capacity constraints. Some studies are reviewed which sought to quantify the amount of labour needed to deliver on some of Ireland’s investment needs. For example, the Expert Group on Future Skills Needs (2021) asked how many additional construction workers would be needed to raise housing output from a level of 20,000 units in 2020 to 33,000 in 2025. Looking at ‘direct’ employees and ‘indirect’ (which is supply-chain related), they estimate that approximately 40,000 full-time equivalent employees were required to build 20,000 housing units and so an extra 26,000 would be needed to reach an output of 33,000 units. Based on this and other studies, including the analysis in the Energy chapter of this report, it is clear that an accelerated NDP will create levels of labour demand in the construction sector where supply is simply unavailable. We go on to ask what the effect might be of injecting additional demand into such a constrained setting. Referring back to earlier ESRI work from 2006 and from more recent simulations using macroeconomic models, it seems likely that such additional demand would lead to construction wage inflation and the drawing of labour away from other sectors. However, the models could well be underestimating the inflationary impact. With the unemployment rate at a historically low level, previous trends suggest that the relationship between the unemployment rate and the inflation rate might not be linear. Instead, inflation might accelerate as unemployment is lowered. The effect of this would be to raise the cost of delivering capital expenditure, and spillover inflationary effects are also possible. However, we should also note that in the medium term, the successful delivery of NDP projects including housing should lead to a reduction in inflationary pressures."
include,2024-01-12,The National Development Plan in 2023: priorities and capacity,ESRI Survey and Statistical Report Series,,"PDF: 130 pages, 245 Ireland mentions","refugees, ukrainian",245,130,"analysis of, case study, census, data, estimate, estimated, estimates, estimation",NI and ROI/island,contemporary,Housing; Macroeconomics; Energy and Environment; Health and Quality of Life; Education,10.26504/sustat123,https://www.esri.ie/publications/the-national-development-plan-in-2023-priorities-and-capacity,https://www.esri.ie/system/files/publications/SUSTAT123_3.pdf,keyword:refugee; keyword:Ukrainian; keyword:nationality; keyword:work permit,"When the current National Development Plan (NDP) was launched in 2018, it identified a clear need for substantial public investment in Ireland and set out an ambitious programme for this investment. The needs were set out again with the launch of the renewed NDP in 2021, along with an updated set of projects. In spite of the ambition which underpinned the NDP, the latest information which informs the scale of investment needed suggests that the earlier level of ambition may have underestimated what is needed. Population growth is exceeding expectations, partly as a result of the inflow of Ukrainian refugees, and targets on greenhouse gas emissions look increasingly challenging. In the absence of any constraints, the obvious response at this point would be to increase the near-term ambition of the NDP through higher spending allocations and the acceleration of projects which are at various stages of readiness. However, the existence of capacity constraints largely in the form of labour shortages implies that the policy options which would apply in an unconstrained setting may not be optimal in the immediate future. In essence, an accelerated NDP risks generating increased inflation in the construction sector whereby the costs of delivery increase. This conflict between the need for public investment and the constraints on investment provides the context for this report, and the challenge is to provide high-level guidelines on how the conflict can be managed."
exclude,2024-01-12,Housing: chapter 3 in The National Development Plan in 2023: priorities and capacity,Book/Report Chapter,Eoin Kenny; Kieran McQuinn,no migration vocabulary; no Ireland reference,,,,census,,contemporary,Macroeconomics; Housing,10.26504/sustat123,https://www.esri.ie/publications/housing-chapter-3-in-the-national-development-plan-in-2023-priorities-and-capacity,,keyword:nationality; keyword:work permit,"A key point to emerge in this chapter on housing is the likelihood that existing targets for housing supply might understate need, given the stronger than expected increase in the population seen in the recent release of results from Census 2022. This chapter also recognises the capacity constraints which confront efforts to increase output. However, it is noted that increased housing output should dampen the price of existing houses and rents. Hence any increase in the costs of new building arising from increased investment could be offset by an easing in housing costs."
exclude,2024-01-12,Introduction: chapter 1 in The National Development Plan in 2023: priorities and capacity,Book/Report Chapter,Alan Barrett,no migration vocabulary; no Ireland reference; no abstract to verify,,,,,,contemporary,Macroeconomics; Housing,10.26504/sustat123,https://www.esri.ie/publications/introduction-chapter-1-in-the-national-development-plan-in-2023-priorities-and,,keyword:nationality; keyword:work permit,
exclude,2024-01-12,Energy: chapter 4 in The National Development Plan in 2023: priorities and capacity,Book/Report Chapter,Pranav Kakkar; Niall Farrell; Muireann Á Lynch,no migration vocabulary; no Ireland reference; no abstract to verify,,,,,,contemporary,Energy and Environment,10.26504/sustat123,https://www.esri.ie/publications/energy-chapter-4-in-the-national-development-plan-in-2023-priorities-and-capacity,,keyword:nationality; keyword:work permit,
exclude,2024-01-12,Transport: chapter 5 in The National Development Plan in 2023: priorities and capacity,Book/Report Chapter,John Curtis,no migration vocabulary; no Ireland reference; no abstract to verify,,,,,,contemporary,Energy and Environment,10.26504/sustat123,https://www.esri.ie/publications/transport-chapter-5-in-the-national-development-plan-in-2023-priorities-and-capacity,,keyword:nationality; keyword:work permit,
exclude,2024-01-12,"Health, chapter 6 in The National Development Plan in 2023: priorities and capacity",Book/Report Chapter,Sheelah Connolly,no migration vocabulary; no Ireland reference; no abstract to verify,,,,,,contemporary,Health and Quality of Life,10.26504/sustat123,https://www.esri.ie/publications/health-chapter-6-in-the-national-development-plan-in-2023-priorities-and-capacity,,keyword:nationality; keyword:work permit,
exclude,2024-01-12,Education: chapter 7 in The National Development Plan in 2023: priorities and capacity,Book/Report Chapter,Emer Smyth,no migration vocabulary; no Ireland reference; no abstract to verify,,,,,,contemporary,Education,10.26504/sustat123,https://www.esri.ie/publications/education-chapter-7-in-the-national-development-plan-in-2023-priorities-and-capacity,,keyword:nationality; keyword:work permit,
exclude,2024-01-12,Cross-cutting themes: chapter 8 in The National Development Plan in 2023: priorities and capacity,Book/Report Chapter,Kelly C de Bruin; John Curtis; Conor O'Toole; Alan Barrett,no migration vocabulary,,,,,Ireland (State),contemporary,Energy and Environment; Climate,10.26504/sustat123,https://www.esri.ie/publications/cross-cutting-themes-chapter-8-in-the-national-development-plan-in-2023-priorities-and,,keyword:nationality; keyword:work permit,"Climate considerations are crucial in policy-setting due to the urgency of climate change. By incorporating climate factors into policy decisions, governments can effectively address climate change while advancing multiple societal goals. Climate will need to play an overarching role in policy-making across the board, particularly given Ireland’s ambitious emission reduction target. Ireland has committed to reducing its greenhouse gas (GHG) emissions by 51 per cent by 2030 compared to 2018 (Government of Ireland, 2021a; 2023) and an alignment between climate policies to reach this target and government investment plans is essential. This chapter discusses Ireland’s climate commitments, national policies and EU policies in regard to the NDP and the challenges that we face in reaching this target."
exclude,2024-01-12,Drawing conclusions and providing prioritisation principles: chapter 9 in The National Development Plan in 2023: priorities and capacity,Book/Report Chapter,Alan Barrett; Sheelah Connolly; John Curtis; Niall Farrell; Kelly C de Bruin; Eoin Kenny; Muireann Á Lynch; Kieran McQuinn; Emer Smyth,no migration vocabulary; no Ireland reference; no abstract to verify,,,,,,contemporary,Macroeconomics,10.26504/sustat123,https://www.esri.ie/publications/drawing-conclusions-and-providing-prioritisation-principles-chapter-9-in-the-national,,keyword:nationality; keyword:work permit,
exclude,2024-01-09,Long-term residential care in Ireland: Developments since the onset of the COVID-19 pandemic,ESRI Research Series,Brendan Walsh; Sheelah Connolly,no migration vocabulary,,,,000 people,Ireland (State),contemporary,Health and Quality of Life,10.26504/rs174,https://www.esri.ie/publications/long-term-residential-care-in-ireland-developments-since-the-onset-of-the-covid-19,https://www.esri.ie/system/files/publications/RS174.pdf,keyword:work permit,"Long-term residential care (LTRC) is a key component of health and social care in Ireland. Prior to the pandemic, over 32,000 people used LTRC. As the population grows, especially at older ages, the importance of a LTRC sector that meets the needs of the population increases. The COVID-19 pandemic had a significant impact on the LTRC sector in Ireland and internationally. LTRC residents saw high rates of COVID-19 infection and disproportionately high rates of deaths from COVID-19. At the same time, the pandemic also presented a number of challengesfor LTRC workers, operators and regulators. These challenges may inhibit the sustainability of the sector. The aim of this report is to examine how COVID-19 impacted the LTRC sector, and the changes in the sector that occurred since the onset of the pandemic. This report is one of a number of outputs from a Research Collaborative in Quality and Patient Safety (RCQPS) funded project1 that examines LTRC and COVID-19 in Ireland. The report will set the scene for later work which seeks to provide recommendations to help ensure the sustainability of the LTRC sector in the medium term."
exclude,2023-12-29,Term-time employment and the long transition to the labor market,Book/Report Chapter,Emer Smyth,no migration vocabulary,,,,"data, growing up in ireland",Ireland (State),contemporary,Social Inclusion and Equality,10.1007/978-981-4451-96-3_86-1,https://www.esri.ie/publications/term-time-employment-and-the-long-transition-to-the-labor-market,,keyword:naturalisation,"Increasing educational participation rates in many countries have led to a delayed transition to full-time employment for young adults. As a result, many young people have their first exposure to paid work while they are studying full-time. Ireland is an interesting case-study in this respect as the majority of young people now attend higher education. This chapter draws on rich Growing Up in Ireland data to look at the profile of those engaging in term-time employment from 13 to 20 years of age. This profile is found to change over the life course, with more disadvantaged groups engaging in employment at a young age but fewer background differences found later in secondary or higher education. Patterns of part-time employment reflect broader labor market conditions, with rates among secondary students declining in the recession and increasing with economic recovery. The costs associated with higher education participation and the nature of supports available to students play an important role in shaping participation. Student employment rates have increased in the past decade as accommodation costs have increased. High costs and the failure of State grants to keep pace with living standards have meant that financial support from parents and part-time employment are the main ways of financing higher education participation. The chapter points to the importance of examining part-time employment from both a life-course and an institutional perspective."
exclude,2023-12-21,ESRI Nowcast (October 2023 estimate),Indices Report,Paul Egan,not a research publication (Indices Report),,,,,,,Macroeconomics,10.26504/ir14,https://www.esri.ie/publications/esri-nowcast-october-2023-estimate,https://www.esri.ie/system/files/publications/IR14.pdf,keyword:employment permit; keyword:work permit,"Using data available to 20th December 2023, we provide an update to our monthly estimate of modified domestic demand (MDD) using the ESRI’s Nowcasting model currently employed to support the forecasting exercise in the Quarterly Economic Commentary. We estimate that MDD grew 2.3% year-on-year in October 2023. October once again saw increases in the price of both goods and services as well as strong growth in a number of output sectors such as food production compared to October 2022. On the other hand, tightening of financial conditions relative to October 2022 as well as weaker retail sales data compared to twelve months ago put downward pressure on our monthly estimate. Based on all data for October and partial data for November, our early nowcast estimates MDD for 2023Q4 to be 2.5% above its level in 2022Q4. This is up from the 2.0% estimated in the Winter QEC earlier this month."
exclude,2023-12-18,"Childcare in Ireland: Usage, affordability and incentives to work",Journal Article,Karina Doorley; Dora Tuda; Alyvia McTague; Mark Regan,no migration vocabulary,,,,,Ireland (State),contemporary,"Taxation, Welfare and Pensions",,https://www.esri.ie/publications/childcare-in-ireland-usage-affordability-and-incentives-to-work-0,,keyword:nationality,"Successive reports have put childcare costs in Ireland at among the highest in the OECD. In this paper we investigate the usage and cost of childcare in Ireland, profiling those experiencing high childcare costs by income quintile, family type and number and age of children. We show how the National Childcare Scheme is likely to improve the affordability of childcare in Ireland while pointing out features of the scheme that may disincentivise work. Lastly, we simulate a number of reforms to the National Childcare Scheme, showing how affordability and incentives to work are likely to be affected by the alteration of specific parameters of the subsidy."
exclude,2023-12-14,"Quarterly Economic Commentary, Winter 2023",ESRI Forecasting Series,Kieran McQuinn; Conor O'Toole; Eoin Kenny; Lea Hauser,no migration vocabulary,,,,,Ireland (State),contemporary,Macroeconomics,10.26504/qec2023win,https://www.esri.ie/publications/quarterly-economic-commentary-winter-2023,https://www.esri.ie/system/files/publications/QEC2023WIN.pdf,keyword:naturalisation; keyword:work permit,"Forecast Overview: While the underlying Irish economy as measured by modified domestic demand (MDD) continues to grow, it is clear that external sources of growth are slowing somewhat. Global conditions continue to moderate as households and firms in most Western economies are facing elevated costs of finance through higher interest rates. This has implications for the domestic economy given its small and open nature. However, the moderating impact on the Irish economy is compounded by the slowdown in growth rates experienced by sectors which have been central to the recent strong growth performance. Exports and investment levels in the domestic economy, for example, have registered negative growth rates in recent quarters principally due to the slowdown in multinational-related activities. Despite this, MDD is still growing at a consistent rate of approximately 0.6 per cent, and other indicators such as Exchequer receipts and the labour market variables all indicate resilient domestic growth. We expect MDD to grow at an average of 2 per cent in 2024. The recent Budget was a sizeable package with an additional expenditure level of approximately €14 billion being outlined for the coming year. While there were elements in the Budget which were laudable, overall the package was quite stimulatory and would have benefitted from being more targeted in nature. This is particularly the case given the persistence observed in the rates of CPI inflation. We now forecast that inflation will be 6.4 per cent in 2023 before falling to a still elevated rate of 2.9 per cent in 2024. A Special Article to the Commentary by Doorley et al. presents the annual distributional review of the impacts of the Budget. Doorley et al. conclude that the Budget left households across the income distribution better off by just over 2 per cent, with the lowest income quintile benefitting the most by 5 to 6 per cent of disposable income. They also note that policymakers should move away from the use of temporary measures to compensate households for the presence of inflation."
exclude,2023-12-12,Distributional impact of tax and welfare policies: Budget 2024,QEC Special Article,Karina Doorley; Luke Duggan; Agathe Simon; Dora Tuda,no migration vocabulary; no Ireland reference,,,,"estimate, we analyse",,contemporary,"Taxation, Welfare and Pensions",10.26504/QEC2023WIN_SA_Doorley,https://www.esri.ie/publications/distributional-impact-of-tax-and-welfare-policies-budget-2024,https://www.esri.ie/system/files/publications/QEC2023WIN_SA_Doorley_2.pdf,keyword:work permit,"In this Special Article we analyse the distributional impact of Budget 2024. Similar to last year, many reforms in this budget were temporary measures specifically aimed at combatting cost of living pressures. Compared to a baseline pegged to wage growth, we estimate that Budget 2024 will leave households across the income distribution better off, by 2.1 per cent of disposable income on average. The lowest income quintile of households experience the largest relative gain (5-6 per cent of disposable income) but the lowest cash gain (€13-€17 per week). Much of the income gain is driven by temporary measures, although there are above-wage-growth increases to many permanent parameters of the tax-benefit system too. We show that from 2020 to 2024, permanent changes to the tax and welfare system have resulted in small average income losses (-0.5 per cent of disposable income) compared to policy changes pegged to wage growth. We suggest that policymakers should move away from the use of temporary measures to compensate households for rising prices and should consider the adequacy of welfare payments to provide an appropriate standard of living at current market prices."
exclude,2023-12-07,Monthly payment plans increase willingness-to-pay for energy efficient vehicles,ESRI Research Bulletin,Féidhlim McGowan; Pete Lunn,no migration vocabulary; no Ireland reference,,,,"data, findings, participants, sample",,contemporary,Behavioural Science,10.1016/j.reseneeco.2023.101404,https://www.esri.ie/publications/monthly-payment-plans-increase-willingness-to-pay-for-energy-efficient-vehicles,https://www.esri.ie/system/files/publications/RB202315.pdf,keyword:nationality,"This Bulletin summaries the findings from: McGowan, F. P., Denny, E., & Lunn, P. D. (2023). Looking beyond time preference: Testing potential causes of low willingness to pay for fuel economy improvements. Resource and Energy Economics, 75, 101404. Available at: https://doi.org/10.1016/j.reseneeco.2023.101404 Introduction The climate crisis requires a rapid shift to more energy-efficient vehicles to reduce carbon emissions. A barrier to this change for many people is the upfront financial cost. When consumers buy cars and domestic appliances, some options are more expensive but would recover more than the price difference through lower running costs over time. However, people purchase these options less often than such economic calculations would predict. This gap between predicted and actual take-up of energy efficient technologies is called the ‘energy paradox’. Understanding and countering the energy paradox matters for climate policy. The leading explanation for the energy paradox is ‘time discounting’, which is the idea that people simply care less about what they might have to pay in the future compared to what they pay now. However, other explanations are possible. This study used a controlled experiment to test alternatives to time discounting as explanations for the energy paradox. One alternative is the idea that when people intuitively sum up a sequence of numbers – such as expected fuel savings that accrue over time – they systematically underestimate the total. Data and methods A nationally representative sample of 2,368 car buyers took part in an online experiment. They were presented with a scenario and asked to make a decision about leasing a plug-in hybrid vehicle for three years. The lease required a deposit and 36 monthly payments. They chose between just two options, which were identical except one car had better fuel efficiency. We displayed the fuel cost for each car for a typical amount of driving. Participants were asked: “How much extra would you be willing to pay for the more fuel-efficient car?” They typed a figure to indicate their willingness-to-pay (WTP). The logic of the experiment was to randomise participants into different groups and to vary both how the payments were scheduled over the 36 months and how the fuel cost savings were framed. For the payments, participants were asked how much more they would be willing to pay in one of three ways: upfront, yearly or monthly. Similarly, the fuel costs were displayed in one of three ways: totalled over the three years, annual cost or monthly cost. In this way, we could see whether the amount extra that people would pay for the more fuel-efficient car was more affected by when they had to pay (time discounting) or by how much weight they gave in their decisions to sums of smaller amounts (the alternative explanation). Results Consumers who were asked to make an additional monthly payment had higher WTP than those asked to do so annually or upfront. By contrast, displaying the fuel cost saving over a longer period of time (three-year savings or annual savings) resulted in higher WTP than framing fuel savings as per month, although the impact on what people would pay was smaller than the effect of varying the payment schedule. Most importantly, this pattern of results could not be explained simply by people discounting future payments and savings compared to immediate ones. The variation in how much people were willing to pay for a car was consistent with people giving too little weight to sums of smaller amounts. Conclusions Our findings suggest that the energy paradox is not caused by people simply discounting payments and savings in the future, but is partly down to consumers placing insufficient weight on sums of smaller amounts when they make purchases. The results hence give guidance on possible ways to overcome the paradox and to promote decisions that are better for reducing greenhouse gas emissions while providing consumers with long-term savings. Prices that are paid in multiple small instalments or fuel economy descriptions that aggregate the savings into annual or longer-term savings are likely to lead to more investment in energy-efficient products. Government grant schemes (and communication of such schemes) for electric vehicles and household retrofitting could benefit from these insights. The consumer biases demonstrated in our study also imply scope for regulatory intervention to promote product descriptions that help consumers to make better long-term decisions."
exclude,2023-12-05,Public consultation to inform a national strategy for migrant integration: Submission from the Economic and Social Research Institute,ESRI Submission,Frances McGinnity; Emma Quinn; James Laurence; Keire Murphy,not a research publication (ESRI Submission),,,,,,,"Migration, Integration and Demography",,https://www.esri.ie/publications/public-consultation-to-inform-a-national-strategy-for-migrant-integration-submission,https://www.esri.ie/system/files/publications/SUB202303_0.pdf,research_area:67; keyword:migrant; keyword:migration; keyword:nationality; keyword:integration,
include,2023-12-01,Perceptions of immigrant parental engagement in primary schools in Ireland,Book/Report Chapter,Merike Darmody; Emer Smyth,no PDF on ESRI page (journal article or external),"immigrant, migrant",,,"analysis of, data, qualitative",Ireland (State),contemporary,"Education; Migration, Integration and Demography",10.4337/9781839106361.00013,https://www.esri.ie/publications/perceptions-of-immigrant-parental-engagement-in-primary-schools-in-ireland,,research_area:67; keyword:migrant; keyword:migration; keyword:immigrant; keyword:immigration; keyword:nationality; keyword:integration,"There is a large body of research on parents’ engagement with schools but much less is known about whether this differs for migrant and native parents. The chapter draws on national-level data in relation to teacher perceptions of immigrant parent contact with them, and interest in, their children’s education, in addition to qualitative analysis of patterns of engagement between immigrant parents and their teachers/principals in a number of primary schools."
exclude,2023-12-01,"Inward foreign direct investment, superstar firms and wage inequality between firms: Evidence from European regions",ESRI Working Paper,Juan Duran Vanegas; Iulia Siedschlag,no migration vocabulary; no Ireland reference,,,,"data, evidence, we find",,contemporary,"Competitiveness, Trade and FDI",,https://www.esri.ie/publications/inward-foreign-direct-investment-superstar-firms-and-wage-inequality-between-firms,https://www.esri.ie/system/files/publications/WP770.pdf,keyword:foreign,"Theoretical models and international evidence have established that foreign direct investment is associated with new technologies, productivity gains, higher wages, and wage inequality in the host countries. While most existing studies on foreign direct in- vestment and wage inequality have examined relative wages across skills, occupations and sectors, recent contributions to the theoretical and empirical literature highlight the role of wage dispersion between firms as an important driver of overall income in- equality. Against this background, this paper examines wage dispersion between firms across European regions and the role played by multinational firms with dominant market shares, the so-called “superstar firms”. Firstly, we document the evolution of wage dispersion between firms and the regional presence of foreign affiliates across European regions. Second, we empirically investigate the role of inward foreign direct investment as a driver of wage dispersion between firms across European regions. The analysis uses firm-level data from the ORBIS Europe data set over 2012-2021 combined with a range of data for European regions. Using a shift-share instrumental variables approach, we find that foreign direct investment, particularly international superstar firms, contributed to increased wage inequality between firms across European regions."
exclude,2023-11-30,"The RTB Rent Index, Q2 2023",Indices Report,Rachel Slaymaker; Conor O'Toole; Katie Devane; Janez Kren,not a research publication (Indices Report),,,,,,,Macroeconomics; Housing,,https://www.esri.ie/publications/the-rtb-rent-index-q2-2023,,keyword:nationality,"• Q2 2023 Rent Index Report includes, for the first-time, information on rent levels in existing tenancies, as well as new tenancies: Using newly collected data from annual tenancy renewals with the RTB, insights are now available into the rents paid by sitting tenants. Heretofore, the RTB Rent Index was based on new tenancies only. • Rent levels in existing tenancies are lower than in new tenancies: Nationally the standardised average rent in Q2 2023 was lower for existing tenancies than for new tenancies that began in the same time period (€1,332 vs €1,574), a difference of €242 per month. • Nationally, rent levels in both new and existing tenancies have increased: Nationally, the standardised average rent in new tenancies grew by 11.6% year-on-year and in existing tenancies grew by 5.3 %."
include,2023-11-29,Annual report on migration and asylum 2022: Ireland,ESRI Survey and Statistical Report Series,Keire Murphy; Anne Sheridan,"PDF: 188 pages, 337 Ireland mentions",asylum,337,188,"085 people, 12 people, 160 people, 240 people, 3 persons, 311 people, 363 people, 448 people",Ireland (State),contemporary,"Migration, Integration and Demography",10.26504/sustat124,https://www.esri.ie/publications/annual-report-on-migration-and-asylum-2022-ireland,https://www.esri.ie/system/files/publications/SUSTAT124_1.pdf,research_area:67; keyword:migration; keyword:asylum; keyword:integration; keyword:work permit,"Corrigendum: This version updates figures 2.2 and 2.3 and corrects minor errors on pages 6 and 7. With an overview of the latest data as well as policy and operational developments, research, and case law from 2022, this report is a comprehensive reference that gives an opportunity to view the entire migration landscape in Ireland."
exclude,2023-11-27,Changing social and political attitudes in Ireland and Northern Ireland,ESRI Research Series,James Laurence; Frances McGinnity; Helen Russell; Garance Hingre,no migration vocabulary; no abstract to verify,,,,,NI and ROI/island,contemporary,Social Inclusion and Equality,10.26504/rs170,https://www.esri.ie/publications/changing-social-and-political-attitudes-in-ireland-and-northern-ireland,https://www.esri.ie/system/files/publications/RS170.pdf,keyword:work permit,
exclude,2023-11-21,Behaviourally-informed household communications increase uptake of radon tests in a randomised controlled trial,Journal Article,Shane Timmons; Pete Lunn,no migration vocabulary; no Ireland reference,,,,n = 3500,,contemporary,Health and Quality of Life,10.1038/s41598-023-47832-z,https://www.esri.ie/publications/behaviourally-informed-household-communications-increase-uptake-of-radon-tests-in-a-0,,keyword:nationality,"Exposure to radon gas is a leading cause of lung cancer. Testing homes for the gas is straightforward, yet most people do not undertake tests even when offered freely. We report a pre-registered randomised controlled trial of communications to encourage test uptake. Households ( N = 3500) in areas at high risk of radon exposure were randomly assigned to receive (i) a the control letter from the national Environmental Protection Agency; (ii) a behaviourally-informed version of the control letter that incorporated multiple nudges, including reciprocity messages and numeric frequencies of risk; (iii) this same behaviourally-informed letter in a re-designed envelope; (iv) the behaviourally-informed letter in the re-designed enveloped with a radon risk map of the household’s county. The behaviourally-informed letter led to a large increase in test uptake, from 22% in the control condition to 33% (a 50% increase). There was no additional benefit of the re-designed envelope, which generated uptake of 30%. Including the map led some households to respond faster, but the overall uptake (26%) was weaker. The results have implications for public health communications with households and show the potential for techniques from behavioural science to help mitigate environmental risks."
exclude,2023-11-21,ESRI Nowcast (September 2023 Estimate),Indices Report,Paul Egan,not a research publication (Indices Report),,,,,,,Macroeconomics,10.26504/ir13,https://www.esri.ie/publications/esri-nowcast-september-2023-estimate,https://www.esri.ie/system/files/publications/IR13.pdf,keyword:employment permit; keyword:work permit,"Using data available to 20th November 2023, we provide an update to our monthly estimate of modified domestic demand (MDD) using the ESRI’s Nowcasting model currently employed to support the forecasting exercise in the Quarterly Economic Commentary We estimate that MDD grew 2.2% year-on-year in September 2023. This is down from the 2.6% reported for August 2023. While September again saw increases in the price of both goods and services as well as an improvement in consumer confidence from 12 months ago, there was a further tightening of financial conditions as well as a slight worsening of labour market indicators compared to September 2022. Based on a full complement of data from July, August and September data, our final nowcast estimates MDD for 2023Q3 to be 2.7% above its level in 2022Q3. This is down slightly from the 3.0% estimated last month."
exclude,2023-11-16,"Ableism differs by disability, gender and social context: Evidence from vignette experiments",Journal Article,Shane Timmons; Frances McGinnity; Eamonn Carroll,no Ireland reference; no PDF on ESRI page (journal article or external),discrimination,,,"evidence, sample, we find",,contemporary,Social Inclusion and Equality,10.1111/bjso.12696,https://www.esri.ie/publications/ableism-differs-by-disability-gender-and-social-context-evidence-from-vignette-0,,keyword:naturalisation; keyword:nationality; keyword:discrimination,"Existing research on prejudice and discrimination towards disabled people (i.e. ‘ableism’) has conceptualized it as a general attitude, obscuring the role of social context in its manifestation. We aimed to investigate whether and how ableism manifests differently depending on the nature of the disability, the disabled person's gender and the social context of the interaction. A nationally representative sample of 2000 adults read a series of vignettes about issues faced by disabled people (e.g. employment, relationships). Vignettes varied by presence and type of disability and the disabled person's gender. Judgements about how a disabled person was treated showed clear evidence of ableism towards some conditions (e.g. autism) but not others (e.g. a spine disorder). Judgements about the actions of a disabled person were more nuanced. A disability-gender intersectionality effect was observed for judgements about romantic relationships, with physically disabled women penalized compared to men but no gender difference was observed for intellectual disability. No intersectionality or ableism was observed on a vignette about refusing poorly paid work. We find clear evidence that ableism manifests differently depending on the nature of the individual's disability, their gender and the social context, questioning previous conceptualizations of ableism as a general attitude."
exclude,2023-11-16,Monetary tightening in the Euro Area: Implications for residential investment,ESRI Working Paper,Paul Egan; Kieran McQuinn,no migration vocabulary; no Ireland reference,,,,,,contemporary,Macroeconomics,,https://www.esri.ie/publications/monetary-tightening-in-the-euro-area-implications-for-residential-investment,https://www.esri.ie/system/files/publications/WP767_0.pdf,keyword:Ukraine,"In this paper we assess the implications for housing supply across the Euro Area of the recent tightening in monetary policy. Official monetary policy rates have risen in response to the sustained period of inflation experienced across countries due to the aftermath of the Covid epidemic and the war in the Ukraine. The increase in official rates has been significant and sustained with the European Central Bank (ECB) increasing rates by over 400 basis points in just one year. At the same time, a number of European economies have noted a relative shortage in housing supply as activity levels struggle to keep pace with the increase in housing demand. A period of monetary tightening has significant implications for the residential property market as it can have an adverse impact through both a demand-side channel (reduced affordability for prospective homeowners) and on the supply-side (increase in funding costs for the construction sector). In this paper we address this question by allowing changes in policy rates to impact the residential market through a number of market interest rates. Using a structural VAR approach, we include information on ECB policy rates and two market interest rates; the mortgage and corporate lending rate. Consequently, the change in the official rate operates through both a demand and a supply-side channel. We then examine the implications for housing supply of the contraction in monetary policy across Euro Area countries. Our results indicate that a monetary shock can have a significantly negative impact on housing investment with the effect varying somewhat across countries. The heterogeneity of the impact raises issues concerning the efficacy and efficiency of the monetary policy transmission mechanism."
exclude,2023-11-14,Civic and political engagement among young adults in Ireland,ESRI Research Series,James Laurence; Emer Smyth,no migration vocabulary,,,,"cohort, evidence, growing up in ireland",Ireland (State),contemporary,Social Inclusion and Equality,10.26504/rs171,https://www.esri.ie/publications/civic-and-political-engagement-among-young-adults-in-ireland,https://www.esri.ie/system/files/publications/RS171.pdf,keyword:work permit,"International research has shown that civic engagement, that is, volunteering in local services, can benefit both young people and their communities, while political engagement can strengthen a society’s democratic culture. The Better Outcomes, Brighter Futures (2019) policy framework highlights the importance of young people feeling connected, respected and contributing to their world. To date, however, there has been an absence of systematic research on this aspect of young people’s transition to adulthood in Ireland. Further, although the government strategy Our Rural Future highlights a lack of access to facilities and transport for young people living in rural areas, little is known about how this might impact on their civic and political engagement. It is therefore crucial to have an evidence base to identify the drivers of civic engagement in order to better support young people’s involvement. This study aims to fill this gap by drawing on rich information on 20 year olds from Cohort ’98 of the Growing Up in Ireland (GUI) study."
exclude,2023-11-03,Hidden fuel poverty in Spain and Ireland: A comparative study of measuring and targeting,ESRI Working Paper,Miguel Tovar Reaños,no migration vocabulary,,,,"data, we find",Ireland (State),contemporary,Energy and Environment,,https://www.esri.ie/publications/hidden-fuel-poverty-in-spain-and-ireland-a-comparative-study-of-measuring-and,https://www.esri.ie/system/files/publications/WP765_0.pdf,keyword:nationality,"In this article, we use expenditure-based and self-reported data on fuel poverty for Spain and Ireland to analyse extreme levels of low energy consumption. Unlike most of the European countries, these two nations have recently launched official strategies to measure and tackle fuel poverty. We focus on measurement and targeting of measures to tackle fuel poverty. We find that low energy consumption is linked with low-income levels and that popular expenditure-based metrics fail to identify the most vulnerable. In addition, newly proposed metrics for hidden poverty are more effective in identifying vulnerable households. We also find differences across countries regarding the targeting of measures to tackle fuel poverty. In Ireland, a larger proportion of households that report being unable to afford suitable levels of heating are covered by government aid than in Spain."
review,2023-11-03,A linear reduced-order model for the activated sludge process for the integration into a mixed-integer linear energy system optimisation model,ESRI Working Paper,Dana Kirchem; Muireann Á Lynch,"only ambiguous migration terms; PDF: 38 pages, 4 Ireland mentions",integration,4,38,"analysis of, case studies, case study, data, estimate, estimated, estimates, estimatingitsvaluetomatchthedoconcentrationinthetank",Ireland (State),contemporary,Energy and Environment,,https://www.esri.ie/publications/a-linear-reduced-order-model-for-the-activated-sludge-process-for-the-integration-into,https://www.esri.ie/system/files/publications/WP764.pdf,keyword:integration,"Conventional wastewater treatment plants consume significant amounts of electricity. The constant aeration of the wastewater in order to foster the growth of microorganisms or the pumping of wastewater are two examples for energy-intensive processes within a plant. Case studies have shown that switching off blowers and inlet pumps for a certain period of time is possible without a loss in water quality. This yields a potential for wastewater treatment plants to provide demand response (DR) to the power system and thereby increase overall system flexibility. So far, the DR potential has only been quantified for individual plants, while the effects of large-scale DR provision by the wastewater treatment sector for the power system have not yet been studied. One reason for this is the lack of optimisation models which include both the wastewater treatment process and the power system operation in sufficient detail. Our model tackles this gap in the literature by providing a reduced-order linear biochemical model for the activated sludge process within a WWTP that can be incorporated into an operational energy system model. The results show that the effluent concentrations are predicted well by the linear reduced-order model in comparison to the results of the Standard Activated-Sludge model No. 1 (ASM1). Potential model applications are the variation of the airflow rate within a certain range and the variation of liquid influent flow rate to the system, which is a result of electricity load shedding of the inlet pumps and the blowers connected to the activated sludge tank."
exclude,2023-11-02,Sub-minimum wages in Ireland,ESRI Research Series,Paul Redmond; Elisa Staffa; Klavs Ciprikis; Seamus McGuinness,no migration vocabulary,,,,labour force survey,Ireland (State),contemporary,Labour Markets and Skills,10.26504/rs167,https://www.esri.ie/publications/sub-minimum-wages-in-ireland,https://www.esri.ie/system/files/publications/RS167_0.pdf,keyword:employment permit; keyword:work permit,"• The minimum wage in Ireland in 2023 is €11.30 per hour. However, current legislation allows employers to pay young workers a sub-minimum wage. Those aged less than 18 years can be paid 70 per cent of the full minimum wage rate, while those aged 18 years and 19 years can be paid 80 and 90 per cent of the full rate, respectively. • Legislation also exempts certain categories of workers from being paid the minimum wage. This includes apprentices, people employed by a spouse or a close relative, and prisoners involved in non-commercial work. These groups can be paid below the full minimum wage rate. • The incidence of sub-minimum wage employment in Ireland is low. In 2022, just 1.4 per cent of all employees were sub-minimum wage employees. This is equivalent to approximately 30,000 individuals. In the same year, 5.6 per cent of employees were earning the full-rate minimum wage, equivalent to approximately 120,000 individuals. • According to employees’ self-reported status in the Irish Labour Force Survey, approximately half of all sub-minimum wage employees report earning a youth rate. Just five per cent report being employed by a relative, while apprentices and ‘other reasons’ both account for 20 per cent of subminimum wage employment. • The overall incidence of youth-rate sub-minimum employment, therefore, is very low in Ireland. Just 0.7 per cent, or one in 140 employees, are on a sub-minimum youth rate. This is equivalent to approximately 15,000 individuals. • While all employees aged 15–19 could legally be paid a sub-minimum wage, just under one-quarter are actually on a sub-minimum rate, with approximately three-quarters earning either the full minimum wage or higher pay. • Not all sub-minimum wage employees aged 15–19 are classified as earning a youth rate. While the majority (83 per cent) classify themselves as earning a youth rate, approximately 11 per cent of sub-minimum wage workers in this age bracket are earning below minimum wage due to being an apprentice. • With regard to the composition of sub-minimum youth-rate employees, just over half (55 per cent) are women, while 77 per cent work in either the accommodation, food or retail sectors. Approximately 80 per cent of sub-minimum youth-rate employees classify themselves as students. Subminimum wage apprentices are predominantly young men in the construction sector."
exclude,2023-10-30,Barriers to social inclusion and levels of urbanisation: Does it matter where you live?,Journal Article,Adele Whelan; Anne Devlin; Seamus McGuinness,no migration vocabulary,,,,"administrative, case study, dataset, findings",Ireland (State),contemporary,Social Inclusion and Equality,10.1093/cjres/rsad036,https://www.esri.ie/publications/barriers-to-social-inclusion-and-levels-of-urbanisation-does-it-matter-where-you-live,,keyword:naturalisation,"This paper investigates the occurrence and nature of barriers to social inclusion in distinct geographical settings. Utilising a unique administrative dataset from Ireland’s dominant social inclusion programme, this study examines how location impacts the occurrence of these barriersat a small-area level. Ireland’s high growth rates have raised concerns about uneven effects, making it an interesting case study for ‘left behind’ places. The findings reveal that barriers associated with social inclusion, related to economic participation, are more prevalent in ‘ independent urban towns ’ compared to both more urban and more rural areas, over and above area-level deprivation. This implies that existing policies, which traditionally employs a simplistic urban/rural dichotomy, lacks effective targeting, and would benefit from adopting a more precise spatial perspective."
exclude,2023-10-27,ESRI Nowcast (August 2023 Estimate),Indices Report,Paul Egan,not a research publication (Indices Report),,,,,,,Macroeconomics,10.26504/ir12,https://www.esri.ie/publications/esri-nowcast-august-2023-estimate,https://www.esri.ie/system/files/publications/IR12.pdf,keyword:employment permit; keyword:work permit,"Using data available through 24th October 2023, we provide an update to our monthly estimate of modified domestic demand (MDD) using the ESRI’s Nowcasting model currently employed to support the forecasting exercise in the Quarterly Economic Commentary. We estimate that MDD grew 2.6% year-on-year in August 2023. Due to a model update, we have also revised upwards our July 2023 MDD Nowcast to 2.9% year-on-year (from 1.9% as reported last month). Our nowcast suggests that month-on-month, August MDD fell by -0.1% compared to July. While August again saw increases in the price of both goods and services as well as an improvement across a number of production sectors from 12 months ago, there was a further tightening of financial conditions and a fall in tax revenue compared to August 2022. Based on data from July, August and partial September data, our nowcast estimates MDD for 2023Q3 to be 3.0% above its level in 2022Q3."
exclude,2023-10-17,"Clean Air Together Dublin: impact on air quality awareness, attitudes and behaviour",ESRI Survey and Statistical Report Series,Anne Nolan; Aislinn Hoy,no migration vocabulary,,,,"analysis of, findings, participants, survey, surveys",Ireland (State),contemporary,Energy and Environment; Climate,10.26504/sustat120,https://www.esri.ie/publications/clean-air-together-dublin-impact-on-air-quality-awareness-attitudes-and-behaviour,https://www.esri.ie/system/files/publications/SUSTAT120.pdf,keyword:work permit,"Clean Air Together (CAT) is a citizen science project where people voluntarily sign up to measure levels of nitrogen dioxide (NO2) pollution in their local area. In this study, we assessed the impact of CAT on awareness, attitudes and behaviours of participants in relation to air quality. Selected participants (and those who signed up for the study but who were ultimately not selected to engage in NO2 measurement, referred to in this report as non-selected participants) were invited to complete three surveys at various points in 2021 and 2022. It is these survey responses that are used to evaluate the impact of CAT participation on awareness, attitudes and behaviour in relation to air quality. While the analysis was hindered by small samples, the research identified a number of key findings: Compared to the general Dublin population aged 18+, CAT participants were more concentrated in the middle age groups (aged 35-64), and nearly half had postgraduate-level educational qualifications. The baseline survey was conducted in September 2021, at the start of the CAT project and before participants participated in NO2 measurement or received infographics and further information on NO2. It revealed that CAT participants were more aware of NO2 (and other environmental risks) than the general Dublin population aged 18+, and more likely to correctly identify the main source of NO2 pollution. However, nearly one-quarter of CAT participants did not know the most significant source of NO2 pollution, and a further quarter answered this question incorrectly. In terms of attitudes, CAT participants were, in general, more supportive of various policy measures to reduce air pollution than the overall Dublin population aged 18+. Analysis of CAT participants who responded to the first (September 2021) and second (March 2022) surveys showed that awareness of NO2-related issues improved. For example, the proportion who correctly identified the most significant source of NO2 increased from just over 50 per cent to nearly 70 per cent, with an additional large decline in the proportion of participants who reported that they did not know the most significant source of NO2 pollution."
exclude,2023-10-05,"Measures of problem gambling, gambling behaviours and perceptions of gambling in Ireland",ESRI Research Series,Diarmaid Ó Ceallaigh; Shane Timmons; Deirdre Robertson; Pete Lunn,no migration vocabulary,,,,"census, evidence, interviewer, participants, questionnaire, sample, surveys",Ireland (State),contemporary,Behavioural Science,10.26504/rs169,https://www.esri.ie/publications/measures-of-problem-gambling-gambling-behaviours-and-perceptions-of-gambling-in,https://www.esri.ie/system/files/publications/RS169.pdf,keyword:work permit,"Problem gambling (PG) describes gambling behaviour that is disruptive or damaging to individuals, and includes behaviours (e.g., betting more than one can afford to lose) and experiences (e.g., feeling guilt and anxiety about gambling). This study set out to measure the prevalence of PG in Ireland. Previous measures of PG have been undertaken using in-person surveys, but international evidence suggests that gambling is a sensitive behaviour and that people may be reluctant to reveal honestly how much they gamble to an interviewer. For the present study, participants completed the questionnaire online to facilitate greater anonymity and promote more honest responding to sensitive questions. The study was undertaken in August 2023 by quota sampling, using three different online panels, which generated a total usable sample of 2,850 adults aged 18 and over. The use of online panels and the sampling method more generally means the results may not generalise to people without internet access, those who are over 80 years of age or individuals without the capacity to complete surveys in English (e.g., those with cognitive impairments, some minority groups). To improve representativeness outside of these characteristics, we reweighted responses by age, gender and educational attainment based on Census 2022 figures. The main aim of the study is to measure the prevalence of PG but secondary aims include providing measures of gambling activity and perceptions of gambling among the general population. The focus of the report is on describing and measuring the problem; detailed causal analyses will feature in future reports."
exclude,2023-10-04,"Quarterly Economic Commentary, Autumn 2023",ESRI Forecasting Series,Kieran McQuinn; Conor O'Toole; Eoin Kenny,no migration vocabulary,,,,"estimates, revenue",Ireland (State),contemporary,Macroeconomics,10.26504/qec2023aut,https://www.esri.ie/publications/quarterly-economic-commentary-autumn-2023,https://www.esri.ie/system/files/publications/QEC2023AUT_0.pdf,keyword:employment permit; keyword:work permit,"Forecast Overview: While the Irish economy emerged in a strong and resilient manner post the COVID-19 pandemic, it now looks set to experience more moderate, normalised, rates of growth. International economic activity is contributing to this slowdown; inflation remains elevated, interest rates have continued to increase, and demand in countries such as Germany and, in particular, China, has faltered. Typically, developments in the multinational (MNE) sector tend to overstate underlying domestic growth in the Irish economy. However, at the present time, we believe modified domestic demand (MDD) – a more accurate reflection of domestic activity – is growing at 1.8 per cent in 2023, while GDP is set to decline by 1.6 per cent. Notwithstanding the normalising activity domestically and the slowdown in international trade, the domestic Irish economy is currently operating at capacity, in particular in relation to employment intensive sectors like construction. The Irish labour market continues to perform robustly, with unemployment stabilising at approximately 4 per cent over the past year, indicating the economy is close to, or at, full employment. In this environment, additional domestic pressures are likely to feed through to prices in the short term. However, targeting expenditure towards addressing infrastructure bottlenecks and improving the productive capacity of the economy can alleviate capacity constraints in the medium term. With increased construction costs and rising interest rates, challenges facing the housing market continue. Many of the issues in the housing market can be traced back to the Great Financial Crisis (GFC). A Box to the Commentary estimates how house prices would have evolved if supply had increased at a much more vigorous pace post-2010 than was actually the case. Inflationary effects appear to be broadening and the direct impact of initial energy prices has subsided. Given this changing context for inflation, it increases the likelihood of domestic sources predominating and inflation becoming more engrained as second round effects occur. The CPI for 2023 and 2024 is forecast to be 6.0 per cent and 3.2 per cent, respectively. The high intake of tax revenue continues to be driven by income tax, VAT and corporation tax. Included in the public finances section are two Boxes: the first examines how the composition of tax revenue in Ireland has changed historically; the second seeks to highlight historical trends in Irish State expenditure and to examine Irish expenditure across countries."
exclude,2023-10-03,Telemedicine adoption during COVID-19 among older people with varying digital technology engagement,ESRI Research Bulletin,Gretta Mohan,no migration vocabulary,,,,"administrative, cohort, data, estimates, estimation, findings, longitudinal, participants",Ireland (State),contemporary,Energy and Environment; Health and Quality of Life,10.1093/jamia/ocad165,https://www.esri.ie/publications/telemedicine-adoption-during-covid-19-among-older-people-with-varying-digital,https://www.esri.ie/system/files/publications/RB202314.pdf,keyword:nationality; keyword:integration,"This Bulletin summarises the findings from: Mao, L., Mohan, G., and Normand, C. “Use of Information Communication Technologies by older people and telemedicine adoption during COVID-19: a longitudinal study”, Journal of the American Medical Informatics Association , Available online: https://doi.org/10.1093/jamia/ocad165 Introduction Information Communication Technologies (ICT) provide additional options for the delivery of healthcare services, where patients may attend appointments and receive care from their own homes. Such alternatives emerged as a vital channel for the provision of continued healthcare during the COVID-19 crisis and the associated government-mandated lockdowns. However, there is a concern among healthcare professionals, policymakers, and the public that some groups such older adults are at a greater risk of digital exclusion for remote healthcare opportunities. This paper uses data on a sample of over 2,600 over-50s in Ireland to examine factors which influenced the use of telemedicine in 2020 by this age cohort. Data and methods A special COVID-19 survey was carried out in the period June to November 2020 with participants of The Irish Longitudinal Study on Ageing (TILDA), which enquired as to whether respondents had availed of a telephone or online appointment from any of the following health services: General Practitioner (GP), pharmacist, hospital doctor and any other health professional. Information provided in the COVID-19 survey was linked to previously collected data on the respondents from a 2018 wave of the study, as well as information on the provision of GPs in their locality, and high-speed broadband availability from National Broadband Plan infrastructure maps. The research examined whether remote healthcare use in 2020 differed for people according to their self-reported access to the internet, computer ownership, and frequency of internet use in 2018, as well previous engagement with internet-based activities including e-mail, video calls and information search. A potential effect of high-speed broadband and GP availability in their residential area was also investigated. Statistical methods were used to control for other influences on healthcare utilisation such as gender, age, marital status, educational attainment, urban location, employment status, healthcare entitlements (public and private health coverage), disability and indicators of physical and mental health. Results Approximately half of the older people in the sample reported using some form of telemedicine over the COVID-19 period (52.5%), where remote appointments with a GP were most prevalent, with more than one-in-three availing of such (36.1%). A quarter (25.5%) had remote contact with a pharmacist, while 11.4% had an appointment with a hospital doctor on a remote basis. The analysis found a statistically significant positive association between telemedicine usage during 2020 and previously reporting internet access, daily internet use, and computer ownership by older people in Ireland in 2018. The association between ICT factors and telemedicine use was particularly pronounced for GP and pharmacist services. Further analysis revealed the associations were more prominent among the younger group of older people (under 70 years versus those 70 and above) and those located in non-Dublin urban areas, and the results were not driven by more socio-economically advantaged groups. The modelling estimates showed that people with more chronic conditions, poorer mental health, and private health insurance were more likely to avail of remote healthcare. On the other hand, the estimation found that the use of remote clinician appointments was not statistically significantly affected by whether high-speed broadband internet was available in the older person’s place of residence . Furthermore, there was no clear pattern in the uptake of telemedicine by different geographic levels of GP accessibility. Conclusions This research reveals that older people in Ireland who were active ICT users in 2018 were more likely to report having used telemedicine during 2020 than older people who were not previously digitally engaged, controlling for a range of other factors. The findings are consistent with the view that greater digital engagement could support older people in accessing remote healthcare options, and thus may be supportive of policies and interventions to address potential ‘grey’ digital divides. Future research is needed to examine the degree of adoption of telemedicine post the pandemic to assess whether telemedicine was only acceptable as a temporary stopgap in times of crisis, or whether it could become an integrated part of healthcare delivery on a longer-term basis. Moreover, studies further linking administrative/GP practice data would better speak to potential changing preferences towards remote healthcare. Future studies in this area are also expected to provide a greater understanding of the finance and cost implications of remote healthcare delivery, for instance, investigations of whether the use of telemedicine gives rise to cost savings for patients and the healthcare system."
exclude,2023-10-02,Personal Assistance Services for Disabled People in Ireland: “They meet the criteria for supports but we don't have the resources to provide the services”,Journal Article,Eamonn Carroll; Ciarán Mac Domhnaill; Selina McCoy,no migration vocabulary,,,,"administrative, data, findings, interviews, mixed-methods, qualitative, records, survey",Ireland (State),contemporary,Social Inclusion and Equality,,https://www.esri.ie/publications/personal-assistance-services-for-disabled-people-in-ireland-they-meet-the-criteria-0,,keyword:naturalisation; keyword:nationality,"Personal assistance (PA) services have been an evolving part of Irish provision for people with physical and sensory impairments for roughly three decades, but the lack of national standards for allocation, provision or data collection have made it an opaque system characterised by piecemeal or ad hoc local solutions to increasing need. This study approaches the system through the perspective of institutional insiders, eliciting the views and experiences of state and NGO based institutional stakeholders about the PA system and its challenges. A two-step exploratory mixed-methods design, incorporating a series of qualitative interviews and a survey of HSE disability managers, provides rich insights into the nature of PA provision in Ireland. The findings illustrate and explore several chronic issues facing the PA system, most notably around under-funding, inadequate administrative data records and variation in allocation and provision across the country."
review,2023-09-27,Hydrogen supply chain modelling at energy system scale: a review,ESRI Working Paper,Muireann Á Lynch,"only ambiguous migration terms; PDF: 38 pages, 15 Ireland mentions",integration,15,38,"analysis of, case study, data, estimationofhydrogenpro, revenue",Ireland (State),contemporary,Energy and Environment,,https://www.esri.ie/publications/hydrogen-supply-chain-modelling-at-energy-system-scale-a-review,https://www.esri.ie/system/files/publications/WP763.pdf,keyword:integration,"Hydrogen is going to play an important role in future decarbonized energy systems and understanding its interaction with other energy vectors is crucial to create adequate policies. In this review, the green hydrogen production literature was classified and analysed to unveil the gaps that avoid a proper integration of hydrogen production in energy system models. Production-side supply chain (PSSC) and systems side impact (SSI) models were analysed. Based on site-specific models, the former showed detail on the optimization of the supply chain, whereas the latter on the impact of hydrogen deployment in an energy system. The first challenge identified is the variables considered, where inherent endogenous variables of one type of model were exogenized in their counterpart model. This is relevant because of the unique geographical characteristics of the sites and the effect of the large-scale production of hydrogen on the energy system. Further, PSSC models tend to consider a profit maximization approach and SSI model, cost minimization. The first normally does not consider social externalities in their investment decisions and the latter neglects the effect of competition between different players in the market. Moreover, the computational requirements of a cost minimization approach are less demanding and complex than a profit maximization approach at a large-scale. Other gaps found included; a lack of life-cycle assessment and the effect of large-scale hydrogen facilities integrated into SSI. This study reveals gaps in the current hydrogen modelling literature that need to be addressed for defining the future of energy systems’ decarbonization."
exclude,2023-09-26,The impact of the global tax reforms on Ireland’s attractiveness to foreign direct investment and the wider economy,ESRI Working Paper,Iulia Siedschlag; Juan Duran Vanegas,no migration vocabulary,,,,"data, estimate",Ireland (State),contemporary,"Competitiveness, Trade and FDI",,https://www.esri.ie/publications/the-impact-of-the-global-tax-reforms-on-irelands-attractiveness-to-foreign-direct,https://www.esri.ie/system/files/publications/WP761_0.pdf,keyword:foreign,"This paper explores the possible effects of the global tax reforms on Ireland’s attractiveness to foreign direct investment (FDI) and FDI-related employment. We use data on new greenfield FDI in Ireland and other EU countries over 2011-2020 and estimate a range of possible outcomes on Ireland’s attractiveness to FDI and FDI-related new jobs in the medium and long term. Relative to a situation of no change in the effective corporate tax rates in Ireland and other EU countries, we estimate that the global minimum effective corporate tax of 15% could result in a lower number of new FDI projects coming to Ireland by 3.4 per cent over three years and 3.8 per cent over ten years while the corresponding volume of new FDI invested could be lower by 12.3% after three years and by 14.6% after ten years. Further, we estimate that the number of FDI-related new jobs associated with the number of new FDI projects, could be lower by 2.7 percent over three years and by 3.0 percent over ten years while the number of FDI-related new jobs associated with the new FDI invested could be lower by 3.3% after three years and by 5.7% after ten years."
exclude,2023-09-25,"An experimental test of a greenwashing inoculation intervention: Effects on identification, trust and intentions",ESRI Working Paper,Shane Timmons,no migration vocabulary,,,,"findings, n = 2, n = 206, participants, sample",Ireland (State),contemporary,Behavioural Science; Energy and Environment; Climate,10.1016/j.spc.2024.03.030,https://www.esri.ie/publications/an-experimental-test-of-a-greenwashing-inoculation-intervention-effects-on,https://www.esri.ie/system/files/publications/WP760.pdf,keyword:nationality,"This working paper was subsequently published as Timmons, S., Whelan, A. & Kelly, C. (2024). An experimental test of a greenwashing inoculation intervention in Ireland: Effects of ‘pre-bunking’ on identification, consumer trust and purchase intentions. Sustainable Production and Consumption. Available at: https://doi.org/10.1016/j.spc.2024.03.030 Misleading claims about the environmental performance of a product or service (i.e. “greenwashing) hinders consumers from making informed choices and penalises genuinely sustainable companies. We pre-tested a greenwashing inoculation intervention using a student sample ( N = 206) and then ran a pre-registered replication using a nationally representative sample ( N = 2,000). Participants were randomised to learn about greenwashing and ways to identify it or to read more generally about climate change. They then judged six real advertisements (three greenwashed and three that made genuine environmental claims) on whether they were greenwashed, their trust in the brand and their willingness to purchase from the brand. The intervention increased greenwashing ratings to two of the three greenwashed advertisements, with corresponding decreases in brand trust and purchase intentions. The unaffected greenwashed advertisement was for a dairy-free milk alternative from a familiar brand, suggesting that familiarity and product sustainability may counteract greenwashing interventions. However, participants also judged two of the three genuine advertisements as greenwashed, implying a broadly-applied scepticism of environmental claims, particularly towards unfamiliar brands. Despite difficulty distinguishing between greenwashed and genuine advertisements, participants were more confident in their ability to identify greenwashing and had stronger resolves to act in pro-environmental ways in the future. The findings have implication for policy to address the harms of greenwashing."
exclude,2023-09-21,The effects of the European Single Market on attractiveness to Foreign Direct Investment,Journal Article,Iulia Siedschlag,no Ireland reference; no PDF on ESRI page (journal article or external),integration,,,,,contemporary,"Competitiveness, Trade and FDI",,https://www.esri.ie/publications/the-effects-of-the-european-single-market-on-attractiveness-to-foreign-direct-0,,keyword:integration; keyword:foreign,"The European Single Market has been a major driver of enhanced attractiveness of EU countries to foreign direct investment (FDI) Higher FDI by multinational firms in EU countries has fostered productivity and employment growth and has also generated wider benefits to host economies via knowledge spillovers on the productivity and trade performance of domestic firms The completion of the Single Market, especially in the areas of services and capital markets, could further increase trade and investment in EU countries Removing regulatory barriers at both the EU and member states levels in the areas of services could strengthen the integration of business services in key manufacturing sectors and could result in a more efficient integration of firms in European and global value chains An integrated Single Market for capital would improve financing and investment opportunities for European firms"
exclude,2023-09-21,ESRI Nowcast (July 2023 Estimate),Indices Report,Paul Egan,not a research publication (Indices Report),,,,,,,Macroeconomics,10.26504/ir11,https://www.esri.ie/publications/esri-nowcast-july-2023-estimate,https://www.esri.ie/system/files/publications/IR11.pdf,keyword:employment permit; keyword:work permit,"Using data available through 20th September 2023, we provide an update to our monthly estimate of modified domestic demand (MDD) using the ESRI’s Nowcasting model currently employed to support the forecasting exercise in the Quarterly Economic Commentary. We estimate that MDD grew 1.9% year-on-year in July 2023. While July saw a further tightening of financial conditions and more negative business sentiment indicators than 12 months ago, there were increases in the price of both goods and services as well as an improvement across a number of production sectors from 12 months ago. Based on data from July and partial data from August only, our nowcast estimates MDD for 2023Q3 to be 3.1% above its level in 2022Q3. The forecasting error in 2023Q2 (model fit value of 3.1% versus actual outturn of -0.4%) was likely due to a large increase in investment in actual infrastructure such as buildings and other fixed assets on the part of multinational enterprises (MNEs) in 2022Q2, which is included in MDD, and subsequent fall in 2023Q2. As there is no monthly indicator available that would pick up these transactions, it is outside the scope of the model to predict the fall in overall MDD from this source."
exclude,2023-09-20,New vs existing rental tenancies in Ireland: a first look at annual registrations microdata,ESRI Survey and Statistical Report Series,Rachel Slaymaker; Eva Shiel,no migration vocabulary,,,,"administrative, data, microdata, register, sample",Ireland (State),contemporary,Macroeconomics; Housing,10.26504/sustat122,https://www.esri.ie/publications/new-vs-existing-rental-tenancies-in-ireland-a-first-look-at-annual-registrations,https://www.esri.ie/system/files/publications/SUSTAT122_0.pdf,keyword:work permit,"Annual tenancy registration came into effect on 4 April 2022, requiring all landlords to register a tenancy each year within one month of the anniversary of when it initially commenced. This report provides a first, detailed examination of the rental prices faced by existing or sitting tenants and how these compare to the prices faced by those commencing new rental tenancies. To do so it uses a new, large data sample of almost 100,000 tenancies from the Residential Tenancies Board (RTB) administrative tenancy registers to compare new tenancies that commenced between April–September (Q2–Q3) 2022 with existing tenancies in the same time period. This report explores differences between these two market segments across granular geographic areas, property sizes, types, and at different price points."
exclude,2023-09-19,"A Whole Education Approach to Inclusive Education: An Integrated Model to Guide Planning, Policy, and Provision",Journal Article,Selina McCoy,no migration vocabulary; no Ireland reference,,,,,,contemporary,Education,10.3390/educsci13090959,https://www.esri.ie/publications/a-whole-education-approach-to-inclusive-education-an-integrated-model-to-guide,,keyword:nationality; keyword:integration,"Inclusion is an important aspect of achieving the Sustainable Development Goals (SDGs) in education. This article will discuss the significance of recent developments in the field of school-based bullying prevention and evaluate their applicability to the policy discourse of inclusive education. Both inclusive education and school-based bullying remain contested phenomena without a clear consensus regarding their definition or how to operationalise them as concepts within school policy or practice effectively. UNESCO’s Scientific Committee has recently proposed the Whole Education Approach, which conceptualises a holistic, socially engaged, and interconnected vision for policy development in addressing school-based bullying prevention. Importantly, the Whole Education Approach conceptualises incidences of bullying as indicative of a deficit of care and support within the surrounding social environment, thus adopting an ecological and relational focus regarding bullying prevention. In addition, bullying prevention is viewed as requiring coherent collaboration between the school, family, and other relevant stakeholders in the local social community surrounding the school. This includes government funding, resource policies and national legal frameworks. This article argues that this approach may also have utility within inclusive education policy in supporting a more integrated and holistic promotion of social inclusion, underpinning equal opportunities in recognition of the diverse needs of all learners in schools. This article discusses the details of the Whole Education Approach and emphasises how this framework can also address educational inclusion by adopting an integrated, multi-elemental focus on supporting collaboration across stakeholders relevant to the lives of pupils within schools."
include,2023-09-18,Student mobility in Ireland and Northern Ireland,ESRI Research Series,Emer Smyth; Merike Darmody,"only ambiguous migration terms; PDF: 73 pages, 591 Ireland mentions",mobility,591,73,"administrative, analysis of, case study, cohort, data, estimate, estimated, estimating",NI and ROI/island,contemporary,Education,10.26504/rs166,https://www.esri.ie/publications/student-mobility-in-ireland-and-northern-ireland,https://www.esri.ie/system/files/publications/RS166_1.pdf,keyword:naturalisation; keyword:work permit; keyword:foreign,"There has been an increasing focus in policy development internationally and in Ireland on the globalisation of higher education and student mobility. Consequently, a growing body of international research has focussed on the drivers of, and barriers to, studying abroad. Previous studies on this topic have highlighted a number of macro-, meso-, and micro-level factors that shape students’ experiences. However, there has been relatively little systematic research on the institutional factors which potentially influence student mobility between Ireland, Northern Ireland and Britain. This study focuses on mobility for a whole undergraduate course (rather than mobility for an academic year or semester). It draws on administrative data, Central Applications Office (CAO) microdata, interviews with key stakeholders and a consultation event with stakeholders to address the following research questions: What is the level of student mobility between Ireland and Northern Ireland (and between NI and the other countries of the UK)? How has this changed over time, in particular during the pandemic? What factors are associated with student mobility? To what extent is there potential to increase student mobility across the island? And is this seen as a desirable objective by stakeholders? MAIN FINDINGS In 2020/21, 1,170 students from Ireland went to study in Northern Ireland while 1,255 students from Northern Ireland attended a higher education institution (HEI) in Ireland. Students from Ireland made up 2.4 per cent of students in Northern Ireland while students from Northern Ireland made up only 0.6 per students in Ireland. More students from Ireland go to study in the rest of the UK than in Northern Ireland, with numbers staying stable over time at just over 4,000 each year. There is a relatively large outflow of students from Northern Ireland to the rest of the UK (RUK) (13,685 in 2020/21), reflecting at least in part high levels of competition for places, with very little mobility in the opposite direction. Only a minority of applicants from Northern Ireland or RUK make it all the way through to being offered and accepting a place in Irish HEIs. This is partly related to these candidates being less likely than those from Ireland to meet minimum matriculation requirements. This could reflect the nature of qualification recognition and/or applicants having less information about course requirements outside the jurisdiction. However, even when offered a place, those from Northern Ireland and RUK are less likely to accept the place, suggesting the impact of differential timing of course offers and/or using an application elsewhere as a safety-net in securing a high-demand course. Similarly, acceptance rates for UK universities are lower for Irish applicants than for those from the UK. Decision-making processes around where to study reflect the complex interaction of guidance provided at school level, the recognition of qualifications, tuition/registration fees and financial supports, and other living costs. IMPLICATIONS FOR POLICY AND PRACTICE Stakeholders highlight the value of mobility for students themselves, for higher education institutions and for enhancing cross-border cooperation. The findings indicate: There is potential for school-based guidance to provide greater awareness of options in other jurisdictions, a process which can be usefully supported by outreach work by HEIs. There is a case to reexamine CAO point equivalences for A-levels, given the very small group of Northern Ireland candidates who take four A levels, and to look at modern foreign language requirements (in courses where such skills are not critical), given much lower take-up of modern foreign languages in Northern Ireland. Decisions about where to study take place, for students, against a broader backdrop of rising costs and access to differential levels of financial supports and, for HEIs, funding challenges. It is difficult to divorce the matter of student mobility from these wider issues of the adequacy of financial supports for students and funding levels for the higher education sector. For example, the cap on places in Northern Ireland could usefully be revisited to enhance higher education participation in general and cross-border mobility. Overall, the study findings highlight the need for coordinated interventions across different levels of both systems if student mobility is to be an important policy goal"
exclude,2023-09-15,The potential impact of the war in Ukraine on the Irish economy,ESRI Working Paper,Paul Egan; Adele Bergin; Conor O'Toole,no migration vocabulary,,,,estimates,Ireland (State),contemporary,Macroeconomics,,https://www.esri.ie/publications/the-potential-impact-of-the-war-in-ukraine-on-the-irish-economy,https://www.esri.ie/system/files/publications/WP759_0.pdf,keyword:Ukraine,"The war in Ukraine and the subsequent increase in energy and other commodity prices has dampened the economic outlook. There are increased downside risks to economic activity and there is also considerable uncertainty around any economic projections and how they may evolve in the future. This article uses the ESRI’s macro-econometric model COSMO to generate a range of model-based estimates of the potential medium-term impact of the war in Ukraine on the Irish economy. The main shocks to the Irish economy include higher global commodity prices especially for energy and a slowdown in Ireland’s main training partners. To capture the impact of the war, the scenario results are compared to a pre-war base. Mild and Severe scenarios are calibrated using commodity price projections from the European Central Bank’s December 2022 and March 2023 staff projections. These assumptions regarding energy prices are fed into NIESR’s global macroeconomic model, NiGEM, which in turn provides COSMO with projections of key external variables thereby simulating the indirect implications for the Irish economy. The results of our simulations suggest that the domestic economy, as measured by modified domestic demand (MDD), could fall between 1.3 per cent and 3 per cent below the pre-war baseline in the medium term."
exclude,2023-09-14,Towards universal healthcare in Ireland – what can we learn from the literature?,ESRI Survey and Statistical Report Series,Sheelah Connolly; Maev-Ann Wren; Conor Keegan,no migration vocabulary,,,,,Ireland (State),contemporary,Health and Quality of Life,10.26504/sustat121,https://www.esri.ie/publications/towards-universal-healthcare-in-ireland-what-can-we-learn-from-the-literature,https://www.esri.ie/system/files/publications/SUSTAT121.pdf,keyword:nationality; keyword:work permit,"Ireland remains an anomaly in Europe in not providing universal healthcare. In 2017, an all-party parliamentary committee published a report (the Sláintecare report) recommending the establishment of a high quality, universal public healthcare system for Ireland. The report recommended the introduction of universal GP and primary care, ending private practice in public hospitals, reducing or removing out-of-pocket fees and substantially increasing public healthcare expenditure and capacity in a tax-funded system. While there has been some progress in implementing the proposals set out in the Sláintecare report, much more is required to move towards universal healthcare in Ireland. The aim of the analysis in this report is to review the national and international literature on universal healthcare to identify if there are lessons for Ireland as it seeks to move towards a universal healthcare system"
exclude,2023-09-12,Young people who meet online acquaintances in real life,ESRI Research Bulletin,Gretta Mohan,no migration vocabulary,,,,"cohort, data, estimated, findings, growing up in ireland, regression, sample",Ireland (State),contemporary,Energy and Environment; Social Inclusion and Equality,10.1080/02673843.2023.2241524,https://www.esri.ie/publications/young-people-who-meet-online-acquaintances-in-real-life,https://www.esri.ie/system/files/publications/RB202313_1.pdf,keyword:international protection,"This Bulletin summarises the findings from: Mohan, G. “Characteristics and behaviours of young people who meet online contacts face-to-face”, International Journal of Adolescence and Youth, 28 (1). Available at: https://doi.org/10.1080/02673843.2023.2241524 Introduction Social media, online gaming, internet-based recreational pursuits, as well as dating apps provide opportunities for social interactions which first occur in an online environment. For some people, the development of online acquaintances may lead to meeting up in real life. Such online-initiated encounters are advantageous where people can meet a broader range of individuals with similar interests and enjoy positive real-life encounters. However, the use of technology to facilitate meetups has also been associated with a growing trend of virtual and in-person harms such as sexual violence, abuse, stalking, and harassment. Since the meeting of an unknown person in the real-world can also carry personal safety risks, it is important to investigate the characteristics and behaviours of young people associated with meeting face-to-face with others for whom the origin was a cyber contact. Online safety issues, and privacy protections has received a considerable amount of attention from parents, advocacy groups, government bodies, and the European Union in recent years. Data and methods This study uses data on over 4,300 young people from the Growing Up in Ireland ’98 Cohort to investigate the characteristics and behaviours of young people who at 20 years reported they had met a person face-to-face that they first got to know on the internet within the previous year, captured in in 2018-19. This investigation examines such activities by gender, where multiple regression models control for household social class, whether the young person was living in the family home, and whether they were located in Dublin. Results More than one in three (34.9%) 20-year-olds reported having met someone face-to-face with whom they had originally encountered online. There was a marked gender differential, where a substantially greater share of males (37.1%) had met online acquaintances compared to females (27.1%). Regression analysis revealed that females had half the likelihood of a face-to-face encounter with someone that they first met in a virtual setting than their male counterparts. Of the ‘big five’ personality characteristics, ‘openness’ was associated with a higher likelihood of meeting someone from online, while emotional stability was associated with a reduced likelihood. For males only, a high risk-taking score was greater associated with online-offline meetings. For the female-only sample, reporting a low number of friends (2 or fewer) was linked to meeting an online acquaintance. Heavier computer use was associated with reporting having met up with someone from online. Using dating apps at 17 was found to double the likelihood of reporting having met someone from online at 20. Being sexually active at 17, as well as reporting being non-heterosexual, was associated with meeting online contacts. For males, early mobile phone ownership (at 9 years) was also linked to meeting internet contacts. Conclusions Meeting people from online is common practice among young ‘digitally native’ adults in Ireland. More than one-in-three 20-year-olds surveyed in 2018-2019 met a virtual contact face-to-face, though the practice was lower for females. The paper highlights the roles of risk appetite, online engagement, online dating, and sexual-related matters in young people’s encounters with online acquaintances. Important distinctions by gender were uncovered. While the virtual world offers beneficial opportunities for in-person encounters with people with common interests, internet-facilitated activities are of relevance from a public policy perspective in the areas of protecting the safety and privacy of users of internet-based apps and websites. Policy can have a role in providing education and awareness raising of safety risks as children and young people grow up. Guidance can be provided on negotiating risks, being responsible online, as well as resilience building and coping strategies to prepare for online-offline encounters. Schools have featured online safety as part of social, personal and health curriculums where students have undertaken information projects and received external talks from policing and online security experts. The results of this study suggest that particular groups may merit special attention, such as young people who report they have a non-heterosexual sexual orientation. Support groups for people whose sexual identity is non-heterosexual (LGBTI+) may provide a forum for awareness raising, as well as discussing experiences. Given the estimated associations between the use of online dating apps, sexual activity at 17 and meeting online acquaintances at 20, places which offer sexual health, relationship and counselling services may also provide information and advice."
exclude,2023-09-07,"Poverty, income inequality and living standards in Ireland: Third annual report",Jointly-published Reports,Barra Roantree; Karina Doorley,no migration vocabulary,,,,"data, estimate, evidence, silc, survey",Ireland (State),contemporary,"Taxation, Welfare and Pensions",10.26504/jr4,https://www.esri.ie/publications/poverty-income-inequality-and-living-standards-in-ireland-third-annual-report,https://www.esri.ie/system/files/publications/JR4_6.pdf,keyword:Ukraine; keyword:nationality; keyword:employment permit; keyword:work permit,"This report is the third from an ESRI research programme funded by Community Foundation Ireland, which seeks to address gaps in our knowledge and understanding of poverty, income inequality and living standards in Ireland. It builds on the previous reports which have found that while Ireland has experienced strong and progressive – if volatile – income growth over the past three decades both before and after accounting for housing costs, levels of income poverty and material deprivation have remained consistently high for certain groups (notably lone parents and those in working-age households where no one is in paid work). This year’s report finds the following in relation to the evolution and distribution of material living standards in Ireland. Income growth and inequality 2021 saw disposable incomes fall or stall for those in the bottom half of the distribution. Whereas real disposable income adjusted (equivalised) for household composition has grown robustly – and by more at the bottom than the middle or top of the distribution – since 2012, the latest data from the Survey of Income and Living Conditions (SILC) suggest incomes fell in real terms at the very bottom of the distribution between 2020 and 2021 and stalled across much of the rest of the distribution. These sluggish patterns of growth are despite a strong labour market recovery in 2021 and predate the sharp rise in prices that followed the invasion of Ukraine in early 2022. While the easing of COVID restrictions saw 200,000 more people employed on average in 2021 than 2020, employment earnings for those at the bottom of the household income distribution fell, due to a combination of a reduction in usual hours worked and fewer months worked full-time per year. This occurred before the sharp rise in prices that followed the invasion of Ukraine in early 2022, which are likely to further erode real incomes unless we experience levels of nominal income growth last seen in 2006 and 2007. Measures of income inequality – which have seen a sustained decline in recent years, reaching their lowest recorded levels in 2020 – increased in 2021. This is true both before and after accounting for housing costs, and serves as an important reminder that growth in employment and individual earnings – even when focused on low-paid workers – is not necessarily enough to ensure inclusive growth in disposable household incomes. It also highlights the crucial role tax and transfer policy play in underpinning inclusive growth, especially for the living standards of the poorest. Income poverty and material deprivation Although both before housing costs (BHC) and after housing costs (AHC) measures of income poverty were stable, 2022 saw a sharp – statistically significant – rise in the rate of material deprivation. The share of individuals unable to afford two or more items from a list of ten essentials rose from 13.3 to 16.6 per cent in 2022, with rates particularly high among lone parents (42 per cent), those renting from an approved housing body, local authority or receiving HAP (45.6 per cent), and those in households where no one of working age was in paid work (53.8 per cent). While those aged 65+ face a higher AROP rate than other age groups in terms of BHC income, children have consistently faced higher rates of material deprivation and AHC income poverty. Children living in households renting their accommodation and where no one is in paid work are at particularly high risk of poverty and material deprivation. Reducing child poverty The Government faces a challenge in reducing levels of child poverty, something it has placed a renewed emphasis on with the establishment of a Child Poverty and Well-being Programme Office in the Department of the Taoiseach. A substantial body of evidence finds that income poverty has a negative causal impact on child and later life outcomes, particularly when it starts in early childhood and persists throughout. Nevertheless, policymakers must confront a difficult set of trade-offs in pursuing reductions in child poverty with the current set of tools available. While increasing universal Child Benefit would reduce the child poverty rate and the poverty gap, it is substantially more costly to do so for each percentage point reduction than reforms to targeted means-tested payments like IQCs (Increases for a Qualified Child) and WFP (Working Families Payment). On the other hand, reforms to these more targeted payments have the potential to either weaken financial work incentives for recipients (because IQCs are primarily linked to stringently means-tested benefits) or to bypass the very lowest-income children (because WFP is contingent on a parent(s) working at least 38 hours per fortnight). Introducing a new Child Income Support Payment (CISP) would enable policymakers to reduce child poverty more effectively. Such a reform – which would provide all households with children to receive a payment determined by their means and number of children – has been recommended by the Commission on Taxation and Welfare (2022), National Economic and Social Council (2007; 2021) and the Childrens Rights Alliance (2010) among others. We estimate that such a reform has the potential to reduce child poverty by a quarter and the child poverty gap by half at a cost of around €700 million. However, in undertaking such a reform, the Government will have to confront some of the implicit choices made by the structure of the current welfare system that are rarely discussed, such as whether the welfare system should incentivise low-income individuals to engage in part-time work. See other Annual Reports in the series"
exclude,2023-08-30,ESRI Diversity and Inclusion Action Plan: 2023–2027,Corporate Information,,not a research publication (Corporate Information),,,,,,,,,https://www.esri.ie/publications/esri-diversity-and-inclusion-action-plan-2023-2027,https://www.esri.ie/system/files/publications/ESRI%20Diversity%20and%20Inclusion%20Action%20Plan.pdf,keyword:nationality,"The Economic and Social Research Institute (ESRI) is Ireland's first research institute to win a Bronze Athena Swan award for its commitment to gender equality. Athena Swan Ireland is the Irish chapter of Athena Swan and is committed to implementing the Athena Swan charter in this country, a framework that is used to support and transform gender equality in higher education and research. This designation means that ESRI leadership is committed to addressing gender inequality and implementing clear governance structures. There are plans to embed EDI (Equality, Diversity, and Inclusion) into the formal structures of the organisation, including the creation of an EDI Steering Committee, and capturing better data on gender, nationality, disability and other equality grounds within the Institute. This action plan addresses priority areas and develops capacity across the equality grounds in the future."
exclude,2023-08-24,Effects of absolute levels of neighbourhood ethnic diversity vs. changes in neighbourhood diversity on prejudice: Moderation by individual differences in personality,Journal Article,James Laurence,no migration vocabulary; no Ireland reference,,,,,,contemporary,"Social Inclusion and Equality; Migration, Integration and Demography",10.1016/j.ssresearch.2023.102919,https://www.esri.ie/publications/effects-of-absolute-levels-of-neighbourhood-ethnic-diversity-vs-changes-in,https://www.esri.ie/system/files/publications/JA202322.pdf,research_area:67; keyword:migration; keyword:ethnic; keyword:ethnicity; keyword:integration,"People's personality traits can determine how they respond to increasing ethnic diversity in their local areas. In particular, individuals with low levels of agreeableness become more prejudiced as ethnic diversity increases. However, people with high levels of agreeableness actually become somewhat less prejudiced."
exclude,2023-08-22,ESRI Nowcast (June 2023 Estimate),Indices Report,Paul Egan,not a research publication (Indices Report),,,,,,,Macroeconomics,10.26504/ir10,https://www.esri.ie/publications/esri-nowcast-june-2023-estimate,https://www.esri.ie/system/files/publications/IR10.pdf,keyword:employment permit; keyword:work permit,"Using data available through 18th August 2023, we update our monthly estimate of modified domestic demand (MDD) using the ESRI Nowcasting model currently employed to support the forecasting exercise in the Quarterly Economic Commentary . We estimate that MDD grew 3.5% year-on-year in June 2023. This is up slightly from our May 2023 estimate of 3.1%. While June saw a further tightening of financial conditions and more negative business sentiment indicators than 12 months ago, there were strong improvements in retail sales as well as an increase in industrial production from 12 months ago. Based on a full complement of data from April, May and June, our final nowcast estimates MDD for 2023Q2 to be 3.4% above its level in 2022Q2, up from the 3.3% estimate last month."
exclude,2023-08-17,Why do people migrate?,Newspaper/Magazine Article,Keire Murphy,not a research publication (Newspaper/Magazine Article),,,,,,,"Migration, Integration and Demography",,https://www.esri.ie/publications/why-do-people-migrate,,research_area:67; keyword:migration; keyword:integration,European Migration Network (EMN) Policy Officer Keire Murphy wrote an opinion piece for RTÉ's Brainstorm on why people migrate.
exclude,2023-08-12,Use of information communication technologies by older people and telemedicine adoption during COVID-19: a longitudinal study,Journal Article,Gretta Mohan,no migration vocabulary,,,,"evidence, longitudinal, sample",Ireland (State),contemporary,Energy and Environment; Health and Quality of Life,10.1093/jamia/ocad165,https://www.esri.ie/publications/use-of-information-communication-technologies-by-older-people-and-telemedicine,https://www.esri.ie/system/files/publications/JA202328.pdf,keyword:nationality; keyword:work permit,"Objectives To investigate how information communication technology (ICT) factors relate to the use of telemedicine by older people in Ireland during the pandemic in 2020. Furthermore, the paper tested whether the supply of primary care, measured by General Practitioner’s (GP) accessibility, influenced people’s telemedicine options. Method Based on 2 waves from The Irish Longitudinal Study on Ageing, a nationally representative sample, multivariate logistic models were applied to examine the association between pre-pandemic use of ICTs and telemedicine usage (GP, pharmacist, hospital doctor), controlling for a series of demographic, health, and socioeconomic characteristics. Results Previously reported having Internet access was a statistically positive predictor for telemedicine usage. The availability of high-speed broadband Internet did not exhibit a statistical association. The association was more prominent among those under 70 years old and non-Dublin urban areas. People with more chronic conditions, poorer mental health, and private health insurance had higher odds of using telemedicine during the period of study. No clear pattern between telemedicine use and differential geographic access to GP was found. Discussion The important role of ICT access and frequent engagement with the Internet in encouraging telemedicine usage among older adults was evidenced. Conclusion Internet access was a strong predictor for telemedicine usage. We found no evidence of a substitution or complementary relationship between telemedicine and in-person primary care access."
exclude,2023-08-11,Old firms and new export flows: Does experience increase survival?,Journal Article,Martina Lawless; Zuzanna Studnicka,no migration vocabulary; no Ireland reference,,,,"evidence, we find",,contemporary,"Competitiveness, Trade and FDI",10.1007/s11079-023-09727-4,https://www.esri.ie/publications/old-firms-and-new-export-flows-does-experience-increase-survival,,keyword:naturalisation,"In this paper we present new empirical evidence on the relationship between exporting experience and the duration of exports at the firm-product-destination level. We find that the direct effect of experience on export flow survival is negative. However, when we include interactions between experience and firm export diversification measures, this effect becomes positive. This suggests that more experienced firms launch more risky export flows which increases the probability of failure of any individual product-destination pairing."
exclude,2023-08-11,Drivers of income inequality: What can we learn Using microsimulation,Book/Report Chapter,Karina Doorley; Cathal O'Donoghue,no migration vocabulary; no Ireland reference,,,,,,contemporary,"Taxation, Welfare and Pensions",10.1007/978-3-319-57365-6_392-1,https://www.esri.ie/publications/drivers-of-income-inequality-what-can-we-learn-using-microsimulation,,keyword:naturalisation,"This research reviews the use of microsimulation in understanding income inequality, outlines recent methodological developments and discusses the latest developments in the field."
exclude,2023-08-10,Interest Rate Snapback and the Impacts on the Irish Economy,ESRI Working Paper,Paul Egan; Eoin Kenny; Conor O'Toole,no migration vocabulary,,,,"data, survey, we find",Ireland (State),contemporary,Macroeconomics,,https://www.esri.ie/publications/interest-rate-snapback-and-the-impacts-on-the-irish-economy,https://www.esri.ie/system/files/publications/WP757_0.pdf,keyword:Ukraine,"In this paper, we explore the impact of recent interest rate increases on the Irish economy and chart out the potential impact using scenarios for the period 2023-2025. We use the COSMO macroeconometric model of the Irish economy to test the impacts through credit markets and the real economy, separately modelling the impact on consumer, corporate and mortgage markets. We also use micro data from the Household Finance and Consumption Survey (HFCS) to test the impact on mortgage affordability of the interest rate increases. Our scenarios are drawn from the European Banking Authority (EBA) stress tests which provide base and adverse outcomes for the policy rate. These are compared to a pre-Ukraine war baseline. We find notable effects on the mortgage market and house prices as well as sizable impacts on key macroeconomic aggregates such as investment, consumption and output. We also observe an increase in housing payment to income ratios but no major increase in mortgage affordability distress as measured by the residual income approach."
exclude,2023-08-08,Job quality of minimum wage workers in Ireland,ESRI Research Series,Paul Redmond; Klavs Ciprikis; Elisa Staffa,no migration vocabulary,,,,"labour force survey, survey, surveys, we find",Ireland (State),contemporary,Labour Markets and Skills,10.26504/rs165,https://www.esri.ie/publications/job-quality-of-minimum-wage-workers-in-ireland,https://www.esri.ie/system/files/publications/RS165_0.pdf,keyword:employment permit; keyword:work permit,"The provision of high-quality jobs is an important component of the policy strategy of organisations such as the ILO, the OECD and the European Union. Job quality can have important implications for employee well-being, as well as being an important component of a well-functioning and productive economy. When considering job quality, the level of pay is often the primary consideration. However, job quality is a multidimensional concept that goes beyond pay, to include factors such as job security, flexibility, union membership, contract type, provision of training, physical risk, and general working conditions. Capturing the multidimensional aspects of job quality is difficult as many surveys do not capture the full range of job quality indicators. In this research, we combine three different datasets to examine the job quality of minimum wage workers in Ireland relative to higher paid workers across a range of dimensions. The datasets we use include the 2022 Irish Labour Force Survey, the 2015 European Working Conditions Survey, and the 2014 European Skills and Jobs Survey. As we are focused on minimum wage employment, which by definition are low-paying jobs, we focus on aspects of job quality beyond remuneration. We find that minimum wage employees are approximately 10 percentage points more likely than higher paid employees to fear job loss and to hold temporary employment contracts, and approximately 5 percentage points more likely than higher paid employees to want to work more hours than they currently do. Our results also show that minimum wage employees are approximately 20 percentage points less likely to be members of a trade union. Minimum wage employees also appear to have less flexibility in their jobs, as we find that they are 20 percentage points less likely to be able to work from home. Compared to higher paid workers, minimum wage employees are also found to work longer shifts (more than ten hours) that coincide with more unsocial times (Saturdays and Sundays). They are also 13 percentage points more likely to work in jobs in which their skills are underutilised. This is reflected in the fact that minimum wage employees also report lower job complexity and lower levels of computer usage compared to higher paid employees, and are less likely to receive training in their jobs. However, while most job quality indicators show that minimum wage jobs tend to be lower quality, there are three exceptions. Minimum wage employees are more likely to be in jobs where they have a choice in the colleagues they work Executive summary | vii with and in the hours that they work. In addition, minimum wage employees are more likely to be in jobs where the boss is successful in getting people to work together. In addition to facing low levels of pay, our research indicates that, overall, minimum wage workers may also face less favourable job quality conditions as measured by a variety of factors. This highlights the importance of providing not only a minimum level of pay, but also ensuring a minimum level of acceptable terms and conditions of employment. For many low-paid workers, minimum wage employment may be a relatively short-term stepping-stone to higher pay. However, for others it may be a longer-term arrangement. The combination of low pay and other potentially unfavourable job quality measures is of particular concern for individuals that may be long-term minimum wage employees"
exclude,2023-08-02,Status quo bias impedes active travel policy by changing the process of opinion formation,ESRI Working Paper,Ylva Andersson; Féidhlim McGowan; Shane Timmons; Pete Lunn,no migration vocabulary; no Ireland reference,,,,"findings, participant",,contemporary,Behavioural Science,,https://www.esri.ie/publications/status-quo-bias-impedes-active-travel-policy-by-changing-the-process-of-opinion,https://www.esri.ie/system/files/publications/WP755v2_0.pdf,keyword:nationality,"Publication dates: Version 1 published 2 August 2023; Version 2 published 3 March 2025 This paper demonstrates how status quo bias (SQB) constitutes a strong psychological obstacle to climate policy and investigates the psychological mechanisms behind it. Four experiments measure the strength of SQB, illuminate likely causes, and test ways to mitigate it. Large, nationally representative samples evaluated town layouts designed to promote cycling and walking instead of driving, where the layout was either planned or already in place. The identical layout was evaluated more negatively when planned. This SQB effect was stronger than the influence of being a cyclist or motorist. SQB was unrelated to psychological scales measuring general resistance to change, loss aversion, and uncertainty aversion. Measures of participant’s information search and thought processes during opinion formation were instead consistent with a Query Theory account of SQB. This insight informed tests of alternative descriptions of plans, one of which partially mitigated SQB by emphasising the restoration of previously lost benefits. The findings have implications for pro-climate policies and speaks to the importance of understanding the psychological mechanisms behind societal acceptance of change."
exclude,2023-08-01,Characteristics and behaviours of young people who meet online contacts face-to-face,Journal Article,Gretta Mohan,no migration vocabulary,,,,"dataset, longitudinal, regression",Ireland (State),contemporary,Health and Quality of Life; Energy and Environment,10.1080/02673843.2023.2241524,https://www.esri.ie/publications/characteristics-and-behaviours-of-young-people-who-meet-online-contacts-face-to-face,https://www.esri.ie/system/files/publications/JA202324.pdf,keyword:work permit,"The internet provides opportunities for social interactions which first occur in an online environment that can lead to meeting up in real life. However, growing concerns around safety and privacy warrant greater study of this modern-day phenomenon. Using a longitudinal dataset of approximately 4,300 20-year-olds in Ireland, this study finds one-in-three report meeting someone from online. Multiple regression reveals that females are less likely to engage in such behaviour, while the trait of ‘openness’, spending more time on the internet, being non-heterosexual, using dating apps, and being sexually active at 17 years are positively associated. Early exposure to information and communication technologies, as indicated by mobile phone ownership at 9 years, is also associated with online-to-offline encounters. A range of policy considerations are discussed, including the continued need for education in e-safety and cyber safety awareness from a young age through young adulthood, particularly for groups such as LGBT communities."
exclude,2023-08-01,A cross country perspective on Irish enterprise investment: Do fundamentals or constraints matter?,ESRI Working Paper,Eoin Kenny; Conor O'Toole,no migration vocabulary,,,,"data, estimate, survey, surveys, we find",Ireland (State),contemporary,Macroeconomics,,https://www.esri.ie/publications/a-cross-country-perspective-on-irish-enterprise-investment-do-fundamentals-or,https://www.esri.ie/system/files/publications/WP754_2.pdf,keyword:foreign,"Numerous research papers have used Irish-only data to test for the presence of an investment gap for small- and medium-sized enterprises (SMEs). In this paper, we use cross country firm-level survey data from the World Bank Enterprise Surveys to explore the investment patterns of Irish SMEs in a cross-country context and test whether an investment gap is present when compared to other countries. We use an accelerator model of investment which links capital expenditure to firm output growth and test the sensitivity of investment to this key fundamental for Ireland and other countries. We then estimate whether Irish firms face an investment gap relative to their European peers. We test whether any differences in cross country patterns are driven by variation in financial factors (such as credit access or indebtedness) or firm quality (managerial experience, website usage, operating profitability). We find that Ireland’s investment in fixed tangible assets is relatively well explained by these factors whereas a clear underinvestment in research and development expenditure emerges. Factors associated with investment in research and development include the degree of foreign technology usage, digitalisation and internationalisation."
exclude,2023-07-21,ESRI Nowcast (May 2023 Estimate),Indices Report,Paul Egan,not a research publication (Indices Report),,,,,,,Macroeconomics,10.26504/ir9,https://www.esri.ie/publications/esri-nowcast-may-2023-estimate,https://www.esri.ie/system/files/publications/IR9_0.pdf,keyword:employment permit; keyword:work permit,"Using data available through 18th July 2023, we provide an update to our monthly estimate of modified domestic demand (MDD) using the ESRI Nowcasting model currently employed to support the forecasting exercise in the Quarterly Economic Commentary . We estimate that MDD grew 3.1% year-on-year in May 2023; it has remained relatively stable since the beginning of the year. May saw a further tightening of financial conditions and more negative business sentiment indicators than 12 months ago. However, there were also strong improvements in the labour market and in the indicator of industrial production. Our nowcast currently estimates MDD for 2023Q2 to be 3.3% above its level in 2022Q2."
exclude,2023-07-20,Products or markets: What type of experience matters for export survival?,Journal Article,Martina Lawless; Zuzanna Studnicka,no migration vocabulary; no Ireland reference,,,,"evidence, we find",,contemporary,"Competitiveness, Trade and FDI",10.1007/s10290-023-00507-3,https://www.esri.ie/publications/products-or-markets-what-type-of-experience-matters-for-export-survival,,keyword:naturalisation,"Previous research has generally shown that increased export experience is positively correlated with the subsequent survival of newly launched export flows by a firm. In this paper, we find that there are important differences in the relationship between firm experience and export survival depending on the source of the experience. Specifically, experience built up by a firm from previously exporting a particular product before launching it in a new market is positively associated with the survival of a new product-market flow. In contrast, experience within a market prior to adding a new product has a mainly negative correlation with the survival probability of the new product-market export flow. This shows that taking a successful product to new markets is more likely to succeed than expanding product range within a market. We further find evidence suggestive of firms bringing their most established products to a wider range of markets while launching new product lines in their more established markets."
exclude,2023-07-20,Housing affordability: Ireland in a cross-country context,ESRI Research Series,Wendy Disch; Rachel Slaymaker,no migration vocabulary,,,,"data, eu-silc, microdata, survey",Ireland (State),contemporary,Macroeconomics; Housing,10.26504/rs164,https://www.esri.ie/publications/housing-affordability-ireland-in-a-cross-country-context,https://www.esri.ie/system/files/publications/RS164.pdf,keyword:nationality; keyword:work permit,"Persistent, structural housing affordability challenges in Ireland have been well documented for particular groups (private renters, low to middle income households and those in urban areas (Corrigan et al., 2019)). Recent research has also documented the access to credit constraints faced by first-time buyers and the challenges associated with accumulating a deposit and tight loan-to-income limits (McQuinn et al., 2021; Kelly and Mazza, 2019; Slaymaker et al., 2022). However, these challenges are not unique to Ireland, and worsening affordability pressures and falling homeownership rates have been highlighted globally (Demographia, 2022) as the share of household income spent on housing costs has risen over-time (OECD, 2021a). This paper aims to better contextualise the housing affordability challenges faced in Ireland by examining how key affordability indicators such as housing-payment-cost-to-income ratios for Irish households (across tenures, incomes, household composition, urbanisation and age) compare with those in 14 other European countries. This analysis is based on 2019 Eurostat cross-country Survey on Living Conditions (EU-SILC) data to avoid any potential distortions in affordability indicators as a result of differing COVID-19 income support policy responses across countries. A considerable benefit of using nationally representative household level microdata is that they provide a more complete affordability picture for the full stock of tenants and mortgage holders compared to frequently cited rent/ house price index measures based solely on new tenancies/recent movers."
exclude,2023-07-13,Pandemic unemployment and social disadvantage in Ireland,ESRI Research Series,Adele Whelan; Anne Devlin; Seamus McGuinness; Paul Redmond,no migration vocabulary,,,,"dataset, we find",Ireland (State),contemporary,Labour Markets and Skills,10.26504/rs163,https://www.esri.ie/publications/pandemic-unemployment-and-social-disadvantage-in-ireland,https://www.esri.ie/system/files/publications/RS163_0.pdf,keyword:international protection; keyword:employment permit; keyword:work permit,"Previous research has shown that, on average, lower paid workers were more susceptible to job losses during the pandemic. This relates to the fact that many low paid jobs are in sectors that were particularly hard hit by the public health measures. For example, many businesses in the accommodation and food sectors were forced to close at various points during the pandemic, with little prospect for low-paid workers to continue to work remotely. Our research investigates the economic impact of the pandemic on people living in disadvantaged areas in Ireland. This is carried out by examining whether area-level deprivation affected the number and duration of Pandemic Unemployment Payment (PUP) recipients. This is done by merging a unique dataset of PUP recipients from the Department of Social Protection (DSP) with Electoral Division (ED) level measures of deprivation based on the Pobal Haase Pratschke Relative Deprivation Index (HP Relative Deprivation Index). Our results indicate that the employment situation of individuals in deprived areas (as measured by the HP deprivation index) was more heavily impacted by pandemic lockdown conditions than was the case for individuals from more affluent areas. Specifically, we find that ED-level Pandemic Unemployment Payment (PUP) rates, which we define as the percentage of working-age individuals in an ED in receipt of PUP, were higher in more deprived areas during lockdown periods. These area-level PUP rates also fell more quickly in more deprived areas once lockdown conditions were relaxed. Consistent with this pattern, average PUP durations were often lower in more deprived areas."
exclude,2023-07-12,Regulatory impact of possible radon prevention measures in new build homes in Ireland,ESRI Research Series,Seán Lyons; Katie Duffy; Anne Nolan,no migration vocabulary,,,,,Ireland (State),contemporary,Health and Quality of Life; Energy and Environment,10.26504/rs162,https://www.esri.ie/publications/regulatory-impact-of-possible-radon-prevention-measures-in-new-build-homes-in-ireland,https://www.esri.ie/system/files/publications/RS162.pdf,keyword:naturalisation; keyword:work permit,"The purpose of this report is to undertake an ex-ante evaluation of the cost effectiveness of alternative radon prevention measures for new build properties in Ireland. Radon is a naturally occurring gas that primarily enters a building by seeping through the ground floor. Radon is the predominant source of radiation in Ireland, the second most prominent cause of lung cancer after smoking, and the number one cause of lung cancer amongst people who have never smoked. One of the most common prevention methods for new buildings is the installation of an airtight radon-proof membrane across the foundation."
review,2023-07-10,Growing Up in Ireland: Key findings: Cohort ’08 at 13 years old,Report,Emer Smyth; Aisling Murray; Eoin McNamara; Desmond O'Mahony; Adam Nolan; Brendan Duggan,"only ambiguous migration terms; PDF: 21 pages, 14 Ireland mentions",integration,14,21,"census, cohort, data, evidence, fieldwork, findings, growing up in ireland, interview",Ireland (State),contemporary,Growing Up in Ireland,,https://www.esri.ie/publications/growing-up-in-ireland-key-findings-cohort-08-at-13-years-old,https://www.esri.ie/system/files/publications/BKMNEXT432.pdf,keyword:integration,"New research shows that the majority of 13-year-olds are healthy, have settled well into secondary school and feel supported by family and friends, despite the unprecedented disruption to their adolescence caused by the pandemic. Prior to January 2023, the study was carried out by a consortium of researchers led by the Economic and Social Research Institute (ESRI) and Trinity College Dublin (TCD). The Department of Children, Equality, Disability, Integration and Youth was the sponsor."
exclude,2023-07-05,New EPA Radon Risk Map Motivates Household Testing,ESRI Research Bulletin,Shane Timmons; Pete Lunn,no migration vocabulary,,,,"data, estimated, findings, n = 1, participant, participants, results show, sample",Ireland (State),contemporary,Behavioural Science; Energy and Environment; Health and Quality of Life,10.1016/j.jenvp.2023.102057,https://www.esri.ie/publications/new-epa-radon-risk-map-motivates-household-testing,https://www.esri.ie/system/files/publications/RB202311.pdf,keyword:naturalisation,"This Bulletin summarises the findings from: Timmons, S., & Lunn, P. D. (2023). Using information provision and interactive risk maps to motivate testing for radon. Journal of Environmental Psychology . Available online: https://doi.org/10.1016/j.jenvp.2023.102057 . Introduction Radon is a naturally occurring gas that is present throughout Ireland. Exposure to it is a leading cause of lung cancer, yet the rate at which householders undertake tests is consistently low. Our aim was to test two approaches for motivating people to test for radon: (1) providing them with general information about radon and (2) enabling them to find the level of risk in their area using a hazard map. We used a controlled experiment to test whether designing the map using principles from the psychology of risk altered willingness to test for radon. Data and Methods A representative sample of adults (N = 1,700) took part in the online experiment. It consisted of three tasks. The first task was a quiz about the causes and consequences of radon exposure and how to remediate against it. Half of participants were selected at random to see the answers after making their guess. This experiment tested whether giving information about radon altered responses to measures recorded later in the study. In the second task, we initially recorded perceived risk of radon on seven-point rating scales. Risk perception was measured through questions about general worry about radon, perceived likelihood of being affected by it and perceived severity of the consequences if affected. Participants were then given a link to a radon hazard map depicting the estimated level of risk in different areas. Participants were randomised to see the pre-existing map which was in use by the EPA at the time of the study or one of sixteen test maps. These test maps varied by four features informed by the psychological literature on risk perception: (1) how the risk was described (as a numeric frequency, e.g. “1 in 5 homes at risk”, vs. simple statement, e.g. “high risk”), (2) the number of risk categories (two vs. three), (3) the colour (yellow-red vs. yellow-black), and (4) the search functionality (Eircode searching vs. not). In the third task, we measured evaluation of the maps, perceived risk from radon again and the participant’s willingness to test to their home for radon. Results Participants who saw the answers to the knowledge quiz reported being more worried about radon and judged that the effects of exposure would be worse for them or someone in their household compared to those who didn’t see the answers. Despite most not knowing the level of risk in their area, participants in both groups believed their home was not likely to be affected. Map evaluations were more positive for ones that used the simple statement of risk, three categories rather than two, the yellow-red colour scheme and search functionality. All test maps boosted perceived risk relative to the pre-existing map, but the size of the difference depended on the design of the map. Statistical models showed that general worry about radon and perceived likelihood of being exposed to it were higher among those who saw maps with the numeric frequency (e.g. 1 in 5 homes at risk) and three categories of risk. Map design did not affect perceived severity of consequences from exposure. Importantly, the numeric frequencies also resulted in higher willingness to test for radon. The most influential map showed risk as a numeric frequency, displayed risk over three categories, used a yellow-red colour scheme and allowed Eircode searching. Compared to the pre-existing map, it resulted in a 72% increased in those highly willing to test. Note that the best performing map was not the map that was most liked by participants. Conclusion and Implications Awareness of the perceived risk from radon can be improved by a strategy that provides households with more information and uses numeric frequencies to communicate risk statistics. Map design had a large effect on willingness to test for radon, implying that the pre-existing map should be replaced with the best-performing one. The EPA has since adopted this as their main radon map, available at https://www.epa.ie/environment-and-you/radon/ . More broadly, the results show the benefit of controlled experimental testing of communications about environmental issues."
exclude,2023-07-05,The impacts of removing fossil fuel subsidies and increasing carbon taxation in Ireland,Journal Article,Kelly C de Bruin; Aykut Mert Yakut,no migration vocabulary,,,,"revenue, we find",Ireland (State),contemporary,Climate; Energy and Environment,10.1007/s10640-023-00782-6,https://www.esri.ie/publications/the-impacts-of-removing-fossil-fuel-subsidies-and-increasing-carbon-taxation-in,,keyword:naturalisation,"Though the magnitude of fossil fuel subsidies eclipses carbon pricing revenues, policies and economic literature focus on carbon taxation. This paper aims to show that removing fossil fuel subsidies can reduce emissions as much as carbon taxation without making producers and consumers worse off. Using a dynamic intertemporal CGE model of Ireland, we compare removing eight Irish fossil fuel subsidies and increasing the carbon tax to €100 per tonne by 2030. We find that both policies result in similar emission reductions. Carbon taxation results in lower negative GDP and investment impacts, whereas subsidy removal results in lower negative employment impacts, higher revenues, an improved trade balance and lower debt. The impacts across sectors and households are distributed more evenly under a carbon tax, where subsidy removal results in extreme impacts for specific sectors and households. Excluding households’ subsidies from removal can alleviate these household distributional impacts at no cost to emission reduction. With revenue recycling reducing tax rates, a double-dividend is found at the expense of worsened income distribution. The economic benefit of revenue recycling is greater when removing subsidies than with carbon taxation and results confirm the importance of fossil fuel subsidies in climate policy."
exclude,2023-07-04,Structure of international goods trade for Ireland and Northern Ireland,ESRI Survey and Statistical Report Series,Janez Kren; Martina Lawless,no migration vocabulary,,,,data,NI and ROI/island,contemporary,Macroeconomics,10.26504/sustat117,https://www.esri.ie/publications/structure-of-international-goods-trade-for-ireland-and-northern-ireland,https://www.esri.ie/system/files/publications/SUSTAT117_0.pdf,keyword:work permit,"This report examines newly available data for 2021 on Northern Ireland’s goods exports and imports and equivalent data for Ireland on a detailed product and market level. This allows, for the first time, the trade structures of both economies to be investigated on a consistent basis, giving new insight into both overall international trade patterns for each economy and how cross-border trade looks within this broader context."
exclude,2023-06-29,"Quarterly Economic Commentary, Summer 2023",ESRI Forecasting Series,Kieran McQuinn; Conor O'Toole; Wendy Disch; Eoin Kenny,no migration vocabulary,,,,,Ireland (State),contemporary,Macroeconomics,10.26504/qec2023sum,https://www.esri.ie/publications/quarterly-economic-commentary-summer-2023,https://www.esri.ie/system/files/publications/QEC2023SUM.pdf,keyword:work permit,"Forecast overview: The general assessment of the Irish economy can be characterised as follows: Economic headwinds such as rising interest rates, slower than expected global trade and persistent inflation are clouding the international outlook but the domestic economy is growing robustly. However, the emergence of capacity constraints, particularly in the labour and housing markets may have implications for future growth. We now believe the economy as measured by modified domestic demand (MDD) will increase by 3.5 per cent this year and 4.0 per cent in 2024. The greater pace of economic activity next year is mainly attributable to the expected lower rate of inflation. The Irish labour market continues to perform in a robust manner. The recent decline in the unemployment rate below 4 per cent is a notable occurrence. This is a historically low rate. This continued robust economic performance comes against the backdrop of persistent global uncertainties such as inflationary pressures, rising interest rates and ongoing geopolitical risks."
exclude,2023-06-27,Understanding the Irish economy,QEC Special Article,John FitzGerald,no migration vocabulary,,,,data,Ireland (State),contemporary,Macroeconomics,10.26504/QEC2023SUM_SA_Fitzgerald,https://www.esri.ie/publications/understanding-the-irish-economy,https://www.esri.ie/system/files/publications/QEC2023SUM_SA_FitzGerald_0.pdf,keyword:nationality; keyword:third country; keyword:work permit,"The CSO Institutional Sector Accounts allow a decomposition of the separate contributions to the Irish economy since 2013 from the Multinational Enterprise (MNE) sector and the domestic sector. The share of national income arising from the MNE sector in 2021 amounted to 29 per cent, up from 22 per cent in 2013. By 2021 a third of the wages paid in the Irish economy came from MNEs. Using these data, the growth rate in real income over the period 2013 to 2021 at 4.4 per cent a year, is much higher than that experienced by other EU countries of 1.5 per cent. Using GNI* as a measure of national income, Ireland appears to have an aboveaverage standard of living while, on the basis of household and public consumption, Ireland has somewhat lower standard of living, partly because of the high rate of saving in Ireland."
exclude,2023-06-26,Post-school pathways and migrant youth,Book/Report Chapter,Merike Darmody; Emer Smyth,no Ireland reference; no PDF on ESRI page (journal article or external),migrant,,,,,contemporary,"Social Inclusion and Equality; Migration, Integration and Demography; Education",10.4324/9781003279303-1,https://www.esri.ie/publications/post-school-pathways-and-migrant-youth,,research_area:67; keyword:migrant; keyword:migration; keyword:integration; keyword:labour migration,"Previous research has highlighted the disadvantaged position some migrant-origin youth hold regarding entry to higher or further education and the labour market, despite the high aspirations held by many young people and their families. The immediate post-school period has important consequences for later life chances and the social and economic integration of migrant youth, but this topic has been under-researched to date. This chapter sets the scene for understanding the factors influencing the transitions of migrant-origin youth across six European countries, each discussed in individual chapters of this volume. The countries featured in the book represent different migration histories and different transition systems, thus providing new insights into the role of structure, agency, and migrant resilience in youth transitions."
include,2023-06-26,Post-school expectations and outcomes among migrant-origin young people in Ireland,Book/Report Chapter,Frances McGinnity; Merike Darmody; Emer Smyth,no PDF on ESRI page (journal article or external),migrant,,,"case study, cohort, evidence, growing up in ireland, longitudinal, sample, we find",Ireland (State),contemporary,"Social Inclusion and Equality; Migration, Integration and Demography; Education",10.4324/9781003279303-3,https://www.esri.ie/publications/post-school-expectations-and-outcomes-among-migrant-origin-young-people-in-ireland,,research_area:67; keyword:migrant; keyword:migration; keyword:naturalisation; keyword:ethnic; keyword:ethnicity; keyword:integration; keyword:student migration,"International evidence suggests that migrant students tend to be highly motivated to progress to higher (tertiary) education, but for many reasons, these aspirations may not be achieved – the “aspirations-achievement” paradox. This chapter examines migrant students’ post-school expectations at 17 and their actual participation in higher education at age 20 using a longitudinal sample of young people from Cohort’98 of the Growing Up in Ireland study. Ireland represents an interesting case study given the relatively highly educated nature of the migrant population, the fact that the education system is characterised by active secondary school choice by parents (influencing social and ethnic segregation), and very high rates of transition to higher education. Distinguishing migrant-origin young people by language background, we find post-school expectations are high for both English-speaking and non-English-speaking migrant-origin groups and their Irish peers and do not differ between the three groups. Progression to third-level education is also high among all three groups, though it is actually somewhat higher for non-English-speaking, migrant-origin groups. This finding challenges both the “aspirations-achievement” paradox for migrant-origin students and also the expectation that migrant-origin students are necessarily disadvantaged in terms of post-school transitions."
exclude,2023-06-26,Conclusion: Post-school Pathways of Migrant-Origin Youth in Europe,Book/Report Chapter,Merike Darmody; Emer Smyth,no Ireland reference; no PDF on ESRI page (journal article or external),"ethnic minority, immigrants, migrant",,,,,contemporary,"Social Inclusion and Equality; Migration, Integration and Demography; Education",10.4324/9781003279303-8,https://www.esri.ie/publications/conclusion-post-school-pathways-of-migrant-origin-youth-in-europe,,research_area:67; keyword:migrant; keyword:migration; keyword:immigrant; keyword:immigration; keyword:nationality; keyword:ethnic; keyword:ethnicity; keyword:integration,"This conclusion presents some closing thoughts of the key concepts discussed in the preceding chapters of this book. The book demonstrates that immigrants’ post-school expectations are also influenced by national patterns. Young people differ in their educational experiences and outcomes and in the opportunities available to them upon leaving school, leading to inequalities in post-school trajectories. The book shows that ethnic minority groups were overrepresented in business/administration/law, choices possibly seeking to ensure social mobility and compensating for their lower socioeconomic background. The rate of unemployment in France is notably higher for second-generation youth from North Africa, Turkey, and sub-Saharan Africa, compared to that of the majority group, while similar for those of Portuguese origin or lower for those of Asian origin. The book also shows inequalities in transition outcomes on the basis of social background and gender for migrant and non-migrant young people."
exclude,2023-06-22,Using information provision and interactive risk maps to motivate testing for radon,Journal Article,Shane Timmons; Pete Lunn,no migration vocabulary; no Ireland reference,,,,"n = 1700, results show, sample",,historical,Behavioural Science; Health and Quality of Life,10.1016/j.jenvp.2023.102057,https://www.esri.ie/publications/using-information-provision-and-interactive-risk-maps-to-motivate-testing-for-radon-0,https://www.esri.ie/system/files/publications/JA202318.pdf,keyword:nationality,"Radon exposure in homes is a leading cause of lung cancer, but the rate at which householders test for this environmental risk is low. In a pre-registered experiment with a nationally representative sample of adults ( N = 1700), we used psychological theory to design information interventions to influence perceptions of risk from radon and motivate testing. Results show that information about radon increased belief that exposure would lead to negative consequences, but not perceived likelihood of exposure. Interactive maps depicting the geographical distribution of radon risk increased perceived likelihood of exposure, general worry and willingness to test for radon, but the effects depended on the map's attributes. Maps communicating risk using numeric frequencies of the number of homes in an area likely to be affected by radon (e.g., 1 in 5 homes) were more effective than ones that used simple statements (e.g., your home is at high risk). Adding an intermediate “moderate” risk category increased perceived risk compared to a binary high/low classification system among those in the moderate risk area, without altering perceptions of those at high risk. Other map features (colour and search functionality) had little impact. The best performing map led to 72% more people being willing to test for radon, compared to the map in use by the national Environmental Protection Agency at the time of the study. The results have implications for theories of risk perception and show the potential for techniques from psychological science to help mitigate a real-world environmental risk."
exclude,2023-06-21,Ireland’s Women in Finance Charter: Annual Report 2023,ESRI Survey and Statistical Report Series,Sarah Curristan; Helen Russell; Frances McGinnity,no migration vocabulary,,,,"interviews, qualitative, survey",Ireland (State),contemporary,Social Inclusion and Equality,10.26504/sustat118,https://www.esri.ie/publications/irelands-women-in-finance-charter-annual-report-2023,https://www.esri.ie/system/files/publications/SUSTAT118.pdf,keyword:employment permit; keyword:work permit,"Ireland’s Women in Finance Charter was launched April 2022. It is an initiative supported by industry and the Government of Ireland to improve gender balance at all levels within the financial services sector. In its first year, 56 firms employing 44,340 workers signed the Charter and completed the baseline survey. This report is based on responses from the baseline survey, together with results from the first follow-up annual survey carried out in early 2023 and qualitative interviews with five firms."
exclude,2023-06-20,Problem Gambling: a narrative review of important policy-relevant issues,ESRI Survey and Statistical Report Series,Diarmaid Ó Ceallaigh; Shane Timmons; Deirdre Robertson; Pete Lunn,no migration vocabulary,,,,evidence,Ireland (State),contemporary,Behavioural Science,10.26504/sustat119,https://www.esri.ie/publications/problem-gambling-a-narrative-review-of-important-policy-relevant-issues,https://www.esri.ie/system/files/publications/SUSTAT119.pdf,keyword:work permit,"Gambling is a large and growing industry. With that growth, there has also been growing concern about the potential harms that can arise from problem gambling. In late 2022, new legislation was introduced in Ireland to provide for more stringent regulation of the gambling industry and to establish an independent regulator, the Gambling Regulatory Authority of Ireland (GRAI). This review summarises and evaluates evidence from international research that is relevant to a number of policy questions. In doing so, it also identifies where evidence is deficient or lacking, to highlight some important and fruitful avenues for future research."
exclude,2023-06-15,Cliff edges in the Irish tax-benefit system,Budget Perspectives,Michael Doolan; Claire Keane,no migration vocabulary,,,,,Ireland (State),contemporary,"Taxation, Welfare and Pensions",10.26504/BP202401,https://www.esri.ie/publications/cliff-edges-in-the-irish-tax-benefit-system,,keyword:international protection; keyword:employment permit; keyword:work permit,"Trade-offs exist in protecting those on lower incomes and ensuring an adequate incentive to work. If benefit entitlements and other supports are withdrawn sharply as income rises, there may be a financial disincentive to enter employment or to work more. The same is true for tax and social insurance liabilities – if these jump at certain points or increase sharply they may disincentivise employment. This paper examines cliff edges that exist in the Irish tax and welfare system – such as income thresholds for medical cards and Pay-Related Social Insurance (PRSI) contributions – that can mitigate against the generally strong incentives to work faced by the working-age population. Where possible, it considers options for reforms to these cliff edges."
exclude,2023-06-15,"Housing tenure, health and public healthcare coverage in Ireland",Budget Perspectives,Harry Humes; Michelle Barrett; Brendan Walsh,no migration vocabulary,,,,"data, eu-silc, survey, we find",Ireland (State),contemporary,"Taxation, Welfare and Pensions; Health and Quality of Life; Housing",10.26504/BP202402,https://www.esri.ie/publications/housing-tenure-health-and-public-healthcare-coverage-in-ireland,https://www.esri.ie/system/files/publications/BP202402.pdf,keyword:employment permit; keyword:work permit,"Housing and health are regarded as pressing concerns for the general public and policymakers in Ireland, but little information exists regarding their relationship. This study utilises data from the EU Survey on Income and Living Conditions (EU-SILC) to examine the correlations between housing tenure (homeowners, private renters or supported renters), health and healthcare coverage in Ireland. Furthermore, the research examines the evolution of these relationships over time and analyses the differences in self-reported health, chronic illness and medical card coverage across key socio-economic dimensions. We find significant variations in health and healthcare coverage across tenure groups. In general, supported renters have the poorest health outcomes, particularly those who are older and unemployed. These groups also have the highest levels of public healthcare coverage. However, a significant proportion of supported renters – especially those who are young and employed – do not hold a medical card. These individuals are at high risk of poverty and have low enough incomes to qualify for public housing assistance, yet may be left with a large financial burden in the event of a health emergency due to a lack of public healthcare coverage. Low medical card coverage rates were also found among private renters, including those who are unemployed or have a chronic illness, putting many private renters at a high financial risk in the event of a health emergency. This study discusses policies to improve equity of access to the public healthcare system through the medical card system, especially for those groups which are most vulnerable in the event of a health emergency. In particular, we discuss the expansion of universal healthcare envisioned by the 2017 Sláintecare report and potential changes to medical card eligibility thresholds."
exclude,2023-06-14,Extending the National Childcare Scheme to childminders: Cost and distributional effect,Budget Perspectives,Karina Doorley; Dora Tuda; Luke Duggan,no migration vocabulary,,,,estimate,Ireland (State),contemporary,"Taxation, Welfare and Pensions",10.26504/BP202403,https://www.esri.ie/publications/extending-the-national-childcare-scheme-to-childminders-cost-and-distributional-effect,https://www.esri.ie/system/files/publications/BP202403_0.pdf,keyword:nationality; keyword:work permit,"A series of studies have found that, prior to the introduction of the National Childcare Scheme (NCS), parents in Ireland faced some of the highest childcare costs among OECD countries. To improve childcare affordability, in 2019 the Government introduced the NCS, which awards universal and means-tested childcare subsidies to families using registered childcare. In this report we estimate the potential cost and distributional impact of extending the NCS to a form of mostly unregistered childcare: childminders who care for children in the childminder’s home. We estimate that this reform would increase the cost of the NCS to the Exchequer by €35–121 million per annum (8 per cent to 29 per cent of the current cost), depending on take-up of the subsidy. Such a reform would decrease the cost of childminder-based care by €100 per month, per child, and would mainly benefit middle-income households. This could also have wider impacts, on both the demand for centre-based childcare and mothers’ labour supply."
exclude,2023-05-31,Community-funded behavioural change initiatives: Water quality in Ireland,Journal Article,Wellington Osawe; Gianluca Grilli; John Curtis,no migration vocabulary,,,,"data, quantitative",Ireland (State),contemporary,Energy and Environment; Climate,10.1016/j.envdev.2023.100869,https://www.esri.ie/publications/community-funded-behavioural-change-initiatives-water-quality-in-ireland,,keyword:naturalisation,"Mitigating the deterioration in water quality is contingent on changing human behaviours. Community-based behavioural change initiatives are one approach to changing people's actions, which is distinct from many behavioural change programmes that target the actions of individuals. This paper examines a behavioural change initiative aiming to foster proactive community engagement in the management and protection of water catchments in Ireland. The initiative comprises a grant scheme for community groups to undertake a variety of activities to support improvements in water quality, ranging from education and awareness activities to physical interventions. The analysis finds that higher grant awards and a greater number of grant applications are positively associated with either a higher likelihood of engagement with public and private sector stakeholders or participation in the State's River Basin Management Plan process on improving water quality. While this demonstrates some success for the grant scheme, questions remain unanswered with respect to the efficacy of schemes like this. With limited quantitative data available both on the precise nature of interventions applied and measured target outcomes, it was not possible to discern what community group or project attributes are critical to the success of the grant scheme. This deficiency means that effectively replicating or scaling up successful projects like this will be practically challenging."
exclude,2023-05-30,Why many seeking asylum in Ireland may be without a passport,Newspaper/Magazine Article,Emily Cunniffe; Keire Murphy,not a research publication (Newspaper/Magazine Article),,,,,,,"Migration, Integration and Demography; Social Inclusion and Equality",,https://www.esri.ie/publications/why-many-seeking-asylum-in-ireland-may-be-without-a-passport,,research_area:67; keyword:migration; keyword:asylum; keyword:integration,EMN Policy Officers Emily Cunniffe and Keire Murphy wrote an op-ed for The Irish Times about why people arrive without documents at Dublin Airport.
exclude,2023-05-30,Covid-19 in the Community and Outbreaks in Long-Term Residential Care in Ireland,ESRI Research Bulletin,Brendan Walsh; Sheelah Connolly; Maev-Ann Wren,no migration vocabulary,,,,"data, estimate, estimated, evidence, findings, we find",Ireland (State),contemporary,Health and Quality of Life,,https://www.esri.ie/publications/covid-19-in-the-community-and-outbreaks-in-long-term-residential-care-in-ireland,https://www.esri.ie/system/files/publications/RB202310_1.pdf,keyword:international protection; keyword:third country,"This Bulletin summarises the findings from: Walsh, Brendan; Connolly, Sheelah and Wren, Maev-Ann., “Covid-19 in the Community and Outbreaks in Long-Term Residential Care in Ireland”, Journal of Long-Term Care , Available online: https://journal.ilpnetwork.org/articles/10.31389/jltc.191 Overview Long-Term Residential Care (LTRC) homes were at the centre of the Covid-19 pandemic. In Ireland and other countries, a substantial proportion of Covid-19 deaths were linked to outbreaks in LTRC. The Health Protection and Surveillance Centre (HPSC) estimated that between March and December 2020, over half of all Covid-19 deaths were linked to outbreaks in LTRC settings in Ireland. Internationally, a range of factors have been found to be associated with Covid-19 outbreaks in LTRC including facility size, form of ownership and community rates of Covid-19. This research examines the factors associated with Covid-19 outbreaks and outbreak severity in LTRC homes in Ireland across the first three waves of the pandemic. Methods This study matched data on Covid-19 in LTRC and non-LTRC settings with information on LTRC home characteristics. These data allowed us to track Covid-19 outbreaks and assess the severity of each outbreak in terms of cases and deaths across all LTRC homes between March 2020 and March 2021.The study analysed whether the probability of outbreaks was associated with factors such as home size (measured by the number of beds) and whether the LTRC home was public or private. In addition, the study examined the extent to which being located in an area with high rates of Covid-19 in the community resulted in an increased risk of a Covid-19 outbreak and the severity of such an outbreak. Findings The study found that two-thirds of all LTRC homes had at least one Covid-19 outbreak between March 2020 and March 2021. In total, there were over 8,500 confirmed Covid-19 cases among LTRC residents and over 2,100 deaths. We estimate that larger LTRC homes were 2.5 times more likely to have a Covid-19 outbreak. No difference in the probability of an outbreak was observed between public and private LTRC homes. Being located in a county with high community rates of Covid-19 was found to have the largest association with the probability of a Covid-19 outbreak. We estimate that LTRC homes located in counties with the highest community rates of Covid-19 were seven times more likely to have an outbreak compared to LTRC homes located in counties with the lowest rates. Community Covid-19 rates were positively associated with larger outbreaks and outbreaks with higher Covid-19 mortality. Policy Implications These findings show the devastating impact Covid-19 had on LTRC in Ireland in terms of cases and deaths. We find that community rates of Covid-19 were the key determinant of Covid-19 outbreaks in LTRC homes in Ireland, in line with findings from the HPSC and the Health Information Quality Authority (HIQA). The results also align with international evidence. While various measures such as infection and control protocols and the implementation of vaccination programs reduced the impact of the pandemic in LTRC homes, community levels of disease were clearly important. The results should inform the understanding of the factors associated with Covid-19 and provide lessons on how to mitigate the impact of future waves of Covid-19 or other infectious diseases."
exclude,2023-05-22,"Ableism differs by disability, gender and social context: Evidence from vignette experiments",ESRI Working Paper,Shane Timmons; Frances McGinnity; Eamonn Carroll,no migration vocabulary; no Ireland reference,,,,"data, evidence, participants, sample, we find",,contemporary,Behavioural Science; Social Inclusion and Equality,,https://www.esri.ie/publications/ableism-differs-by-disability-gender-and-social-context-evidence-from-vignette,https://www.esri.ie/system/files/publications/WP752_0.pdf,keyword:naturalisation; keyword:nationality,"Existing research on ableism has conceptualised it as a general attitude, rather than one that can manifest differently depending on the nature of the disability, the disabled person’s gender and the social context. Our aim was to investigate variation in attitudes to disability depending on these factors. A nationally representative sample of 2,000 adults read a series of vignettes about issues faced by disabled people, relating to education, employment, de-institutionalisation, relationships and welfare payments. Vignettes varied by presence and type of disability and the protagonist’s gender. Some vignettes asked participants whether it was acceptable to treat a disabled person in a specific way (e.g., not hire them for a job) and others asked whether it was acceptable for a disabled person to act in a certain way (e.g., to engage in a romantic relationship). The study was pre-registered and has open materials, data and analysis code. Judgements about how a disabled person was treated showed clear evidence of ableism towards some disabilities (e.g., autism, mental health issues) but not others (e.g., a spine disorder). Judgements about the actions of a disabled person were more nuanced. A disability-gender intersectionality effect was observed for judgements about romantic relationships, with physically disabled women penalised compared to men but no such difference observed for intellectual disability. No intersectionality or ableism was observed on a vignette about refusing poorly paid work. Having a close relationship with someone who has a disability predicted more positive attitudes across social contexts. We find clear evidence that ableism manifests differently depending on the nature of the individual’s disability, their gender and the social context, questioning the previous conceptualisation of ableism as a general attitude. There is considerable scope for further research investigating the forms ableism can take and the conditions that elicit it."
exclude,2023-05-19,ESRI Nowcast (March 2023 Estimate),Indices Report,Wendy Disch; Paul Egan,not a research publication (Indices Report),,,,,,,Macroeconomics,10.26504/ir8,https://www.esri.ie/publications/esri-nowcast-march-2023-estimate,https://www.esri.ie/system/files/publications/IR8.pdf,keyword:employment permit; keyword:work permit,"Using data available through 17 May 2023, we provide an update to our monthly estimate of modified domestic demand (MDD) using the ESRI Nowcasting model currently employed to support the forecasting exercise in the Quarterly Economic Commentary . MDD in March is estimated to be 2.0 per cent above its level in March 2022. Continued resilience in the labour market as well as growth in industrial production, retail sales and total tax revenue are indicative of growth in economic activity in March. However, continued tightening of financial conditions and depressed economic sentiment have contributed to a slowdown in the pace of growth on a monthly basis; MDD in March remained relatively unchanged from February. Overall growth in Q1 2023 is estimated to be 3.1 per cent above its level in Q1 2022."
exclude,2023-05-16,What Protected the Wellbeing of Mothers during the Pandemic?,ESRI Research Bulletin,James Laurence; Helen Russell; Emer Smyth,no migration vocabulary,,,,"cohort, data, evidence, growing up in ireland, longitudinal, sample, survey",Ireland (State),contemporary,Social Inclusion and Equality,,https://www.esri.ie/publications/what-protected-the-wellbeing-of-mothers-during-the-pandemic,https://www.esri.ie/system/files/publications/RB202309.pdf,keyword:naturalisation; keyword:nationality; keyword:integration,"Introduction The COVID-19 pandemic wrought acute harm to mental wellbeing across the globe; not least through its impact on morbidity and mortality, but also from health anxieties, lockdowns and their economic fallout, the closure of key services, as well as the disruption of social networks. However, while the pandemic’s onset was global, not everyone experienced the same harm to their mental health. This study draws on information on the mothers of 12-year-olds from the Growing Up in Ireland (GUI) study to look at what helped cushion the negative impact of the pandemic on their mental health. Data and Methods The study draws on GUI data on Cohort ’08, a nationally representative sample of children born 2007-2008 along with their caregivers. In December 2020, the GUI team conducted a survey of primary caregivers (98 per cent of whom are mothers) during the COVID-19 pandemic. Mothers’ mental health is captured using the Short-form Center for Epidemiological Studies Depression Scale (CES-D), with higher scores indicating a greater risk of depression. The longitudinal nature of GUI means we can compare measures of mothers’ mental health during the COVID-19 pandemic (December 2020) with two previous timepoints before the pandemic - wave 3 (2013/2014) and wave 5 (2017/2018) – to see whether trends in depression changed significantly over the pandemic. The study looks at four sets of factors: (1) mothers’ social resources, such as the level of social cohesion in their neighbourhood (e.g., trust and reciprocity among neighbours) or the support they receive from friends/family; (2) their economic resources, such as the share of income received from welfare, or how difficult they feel it is to ‘make ends meet’; (3) the quality of mothers’ local environment, such as the degree of traffic problems; and (4) their religiosity, such as how often they attend church. All of these factors are measured prior to the onset of the pandemic to reflect the resources mothers had at their disposal going into the crisis. To understand how these buffering factors may have cushioned mothers’ mental health, the study uses a set of measures on what experiences mothers had during the pandemic. These include whether they found supervising their child’s schoolwork stressful, whether they experienced a loss of income/employment, or whether they had COVID or were anxious about friends/family contracting it. Results What factors cushioned the impact of the pandemic on mothers’ mental health? In the years prior to the pandemic ( 2013/2014 to 2017/2018), levels of depression among mothers remained relatively low and stable. However, depression scores among mothers rose steeply with the onset of the pandemic (compared to 2017/18), nearly doubling. Yet, not all mothers experienced an equal increase in depression scores. Stronger economic resources, and better household conditions, played a protective role: depression scores rose less among mothers who reported being able to ‘financially make ends meet’ easily (compared to those who found it difficult) and among mothers who lived in less overcrowded housing. The local environments in which mothers were living also helped cushion their mental health. Mothers who lived in neighbourhoods where heavy traffic was not a problem, and those who lived in rural areas, saw their depression scores increase less over the pandemic, compared to mothers in more urban areas or where traffic was a major problem. The strongest protective factors were mothers’ social resources and their religiosity. Mothers who, just before the pandemic, had a partner in the household and who felt they got the help they needed from friends and family saw their depression scores increase less over the pandemic. Those who reported living in more socially cohesive neighbourhoods (where neighbours trust each other, exchange favours, or feel more attached) – what are termed in the research literature as high social capital areas - were more strongly protected against depression during the pandemic. Symptoms of depression also increased much more steeply among mothers who never attended church before the pandemic compared to mothers who used to attend daily or weekly (even though in-person services had not resumed at the time of the survey). How did these buffering factors protect mothers’ mental health? Social resources cushioned mothers’ mental health because, during the pandemic, these mothers experienced better family relations and struggled less with care work, home schooling, and their children’s return to school. Economic resources supported mental wellbeing by reducing financial stresses, enabling better home/outdoor environments, and likely allowing families to purchase the tablets, laptops, and high-speed internet needed to engage in home schooling and working more easily. A better-quality local environment allowed mothers to spend more time outside and improved family relations. It was harder to explain the protective role of religiosity, but it may relate to greater optimism or a stronger sense of meaning in life that help protect people from the stress of adversity. Conclusion and policy implications This study finds strong evidence that the social, economic, religious, and environmental characteristics in people’s lives protect their mental health when experiencing adverse life events. While some of these characteristics are personal, others can be influenced by policy. Investment in local infrastructure to enhance access to green spaces and reduce neighbourhood disorder will pay dividends in supporting the mental wellbeing of women and their families. Furthermore, community development initiatives to foster a sense of local belonging and trust will enhance families’ capacity to weather crises. Integrating such perspectives into crisis management could help protect societies, particularly more vulnerable groups, and potentially weaken the well-documented long-term scarring effects that adverse life events have on people’s lives."
exclude,2023-05-10,Post-school Pathways of Migrant-Origin Youth in Europe,Book,,no Ireland reference; no PDF on ESRI page (journal article or external),"immigrant, migrant",,,,,contemporary,"Migration, Integration and Demography; Social Inclusion and Equality; Education",10.4324/9781003279303,https://www.esri.ie/publications/post-school-pathways-of-migrant-origin-youth-in-europe,,research_area:67; keyword:migrant; keyword:migration; keyword:immigrant; keyword:immigration; keyword:ethnic; keyword:ethnicity; keyword:integration; keyword:discrimination; keyword:labour migration; keyword:student migration,"This volume explores the role of structure and agency in shaping post-school pathways for migrant-origin young people, providing new insights from countries with different migration histories and transition systems. The book collates the work of leading international scholars to cover a number of jurisdictions across Europe, looking in depth at migrant transitions in different contexts. The chapters examine the influence of different education systems, migration status, race and ethnicity, social class, gender, and resilience on the success of transitions to higher education and the labour market. The book highlights the need for host countries to put in place comprehensive policies to counter ethnic inequalities and discrimination in their education and labour market systems while facilitating and supporting immigrant youth in pursuing their post-school pathways. This timely book will be of great interest to scholars, researchers, and postgraduate students in the fields of migration studies, sociology of education, and equity in education. Policymakers will find this book useful in informing policy development in education and the labour market."
exclude,2023-05-08,A scoping review and behavioural analysis of factors underlying overuse of antimicrobials,Journal Article,Olga Poluektova; Deirdre Robertson; Pete Lunn,no migration vocabulary; no Ireland reference,,,,"analysis of, findings, sample, we analyse",,contemporary,Behavioural Science,10.1093/jacamr/dlad043,https://www.esri.ie/publications/a-scoping-review-and-behavioural-analysis-of-factors-underlying-overuse-of,https://www.esri.ie/system/files/publications/JA202312.pdf,keyword:naturalisation,"Background Overuse of antimicrobials is a challenging global issue that contributes to antimicrobial resistance. Despite widespread awareness of the problem among members of the medical community and various attempts to improve prescription practices, existing antimicrobial stewardship programmes are not always effective. In our view, this may reflect limited understanding of factors that influence prescription of antimicrobials as empirical therapy, implying a need to address the psychological mechanisms behind some of the specific behaviours involved. Objectives To identify factors that influence the antimicrobials prescription as empirical therapy, and to relate these factors to findings from behavioural science. Methods We conducted a scoping review of the literature on the factors underlying antimicrobial prescription decisions, following the protocol designed using PRISMA guidelines. Results and conclusions From a final sample of 90 sources, we identified ten factors important in antimicrobial prescription decisions. In the second stage of our analysis, we grouped them into five final categories: (1) nature of the decision, (2) social influences, (3) individual differences, (4) characteristics of the patient, (5) context. We analyse these categories using a behavioural science perspective."
include,2023-04-26,"How do migrants fare in the Irish labour market? Country of origin, gender, asylum and ethnicity effects",Journal Article,Ivan Privalko; Frances McGinnity; Sarah Curristan; Shannen Enright,"PDF: 25 pages, 196 Ireland mentions","asylum, immigration, migrants",196,25,"525 people, analysis of, census, data, estimate, estimated, estimates, estimating",NI and ROI/island,contemporary,"Migration, Integration and Demography; Labour Markets and Skills; Social Inclusion and Equality",10.1080/15562948.2023.2196664,https://www.esri.ie/publications/how-do-migrants-fare-in-the-irish-labour-market-country-of-origin-gender-asylum-and,https://www.esri.ie/system/files/publications/JA202311.pdf,research_area:67; keyword:migrant; keyword:migration; keyword:immigrant; keyword:immigration; keyword:asylum; keyword:ethnic; keyword:ethnicity; keyword:integration; keyword:employment permit; keyword:work permit; keyword:labour migration,"We use Census microdata for 2016 to investigate migrants’ labor market outcomes in Ireland, a ‘new’ country of immigration. EEA migrants can live and work in Ireland without restriction: for non-EEA migrants, immigration is strictly managed. EEA East European men and women have low unemployment rates but very low rates of professional/managerial employment. Non-EEA migrants tend to have higher unemployment rates but also high rates of work in professional/managerial occupations. Migrants from countries with high asylum flows are especially disadvantaged in the labor market, particularly men. Black respondents have poorer labor market outcomes than Whites, regardless of origin country or migration motive, but not Asians. We reflect how policies governing migration and asylum in Ireland affect who comes to Ireland and their labor market outcomes."
exclude,2023-04-20,ESRI Nowcast (February 2023 Estimate),Indices Report,Wendy Disch; Paul Egan,not a research publication (Indices Report),,,,,,,Macroeconomics,10.26504/ir7,https://www.esri.ie/publications/esri-nowcast-february-2023-estimate,https://www.esri.ie/system/files/publications/IR7_0.pdf,keyword:employment permit; keyword:work permit,"Using data available through 17 April 2023, we provide an update to our monthly estimate of modified domestic demand (MDD) using the ESRI Nowcasting model currently employed to support the forecasting exercise in the Quarterly Economic Commentary. MDD in February is estimated to be 3.7 per cent above its level in February 2022. Continued resilience in the labour market as well as growth in industrial production, retail sales and total tax revenue contributed to growth in economic activity in February. While economic sentiment remains below its level in February 2022, it has generally improved on a monthly basis. Due to improvements across many key indicators, we now estimate annual growth in modified domestic demand to be 3.2 per cent in Q1 2023."
exclude,2023-04-19,Experimental tests of public support for disability policy,ESRI Research Series,Shane Timmons; Eamonn Carroll; Frances McGinnity,no migration vocabulary,,,,"respondents, survey, surveys",Ireland (State),contemporary,Behavioural Science; Social Inclusion and Equality,10.26504/rs159,https://www.esri.ie/publications/experimental-tests-of-public-support-for-disability-policy,https://www.esri.ie/system/files/publications/RS159.pdf,keyword:work permit,"Despite the right of disabled people to full social and economic inclusion, many face multiple day-to-day and systemic challenges. These include but are not limited to additional expenses, access to housing, and everyday accessibility difficulties. Surveys show the general public hold positive attitudes towards policies that seek to enable disabled people to overcome these challenges, but standard survey methods are susceptible to response biases that may overestimate this support. This study aimed to test whether two such biases influence support for disability policy in Ireland: social desirability bias (i.e. the tendency for survey respondents to alter their responses in order to present themselves in a positive light); and inattention to the implications of policy support (e.g. that welfare policies require funding). Together the survey experiments covered a range of policy issues and types of disability, as identified in previous research and in consultation with the disability advisory group for the project."
exclude,2023-04-15,What buffered the impact of the COVID-19 pandemic on depression? A longitudinal study of caregivers of school aged children in Ireland,Journal Article,James Laurence; Helen Russell; Emer Smyth,no migration vocabulary,,,,"cohort, data, longitudinal",Ireland (State),contemporary,Social Inclusion and Equality,10.1093/esr/jcad017,https://www.esri.ie/publications/what-buffered-the-impact-of-the-covid-19-pandemic-on-depression-a-longitudinal-study,https://www.esri.ie/system/files/publications/JA202313.pdf,keyword:work permit,"The COVID-19 pandemic has wrought acute harm to global mental health, especially among vulnerable populations. We explore what factors in people’s lives buffered the impact of the pandemic on depression; in particular, the role of social resources, economic resources, religiosity, and quality of their local environment. Drawing on three waves of longitudinal cohort data (two pre-pandemic waves and one pandemic-period wave) from primary caregivers of school-aged children in Ireland, we demonstrate that symptoms of depression increased sharply during the pandemic. However, depression symptomology increased less steeply among caregivers who, pre-pandemic, had greater economic resources and lived in higher quality environments, but especially among those with greater social resources and those who exhibited greater religiosity. Path analysis suggests that different sources of buffering might mitigate harm via different pathways. While most buffering factors appear to cushion mental well-being by reducing stresses from increased care work, improving familial relations, and helping caregivers manage the closure of/return to schools, other drivers appear to cushion mental well-being by reducing health anxieties around COVID-19, increasing opportunities for outdoor exercise, and protecting household incomes. This study highlights how crisis-preparedness should invest in social infrastructure alongside medical infrastructure to protect societies from future pandemics."
review,2023-04-06,Differences in childcare use between Irish-born and immigrant households in Ireland,ESRI Research Bulletin,,"PDF: 2 pages, 12 Ireland mentions","foreign-born, immigrant, immigration, migrant",12,2,"cohort, data, evidence, findings, growing up in ireland, longitudinal",Ireland (State),contemporary,Social Inclusion and Equality,,https://www.esri.ie/publications/differences-in-childcare-use-between-irish-born-and-immigrant-households-in-ireland,https://www.esri.ie/system/files/publications/RB202307_0.pdf,keyword:migrant; keyword:migration; keyword:immigrant; keyword:immigration; keyword:nationality; keyword:integration; keyword:foreign; keyword:labour migration,"Introduction Increased immigration flows have made Ireland considerably more diverse. However, understanding how one can ensure that children of migrant origin have equal chances to do well in school remains a challenge. Evidence suggests that interventions early in the life course are a powerful and cost-effective way of mitigating educational inequalities, making childcare an interesting policy tool. However, childcare can only contribute to reducing educational disparities by migration background if it can reach a large enough group of children of migrant origin. This research article presents new evidence on how and why childcare utilisation patterns differ by migration background in Ireland. Data and methods This study uses data from the infant cohort (Cohort ’08) of Growing Up in Ireland (GUI), a national longitudinal study of children in Ireland. The GUI data include a wide range of measures on children’s circumstances and development as well as detailed information from their caregivers. Importantly, GUI recorded the main childcare type at age three, as well as a variety of factors that may be related to childcare choices. A child was considered to have a migration background if they had at least one foreign-born parent living in the household (compared to those living in Irish-born households). Because language plays an important role in immigrant integration, a further distinction was made between children living in English and non-English speaking households. Furthermore, three childcare types were distinguished: Sole parental care, informal care (paid or unpaid in the child’s or the carer’s home) and formal care (provided by qualified staff within an institutional setting). Statistical methods were used to explore I) to what extent differential childcare utilisation patterns by migration background existed; and II) what factors may underlie these differences. Results Statistical modelling showed that, compared to children from Irish-born households, children of migrant descent were more likely to be in formal care relative to informal care. However, children from non-English speaking immigrant households were less likely to be in both informal and formal care than parental care. Children from English-speaking immigrant households were also slightly less likely to be in informal care than parental care, although there was no difference in how often they were in formal care relative to parental care. These differences in childcare usage by migration background partly reflected differences in socio-demographic and other relevant characteristics. Children with a migration background, for example, tended to live in households with a lower income, less grandparental contact, and less available support from friends and family than children living in Irish-born households. These factors played an important role in explaining the differences in childcare usage (as described above). Conclusions The findings of this study indicate that differences in childcare usage by migration background exist and that they partly reflect other related dimensions of disadvantage, such as a lower income and less social support. This suggests that children of migrant origin are less likely to be exposed to the beneficial effects of formal childcare, which may also have negative consequences for their mothers’ labour force participation. For formal childcare to reduce educational disparities, it is thus crucial to provide additional support to immigrant households. This can ensure that children with a migration background are able to benefit from formal care not only in theory but also in practice."
exclude,2023-04-04,Switching activity in retail financial markets in Ireland,ESRI Research Series,Alexandros Papadopoulos; Féidhlim McGowan; Shane Timmons; Pete Lunn,no migration vocabulary,,,,"data, findings, participants, sample, survey",Ireland (State),contemporary,Behavioural Science,10.26504/rs161,https://www.esri.ie/publications/switching-activity-in-retail-financial-markets-in-ireland,https://www.esri.ie/system/files/publications/RS161.pdf,keyword:nationality; keyword:work permit,"The present research investigates how consumers engage with the Irish financial retail market when choosing and switching financial products. Data were gathered from a nationally representative sample of 2,903 individuals who are involved in their household financial decisions. The study used interactive online tasks to record product ownership and switching rates for the main financial products in the Irish financial retail market (bank accounts, loans, credit cards and mortgages). It also assessed consumers’ behaviours related to their original product choice and when they consider whether to switch to another provider (e.g., Do they compare offers? Do they use online comparison tools?). Motivations for switching and potential barriers were also recorded. Switching activity was considered as a spectrum of decisions and actions, ranging from not knowing one could switch to having switched successfully. This approach allowed participants to be branched in the online survey to answer tailored questions based on their individual switching activity. The findings provide novel insight into the proportion of consumers progressing into each level of the switching process. Differences in consumers’ experiences of the process were explored based on switching activity, as well as socio-demographic characteristics. The results aim to identify where in the switching process better decisions can be encouraged and supported through policy interventions."
include,2023-03-30,Monitoring report on integration 2022,Jointly-published Reports,Frances McGinnity; Emma Quinn; James Laurence; Keire Murphy; Sarah Curristan,"PDF: 137 pages, 428 Ireland mentions","citizenship, foreign-born, migrants",428,137,"1 persons, 2 migrants, 458 people, administrative, analysis of, case studies, census, cohort",NI and ROI/island,contemporary,"Migration, Integration and Demography; Social Inclusion and Equality; Labour Markets and Skills",10.26504/jr3,https://www.esri.ie/publications/monitoring-report-on-integration-2022,https://www.esri.ie/system/files/publications/JR3_1.pdf,research_area:67; keyword:migrant; keyword:migration; keyword:citizenship; keyword:nationality; keyword:integration; keyword:employment permit; keyword:work permit; keyword:foreign; keyword:born abroad; keyword:labour migration,"Integration not only allows migrants to contribute to the economic, social, cultural and political life of their host country, but it is also important for social cohesion and inclusive growth. Keeping an ongoing record of differences in outcomes between the foreign-born and Irish-born population in these domains provides both policymakers and the general public with important information to assess integration outcomes and to respond to policy challenges. The 2022 Monitoring Report on Integration is the eighth in a series of published Monitoring Reports since 2011. Previous reports examined outcomes for Irish nationals and foreign nationals; in view of the increasing acquisition of Irish citizenship among migrants, this report distinguishes migrants based on their place of birth (Ireland or abroad). Like before, the report considers indicators proposed at the European Ministerial Conference on Integration held in Zaragoza in 2010 and examines how migrants compare to the Irish-born population in four key domains: employment, education, social inclusion and active citizenship (European Commission, 2010). See other Monitoring reports in the series"
exclude,2023-03-29,"Quarterly Economic Commentary, Spring 2023",ESRI Forecasting Series,Kieran McQuinn; Conor O'Toole; Wendy Disch; Eoin Kenny; Eva Shiel,no migration vocabulary,,,,findings,Ireland (State),contemporary,Macroeconomics,10.26504/qec2023spr,https://www.esri.ie/publications/quarterly-economic-commentary-spring-2023,https://www.esri.ie/system/files/publications/QEC2023SPR_0.pdf,keyword:Ukraine; keyword:employment permit; keyword:work permit,Key findings The economy has performed particularly well during the pandemic and appears to have weathered the energy crisis emanating from the war in Ukraine. The pace of growth in the domestic and international economies is set to be stronger in 2023 than had previously been expected. We forecast that modified domestic demand (MDD) will grow by 3.8 per cent in 2023 and 3.9 per cent in 2024. We expect inflation to moderate to 4.5 per cent in 2023 before easing to 3.5 per cent in 2024. Price levels are going to remain high which is likely to pose cost of living challenges. Sectoral contribution to corporation tax receipts in the Irish economy are increasingly concentrated. Employment numbers show a substantial increase in those employed in the pharmaceutical sector since the onset of the pandemic.
exclude,2023-03-29,Inpatient bed capacity requirements in Ireland in 2023: Evidence on the public acute hospital system,QEC Research Note,Brendan Walsh; Aoife Brick,no migration vocabulary,,,,"estimate, estimates, evidence",Ireland (State),contemporary,Health and Quality of Life,10.26504/rn20230101,https://www.esri.ie/publications/inpatient-bed-capacity-requirements-in-ireland-in-2023-evidence-on-the-public-acute,https://www.esri.ie/system/files/publications/RN20230101.pdf,keyword:nationality; keyword:work permit,"In this Note, we provide estimates of public acute hospital inpatient bed requirements in Ireland in 2023, based on earlier ESRI research published by Keegan et al. (2018), the Department of Health’s Health Service Capacity Review (2018) and the National Development Plan (2018-2027). Each of these analyses projected hospital bed capacity requirements in Ireland based on a variety of projection scenarios. The Note finds that while absolute, and per capita, public acute hospital inpatient bed capacity has increased in recent years, large bed capacity deficits remain. Focusing on scenarios that assume an 85 per cent occupancy rate, we estimate that in 2023 there may be a bed capacity deficit of approximately 1,000 inpatient beds in public acute hospitals. This bed capacity deficit is likely a key contributor to recent overcrowding issues experienced in public acute hospitals. In addition to the deficit that currently exists in the system, over 300 additional inpatient beds are required per annum to keep up with demand pressures arising from an increasing and ageing population."
include,2023-03-24,Labour market integration of international protection applicants in Ireland,ESRI Research Series,Michał Polakowski; Emily Cunniffe,"PDF: 88 pages, 312 Ireland mentions",international protection,312,88,"000 people, 104 people, administrative, analysis of, case study, census, cohort, data",Ireland (State),contemporary,"Migration, Integration and Demography; Social Inclusion and Equality; Labour Markets and Skills",10.26504/rs160,https://www.esri.ie/publications/labour-market-integration-of-international-protection-applicants-in-ireland,https://www.esri.ie/system/files/publications/RS160.pdf,research_area:67; keyword:migration; keyword:international protection; keyword:integration; keyword:employment permit; keyword:work permit; keyword:labour migration,"In mid-2018, international protection applicants were granted permission to access the labour market in Ireland. This followed a landmark Supreme Court ruling in NHV v. the Minister for Justice and Equality, which overturned the prohibition on work for applicants. Between mid-2018 and the end of 2022, 12,180 first-time permissions for labour market access were granted to international protection applicants in Ireland. The granting of access to the labour market marked a significant change in how Ireland provides reception to applicants. This study examines the integration of international protection applicants into the labour market in Ireland over the past five years (2017–2022). It assesses how such access has been implemented, the key policy debates, the legal framework, good practices and the ongoing challenges to integration. Currently, an international protection applicant can apply for labour market access six months after lodging an application, as long as a first-instance recommendation has not been made on their application and the delay cannot be attributed to the applicant. If their application is approved, the applicant is issued with a labour market access permission. This is valid for 12 months and can be renewed as long as a final decision has not been taken on the applicant’s international protection application. An applicant can enter employment or be self-employed, and these are not regulated differently. In terms of sectoral restrictions, while international protection applicants can work in most sectors, they cannot work in sectors that are public bodies, including the civil service, or in some cases, bodies primarily funded by public funding."
exclude,2023-03-23,ESRI Nowcast (January 2023 Estimate),Indices Report,Wendy Disch; Paul Egan,not a research publication (Indices Report),,,,,,,Macroeconomics,10.26504/ir6,https://www.esri.ie/publications/esri-nowcast-january-2023-estimate,https://www.esri.ie/system/files/publications/IR6.pdf,keyword:employment permit; keyword:work permit,"Using data available through 16 March 2023, we provide an update to our monthly estimate of modified domestic demand (MDD) using the ESRI Nowcasting model currently employed to support the forecasting exercise in the Quarterly Economic Commentary. MDD in January is estimated to be 3.9 per cent above its level in January 2022. This growth is due to the strong performance in a number of key indicators. Continued resilience in the labour market as well as growth in industrial production, retail sales and total tax revenue contributed to growth in economic activity in January. Inflation remains elevated on an annual basis but declined from December 2022. Alongside improvements in inflation, economic sentiment improved in January on a monthly basis, yet remains below it’s level in January 2022. Due to improvements across many key indicators, we now estimate annual growth in modified domestic demand to be 3.3 per cent in Q1 2023."
exclude,2023-03-22,Using Social and Behavioral Science to Support COVID-19 Pandemic Response,Book/Report Chapter,Pete Lunn; Deirdre Robertson,no migration vocabulary; no Ireland reference,,,,,,contemporary,Behavioural Science; Health and Quality of Life,10.1007/978-3-319-57365-6_319-1,https://www.esri.ie/publications/using-social-and-behavioral-science-to-support-covid-19-pandemic-response,,keyword:naturalisation,This book chapter highlights how behavioural science was used during the COVID-19 pandemic response and gives examples of applications around the world.
exclude,2023-03-10,Personal assistance services for disabled people in Ireland: “they meet the criteria for supports but we don't have the resources to provide the services”,ESRI Working Paper,Eamonn Carroll; Ciarán Mac Domhnaill; Selina McCoy,no migration vocabulary,,,,"administrative, data, findings, interviews, mixed-method, qualitative, records, survey",Ireland (State),contemporary,Social Inclusion and Equality,,https://www.esri.ie/publications/personal-assistance-services-for-disabled-people-in-ireland-they-meet-the-criteria-for,https://www.esri.ie/system/files/publications/WP747_0.pdf,keyword:naturalisation; keyword:nationality,"Personal assistance (PA) services have been an evolving part of Irish provision for people with physical and sensory impairments for roughly three decades, but the lack of national standards for allocation, provision or data collection have made it an opaque system characterised by piecemeal or ad hoc local solutions to increasing need. This study approaches the system through the perspective of institutional insiders, eliciting the views and experiences of state and NGO based institutional stakeholders about the PA system and its challenges. A two-step exploratory mixed-method design, incorporating a series of qualitative interviews and a survey of HSE disability managers, provides rich insights into the nature of PA provision in Ireland. The findings illustrate and explore several chronic issues facing the PA system, most notably around under-funding, inadequate administrative data records and variation in allocation and provision across the country."
review,2023-03-08,Neighbourhood factors and associations with mental health,ESRI Research Bulletin,Gretta Mohan; Peter Barlow,"only ambiguous migration terms; PDF: 2 pages, 7 Ireland mentions",racism,7,2,"analysis of, data, findings, respondent, respondents, sample, survey",Ireland (State),contemporary,Health and Quality of Life,,https://www.esri.ie/publications/neighbourhood-factors-and-associations-with-mental-health,https://www.esri.ie/system/files/publications/RB202306_0.pdf,keyword:nationality; keyword:racism,"Introduction The COVID-19 pandemic saw residential neighbourhoods become more of a focal point in people’s lives, and changes since then, for example, a greater degree of remote working, have also meant that people are spending greater amounts of time in their residential locality for living, working, and leisure. This study investigated whether individuals’ perceptions of their neighbourhood conditions, and an objective measure of area-level deprivation, influences people’s mental health. Data and methods The data for this study came from Healthy Ireland , a nationally representative annual survey of adults in Ireland. It collects core information on their health and wellbeing, health behaviours, as well as one-off themes of interest (e.g., sun protection, sleep, menstrual health etc.). The 2016 Healthy Ireland survey enquired about people’s perceptions of their neighbourhood, and level of social connectedness, with a sample for analysis of almost 7,500 individuals. Three different indicators of mental health were gathered in the survey, providing a multi-faceted view of the state of mental health. The first, poor mental health , was captured by the Mental Health Inventory index (MHI-5); a second indicator concerning positive mental health , was derived from the Energy and Vitality Index (EVI) instrument; and the third indicator relates to a question concerning whether an individual had suffered with depression in the previous 12 months. Respondents were asked to rate the degree to which their local area had problems in terms of public drunkenness, racism, and house break-ins, which for the purposes of this study could be grouped as a measure of ‘area-level safety’. They were also asked to rate whether there were issues with graffiti, rubbish, and vandalism in their vicinity, grouped as an ‘area-level cleanliness’ measure. A third measure of ‘area-level service’ provision comprised of ratings of public transport, open spaces, and food shops. The Hasse Pratscke index also provided an objective measure of area-level deprivation for the respondent’s home location. We used statistical methods to explore the association between living in areas of various levels of deprivation, and ratings of neighbourhood factors, on the three mental health measures. The analysis accounted for the respondent’s sex, age, socio-economic and health status, as well as entitlements to publicly-financed GP care i.e., holding a medical card or GP visit card, having private health insurance, and whether the respondent reported membership of a social group/club. Results Statistical modelling revealed that residing in more deprived communities did not in itself have a discernible impact on mental health status (as measured using the Mental Health Inventory-5 instrument and the Energy and Vitality Index), or likelihood of having suffered depression in the previous 12 months. However, positive perceptions of area safety, service provision, and area cleanliness were associated with better mental health, as was involvement in social groups. Conclusion To conclude, the findings of this investigation suggest that residing in an area characterised by area-level deprivation does not have a statistically significant association with the mental health of adult residents of Ireland across three different measures of mental state. However, social connectedness, as measured by membership of social groups or clubs, is associated with beneficial mental health outcomes. The results also reveal that area safety, cleanliness, and service provision can influence mental health. Such findings may advise that more broad ranging policies and investments in communities, for example in social groups, crime prevention, safety measures and the provision of open spaces and public transport could be advantageous for mental health."
include,2023-03-06,Comparing migrant integration in Ireland and Northern Ireland,ESRI Research Series,Frances McGinnity; James Laurence; Emily Cunniffe,"PDF: 121 pages, 836 Ireland mentions","immigrants, migrant, migrants",836,121,"3 migrants, 5 migrants, 51 respondents, 533 migrants, 747 persons, 983 people, administrative, analysis of",NI and ROI/island,contemporary,"Migration, Integration and Demography; Social Inclusion and Equality",10.26504/rs158,https://www.esri.ie/publications/comparing-migrant-integration-in-ireland-and-northern-ireland,https://www.esri.ie/system/files/publications/RS158_0.pdf,research_area:67; keyword:migrant; keyword:migration; keyword:immigrant; keyword:immigration; keyword:naturalisation; keyword:nationality; keyword:integration; keyword:employment permit; keyword:work permit,"The increase in inward migration has been an important change in Ireland and Northern Ireland in recent decades. Migration can bring opportunities but also challenges. Integration not only allows immigrants to contribute to the economic, social, cultural, and political life of their host country, but is also important for social cohesion and inclusive growth. This report examines migrant integration in Ireland and Northern Ireland, using information from national and international surveys as well as a consultation event with migrants, their representative groups and other key stakeholders. Migrants are defined as those born outside their country of residence. The report compares the composition of the migrant population in Northern Ireland and Ireland. It considers migrant employment rates and the nature of jobs they hold, as well as migrant-origin young people’s academic outcomes and wellbeing, compared to their native-origin peers. It also considers attitudes to migrants in both jurisdictions, and migrants’ experience of the border in Ireland."
include,2023-02-28,Childcare utilisation by migration background: Evidence from a nationally representative Irish cohort study,Journal Article,,"PDF: 11 pages, 82 Ireland mentions","immigrant, migrant",82,11,"analysis of, census, cohort, data, estimate, estimated, estimates, estimating",Ireland (State),contemporary,Social Inclusion and Equality,10.1016/j.rssm.2023.100773,https://www.esri.ie/publications/childcare-utilisation-by-migration-background-evidence-from-a-nationally,https://www.esri.ie/system/files/publications/JA202309.pdf,keyword:migrant; keyword:migration; keyword:immigrant; keyword:immigration; keyword:nationality; keyword:labour migration,"Scholarship has highlighted the potentially equalising effects of early childhood education and care (ECEC), which may be particularly relevant for children living in immigrant households. However, it is crucial to consider which children are more likely to experience certain types of care. Drawing on recent, nationally representative, longitudinal data from Ireland (N = 7516), this paper presents new evidence on how childcare choices differ between Irish-born and immigrant households, and how these differences may be explained. Compared to children from Irish-born households, children of migrant descent were more likely to be in formal care relative to informal care. However, children from non-English speaking immigrant households were less likely to be in both informal and formal care than parental care. Children from English speaking immigrant households were also slightly less likely to be in informal care than parental care, though there was no difference in the risk of formal care over parental care. Differences in socio-demographic and other relevant characteristics played an essential role in explaining these differential childcare utilisation patterns, with the equivalised household income, maternal employment prior to birth, and social support being among the most important explanatory variables. This suggests that children of migrant origin might be less likely to benefit from ECEC, which may also have negative consequences for their mothers’ labour force participation ."
exclude,2023-02-24,ESRI Nowcast (December 2022 Estimate),Indices Report,Wendy Disch; Paul Egan,not a research publication (Indices Report),,,,,,,Macroeconomics,10.26504/ir5,https://www.esri.ie/publications/esri-nowcast-december-2022-estimate,https://www.esri.ie/system/files/publications/IR5.pdf,keyword:employment permit; keyword:work permit,"Using data available through 21 February 2023, we provide an update to our monthly estimate of modified domestic demand (MDD) using the ESRI Nowcasting model currently employed to support the forecasting exercise in the Quarterly Economic Commentary . MDD in December is estimated to be 2.9 per cent above its level in December 2021. This growth is largely driven by continued strength in the labour market and industrial production. While economic sentiment is still down from December 2021, it has increased on a monthly basis. The improvement in overall sentiment can be seen in retail sales, which grew on an annual basis in December 2022 after six consecutive months of negative growth. Due to the stronger-than-anticipated activity in the final month of the year, we now estimate annual growth in modified domestic demand to be 3.2 per cent in Q4 2022."
include,2023-02-20,Housing adequacy and child outcomes in early and middle childhood,ESRI Research Series,James Laurence; Helen Russell; Emer Smyth,"only ambiguous migration terms; PDF: 94 pages, 118 Ireland mentions",mobility,118,94,"analysis of, census, cohort, data, dataset, estimate, estimated, estimates",Ireland (State),contemporary,Social Inclusion and Equality; Housing,10.26504/rs154,https://www.esri.ie/publications/housing-adequacy-and-child-outcomes-in-early-and-middle-childhood,https://www.esri.ie/system/files/publications/RS154.pdf,keyword:work permit,"While problems in the housing system in Ireland have been under the spotlight for the last decade, relatively little attention has been paid to the experience of children and to the consequences of housing issues for child development. International research has highlighted a range of effects of poor housing on children. Poor physical housing conditions has been associated with respiratory illnesses and childhood accidents. Overcrowding has been linked to poorer educational outcomes and deprived neighbourhood conditions to socio-emotional problems. Frequent residential mobility has also been found to lead to poorer cognitive and non-cognitive outcomes. However, there is a lack of evidence on how far these findings apply in Ireland where levels of home ownership are high and levels of neighbourhood segregation are lower. This study addresses this gap. Drawing on data from the ’08 Cohort of the Growing Up in Ireland study, we explore the housing conditions faced by children in early and middle childhood and the implications of these housing experiences for their cognitive, socio-emotional and health outcomes. We adopt a multi-dimensional approach to measuring housing conditions, incorporating housing tenure, suitability of accommodation, heating deprivation, neighbourhood disorder and housing mobility."
exclude,2023-02-06,Ireland will not be swamped by climate migrants,Newspaper/Magazine Article,Keire Murphy,not a research publication (Newspaper/Magazine Article),,,,,,,"Migration, Integration and Demography; Climate",,https://www.esri.ie/publications/ireland-will-not-be-swamped-by-climate-migrants,,research_area:67; keyword:migrant; keyword:migration; keyword:asylum; keyword:integration,"Recent suggestions by Roderic O’Gorman, the Minister responsible for integration, that the asylum system will have to be expanded to include a new category for people fleeing the effects of climate change produced a mixed reaction. It drew both criticism and support from across the political spectrum but there was general agreement that – in the words of TD Christopher O’Sullivan – “astronomical” numbers will have to leave their homes because of climate change"
exclude,2023-02-03,Peer Review Report 2022,Corporate Information,,not a research publication (Corporate Information),,,,,,,,,https://www.esri.ie/publications/peer-review-report-2022,https://www.esri.ie/system/files/publications/ESRI%20Peer%20Review%202022.pdf,keyword:nationality,This is the third of a series of independent peer review reports of the ESRI. It contains the findings and recommendations of an independent group of leading figures in the policy and research domains. The panel brought both national and international perspectives to the task of assessing the ESRI. The work of the panel was undertaken in the latter half of 2022. Previous reviews of the ESRI were undertaken in 2010 and 2016.
exclude,2023-01-31,Public initiatives to change behaviours impacting water quality,ESRI Research Bulletin,Gianluca Grilli; John Curtis,no migration vocabulary,,,,,Ireland (State),contemporary,Energy and Environment,,https://www.esri.ie/publications/public-initiatives-to-change-behaviours-impacting-water-quality,https://www.esri.ie/system/files/publications/RB202302.pdf,keyword:naturalisation,"Ireland implements the EU Water Framework Directive, which aims to improve water quality, through River Basin Management Plans (RBMPs) in six-year cycles. One aspect of RBMPs is the organisation of community engagement initiatives to increase awareness and build relationships within communities with the objective of improving and protecting water quality, an action that is led by the Local Authority Water Programme (LAWPRO). LAWPRO is a national shared service working on behalf of all 31 local authorities in Ireland. This research explores the extent to which initiatives to build community engagement on water quality and river basin management lead to more sustainable practices both among individuals and community groups. LAWPRO partner with other organisations and run initiatives in parallel with third party events (e.g., World Wetlands Day). Examples of community engagement events facilitated by LAWPRO include: public consultation meetings, nature-themed public events (e.g., Biodiversity Week), project-related meetings (e.g., rural development, drinking-water source protection), community meetings (e.g., Resident's Association), meetings with angling groups or water recreation clubs, educational/training events, farming group meetings, or water quality-related conferences."
exclude,2023-01-30,Early childhood education and care in Ireland and Northern Ireland,ESRI Research Series,Sarah Curristan; Frances McGinnity; Helen Russell; Emer Smyth,no migration vocabulary,,,,"administrative, data, evidence, interviews, panel, survey",NI and ROI/island,contemporary,Education; Social Inclusion and Equality,10.26504/rs157,https://www.esri.ie/publications/early-childhood-education-and-care-in-ireland-and-northern-ireland,https://www.esri.ie/system/files/publications/RS157_1.pdf,keyword:naturalisation; keyword:employment permit; keyword:work permit,"Early childhood is a key life stage and early childhood experiences are crucial not only for children’s well-being, but for their subsequent development. There is increasing evidence that social inequalities in outcomes emerge even before children start school, and a large body of international research highlights that investing in high-quality early childhood education and care (ECEC) can benefit children’s cognitive and non-cognitive development. Affordable childcare has an important role in facilitating parental employment, which in turn can reduce child poverty. There has been increasing recognition of the importance of ECEC in both Ireland and Northern Ireland, with considerable recent energy and investment in early years policy in Ireland, and a renewed impetus in policy development in Northern Ireland given by the recent Fair Start report, which emphasised the importance of early years for tackling educational inequality (Expert Panel on Educational Underachievement in Northern Ireland, 2021). This report draws on survey and administrative data, as well as in-depth interviews with key stakeholders, to document the nature of early years provision in Northern Ireland and Ireland. It explores the use of different forms of early care and education in both jurisdictions, and how this varies for different groups of families. It also compares young children’s cognitive and social outcomes, using survey data, and discusses the challenges related to early years provision."
exclude,2023-01-30,"Area-level deprivation, neighbourhood factors and associations with mental health",Journal Article,Gretta Mohan; Peter Barlow,no migration vocabulary,,,,"data, regression",Ireland (State),contemporary,Health and Quality of Life,10.1371/journal.pone.0281146,https://www.esri.ie/publications/area-level-deprivation-neighbourhood-factors-and-associations-with-mental-health,https://www.esri.ie/system/files/publications/JA202304.pdf,keyword:nationality; keyword:work permit,"The COVID-19 pandemic saw residential neighbourhoods become more of a focal point in people's lives, where people were greater confined to living, working, and undertaking leisure in their locality. This study investigates whether area-level deprivation and neighbourhood conditions influence mental health, accounting for demographic, socio-economic and health circumstances of individuals. Using nationally representative data from Ireland, regression modelling revealed that area-level deprivation did not in itself have a discernible impact on mental health status (as measured using the Mental Health Inventory-5 instrument and the Energy and Vitality Index), or likelihood of having suffered depression in the previous 12 months. However, positive perceptions of area safety, service provision, and area cleanliness were associated with better mental health, as was involvement in social groups. Broad ranging policies investing in neighbourhoods, could have benefits for mental health, which may be especially important for deprived communities."
exclude,2023-01-24,ESRI Nowcast (November 2022 Estimate),Indices Report,Wendy Disch; Paul Egan,not a research publication (Indices Report),,,,,,,Macroeconomics,10.26504/ir4,https://www.esri.ie/publications/esri-nowcast-november-2022-estimate,https://www.esri.ie/system/files/publications/IR4_1.pdf,keyword:employment permit; keyword:work permit,"Using data available through 23 January 2023, we provide an update to our monthly estimate of modified domestic demand (MDD) using the ESRI Nowcasting model currently employed to support the forecasting exercise in the Quarterly Economic Commentary . November MDD is estimated to be 2.5 per cent above its level from November 2021. Over this same period, tax receipts have remained strong, the labour market has improved and industrial production has grown significantly. While annual growth remains strong, it has declined consecutively since its peak of 14.4 per cent growth in February 2022. On a monthly basis, MDD declined 0.2 per cent from October to November 2022. Factors contributing to this slowdown include the continued uncertainty in the global economy as well as persistently high inflation and tightening financial conditions. Quarterly MDD is now estimated to be 2.4 per cent above its level from Q4 2021."
exclude,2023-01-17,Extending eligibility for general practitioner care in Ireland: cost implications,ESRI Research Series,Sheelah Connolly; Conor Keegan; Seamus O'Malley; Mark Regan,no migration vocabulary,,,,estimate,Ireland (State),contemporary,Health and Quality of Life,10.26504/rs156,https://www.esri.ie/publications/extending-eligibility-for-general-practitioner-care-in-ireland-cost-implications,https://www.esri.ie/system/files/publications/RS156.pdf,keyword:work permit,"Unlike most European countries, a majority of the population in Ireland pay out of pocket for a range of primary-care services, including general practitioner (GP) care. In 2017, the Committee on the Future of Healthcare published its final report (the Sláintecare Report ; Houses of the Oireachtas Committee on the Future of Healthcare, 2017) recommending significant reforms for the health-care system including the introduction of universal GP and primary care. In Ireland, a GP visit card entitles people to GP visits that are free at the point of use. Currently in Ireland, there are two ways to be eligible for a GP visit card: age and income. Children younger than six and people aged 70 and over are entitled to a GP visit card on the grounds of age, while eligibility for other age groups is dependent on income. The aim of the research in this report is to estimate the demand and cost implications of extending eligibility for GP services (providing a GP visit card) to the whole population. The research examines the cost to the State of alternative approaches to extending eligibility between 2023 and 2026."
review,2023-01-05,Is the effect of menu energy labelling on consumer behaviour equitable? A pooled analysis of twelve randomized control experiments,Journal Article,Deirdre Robertson,"only ambiguous migration terms; PDF: 7 pages, 5 Ireland mentions",ethnicity,5,7,"analysis of, data, dataset, estimated, estimates, estimating, evidence, findings",Ireland (State),contemporary,Behavioural Science,10.1016/j.appet.2023.106451,https://www.esri.ie/publications/is-the-effect-of-menu-energy-labelling-on-consumer-behaviour-equitable-a-pooled,https://www.esri.ie/system/files/publications/JA202301.pdf,keyword:ethnic; keyword:ethnicity; keyword:work permit,"Menu energy labelling has been implemented as a public health policy to promote healthier dietary choices and reduce obesity. However, it is unclear whether the influence energy labelling has on consumer behaviour differs based on individuals’ demographics or characteristics and may therefore produce inequalities in diet. Data were analysed from 12 randomized control trials (N = 8508) evaluating the effect of food and drink energy labelling (vs. labelling absent) on total energy content of food and drink selections (predominantly hypothetical) in European and US adults. Analyses examined the moderating effects of participant age, sex, ethnicity/race, education, household income, body mass index, dieting status, food choice motives and current hunger on total energy content of selections. Energy labelling was associated with a small reduction (f2 = 0.004, −50 kcal, p < 0.001) in total energy selected compared to the absence of energy labelling. Participants who were female, younger, white, university educated, of a higher income status, dieting, motivated by health and weight control when making food choices, and less hungry, tended to select menu items of lower energy content. However, there was no evidence that the effect of energy labelling on the amount of energy selected was moderated by any of the participants' demographics or characteristics. Energy labelling was associated with a small reduction in energy content of food selections and this effect was similar across a range of participants’ demographics and characteristics. These preliminary findings suggest that energy labelling policies may not widen existing inequalities in diet."
