Statistic,Age Group,Broad Nationality Group,Sex,Year,value
PPSN Allocations to Foreign Nationals,0 - 14 years,All nationalities,Both sexes,2002,5911.0
PPSN Allocations to Foreign Nationals,0 - 14 years,All nationalities,Both sexes,2003,7825.0
PPSN Allocations to Foreign Nationals,0 - 14 years,All nationalities,Both sexes,2004,6524.0
PPSN Allocations to Foreign Nationals,0 - 14 years,All nationalities,Both sexes,2005,13442.0
PPSN Allocations to Foreign Nationals,0 - 14 years,All nationalities,Both sexes,2006,22437.0
PPSN Allocations to Foreign Nationals,0 - 14 years,All nationalities,Both sexes,2007,26150.0
PPSN Allocations to Foreign Nationals,0 - 14 years,All nationalities,Both sexes,2008,26867.0
PPSN Allocations to Foreign Nationals,0 - 14 years,All nationalities,Both sexes,2009,16070.0
PPSN Allocations to Foreign Nationals,0 - 14 years,All nationalities,Both sexes,2010,8945.0
PPSN Allocations to Foreign Nationals,0 - 14 years,All nationalities,Both sexes,2011,9069.0
PPSN Allocations to Foreign Nationals,0 - 14 years,All nationalities,Both sexes,2012,8695.0
PPSN Allocations to Foreign Nationals,0 - 14 years,All nationalities,Both sexes,2013,9301.0
PPSN Allocations to Foreign Nationals,0 - 14 years,All nationalities,Both sexes,2014,10412.0
PPSN Allocations to Foreign Nationals,0 - 14 years,All nationalities,Both sexes,2015,11906.0
PPSN Allocations to Foreign Nationals,0 - 14 years,All nationalities,Both sexes,2016,12775.0
PPSN Allocations to Foreign Nationals,0 - 14 years,All nationalities,Both sexes,2017,13479.0
PPSN Allocations to Foreign Nationals,0 - 14 years,All nationalities,Both sexes,2018,13832.0
PPSN Allocations to Foreign Nationals,0 - 14 years,All nationalities,Male,2002,3031.0
PPSN Allocations to Foreign Nationals,0 - 14 years,All nationalities,Male,2003,3961.0
PPSN Allocations to Foreign Nationals,0 - 14 years,All nationalities,Male,2004,3244.0
PPSN Allocations to Foreign Nationals,0 - 14 years,All nationalities,Male,2005,6906.0
PPSN Allocations to Foreign Nationals,0 - 14 years,All nationalities,Male,2006,11458.0
PPSN Allocations to Foreign Nationals,0 - 14 years,All nationalities,Male,2007,13320.0
PPSN Allocations to Foreign Nationals,0 - 14 years,All nationalities,Male,2008,13736.0
PPSN Allocations to Foreign Nationals,0 - 14 years,All nationalities,Male,2009,8086.0
PPSN Allocations to Foreign Nationals,0 - 14 years,All nationalities,Male,2010,4567.0
PPSN Allocations to Foreign Nationals,0 - 14 years,All nationalities,Male,2011,4571.0
PPSN Allocations to Foreign Nationals,0 - 14 years,All nationalities,Male,2012,4436.0
PPSN Allocations to Foreign Nationals,0 - 14 years,All nationalities,Male,2013,4727.0
PPSN Allocations to Foreign Nationals,0 - 14 years,All nationalities,Male,2014,5308.0
PPSN Allocations to Foreign Nationals,0 - 14 years,All nationalities,Male,2015,6035.0
PPSN Allocations to Foreign Nationals,0 - 14 years,All nationalities,Male,2016,6460.0
PPSN Allocations to Foreign Nationals,0 - 14 years,All nationalities,Male,2017,6767.0
PPSN Allocations to Foreign Nationals,0 - 14 years,All nationalities,Male,2018,6888.0
PPSN Allocations to Foreign Nationals,0 - 14 years,All nationalities,Female,2002,2880.0
PPSN Allocations to Foreign Nationals,0 - 14 years,All nationalities,Female,2003,3864.0
PPSN Allocations to Foreign Nationals,0 - 14 years,All nationalities,Female,2004,3280.0
PPSN Allocations to Foreign Nationals,0 - 14 years,All nationalities,Female,2005,6536.0
PPSN Allocations to Foreign Nationals,0 - 14 years,All nationalities,Female,2006,10979.0
PPSN Allocations to Foreign Nationals,0 - 14 years,All nationalities,Female,2007,12830.0
PPSN Allocations to Foreign Nationals,0 - 14 years,All nationalities,Female,2008,13131.0
PPSN Allocations to Foreign Nationals,0 - 14 years,All nationalities,Female,2009,7984.0
PPSN Allocations to Foreign Nationals,0 - 14 years,All nationalities,Female,2010,4378.0
PPSN Allocations to Foreign Nationals,0 - 14 years,All nationalities,Female,2011,4498.0
PPSN Allocations to Foreign Nationals,0 - 14 years,All nationalities,Female,2012,4259.0
PPSN Allocations to Foreign Nationals,0 - 14 years,All nationalities,Female,2013,4574.0
PPSN Allocations to Foreign Nationals,0 - 14 years,All nationalities,Female,2014,5104.0
PPSN Allocations to Foreign Nationals,0 - 14 years,All nationalities,Female,2015,5871.0
PPSN Allocations to Foreign Nationals,0 - 14 years,All nationalities,Female,2016,6315.0
PPSN Allocations to Foreign Nationals,0 - 14 years,All nationalities,Female,2017,6712.0
PPSN Allocations to Foreign Nationals,0 - 14 years,All nationalities,Female,2018,6944.0
PPSN Allocations to Foreign Nationals,0 - 14 years,EU25 to EU28 states,Both sexes,2002,479.0
PPSN Allocations to Foreign Nationals,0 - 14 years,EU25 to EU28 states,Both sexes,2003,260.0
PPSN Allocations to Foreign Nationals,0 - 14 years,EU25 to EU28 states,Both sexes,2004,122.0
PPSN Allocations to Foreign Nationals,0 - 14 years,EU25 to EU28 states,Both sexes,2005,192.0
PPSN Allocations to Foreign Nationals,0 - 14 years,EU25 to EU28 states,Both sexes,2006,191.0
PPSN Allocations to Foreign Nationals,0 - 14 years,EU25 to EU28 states,Both sexes,2007,669.0
PPSN Allocations to Foreign Nationals,0 - 14 years,EU25 to EU28 states,Both sexes,2008,692.0
PPSN Allocations to Foreign Nationals,0 - 14 years,EU25 to EU28 states,Both sexes,2009,405.0
PPSN Allocations to Foreign Nationals,0 - 14 years,EU25 to EU28 states,Both sexes,2010,412.0
PPSN Allocations to Foreign Nationals,0 - 14 years,EU25 to EU28 states,Both sexes,2011,459.0
PPSN Allocations to Foreign Nationals,0 - 14 years,EU25 to EU28 states,Both sexes,2012,634.0
PPSN Allocations to Foreign Nationals,0 - 14 years,EU25 to EU28 states,Both sexes,2013,949.0
PPSN Allocations to Foreign Nationals,0 - 14 years,EU25 to EU28 states,Both sexes,2014,1346.0
PPSN Allocations to Foreign Nationals,0 - 14 years,EU25 to EU28 states,Both sexes,2015,1629.0
PPSN Allocations to Foreign Nationals,0 - 14 years,EU25 to EU28 states,Both sexes,2016,2084.0
PPSN Allocations to Foreign Nationals,0 - 14 years,EU25 to EU28 states,Both sexes,2017,2339.0
PPSN Allocations to Foreign Nationals,0 - 14 years,EU25 to EU28 states,Both sexes,2018,2673.0
PPSN Allocations to Foreign Nationals,0 - 14 years,EU25 to EU28 states,Male,2002,257.0
PPSN Allocations to Foreign Nationals,0 - 14 years,EU25 to EU28 states,Male,2003,138.0
PPSN Allocations to Foreign Nationals,0 - 14 years,EU25 to EU28 states,Male,2004,63.0
PPSN Allocations to Foreign Nationals,0 - 14 years,EU25 to EU28 states,Male,2005,109.0
PPSN Allocations to Foreign Nationals,0 - 14 years,EU25 to EU28 states,Male,2006,97.0
PPSN Allocations to Foreign Nationals,0 - 14 years,EU25 to EU28 states,Male,2007,337.0
PPSN Allocations to Foreign Nationals,0 - 14 years,EU25 to EU28 states,Male,2008,340.0
PPSN Allocations to Foreign Nationals,0 - 14 years,EU25 to EU28 states,Male,2009,206.0
PPSN Allocations to Foreign Nationals,0 - 14 years,EU25 to EU28 states,Male,2010,207.0
PPSN Allocations to Foreign Nationals,0 - 14 years,EU25 to EU28 states,Male,2011,240.0
PPSN Allocations to Foreign Nationals,0 - 14 years,EU25 to EU28 states,Male,2012,338.0
PPSN Allocations to Foreign Nationals,0 - 14 years,EU25 to EU28 states,Male,2013,491.0
PPSN Allocations to Foreign Nationals,0 - 14 years,EU25 to EU28 states,Male,2014,705.0
PPSN Allocations to Foreign Nationals,0 - 14 years,EU25 to EU28 states,Male,2015,818.0
PPSN Allocations to Foreign Nationals,0 - 14 years,EU25 to EU28 states,Male,2016,1040.0
PPSN Allocations to Foreign Nationals,0 - 14 years,EU25 to EU28 states,Male,2017,1187.0
PPSN Allocations to Foreign Nationals,0 - 14 years,EU25 to EU28 states,Male,2018,1318.0
PPSN Allocations to Foreign Nationals,0 - 14 years,EU25 to EU28 states,Female,2002,222.0
PPSN Allocations to Foreign Nationals,0 - 14 years,EU25 to EU28 states,Female,2003,122.0
PPSN Allocations to Foreign Nationals,0 - 14 years,EU25 to EU28 states,Female,2004,59.0
PPSN Allocations to Foreign Nationals,0 - 14 years,EU25 to EU28 states,Female,2005,83.0
PPSN Allocations to Foreign Nationals,0 - 14 years,EU25 to EU28 states,Female,2006,94.0
PPSN Allocations to Foreign Nationals,0 - 14 years,EU25 to EU28 states,Female,2007,332.0
PPSN Allocations to Foreign Nationals,0 - 14 years,EU25 to EU28 states,Female,2008,352.0
PPSN Allocations to Foreign Nationals,0 - 14 years,EU25 to EU28 states,Female,2009,199.0
PPSN Allocations to Foreign Nationals,0 - 14 years,EU25 to EU28 states,Female,2010,205.0
PPSN Allocations to Foreign Nationals,0 - 14 years,EU25 to EU28 states,Female,2011,219.0
PPSN Allocations to Foreign Nationals,0 - 14 years,EU25 to EU28 states,Female,2012,296.0
PPSN Allocations to Foreign Nationals,0 - 14 years,EU25 to EU28 states,Female,2013,458.0
PPSN Allocations to Foreign Nationals,0 - 14 years,EU25 to EU28 states,Female,2014,641.0
PPSN Allocations to Foreign Nationals,0 - 14 years,EU25 to EU28 states,Female,2015,811.0
PPSN Allocations to Foreign Nationals,0 - 14 years,EU25 to EU28 states,Female,2016,1044.0
PPSN Allocations to Foreign Nationals,0 - 14 years,EU25 to EU28 states,Female,2017,1152.0
PPSN Allocations to Foreign Nationals,0 - 14 years,EU25 to EU28 states,Female,2018,1355.0
PPSN Allocations to Foreign Nationals,0 - 14 years,EU15 to EU25 states,Both sexes,2002,447.0
PPSN Allocations to Foreign Nationals,0 - 14 years,EU15 to EU25 states,Both sexes,2003,528.0
PPSN Allocations to Foreign Nationals,0 - 14 years,EU15 to EU25 states,Both sexes,2004,732.0
PPSN Allocations to Foreign Nationals,0 - 14 years,EU15 to EU25 states,Both sexes,2005,4266.0
PPSN Allocations to Foreign Nationals,0 - 14 years,EU15 to EU25 states,Both sexes,2006,11087.0
PPSN Allocations to Foreign Nationals,0 - 14 years,EU15 to EU25 states,Both sexes,2007,14907.0
PPSN Allocations to Foreign Nationals,0 - 14 years,EU15 to EU25 states,Both sexes,2008,15411.0
PPSN Allocations to Foreign Nationals,0 - 14 years,EU15 to EU25 states,Both sexes,2009,7997.0
PPSN Allocations to Foreign Nationals,0 - 14 years,EU15 to EU25 states,Both sexes,2010,3288.0
PPSN Allocations to Foreign Nationals,0 - 14 years,EU15 to EU25 states,Both sexes,2011,3179.0
PPSN Allocations to Foreign Nationals,0 - 14 years,EU15 to EU25 states,Both sexes,2012,2805.0
PPSN Allocations to Foreign Nationals,0 - 14 years,EU15 to EU25 states,Both sexes,2013,2420.0
PPSN Allocations to Foreign Nationals,0 - 14 years,EU15 to EU25 states,Both sexes,2014,2607.0
PPSN Allocations to Foreign Nationals,0 - 14 years,EU15 to EU25 states,Both sexes,2015,2470.0
PPSN Allocations to Foreign Nationals,0 - 14 years,EU15 to EU25 states,Both sexes,2016,2205.0
PPSN Allocations to Foreign Nationals,0 - 14 years,EU15 to EU25 states,Both sexes,2017,1946.0
PPSN Allocations to Foreign Nationals,0 - 14 years,EU15 to EU25 states,Both sexes,2018,1953.0
PPSN Allocations to Foreign Nationals,0 - 14 years,EU15 to EU25 states,Male,2002,235.0
PPSN Allocations to Foreign Nationals,0 - 14 years,EU15 to EU25 states,Male,2003,279.0
PPSN Allocations to Foreign Nationals,0 - 14 years,EU15 to EU25 states,Male,2004,366.0
PPSN Allocations to Foreign Nationals,0 - 14 years,EU15 to EU25 states,Male,2005,2203.0
PPSN Allocations to Foreign Nationals,0 - 14 years,EU15 to EU25 states,Male,2006,5626.0
PPSN Allocations to Foreign Nationals,0 - 14 years,EU15 to EU25 states,Male,2007,7601.0
PPSN Allocations to Foreign Nationals,0 - 14 years,EU15 to EU25 states,Male,2008,7931.0
PPSN Allocations to Foreign Nationals,0 - 14 years,EU15 to EU25 states,Male,2009,3994.0
PPSN Allocations to Foreign Nationals,0 - 14 years,EU15 to EU25 states,Male,2010,1683.0
PPSN Allocations to Foreign Nationals,0 - 14 years,EU15 to EU25 states,Male,2011,1634.0
PPSN Allocations to Foreign Nationals,0 - 14 years,EU15 to EU25 states,Male,2012,1426.0
PPSN Allocations to Foreign Nationals,0 - 14 years,EU15 to EU25 states,Male,2013,1195.0
PPSN Allocations to Foreign Nationals,0 - 14 years,EU15 to EU25 states,Male,2014,1328.0
PPSN Allocations to Foreign Nationals,0 - 14 years,EU15 to EU25 states,Male,2015,1207.0
PPSN Allocations to Foreign Nationals,0 - 14 years,EU15 to EU25 states,Male,2016,1106.0
PPSN Allocations to Foreign Nationals,0 - 14 years,EU15 to EU25 states,Male,2017,962.0
PPSN Allocations to Foreign Nationals,0 - 14 years,EU15 to EU25 states,Male,2018,961.0
PPSN Allocations to Foreign Nationals,0 - 14 years,EU15 to EU25 states,Female,2002,212.0
PPSN Allocations to Foreign Nationals,0 - 14 years,EU15 to EU25 states,Female,2003,249.0
PPSN Allocations to Foreign Nationals,0 - 14 years,EU15 to EU25 states,Female,2004,366.0
PPSN Allocations to Foreign Nationals,0 - 14 years,EU15 to EU25 states,Female,2005,2063.0
PPSN Allocations to Foreign Nationals,0 - 14 years,EU15 to EU25 states,Female,2006,5461.0
PPSN Allocations to Foreign Nationals,0 - 14 years,EU15 to EU25 states,Female,2007,7306.0
PPSN Allocations to Foreign Nationals,0 - 14 years,EU15 to EU25 states,Female,2008,7480.0
PPSN Allocations to Foreign Nationals,0 - 14 years,EU15 to EU25 states,Female,2009,4003.0
PPSN Allocations to Foreign Nationals,0 - 14 years,EU15 to EU25 states,Female,2010,1605.0
PPSN Allocations to Foreign Nationals,0 - 14 years,EU15 to EU25 states,Female,2011,1545.0
PPSN Allocations to Foreign Nationals,0 - 14 years,EU15 to EU25 states,Female,2012,1379.0
PPSN Allocations to Foreign Nationals,0 - 14 years,EU15 to EU25 states,Female,2013,1225.0
PPSN Allocations to Foreign Nationals,0 - 14 years,EU15 to EU25 states,Female,2014,1279.0
PPSN Allocations to Foreign Nationals,0 - 14 years,EU15 to EU25 states,Female,2015,1263.0
PPSN Allocations to Foreign Nationals,0 - 14 years,EU15 to EU25 states,Female,2016,1099.0
PPSN Allocations to Foreign Nationals,0 - 14 years,EU15 to EU25 states,Female,2017,984.0
PPSN Allocations to Foreign Nationals,0 - 14 years,EU15 to EU25 states,Female,2018,992.0
PPSN Allocations to Foreign Nationals,0 - 14 years,EU15 excluding Irish and UK,Both sexes,2002,258.0
PPSN Allocations to Foreign Nationals,0 - 14 years,EU15 excluding Irish and UK,Both sexes,2003,403.0
PPSN Allocations to Foreign Nationals,0 - 14 years,EU15 excluding Irish and UK,Both sexes,2004,430.0
PPSN Allocations to Foreign Nationals,0 - 14 years,EU15 excluding Irish and UK,Both sexes,2005,829.0
PPSN Allocations to Foreign Nationals,0 - 14 years,EU15 excluding Irish and UK,Both sexes,2006,1062.0
PPSN Allocations to Foreign Nationals,0 - 14 years,EU15 excluding Irish and UK,Both sexes,2007,1183.0
PPSN Allocations to Foreign Nationals,0 - 14 years,EU15 excluding Irish and UK,Both sexes,2008,1417.0
PPSN Allocations to Foreign Nationals,0 - 14 years,EU15 excluding Irish and UK,Both sexes,2009,990.0
PPSN Allocations to Foreign Nationals,0 - 14 years,EU15 excluding Irish and UK,Both sexes,2010,761.0
PPSN Allocations to Foreign Nationals,0 - 14 years,EU15 excluding Irish and UK,Both sexes,2011,931.0
PPSN Allocations to Foreign Nationals,0 - 14 years,EU15 excluding Irish and UK,Both sexes,2012,1012.0
PPSN Allocations to Foreign Nationals,0 - 14 years,EU15 excluding Irish and UK,Both sexes,2013,1377.0
PPSN Allocations to Foreign Nationals,0 - 14 years,EU15 excluding Irish and UK,Both sexes,2014,1526.0
PPSN Allocations to Foreign Nationals,0 - 14 years,EU15 excluding Irish and UK,Both sexes,2015,1520.0
PPSN Allocations to Foreign Nationals,0 - 14 years,EU15 excluding Irish and UK,Both sexes,2016,1783.0
PPSN Allocations to Foreign Nationals,0 - 14 years,EU15 excluding Irish and UK,Both sexes,2017,1779.0
PPSN Allocations to Foreign Nationals,0 - 14 years,EU15 excluding Irish and UK,Both sexes,2018,1823.0
PPSN Allocations to Foreign Nationals,0 - 14 years,EU15 excluding Irish and UK,Male,2002,132.0
PPSN Allocations to Foreign Nationals,0 - 14 years,EU15 excluding Irish and UK,Male,2003,194.0
PPSN Allocations to Foreign Nationals,0 - 14 years,EU15 excluding Irish and UK,Male,2004,226.0
PPSN Allocations to Foreign Nationals,0 - 14 years,EU15 excluding Irish and UK,Male,2005,445.0
PPSN Allocations to Foreign Nationals,0 - 14 years,EU15 excluding Irish and UK,Male,2006,550.0
PPSN Allocations to Foreign Nationals,0 - 14 years,EU15 excluding Irish and UK,Male,2007,602.0
PPSN Allocations to Foreign Nationals,0 - 14 years,EU15 excluding Irish and UK,Male,2008,693.0
PPSN Allocations to Foreign Nationals,0 - 14 years,EU15 excluding Irish and UK,Male,2009,490.0
PPSN Allocations to Foreign Nationals,0 - 14 years,EU15 excluding Irish and UK,Male,2010,389.0
PPSN Allocations to Foreign Nationals,0 - 14 years,EU15 excluding Irish and UK,Male,2011,460.0
PPSN Allocations to Foreign Nationals,0 - 14 years,EU15 excluding Irish and UK,Male,2012,523.0
PPSN Allocations to Foreign Nationals,0 - 14 years,EU15 excluding Irish and UK,Male,2013,675.0
PPSN Allocations to Foreign Nationals,0 - 14 years,EU15 excluding Irish and UK,Male,2014,765.0
PPSN Allocations to Foreign Nationals,0 - 14 years,EU15 excluding Irish and UK,Male,2015,765.0
PPSN Allocations to Foreign Nationals,0 - 14 years,EU15 excluding Irish and UK,Male,2016,869.0
PPSN Allocations to Foreign Nationals,0 - 14 years,EU15 excluding Irish and UK,Male,2017,879.0
PPSN Allocations to Foreign Nationals,0 - 14 years,EU15 excluding Irish and UK,Male,2018,864.0
PPSN Allocations to Foreign Nationals,0 - 14 years,EU15 excluding Irish and UK,Female,2002,126.0
PPSN Allocations to Foreign Nationals,0 - 14 years,EU15 excluding Irish and UK,Female,2003,209.0
PPSN Allocations to Foreign Nationals,0 - 14 years,EU15 excluding Irish and UK,Female,2004,204.0
PPSN Allocations to Foreign Nationals,0 - 14 years,EU15 excluding Irish and UK,Female,2005,384.0
PPSN Allocations to Foreign Nationals,0 - 14 years,EU15 excluding Irish and UK,Female,2006,512.0
PPSN Allocations to Foreign Nationals,0 - 14 years,EU15 excluding Irish and UK,Female,2007,581.0
PPSN Allocations to Foreign Nationals,0 - 14 years,EU15 excluding Irish and UK,Female,2008,724.0
PPSN Allocations to Foreign Nationals,0 - 14 years,EU15 excluding Irish and UK,Female,2009,500.0
PPSN Allocations to Foreign Nationals,0 - 14 years,EU15 excluding Irish and UK,Female,2010,372.0
PPSN Allocations to Foreign Nationals,0 - 14 years,EU15 excluding Irish and UK,Female,2011,471.0
PPSN Allocations to Foreign Nationals,0 - 14 years,EU15 excluding Irish and UK,Female,2012,489.0
PPSN Allocations to Foreign Nationals,0 - 14 years,EU15 excluding Irish and UK,Female,2013,702.0
PPSN Allocations to Foreign Nationals,0 - 14 years,EU15 excluding Irish and UK,Female,2014,761.0
PPSN Allocations to Foreign Nationals,0 - 14 years,EU15 excluding Irish and UK,Female,2015,755.0
PPSN Allocations to Foreign Nationals,0 - 14 years,EU15 excluding Irish and UK,Female,2016,914.0
PPSN Allocations to Foreign Nationals,0 - 14 years,EU15 excluding Irish and UK,Female,2017,900.0
PPSN Allocations to Foreign Nationals,0 - 14 years,EU15 excluding Irish and UK,Female,2018,959.0
PPSN Allocations to Foreign Nationals,0 - 14 years,UK,Both sexes,2002,2043.0
PPSN Allocations to Foreign Nationals,0 - 14 years,UK,Both sexes,2003,3067.0
PPSN Allocations to Foreign Nationals,0 - 14 years,UK,Both sexes,2004,2719.0
PPSN Allocations to Foreign Nationals,0 - 14 years,UK,Both sexes,2005,4121.0
PPSN Allocations to Foreign Nationals,0 - 14 years,UK,Both sexes,2006,4466.0
PPSN Allocations to Foreign Nationals,0 - 14 years,UK,Both sexes,2007,4248.0
PPSN Allocations to Foreign Nationals,0 - 14 years,UK,Both sexes,2008,4165.0
PPSN Allocations to Foreign Nationals,0 - 14 years,UK,Both sexes,2009,3016.0
PPSN Allocations to Foreign Nationals,0 - 14 years,UK,Both sexes,2010,2149.0
PPSN Allocations to Foreign Nationals,0 - 14 years,UK,Both sexes,2011,2142.0
PPSN Allocations to Foreign Nationals,0 - 14 years,UK,Both sexes,2012,1961.0
PPSN Allocations to Foreign Nationals,0 - 14 years,UK,Both sexes,2013,1969.0
PPSN Allocations to Foreign Nationals,0 - 14 years,UK,Both sexes,2014,1838.0
PPSN Allocations to Foreign Nationals,0 - 14 years,UK,Both sexes,2015,2175.0
PPSN Allocations to Foreign Nationals,0 - 14 years,UK,Both sexes,2016,2138.0
PPSN Allocations to Foreign Nationals,0 - 14 years,UK,Both sexes,2017,2104.0
PPSN Allocations to Foreign Nationals,0 - 14 years,UK,Both sexes,2018,2161.0
PPSN Allocations to Foreign Nationals,0 - 14 years,UK,Male,2002,1073.0
PPSN Allocations to Foreign Nationals,0 - 14 years,UK,Male,2003,1551.0
PPSN Allocations to Foreign Nationals,0 - 14 years,UK,Male,2004,1384.0
PPSN Allocations to Foreign Nationals,0 - 14 years,UK,Male,2005,2120.0
PPSN Allocations to Foreign Nationals,0 - 14 years,UK,Male,2006,2259.0
PPSN Allocations to Foreign Nationals,0 - 14 years,UK,Male,2007,2163.0
PPSN Allocations to Foreign Nationals,0 - 14 years,UK,Male,2008,2141.0
PPSN Allocations to Foreign Nationals,0 - 14 years,UK,Male,2009,1549.0
PPSN Allocations to Foreign Nationals,0 - 14 years,UK,Male,2010,1113.0
PPSN Allocations to Foreign Nationals,0 - 14 years,UK,Male,2011,1055.0
PPSN Allocations to Foreign Nationals,0 - 14 years,UK,Male,2012,981.0
PPSN Allocations to Foreign Nationals,0 - 14 years,UK,Male,2013,1002.0
PPSN Allocations to Foreign Nationals,0 - 14 years,UK,Male,2014,924.0
PPSN Allocations to Foreign Nationals,0 - 14 years,UK,Male,2015,1120.0
PPSN Allocations to Foreign Nationals,0 - 14 years,UK,Male,2016,1112.0
PPSN Allocations to Foreign Nationals,0 - 14 years,UK,Male,2017,1057.0
PPSN Allocations to Foreign Nationals,0 - 14 years,UK,Male,2018,1097.0
PPSN Allocations to Foreign Nationals,0 - 14 years,UK,Female,2002,970.0
PPSN Allocations to Foreign Nationals,0 - 14 years,UK,Female,2003,1516.0
PPSN Allocations to Foreign Nationals,0 - 14 years,UK,Female,2004,1335.0
PPSN Allocations to Foreign Nationals,0 - 14 years,UK,Female,2005,2001.0
PPSN Allocations to Foreign Nationals,0 - 14 years,UK,Female,2006,2207.0
PPSN Allocations to Foreign Nationals,0 - 14 years,UK,Female,2007,2085.0
PPSN Allocations to Foreign Nationals,0 - 14 years,UK,Female,2008,2024.0
PPSN Allocations to Foreign Nationals,0 - 14 years,UK,Female,2009,1467.0
PPSN Allocations to Foreign Nationals,0 - 14 years,UK,Female,2010,1036.0
PPSN Allocations to Foreign Nationals,0 - 14 years,UK,Female,2011,1087.0
PPSN Allocations to Foreign Nationals,0 - 14 years,UK,Female,2012,980.0
PPSN Allocations to Foreign Nationals,0 - 14 years,UK,Female,2013,967.0
PPSN Allocations to Foreign Nationals,0 - 14 years,UK,Female,2014,914.0
PPSN Allocations to Foreign Nationals,0 - 14 years,UK,Female,2015,1055.0
PPSN Allocations to Foreign Nationals,0 - 14 years,UK,Female,2016,1026.0
PPSN Allocations to Foreign Nationals,0 - 14 years,UK,Female,2017,1047.0
PPSN Allocations to Foreign Nationals,0 - 14 years,UK,Female,2018,1064.0
PPSN Allocations to Foreign Nationals,0 - 14 years,Other nationalities (5),Both sexes,2002,2423.0
PPSN Allocations to Foreign Nationals,0 - 14 years,Other nationalities (5),Both sexes,2003,2919.0
PPSN Allocations to Foreign Nationals,0 - 14 years,Other nationalities (5),Both sexes,2004,1998.0
PPSN Allocations to Foreign Nationals,0 - 14 years,Other nationalities (5),Both sexes,2005,3034.0
PPSN Allocations to Foreign Nationals,0 - 14 years,Other nationalities (5),Both sexes,2006,4385.0
PPSN Allocations to Foreign Nationals,0 - 14 years,Other nationalities (5),Both sexes,2007,4148.0
PPSN Allocations to Foreign Nationals,0 - 14 years,Other nationalities (5),Both sexes,2008,4306.0
PPSN Allocations to Foreign Nationals,0 - 14 years,Other nationalities (5),Both sexes,2009,3156.0
PPSN Allocations to Foreign Nationals,0 - 14 years,Other nationalities (5),Both sexes,2010,1862.0
PPSN Allocations to Foreign Nationals,0 - 14 years,Other nationalities (5),Both sexes,2011,1843.0
PPSN Allocations to Foreign Nationals,0 - 14 years,Other nationalities (5),Both sexes,2012,1803.0
PPSN Allocations to Foreign Nationals,0 - 14 years,Other nationalities (5),Both sexes,2013,2053.0
PPSN Allocations to Foreign Nationals,0 - 14 years,Other nationalities (5),Both sexes,2014,2461.0
PPSN Allocations to Foreign Nationals,0 - 14 years,Other nationalities (5),Both sexes,2015,3549.0
PPSN Allocations to Foreign Nationals,0 - 14 years,Other nationalities (5),Both sexes,2016,3946.0
PPSN Allocations to Foreign Nationals,0 - 14 years,Other nationalities (5),Both sexes,2017,4597.0
PPSN Allocations to Foreign Nationals,0 - 14 years,Other nationalities (5),Both sexes,2018,4557.0
PPSN Allocations to Foreign Nationals,0 - 14 years,Other nationalities (5),Male,2002,1205.0
PPSN Allocations to Foreign Nationals,0 - 14 years,Other nationalities (5),Male,2003,1472.0
PPSN Allocations to Foreign Nationals,0 - 14 years,Other nationalities (5),Male,2004,951.0
PPSN Allocations to Foreign Nationals,0 - 14 years,Other nationalities (5),Male,2005,1552.0
PPSN Allocations to Foreign Nationals,0 - 14 years,Other nationalities (5),Male,2006,2300.0
PPSN Allocations to Foreign Nationals,0 - 14 years,Other nationalities (5),Male,2007,2101.0
PPSN Allocations to Foreign Nationals,0 - 14 years,Other nationalities (5),Male,2008,2148.0
PPSN Allocations to Foreign Nationals,0 - 14 years,Other nationalities (5),Male,2009,1595.0
PPSN Allocations to Foreign Nationals,0 - 14 years,Other nationalities (5),Male,2010,915.0
PPSN Allocations to Foreign Nationals,0 - 14 years,Other nationalities (5),Male,2011,924.0
PPSN Allocations to Foreign Nationals,0 - 14 years,Other nationalities (5),Male,2012,913.0
PPSN Allocations to Foreign Nationals,0 - 14 years,Other nationalities (5),Male,2013,1070.0
PPSN Allocations to Foreign Nationals,0 - 14 years,Other nationalities (5),Male,2014,1256.0
PPSN Allocations to Foreign Nationals,0 - 14 years,Other nationalities (5),Male,2015,1839.0
PPSN Allocations to Foreign Nationals,0 - 14 years,Other nationalities (5),Male,2016,2002.0
PPSN Allocations to Foreign Nationals,0 - 14 years,Other nationalities (5),Male,2017,2353.0
PPSN Allocations to Foreign Nationals,0 - 14 years,Other nationalities (5),Male,2018,2322.0
PPSN Allocations to Foreign Nationals,0 - 14 years,Other nationalities (5),Female,2002,1218.0
PPSN Allocations to Foreign Nationals,0 - 14 years,Other nationalities (5),Female,2003,1447.0
PPSN Allocations to Foreign Nationals,0 - 14 years,Other nationalities (5),Female,2004,1047.0
PPSN Allocations to Foreign Nationals,0 - 14 years,Other nationalities (5),Female,2005,1482.0
PPSN Allocations to Foreign Nationals,0 - 14 years,Other nationalities (5),Female,2006,2085.0
PPSN Allocations to Foreign Nationals,0 - 14 years,Other nationalities (5),Female,2007,2047.0
PPSN Allocations to Foreign Nationals,0 - 14 years,Other nationalities (5),Female,2008,2158.0
PPSN Allocations to Foreign Nationals,0 - 14 years,Other nationalities (5),Female,2009,1561.0
PPSN Allocations to Foreign Nationals,0 - 14 years,Other nationalities (5),Female,2010,947.0
PPSN Allocations to Foreign Nationals,0 - 14 years,Other nationalities (5),Female,2011,919.0
PPSN Allocations to Foreign Nationals,0 - 14 years,Other nationalities (5),Female,2012,890.0
PPSN Allocations to Foreign Nationals,0 - 14 years,Other nationalities (5),Female,2013,983.0
PPSN Allocations to Foreign Nationals,0 - 14 years,Other nationalities (5),Female,2014,1205.0
PPSN Allocations to Foreign Nationals,0 - 14 years,Other nationalities (5),Female,2015,1710.0
PPSN Allocations to Foreign Nationals,0 - 14 years,Other nationalities (5),Female,2016,1944.0
PPSN Allocations to Foreign Nationals,0 - 14 years,Other nationalities (5),Female,2017,2244.0
PPSN Allocations to Foreign Nationals,0 - 14 years,Other nationalities (5),Female,2018,2235.0
PPSN Allocations to Foreign Nationals,0 - 14 years,American (US),Both sexes,2002,261.0
PPSN Allocations to Foreign Nationals,0 - 14 years,American (US),Both sexes,2003,648.0
PPSN Allocations to Foreign Nationals,0 - 14 years,American (US),Both sexes,2004,523.0
PPSN Allocations to Foreign Nationals,0 - 14 years,American (US),Both sexes,2005,1000.0
PPSN Allocations to Foreign Nationals,0 - 14 years,American (US),Both sexes,2006,1246.0
PPSN Allocations to Foreign Nationals,0 - 14 years,American (US),Both sexes,2007,995.0
PPSN Allocations to Foreign Nationals,0 - 14 years,American (US),Both sexes,2008,876.0
PPSN Allocations to Foreign Nationals,0 - 14 years,American (US),Both sexes,2009,506.0
PPSN Allocations to Foreign Nationals,0 - 14 years,American (US),Both sexes,2010,473.0
PPSN Allocations to Foreign Nationals,0 - 14 years,American (US),Both sexes,2011,515.0
PPSN Allocations to Foreign Nationals,0 - 14 years,American (US),Both sexes,2012,480.0
PPSN Allocations to Foreign Nationals,0 - 14 years,American (US),Both sexes,2013,533.0
PPSN Allocations to Foreign Nationals,0 - 14 years,American (US),Both sexes,2014,634.0
PPSN Allocations to Foreign Nationals,0 - 14 years,American (US),Both sexes,2015,563.0
PPSN Allocations to Foreign Nationals,0 - 14 years,American (US),Both sexes,2016,619.0
PPSN Allocations to Foreign Nationals,0 - 14 years,American (US),Both sexes,2017,714.0
PPSN Allocations to Foreign Nationals,0 - 14 years,American (US),Both sexes,2018,665.0
PPSN Allocations to Foreign Nationals,0 - 14 years,American (US),Male,2002,129.0
PPSN Allocations to Foreign Nationals,0 - 14 years,American (US),Male,2003,327.0
PPSN Allocations to Foreign Nationals,0 - 14 years,American (US),Male,2004,254.0
PPSN Allocations to Foreign Nationals,0 - 14 years,American (US),Male,2005,477.0
PPSN Allocations to Foreign Nationals,0 - 14 years,American (US),Male,2006,626.0
PPSN Allocations to Foreign Nationals,0 - 14 years,American (US),Male,2007,516.0
PPSN Allocations to Foreign Nationals,0 - 14 years,American (US),Male,2008,483.0
PPSN Allocations to Foreign Nationals,0 - 14 years,American (US),Male,2009,252.0
PPSN Allocations to Foreign Nationals,0 - 14 years,American (US),Male,2010,260.0
PPSN Allocations to Foreign Nationals,0 - 14 years,American (US),Male,2011,258.0
PPSN Allocations to Foreign Nationals,0 - 14 years,American (US),Male,2012,255.0
PPSN Allocations to Foreign Nationals,0 - 14 years,American (US),Male,2013,294.0
PPSN Allocations to Foreign Nationals,0 - 14 years,American (US),Male,2014,330.0
PPSN Allocations to Foreign Nationals,0 - 14 years,American (US),Male,2015,286.0
PPSN Allocations to Foreign Nationals,0 - 14 years,American (US),Male,2016,331.0
PPSN Allocations to Foreign Nationals,0 - 14 years,American (US),Male,2017,329.0
PPSN Allocations to Foreign Nationals,0 - 14 years,American (US),Male,2018,326.0
PPSN Allocations to Foreign Nationals,0 - 14 years,American (US),Female,2002,132.0
PPSN Allocations to Foreign Nationals,0 - 14 years,American (US),Female,2003,321.0
PPSN Allocations to Foreign Nationals,0 - 14 years,American (US),Female,2004,269.0
PPSN Allocations to Foreign Nationals,0 - 14 years,American (US),Female,2005,523.0
PPSN Allocations to Foreign Nationals,0 - 14 years,American (US),Female,2006,620.0
PPSN Allocations to Foreign Nationals,0 - 14 years,American (US),Female,2007,479.0
PPSN Allocations to Foreign Nationals,0 - 14 years,American (US),Female,2008,393.0
PPSN Allocations to Foreign Nationals,0 - 14 years,American (US),Female,2009,254.0
PPSN Allocations to Foreign Nationals,0 - 14 years,American (US),Female,2010,213.0
PPSN Allocations to Foreign Nationals,0 - 14 years,American (US),Female,2011,257.0
PPSN Allocations to Foreign Nationals,0 - 14 years,American (US),Female,2012,225.0
PPSN Allocations to Foreign Nationals,0 - 14 years,American (US),Female,2013,239.0
PPSN Allocations to Foreign Nationals,0 - 14 years,American (US),Female,2014,304.0
PPSN Allocations to Foreign Nationals,0 - 14 years,American (US),Female,2015,277.0
PPSN Allocations to Foreign Nationals,0 - 14 years,American (US),Female,2016,288.0
PPSN Allocations to Foreign Nationals,0 - 14 years,American (US),Female,2017,385.0
PPSN Allocations to Foreign Nationals,0 - 14 years,American (US),Female,2018,339.0
PPSN Allocations to Foreign Nationals,15 - 24 years,All nationalities,Both sexes,2002,29707.0
PPSN Allocations to Foreign Nationals,15 - 24 years,All nationalities,Both sexes,2003,27051.0
PPSN Allocations to Foreign Nationals,15 - 24 years,All nationalities,Both sexes,2004,46457.0
PPSN Allocations to Foreign Nationals,15 - 24 years,All nationalities,Both sexes,2005,70728.0
PPSN Allocations to Foreign Nationals,15 - 24 years,All nationalities,Both sexes,2006,84462.0
PPSN Allocations to Foreign Nationals,15 - 24 years,All nationalities,Both sexes,2007,79268.0
PPSN Allocations to Foreign Nationals,15 - 24 years,All nationalities,Both sexes,2008,54324.0
PPSN Allocations to Foreign Nationals,15 - 24 years,All nationalities,Both sexes,2009,24425.0
PPSN Allocations to Foreign Nationals,15 - 24 years,All nationalities,Both sexes,2010,21494.0
PPSN Allocations to Foreign Nationals,15 - 24 years,All nationalities,Both sexes,2011,20464.0
PPSN Allocations to Foreign Nationals,15 - 24 years,All nationalities,Both sexes,2012,22254.0
PPSN Allocations to Foreign Nationals,15 - 24 years,All nationalities,Both sexes,2013,25206.0
PPSN Allocations to Foreign Nationals,15 - 24 years,All nationalities,Both sexes,2014,27895.0
PPSN Allocations to Foreign Nationals,15 - 24 years,All nationalities,Both sexes,2015,24059.0
PPSN Allocations to Foreign Nationals,15 - 24 years,All nationalities,Both sexes,2016,27053.0
PPSN Allocations to Foreign Nationals,15 - 24 years,All nationalities,Both sexes,2017,30313.0
PPSN Allocations to Foreign Nationals,15 - 24 years,All nationalities,Both sexes,2018,33090.0
PPSN Allocations to Foreign Nationals,15 - 24 years,All nationalities,Male,2002,14598.0
PPSN Allocations to Foreign Nationals,15 - 24 years,All nationalities,Male,2003,13488.0
PPSN Allocations to Foreign Nationals,15 - 24 years,All nationalities,Male,2004,24903.0
PPSN Allocations to Foreign Nationals,15 - 24 years,All nationalities,Male,2005,38113.0
PPSN Allocations to Foreign Nationals,15 - 24 years,All nationalities,Male,2006,44214.0
PPSN Allocations to Foreign Nationals,15 - 24 years,All nationalities,Male,2007,40109.0
PPSN Allocations to Foreign Nationals,15 - 24 years,All nationalities,Male,2008,26252.0
PPSN Allocations to Foreign Nationals,15 - 24 years,All nationalities,Male,2009,11190.0
PPSN Allocations to Foreign Nationals,15 - 24 years,All nationalities,Male,2010,10215.0
PPSN Allocations to Foreign Nationals,15 - 24 years,All nationalities,Male,2011,9945.0
PPSN Allocations to Foreign Nationals,15 - 24 years,All nationalities,Male,2012,10671.0
PPSN Allocations to Foreign Nationals,15 - 24 years,All nationalities,Male,2013,12408.0
PPSN Allocations to Foreign Nationals,15 - 24 years,All nationalities,Male,2014,13999.0
PPSN Allocations to Foreign Nationals,15 - 24 years,All nationalities,Male,2015,12131.0
PPSN Allocations to Foreign Nationals,15 - 24 years,All nationalities,Male,2016,13861.0
PPSN Allocations to Foreign Nationals,15 - 24 years,All nationalities,Male,2017,15558.0
PPSN Allocations to Foreign Nationals,15 - 24 years,All nationalities,Male,2018,17187.0
PPSN Allocations to Foreign Nationals,15 - 24 years,All nationalities,Female,2002,15109.0
PPSN Allocations to Foreign Nationals,15 - 24 years,All nationalities,Female,2003,13563.0
PPSN Allocations to Foreign Nationals,15 - 24 years,All nationalities,Female,2004,21554.0
PPSN Allocations to Foreign Nationals,15 - 24 years,All nationalities,Female,2005,32615.0
PPSN Allocations to Foreign Nationals,15 - 24 years,All nationalities,Female,2006,40248.0
PPSN Allocations to Foreign Nationals,15 - 24 years,All nationalities,Female,2007,39159.0
PPSN Allocations to Foreign Nationals,15 - 24 years,All nationalities,Female,2008,28072.0
PPSN Allocations to Foreign Nationals,15 - 24 years,All nationalities,Female,2009,13235.0
PPSN Allocations to Foreign Nationals,15 - 24 years,All nationalities,Female,2010,11279.0
PPSN Allocations to Foreign Nationals,15 - 24 years,All nationalities,Female,2011,10519.0
PPSN Allocations to Foreign Nationals,15 - 24 years,All nationalities,Female,2012,11583.0
PPSN Allocations to Foreign Nationals,15 - 24 years,All nationalities,Female,2013,12798.0
PPSN Allocations to Foreign Nationals,15 - 24 years,All nationalities,Female,2014,13896.0
PPSN Allocations to Foreign Nationals,15 - 24 years,All nationalities,Female,2015,11928.0
PPSN Allocations to Foreign Nationals,15 - 24 years,All nationalities,Female,2016,13192.0
PPSN Allocations to Foreign Nationals,15 - 24 years,All nationalities,Female,2017,14755.0
PPSN Allocations to Foreign Nationals,15 - 24 years,All nationalities,Female,2018,15903.0
PPSN Allocations to Foreign Nationals,15 - 24 years,EU25 to EU28 states,Both sexes,2002,994.0
PPSN Allocations to Foreign Nationals,15 - 24 years,EU25 to EU28 states,Both sexes,2003,595.0
PPSN Allocations to Foreign Nationals,15 - 24 years,EU25 to EU28 states,Both sexes,2004,274.0
PPSN Allocations to Foreign Nationals,15 - 24 years,EU25 to EU28 states,Both sexes,2005,306.0
PPSN Allocations to Foreign Nationals,15 - 24 years,EU25 to EU28 states,Both sexes,2006,1316.0
PPSN Allocations to Foreign Nationals,15 - 24 years,EU25 to EU28 states,Both sexes,2007,4821.0
PPSN Allocations to Foreign Nationals,15 - 24 years,EU25 to EU28 states,Both sexes,2008,2725.0
PPSN Allocations to Foreign Nationals,15 - 24 years,EU25 to EU28 states,Both sexes,2009,1074.0
PPSN Allocations to Foreign Nationals,15 - 24 years,EU25 to EU28 states,Both sexes,2010,1144.0
PPSN Allocations to Foreign Nationals,15 - 24 years,EU25 to EU28 states,Both sexes,2011,1331.0
PPSN Allocations to Foreign Nationals,15 - 24 years,EU25 to EU28 states,Both sexes,2012,1705.0
PPSN Allocations to Foreign Nationals,15 - 24 years,EU25 to EU28 states,Both sexes,2013,2450.0
PPSN Allocations to Foreign Nationals,15 - 24 years,EU25 to EU28 states,Both sexes,2014,3192.0
PPSN Allocations to Foreign Nationals,15 - 24 years,EU25 to EU28 states,Both sexes,2015,3411.0
PPSN Allocations to Foreign Nationals,15 - 24 years,EU25 to EU28 states,Both sexes,2016,4468.0
PPSN Allocations to Foreign Nationals,15 - 24 years,EU25 to EU28 states,Both sexes,2017,4729.0
PPSN Allocations to Foreign Nationals,15 - 24 years,EU25 to EU28 states,Both sexes,2018,5217.0
PPSN Allocations to Foreign Nationals,15 - 24 years,EU25 to EU28 states,Male,2002,490.0
PPSN Allocations to Foreign Nationals,15 - 24 years,EU25 to EU28 states,Male,2003,307.0
PPSN Allocations to Foreign Nationals,15 - 24 years,EU25 to EU28 states,Male,2004,132.0
PPSN Allocations to Foreign Nationals,15 - 24 years,EU25 to EU28 states,Male,2005,174.0
PPSN Allocations to Foreign Nationals,15 - 24 years,EU25 to EU28 states,Male,2006,856.0
PPSN Allocations to Foreign Nationals,15 - 24 years,EU25 to EU28 states,Male,2007,2918.0
PPSN Allocations to Foreign Nationals,15 - 24 years,EU25 to EU28 states,Male,2008,1416.0
PPSN Allocations to Foreign Nationals,15 - 24 years,EU25 to EU28 states,Male,2009,490.0
PPSN Allocations to Foreign Nationals,15 - 24 years,EU25 to EU28 states,Male,2010,586.0
PPSN Allocations to Foreign Nationals,15 - 24 years,EU25 to EU28 states,Male,2011,631.0
PPSN Allocations to Foreign Nationals,15 - 24 years,EU25 to EU28 states,Male,2012,849.0
PPSN Allocations to Foreign Nationals,15 - 24 years,EU25 to EU28 states,Male,2013,1316.0
PPSN Allocations to Foreign Nationals,15 - 24 years,EU25 to EU28 states,Male,2014,1790.0
PPSN Allocations to Foreign Nationals,15 - 24 years,EU25 to EU28 states,Male,2015,1964.0
PPSN Allocations to Foreign Nationals,15 - 24 years,EU25 to EU28 states,Male,2016,2652.0
PPSN Allocations to Foreign Nationals,15 - 24 years,EU25 to EU28 states,Male,2017,2833.0
PPSN Allocations to Foreign Nationals,15 - 24 years,EU25 to EU28 states,Male,2018,3239.0
PPSN Allocations to Foreign Nationals,15 - 24 years,EU25 to EU28 states,Female,2002,504.0
PPSN Allocations to Foreign Nationals,15 - 24 years,EU25 to EU28 states,Female,2003,288.0
PPSN Allocations to Foreign Nationals,15 - 24 years,EU25 to EU28 states,Female,2004,142.0
PPSN Allocations to Foreign Nationals,15 - 24 years,EU25 to EU28 states,Female,2005,132.0
PPSN Allocations to Foreign Nationals,15 - 24 years,EU25 to EU28 states,Female,2006,460.0
PPSN Allocations to Foreign Nationals,15 - 24 years,EU25 to EU28 states,Female,2007,1903.0
PPSN Allocations to Foreign Nationals,15 - 24 years,EU25 to EU28 states,Female,2008,1309.0
PPSN Allocations to Foreign Nationals,15 - 24 years,EU25 to EU28 states,Female,2009,584.0
PPSN Allocations to Foreign Nationals,15 - 24 years,EU25 to EU28 states,Female,2010,558.0
PPSN Allocations to Foreign Nationals,15 - 24 years,EU25 to EU28 states,Female,2011,700.0
PPSN Allocations to Foreign Nationals,15 - 24 years,EU25 to EU28 states,Female,2012,856.0
PPSN Allocations to Foreign Nationals,15 - 24 years,EU25 to EU28 states,Female,2013,1134.0
PPSN Allocations to Foreign Nationals,15 - 24 years,EU25 to EU28 states,Female,2014,1402.0
PPSN Allocations to Foreign Nationals,15 - 24 years,EU25 to EU28 states,Female,2015,1447.0
PPSN Allocations to Foreign Nationals,15 - 24 years,EU25 to EU28 states,Female,2016,1816.0
PPSN Allocations to Foreign Nationals,15 - 24 years,EU25 to EU28 states,Female,2017,1896.0
PPSN Allocations to Foreign Nationals,15 - 24 years,EU25 to EU28 states,Female,2018,1978.0
PPSN Allocations to Foreign Nationals,15 - 24 years,EU15 to EU25 states,Both sexes,2002,3645.0
PPSN Allocations to Foreign Nationals,15 - 24 years,EU15 to EU25 states,Both sexes,2003,3610.0
PPSN Allocations to Foreign Nationals,15 - 24 years,EU15 to EU25 states,Both sexes,2004,24666.0
PPSN Allocations to Foreign Nationals,15 - 24 years,EU15 to EU25 states,Both sexes,2005,48676.0
PPSN Allocations to Foreign Nationals,15 - 24 years,EU15 to EU25 states,Both sexes,2006,58424.0
PPSN Allocations to Foreign Nationals,15 - 24 years,EU15 to EU25 states,Both sexes,2007,47212.0
PPSN Allocations to Foreign Nationals,15 - 24 years,EU15 to EU25 states,Both sexes,2008,26145.0
PPSN Allocations to Foreign Nationals,15 - 24 years,EU15 to EU25 states,Both sexes,2009,9401.0
PPSN Allocations to Foreign Nationals,15 - 24 years,EU15 to EU25 states,Both sexes,2010,7660.0
PPSN Allocations to Foreign Nationals,15 - 24 years,EU15 to EU25 states,Both sexes,2011,6333.0
PPSN Allocations to Foreign Nationals,15 - 24 years,EU15 to EU25 states,Both sexes,2012,6206.0
PPSN Allocations to Foreign Nationals,15 - 24 years,EU15 to EU25 states,Both sexes,2013,6204.0
PPSN Allocations to Foreign Nationals,15 - 24 years,EU15 to EU25 states,Both sexes,2014,5718.0
PPSN Allocations to Foreign Nationals,15 - 24 years,EU15 to EU25 states,Both sexes,2015,5246.0
PPSN Allocations to Foreign Nationals,15 - 24 years,EU15 to EU25 states,Both sexes,2016,5077.0
PPSN Allocations to Foreign Nationals,15 - 24 years,EU15 to EU25 states,Both sexes,2017,4926.0
PPSN Allocations to Foreign Nationals,15 - 24 years,EU15 to EU25 states,Both sexes,2018,4728.0
PPSN Allocations to Foreign Nationals,15 - 24 years,EU15 to EU25 states,Male,2002,1823.0
PPSN Allocations to Foreign Nationals,15 - 24 years,EU15 to EU25 states,Male,2003,1802.0
PPSN Allocations to Foreign Nationals,15 - 24 years,EU15 to EU25 states,Male,2004,14259.0
PPSN Allocations to Foreign Nationals,15 - 24 years,EU15 to EU25 states,Male,2005,27241.0
PPSN Allocations to Foreign Nationals,15 - 24 years,EU15 to EU25 states,Male,2006,30721.0
PPSN Allocations to Foreign Nationals,15 - 24 years,EU15 to EU25 states,Male,2007,23629.0
PPSN Allocations to Foreign Nationals,15 - 24 years,EU15 to EU25 states,Male,2008,12219.0
PPSN Allocations to Foreign Nationals,15 - 24 years,EU15 to EU25 states,Male,2009,3998.0
PPSN Allocations to Foreign Nationals,15 - 24 years,EU15 to EU25 states,Male,2010,3451.0
PPSN Allocations to Foreign Nationals,15 - 24 years,EU15 to EU25 states,Male,2011,2836.0
PPSN Allocations to Foreign Nationals,15 - 24 years,EU15 to EU25 states,Male,2012,2821.0
PPSN Allocations to Foreign Nationals,15 - 24 years,EU15 to EU25 states,Male,2013,2845.0
PPSN Allocations to Foreign Nationals,15 - 24 years,EU15 to EU25 states,Male,2014,2878.0
PPSN Allocations to Foreign Nationals,15 - 24 years,EU15 to EU25 states,Male,2015,2587.0
PPSN Allocations to Foreign Nationals,15 - 24 years,EU15 to EU25 states,Male,2016,2692.0
PPSN Allocations to Foreign Nationals,15 - 24 years,EU15 to EU25 states,Male,2017,2674.0
PPSN Allocations to Foreign Nationals,15 - 24 years,EU15 to EU25 states,Male,2018,2538.0
PPSN Allocations to Foreign Nationals,15 - 24 years,EU15 to EU25 states,Female,2002,1822.0
PPSN Allocations to Foreign Nationals,15 - 24 years,EU15 to EU25 states,Female,2003,1808.0
PPSN Allocations to Foreign Nationals,15 - 24 years,EU15 to EU25 states,Female,2004,10407.0
PPSN Allocations to Foreign Nationals,15 - 24 years,EU15 to EU25 states,Female,2005,21435.0
PPSN Allocations to Foreign Nationals,15 - 24 years,EU15 to EU25 states,Female,2006,27703.0
PPSN Allocations to Foreign Nationals,15 - 24 years,EU15 to EU25 states,Female,2007,23583.0
PPSN Allocations to Foreign Nationals,15 - 24 years,EU15 to EU25 states,Female,2008,13926.0
PPSN Allocations to Foreign Nationals,15 - 24 years,EU15 to EU25 states,Female,2009,5403.0
PPSN Allocations to Foreign Nationals,15 - 24 years,EU15 to EU25 states,Female,2010,4209.0
PPSN Allocations to Foreign Nationals,15 - 24 years,EU15 to EU25 states,Female,2011,3497.0
PPSN Allocations to Foreign Nationals,15 - 24 years,EU15 to EU25 states,Female,2012,3385.0
PPSN Allocations to Foreign Nationals,15 - 24 years,EU15 to EU25 states,Female,2013,3359.0
PPSN Allocations to Foreign Nationals,15 - 24 years,EU15 to EU25 states,Female,2014,2840.0
PPSN Allocations to Foreign Nationals,15 - 24 years,EU15 to EU25 states,Female,2015,2659.0
PPSN Allocations to Foreign Nationals,15 - 24 years,EU15 to EU25 states,Female,2016,2385.0
PPSN Allocations to Foreign Nationals,15 - 24 years,EU15 to EU25 states,Female,2017,2252.0
PPSN Allocations to Foreign Nationals,15 - 24 years,EU15 to EU25 states,Female,2018,2190.0
PPSN Allocations to Foreign Nationals,15 - 24 years,EU15 excluding Irish and UK,Both sexes,2002,9739.0
PPSN Allocations to Foreign Nationals,15 - 24 years,EU15 excluding Irish and UK,Both sexes,2003,9613.0
PPSN Allocations to Foreign Nationals,15 - 24 years,EU15 excluding Irish and UK,Both sexes,2004,9387.0
PPSN Allocations to Foreign Nationals,15 - 24 years,EU15 excluding Irish and UK,Both sexes,2005,9981.0
PPSN Allocations to Foreign Nationals,15 - 24 years,EU15 excluding Irish and UK,Both sexes,2006,11297.0
PPSN Allocations to Foreign Nationals,15 - 24 years,EU15 excluding Irish and UK,Both sexes,2007,12579.0
PPSN Allocations to Foreign Nationals,15 - 24 years,EU15 excluding Irish and UK,Both sexes,2008,11408.0
PPSN Allocations to Foreign Nationals,15 - 24 years,EU15 excluding Irish and UK,Both sexes,2009,5213.0
PPSN Allocations to Foreign Nationals,15 - 24 years,EU15 excluding Irish and UK,Both sexes,2010,4922.0
PPSN Allocations to Foreign Nationals,15 - 24 years,EU15 excluding Irish and UK,Both sexes,2011,4683.0
PPSN Allocations to Foreign Nationals,15 - 24 years,EU15 excluding Irish and UK,Both sexes,2012,5572.0
PPSN Allocations to Foreign Nationals,15 - 24 years,EU15 excluding Irish and UK,Both sexes,2013,6160.0
PPSN Allocations to Foreign Nationals,15 - 24 years,EU15 excluding Irish and UK,Both sexes,2014,7265.0
PPSN Allocations to Foreign Nationals,15 - 24 years,EU15 excluding Irish and UK,Both sexes,2015,6560.0
PPSN Allocations to Foreign Nationals,15 - 24 years,EU15 excluding Irish and UK,Both sexes,2016,8232.0
PPSN Allocations to Foreign Nationals,15 - 24 years,EU15 excluding Irish and UK,Both sexes,2017,9396.0
PPSN Allocations to Foreign Nationals,15 - 24 years,EU15 excluding Irish and UK,Both sexes,2018,9618.0
PPSN Allocations to Foreign Nationals,15 - 24 years,EU15 excluding Irish and UK,Male,2002,4127.0
PPSN Allocations to Foreign Nationals,15 - 24 years,EU15 excluding Irish and UK,Male,2003,4235.0
PPSN Allocations to Foreign Nationals,15 - 24 years,EU15 excluding Irish and UK,Male,2004,4105.0
PPSN Allocations to Foreign Nationals,15 - 24 years,EU15 excluding Irish and UK,Male,2005,4471.0
PPSN Allocations to Foreign Nationals,15 - 24 years,EU15 excluding Irish and UK,Male,2006,5344.0
PPSN Allocations to Foreign Nationals,15 - 24 years,EU15 excluding Irish and UK,Male,2007,5994.0
PPSN Allocations to Foreign Nationals,15 - 24 years,EU15 excluding Irish and UK,Male,2008,5499.0
PPSN Allocations to Foreign Nationals,15 - 24 years,EU15 excluding Irish and UK,Male,2009,2419.0
PPSN Allocations to Foreign Nationals,15 - 24 years,EU15 excluding Irish and UK,Male,2010,2319.0
PPSN Allocations to Foreign Nationals,15 - 24 years,EU15 excluding Irish and UK,Male,2011,2292.0
PPSN Allocations to Foreign Nationals,15 - 24 years,EU15 excluding Irish and UK,Male,2012,2678.0
PPSN Allocations to Foreign Nationals,15 - 24 years,EU15 excluding Irish and UK,Male,2013,2884.0
PPSN Allocations to Foreign Nationals,15 - 24 years,EU15 excluding Irish and UK,Male,2014,3435.0
PPSN Allocations to Foreign Nationals,15 - 24 years,EU15 excluding Irish and UK,Male,2015,3025.0
PPSN Allocations to Foreign Nationals,15 - 24 years,EU15 excluding Irish and UK,Male,2016,3877.0
PPSN Allocations to Foreign Nationals,15 - 24 years,EU15 excluding Irish and UK,Male,2017,4481.0
PPSN Allocations to Foreign Nationals,15 - 24 years,EU15 excluding Irish and UK,Male,2018,4646.0
PPSN Allocations to Foreign Nationals,15 - 24 years,EU15 excluding Irish and UK,Female,2002,5612.0
PPSN Allocations to Foreign Nationals,15 - 24 years,EU15 excluding Irish and UK,Female,2003,5378.0
PPSN Allocations to Foreign Nationals,15 - 24 years,EU15 excluding Irish and UK,Female,2004,5282.0
PPSN Allocations to Foreign Nationals,15 - 24 years,EU15 excluding Irish and UK,Female,2005,5510.0
PPSN Allocations to Foreign Nationals,15 - 24 years,EU15 excluding Irish and UK,Female,2006,5953.0
PPSN Allocations to Foreign Nationals,15 - 24 years,EU15 excluding Irish and UK,Female,2007,6585.0
PPSN Allocations to Foreign Nationals,15 - 24 years,EU15 excluding Irish and UK,Female,2008,5909.0
PPSN Allocations to Foreign Nationals,15 - 24 years,EU15 excluding Irish and UK,Female,2009,2794.0
PPSN Allocations to Foreign Nationals,15 - 24 years,EU15 excluding Irish and UK,Female,2010,2603.0
PPSN Allocations to Foreign Nationals,15 - 24 years,EU15 excluding Irish and UK,Female,2011,2391.0
PPSN Allocations to Foreign Nationals,15 - 24 years,EU15 excluding Irish and UK,Female,2012,2894.0
PPSN Allocations to Foreign Nationals,15 - 24 years,EU15 excluding Irish and UK,Female,2013,3276.0
PPSN Allocations to Foreign Nationals,15 - 24 years,EU15 excluding Irish and UK,Female,2014,3830.0
PPSN Allocations to Foreign Nationals,15 - 24 years,EU15 excluding Irish and UK,Female,2015,3535.0
PPSN Allocations to Foreign Nationals,15 - 24 years,EU15 excluding Irish and UK,Female,2016,4355.0
PPSN Allocations to Foreign Nationals,15 - 24 years,EU15 excluding Irish and UK,Female,2017,4915.0
PPSN Allocations to Foreign Nationals,15 - 24 years,EU15 excluding Irish and UK,Female,2018,4972.0
PPSN Allocations to Foreign Nationals,15 - 24 years,UK,Both sexes,2002,3969.0
PPSN Allocations to Foreign Nationals,15 - 24 years,UK,Both sexes,2003,3486.0
PPSN Allocations to Foreign Nationals,15 - 24 years,UK,Both sexes,2004,3172.0
PPSN Allocations to Foreign Nationals,15 - 24 years,UK,Both sexes,2005,3482.0
PPSN Allocations to Foreign Nationals,15 - 24 years,UK,Both sexes,2006,3745.0
PPSN Allocations to Foreign Nationals,15 - 24 years,UK,Both sexes,2007,3703.0
PPSN Allocations to Foreign Nationals,15 - 24 years,UK,Both sexes,2008,3391.0
PPSN Allocations to Foreign Nationals,15 - 24 years,UK,Both sexes,2009,2158.0
PPSN Allocations to Foreign Nationals,15 - 24 years,UK,Both sexes,2010,1778.0
PPSN Allocations to Foreign Nationals,15 - 24 years,UK,Both sexes,2011,1800.0
PPSN Allocations to Foreign Nationals,15 - 24 years,UK,Both sexes,2012,1785.0
PPSN Allocations to Foreign Nationals,15 - 24 years,UK,Both sexes,2013,1592.0
PPSN Allocations to Foreign Nationals,15 - 24 years,UK,Both sexes,2014,1755.0
PPSN Allocations to Foreign Nationals,15 - 24 years,UK,Both sexes,2015,1838.0
PPSN Allocations to Foreign Nationals,15 - 24 years,UK,Both sexes,2016,1813.0
PPSN Allocations to Foreign Nationals,15 - 24 years,UK,Both sexes,2017,1918.0
PPSN Allocations to Foreign Nationals,15 - 24 years,UK,Both sexes,2018,2154.0
PPSN Allocations to Foreign Nationals,15 - 24 years,UK,Male,2002,1909.0
PPSN Allocations to Foreign Nationals,15 - 24 years,UK,Male,2003,1745.0
PPSN Allocations to Foreign Nationals,15 - 24 years,UK,Male,2004,1642.0
PPSN Allocations to Foreign Nationals,15 - 24 years,UK,Male,2005,1865.0
PPSN Allocations to Foreign Nationals,15 - 24 years,UK,Male,2006,2050.0
PPSN Allocations to Foreign Nationals,15 - 24 years,UK,Male,2007,1851.0
PPSN Allocations to Foreign Nationals,15 - 24 years,UK,Male,2008,1732.0
PPSN Allocations to Foreign Nationals,15 - 24 years,UK,Male,2009,1152.0
PPSN Allocations to Foreign Nationals,15 - 24 years,UK,Male,2010,939.0
PPSN Allocations to Foreign Nationals,15 - 24 years,UK,Male,2011,964.0
PPSN Allocations to Foreign Nationals,15 - 24 years,UK,Male,2012,909.0
PPSN Allocations to Foreign Nationals,15 - 24 years,UK,Male,2013,827.0
PPSN Allocations to Foreign Nationals,15 - 24 years,UK,Male,2014,905.0
PPSN Allocations to Foreign Nationals,15 - 24 years,UK,Male,2015,901.0
PPSN Allocations to Foreign Nationals,15 - 24 years,UK,Male,2016,942.0
PPSN Allocations to Foreign Nationals,15 - 24 years,UK,Male,2017,1036.0
PPSN Allocations to Foreign Nationals,15 - 24 years,UK,Male,2018,1133.0
PPSN Allocations to Foreign Nationals,15 - 24 years,UK,Female,2002,2060.0
PPSN Allocations to Foreign Nationals,15 - 24 years,UK,Female,2003,1741.0
PPSN Allocations to Foreign Nationals,15 - 24 years,UK,Female,2004,1530.0
PPSN Allocations to Foreign Nationals,15 - 24 years,UK,Female,2005,1617.0
PPSN Allocations to Foreign Nationals,15 - 24 years,UK,Female,2006,1695.0
PPSN Allocations to Foreign Nationals,15 - 24 years,UK,Female,2007,1852.0
PPSN Allocations to Foreign Nationals,15 - 24 years,UK,Female,2008,1659.0
PPSN Allocations to Foreign Nationals,15 - 24 years,UK,Female,2009,1006.0
PPSN Allocations to Foreign Nationals,15 - 24 years,UK,Female,2010,839.0
PPSN Allocations to Foreign Nationals,15 - 24 years,UK,Female,2011,836.0
PPSN Allocations to Foreign Nationals,15 - 24 years,UK,Female,2012,876.0
PPSN Allocations to Foreign Nationals,15 - 24 years,UK,Female,2013,765.0
PPSN Allocations to Foreign Nationals,15 - 24 years,UK,Female,2014,850.0
PPSN Allocations to Foreign Nationals,15 - 24 years,UK,Female,2015,937.0
PPSN Allocations to Foreign Nationals,15 - 24 years,UK,Female,2016,871.0
PPSN Allocations to Foreign Nationals,15 - 24 years,UK,Female,2017,882.0
PPSN Allocations to Foreign Nationals,15 - 24 years,UK,Female,2018,1021.0
PPSN Allocations to Foreign Nationals,15 - 24 years,Other nationalities (5),Both sexes,2002,10620.0
PPSN Allocations to Foreign Nationals,15 - 24 years,Other nationalities (5),Both sexes,2003,9039.0
PPSN Allocations to Foreign Nationals,15 - 24 years,Other nationalities (5),Both sexes,2004,8101.0
PPSN Allocations to Foreign Nationals,15 - 24 years,Other nationalities (5),Both sexes,2005,7368.0
PPSN Allocations to Foreign Nationals,15 - 24 years,Other nationalities (5),Both sexes,2006,8881.0
PPSN Allocations to Foreign Nationals,15 - 24 years,Other nationalities (5),Both sexes,2007,10121.0
PPSN Allocations to Foreign Nationals,15 - 24 years,Other nationalities (5),Both sexes,2008,9941.0
PPSN Allocations to Foreign Nationals,15 - 24 years,Other nationalities (5),Both sexes,2009,6063.0
PPSN Allocations to Foreign Nationals,15 - 24 years,Other nationalities (5),Both sexes,2010,5587.0
PPSN Allocations to Foreign Nationals,15 - 24 years,Other nationalities (5),Both sexes,2011,5942.0
PPSN Allocations to Foreign Nationals,15 - 24 years,Other nationalities (5),Both sexes,2012,6594.0
PPSN Allocations to Foreign Nationals,15 - 24 years,Other nationalities (5),Both sexes,2013,8379.0
PPSN Allocations to Foreign Nationals,15 - 24 years,Other nationalities (5),Both sexes,2014,9441.0
PPSN Allocations to Foreign Nationals,15 - 24 years,Other nationalities (5),Both sexes,2015,6524.0
PPSN Allocations to Foreign Nationals,15 - 24 years,Other nationalities (5),Both sexes,2016,6820.0
PPSN Allocations to Foreign Nationals,15 - 24 years,Other nationalities (5),Both sexes,2017,8569.0
PPSN Allocations to Foreign Nationals,15 - 24 years,Other nationalities (5),Both sexes,2018,10626.0
PPSN Allocations to Foreign Nationals,15 - 24 years,Other nationalities (5),Male,2002,6028.0
PPSN Allocations to Foreign Nationals,15 - 24 years,Other nationalities (5),Male,2003,5179.0
PPSN Allocations to Foreign Nationals,15 - 24 years,Other nationalities (5),Male,2004,4522.0
PPSN Allocations to Foreign Nationals,15 - 24 years,Other nationalities (5),Male,2005,4041.0
PPSN Allocations to Foreign Nationals,15 - 24 years,Other nationalities (5),Male,2006,4981.0
PPSN Allocations to Foreign Nationals,15 - 24 years,Other nationalities (5),Male,2007,5433.0
PPSN Allocations to Foreign Nationals,15 - 24 years,Other nationalities (5),Male,2008,5163.0
PPSN Allocations to Foreign Nationals,15 - 24 years,Other nationalities (5),Male,2009,2980.0
PPSN Allocations to Foreign Nationals,15 - 24 years,Other nationalities (5),Male,2010,2782.0
PPSN Allocations to Foreign Nationals,15 - 24 years,Other nationalities (5),Male,2011,3124.0
PPSN Allocations to Foreign Nationals,15 - 24 years,Other nationalities (5),Male,2012,3307.0
PPSN Allocations to Foreign Nationals,15 - 24 years,Other nationalities (5),Male,2013,4407.0
PPSN Allocations to Foreign Nationals,15 - 24 years,Other nationalities (5),Male,2014,4843.0
PPSN Allocations to Foreign Nationals,15 - 24 years,Other nationalities (5),Male,2015,3525.0
PPSN Allocations to Foreign Nationals,15 - 24 years,Other nationalities (5),Male,2016,3518.0
PPSN Allocations to Foreign Nationals,15 - 24 years,Other nationalities (5),Male,2017,4309.0
PPSN Allocations to Foreign Nationals,15 - 24 years,Other nationalities (5),Male,2018,5428.0
PPSN Allocations to Foreign Nationals,15 - 24 years,Other nationalities (5),Female,2002,4592.0
PPSN Allocations to Foreign Nationals,15 - 24 years,Other nationalities (5),Female,2003,3860.0
PPSN Allocations to Foreign Nationals,15 - 24 years,Other nationalities (5),Female,2004,3579.0
PPSN Allocations to Foreign Nationals,15 - 24 years,Other nationalities (5),Female,2005,3327.0
PPSN Allocations to Foreign Nationals,15 - 24 years,Other nationalities (5),Female,2006,3900.0
PPSN Allocations to Foreign Nationals,15 - 24 years,Other nationalities (5),Female,2007,4688.0
PPSN Allocations to Foreign Nationals,15 - 24 years,Other nationalities (5),Female,2008,4778.0
PPSN Allocations to Foreign Nationals,15 - 24 years,Other nationalities (5),Female,2009,3083.0
PPSN Allocations to Foreign Nationals,15 - 24 years,Other nationalities (5),Female,2010,2805.0
PPSN Allocations to Foreign Nationals,15 - 24 years,Other nationalities (5),Female,2011,2818.0
PPSN Allocations to Foreign Nationals,15 - 24 years,Other nationalities (5),Female,2012,3287.0
PPSN Allocations to Foreign Nationals,15 - 24 years,Other nationalities (5),Female,2013,3972.0
PPSN Allocations to Foreign Nationals,15 - 24 years,Other nationalities (5),Female,2014,4598.0
PPSN Allocations to Foreign Nationals,15 - 24 years,Other nationalities (5),Female,2015,2999.0
PPSN Allocations to Foreign Nationals,15 - 24 years,Other nationalities (5),Female,2016,3302.0
PPSN Allocations to Foreign Nationals,15 - 24 years,Other nationalities (5),Female,2017,4260.0
PPSN Allocations to Foreign Nationals,15 - 24 years,Other nationalities (5),Female,2018,5198.0
PPSN Allocations to Foreign Nationals,15 - 24 years,American (US),Both sexes,2002,740.0
PPSN Allocations to Foreign Nationals,15 - 24 years,American (US),Both sexes,2003,708.0
PPSN Allocations to Foreign Nationals,15 - 24 years,American (US),Both sexes,2004,857.0
PPSN Allocations to Foreign Nationals,15 - 24 years,American (US),Both sexes,2005,915.0
PPSN Allocations to Foreign Nationals,15 - 24 years,American (US),Both sexes,2006,799.0
PPSN Allocations to Foreign Nationals,15 - 24 years,American (US),Both sexes,2007,832.0
PPSN Allocations to Foreign Nationals,15 - 24 years,American (US),Both sexes,2008,714.0
PPSN Allocations to Foreign Nationals,15 - 24 years,American (US),Both sexes,2009,516.0
PPSN Allocations to Foreign Nationals,15 - 24 years,American (US),Both sexes,2010,403.0
PPSN Allocations to Foreign Nationals,15 - 24 years,American (US),Both sexes,2011,375.0
PPSN Allocations to Foreign Nationals,15 - 24 years,American (US),Both sexes,2012,392.0
PPSN Allocations to Foreign Nationals,15 - 24 years,American (US),Both sexes,2013,421.0
PPSN Allocations to Foreign Nationals,15 - 24 years,American (US),Both sexes,2014,524.0
PPSN Allocations to Foreign Nationals,15 - 24 years,American (US),Both sexes,2015,480.0
PPSN Allocations to Foreign Nationals,15 - 24 years,American (US),Both sexes,2016,643.0
PPSN Allocations to Foreign Nationals,15 - 24 years,American (US),Both sexes,2017,775.0
PPSN Allocations to Foreign Nationals,15 - 24 years,American (US),Both sexes,2018,747.0
PPSN Allocations to Foreign Nationals,15 - 24 years,American (US),Male,2002,221.0
PPSN Allocations to Foreign Nationals,15 - 24 years,American (US),Male,2003,220.0
PPSN Allocations to Foreign Nationals,15 - 24 years,American (US),Male,2004,243.0
PPSN Allocations to Foreign Nationals,15 - 24 years,American (US),Male,2005,321.0
PPSN Allocations to Foreign Nationals,15 - 24 years,American (US),Male,2006,262.0
PPSN Allocations to Foreign Nationals,15 - 24 years,American (US),Male,2007,284.0
PPSN Allocations to Foreign Nationals,15 - 24 years,American (US),Male,2008,223.0
PPSN Allocations to Foreign Nationals,15 - 24 years,American (US),Male,2009,151.0
PPSN Allocations to Foreign Nationals,15 - 24 years,American (US),Male,2010,138.0
PPSN Allocations to Foreign Nationals,15 - 24 years,American (US),Male,2011,98.0
PPSN Allocations to Foreign Nationals,15 - 24 years,American (US),Male,2012,107.0
PPSN Allocations to Foreign Nationals,15 - 24 years,American (US),Male,2013,129.0
PPSN Allocations to Foreign Nationals,15 - 24 years,American (US),Male,2014,148.0
PPSN Allocations to Foreign Nationals,15 - 24 years,American (US),Male,2015,129.0
PPSN Allocations to Foreign Nationals,15 - 24 years,American (US),Male,2016,180.0
PPSN Allocations to Foreign Nationals,15 - 24 years,American (US),Male,2017,225.0
PPSN Allocations to Foreign Nationals,15 - 24 years,American (US),Male,2018,203.0
PPSN Allocations to Foreign Nationals,15 - 24 years,American (US),Female,2002,519.0
PPSN Allocations to Foreign Nationals,15 - 24 years,American (US),Female,2003,488.0
PPSN Allocations to Foreign Nationals,15 - 24 years,American (US),Female,2004,614.0
PPSN Allocations to Foreign Nationals,15 - 24 years,American (US),Female,2005,594.0
PPSN Allocations to Foreign Nationals,15 - 24 years,American (US),Female,2006,537.0
PPSN Allocations to Foreign Nationals,15 - 24 years,American (US),Female,2007,548.0
PPSN Allocations to Foreign Nationals,15 - 24 years,American (US),Female,2008,491.0
PPSN Allocations to Foreign Nationals,15 - 24 years,American (US),Female,2009,365.0
PPSN Allocations to Foreign Nationals,15 - 24 years,American (US),Female,2010,265.0
PPSN Allocations to Foreign Nationals,15 - 24 years,American (US),Female,2011,277.0
PPSN Allocations to Foreign Nationals,15 - 24 years,American (US),Female,2012,285.0
PPSN Allocations to Foreign Nationals,15 - 24 years,American (US),Female,2013,292.0
PPSN Allocations to Foreign Nationals,15 - 24 years,American (US),Female,2014,376.0
PPSN Allocations to Foreign Nationals,15 - 24 years,American (US),Female,2015,351.0
PPSN Allocations to Foreign Nationals,15 - 24 years,American (US),Female,2016,463.0
PPSN Allocations to Foreign Nationals,15 - 24 years,American (US),Female,2017,550.0
PPSN Allocations to Foreign Nationals,15 - 24 years,American (US),Female,2018,544.0
PPSN Allocations to Foreign Nationals,25 - 44 years,All nationalities,Both sexes,2002,38904.0
PPSN Allocations to Foreign Nationals,25 - 44 years,All nationalities,Both sexes,2003,35188.0
PPSN Allocations to Foreign Nationals,25 - 44 years,All nationalities,Both sexes,2004,55973.0
PPSN Allocations to Foreign Nationals,25 - 44 years,All nationalities,Both sexes,2005,81943.0
PPSN Allocations to Foreign Nationals,25 - 44 years,All nationalities,Both sexes,2006,97395.0
PPSN Allocations to Foreign Nationals,25 - 44 years,All nationalities,Both sexes,2007,88944.0
PPSN Allocations to Foreign Nationals,25 - 44 years,All nationalities,Both sexes,2008,57839.0
PPSN Allocations to Foreign Nationals,25 - 44 years,All nationalities,Both sexes,2009,28413.0
PPSN Allocations to Foreign Nationals,25 - 44 years,All nationalities,Both sexes,2010,27303.0
PPSN Allocations to Foreign Nationals,25 - 44 years,All nationalities,Both sexes,2011,27290.0
PPSN Allocations to Foreign Nationals,25 - 44 years,All nationalities,Both sexes,2012,31405.0
PPSN Allocations to Foreign Nationals,25 - 44 years,All nationalities,Both sexes,2013,38398.0
PPSN Allocations to Foreign Nationals,25 - 44 years,All nationalities,Both sexes,2014,44564.0
PPSN Allocations to Foreign Nationals,25 - 44 years,All nationalities,Both sexes,2015,45041.0
PPSN Allocations to Foreign Nationals,25 - 44 years,All nationalities,Both sexes,2016,52941.0
PPSN Allocations to Foreign Nationals,25 - 44 years,All nationalities,Both sexes,2017,56242.0
PPSN Allocations to Foreign Nationals,25 - 44 years,All nationalities,Both sexes,2018,60246.0
PPSN Allocations to Foreign Nationals,25 - 44 years,All nationalities,Male,2002,22869.0
PPSN Allocations to Foreign Nationals,25 - 44 years,All nationalities,Male,2003,21055.0
PPSN Allocations to Foreign Nationals,25 - 44 years,All nationalities,Male,2004,37098.0
PPSN Allocations to Foreign Nationals,25 - 44 years,All nationalities,Male,2005,54640.0
PPSN Allocations to Foreign Nationals,25 - 44 years,All nationalities,Male,2006,63579.0
PPSN Allocations to Foreign Nationals,25 - 44 years,All nationalities,Male,2007,54753.0
PPSN Allocations to Foreign Nationals,25 - 44 years,All nationalities,Male,2008,33178.0
PPSN Allocations to Foreign Nationals,25 - 44 years,All nationalities,Male,2009,15568.0
PPSN Allocations to Foreign Nationals,25 - 44 years,All nationalities,Male,2010,14929.0
PPSN Allocations to Foreign Nationals,25 - 44 years,All nationalities,Male,2011,14709.0
PPSN Allocations to Foreign Nationals,25 - 44 years,All nationalities,Male,2012,16997.0
PPSN Allocations to Foreign Nationals,25 - 44 years,All nationalities,Male,2013,21051.0
PPSN Allocations to Foreign Nationals,25 - 44 years,All nationalities,Male,2014,24632.0
PPSN Allocations to Foreign Nationals,25 - 44 years,All nationalities,Male,2015,26114.0
PPSN Allocations to Foreign Nationals,25 - 44 years,All nationalities,Male,2016,30020.0
PPSN Allocations to Foreign Nationals,25 - 44 years,All nationalities,Male,2017,30897.0
PPSN Allocations to Foreign Nationals,25 - 44 years,All nationalities,Male,2018,33330.0
PPSN Allocations to Foreign Nationals,25 - 44 years,All nationalities,Female,2002,16035.0
PPSN Allocations to Foreign Nationals,25 - 44 years,All nationalities,Female,2003,14133.0
PPSN Allocations to Foreign Nationals,25 - 44 years,All nationalities,Female,2004,18875.0
PPSN Allocations to Foreign Nationals,25 - 44 years,All nationalities,Female,2005,27303.0
PPSN Allocations to Foreign Nationals,25 - 44 years,All nationalities,Female,2006,33816.0
PPSN Allocations to Foreign Nationals,25 - 44 years,All nationalities,Female,2007,34191.0
PPSN Allocations to Foreign Nationals,25 - 44 years,All nationalities,Female,2008,24661.0
PPSN Allocations to Foreign Nationals,25 - 44 years,All nationalities,Female,2009,12845.0
PPSN Allocations to Foreign Nationals,25 - 44 years,All nationalities,Female,2010,12374.0
PPSN Allocations to Foreign Nationals,25 - 44 years,All nationalities,Female,2011,12581.0
PPSN Allocations to Foreign Nationals,25 - 44 years,All nationalities,Female,2012,14408.0
PPSN Allocations to Foreign Nationals,25 - 44 years,All nationalities,Female,2013,17347.0
PPSN Allocations to Foreign Nationals,25 - 44 years,All nationalities,Female,2014,19932.0
PPSN Allocations to Foreign Nationals,25 - 44 years,All nationalities,Female,2015,18927.0
PPSN Allocations to Foreign Nationals,25 - 44 years,All nationalities,Female,2016,22921.0
PPSN Allocations to Foreign Nationals,25 - 44 years,All nationalities,Female,2017,25345.0
PPSN Allocations to Foreign Nationals,25 - 44 years,All nationalities,Female,2018,26916.0
PPSN Allocations to Foreign Nationals,25 - 44 years,EU25 to EU28 states,Both sexes,2002,1760.0
PPSN Allocations to Foreign Nationals,25 - 44 years,EU25 to EU28 states,Both sexes,2003,1077.0
PPSN Allocations to Foreign Nationals,25 - 44 years,EU25 to EU28 states,Both sexes,2004,502.0
PPSN Allocations to Foreign Nationals,25 - 44 years,EU25 to EU28 states,Both sexes,2005,519.0
PPSN Allocations to Foreign Nationals,25 - 44 years,EU25 to EU28 states,Both sexes,2006,1971.0
PPSN Allocations to Foreign Nationals,25 - 44 years,EU25 to EU28 states,Both sexes,2007,8745.0
PPSN Allocations to Foreign Nationals,25 - 44 years,EU25 to EU28 states,Both sexes,2008,3643.0
PPSN Allocations to Foreign Nationals,25 - 44 years,EU25 to EU28 states,Both sexes,2009,1265.0
PPSN Allocations to Foreign Nationals,25 - 44 years,EU25 to EU28 states,Both sexes,2010,1547.0
PPSN Allocations to Foreign Nationals,25 - 44 years,EU25 to EU28 states,Both sexes,2011,2057.0
PPSN Allocations to Foreign Nationals,25 - 44 years,EU25 to EU28 states,Both sexes,2012,3017.0
PPSN Allocations to Foreign Nationals,25 - 44 years,EU25 to EU28 states,Both sexes,2013,4951.0
PPSN Allocations to Foreign Nationals,25 - 44 years,EU25 to EU28 states,Both sexes,2014,6576.0
PPSN Allocations to Foreign Nationals,25 - 44 years,EU25 to EU28 states,Both sexes,2015,7949.0
PPSN Allocations to Foreign Nationals,25 - 44 years,EU25 to EU28 states,Both sexes,2016,9651.0
PPSN Allocations to Foreign Nationals,25 - 44 years,EU25 to EU28 states,Both sexes,2017,9726.0
PPSN Allocations to Foreign Nationals,25 - 44 years,EU25 to EU28 states,Both sexes,2018,9948.0
PPSN Allocations to Foreign Nationals,25 - 44 years,EU25 to EU28 states,Male,2002,1108.0
PPSN Allocations to Foreign Nationals,25 - 44 years,EU25 to EU28 states,Male,2003,689.0
PPSN Allocations to Foreign Nationals,25 - 44 years,EU25 to EU28 states,Male,2004,263.0
PPSN Allocations to Foreign Nationals,25 - 44 years,EU25 to EU28 states,Male,2005,284.0
PPSN Allocations to Foreign Nationals,25 - 44 years,EU25 to EU28 states,Male,2006,1404.0
PPSN Allocations to Foreign Nationals,25 - 44 years,EU25 to EU28 states,Male,2007,6172.0
PPSN Allocations to Foreign Nationals,25 - 44 years,EU25 to EU28 states,Male,2008,2200.0
PPSN Allocations to Foreign Nationals,25 - 44 years,EU25 to EU28 states,Male,2009,737.0
PPSN Allocations to Foreign Nationals,25 - 44 years,EU25 to EU28 states,Male,2010,925.0
PPSN Allocations to Foreign Nationals,25 - 44 years,EU25 to EU28 states,Male,2011,1209.0
PPSN Allocations to Foreign Nationals,25 - 44 years,EU25 to EU28 states,Male,2012,1799.0
PPSN Allocations to Foreign Nationals,25 - 44 years,EU25 to EU28 states,Male,2013,2973.0
PPSN Allocations to Foreign Nationals,25 - 44 years,EU25 to EU28 states,Male,2014,4059.0
PPSN Allocations to Foreign Nationals,25 - 44 years,EU25 to EU28 states,Male,2015,5121.0
PPSN Allocations to Foreign Nationals,25 - 44 years,EU25 to EU28 states,Male,2016,6279.0
PPSN Allocations to Foreign Nationals,25 - 44 years,EU25 to EU28 states,Male,2017,6328.0
PPSN Allocations to Foreign Nationals,25 - 44 years,EU25 to EU28 states,Male,2018,6564.0
PPSN Allocations to Foreign Nationals,25 - 44 years,EU25 to EU28 states,Female,2002,652.0
PPSN Allocations to Foreign Nationals,25 - 44 years,EU25 to EU28 states,Female,2003,388.0
PPSN Allocations to Foreign Nationals,25 - 44 years,EU25 to EU28 states,Female,2004,239.0
PPSN Allocations to Foreign Nationals,25 - 44 years,EU25 to EU28 states,Female,2005,235.0
PPSN Allocations to Foreign Nationals,25 - 44 years,EU25 to EU28 states,Female,2006,567.0
PPSN Allocations to Foreign Nationals,25 - 44 years,EU25 to EU28 states,Female,2007,2573.0
PPSN Allocations to Foreign Nationals,25 - 44 years,EU25 to EU28 states,Female,2008,1443.0
PPSN Allocations to Foreign Nationals,25 - 44 years,EU25 to EU28 states,Female,2009,528.0
PPSN Allocations to Foreign Nationals,25 - 44 years,EU25 to EU28 states,Female,2010,622.0
PPSN Allocations to Foreign Nationals,25 - 44 years,EU25 to EU28 states,Female,2011,848.0
PPSN Allocations to Foreign Nationals,25 - 44 years,EU25 to EU28 states,Female,2012,1218.0
PPSN Allocations to Foreign Nationals,25 - 44 years,EU25 to EU28 states,Female,2013,1978.0
PPSN Allocations to Foreign Nationals,25 - 44 years,EU25 to EU28 states,Female,2014,2517.0
PPSN Allocations to Foreign Nationals,25 - 44 years,EU25 to EU28 states,Female,2015,2828.0
PPSN Allocations to Foreign Nationals,25 - 44 years,EU25 to EU28 states,Female,2016,3372.0
PPSN Allocations to Foreign Nationals,25 - 44 years,EU25 to EU28 states,Female,2017,3398.0
PPSN Allocations to Foreign Nationals,25 - 44 years,EU25 to EU28 states,Female,2018,3384.0
PPSN Allocations to Foreign Nationals,25 - 44 years,EU15 to EU25 states,Both sexes,2002,4807.0
PPSN Allocations to Foreign Nationals,25 - 44 years,EU15 to EU25 states,Both sexes,2003,4749.0
PPSN Allocations to Foreign Nationals,25 - 44 years,EU15 to EU25 states,Both sexes,2004,29117.0
PPSN Allocations to Foreign Nationals,25 - 44 years,EU15 to EU25 states,Both sexes,2005,51174.0
PPSN Allocations to Foreign Nationals,25 - 44 years,EU15 to EU25 states,Both sexes,2006,59900.0
PPSN Allocations to Foreign Nationals,25 - 44 years,EU15 to EU25 states,Both sexes,2007,43901.0
PPSN Allocations to Foreign Nationals,25 - 44 years,EU15 to EU25 states,Both sexes,2008,20397.0
PPSN Allocations to Foreign Nationals,25 - 44 years,EU15 to EU25 states,Both sexes,2009,7321.0
PPSN Allocations to Foreign Nationals,25 - 44 years,EU15 to EU25 states,Both sexes,2010,7497.0
PPSN Allocations to Foreign Nationals,25 - 44 years,EU15 to EU25 states,Both sexes,2011,6320.0
PPSN Allocations to Foreign Nationals,25 - 44 years,EU15 to EU25 states,Both sexes,2012,6712.0
PPSN Allocations to Foreign Nationals,25 - 44 years,EU15 to EU25 states,Both sexes,2013,7044.0
PPSN Allocations to Foreign Nationals,25 - 44 years,EU15 to EU25 states,Both sexes,2014,6791.0
PPSN Allocations to Foreign Nationals,25 - 44 years,EU15 to EU25 states,Both sexes,2015,6565.0
PPSN Allocations to Foreign Nationals,25 - 44 years,EU15 to EU25 states,Both sexes,2016,6741.0
PPSN Allocations to Foreign Nationals,25 - 44 years,EU15 to EU25 states,Both sexes,2017,6223.0
PPSN Allocations to Foreign Nationals,25 - 44 years,EU15 to EU25 states,Both sexes,2018,5820.0
PPSN Allocations to Foreign Nationals,25 - 44 years,EU15 to EU25 states,Male,2002,2996.0
PPSN Allocations to Foreign Nationals,25 - 44 years,EU15 to EU25 states,Male,2003,3133.0
PPSN Allocations to Foreign Nationals,25 - 44 years,EU15 to EU25 states,Male,2004,21470.0
PPSN Allocations to Foreign Nationals,25 - 44 years,EU15 to EU25 states,Male,2005,36571.0
PPSN Allocations to Foreign Nationals,25 - 44 years,EU15 to EU25 states,Male,2006,40714.0
PPSN Allocations to Foreign Nationals,25 - 44 years,EU15 to EU25 states,Male,2007,27447.0
PPSN Allocations to Foreign Nationals,25 - 44 years,EU15 to EU25 states,Male,2008,11460.0
PPSN Allocations to Foreign Nationals,25 - 44 years,EU15 to EU25 states,Male,2009,3598.0
PPSN Allocations to Foreign Nationals,25 - 44 years,EU15 to EU25 states,Male,2010,3848.0
PPSN Allocations to Foreign Nationals,25 - 44 years,EU15 to EU25 states,Male,2011,3228.0
PPSN Allocations to Foreign Nationals,25 - 44 years,EU15 to EU25 states,Male,2012,3414.0
PPSN Allocations to Foreign Nationals,25 - 44 years,EU15 to EU25 states,Male,2013,3699.0
PPSN Allocations to Foreign Nationals,25 - 44 years,EU15 to EU25 states,Male,2014,3718.0
PPSN Allocations to Foreign Nationals,25 - 44 years,EU15 to EU25 states,Male,2015,3623.0
PPSN Allocations to Foreign Nationals,25 - 44 years,EU15 to EU25 states,Male,2016,4008.0
PPSN Allocations to Foreign Nationals,25 - 44 years,EU15 to EU25 states,Male,2017,3732.0
PPSN Allocations to Foreign Nationals,25 - 44 years,EU15 to EU25 states,Male,2018,3537.0
PPSN Allocations to Foreign Nationals,25 - 44 years,EU15 to EU25 states,Female,2002,1811.0
PPSN Allocations to Foreign Nationals,25 - 44 years,EU15 to EU25 states,Female,2003,1616.0
PPSN Allocations to Foreign Nationals,25 - 44 years,EU15 to EU25 states,Female,2004,7647.0
PPSN Allocations to Foreign Nationals,25 - 44 years,EU15 to EU25 states,Female,2005,14603.0
PPSN Allocations to Foreign Nationals,25 - 44 years,EU15 to EU25 states,Female,2006,19186.0
PPSN Allocations to Foreign Nationals,25 - 44 years,EU15 to EU25 states,Female,2007,16454.0
PPSN Allocations to Foreign Nationals,25 - 44 years,EU15 to EU25 states,Female,2008,8937.0
PPSN Allocations to Foreign Nationals,25 - 44 years,EU15 to EU25 states,Female,2009,3723.0
PPSN Allocations to Foreign Nationals,25 - 44 years,EU15 to EU25 states,Female,2010,3649.0
PPSN Allocations to Foreign Nationals,25 - 44 years,EU15 to EU25 states,Female,2011,3092.0
PPSN Allocations to Foreign Nationals,25 - 44 years,EU15 to EU25 states,Female,2012,3298.0
PPSN Allocations to Foreign Nationals,25 - 44 years,EU15 to EU25 states,Female,2013,3345.0
PPSN Allocations to Foreign Nationals,25 - 44 years,EU15 to EU25 states,Female,2014,3073.0
PPSN Allocations to Foreign Nationals,25 - 44 years,EU15 to EU25 states,Female,2015,2942.0
PPSN Allocations to Foreign Nationals,25 - 44 years,EU15 to EU25 states,Female,2016,2733.0
PPSN Allocations to Foreign Nationals,25 - 44 years,EU15 to EU25 states,Female,2017,2491.0
PPSN Allocations to Foreign Nationals,25 - 44 years,EU15 to EU25 states,Female,2018,2283.0
PPSN Allocations to Foreign Nationals,25 - 44 years,EU15 excluding Irish and UK,Both sexes,2002,7782.0
PPSN Allocations to Foreign Nationals,25 - 44 years,EU15 excluding Irish and UK,Both sexes,2003,8394.0
PPSN Allocations to Foreign Nationals,25 - 44 years,EU15 excluding Irish and UK,Both sexes,2004,8993.0
PPSN Allocations to Foreign Nationals,25 - 44 years,EU15 excluding Irish and UK,Both sexes,2005,10226.0
PPSN Allocations to Foreign Nationals,25 - 44 years,EU15 excluding Irish and UK,Both sexes,2006,11871.0
PPSN Allocations to Foreign Nationals,25 - 44 years,EU15 excluding Irish and UK,Both sexes,2007,12424.0
PPSN Allocations to Foreign Nationals,25 - 44 years,EU15 excluding Irish and UK,Both sexes,2008,11608.0
PPSN Allocations to Foreign Nationals,25 - 44 years,EU15 excluding Irish and UK,Both sexes,2009,6167.0
PPSN Allocations to Foreign Nationals,25 - 44 years,EU15 excluding Irish and UK,Both sexes,2010,6057.0
PPSN Allocations to Foreign Nationals,25 - 44 years,EU15 excluding Irish and UK,Both sexes,2011,6244.0
PPSN Allocations to Foreign Nationals,25 - 44 years,EU15 excluding Irish and UK,Both sexes,2012,7736.0
PPSN Allocations to Foreign Nationals,25 - 44 years,EU15 excluding Irish and UK,Both sexes,2013,9375.0
PPSN Allocations to Foreign Nationals,25 - 44 years,EU15 excluding Irish and UK,Both sexes,2014,10222.0
PPSN Allocations to Foreign Nationals,25 - 44 years,EU15 excluding Irish and UK,Both sexes,2015,9696.0
PPSN Allocations to Foreign Nationals,25 - 44 years,EU15 excluding Irish and UK,Both sexes,2016,11477.0
PPSN Allocations to Foreign Nationals,25 - 44 years,EU15 excluding Irish and UK,Both sexes,2017,12252.0
PPSN Allocations to Foreign Nationals,25 - 44 years,EU15 excluding Irish and UK,Both sexes,2018,12764.0
PPSN Allocations to Foreign Nationals,25 - 44 years,EU15 excluding Irish and UK,Male,2002,4311.0
PPSN Allocations to Foreign Nationals,25 - 44 years,EU15 excluding Irish and UK,Male,2003,4895.0
PPSN Allocations to Foreign Nationals,25 - 44 years,EU15 excluding Irish and UK,Male,2004,5258.0
PPSN Allocations to Foreign Nationals,25 - 44 years,EU15 excluding Irish and UK,Male,2005,6000.0
PPSN Allocations to Foreign Nationals,25 - 44 years,EU15 excluding Irish and UK,Male,2006,7178.0
PPSN Allocations to Foreign Nationals,25 - 44 years,EU15 excluding Irish and UK,Male,2007,7352.0
PPSN Allocations to Foreign Nationals,25 - 44 years,EU15 excluding Irish and UK,Male,2008,6899.0
PPSN Allocations to Foreign Nationals,25 - 44 years,EU15 excluding Irish and UK,Male,2009,3586.0
PPSN Allocations to Foreign Nationals,25 - 44 years,EU15 excluding Irish and UK,Male,2010,3477.0
PPSN Allocations to Foreign Nationals,25 - 44 years,EU15 excluding Irish and UK,Male,2011,3575.0
PPSN Allocations to Foreign Nationals,25 - 44 years,EU15 excluding Irish and UK,Male,2012,4434.0
PPSN Allocations to Foreign Nationals,25 - 44 years,EU15 excluding Irish and UK,Male,2013,5276.0
PPSN Allocations to Foreign Nationals,25 - 44 years,EU15 excluding Irish and UK,Male,2014,5550.0
PPSN Allocations to Foreign Nationals,25 - 44 years,EU15 excluding Irish and UK,Male,2015,5459.0
PPSN Allocations to Foreign Nationals,25 - 44 years,EU15 excluding Irish and UK,Male,2016,6407.0
PPSN Allocations to Foreign Nationals,25 - 44 years,EU15 excluding Irish and UK,Male,2017,6775.0
PPSN Allocations to Foreign Nationals,25 - 44 years,EU15 excluding Irish and UK,Male,2018,6884.0
PPSN Allocations to Foreign Nationals,25 - 44 years,EU15 excluding Irish and UK,Female,2002,3471.0
PPSN Allocations to Foreign Nationals,25 - 44 years,EU15 excluding Irish and UK,Female,2003,3499.0
PPSN Allocations to Foreign Nationals,25 - 44 years,EU15 excluding Irish and UK,Female,2004,3735.0
PPSN Allocations to Foreign Nationals,25 - 44 years,EU15 excluding Irish and UK,Female,2005,4226.0
PPSN Allocations to Foreign Nationals,25 - 44 years,EU15 excluding Irish and UK,Female,2006,4693.0
PPSN Allocations to Foreign Nationals,25 - 44 years,EU15 excluding Irish and UK,Female,2007,5072.0
PPSN Allocations to Foreign Nationals,25 - 44 years,EU15 excluding Irish and UK,Female,2008,4709.0
PPSN Allocations to Foreign Nationals,25 - 44 years,EU15 excluding Irish and UK,Female,2009,2581.0
PPSN Allocations to Foreign Nationals,25 - 44 years,EU15 excluding Irish and UK,Female,2010,2580.0
PPSN Allocations to Foreign Nationals,25 - 44 years,EU15 excluding Irish and UK,Female,2011,2669.0
PPSN Allocations to Foreign Nationals,25 - 44 years,EU15 excluding Irish and UK,Female,2012,3302.0
PPSN Allocations to Foreign Nationals,25 - 44 years,EU15 excluding Irish and UK,Female,2013,4099.0
PPSN Allocations to Foreign Nationals,25 - 44 years,EU15 excluding Irish and UK,Female,2014,4672.0
PPSN Allocations to Foreign Nationals,25 - 44 years,EU15 excluding Irish and UK,Female,2015,4237.0
PPSN Allocations to Foreign Nationals,25 - 44 years,EU15 excluding Irish and UK,Female,2016,5070.0
PPSN Allocations to Foreign Nationals,25 - 44 years,EU15 excluding Irish and UK,Female,2017,5477.0
PPSN Allocations to Foreign Nationals,25 - 44 years,EU15 excluding Irish and UK,Female,2018,5880.0
PPSN Allocations to Foreign Nationals,25 - 44 years,UK,Both sexes,2002,8042.0
PPSN Allocations to Foreign Nationals,25 - 44 years,UK,Both sexes,2003,7166.0
PPSN Allocations to Foreign Nationals,25 - 44 years,UK,Both sexes,2004,6940.0
PPSN Allocations to Foreign Nationals,25 - 44 years,UK,Both sexes,2005,7505.0
PPSN Allocations to Foreign Nationals,25 - 44 years,UK,Both sexes,2006,8100.0
PPSN Allocations to Foreign Nationals,25 - 44 years,UK,Both sexes,2007,8052.0
PPSN Allocations to Foreign Nationals,25 - 44 years,UK,Both sexes,2008,6654.0
PPSN Allocations to Foreign Nationals,25 - 44 years,UK,Both sexes,2009,4351.0
PPSN Allocations to Foreign Nationals,25 - 44 years,UK,Both sexes,2010,4273.0
PPSN Allocations to Foreign Nationals,25 - 44 years,UK,Both sexes,2011,3853.0
PPSN Allocations to Foreign Nationals,25 - 44 years,UK,Both sexes,2012,3963.0
PPSN Allocations to Foreign Nationals,25 - 44 years,UK,Both sexes,2013,3951.0
PPSN Allocations to Foreign Nationals,25 - 44 years,UK,Both sexes,2014,4308.0
PPSN Allocations to Foreign Nationals,25 - 44 years,UK,Both sexes,2015,5644.0
PPSN Allocations to Foreign Nationals,25 - 44 years,UK,Both sexes,2016,5396.0
PPSN Allocations to Foreign Nationals,25 - 44 years,UK,Both sexes,2017,4535.0
PPSN Allocations to Foreign Nationals,25 - 44 years,UK,Both sexes,2018,4760.0
PPSN Allocations to Foreign Nationals,25 - 44 years,UK,Male,2002,4808.0
PPSN Allocations to Foreign Nationals,25 - 44 years,UK,Male,2003,4339.0
PPSN Allocations to Foreign Nationals,25 - 44 years,UK,Male,2004,4302.0
PPSN Allocations to Foreign Nationals,25 - 44 years,UK,Male,2005,4627.0
PPSN Allocations to Foreign Nationals,25 - 44 years,UK,Male,2006,4972.0
PPSN Allocations to Foreign Nationals,25 - 44 years,UK,Male,2007,4824.0
PPSN Allocations to Foreign Nationals,25 - 44 years,UK,Male,2008,4050.0
PPSN Allocations to Foreign Nationals,25 - 44 years,UK,Male,2009,2675.0
PPSN Allocations to Foreign Nationals,25 - 44 years,UK,Male,2010,2620.0
PPSN Allocations to Foreign Nationals,25 - 44 years,UK,Male,2011,2296.0
PPSN Allocations to Foreign Nationals,25 - 44 years,UK,Male,2012,2420.0
PPSN Allocations to Foreign Nationals,25 - 44 years,UK,Male,2013,2455.0
PPSN Allocations to Foreign Nationals,25 - 44 years,UK,Male,2014,2612.0
PPSN Allocations to Foreign Nationals,25 - 44 years,UK,Male,2015,3619.0
PPSN Allocations to Foreign Nationals,25 - 44 years,UK,Male,2016,3347.0
PPSN Allocations to Foreign Nationals,25 - 44 years,UK,Male,2017,2819.0
PPSN Allocations to Foreign Nationals,25 - 44 years,UK,Male,2018,3023.0
PPSN Allocations to Foreign Nationals,25 - 44 years,UK,Female,2002,3234.0
PPSN Allocations to Foreign Nationals,25 - 44 years,UK,Female,2003,2827.0
PPSN Allocations to Foreign Nationals,25 - 44 years,UK,Female,2004,2638.0
PPSN Allocations to Foreign Nationals,25 - 44 years,UK,Female,2005,2878.0
PPSN Allocations to Foreign Nationals,25 - 44 years,UK,Female,2006,3128.0
PPSN Allocations to Foreign Nationals,25 - 44 years,UK,Female,2007,3228.0
PPSN Allocations to Foreign Nationals,25 - 44 years,UK,Female,2008,2604.0
PPSN Allocations to Foreign Nationals,25 - 44 years,UK,Female,2009,1676.0
PPSN Allocations to Foreign Nationals,25 - 44 years,UK,Female,2010,1653.0
PPSN Allocations to Foreign Nationals,25 - 44 years,UK,Female,2011,1557.0
PPSN Allocations to Foreign Nationals,25 - 44 years,UK,Female,2012,1543.0
PPSN Allocations to Foreign Nationals,25 - 44 years,UK,Female,2013,1496.0
PPSN Allocations to Foreign Nationals,25 - 44 years,UK,Female,2014,1696.0
PPSN Allocations to Foreign Nationals,25 - 44 years,UK,Female,2015,2025.0
PPSN Allocations to Foreign Nationals,25 - 44 years,UK,Female,2016,2049.0
PPSN Allocations to Foreign Nationals,25 - 44 years,UK,Female,2017,1716.0
PPSN Allocations to Foreign Nationals,25 - 44 years,UK,Female,2018,1737.0
PPSN Allocations to Foreign Nationals,25 - 44 years,Other nationalities (5),Both sexes,2002,15507.0
PPSN Allocations to Foreign Nationals,25 - 44 years,Other nationalities (5),Both sexes,2003,12850.0
PPSN Allocations to Foreign Nationals,25 - 44 years,Other nationalities (5),Both sexes,2004,9428.0
PPSN Allocations to Foreign Nationals,25 - 44 years,Other nationalities (5),Both sexes,2005,11460.0
PPSN Allocations to Foreign Nationals,25 - 44 years,Other nationalities (5),Both sexes,2006,14461.0
PPSN Allocations to Foreign Nationals,25 - 44 years,Other nationalities (5),Both sexes,2007,14684.0
PPSN Allocations to Foreign Nationals,25 - 44 years,Other nationalities (5),Both sexes,2008,14457.0
PPSN Allocations to Foreign Nationals,25 - 44 years,Other nationalities (5),Both sexes,2009,8576.0
PPSN Allocations to Foreign Nationals,25 - 44 years,Other nationalities (5),Both sexes,2010,7259.0
PPSN Allocations to Foreign Nationals,25 - 44 years,Other nationalities (5),Both sexes,2011,8008.0
PPSN Allocations to Foreign Nationals,25 - 44 years,Other nationalities (5),Both sexes,2012,9157.0
PPSN Allocations to Foreign Nationals,25 - 44 years,Other nationalities (5),Both sexes,2013,12172.0
PPSN Allocations to Foreign Nationals,25 - 44 years,Other nationalities (5),Both sexes,2014,15679.0
PPSN Allocations to Foreign Nationals,25 - 44 years,Other nationalities (5),Both sexes,2015,14222.0
PPSN Allocations to Foreign Nationals,25 - 44 years,Other nationalities (5),Both sexes,2016,18434.0
PPSN Allocations to Foreign Nationals,25 - 44 years,Other nationalities (5),Both sexes,2017,22171.0
PPSN Allocations to Foreign Nationals,25 - 44 years,Other nationalities (5),Both sexes,2018,25603.0
PPSN Allocations to Foreign Nationals,25 - 44 years,Other nationalities (5),Male,2002,9154.0
PPSN Allocations to Foreign Nationals,25 - 44 years,Other nationalities (5),Male,2003,7548.0
PPSN Allocations to Foreign Nationals,25 - 44 years,Other nationalities (5),Male,2004,5334.0
PPSN Allocations to Foreign Nationals,25 - 44 years,Other nationalities (5),Male,2005,6643.0
PPSN Allocations to Foreign Nationals,25 - 44 years,Other nationalities (5),Male,2006,8768.0
PPSN Allocations to Foreign Nationals,25 - 44 years,Other nationalities (5),Male,2007,8420.0
PPSN Allocations to Foreign Nationals,25 - 44 years,Other nationalities (5),Male,2008,8073.0
PPSN Allocations to Foreign Nationals,25 - 44 years,Other nationalities (5),Male,2009,4657.0
PPSN Allocations to Foreign Nationals,25 - 44 years,Other nationalities (5),Male,2010,3746.0
PPSN Allocations to Foreign Nationals,25 - 44 years,Other nationalities (5),Male,2011,4054.0
PPSN Allocations to Foreign Nationals,25 - 44 years,Other nationalities (5),Male,2012,4537.0
PPSN Allocations to Foreign Nationals,25 - 44 years,Other nationalities (5),Male,2013,6246.0
PPSN Allocations to Foreign Nationals,25 - 44 years,Other nationalities (5),Male,2014,8255.0
PPSN Allocations to Foreign Nationals,25 - 44 years,Other nationalities (5),Male,2015,7875.0
PPSN Allocations to Foreign Nationals,25 - 44 years,Other nationalities (5),Male,2016,9443.0
PPSN Allocations to Foreign Nationals,25 - 44 years,Other nationalities (5),Male,2017,10668.0
PPSN Allocations to Foreign Nationals,25 - 44 years,Other nationalities (5),Male,2018,12754.0
PPSN Allocations to Foreign Nationals,25 - 44 years,Other nationalities (5),Female,2002,6353.0
PPSN Allocations to Foreign Nationals,25 - 44 years,Other nationalities (5),Female,2003,5302.0
PPSN Allocations to Foreign Nationals,25 - 44 years,Other nationalities (5),Female,2004,4094.0
PPSN Allocations to Foreign Nationals,25 - 44 years,Other nationalities (5),Female,2005,4817.0
PPSN Allocations to Foreign Nationals,25 - 44 years,Other nationalities (5),Female,2006,5693.0
PPSN Allocations to Foreign Nationals,25 - 44 years,Other nationalities (5),Female,2007,6264.0
PPSN Allocations to Foreign Nationals,25 - 44 years,Other nationalities (5),Female,2008,6384.0
PPSN Allocations to Foreign Nationals,25 - 44 years,Other nationalities (5),Female,2009,3919.0
PPSN Allocations to Foreign Nationals,25 - 44 years,Other nationalities (5),Female,2010,3513.0
PPSN Allocations to Foreign Nationals,25 - 44 years,Other nationalities (5),Female,2011,3954.0
PPSN Allocations to Foreign Nationals,25 - 44 years,Other nationalities (5),Female,2012,4620.0
PPSN Allocations to Foreign Nationals,25 - 44 years,Other nationalities (5),Female,2013,5926.0
PPSN Allocations to Foreign Nationals,25 - 44 years,Other nationalities (5),Female,2014,7424.0
PPSN Allocations to Foreign Nationals,25 - 44 years,Other nationalities (5),Female,2015,6347.0
PPSN Allocations to Foreign Nationals,25 - 44 years,Other nationalities (5),Female,2016,8991.0
PPSN Allocations to Foreign Nationals,25 - 44 years,Other nationalities (5),Female,2017,11503.0
PPSN Allocations to Foreign Nationals,25 - 44 years,Other nationalities (5),Female,2018,12849.0
PPSN Allocations to Foreign Nationals,25 - 44 years,American (US),Both sexes,2002,1006.0
PPSN Allocations to Foreign Nationals,25 - 44 years,American (US),Both sexes,2003,952.0
PPSN Allocations to Foreign Nationals,25 - 44 years,American (US),Both sexes,2004,993.0
PPSN Allocations to Foreign Nationals,25 - 44 years,American (US),Both sexes,2005,1059.0
PPSN Allocations to Foreign Nationals,25 - 44 years,American (US),Both sexes,2006,1092.0
PPSN Allocations to Foreign Nationals,25 - 44 years,American (US),Both sexes,2007,1138.0
PPSN Allocations to Foreign Nationals,25 - 44 years,American (US),Both sexes,2008,1080.0
PPSN Allocations to Foreign Nationals,25 - 44 years,American (US),Both sexes,2009,733.0
PPSN Allocations to Foreign Nationals,25 - 44 years,American (US),Both sexes,2010,670.0
PPSN Allocations to Foreign Nationals,25 - 44 years,American (US),Both sexes,2011,808.0
PPSN Allocations to Foreign Nationals,25 - 44 years,American (US),Both sexes,2012,820.0
PPSN Allocations to Foreign Nationals,25 - 44 years,American (US),Both sexes,2013,905.0
PPSN Allocations to Foreign Nationals,25 - 44 years,American (US),Both sexes,2014,988.0
PPSN Allocations to Foreign Nationals,25 - 44 years,American (US),Both sexes,2015,965.0
PPSN Allocations to Foreign Nationals,25 - 44 years,American (US),Both sexes,2016,1242.0
PPSN Allocations to Foreign Nationals,25 - 44 years,American (US),Both sexes,2017,1335.0
PPSN Allocations to Foreign Nationals,25 - 44 years,American (US),Both sexes,2018,1351.0
PPSN Allocations to Foreign Nationals,25 - 44 years,American (US),Male,2002,492.0
PPSN Allocations to Foreign Nationals,25 - 44 years,American (US),Male,2003,451.0
PPSN Allocations to Foreign Nationals,25 - 44 years,American (US),Male,2004,471.0
PPSN Allocations to Foreign Nationals,25 - 44 years,American (US),Male,2005,515.0
PPSN Allocations to Foreign Nationals,25 - 44 years,American (US),Male,2006,543.0
PPSN Allocations to Foreign Nationals,25 - 44 years,American (US),Male,2007,538.0
PPSN Allocations to Foreign Nationals,25 - 44 years,American (US),Male,2008,496.0
PPSN Allocations to Foreign Nationals,25 - 44 years,American (US),Male,2009,315.0
PPSN Allocations to Foreign Nationals,25 - 44 years,American (US),Male,2010,313.0
PPSN Allocations to Foreign Nationals,25 - 44 years,American (US),Male,2011,347.0
PPSN Allocations to Foreign Nationals,25 - 44 years,American (US),Male,2012,393.0
PPSN Allocations to Foreign Nationals,25 - 44 years,American (US),Male,2013,402.0
PPSN Allocations to Foreign Nationals,25 - 44 years,American (US),Male,2014,438.0
PPSN Allocations to Foreign Nationals,25 - 44 years,American (US),Male,2015,417.0
PPSN Allocations to Foreign Nationals,25 - 44 years,American (US),Male,2016,536.0
PPSN Allocations to Foreign Nationals,25 - 44 years,American (US),Male,2017,575.0
PPSN Allocations to Foreign Nationals,25 - 44 years,American (US),Male,2018,568.0
PPSN Allocations to Foreign Nationals,25 - 44 years,American (US),Female,2002,514.0
PPSN Allocations to Foreign Nationals,25 - 44 years,American (US),Female,2003,501.0
PPSN Allocations to Foreign Nationals,25 - 44 years,American (US),Female,2004,522.0
PPSN Allocations to Foreign Nationals,25 - 44 years,American (US),Female,2005,544.0
PPSN Allocations to Foreign Nationals,25 - 44 years,American (US),Female,2006,549.0
PPSN Allocations to Foreign Nationals,25 - 44 years,American (US),Female,2007,600.0
PPSN Allocations to Foreign Nationals,25 - 44 years,American (US),Female,2008,584.0
PPSN Allocations to Foreign Nationals,25 - 44 years,American (US),Female,2009,418.0
PPSN Allocations to Foreign Nationals,25 - 44 years,American (US),Female,2010,357.0
PPSN Allocations to Foreign Nationals,25 - 44 years,American (US),Female,2011,461.0
PPSN Allocations to Foreign Nationals,25 - 44 years,American (US),Female,2012,427.0
PPSN Allocations to Foreign Nationals,25 - 44 years,American (US),Female,2013,503.0
PPSN Allocations to Foreign Nationals,25 - 44 years,American (US),Female,2014,550.0
PPSN Allocations to Foreign Nationals,25 - 44 years,American (US),Female,2015,548.0
PPSN Allocations to Foreign Nationals,25 - 44 years,American (US),Female,2016,706.0
PPSN Allocations to Foreign Nationals,25 - 44 years,American (US),Female,2017,760.0
PPSN Allocations to Foreign Nationals,25 - 44 years,American (US),Female,2018,783.0
PPSN Allocations to Foreign Nationals,45 - 64 years,All nationalities,Both sexes,2002,6535.0
PPSN Allocations to Foreign Nationals,45 - 64 years,All nationalities,Both sexes,2003,6165.0
PPSN Allocations to Foreign Nationals,45 - 64 years,All nationalities,Both sexes,2004,9954.0
PPSN Allocations to Foreign Nationals,45 - 64 years,All nationalities,Both sexes,2005,13513.0
PPSN Allocations to Foreign Nationals,45 - 64 years,All nationalities,Both sexes,2006,16516.0
PPSN Allocations to Foreign Nationals,45 - 64 years,All nationalities,Both sexes,2007,15666.0
PPSN Allocations to Foreign Nationals,45 - 64 years,All nationalities,Both sexes,2008,11348.0
PPSN Allocations to Foreign Nationals,45 - 64 years,All nationalities,Both sexes,2009,7189.0
PPSN Allocations to Foreign Nationals,45 - 64 years,All nationalities,Both sexes,2010,7785.0
PPSN Allocations to Foreign Nationals,45 - 64 years,All nationalities,Both sexes,2011,7890.0
PPSN Allocations to Foreign Nationals,45 - 64 years,All nationalities,Both sexes,2012,8001.0
PPSN Allocations to Foreign Nationals,45 - 64 years,All nationalities,Both sexes,2013,9405.0
PPSN Allocations to Foreign Nationals,45 - 64 years,All nationalities,Both sexes,2014,10162.0
PPSN Allocations to Foreign Nationals,45 - 64 years,All nationalities,Both sexes,2015,10591.0
PPSN Allocations to Foreign Nationals,45 - 64 years,All nationalities,Both sexes,2016,11751.0
PPSN Allocations to Foreign Nationals,45 - 64 years,All nationalities,Both sexes,2017,12591.0
PPSN Allocations to Foreign Nationals,45 - 64 years,All nationalities,Both sexes,2018,12770.0
PPSN Allocations to Foreign Nationals,45 - 64 years,All nationalities,Male,2002,3560.0
PPSN Allocations to Foreign Nationals,45 - 64 years,All nationalities,Male,2003,3640.0
PPSN Allocations to Foreign Nationals,45 - 64 years,All nationalities,Male,2004,6370.0
PPSN Allocations to Foreign Nationals,45 - 64 years,All nationalities,Male,2005,9169.0
PPSN Allocations to Foreign Nationals,45 - 64 years,All nationalities,Male,2006,10984.0
PPSN Allocations to Foreign Nationals,45 - 64 years,All nationalities,Male,2007,9683.0
PPSN Allocations to Foreign Nationals,45 - 64 years,All nationalities,Male,2008,6207.0
PPSN Allocations to Foreign Nationals,45 - 64 years,All nationalities,Male,2009,3736.0
PPSN Allocations to Foreign Nationals,45 - 64 years,All nationalities,Male,2010,4024.0
PPSN Allocations to Foreign Nationals,45 - 64 years,All nationalities,Male,2011,4067.0
PPSN Allocations to Foreign Nationals,45 - 64 years,All nationalities,Male,2012,4082.0
PPSN Allocations to Foreign Nationals,45 - 64 years,All nationalities,Male,2013,4889.0
PPSN Allocations to Foreign Nationals,45 - 64 years,All nationalities,Male,2014,5481.0
PPSN Allocations to Foreign Nationals,45 - 64 years,All nationalities,Male,2015,5960.0
PPSN Allocations to Foreign Nationals,45 - 64 years,All nationalities,Male,2016,6758.0
PPSN Allocations to Foreign Nationals,45 - 64 years,All nationalities,Male,2017,7127.0
PPSN Allocations to Foreign Nationals,45 - 64 years,All nationalities,Male,2018,7370.0
PPSN Allocations to Foreign Nationals,45 - 64 years,All nationalities,Female,2002,2975.0
PPSN Allocations to Foreign Nationals,45 - 64 years,All nationalities,Female,2003,2525.0
PPSN Allocations to Foreign Nationals,45 - 64 years,All nationalities,Female,2004,3584.0
PPSN Allocations to Foreign Nationals,45 - 64 years,All nationalities,Female,2005,4344.0
PPSN Allocations to Foreign Nationals,45 - 64 years,All nationalities,Female,2006,5532.0
PPSN Allocations to Foreign Nationals,45 - 64 years,All nationalities,Female,2007,5983.0
PPSN Allocations to Foreign Nationals,45 - 64 years,All nationalities,Female,2008,5141.0
PPSN Allocations to Foreign Nationals,45 - 64 years,All nationalities,Female,2009,3453.0
PPSN Allocations to Foreign Nationals,45 - 64 years,All nationalities,Female,2010,3761.0
PPSN Allocations to Foreign Nationals,45 - 64 years,All nationalities,Female,2011,3823.0
PPSN Allocations to Foreign Nationals,45 - 64 years,All nationalities,Female,2012,3919.0
PPSN Allocations to Foreign Nationals,45 - 64 years,All nationalities,Female,2013,4516.0
PPSN Allocations to Foreign Nationals,45 - 64 years,All nationalities,Female,2014,4681.0
PPSN Allocations to Foreign Nationals,45 - 64 years,All nationalities,Female,2015,4631.0
PPSN Allocations to Foreign Nationals,45 - 64 years,All nationalities,Female,2016,4993.0
PPSN Allocations to Foreign Nationals,45 - 64 years,All nationalities,Female,2017,5464.0
PPSN Allocations to Foreign Nationals,45 - 64 years,All nationalities,Female,2018,5400.0
PPSN Allocations to Foreign Nationals,45 - 64 years,EU25 to EU28 states,Both sexes,2002,127.0
PPSN Allocations to Foreign Nationals,45 - 64 years,EU25 to EU28 states,Both sexes,2003,118.0
PPSN Allocations to Foreign Nationals,45 - 64 years,EU25 to EU28 states,Both sexes,2004,44.0
PPSN Allocations to Foreign Nationals,45 - 64 years,EU25 to EU28 states,Both sexes,2005,33.0
PPSN Allocations to Foreign Nationals,45 - 64 years,EU25 to EU28 states,Both sexes,2006,206.0
PPSN Allocations to Foreign Nationals,45 - 64 years,EU25 to EU28 states,Both sexes,2007,1224.0
PPSN Allocations to Foreign Nationals,45 - 64 years,EU25 to EU28 states,Both sexes,2008,522.0
PPSN Allocations to Foreign Nationals,45 - 64 years,EU25 to EU28 states,Both sexes,2009,213.0
PPSN Allocations to Foreign Nationals,45 - 64 years,EU25 to EU28 states,Both sexes,2010,203.0
PPSN Allocations to Foreign Nationals,45 - 64 years,EU25 to EU28 states,Both sexes,2011,293.0
PPSN Allocations to Foreign Nationals,45 - 64 years,EU25 to EU28 states,Both sexes,2012,450.0
PPSN Allocations to Foreign Nationals,45 - 64 years,EU25 to EU28 states,Both sexes,2013,683.0
PPSN Allocations to Foreign Nationals,45 - 64 years,EU25 to EU28 states,Both sexes,2014,1005.0
PPSN Allocations to Foreign Nationals,45 - 64 years,EU25 to EU28 states,Both sexes,2015,1019.0
PPSN Allocations to Foreign Nationals,45 - 64 years,EU25 to EU28 states,Both sexes,2016,1546.0
PPSN Allocations to Foreign Nationals,45 - 64 years,EU25 to EU28 states,Both sexes,2017,1803.0
PPSN Allocations to Foreign Nationals,45 - 64 years,EU25 to EU28 states,Both sexes,2018,2231.0
PPSN Allocations to Foreign Nationals,45 - 64 years,EU25 to EU28 states,Male,2002,83.0
PPSN Allocations to Foreign Nationals,45 - 64 years,EU25 to EU28 states,Male,2003,90.0
PPSN Allocations to Foreign Nationals,45 - 64 years,EU25 to EU28 states,Male,2004,24.0
PPSN Allocations to Foreign Nationals,45 - 64 years,EU25 to EU28 states,Male,2005,17.0
PPSN Allocations to Foreign Nationals,45 - 64 years,EU25 to EU28 states,Male,2006,145.0
PPSN Allocations to Foreign Nationals,45 - 64 years,EU25 to EU28 states,Male,2007,862.0
PPSN Allocations to Foreign Nationals,45 - 64 years,EU25 to EU28 states,Male,2008,312.0
PPSN Allocations to Foreign Nationals,45 - 64 years,EU25 to EU28 states,Male,2009,116.0
PPSN Allocations to Foreign Nationals,45 - 64 years,EU25 to EU28 states,Male,2010,102.0
PPSN Allocations to Foreign Nationals,45 - 64 years,EU25 to EU28 states,Male,2011,143.0
PPSN Allocations to Foreign Nationals,45 - 64 years,EU25 to EU28 states,Male,2012,204.0
PPSN Allocations to Foreign Nationals,45 - 64 years,EU25 to EU28 states,Male,2013,340.0
PPSN Allocations to Foreign Nationals,45 - 64 years,EU25 to EU28 states,Male,2014,517.0
PPSN Allocations to Foreign Nationals,45 - 64 years,EU25 to EU28 states,Male,2015,589.0
PPSN Allocations to Foreign Nationals,45 - 64 years,EU25 to EU28 states,Male,2016,950.0
PPSN Allocations to Foreign Nationals,45 - 64 years,EU25 to EU28 states,Male,2017,1135.0
PPSN Allocations to Foreign Nationals,45 - 64 years,EU25 to EU28 states,Male,2018,1385.0
PPSN Allocations to Foreign Nationals,45 - 64 years,EU25 to EU28 states,Female,2002,44.0
PPSN Allocations to Foreign Nationals,45 - 64 years,EU25 to EU28 states,Female,2003,28.0
PPSN Allocations to Foreign Nationals,45 - 64 years,EU25 to EU28 states,Female,2004,20.0
PPSN Allocations to Foreign Nationals,45 - 64 years,EU25 to EU28 states,Female,2005,16.0
PPSN Allocations to Foreign Nationals,45 - 64 years,EU25 to EU28 states,Female,2006,61.0
PPSN Allocations to Foreign Nationals,45 - 64 years,EU25 to EU28 states,Female,2007,362.0
PPSN Allocations to Foreign Nationals,45 - 64 years,EU25 to EU28 states,Female,2008,210.0
PPSN Allocations to Foreign Nationals,45 - 64 years,EU25 to EU28 states,Female,2009,97.0
PPSN Allocations to Foreign Nationals,45 - 64 years,EU25 to EU28 states,Female,2010,101.0
PPSN Allocations to Foreign Nationals,45 - 64 years,EU25 to EU28 states,Female,2011,150.0
PPSN Allocations to Foreign Nationals,45 - 64 years,EU25 to EU28 states,Female,2012,246.0
PPSN Allocations to Foreign Nationals,45 - 64 years,EU25 to EU28 states,Female,2013,343.0
PPSN Allocations to Foreign Nationals,45 - 64 years,EU25 to EU28 states,Female,2014,488.0
PPSN Allocations to Foreign Nationals,45 - 64 years,EU25 to EU28 states,Female,2015,430.0
PPSN Allocations to Foreign Nationals,45 - 64 years,EU25 to EU28 states,Female,2016,596.0
PPSN Allocations to Foreign Nationals,45 - 64 years,EU25 to EU28 states,Female,2017,668.0
PPSN Allocations to Foreign Nationals,45 - 64 years,EU25 to EU28 states,Female,2018,846.0
PPSN Allocations to Foreign Nationals,45 - 64 years,EU15 to EU25 states,Both sexes,2002,523.0
PPSN Allocations to Foreign Nationals,45 - 64 years,EU15 to EU25 states,Both sexes,2003,628.0
PPSN Allocations to Foreign Nationals,45 - 64 years,EU15 to EU25 states,Both sexes,2004,4181.0
PPSN Allocations to Foreign Nationals,45 - 64 years,EU15 to EU25 states,Both sexes,2005,7350.0
PPSN Allocations to Foreign Nationals,45 - 64 years,EU15 to EU25 states,Both sexes,2006,9134.0
PPSN Allocations to Foreign Nationals,45 - 64 years,EU15 to EU25 states,Both sexes,2007,7065.0
PPSN Allocations to Foreign Nationals,45 - 64 years,EU15 to EU25 states,Both sexes,2008,3661.0
PPSN Allocations to Foreign Nationals,45 - 64 years,EU15 to EU25 states,Both sexes,2009,1645.0
PPSN Allocations to Foreign Nationals,45 - 64 years,EU15 to EU25 states,Both sexes,2010,1629.0
PPSN Allocations to Foreign Nationals,45 - 64 years,EU15 to EU25 states,Both sexes,2011,1419.0
PPSN Allocations to Foreign Nationals,45 - 64 years,EU15 to EU25 states,Both sexes,2012,1493.0
PPSN Allocations to Foreign Nationals,45 - 64 years,EU15 to EU25 states,Both sexes,2013,1547.0
PPSN Allocations to Foreign Nationals,45 - 64 years,EU15 to EU25 states,Both sexes,2014,1411.0
PPSN Allocations to Foreign Nationals,45 - 64 years,EU15 to EU25 states,Both sexes,2015,1325.0
PPSN Allocations to Foreign Nationals,45 - 64 years,EU15 to EU25 states,Both sexes,2016,1474.0
PPSN Allocations to Foreign Nationals,45 - 64 years,EU15 to EU25 states,Both sexes,2017,1579.0
PPSN Allocations to Foreign Nationals,45 - 64 years,EU15 to EU25 states,Both sexes,2018,1605.0
PPSN Allocations to Foreign Nationals,45 - 64 years,EU15 to EU25 states,Male,2002,298.0
PPSN Allocations to Foreign Nationals,45 - 64 years,EU15 to EU25 states,Male,2003,431.0
PPSN Allocations to Foreign Nationals,45 - 64 years,EU15 to EU25 states,Male,2004,3064.0
PPSN Allocations to Foreign Nationals,45 - 64 years,EU15 to EU25 states,Male,2005,5520.0
PPSN Allocations to Foreign Nationals,45 - 64 years,EU15 to EU25 states,Male,2006,6549.0
PPSN Allocations to Foreign Nationals,45 - 64 years,EU15 to EU25 states,Male,2007,4385.0
PPSN Allocations to Foreign Nationals,45 - 64 years,EU15 to EU25 states,Male,2008,1759.0
PPSN Allocations to Foreign Nationals,45 - 64 years,EU15 to EU25 states,Male,2009,624.0
PPSN Allocations to Foreign Nationals,45 - 64 years,EU15 to EU25 states,Male,2010,610.0
PPSN Allocations to Foreign Nationals,45 - 64 years,EU15 to EU25 states,Male,2011,523.0
PPSN Allocations to Foreign Nationals,45 - 64 years,EU15 to EU25 states,Male,2012,513.0
PPSN Allocations to Foreign Nationals,45 - 64 years,EU15 to EU25 states,Male,2013,599.0
PPSN Allocations to Foreign Nationals,45 - 64 years,EU15 to EU25 states,Male,2014,585.0
PPSN Allocations to Foreign Nationals,45 - 64 years,EU15 to EU25 states,Male,2015,623.0
PPSN Allocations to Foreign Nationals,45 - 64 years,EU15 to EU25 states,Male,2016,714.0
PPSN Allocations to Foreign Nationals,45 - 64 years,EU15 to EU25 states,Male,2017,768.0
PPSN Allocations to Foreign Nationals,45 - 64 years,EU15 to EU25 states,Male,2018,818.0
PPSN Allocations to Foreign Nationals,45 - 64 years,EU15 to EU25 states,Female,2002,225.0
PPSN Allocations to Foreign Nationals,45 - 64 years,EU15 to EU25 states,Female,2003,197.0
PPSN Allocations to Foreign Nationals,45 - 64 years,EU15 to EU25 states,Female,2004,1117.0
PPSN Allocations to Foreign Nationals,45 - 64 years,EU15 to EU25 states,Female,2005,1830.0
PPSN Allocations to Foreign Nationals,45 - 64 years,EU15 to EU25 states,Female,2006,2585.0
PPSN Allocations to Foreign Nationals,45 - 64 years,EU15 to EU25 states,Female,2007,2680.0
PPSN Allocations to Foreign Nationals,45 - 64 years,EU15 to EU25 states,Female,2008,1902.0
PPSN Allocations to Foreign Nationals,45 - 64 years,EU15 to EU25 states,Female,2009,1021.0
PPSN Allocations to Foreign Nationals,45 - 64 years,EU15 to EU25 states,Female,2010,1019.0
PPSN Allocations to Foreign Nationals,45 - 64 years,EU15 to EU25 states,Female,2011,896.0
PPSN Allocations to Foreign Nationals,45 - 64 years,EU15 to EU25 states,Female,2012,980.0
PPSN Allocations to Foreign Nationals,45 - 64 years,EU15 to EU25 states,Female,2013,948.0
PPSN Allocations to Foreign Nationals,45 - 64 years,EU15 to EU25 states,Female,2014,826.0
PPSN Allocations to Foreign Nationals,45 - 64 years,EU15 to EU25 states,Female,2015,702.0
PPSN Allocations to Foreign Nationals,45 - 64 years,EU15 to EU25 states,Female,2016,760.0
PPSN Allocations to Foreign Nationals,45 - 64 years,EU15 to EU25 states,Female,2017,811.0
PPSN Allocations to Foreign Nationals,45 - 64 years,EU15 to EU25 states,Female,2018,787.0
PPSN Allocations to Foreign Nationals,45 - 64 years,EU15 excluding Irish and UK,Both sexes,2002,651.0
PPSN Allocations to Foreign Nationals,45 - 64 years,EU15 excluding Irish and UK,Both sexes,2003,683.0
PPSN Allocations to Foreign Nationals,45 - 64 years,EU15 excluding Irish and UK,Both sexes,2004,775.0
PPSN Allocations to Foreign Nationals,45 - 64 years,EU15 excluding Irish and UK,Both sexes,2005,858.0
PPSN Allocations to Foreign Nationals,45 - 64 years,EU15 excluding Irish and UK,Both sexes,2006,1172.0
PPSN Allocations to Foreign Nationals,45 - 64 years,EU15 excluding Irish and UK,Both sexes,2007,1135.0
PPSN Allocations to Foreign Nationals,45 - 64 years,EU15 excluding Irish and UK,Both sexes,2008,1251.0
PPSN Allocations to Foreign Nationals,45 - 64 years,EU15 excluding Irish and UK,Both sexes,2009,885.0
PPSN Allocations to Foreign Nationals,45 - 64 years,EU15 excluding Irish and UK,Both sexes,2010,797.0
PPSN Allocations to Foreign Nationals,45 - 64 years,EU15 excluding Irish and UK,Both sexes,2011,865.0
PPSN Allocations to Foreign Nationals,45 - 64 years,EU15 excluding Irish and UK,Both sexes,2012,910.0
PPSN Allocations to Foreign Nationals,45 - 64 years,EU15 excluding Irish and UK,Both sexes,2013,1153.0
PPSN Allocations to Foreign Nationals,45 - 64 years,EU15 excluding Irish and UK,Both sexes,2014,1206.0
PPSN Allocations to Foreign Nationals,45 - 64 years,EU15 excluding Irish and UK,Both sexes,2015,1231.0
PPSN Allocations to Foreign Nationals,45 - 64 years,EU15 excluding Irish and UK,Both sexes,2016,1441.0
PPSN Allocations to Foreign Nationals,45 - 64 years,EU15 excluding Irish and UK,Both sexes,2017,1787.0
PPSN Allocations to Foreign Nationals,45 - 64 years,EU15 excluding Irish and UK,Both sexes,2018,1821.0
PPSN Allocations to Foreign Nationals,45 - 64 years,EU15 excluding Irish and UK,Male,2002,387.0
PPSN Allocations to Foreign Nationals,45 - 64 years,EU15 excluding Irish and UK,Male,2003,415.0
PPSN Allocations to Foreign Nationals,45 - 64 years,EU15 excluding Irish and UK,Male,2004,487.0
PPSN Allocations to Foreign Nationals,45 - 64 years,EU15 excluding Irish and UK,Male,2005,558.0
PPSN Allocations to Foreign Nationals,45 - 64 years,EU15 excluding Irish and UK,Male,2006,803.0
PPSN Allocations to Foreign Nationals,45 - 64 years,EU15 excluding Irish and UK,Male,2007,802.0
PPSN Allocations to Foreign Nationals,45 - 64 years,EU15 excluding Irish and UK,Male,2008,852.0
PPSN Allocations to Foreign Nationals,45 - 64 years,EU15 excluding Irish and UK,Male,2009,587.0
PPSN Allocations to Foreign Nationals,45 - 64 years,EU15 excluding Irish and UK,Male,2010,509.0
PPSN Allocations to Foreign Nationals,45 - 64 years,EU15 excluding Irish and UK,Male,2011,523.0
PPSN Allocations to Foreign Nationals,45 - 64 years,EU15 excluding Irish and UK,Male,2012,550.0
PPSN Allocations to Foreign Nationals,45 - 64 years,EU15 excluding Irish and UK,Male,2013,721.0
PPSN Allocations to Foreign Nationals,45 - 64 years,EU15 excluding Irish and UK,Male,2014,749.0
PPSN Allocations to Foreign Nationals,45 - 64 years,EU15 excluding Irish and UK,Male,2015,778.0
PPSN Allocations to Foreign Nationals,45 - 64 years,EU15 excluding Irish and UK,Male,2016,929.0
PPSN Allocations to Foreign Nationals,45 - 64 years,EU15 excluding Irish and UK,Male,2017,1112.0
PPSN Allocations to Foreign Nationals,45 - 64 years,EU15 excluding Irish and UK,Male,2018,1150.0
PPSN Allocations to Foreign Nationals,45 - 64 years,EU15 excluding Irish and UK,Female,2002,264.0
PPSN Allocations to Foreign Nationals,45 - 64 years,EU15 excluding Irish and UK,Female,2003,268.0
PPSN Allocations to Foreign Nationals,45 - 64 years,EU15 excluding Irish and UK,Female,2004,288.0
PPSN Allocations to Foreign Nationals,45 - 64 years,EU15 excluding Irish and UK,Female,2005,300.0
PPSN Allocations to Foreign Nationals,45 - 64 years,EU15 excluding Irish and UK,Female,2006,369.0
PPSN Allocations to Foreign Nationals,45 - 64 years,EU15 excluding Irish and UK,Female,2007,333.0
PPSN Allocations to Foreign Nationals,45 - 64 years,EU15 excluding Irish and UK,Female,2008,399.0
PPSN Allocations to Foreign Nationals,45 - 64 years,EU15 excluding Irish and UK,Female,2009,298.0
PPSN Allocations to Foreign Nationals,45 - 64 years,EU15 excluding Irish and UK,Female,2010,288.0
PPSN Allocations to Foreign Nationals,45 - 64 years,EU15 excluding Irish and UK,Female,2011,342.0
PPSN Allocations to Foreign Nationals,45 - 64 years,EU15 excluding Irish and UK,Female,2012,360.0
PPSN Allocations to Foreign Nationals,45 - 64 years,EU15 excluding Irish and UK,Female,2013,432.0
PPSN Allocations to Foreign Nationals,45 - 64 years,EU15 excluding Irish and UK,Female,2014,457.0
PPSN Allocations to Foreign Nationals,45 - 64 years,EU15 excluding Irish and UK,Female,2015,453.0
PPSN Allocations to Foreign Nationals,45 - 64 years,EU15 excluding Irish and UK,Female,2016,512.0
PPSN Allocations to Foreign Nationals,45 - 64 years,EU15 excluding Irish and UK,Female,2017,675.0
PPSN Allocations to Foreign Nationals,45 - 64 years,EU15 excluding Irish and UK,Female,2018,671.0
PPSN Allocations to Foreign Nationals,45 - 64 years,UK,Both sexes,2002,3597.0
PPSN Allocations to Foreign Nationals,45 - 64 years,UK,Both sexes,2003,3278.0
PPSN Allocations to Foreign Nationals,45 - 64 years,UK,Both sexes,2004,3589.0
PPSN Allocations to Foreign Nationals,45 - 64 years,UK,Both sexes,2005,3729.0
PPSN Allocations to Foreign Nationals,45 - 64 years,UK,Both sexes,2006,4147.0
PPSN Allocations to Foreign Nationals,45 - 64 years,UK,Both sexes,2007,4403.0
PPSN Allocations to Foreign Nationals,45 - 64 years,UK,Both sexes,2008,3996.0
PPSN Allocations to Foreign Nationals,45 - 64 years,UK,Both sexes,2009,3044.0
PPSN Allocations to Foreign Nationals,45 - 64 years,UK,Both sexes,2010,3825.0
PPSN Allocations to Foreign Nationals,45 - 64 years,UK,Both sexes,2011,3863.0
PPSN Allocations to Foreign Nationals,45 - 64 years,UK,Both sexes,2012,3640.0
PPSN Allocations to Foreign Nationals,45 - 64 years,UK,Both sexes,2013,4139.0
PPSN Allocations to Foreign Nationals,45 - 64 years,UK,Both sexes,2014,4346.0
PPSN Allocations to Foreign Nationals,45 - 64 years,UK,Both sexes,2015,4845.0
PPSN Allocations to Foreign Nationals,45 - 64 years,UK,Both sexes,2016,4874.0
PPSN Allocations to Foreign Nationals,45 - 64 years,UK,Both sexes,2017,4730.0
PPSN Allocations to Foreign Nationals,45 - 64 years,UK,Both sexes,2018,4362.0
PPSN Allocations to Foreign Nationals,45 - 64 years,UK,Male,2002,1901.0
PPSN Allocations to Foreign Nationals,45 - 64 years,UK,Male,2003,1833.0
PPSN Allocations to Foreign Nationals,45 - 64 years,UK,Male,2004,2004.0
PPSN Allocations to Foreign Nationals,45 - 64 years,UK,Male,2005,2176.0
PPSN Allocations to Foreign Nationals,45 - 64 years,UK,Male,2006,2414.0
PPSN Allocations to Foreign Nationals,45 - 64 years,UK,Male,2007,2549.0
PPSN Allocations to Foreign Nationals,45 - 64 years,UK,Male,2008,2270.0
PPSN Allocations to Foreign Nationals,45 - 64 years,UK,Male,2009,1683.0
PPSN Allocations to Foreign Nationals,45 - 64 years,UK,Male,2010,2149.0
PPSN Allocations to Foreign Nationals,45 - 64 years,UK,Male,2011,2135.0
PPSN Allocations to Foreign Nationals,45 - 64 years,UK,Male,2012,2043.0
PPSN Allocations to Foreign Nationals,45 - 64 years,UK,Male,2013,2291.0
PPSN Allocations to Foreign Nationals,45 - 64 years,UK,Male,2014,2474.0
PPSN Allocations to Foreign Nationals,45 - 64 years,UK,Male,2015,2838.0
PPSN Allocations to Foreign Nationals,45 - 64 years,UK,Male,2016,2864.0
PPSN Allocations to Foreign Nationals,45 - 64 years,UK,Male,2017,2745.0
PPSN Allocations to Foreign Nationals,45 - 64 years,UK,Male,2018,2563.0
PPSN Allocations to Foreign Nationals,45 - 64 years,UK,Female,2002,1696.0
PPSN Allocations to Foreign Nationals,45 - 64 years,UK,Female,2003,1445.0
PPSN Allocations to Foreign Nationals,45 - 64 years,UK,Female,2004,1585.0
PPSN Allocations to Foreign Nationals,45 - 64 years,UK,Female,2005,1553.0
PPSN Allocations to Foreign Nationals,45 - 64 years,UK,Female,2006,1733.0
PPSN Allocations to Foreign Nationals,45 - 64 years,UK,Female,2007,1854.0
PPSN Allocations to Foreign Nationals,45 - 64 years,UK,Female,2008,1726.0
PPSN Allocations to Foreign Nationals,45 - 64 years,UK,Female,2009,1361.0
PPSN Allocations to Foreign Nationals,45 - 64 years,UK,Female,2010,1676.0
PPSN Allocations to Foreign Nationals,45 - 64 years,UK,Female,2011,1728.0
PPSN Allocations to Foreign Nationals,45 - 64 years,UK,Female,2012,1597.0
PPSN Allocations to Foreign Nationals,45 - 64 years,UK,Female,2013,1848.0
PPSN Allocations to Foreign Nationals,45 - 64 years,UK,Female,2014,1872.0
PPSN Allocations to Foreign Nationals,45 - 64 years,UK,Female,2015,2007.0
PPSN Allocations to Foreign Nationals,45 - 64 years,UK,Female,2016,2010.0
PPSN Allocations to Foreign Nationals,45 - 64 years,UK,Female,2017,1985.0
PPSN Allocations to Foreign Nationals,45 - 64 years,UK,Female,2018,1799.0
PPSN Allocations to Foreign Nationals,45 - 64 years,Other nationalities (5),Both sexes,2002,1152.0
PPSN Allocations to Foreign Nationals,45 - 64 years,Other nationalities (5),Both sexes,2003,1048.0
PPSN Allocations to Foreign Nationals,45 - 64 years,Other nationalities (5),Both sexes,2004,895.0
PPSN Allocations to Foreign Nationals,45 - 64 years,Other nationalities (5),Both sexes,2005,1040.0
PPSN Allocations to Foreign Nationals,45 - 64 years,Other nationalities (5),Both sexes,2006,1245.0
PPSN Allocations to Foreign Nationals,45 - 64 years,Other nationalities (5),Both sexes,2007,1277.0
PPSN Allocations to Foreign Nationals,45 - 64 years,Other nationalities (5),Both sexes,2008,1387.0
PPSN Allocations to Foreign Nationals,45 - 64 years,Other nationalities (5),Both sexes,2009,909.0
PPSN Allocations to Foreign Nationals,45 - 64 years,Other nationalities (5),Both sexes,2010,730.0
PPSN Allocations to Foreign Nationals,45 - 64 years,Other nationalities (5),Both sexes,2011,793.0
PPSN Allocations to Foreign Nationals,45 - 64 years,Other nationalities (5),Both sexes,2012,849.0
PPSN Allocations to Foreign Nationals,45 - 64 years,Other nationalities (5),Both sexes,2013,1093.0
PPSN Allocations to Foreign Nationals,45 - 64 years,Other nationalities (5),Both sexes,2014,1371.0
PPSN Allocations to Foreign Nationals,45 - 64 years,Other nationalities (5),Both sexes,2015,1269.0
PPSN Allocations to Foreign Nationals,45 - 64 years,Other nationalities (5),Both sexes,2016,1485.0
PPSN Allocations to Foreign Nationals,45 - 64 years,Other nationalities (5),Both sexes,2017,1662.0
PPSN Allocations to Foreign Nationals,45 - 64 years,Other nationalities (5),Both sexes,2018,1824.0
PPSN Allocations to Foreign Nationals,45 - 64 years,Other nationalities (5),Male,2002,640.0
PPSN Allocations to Foreign Nationals,45 - 64 years,Other nationalities (5),Male,2003,652.0
PPSN Allocations to Foreign Nationals,45 - 64 years,Other nationalities (5),Male,2004,562.0
PPSN Allocations to Foreign Nationals,45 - 64 years,Other nationalities (5),Male,2005,643.0
PPSN Allocations to Foreign Nationals,45 - 64 years,Other nationalities (5),Male,2006,751.0
PPSN Allocations to Foreign Nationals,45 - 64 years,Other nationalities (5),Male,2007,767.0
PPSN Allocations to Foreign Nationals,45 - 64 years,Other nationalities (5),Male,2008,735.0
PPSN Allocations to Foreign Nationals,45 - 64 years,Other nationalities (5),Male,2009,471.0
PPSN Allocations to Foreign Nationals,45 - 64 years,Other nationalities (5),Male,2010,340.0
PPSN Allocations to Foreign Nationals,45 - 64 years,Other nationalities (5),Male,2011,387.0
PPSN Allocations to Foreign Nationals,45 - 64 years,Other nationalities (5),Male,2012,420.0
PPSN Allocations to Foreign Nationals,45 - 64 years,Other nationalities (5),Male,2013,539.0
PPSN Allocations to Foreign Nationals,45 - 64 years,Other nationalities (5),Male,2014,722.0
PPSN Allocations to Foreign Nationals,45 - 64 years,Other nationalities (5),Male,2015,647.0
PPSN Allocations to Foreign Nationals,45 - 64 years,Other nationalities (5),Male,2016,791.0
PPSN Allocations to Foreign Nationals,45 - 64 years,Other nationalities (5),Male,2017,839.0
PPSN Allocations to Foreign Nationals,45 - 64 years,Other nationalities (5),Male,2018,978.0
PPSN Allocations to Foreign Nationals,45 - 64 years,Other nationalities (5),Female,2002,512.0
PPSN Allocations to Foreign Nationals,45 - 64 years,Other nationalities (5),Female,2003,396.0
PPSN Allocations to Foreign Nationals,45 - 64 years,Other nationalities (5),Female,2004,333.0
PPSN Allocations to Foreign Nationals,45 - 64 years,Other nationalities (5),Female,2005,397.0
PPSN Allocations to Foreign Nationals,45 - 64 years,Other nationalities (5),Female,2006,494.0
PPSN Allocations to Foreign Nationals,45 - 64 years,Other nationalities (5),Female,2007,510.0
PPSN Allocations to Foreign Nationals,45 - 64 years,Other nationalities (5),Female,2008,652.0
PPSN Allocations to Foreign Nationals,45 - 64 years,Other nationalities (5),Female,2009,438.0
PPSN Allocations to Foreign Nationals,45 - 64 years,Other nationalities (5),Female,2010,390.0
PPSN Allocations to Foreign Nationals,45 - 64 years,Other nationalities (5),Female,2011,406.0
PPSN Allocations to Foreign Nationals,45 - 64 years,Other nationalities (5),Female,2012,429.0
PPSN Allocations to Foreign Nationals,45 - 64 years,Other nationalities (5),Female,2013,554.0
PPSN Allocations to Foreign Nationals,45 - 64 years,Other nationalities (5),Female,2014,649.0
PPSN Allocations to Foreign Nationals,45 - 64 years,Other nationalities (5),Female,2015,622.0
PPSN Allocations to Foreign Nationals,45 - 64 years,Other nationalities (5),Female,2016,694.0
PPSN Allocations to Foreign Nationals,45 - 64 years,Other nationalities (5),Female,2017,823.0
PPSN Allocations to Foreign Nationals,45 - 64 years,Other nationalities (5),Female,2018,846.0
PPSN Allocations to Foreign Nationals,45 - 64 years,American (US),Both sexes,2002,485.0
PPSN Allocations to Foreign Nationals,45 - 64 years,American (US),Both sexes,2003,410.0
PPSN Allocations to Foreign Nationals,45 - 64 years,American (US),Both sexes,2004,470.0
PPSN Allocations to Foreign Nationals,45 - 64 years,American (US),Both sexes,2005,503.0
PPSN Allocations to Foreign Nationals,45 - 64 years,American (US),Both sexes,2006,612.0
PPSN Allocations to Foreign Nationals,45 - 64 years,American (US),Both sexes,2007,562.0
PPSN Allocations to Foreign Nationals,45 - 64 years,American (US),Both sexes,2008,531.0
PPSN Allocations to Foreign Nationals,45 - 64 years,American (US),Both sexes,2009,493.0
PPSN Allocations to Foreign Nationals,45 - 64 years,American (US),Both sexes,2010,601.0
PPSN Allocations to Foreign Nationals,45 - 64 years,American (US),Both sexes,2011,657.0
PPSN Allocations to Foreign Nationals,45 - 64 years,American (US),Both sexes,2012,659.0
PPSN Allocations to Foreign Nationals,45 - 64 years,American (US),Both sexes,2013,790.0
PPSN Allocations to Foreign Nationals,45 - 64 years,American (US),Both sexes,2014,823.0
PPSN Allocations to Foreign Nationals,45 - 64 years,American (US),Both sexes,2015,902.0
PPSN Allocations to Foreign Nationals,45 - 64 years,American (US),Both sexes,2016,931.0
PPSN Allocations to Foreign Nationals,45 - 64 years,American (US),Both sexes,2017,1030.0
PPSN Allocations to Foreign Nationals,45 - 64 years,American (US),Both sexes,2018,927.0
PPSN Allocations to Foreign Nationals,45 - 64 years,American (US),Male,2002,251.0
PPSN Allocations to Foreign Nationals,45 - 64 years,American (US),Male,2003,219.0
PPSN Allocations to Foreign Nationals,45 - 64 years,American (US),Male,2004,229.0
PPSN Allocations to Foreign Nationals,45 - 64 years,American (US),Male,2005,255.0
PPSN Allocations to Foreign Nationals,45 - 64 years,American (US),Male,2006,322.0
PPSN Allocations to Foreign Nationals,45 - 64 years,American (US),Male,2007,318.0
PPSN Allocations to Foreign Nationals,45 - 64 years,American (US),Male,2008,279.0
PPSN Allocations to Foreign Nationals,45 - 64 years,American (US),Male,2009,255.0
PPSN Allocations to Foreign Nationals,45 - 64 years,American (US),Male,2010,314.0
PPSN Allocations to Foreign Nationals,45 - 64 years,American (US),Male,2011,356.0
PPSN Allocations to Foreign Nationals,45 - 64 years,American (US),Male,2012,352.0
PPSN Allocations to Foreign Nationals,45 - 64 years,American (US),Male,2013,399.0
PPSN Allocations to Foreign Nationals,45 - 64 years,American (US),Male,2014,434.0
PPSN Allocations to Foreign Nationals,45 - 64 years,American (US),Male,2015,485.0
PPSN Allocations to Foreign Nationals,45 - 64 years,American (US),Male,2016,510.0
PPSN Allocations to Foreign Nationals,45 - 64 years,American (US),Male,2017,528.0
PPSN Allocations to Foreign Nationals,45 - 64 years,American (US),Male,2018,476.0
PPSN Allocations to Foreign Nationals,45 - 64 years,American (US),Female,2002,234.0
PPSN Allocations to Foreign Nationals,45 - 64 years,American (US),Female,2003,191.0
PPSN Allocations to Foreign Nationals,45 - 64 years,American (US),Female,2004,241.0
PPSN Allocations to Foreign Nationals,45 - 64 years,American (US),Female,2005,248.0
PPSN Allocations to Foreign Nationals,45 - 64 years,American (US),Female,2006,290.0
PPSN Allocations to Foreign Nationals,45 - 64 years,American (US),Female,2007,244.0
PPSN Allocations to Foreign Nationals,45 - 64 years,American (US),Female,2008,252.0
PPSN Allocations to Foreign Nationals,45 - 64 years,American (US),Female,2009,238.0
PPSN Allocations to Foreign Nationals,45 - 64 years,American (US),Female,2010,287.0
PPSN Allocations to Foreign Nationals,45 - 64 years,American (US),Female,2011,301.0
PPSN Allocations to Foreign Nationals,45 - 64 years,American (US),Female,2012,307.0
PPSN Allocations to Foreign Nationals,45 - 64 years,American (US),Female,2013,391.0
PPSN Allocations to Foreign Nationals,45 - 64 years,American (US),Female,2014,389.0
PPSN Allocations to Foreign Nationals,45 - 64 years,American (US),Female,2015,417.0
PPSN Allocations to Foreign Nationals,45 - 64 years,American (US),Female,2016,421.0
PPSN Allocations to Foreign Nationals,45 - 64 years,American (US),Female,2017,502.0
PPSN Allocations to Foreign Nationals,45 - 64 years,American (US),Female,2018,451.0
PPSN Allocations to Foreign Nationals,65 years and over,All nationalities,Both sexes,2002,1773.0
PPSN Allocations to Foreign Nationals,65 years and over,All nationalities,Both sexes,2003,1734.0
PPSN Allocations to Foreign Nationals,65 years and over,All nationalities,Both sexes,2004,2366.0
PPSN Allocations to Foreign Nationals,65 years and over,All nationalities,Both sexes,2005,2013.0
PPSN Allocations to Foreign Nationals,65 years and over,All nationalities,Both sexes,2006,2077.0
PPSN Allocations to Foreign Nationals,65 years and over,All nationalities,Both sexes,2007,2157.0
PPSN Allocations to Foreign Nationals,65 years and over,All nationalities,Both sexes,2008,2346.0
PPSN Allocations to Foreign Nationals,65 years and over,All nationalities,Both sexes,2009,2284.0
PPSN Allocations to Foreign Nationals,65 years and over,All nationalities,Both sexes,2010,2304.0
PPSN Allocations to Foreign Nationals,65 years and over,All nationalities,Both sexes,2011,2302.0
PPSN Allocations to Foreign Nationals,65 years and over,All nationalities,Both sexes,2012,2332.0
PPSN Allocations to Foreign Nationals,65 years and over,All nationalities,Both sexes,2013,2711.0
PPSN Allocations to Foreign Nationals,65 years and over,All nationalities,Both sexes,2014,3047.0
PPSN Allocations to Foreign Nationals,65 years and over,All nationalities,Both sexes,2015,3053.0
PPSN Allocations to Foreign Nationals,65 years and over,All nationalities,Both sexes,2016,3210.0
PPSN Allocations to Foreign Nationals,65 years and over,All nationalities,Both sexes,2017,3678.0
PPSN Allocations to Foreign Nationals,65 years and over,All nationalities,Both sexes,2018,3197.0
PPSN Allocations to Foreign Nationals,65 years and over,All nationalities,Male,2002,850.0
PPSN Allocations to Foreign Nationals,65 years and over,All nationalities,Male,2003,859.0
PPSN Allocations to Foreign Nationals,65 years and over,All nationalities,Male,2004,1186.0
PPSN Allocations to Foreign Nationals,65 years and over,All nationalities,Male,2005,1022.0
PPSN Allocations to Foreign Nationals,65 years and over,All nationalities,Male,2006,1058.0
PPSN Allocations to Foreign Nationals,65 years and over,All nationalities,Male,2007,1055.0
PPSN Allocations to Foreign Nationals,65 years and over,All nationalities,Male,2008,1153.0
PPSN Allocations to Foreign Nationals,65 years and over,All nationalities,Male,2009,1092.0
PPSN Allocations to Foreign Nationals,65 years and over,All nationalities,Male,2010,1140.0
PPSN Allocations to Foreign Nationals,65 years and over,All nationalities,Male,2011,1084.0
PPSN Allocations to Foreign Nationals,65 years and over,All nationalities,Male,2012,1091.0
PPSN Allocations to Foreign Nationals,65 years and over,All nationalities,Male,2013,1326.0
PPSN Allocations to Foreign Nationals,65 years and over,All nationalities,Male,2014,1485.0
PPSN Allocations to Foreign Nationals,65 years and over,All nationalities,Male,2015,1482.0
PPSN Allocations to Foreign Nationals,65 years and over,All nationalities,Male,2016,1488.0
PPSN Allocations to Foreign Nationals,65 years and over,All nationalities,Male,2017,1882.0
PPSN Allocations to Foreign Nationals,65 years and over,All nationalities,Male,2018,1514.0
PPSN Allocations to Foreign Nationals,65 years and over,All nationalities,Female,2002,923.0
PPSN Allocations to Foreign Nationals,65 years and over,All nationalities,Female,2003,875.0
PPSN Allocations to Foreign Nationals,65 years and over,All nationalities,Female,2004,1180.0
PPSN Allocations to Foreign Nationals,65 years and over,All nationalities,Female,2005,991.0
PPSN Allocations to Foreign Nationals,65 years and over,All nationalities,Female,2006,1019.0
PPSN Allocations to Foreign Nationals,65 years and over,All nationalities,Female,2007,1102.0
PPSN Allocations to Foreign Nationals,65 years and over,All nationalities,Female,2008,1193.0
PPSN Allocations to Foreign Nationals,65 years and over,All nationalities,Female,2009,1192.0
PPSN Allocations to Foreign Nationals,65 years and over,All nationalities,Female,2010,1164.0
PPSN Allocations to Foreign Nationals,65 years and over,All nationalities,Female,2011,1218.0
PPSN Allocations to Foreign Nationals,65 years and over,All nationalities,Female,2012,1241.0
PPSN Allocations to Foreign Nationals,65 years and over,All nationalities,Female,2013,1385.0
PPSN Allocations to Foreign Nationals,65 years and over,All nationalities,Female,2014,1562.0
PPSN Allocations to Foreign Nationals,65 years and over,All nationalities,Female,2015,1571.0
PPSN Allocations to Foreign Nationals,65 years and over,All nationalities,Female,2016,1722.0
PPSN Allocations to Foreign Nationals,65 years and over,All nationalities,Female,2017,1796.0
PPSN Allocations to Foreign Nationals,65 years and over,All nationalities,Female,2018,1683.0
PPSN Allocations to Foreign Nationals,65 years and over,EU25 to EU28 states,Both sexes,2005,4.0
PPSN Allocations to Foreign Nationals,65 years and over,EU25 to EU28 states,Both sexes,2007,25.0
PPSN Allocations to Foreign Nationals,65 years and over,EU25 to EU28 states,Both sexes,2008,21.0
PPSN Allocations to Foreign Nationals,65 years and over,EU25 to EU28 states,Both sexes,2009,22.0
PPSN Allocations to Foreign Nationals,65 years and over,EU25 to EU28 states,Both sexes,2010,20.0
PPSN Allocations to Foreign Nationals,65 years and over,EU25 to EU28 states,Both sexes,2011,23.0
PPSN Allocations to Foreign Nationals,65 years and over,EU25 to EU28 states,Both sexes,2012,32.0
PPSN Allocations to Foreign Nationals,65 years and over,EU25 to EU28 states,Both sexes,2013,46.0
PPSN Allocations to Foreign Nationals,65 years and over,EU25 to EU28 states,Both sexes,2014,68.0
PPSN Allocations to Foreign Nationals,65 years and over,EU25 to EU28 states,Both sexes,2015,77.0
PPSN Allocations to Foreign Nationals,65 years and over,EU25 to EU28 states,Both sexes,2016,73.0
PPSN Allocations to Foreign Nationals,65 years and over,EU25 to EU28 states,Both sexes,2017,85.0
PPSN Allocations to Foreign Nationals,65 years and over,EU25 to EU28 states,Both sexes,2018,118.0
PPSN Allocations to Foreign Nationals,65 years and over,EU25 to EU28 states,Male,2007,12.0
PPSN Allocations to Foreign Nationals,65 years and over,EU25 to EU28 states,Male,2008,10.0
PPSN Allocations to Foreign Nationals,65 years and over,EU25 to EU28 states,Male,2009,8.0
PPSN Allocations to Foreign Nationals,65 years and over,EU25 to EU28 states,Male,2010,6.0
PPSN Allocations to Foreign Nationals,65 years and over,EU25 to EU28 states,Male,2011,8.0
PPSN Allocations to Foreign Nationals,65 years and over,EU25 to EU28 states,Male,2012,9.0
PPSN Allocations to Foreign Nationals,65 years and over,EU25 to EU28 states,Male,2013,18.0
PPSN Allocations to Foreign Nationals,65 years and over,EU25 to EU28 states,Male,2014,31.0
PPSN Allocations to Foreign Nationals,65 years and over,EU25 to EU28 states,Male,2015,30.0
PPSN Allocations to Foreign Nationals,65 years and over,EU25 to EU28 states,Male,2016,26.0
PPSN Allocations to Foreign Nationals,65 years and over,EU25 to EU28 states,Male,2017,28.0
PPSN Allocations to Foreign Nationals,65 years and over,EU25 to EU28 states,Male,2018,41.0
PPSN Allocations to Foreign Nationals,65 years and over,EU25 to EU28 states,Female,2005,3.0
PPSN Allocations to Foreign Nationals,65 years and over,EU25 to EU28 states,Female,2007,13.0
PPSN Allocations to Foreign Nationals,65 years and over,EU25 to EU28 states,Female,2008,11.0
PPSN Allocations to Foreign Nationals,65 years and over,EU25 to EU28 states,Female,2009,14.0
PPSN Allocations to Foreign Nationals,65 years and over,EU25 to EU28 states,Female,2010,14.0
PPSN Allocations to Foreign Nationals,65 years and over,EU25 to EU28 states,Female,2011,15.0
PPSN Allocations to Foreign Nationals,65 years and over,EU25 to EU28 states,Female,2012,23.0
PPSN Allocations to Foreign Nationals,65 years and over,EU25 to EU28 states,Female,2013,28.0
PPSN Allocations to Foreign Nationals,65 years and over,EU25 to EU28 states,Female,2014,37.0
PPSN Allocations to Foreign Nationals,65 years and over,EU25 to EU28 states,Female,2015,47.0
PPSN Allocations to Foreign Nationals,65 years and over,EU25 to EU28 states,Female,2016,47.0
PPSN Allocations to Foreign Nationals,65 years and over,EU25 to EU28 states,Female,2017,57.0
PPSN Allocations to Foreign Nationals,65 years and over,EU25 to EU28 states,Female,2018,77.0
PPSN Allocations to Foreign Nationals,65 years and over,EU15 to EU25 states,Both sexes,2002,15.0
PPSN Allocations to Foreign Nationals,65 years and over,EU15 to EU25 states,Both sexes,2003,15.0
PPSN Allocations to Foreign Nationals,65 years and over,EU15 to EU25 states,Both sexes,2004,29.0
PPSN Allocations to Foreign Nationals,65 years and over,EU15 to EU25 states,Both sexes,2005,52.0
PPSN Allocations to Foreign Nationals,65 years and over,EU15 to EU25 states,Both sexes,2006,80.0
PPSN Allocations to Foreign Nationals,65 years and over,EU15 to EU25 states,Both sexes,2007,120.0
PPSN Allocations to Foreign Nationals,65 years and over,EU15 to EU25 states,Both sexes,2008,97.0
PPSN Allocations to Foreign Nationals,65 years and over,EU15 to EU25 states,Both sexes,2009,81.0
PPSN Allocations to Foreign Nationals,65 years and over,EU15 to EU25 states,Both sexes,2010,94.0
PPSN Allocations to Foreign Nationals,65 years and over,EU15 to EU25 states,Both sexes,2011,128.0
PPSN Allocations to Foreign Nationals,65 years and over,EU15 to EU25 states,Both sexes,2012,163.0
PPSN Allocations to Foreign Nationals,65 years and over,EU15 to EU25 states,Both sexes,2013,152.0
PPSN Allocations to Foreign Nationals,65 years and over,EU15 to EU25 states,Both sexes,2014,166.0
PPSN Allocations to Foreign Nationals,65 years and over,EU15 to EU25 states,Both sexes,2015,139.0
PPSN Allocations to Foreign Nationals,65 years and over,EU15 to EU25 states,Both sexes,2016,184.0
PPSN Allocations to Foreign Nationals,65 years and over,EU15 to EU25 states,Both sexes,2017,201.0
PPSN Allocations to Foreign Nationals,65 years and over,EU15 to EU25 states,Both sexes,2018,247.0
PPSN Allocations to Foreign Nationals,65 years and over,EU15 to EU25 states,Male,2002,10.0
PPSN Allocations to Foreign Nationals,65 years and over,EU15 to EU25 states,Male,2003,12.0
PPSN Allocations to Foreign Nationals,65 years and over,EU15 to EU25 states,Male,2004,14.0
PPSN Allocations to Foreign Nationals,65 years and over,EU15 to EU25 states,Male,2005,28.0
PPSN Allocations to Foreign Nationals,65 years and over,EU15 to EU25 states,Male,2006,34.0
PPSN Allocations to Foreign Nationals,65 years and over,EU15 to EU25 states,Male,2007,43.0
PPSN Allocations to Foreign Nationals,65 years and over,EU15 to EU25 states,Male,2008,28.0
PPSN Allocations to Foreign Nationals,65 years and over,EU15 to EU25 states,Male,2009,21.0
PPSN Allocations to Foreign Nationals,65 years and over,EU15 to EU25 states,Male,2010,32.0
PPSN Allocations to Foreign Nationals,65 years and over,EU15 to EU25 states,Male,2011,35.0
PPSN Allocations to Foreign Nationals,65 years and over,EU15 to EU25 states,Male,2012,45.0
PPSN Allocations to Foreign Nationals,65 years and over,EU15 to EU25 states,Male,2013,43.0
PPSN Allocations to Foreign Nationals,65 years and over,EU15 to EU25 states,Male,2014,42.0
PPSN Allocations to Foreign Nationals,65 years and over,EU15 to EU25 states,Male,2015,34.0
PPSN Allocations to Foreign Nationals,65 years and over,EU15 to EU25 states,Male,2016,45.0
PPSN Allocations to Foreign Nationals,65 years and over,EU15 to EU25 states,Male,2017,59.0
PPSN Allocations to Foreign Nationals,65 years and over,EU15 to EU25 states,Male,2018,69.0
PPSN Allocations to Foreign Nationals,65 years and over,EU15 to EU25 states,Female,2002,5.0
PPSN Allocations to Foreign Nationals,65 years and over,EU15 to EU25 states,Female,2003,3.0
PPSN Allocations to Foreign Nationals,65 years and over,EU15 to EU25 states,Female,2004,15.0
PPSN Allocations to Foreign Nationals,65 years and over,EU15 to EU25 states,Female,2005,24.0
PPSN Allocations to Foreign Nationals,65 years and over,EU15 to EU25 states,Female,2006,46.0
PPSN Allocations to Foreign Nationals,65 years and over,EU15 to EU25 states,Female,2007,77.0
PPSN Allocations to Foreign Nationals,65 years and over,EU15 to EU25 states,Female,2008,69.0
PPSN Allocations to Foreign Nationals,65 years and over,EU15 to EU25 states,Female,2009,60.0
PPSN Allocations to Foreign Nationals,65 years and over,EU15 to EU25 states,Female,2010,62.0
PPSN Allocations to Foreign Nationals,65 years and over,EU15 to EU25 states,Female,2011,93.0
PPSN Allocations to Foreign Nationals,65 years and over,EU15 to EU25 states,Female,2012,118.0
PPSN Allocations to Foreign Nationals,65 years and over,EU15 to EU25 states,Female,2013,109.0
PPSN Allocations to Foreign Nationals,65 years and over,EU15 to EU25 states,Female,2014,124.0
PPSN Allocations to Foreign Nationals,65 years and over,EU15 to EU25 states,Female,2015,105.0
PPSN Allocations to Foreign Nationals,65 years and over,EU15 to EU25 states,Female,2016,139.0
PPSN Allocations to Foreign Nationals,65 years and over,EU15 to EU25 states,Female,2017,142.0
PPSN Allocations to Foreign Nationals,65 years and over,EU15 to EU25 states,Female,2018,178.0
PPSN Allocations to Foreign Nationals,65 years and over,EU15 excluding Irish and UK,Both sexes,2002,134.0
PPSN Allocations to Foreign Nationals,65 years and over,EU15 excluding Irish and UK,Both sexes,2003,133.0
PPSN Allocations to Foreign Nationals,65 years and over,EU15 excluding Irish and UK,Both sexes,2004,203.0
PPSN Allocations to Foreign Nationals,65 years and over,EU15 excluding Irish and UK,Both sexes,2005,173.0
PPSN Allocations to Foreign Nationals,65 years and over,EU15 excluding Irish and UK,Both sexes,2006,205.0
PPSN Allocations to Foreign Nationals,65 years and over,EU15 excluding Irish and UK,Both sexes,2007,186.0
PPSN Allocations to Foreign Nationals,65 years and over,EU15 excluding Irish and UK,Both sexes,2008,164.0
PPSN Allocations to Foreign Nationals,65 years and over,EU15 excluding Irish and UK,Both sexes,2009,165.0
PPSN Allocations to Foreign Nationals,65 years and over,EU15 excluding Irish and UK,Both sexes,2010,201.0
PPSN Allocations to Foreign Nationals,65 years and over,EU15 excluding Irish and UK,Both sexes,2011,210.0
PPSN Allocations to Foreign Nationals,65 years and over,EU15 excluding Irish and UK,Both sexes,2012,212.0
PPSN Allocations to Foreign Nationals,65 years and over,EU15 excluding Irish and UK,Both sexes,2013,268.0
PPSN Allocations to Foreign Nationals,65 years and over,EU15 excluding Irish and UK,Both sexes,2014,259.0
PPSN Allocations to Foreign Nationals,65 years and over,EU15 excluding Irish and UK,Both sexes,2015,283.0
PPSN Allocations to Foreign Nationals,65 years and over,EU15 excluding Irish and UK,Both sexes,2016,273.0
PPSN Allocations to Foreign Nationals,65 years and over,EU15 excluding Irish and UK,Both sexes,2017,359.0
PPSN Allocations to Foreign Nationals,65 years and over,EU15 excluding Irish and UK,Both sexes,2018,334.0
PPSN Allocations to Foreign Nationals,65 years and over,EU15 excluding Irish and UK,Male,2002,74.0
PPSN Allocations to Foreign Nationals,65 years and over,EU15 excluding Irish and UK,Male,2003,65.0
PPSN Allocations to Foreign Nationals,65 years and over,EU15 excluding Irish and UK,Male,2004,102.0
PPSN Allocations to Foreign Nationals,65 years and over,EU15 excluding Irish and UK,Male,2005,93.0
PPSN Allocations to Foreign Nationals,65 years and over,EU15 excluding Irish and UK,Male,2006,119.0
PPSN Allocations to Foreign Nationals,65 years and over,EU15 excluding Irish and UK,Male,2007,98.0
PPSN Allocations to Foreign Nationals,65 years and over,EU15 excluding Irish and UK,Male,2008,92.0
PPSN Allocations to Foreign Nationals,65 years and over,EU15 excluding Irish and UK,Male,2009,93.0
PPSN Allocations to Foreign Nationals,65 years and over,EU15 excluding Irish and UK,Male,2010,110.0
PPSN Allocations to Foreign Nationals,65 years and over,EU15 excluding Irish and UK,Male,2011,114.0
PPSN Allocations to Foreign Nationals,65 years and over,EU15 excluding Irish and UK,Male,2012,108.0
PPSN Allocations to Foreign Nationals,65 years and over,EU15 excluding Irish and UK,Male,2013,144.0
PPSN Allocations to Foreign Nationals,65 years and over,EU15 excluding Irish and UK,Male,2014,140.0
PPSN Allocations to Foreign Nationals,65 years and over,EU15 excluding Irish and UK,Male,2015,152.0
PPSN Allocations to Foreign Nationals,65 years and over,EU15 excluding Irish and UK,Male,2016,135.0
PPSN Allocations to Foreign Nationals,65 years and over,EU15 excluding Irish and UK,Male,2017,219.0
PPSN Allocations to Foreign Nationals,65 years and over,EU15 excluding Irish and UK,Male,2018,177.0
PPSN Allocations to Foreign Nationals,65 years and over,EU15 excluding Irish and UK,Female,2002,60.0
PPSN Allocations to Foreign Nationals,65 years and over,EU15 excluding Irish and UK,Female,2003,68.0
PPSN Allocations to Foreign Nationals,65 years and over,EU15 excluding Irish and UK,Female,2004,101.0
PPSN Allocations to Foreign Nationals,65 years and over,EU15 excluding Irish and UK,Female,2005,80.0
PPSN Allocations to Foreign Nationals,65 years and over,EU15 excluding Irish and UK,Female,2006,86.0
PPSN Allocations to Foreign Nationals,65 years and over,EU15 excluding Irish and UK,Female,2007,88.0
PPSN Allocations to Foreign Nationals,65 years and over,EU15 excluding Irish and UK,Female,2008,72.0
PPSN Allocations to Foreign Nationals,65 years and over,EU15 excluding Irish and UK,Female,2009,72.0
PPSN Allocations to Foreign Nationals,65 years and over,EU15 excluding Irish and UK,Female,2010,91.0
PPSN Allocations to Foreign Nationals,65 years and over,EU15 excluding Irish and UK,Female,2011,96.0
PPSN Allocations to Foreign Nationals,65 years and over,EU15 excluding Irish and UK,Female,2012,104.0
PPSN Allocations to Foreign Nationals,65 years and over,EU15 excluding Irish and UK,Female,2013,124.0
PPSN Allocations to Foreign Nationals,65 years and over,EU15 excluding Irish and UK,Female,2014,119.0
PPSN Allocations to Foreign Nationals,65 years and over,EU15 excluding Irish and UK,Female,2015,131.0
PPSN Allocations to Foreign Nationals,65 years and over,EU15 excluding Irish and UK,Female,2016,138.0
PPSN Allocations to Foreign Nationals,65 years and over,EU15 excluding Irish and UK,Female,2017,140.0
PPSN Allocations to Foreign Nationals,65 years and over,EU15 excluding Irish and UK,Female,2018,157.0
PPSN Allocations to Foreign Nationals,65 years and over,UK,Both sexes,2002,1295.0
PPSN Allocations to Foreign Nationals,65 years and over,UK,Both sexes,2003,1246.0
PPSN Allocations to Foreign Nationals,65 years and over,UK,Both sexes,2004,1701.0
PPSN Allocations to Foreign Nationals,65 years and over,UK,Both sexes,2005,1372.0
PPSN Allocations to Foreign Nationals,65 years and over,UK,Both sexes,2006,1406.0
PPSN Allocations to Foreign Nationals,65 years and over,UK,Both sexes,2007,1403.0
PPSN Allocations to Foreign Nationals,65 years and over,UK,Both sexes,2008,1406.0
PPSN Allocations to Foreign Nationals,65 years and over,UK,Both sexes,2009,1340.0
PPSN Allocations to Foreign Nationals,65 years and over,UK,Both sexes,2010,1373.0
PPSN Allocations to Foreign Nationals,65 years and over,UK,Both sexes,2011,1419.0
PPSN Allocations to Foreign Nationals,65 years and over,UK,Both sexes,2012,1354.0
PPSN Allocations to Foreign Nationals,65 years and over,UK,Both sexes,2013,1505.0
PPSN Allocations to Foreign Nationals,65 years and over,UK,Both sexes,2014,1565.0
PPSN Allocations to Foreign Nationals,65 years and over,UK,Both sexes,2015,1619.0
PPSN Allocations to Foreign Nationals,65 years and over,UK,Both sexes,2016,1684.0
PPSN Allocations to Foreign Nationals,65 years and over,UK,Both sexes,2017,2045.0
PPSN Allocations to Foreign Nationals,65 years and over,UK,Both sexes,2018,1658.0
PPSN Allocations to Foreign Nationals,65 years and over,UK,Male,2002,598.0
PPSN Allocations to Foreign Nationals,65 years and over,UK,Male,2003,621.0
PPSN Allocations to Foreign Nationals,65 years and over,UK,Male,2004,838.0
PPSN Allocations to Foreign Nationals,65 years and over,UK,Male,2005,689.0
PPSN Allocations to Foreign Nationals,65 years and over,UK,Male,2006,707.0
PPSN Allocations to Foreign Nationals,65 years and over,UK,Male,2007,697.0
PPSN Allocations to Foreign Nationals,65 years and over,UK,Male,2008,703.0
PPSN Allocations to Foreign Nationals,65 years and over,UK,Male,2009,659.0
PPSN Allocations to Foreign Nationals,65 years and over,UK,Male,2010,702.0
PPSN Allocations to Foreign Nationals,65 years and over,UK,Male,2011,700.0
PPSN Allocations to Foreign Nationals,65 years and over,UK,Male,2012,661.0
PPSN Allocations to Foreign Nationals,65 years and over,UK,Male,2013,761.0
PPSN Allocations to Foreign Nationals,65 years and over,UK,Male,2014,807.0
PPSN Allocations to Foreign Nationals,65 years and over,UK,Male,2015,813.0
PPSN Allocations to Foreign Nationals,65 years and over,UK,Male,2016,804.0
PPSN Allocations to Foreign Nationals,65 years and over,UK,Male,2017,1091.0
PPSN Allocations to Foreign Nationals,65 years and over,UK,Male,2018,836.0
PPSN Allocations to Foreign Nationals,65 years and over,UK,Female,2002,697.0
PPSN Allocations to Foreign Nationals,65 years and over,UK,Female,2003,625.0
PPSN Allocations to Foreign Nationals,65 years and over,UK,Female,2004,863.0
PPSN Allocations to Foreign Nationals,65 years and over,UK,Female,2005,683.0
PPSN Allocations to Foreign Nationals,65 years and over,UK,Female,2006,699.0
PPSN Allocations to Foreign Nationals,65 years and over,UK,Female,2007,706.0
PPSN Allocations to Foreign Nationals,65 years and over,UK,Female,2008,703.0
PPSN Allocations to Foreign Nationals,65 years and over,UK,Female,2009,681.0
PPSN Allocations to Foreign Nationals,65 years and over,UK,Female,2010,671.0
PPSN Allocations to Foreign Nationals,65 years and over,UK,Female,2011,719.0
PPSN Allocations to Foreign Nationals,65 years and over,UK,Female,2012,693.0
PPSN Allocations to Foreign Nationals,65 years and over,UK,Female,2013,744.0
PPSN Allocations to Foreign Nationals,65 years and over,UK,Female,2014,758.0
PPSN Allocations to Foreign Nationals,65 years and over,UK,Female,2015,806.0
PPSN Allocations to Foreign Nationals,65 years and over,UK,Female,2016,880.0
PPSN Allocations to Foreign Nationals,65 years and over,UK,Female,2017,954.0
PPSN Allocations to Foreign Nationals,65 years and over,UK,Female,2018,822.0
PPSN Allocations to Foreign Nationals,65 years and over,Other nationalities (5),Both sexes,2002,118.0
PPSN Allocations to Foreign Nationals,65 years and over,Other nationalities (5),Both sexes,2003,101.0
PPSN Allocations to Foreign Nationals,65 years and over,Other nationalities (5),Both sexes,2004,139.0
PPSN Allocations to Foreign Nationals,65 years and over,Other nationalities (5),Both sexes,2005,150.0
PPSN Allocations to Foreign Nationals,65 years and over,Other nationalities (5),Both sexes,2006,139.0
PPSN Allocations to Foreign Nationals,65 years and over,Other nationalities (5),Both sexes,2007,150.0
PPSN Allocations to Foreign Nationals,65 years and over,Other nationalities (5),Both sexes,2008,403.0
PPSN Allocations to Foreign Nationals,65 years and over,Other nationalities (5),Both sexes,2009,386.0
PPSN Allocations to Foreign Nationals,65 years and over,Other nationalities (5),Both sexes,2010,251.0
PPSN Allocations to Foreign Nationals,65 years and over,Other nationalities (5),Both sexes,2011,186.0
PPSN Allocations to Foreign Nationals,65 years and over,Other nationalities (5),Both sexes,2012,246.0
PPSN Allocations to Foreign Nationals,65 years and over,Other nationalities (5),Both sexes,2013,360.0
PPSN Allocations to Foreign Nationals,65 years and over,Other nationalities (5),Both sexes,2014,572.0
PPSN Allocations to Foreign Nationals,65 years and over,Other nationalities (5),Both sexes,2015,530.0
PPSN Allocations to Foreign Nationals,65 years and over,Other nationalities (5),Both sexes,2016,574.0
PPSN Allocations to Foreign Nationals,65 years and over,Other nationalities (5),Both sexes,2017,461.0
PPSN Allocations to Foreign Nationals,65 years and over,Other nationalities (5),Both sexes,2018,410.0
PPSN Allocations to Foreign Nationals,65 years and over,Other nationalities (5),Male,2002,54.0
PPSN Allocations to Foreign Nationals,65 years and over,Other nationalities (5),Male,2003,50.0
PPSN Allocations to Foreign Nationals,65 years and over,Other nationalities (5),Male,2004,69.0
PPSN Allocations to Foreign Nationals,65 years and over,Other nationalities (5),Male,2005,72.0
PPSN Allocations to Foreign Nationals,65 years and over,Other nationalities (5),Male,2006,81.0
PPSN Allocations to Foreign Nationals,65 years and over,Other nationalities (5),Male,2007,76.0
PPSN Allocations to Foreign Nationals,65 years and over,Other nationalities (5),Male,2008,190.0
PPSN Allocations to Foreign Nationals,65 years and over,Other nationalities (5),Male,2009,184.0
PPSN Allocations to Foreign Nationals,65 years and over,Other nationalities (5),Male,2010,115.0
PPSN Allocations to Foreign Nationals,65 years and over,Other nationalities (5),Male,2011,82.0
PPSN Allocations to Foreign Nationals,65 years and over,Other nationalities (5),Male,2012,119.0
PPSN Allocations to Foreign Nationals,65 years and over,Other nationalities (5),Male,2013,184.0
PPSN Allocations to Foreign Nationals,65 years and over,Other nationalities (5),Male,2014,280.0
PPSN Allocations to Foreign Nationals,65 years and over,Other nationalities (5),Male,2015,250.0
PPSN Allocations to Foreign Nationals,65 years and over,Other nationalities (5),Male,2016,274.0
PPSN Allocations to Foreign Nationals,65 years and over,Other nationalities (5),Male,2017,222.0
PPSN Allocations to Foreign Nationals,65 years and over,Other nationalities (5),Male,2018,200.0
PPSN Allocations to Foreign Nationals,65 years and over,Other nationalities (5),Female,2002,64.0
PPSN Allocations to Foreign Nationals,65 years and over,Other nationalities (5),Female,2003,51.0
PPSN Allocations to Foreign Nationals,65 years and over,Other nationalities (5),Female,2004,70.0
PPSN Allocations to Foreign Nationals,65 years and over,Other nationalities (5),Female,2005,78.0
PPSN Allocations to Foreign Nationals,65 years and over,Other nationalities (5),Female,2006,58.0
PPSN Allocations to Foreign Nationals,65 years and over,Other nationalities (5),Female,2007,74.0
PPSN Allocations to Foreign Nationals,65 years and over,Other nationalities (5),Female,2008,213.0
PPSN Allocations to Foreign Nationals,65 years and over,Other nationalities (5),Female,2009,202.0
PPSN Allocations to Foreign Nationals,65 years and over,Other nationalities (5),Female,2010,136.0
PPSN Allocations to Foreign Nationals,65 years and over,Other nationalities (5),Female,2011,104.0
PPSN Allocations to Foreign Nationals,65 years and over,Other nationalities (5),Female,2012,127.0
PPSN Allocations to Foreign Nationals,65 years and over,Other nationalities (5),Female,2013,176.0
PPSN Allocations to Foreign Nationals,65 years and over,Other nationalities (5),Female,2014,292.0
PPSN Allocations to Foreign Nationals,65 years and over,Other nationalities (5),Female,2015,280.0
PPSN Allocations to Foreign Nationals,65 years and over,Other nationalities (5),Female,2016,300.0
PPSN Allocations to Foreign Nationals,65 years and over,Other nationalities (5),Female,2017,239.0
PPSN Allocations to Foreign Nationals,65 years and over,Other nationalities (5),Female,2018,210.0
PPSN Allocations to Foreign Nationals,65 years and over,American (US),Both sexes,2002,211.0
PPSN Allocations to Foreign Nationals,65 years and over,American (US),Both sexes,2003,237.0
PPSN Allocations to Foreign Nationals,65 years and over,American (US),Both sexes,2004,293.0
PPSN Allocations to Foreign Nationals,65 years and over,American (US),Both sexes,2005,262.0
PPSN Allocations to Foreign Nationals,65 years and over,American (US),Both sexes,2006,245.0
PPSN Allocations to Foreign Nationals,65 years and over,American (US),Both sexes,2007,273.0
PPSN Allocations to Foreign Nationals,65 years and over,American (US),Both sexes,2008,255.0
PPSN Allocations to Foreign Nationals,65 years and over,American (US),Both sexes,2009,290.0
PPSN Allocations to Foreign Nationals,65 years and over,American (US),Both sexes,2010,365.0
PPSN Allocations to Foreign Nationals,65 years and over,American (US),Both sexes,2011,336.0
PPSN Allocations to Foreign Nationals,65 years and over,American (US),Both sexes,2012,325.0
PPSN Allocations to Foreign Nationals,65 years and over,American (US),Both sexes,2013,380.0
PPSN Allocations to Foreign Nationals,65 years and over,American (US),Both sexes,2014,417.0
PPSN Allocations to Foreign Nationals,65 years and over,American (US),Both sexes,2015,405.0
PPSN Allocations to Foreign Nationals,65 years and over,American (US),Both sexes,2016,422.0
PPSN Allocations to Foreign Nationals,65 years and over,American (US),Both sexes,2017,527.0
PPSN Allocations to Foreign Nationals,65 years and over,American (US),Both sexes,2018,430.0
PPSN Allocations to Foreign Nationals,65 years and over,American (US),Male,2002,114.0
PPSN Allocations to Foreign Nationals,65 years and over,American (US),Male,2003,111.0
PPSN Allocations to Foreign Nationals,65 years and over,American (US),Male,2004,163.0
PPSN Allocations to Foreign Nationals,65 years and over,American (US),Male,2005,139.0
PPSN Allocations to Foreign Nationals,65 years and over,American (US),Male,2006,116.0
PPSN Allocations to Foreign Nationals,65 years and over,American (US),Male,2007,129.0
PPSN Allocations to Foreign Nationals,65 years and over,American (US),Male,2008,130.0
PPSN Allocations to Foreign Nationals,65 years and over,American (US),Male,2009,127.0
PPSN Allocations to Foreign Nationals,65 years and over,American (US),Male,2010,175.0
PPSN Allocations to Foreign Nationals,65 years and over,American (US),Male,2011,145.0
PPSN Allocations to Foreign Nationals,65 years and over,American (US),Male,2012,149.0
PPSN Allocations to Foreign Nationals,65 years and over,American (US),Male,2013,176.0
PPSN Allocations to Foreign Nationals,65 years and over,American (US),Male,2014,185.0
PPSN Allocations to Foreign Nationals,65 years and over,American (US),Male,2015,203.0
PPSN Allocations to Foreign Nationals,65 years and over,American (US),Male,2016,204.0
PPSN Allocations to Foreign Nationals,65 years and over,American (US),Male,2017,263.0
PPSN Allocations to Foreign Nationals,65 years and over,American (US),Male,2018,191.0
PPSN Allocations to Foreign Nationals,65 years and over,American (US),Female,2002,97.0
PPSN Allocations to Foreign Nationals,65 years and over,American (US),Female,2003,126.0
PPSN Allocations to Foreign Nationals,65 years and over,American (US),Female,2004,130.0
PPSN Allocations to Foreign Nationals,65 years and over,American (US),Female,2005,123.0
PPSN Allocations to Foreign Nationals,65 years and over,American (US),Female,2006,129.0
PPSN Allocations to Foreign Nationals,65 years and over,American (US),Female,2007,144.0
PPSN Allocations to Foreign Nationals,65 years and over,American (US),Female,2008,125.0
PPSN Allocations to Foreign Nationals,65 years and over,American (US),Female,2009,163.0
PPSN Allocations to Foreign Nationals,65 years and over,American (US),Female,2010,190.0
PPSN Allocations to Foreign Nationals,65 years and over,American (US),Female,2011,191.0
PPSN Allocations to Foreign Nationals,65 years and over,American (US),Female,2012,176.0
PPSN Allocations to Foreign Nationals,65 years and over,American (US),Female,2013,204.0
PPSN Allocations to Foreign Nationals,65 years and over,American (US),Female,2014,232.0
PPSN Allocations to Foreign Nationals,65 years and over,American (US),Female,2015,202.0
PPSN Allocations to Foreign Nationals,65 years and over,American (US),Female,2016,218.0
PPSN Allocations to Foreign Nationals,65 years and over,American (US),Female,2017,264.0
PPSN Allocations to Foreign Nationals,65 years and over,American (US),Female,2018,239.0
PPSN Allocations to Foreign Nationals,All ages,All nationalities,Both sexes,2002,82830.0
PPSN Allocations to Foreign Nationals,All ages,All nationalities,Both sexes,2003,77963.0
PPSN Allocations to Foreign Nationals,All ages,All nationalities,Both sexes,2004,121274.0
PPSN Allocations to Foreign Nationals,All ages,All nationalities,Both sexes,2005,181639.0
PPSN Allocations to Foreign Nationals,All ages,All nationalities,Both sexes,2006,222887.0
PPSN Allocations to Foreign Nationals,All ages,All nationalities,Both sexes,2007,212185.0
PPSN Allocations to Foreign Nationals,All ages,All nationalities,Both sexes,2008,152724.0
PPSN Allocations to Foreign Nationals,All ages,All nationalities,Both sexes,2009,78381.0
PPSN Allocations to Foreign Nationals,All ages,All nationalities,Both sexes,2010,67831.0
PPSN Allocations to Foreign Nationals,All ages,All nationalities,Both sexes,2011,67015.0
PPSN Allocations to Foreign Nationals,All ages,All nationalities,Both sexes,2012,72687.0
PPSN Allocations to Foreign Nationals,All ages,All nationalities,Both sexes,2013,85021.0
PPSN Allocations to Foreign Nationals,All ages,All nationalities,Both sexes,2014,96080.0
PPSN Allocations to Foreign Nationals,All ages,All nationalities,Both sexes,2015,94650.0
PPSN Allocations to Foreign Nationals,All ages,All nationalities,Both sexes,2016,107730.0
PPSN Allocations to Foreign Nationals,All ages,All nationalities,Both sexes,2017,116303.0
PPSN Allocations to Foreign Nationals,All ages,All nationalities,Both sexes,2018,123135.0
PPSN Allocations to Foreign Nationals,All ages,All nationalities,Male,2002,44908.0
PPSN Allocations to Foreign Nationals,All ages,All nationalities,Male,2003,43003.0
PPSN Allocations to Foreign Nationals,All ages,All nationalities,Male,2004,72801.0
PPSN Allocations to Foreign Nationals,All ages,All nationalities,Male,2005,109850.0
PPSN Allocations to Foreign Nationals,All ages,All nationalities,Male,2006,131293.0
PPSN Allocations to Foreign Nationals,All ages,All nationalities,Male,2007,118920.0
PPSN Allocations to Foreign Nationals,All ages,All nationalities,Male,2008,80526.0
PPSN Allocations to Foreign Nationals,All ages,All nationalities,Male,2009,39672.0
PPSN Allocations to Foreign Nationals,All ages,All nationalities,Male,2010,34875.0
PPSN Allocations to Foreign Nationals,All ages,All nationalities,Male,2011,34376.0
PPSN Allocations to Foreign Nationals,All ages,All nationalities,Male,2012,37255.0
PPSN Allocations to Foreign Nationals,All ages,All nationalities,Male,2013,44401.0
PPSN Allocations to Foreign Nationals,All ages,All nationalities,Male,2014,50905.0
PPSN Allocations to Foreign Nationals,All ages,All nationalities,Male,2015,51722.0
PPSN Allocations to Foreign Nationals,All ages,All nationalities,Male,2016,58587.0
PPSN Allocations to Foreign Nationals,All ages,All nationalities,Male,2017,62231.0
PPSN Allocations to Foreign Nationals,All ages,All nationalities,Male,2018,66289.0
PPSN Allocations to Foreign Nationals,All ages,All nationalities,Female,2002,37922.0
PPSN Allocations to Foreign Nationals,All ages,All nationalities,Female,2003,34960.0
PPSN Allocations to Foreign Nationals,All ages,All nationalities,Female,2004,48473.0
PPSN Allocations to Foreign Nationals,All ages,All nationalities,Female,2005,71789.0
PPSN Allocations to Foreign Nationals,All ages,All nationalities,Female,2006,91594.0
PPSN Allocations to Foreign Nationals,All ages,All nationalities,Female,2007,93265.0
PPSN Allocations to Foreign Nationals,All ages,All nationalities,Female,2008,72198.0
PPSN Allocations to Foreign Nationals,All ages,All nationalities,Female,2009,38709.0
PPSN Allocations to Foreign Nationals,All ages,All nationalities,Female,2010,32956.0
PPSN Allocations to Foreign Nationals,All ages,All nationalities,Female,2011,32639.0
PPSN Allocations to Foreign Nationals,All ages,All nationalities,Female,2012,35394.0
PPSN Allocations to Foreign Nationals,All ages,All nationalities,Female,2013,40620.0
PPSN Allocations to Foreign Nationals,All ages,All nationalities,Female,2014,45175.0
PPSN Allocations to Foreign Nationals,All ages,All nationalities,Female,2015,42928.0
PPSN Allocations to Foreign Nationals,All ages,All nationalities,Female,2016,49143.0
PPSN Allocations to Foreign Nationals,All ages,All nationalities,Female,2017,54072.0
PPSN Allocations to Foreign Nationals,All ages,All nationalities,Female,2018,56846.0
PPSN Allocations to Foreign Nationals,All ages,EU25 to EU28 states,Both sexes,2002,3360.0
PPSN Allocations to Foreign Nationals,All ages,EU25 to EU28 states,Both sexes,2003,2052.0
PPSN Allocations to Foreign Nationals,All ages,EU25 to EU28 states,Both sexes,2004,943.0
PPSN Allocations to Foreign Nationals,All ages,EU25 to EU28 states,Both sexes,2005,1054.0
PPSN Allocations to Foreign Nationals,All ages,EU25 to EU28 states,Both sexes,2006,3686.0
PPSN Allocations to Foreign Nationals,All ages,EU25 to EU28 states,Both sexes,2007,15484.0
PPSN Allocations to Foreign Nationals,All ages,EU25 to EU28 states,Both sexes,2008,7603.0
PPSN Allocations to Foreign Nationals,All ages,EU25 to EU28 states,Both sexes,2009,2979.0
PPSN Allocations to Foreign Nationals,All ages,EU25 to EU28 states,Both sexes,2010,3326.0
PPSN Allocations to Foreign Nationals,All ages,EU25 to EU28 states,Both sexes,2011,4163.0
PPSN Allocations to Foreign Nationals,All ages,EU25 to EU28 states,Both sexes,2012,5838.0
PPSN Allocations to Foreign Nationals,All ages,EU25 to EU28 states,Both sexes,2013,9079.0
PPSN Allocations to Foreign Nationals,All ages,EU25 to EU28 states,Both sexes,2014,12187.0
PPSN Allocations to Foreign Nationals,All ages,EU25 to EU28 states,Both sexes,2015,14085.0
PPSN Allocations to Foreign Nationals,All ages,EU25 to EU28 states,Both sexes,2016,17822.0
PPSN Allocations to Foreign Nationals,All ages,EU25 to EU28 states,Both sexes,2017,18682.0
PPSN Allocations to Foreign Nationals,All ages,EU25 to EU28 states,Both sexes,2018,20187.0
PPSN Allocations to Foreign Nationals,All ages,EU25 to EU28 states,Male,2002,1938.0
PPSN Allocations to Foreign Nationals,All ages,EU25 to EU28 states,Male,2003,1224.0
PPSN Allocations to Foreign Nationals,All ages,EU25 to EU28 states,Male,2004,482.0
PPSN Allocations to Foreign Nationals,All ages,EU25 to EU28 states,Male,2005,585.0
PPSN Allocations to Foreign Nationals,All ages,EU25 to EU28 states,Male,2006,2503.0
PPSN Allocations to Foreign Nationals,All ages,EU25 to EU28 states,Male,2007,10301.0
PPSN Allocations to Foreign Nationals,All ages,EU25 to EU28 states,Male,2008,4278.0
PPSN Allocations to Foreign Nationals,All ages,EU25 to EU28 states,Male,2009,1557.0
PPSN Allocations to Foreign Nationals,All ages,EU25 to EU28 states,Male,2010,1826.0
PPSN Allocations to Foreign Nationals,All ages,EU25 to EU28 states,Male,2011,2231.0
PPSN Allocations to Foreign Nationals,All ages,EU25 to EU28 states,Male,2012,3199.0
PPSN Allocations to Foreign Nationals,All ages,EU25 to EU28 states,Male,2013,5138.0
PPSN Allocations to Foreign Nationals,All ages,EU25 to EU28 states,Male,2014,7102.0
PPSN Allocations to Foreign Nationals,All ages,EU25 to EU28 states,Male,2015,8522.0
PPSN Allocations to Foreign Nationals,All ages,EU25 to EU28 states,Male,2016,10947.0
PPSN Allocations to Foreign Nationals,All ages,EU25 to EU28 states,Male,2017,11511.0
PPSN Allocations to Foreign Nationals,All ages,EU25 to EU28 states,Male,2018,12547.0
PPSN Allocations to Foreign Nationals,All ages,EU25 to EU28 states,Female,2002,1422.0
PPSN Allocations to Foreign Nationals,All ages,EU25 to EU28 states,Female,2003,828.0
PPSN Allocations to Foreign Nationals,All ages,EU25 to EU28 states,Female,2004,461.0
PPSN Allocations to Foreign Nationals,All ages,EU25 to EU28 states,Female,2005,469.0
PPSN Allocations to Foreign Nationals,All ages,EU25 to EU28 states,Female,2006,1183.0
PPSN Allocations to Foreign Nationals,All ages,EU25 to EU28 states,Female,2007,5183.0
PPSN Allocations to Foreign Nationals,All ages,EU25 to EU28 states,Female,2008,3325.0
PPSN Allocations to Foreign Nationals,All ages,EU25 to EU28 states,Female,2009,1422.0
PPSN Allocations to Foreign Nationals,All ages,EU25 to EU28 states,Female,2010,1500.0
PPSN Allocations to Foreign Nationals,All ages,EU25 to EU28 states,Female,2011,1932.0
PPSN Allocations to Foreign Nationals,All ages,EU25 to EU28 states,Female,2012,2639.0
PPSN Allocations to Foreign Nationals,All ages,EU25 to EU28 states,Female,2013,3941.0
PPSN Allocations to Foreign Nationals,All ages,EU25 to EU28 states,Female,2014,5085.0
PPSN Allocations to Foreign Nationals,All ages,EU25 to EU28 states,Female,2015,5563.0
PPSN Allocations to Foreign Nationals,All ages,EU25 to EU28 states,Female,2016,6875.0
PPSN Allocations to Foreign Nationals,All ages,EU25 to EU28 states,Female,2017,7171.0
PPSN Allocations to Foreign Nationals,All ages,EU25 to EU28 states,Female,2018,7640.0
PPSN Allocations to Foreign Nationals,All ages,EU15 to EU25 states,Both sexes,2002,9437.0
PPSN Allocations to Foreign Nationals,All ages,EU15 to EU25 states,Both sexes,2003,9530.0
PPSN Allocations to Foreign Nationals,All ages,EU15 to EU25 states,Both sexes,2004,58725.0
PPSN Allocations to Foreign Nationals,All ages,EU15 to EU25 states,Both sexes,2005,111518.0
PPSN Allocations to Foreign Nationals,All ages,EU15 to EU25 states,Both sexes,2006,138625.0
PPSN Allocations to Foreign Nationals,All ages,EU15 to EU25 states,Both sexes,2007,113205.0
PPSN Allocations to Foreign Nationals,All ages,EU15 to EU25 states,Both sexes,2008,65711.0
PPSN Allocations to Foreign Nationals,All ages,EU15 to EU25 states,Both sexes,2009,26445.0
PPSN Allocations to Foreign Nationals,All ages,EU15 to EU25 states,Both sexes,2010,20168.0
PPSN Allocations to Foreign Nationals,All ages,EU15 to EU25 states,Both sexes,2011,17379.0
PPSN Allocations to Foreign Nationals,All ages,EU15 to EU25 states,Both sexes,2012,17379.0
PPSN Allocations to Foreign Nationals,All ages,EU15 to EU25 states,Both sexes,2013,17367.0
PPSN Allocations to Foreign Nationals,All ages,EU15 to EU25 states,Both sexes,2014,16693.0
PPSN Allocations to Foreign Nationals,All ages,EU15 to EU25 states,Both sexes,2015,15745.0
PPSN Allocations to Foreign Nationals,All ages,EU15 to EU25 states,Both sexes,2016,15681.0
PPSN Allocations to Foreign Nationals,All ages,EU15 to EU25 states,Both sexes,2017,14875.0
PPSN Allocations to Foreign Nationals,All ages,EU15 to EU25 states,Both sexes,2018,14353.0
PPSN Allocations to Foreign Nationals,All ages,EU15 to EU25 states,Male,2002,5362.0
PPSN Allocations to Foreign Nationals,All ages,EU15 to EU25 states,Male,2003,5657.0
PPSN Allocations to Foreign Nationals,All ages,EU15 to EU25 states,Male,2004,39173.0
PPSN Allocations to Foreign Nationals,All ages,EU15 to EU25 states,Male,2005,71563.0
PPSN Allocations to Foreign Nationals,All ages,EU15 to EU25 states,Male,2006,83644.0
PPSN Allocations to Foreign Nationals,All ages,EU15 to EU25 states,Male,2007,63105.0
PPSN Allocations to Foreign Nationals,All ages,EU15 to EU25 states,Male,2008,33397.0
PPSN Allocations to Foreign Nationals,All ages,EU15 to EU25 states,Male,2009,12235.0
PPSN Allocations to Foreign Nationals,All ages,EU15 to EU25 states,Male,2010,9624.0
PPSN Allocations to Foreign Nationals,All ages,EU15 to EU25 states,Male,2011,8256.0
PPSN Allocations to Foreign Nationals,All ages,EU15 to EU25 states,Male,2012,8218.0
PPSN Allocations to Foreign Nationals,All ages,EU15 to EU25 states,Male,2013,8381.0
PPSN Allocations to Foreign Nationals,All ages,EU15 to EU25 states,Male,2014,8551.0
PPSN Allocations to Foreign Nationals,All ages,EU15 to EU25 states,Male,2015,8074.0
PPSN Allocations to Foreign Nationals,All ages,EU15 to EU25 states,Male,2016,8565.0
PPSN Allocations to Foreign Nationals,All ages,EU15 to EU25 states,Male,2017,8195.0
PPSN Allocations to Foreign Nationals,All ages,EU15 to EU25 states,Male,2018,7923.0
PPSN Allocations to Foreign Nationals,All ages,EU15 to EU25 states,Female,2002,4075.0
PPSN Allocations to Foreign Nationals,All ages,EU15 to EU25 states,Female,2003,3873.0
PPSN Allocations to Foreign Nationals,All ages,EU15 to EU25 states,Female,2004,19552.0
PPSN Allocations to Foreign Nationals,All ages,EU15 to EU25 states,Female,2005,39955.0
PPSN Allocations to Foreign Nationals,All ages,EU15 to EU25 states,Female,2006,54981.0
PPSN Allocations to Foreign Nationals,All ages,EU15 to EU25 states,Female,2007,50100.0
PPSN Allocations to Foreign Nationals,All ages,EU15 to EU25 states,Female,2008,32314.0
PPSN Allocations to Foreign Nationals,All ages,EU15 to EU25 states,Female,2009,14210.0
PPSN Allocations to Foreign Nationals,All ages,EU15 to EU25 states,Female,2010,10544.0
PPSN Allocations to Foreign Nationals,All ages,EU15 to EU25 states,Female,2011,9123.0
PPSN Allocations to Foreign Nationals,All ages,EU15 to EU25 states,Female,2012,9160.0
PPSN Allocations to Foreign Nationals,All ages,EU15 to EU25 states,Female,2013,8986.0
PPSN Allocations to Foreign Nationals,All ages,EU15 to EU25 states,Female,2014,8142.0
PPSN Allocations to Foreign Nationals,All ages,EU15 to EU25 states,Female,2015,7671.0
PPSN Allocations to Foreign Nationals,All ages,EU15 to EU25 states,Female,2016,7116.0
PPSN Allocations to Foreign Nationals,All ages,EU15 to EU25 states,Female,2017,6680.0
PPSN Allocations to Foreign Nationals,All ages,EU15 to EU25 states,Female,2018,6430.0
PPSN Allocations to Foreign Nationals,All ages,EU15 excluding Irish and UK,Both sexes,2002,18564.0
PPSN Allocations to Foreign Nationals,All ages,EU15 excluding Irish and UK,Both sexes,2003,19226.0
PPSN Allocations to Foreign Nationals,All ages,EU15 excluding Irish and UK,Both sexes,2004,19788.0
PPSN Allocations to Foreign Nationals,All ages,EU15 excluding Irish and UK,Both sexes,2005,22067.0
PPSN Allocations to Foreign Nationals,All ages,EU15 excluding Irish and UK,Both sexes,2006,25607.0
PPSN Allocations to Foreign Nationals,All ages,EU15 excluding Irish and UK,Both sexes,2007,27507.0
PPSN Allocations to Foreign Nationals,All ages,EU15 excluding Irish and UK,Both sexes,2008,25848.0
PPSN Allocations to Foreign Nationals,All ages,EU15 excluding Irish and UK,Both sexes,2009,13420.0
PPSN Allocations to Foreign Nationals,All ages,EU15 excluding Irish and UK,Both sexes,2010,12738.0
PPSN Allocations to Foreign Nationals,All ages,EU15 excluding Irish and UK,Both sexes,2011,12933.0
PPSN Allocations to Foreign Nationals,All ages,EU15 excluding Irish and UK,Both sexes,2012,15442.0
PPSN Allocations to Foreign Nationals,All ages,EU15 excluding Irish and UK,Both sexes,2013,18333.0
PPSN Allocations to Foreign Nationals,All ages,EU15 excluding Irish and UK,Both sexes,2014,20478.0
PPSN Allocations to Foreign Nationals,All ages,EU15 excluding Irish and UK,Both sexes,2015,19290.0
PPSN Allocations to Foreign Nationals,All ages,EU15 excluding Irish and UK,Both sexes,2016,23206.0
PPSN Allocations to Foreign Nationals,All ages,EU15 excluding Irish and UK,Both sexes,2017,25573.0
PPSN Allocations to Foreign Nationals,All ages,EU15 excluding Irish and UK,Both sexes,2018,26360.0
PPSN Allocations to Foreign Nationals,All ages,EU15 excluding Irish and UK,Male,2002,9031.0
PPSN Allocations to Foreign Nationals,All ages,EU15 excluding Irish and UK,Male,2003,9804.0
PPSN Allocations to Foreign Nationals,All ages,EU15 excluding Irish and UK,Male,2004,10178.0
PPSN Allocations to Foreign Nationals,All ages,EU15 excluding Irish and UK,Male,2005,11567.0
PPSN Allocations to Foreign Nationals,All ages,EU15 excluding Irish and UK,Male,2006,13994.0
PPSN Allocations to Foreign Nationals,All ages,EU15 excluding Irish and UK,Male,2007,14848.0
PPSN Allocations to Foreign Nationals,All ages,EU15 excluding Irish and UK,Male,2008,14035.0
PPSN Allocations to Foreign Nationals,All ages,EU15 excluding Irish and UK,Male,2009,7175.0
PPSN Allocations to Foreign Nationals,All ages,EU15 excluding Irish and UK,Male,2010,6804.0
PPSN Allocations to Foreign Nationals,All ages,EU15 excluding Irish and UK,Male,2011,6964.0
PPSN Allocations to Foreign Nationals,All ages,EU15 excluding Irish and UK,Male,2012,8293.0
PPSN Allocations to Foreign Nationals,All ages,EU15 excluding Irish and UK,Male,2013,9700.0
PPSN Allocations to Foreign Nationals,All ages,EU15 excluding Irish and UK,Male,2014,10639.0
PPSN Allocations to Foreign Nationals,All ages,EU15 excluding Irish and UK,Male,2015,10179.0
PPSN Allocations to Foreign Nationals,All ages,EU15 excluding Irish and UK,Male,2016,12217.0
PPSN Allocations to Foreign Nationals,All ages,EU15 excluding Irish and UK,Male,2017,13466.0
PPSN Allocations to Foreign Nationals,All ages,EU15 excluding Irish and UK,Male,2018,13721.0
PPSN Allocations to Foreign Nationals,All ages,EU15 excluding Irish and UK,Female,2002,9533.0
PPSN Allocations to Foreign Nationals,All ages,EU15 excluding Irish and UK,Female,2003,9422.0
PPSN Allocations to Foreign Nationals,All ages,EU15 excluding Irish and UK,Female,2004,9610.0
PPSN Allocations to Foreign Nationals,All ages,EU15 excluding Irish and UK,Female,2005,10500.0
PPSN Allocations to Foreign Nationals,All ages,EU15 excluding Irish and UK,Female,2006,11613.0
PPSN Allocations to Foreign Nationals,All ages,EU15 excluding Irish and UK,Female,2007,12659.0
PPSN Allocations to Foreign Nationals,All ages,EU15 excluding Irish and UK,Female,2008,11813.0
PPSN Allocations to Foreign Nationals,All ages,EU15 excluding Irish and UK,Female,2009,6245.0
PPSN Allocations to Foreign Nationals,All ages,EU15 excluding Irish and UK,Female,2010,5934.0
PPSN Allocations to Foreign Nationals,All ages,EU15 excluding Irish and UK,Female,2011,5969.0
PPSN Allocations to Foreign Nationals,All ages,EU15 excluding Irish and UK,Female,2012,7148.0
PPSN Allocations to Foreign Nationals,All ages,EU15 excluding Irish and UK,Female,2013,8633.0
PPSN Allocations to Foreign Nationals,All ages,EU15 excluding Irish and UK,Female,2014,9839.0
PPSN Allocations to Foreign Nationals,All ages,EU15 excluding Irish and UK,Female,2015,9111.0
PPSN Allocations to Foreign Nationals,All ages,EU15 excluding Irish and UK,Female,2016,10989.0
PPSN Allocations to Foreign Nationals,All ages,EU15 excluding Irish and UK,Female,2017,12107.0
PPSN Allocations to Foreign Nationals,All ages,EU15 excluding Irish and UK,Female,2018,12639.0
PPSN Allocations to Foreign Nationals,All ages,UK,Both sexes,2002,18946.0
PPSN Allocations to Foreign Nationals,All ages,UK,Both sexes,2003,18243.0
PPSN Allocations to Foreign Nationals,All ages,UK,Both sexes,2004,18121.0
PPSN Allocations to Foreign Nationals,All ages,UK,Both sexes,2005,20209.0
PPSN Allocations to Foreign Nationals,All ages,UK,Both sexes,2006,21864.0
PPSN Allocations to Foreign Nationals,All ages,UK,Both sexes,2007,21809.0
PPSN Allocations to Foreign Nationals,All ages,UK,Both sexes,2008,19612.0
PPSN Allocations to Foreign Nationals,All ages,UK,Both sexes,2009,13909.0
PPSN Allocations to Foreign Nationals,All ages,UK,Both sexes,2010,13398.0
PPSN Allocations to Foreign Nationals,All ages,UK,Both sexes,2011,13077.0
PPSN Allocations to Foreign Nationals,All ages,UK,Both sexes,2012,12703.0
PPSN Allocations to Foreign Nationals,All ages,UK,Both sexes,2013,13156.0
PPSN Allocations to Foreign Nationals,All ages,UK,Both sexes,2014,13812.0
PPSN Allocations to Foreign Nationals,All ages,UK,Both sexes,2015,16121.0
PPSN Allocations to Foreign Nationals,All ages,UK,Both sexes,2016,15905.0
PPSN Allocations to Foreign Nationals,All ages,UK,Both sexes,2017,15332.0
PPSN Allocations to Foreign Nationals,All ages,UK,Both sexes,2018,15095.0
PPSN Allocations to Foreign Nationals,All ages,UK,Male,2002,10289.0
PPSN Allocations to Foreign Nationals,All ages,UK,Male,2003,10089.0
PPSN Allocations to Foreign Nationals,All ages,UK,Male,2004,10170.0
PPSN Allocations to Foreign Nationals,All ages,UK,Male,2005,11477.0
PPSN Allocations to Foreign Nationals,All ages,UK,Male,2006,12402.0
PPSN Allocations to Foreign Nationals,All ages,UK,Male,2007,12084.0
PPSN Allocations to Foreign Nationals,All ages,UK,Male,2008,10896.0
PPSN Allocations to Foreign Nationals,All ages,UK,Male,2009,7718.0
PPSN Allocations to Foreign Nationals,All ages,UK,Male,2010,7523.0
PPSN Allocations to Foreign Nationals,All ages,UK,Male,2011,7150.0
PPSN Allocations to Foreign Nationals,All ages,UK,Male,2012,7012.0
PPSN Allocations to Foreign Nationals,All ages,UK,Male,2013,7336.0
PPSN Allocations to Foreign Nationals,All ages,UK,Male,2014,7722.0
PPSN Allocations to Foreign Nationals,All ages,UK,Male,2015,9291.0
PPSN Allocations to Foreign Nationals,All ages,UK,Male,2016,9069.0
PPSN Allocations to Foreign Nationals,All ages,UK,Male,2017,8748.0
PPSN Allocations to Foreign Nationals,All ages,UK,Male,2018,8652.0
PPSN Allocations to Foreign Nationals,All ages,UK,Female,2002,8657.0
PPSN Allocations to Foreign Nationals,All ages,UK,Female,2003,8154.0
PPSN Allocations to Foreign Nationals,All ages,UK,Female,2004,7951.0
PPSN Allocations to Foreign Nationals,All ages,UK,Female,2005,8732.0
PPSN Allocations to Foreign Nationals,All ages,UK,Female,2006,9462.0
PPSN Allocations to Foreign Nationals,All ages,UK,Female,2007,9725.0
PPSN Allocations to Foreign Nationals,All ages,UK,Female,2008,8716.0
PPSN Allocations to Foreign Nationals,All ages,UK,Female,2009,6191.0
PPSN Allocations to Foreign Nationals,All ages,UK,Female,2010,5875.0
PPSN Allocations to Foreign Nationals,All ages,UK,Female,2011,5927.0
PPSN Allocations to Foreign Nationals,All ages,UK,Female,2012,5689.0
PPSN Allocations to Foreign Nationals,All ages,UK,Female,2013,5820.0
PPSN Allocations to Foreign Nationals,All ages,UK,Female,2014,6090.0
PPSN Allocations to Foreign Nationals,All ages,UK,Female,2015,6830.0
PPSN Allocations to Foreign Nationals,All ages,UK,Female,2016,6836.0
PPSN Allocations to Foreign Nationals,All ages,UK,Female,2017,6584.0
PPSN Allocations to Foreign Nationals,All ages,UK,Female,2018,6443.0
PPSN Allocations to Foreign Nationals,All ages,Other nationalities (5),Both sexes,2002,29820.0
PPSN Allocations to Foreign Nationals,All ages,Other nationalities (5),Both sexes,2003,25957.0
PPSN Allocations to Foreign Nationals,All ages,Other nationalities (5),Both sexes,2004,20561.0
PPSN Allocations to Foreign Nationals,All ages,Other nationalities (5),Both sexes,2005,23052.0
PPSN Allocations to Foreign Nationals,All ages,Other nationalities (5),Both sexes,2006,29111.0
PPSN Allocations to Foreign Nationals,All ages,Other nationalities (5),Both sexes,2007,30380.0
PPSN Allocations to Foreign Nationals,All ages,Other nationalities (5),Both sexes,2008,30494.0
PPSN Allocations to Foreign Nationals,All ages,Other nationalities (5),Both sexes,2009,19090.0
PPSN Allocations to Foreign Nationals,All ages,Other nationalities (5),Both sexes,2010,15689.0
PPSN Allocations to Foreign Nationals,All ages,Other nationalities (5),Both sexes,2011,16772.0
PPSN Allocations to Foreign Nationals,All ages,Other nationalities (5),Both sexes,2012,18649.0
PPSN Allocations to Foreign Nationals,All ages,Other nationalities (5),Both sexes,2013,24057.0
PPSN Allocations to Foreign Nationals,All ages,Other nationalities (5),Both sexes,2014,29524.0
PPSN Allocations to Foreign Nationals,All ages,Other nationalities (5),Both sexes,2015,26094.0
PPSN Allocations to Foreign Nationals,All ages,Other nationalities (5),Both sexes,2016,31259.0
PPSN Allocations to Foreign Nationals,All ages,Other nationalities (5),Both sexes,2017,37460.0
PPSN Allocations to Foreign Nationals,All ages,Other nationalities (5),Both sexes,2018,43020.0
PPSN Allocations to Foreign Nationals,All ages,Other nationalities (5),Male,2002,17081.0
PPSN Allocations to Foreign Nationals,All ages,Other nationalities (5),Male,2003,14901.0
PPSN Allocations to Foreign Nationals,All ages,Other nationalities (5),Male,2004,11438.0
PPSN Allocations to Foreign Nationals,All ages,Other nationalities (5),Male,2005,12951.0
PPSN Allocations to Foreign Nationals,All ages,Other nationalities (5),Male,2006,16881.0
PPSN Allocations to Foreign Nationals,All ages,Other nationalities (5),Male,2007,16797.0
PPSN Allocations to Foreign Nationals,All ages,Other nationalities (5),Male,2008,16309.0
PPSN Allocations to Foreign Nationals,All ages,Other nationalities (5),Male,2009,9887.0
PPSN Allocations to Foreign Nationals,All ages,Other nationalities (5),Male,2010,7898.0
PPSN Allocations to Foreign Nationals,All ages,Other nationalities (5),Male,2011,8571.0
PPSN Allocations to Foreign Nationals,All ages,Other nationalities (5),Male,2012,9277.0
PPSN Allocations to Foreign Nationals,All ages,Other nationalities (5),Male,2013,12446.0
PPSN Allocations to Foreign Nationals,All ages,Other nationalities (5),Male,2014,15356.0
PPSN Allocations to Foreign Nationals,All ages,Other nationalities (5),Male,2015,14136.0
PPSN Allocations to Foreign Nationals,All ages,Other nationalities (5),Male,2016,16028.0
PPSN Allocations to Foreign Nationals,All ages,Other nationalities (5),Male,2017,18391.0
PPSN Allocations to Foreign Nationals,All ages,Other nationalities (5),Male,2018,21682.0
PPSN Allocations to Foreign Nationals,All ages,Other nationalities (5),Female,2002,12739.0
PPSN Allocations to Foreign Nationals,All ages,Other nationalities (5),Female,2003,11056.0
PPSN Allocations to Foreign Nationals,All ages,Other nationalities (5),Female,2004,9123.0
PPSN Allocations to Foreign Nationals,All ages,Other nationalities (5),Female,2005,10101.0
PPSN Allocations to Foreign Nationals,All ages,Other nationalities (5),Female,2006,12230.0
PPSN Allocations to Foreign Nationals,All ages,Other nationalities (5),Female,2007,13583.0
PPSN Allocations to Foreign Nationals,All ages,Other nationalities (5),Female,2008,14185.0
PPSN Allocations to Foreign Nationals,All ages,Other nationalities (5),Female,2009,9203.0
PPSN Allocations to Foreign Nationals,All ages,Other nationalities (5),Female,2010,7791.0
PPSN Allocations to Foreign Nationals,All ages,Other nationalities (5),Female,2011,8201.0
PPSN Allocations to Foreign Nationals,All ages,Other nationalities (5),Female,2012,9338.0
PPSN Allocations to Foreign Nationals,All ages,Other nationalities (5),Female,2013,11611.0
PPSN Allocations to Foreign Nationals,All ages,Other nationalities (5),Female,2014,14168.0
PPSN Allocations to Foreign Nationals,All ages,Other nationalities (5),Female,2015,11958.0
PPSN Allocations to Foreign Nationals,All ages,Other nationalities (5),Female,2016,15231.0
PPSN Allocations to Foreign Nationals,All ages,Other nationalities (5),Female,2017,19069.0
PPSN Allocations to Foreign Nationals,All ages,Other nationalities (5),Female,2018,21338.0
PPSN Allocations to Foreign Nationals,All ages,American (US),Both sexes,2002,2703.0
PPSN Allocations to Foreign Nationals,All ages,American (US),Both sexes,2003,2955.0
PPSN Allocations to Foreign Nationals,All ages,American (US),Both sexes,2004,3136.0
PPSN Allocations to Foreign Nationals,All ages,American (US),Both sexes,2005,3739.0
PPSN Allocations to Foreign Nationals,All ages,American (US),Both sexes,2006,3994.0
PPSN Allocations to Foreign Nationals,All ages,American (US),Both sexes,2007,3800.0
PPSN Allocations to Foreign Nationals,All ages,American (US),Both sexes,2008,3456.0
PPSN Allocations to Foreign Nationals,All ages,American (US),Both sexes,2009,2538.0
PPSN Allocations to Foreign Nationals,All ages,American (US),Both sexes,2010,2512.0
PPSN Allocations to Foreign Nationals,All ages,American (US),Both sexes,2011,2691.0
PPSN Allocations to Foreign Nationals,All ages,American (US),Both sexes,2012,2676.0
PPSN Allocations to Foreign Nationals,All ages,American (US),Both sexes,2013,3029.0
PPSN Allocations to Foreign Nationals,All ages,American (US),Both sexes,2014,3386.0
PPSN Allocations to Foreign Nationals,All ages,American (US),Both sexes,2015,3315.0
PPSN Allocations to Foreign Nationals,All ages,American (US),Both sexes,2016,3857.0
PPSN Allocations to Foreign Nationals,All ages,American (US),Both sexes,2017,4381.0
PPSN Allocations to Foreign Nationals,All ages,American (US),Both sexes,2018,4120.0
PPSN Allocations to Foreign Nationals,All ages,American (US),Male,2002,1207.0
PPSN Allocations to Foreign Nationals,All ages,American (US),Male,2003,1328.0
PPSN Allocations to Foreign Nationals,All ages,American (US),Male,2004,1360.0
PPSN Allocations to Foreign Nationals,All ages,American (US),Male,2005,1707.0
PPSN Allocations to Foreign Nationals,All ages,American (US),Male,2006,1869.0
PPSN Allocations to Foreign Nationals,All ages,American (US),Male,2007,1785.0
PPSN Allocations to Foreign Nationals,All ages,American (US),Male,2008,1611.0
PPSN Allocations to Foreign Nationals,All ages,American (US),Male,2009,1100.0
PPSN Allocations to Foreign Nationals,All ages,American (US),Male,2010,1200.0
PPSN Allocations to Foreign Nationals,All ages,American (US),Male,2011,1204.0
PPSN Allocations to Foreign Nationals,All ages,American (US),Male,2012,1256.0
PPSN Allocations to Foreign Nationals,All ages,American (US),Male,2013,1400.0
PPSN Allocations to Foreign Nationals,All ages,American (US),Male,2014,1535.0
PPSN Allocations to Foreign Nationals,All ages,American (US),Male,2015,1520.0
PPSN Allocations to Foreign Nationals,All ages,American (US),Male,2016,1761.0
PPSN Allocations to Foreign Nationals,All ages,American (US),Male,2017,1920.0
PPSN Allocations to Foreign Nationals,All ages,American (US),Male,2018,1764.0
PPSN Allocations to Foreign Nationals,All ages,American (US),Female,2002,1496.0
PPSN Allocations to Foreign Nationals,All ages,American (US),Female,2003,1627.0
PPSN Allocations to Foreign Nationals,All ages,American (US),Female,2004,1776.0
PPSN Allocations to Foreign Nationals,All ages,American (US),Female,2005,2032.0
PPSN Allocations to Foreign Nationals,All ages,American (US),Female,2006,2125.0
PPSN Allocations to Foreign Nationals,All ages,American (US),Female,2007,2015.0
PPSN Allocations to Foreign Nationals,All ages,American (US),Female,2008,1845.0
PPSN Allocations to Foreign Nationals,All ages,American (US),Female,2009,1438.0
PPSN Allocations to Foreign Nationals,All ages,American (US),Female,2010,1312.0
PPSN Allocations to Foreign Nationals,All ages,American (US),Female,2011,1487.0
PPSN Allocations to Foreign Nationals,All ages,American (US),Female,2012,1420.0
PPSN Allocations to Foreign Nationals,All ages,American (US),Female,2013,1629.0
PPSN Allocations to Foreign Nationals,All ages,American (US),Female,2014,1851.0
PPSN Allocations to Foreign Nationals,All ages,American (US),Female,2015,1795.0
PPSN Allocations to Foreign Nationals,All ages,American (US),Female,2016,2096.0
PPSN Allocations to Foreign Nationals,All ages,American (US),Female,2017,2461.0
PPSN Allocations to Foreign Nationals,All ages,American (US),Female,2018,2356.0
