Statistic,Year,Sex,Origin or Destination,Country,value
Estimated Migration (Persons in April),1987,Both sexes,Immigrants: All origins,All countries,17.2
Estimated Migration (Persons in April),1987,Both sexes,Immigrants: All origins,EU14 excl Irl (countries in the EU pre 2004 excluding UK & Ireland),2.2
Estimated Migration (Persons in April),1987,Both sexes,Immigrants: All origins,United Kingdom (1),8.1
Estimated Migration (Persons in April),1987,Both sexes,Immigrants: All origins,United States,3.0
Estimated Migration (Persons in April),1987,Both sexes,Immigrants: All origins,Other countries (23),4.0
Estimated Migration (Persons in April),1987,Both sexes,Emigrants: All destinations,All countries,40.2
Estimated Migration (Persons in April),1987,Both sexes,Emigrants: All destinations,EU14 excl Irl (countries in the EU pre 2004 excluding UK & Ireland),3.1
Estimated Migration (Persons in April),1987,Both sexes,Emigrants: All destinations,United Kingdom (1),21.8
Estimated Migration (Persons in April),1987,Both sexes,Emigrants: All destinations,United States,9.9
Estimated Migration (Persons in April),1987,Both sexes,Emigrants: All destinations,Other countries (23),5.4
Estimated Migration (Persons in April),1987,Both sexes,Net migration,All countries,-23.0
Estimated Migration (Persons in April),1987,Both sexes,Net migration,EU14 excl Irl (countries in the EU pre 2004 excluding UK & Ireland),-0.9
Estimated Migration (Persons in April),1987,Both sexes,Net migration,United Kingdom (1),-13.7
Estimated Migration (Persons in April),1987,Both sexes,Net migration,United States,-6.9
Estimated Migration (Persons in April),1987,Both sexes,Net migration,Other countries (23),-1.4
Estimated Migration (Persons in April),1987,Male,Immigrants: All origins,EU14 excl Irl (countries in the EU pre 2004 excluding UK & Ireland),1.0
Estimated Migration (Persons in April),1987,Male,Immigrants: All origins,United Kingdom (1),4.1
Estimated Migration (Persons in April),1987,Male,Immigrants: All origins,United States,1.2
Estimated Migration (Persons in April),1987,Male,Immigrants: All origins,Other countries (23),1.8
Estimated Migration (Persons in April),1987,Male,Emigrants: All destinations,EU14 excl Irl (countries in the EU pre 2004 excluding UK & Ireland),1.2
Estimated Migration (Persons in April),1987,Male,Emigrants: All destinations,United Kingdom (1),13.1
Estimated Migration (Persons in April),1987,Male,Emigrants: All destinations,United States,4.8
Estimated Migration (Persons in April),1987,Male,Emigrants: All destinations,Other countries (23),2.6
Estimated Migration (Persons in April),1987,Male,Net migration,All countries,-13.6
Estimated Migration (Persons in April),1987,Male,Net migration,EU14 excl Irl (countries in the EU pre 2004 excluding UK & Ireland),-0.2
Estimated Migration (Persons in April),1987,Male,Net migration,United Kingdom (1),-9.0
Estimated Migration (Persons in April),1987,Male,Net migration,United States,-3.6
Estimated Migration (Persons in April),1987,Male,Net migration,Other countries (23),-0.8
Estimated Migration (Persons in April),1987,Female,Immigrants: All origins,EU14 excl Irl (countries in the EU pre 2004 excluding UK & Ireland),1.2
Estimated Migration (Persons in April),1987,Female,Immigrants: All origins,United Kingdom (1),4.0
Estimated Migration (Persons in April),1987,Female,Immigrants: All origins,United States,1.7
Estimated Migration (Persons in April),1987,Female,Immigrants: All origins,Other countries (23),2.2
Estimated Migration (Persons in April),1987,Female,Emigrants: All destinations,EU14 excl Irl (countries in the EU pre 2004 excluding UK & Ireland),1.9
Estimated Migration (Persons in April),1987,Female,Emigrants: All destinations,United Kingdom (1),8.7
Estimated Migration (Persons in April),1987,Female,Emigrants: All destinations,United States,5.2
Estimated Migration (Persons in April),1987,Female,Emigrants: All destinations,Other countries (23),2.8
Estimated Migration (Persons in April),1987,Female,Net migration,All countries,-15.1
Estimated Migration (Persons in April),1987,Female,Net migration,EU14 excl Irl (countries in the EU pre 2004 excluding UK & Ireland),-7.5
Estimated Migration (Persons in April),1987,Female,Net migration,United Kingdom (1),-4.7
Estimated Migration (Persons in April),1987,Female,Net migration,United States,-3.5
Estimated Migration (Persons in April),1987,Female,Net migration,Other countries (23),0.6
Estimated Migration (Persons in April),1988,Both sexes,Immigrants: All origins,All countries,19.2
Estimated Migration (Persons in April),1988,Both sexes,Immigrants: All origins,EU14 excl Irl (countries in the EU pre 2004 excluding UK & Ireland),2.6
Estimated Migration (Persons in April),1988,Both sexes,Immigrants: All origins,United Kingdom (1),9.9
Estimated Migration (Persons in April),1988,Both sexes,Immigrants: All origins,United States,3.4
Estimated Migration (Persons in April),1988,Both sexes,Immigrants: All origins,Other countries (23),3.4
Estimated Migration (Persons in April),1988,Both sexes,Emigrants: All destinations,All countries,61.1
Estimated Migration (Persons in April),1988,Both sexes,Emigrants: All destinations,EU14 excl Irl (countries in the EU pre 2004 excluding UK & Ireland),2.8
Estimated Migration (Persons in April),1988,Both sexes,Emigrants: All destinations,United Kingdom (1),40.2
Estimated Migration (Persons in April),1988,Both sexes,Emigrants: All destinations,United States,7.9
Estimated Migration (Persons in April),1988,Both sexes,Emigrants: All destinations,Other countries (23),10.2
Estimated Migration (Persons in April),1988,Both sexes,Net migration,All countries,-41.9
Estimated Migration (Persons in April),1988,Both sexes,Net migration,EU14 excl Irl (countries in the EU pre 2004 excluding UK & Ireland),-0.2
Estimated Migration (Persons in April),1988,Both sexes,Net migration,United Kingdom (1),-30.3
Estimated Migration (Persons in April),1988,Both sexes,Net migration,United States,-4.5
Estimated Migration (Persons in April),1988,Both sexes,Net migration,Other countries (23),-6.8
Estimated Migration (Persons in April),1988,Male,Immigrants: All origins,EU14 excl Irl (countries in the EU pre 2004 excluding UK & Ireland),1.2
Estimated Migration (Persons in April),1988,Male,Immigrants: All origins,United Kingdom (1),5.4
Estimated Migration (Persons in April),1988,Male,Immigrants: All origins,United States,1.7
Estimated Migration (Persons in April),1988,Male,Immigrants: All origins,Other countries (23),1.6
Estimated Migration (Persons in April),1988,Male,Emigrants: All destinations,EU14 excl Irl (countries in the EU pre 2004 excluding UK & Ireland),1.5
Estimated Migration (Persons in April),1988,Male,Emigrants: All destinations,United Kingdom (1),23.5
Estimated Migration (Persons in April),1988,Male,Emigrants: All destinations,United States,3.8
Estimated Migration (Persons in April),1988,Male,Emigrants: All destinations,Other countries (23),5.3
Estimated Migration (Persons in April),1988,Male,Net migration,All countries,-24.2
Estimated Migration (Persons in April),1988,Male,Net migration,EU14 excl Irl (countries in the EU pre 2004 excluding UK & Ireland),-0.3
Estimated Migration (Persons in April),1988,Male,Net migration,United Kingdom (1),-18.1
Estimated Migration (Persons in April),1988,Male,Net migration,United States,-2.1
Estimated Migration (Persons in April),1988,Male,Net migration,Other countries (23),-3.7
Estimated Migration (Persons in April),1988,Female,Immigrants: All origins,EU14 excl Irl (countries in the EU pre 2004 excluding UK & Ireland),1.4
Estimated Migration (Persons in April),1988,Female,Immigrants: All origins,United Kingdom (1),4.5
Estimated Migration (Persons in April),1988,Female,Immigrants: All origins,United States,1.7
Estimated Migration (Persons in April),1988,Female,Immigrants: All origins,Other countries (23),1.7
Estimated Migration (Persons in April),1988,Female,Emigrants: All destinations,EU14 excl Irl (countries in the EU pre 2004 excluding UK & Ireland),1.3
Estimated Migration (Persons in April),1988,Female,Emigrants: All destinations,United Kingdom (1),16.7
Estimated Migration (Persons in April),1988,Female,Emigrants: All destinations,United States,4.2
Estimated Migration (Persons in April),1988,Female,Emigrants: All destinations,Other countries (23),5.0
Estimated Migration (Persons in April),1988,Female,Net migration,All countries,-26.7
Estimated Migration (Persons in April),1988,Female,Net migration,EU14 excl Irl (countries in the EU pre 2004 excluding UK & Ireland),-15.3
Estimated Migration (Persons in April),1988,Female,Net migration,United Kingdom (1),-12.2
Estimated Migration (Persons in April),1988,Female,Net migration,United States,-2.5
Estimated Migration (Persons in April),1988,Female,Net migration,Other countries (23),3.3
Estimated Migration (Persons in April),1989,Both sexes,Immigrants: All origins,All countries,26.7
Estimated Migration (Persons in April),1989,Both sexes,Immigrants: All origins,EU14 excl Irl (countries in the EU pre 2004 excluding UK & Ireland),3.6
Estimated Migration (Persons in April),1989,Both sexes,Immigrants: All origins,United Kingdom (1),14.2
Estimated Migration (Persons in April),1989,Both sexes,Immigrants: All origins,United States,3.1
Estimated Migration (Persons in April),1989,Both sexes,Immigrants: All origins,Other countries (23),5.8
Estimated Migration (Persons in April),1989,Both sexes,Emigrants: All destinations,All countries,70.6
Estimated Migration (Persons in April),1989,Both sexes,Emigrants: All destinations,EU14 excl Irl (countries in the EU pre 2004 excluding UK & Ireland),3.9
Estimated Migration (Persons in April),1989,Both sexes,Emigrants: All destinations,United Kingdom (1),48.4
Estimated Migration (Persons in April),1989,Both sexes,Emigrants: All destinations,United States,8.2
Estimated Migration (Persons in April),1989,Both sexes,Emigrants: All destinations,Other countries (23),10.0
Estimated Migration (Persons in April),1989,Both sexes,Net migration,All countries,-43.9
Estimated Migration (Persons in April),1989,Both sexes,Net migration,EU14 excl Irl (countries in the EU pre 2004 excluding UK & Ireland),-0.3
Estimated Migration (Persons in April),1989,Both sexes,Net migration,United Kingdom (1),-34.2
Estimated Migration (Persons in April),1989,Both sexes,Net migration,United States,-5.4
Estimated Migration (Persons in April),1989,Both sexes,Net migration,Other countries (23),-4.2
Estimated Migration (Persons in April),1989,Male,Immigrants: All origins,EU14 excl Irl (countries in the EU pre 2004 excluding UK & Ireland),1.4
Estimated Migration (Persons in April),1989,Male,Immigrants: All origins,United Kingdom (1),7.4
Estimated Migration (Persons in April),1989,Male,Immigrants: All origins,United States,1.6
Estimated Migration (Persons in April),1989,Male,Immigrants: All origins,Other countries (23),3.2
Estimated Migration (Persons in April),1989,Male,Emigrants: All destinations,EU14 excl Irl (countries in the EU pre 2004 excluding UK & Ireland),1.7
Estimated Migration (Persons in April),1989,Male,Emigrants: All destinations,United Kingdom (1),28.5
Estimated Migration (Persons in April),1989,Male,Emigrants: All destinations,United States,4.3
Estimated Migration (Persons in April),1989,Male,Emigrants: All destinations,Other countries (23),4.7
Estimated Migration (Persons in April),1989,Male,Net migration,All countries,-25.6
Estimated Migration (Persons in April),1989,Male,Net migration,EU14 excl Irl (countries in the EU pre 2004 excluding UK & Ireland),-0.3
Estimated Migration (Persons in April),1989,Male,Net migration,United Kingdom (1),-21.1
Estimated Migration (Persons in April),1989,Male,Net migration,United States,-2.7
Estimated Migration (Persons in April),1989,Male,Net migration,Other countries (23),-1.5
Estimated Migration (Persons in April),1989,Female,Immigrants: All origins,EU14 excl Irl (countries in the EU pre 2004 excluding UK & Ireland),2.2
Estimated Migration (Persons in April),1989,Female,Immigrants: All origins,United Kingdom (1),6.7
Estimated Migration (Persons in April),1989,Female,Immigrants: All origins,United States,1.4
Estimated Migration (Persons in April),1989,Female,Immigrants: All origins,Other countries (23),2.7
Estimated Migration (Persons in April),1989,Female,Emigrants: All destinations,EU14 excl Irl (countries in the EU pre 2004 excluding UK & Ireland),2.2
Estimated Migration (Persons in April),1989,Female,Emigrants: All destinations,United Kingdom (1),19.9
Estimated Migration (Persons in April),1989,Female,Emigrants: All destinations,United States,3.9
Estimated Migration (Persons in April),1989,Female,Emigrants: All destinations,Other countries (23),5.3
Estimated Migration (Persons in April),1989,Female,Net migration,All countries,-30.8
Estimated Migration (Persons in April),1989,Female,Net migration,EU14 excl Irl (countries in the EU pre 2004 excluding UK & Ireland),-17.7
Estimated Migration (Persons in April),1989,Female,Net migration,United Kingdom (1),-13.2
Estimated Migration (Persons in April),1989,Female,Net migration,United States,-2.5
Estimated Migration (Persons in April),1989,Female,Net migration,Other countries (23),2.6
Estimated Migration (Persons in April),1990,Both sexes,Immigrants: All origins,All countries,33.3
Estimated Migration (Persons in April),1990,Both sexes,Immigrants: All origins,EU14 excl Irl (countries in the EU pre 2004 excluding UK & Ireland),5.0
Estimated Migration (Persons in April),1990,Both sexes,Immigrants: All origins,United Kingdom (1),17.6
Estimated Migration (Persons in April),1990,Both sexes,Immigrants: All origins,United States,3.9
Estimated Migration (Persons in April),1990,Both sexes,Immigrants: All origins,Other countries (23),6.9
Estimated Migration (Persons in April),1990,Both sexes,Emigrants: All destinations,All countries,56.3
Estimated Migration (Persons in April),1990,Both sexes,Emigrants: All destinations,EU14 excl Irl (countries in the EU pre 2004 excluding UK & Ireland),5.1
Estimated Migration (Persons in April),1990,Both sexes,Emigrants: All destinations,United Kingdom (1),35.8
Estimated Migration (Persons in April),1990,Both sexes,Emigrants: All destinations,United States,7.7
Estimated Migration (Persons in April),1990,Both sexes,Emigrants: All destinations,Other countries (23),7.6
Estimated Migration (Persons in April),1990,Both sexes,Net migration,All countries,-22.9
Estimated Migration (Persons in April),1990,Both sexes,Net migration,EU14 excl Irl (countries in the EU pre 2004 excluding UK & Ireland),-0.1
Estimated Migration (Persons in April),1990,Both sexes,Net migration,United Kingdom (1),-18.2
Estimated Migration (Persons in April),1990,Both sexes,Net migration,United States,-3.8
Estimated Migration (Persons in April),1990,Both sexes,Net migration,Other countries (23),-0.7
Estimated Migration (Persons in April),1990,Male,Immigrants: All origins,EU14 excl Irl (countries in the EU pre 2004 excluding UK & Ireland),2.2
Estimated Migration (Persons in April),1990,Male,Immigrants: All origins,United Kingdom (1),9.9
Estimated Migration (Persons in April),1990,Male,Immigrants: All origins,United States,2.0
Estimated Migration (Persons in April),1990,Male,Immigrants: All origins,Other countries (23),3.6
Estimated Migration (Persons in April),1990,Male,Emigrants: All destinations,EU14 excl Irl (countries in the EU pre 2004 excluding UK & Ireland),2.2
Estimated Migration (Persons in April),1990,Male,Emigrants: All destinations,United Kingdom (1),18.7
Estimated Migration (Persons in April),1990,Male,Emigrants: All destinations,United States,4.1
Estimated Migration (Persons in April),1990,Male,Emigrants: All destinations,Other countries (23),3.6
Estimated Migration (Persons in April),1990,Male,Net migration,All countries,-10.9
Estimated Migration (Persons in April),1990,Male,Net migration,EU14 excl Irl (countries in the EU pre 2004 excluding UK & Ireland),0.0
Estimated Migration (Persons in April),1990,Male,Net migration,United Kingdom (1),-8.8
Estimated Migration (Persons in April),1990,Male,Net migration,United States,-2.1
Estimated Migration (Persons in April),1990,Male,Net migration,Other countries (23),0.0
Estimated Migration (Persons in April),1990,Female,Immigrants: All origins,EU14 excl Irl (countries in the EU pre 2004 excluding UK & Ireland),2.7
Estimated Migration (Persons in April),1990,Female,Immigrants: All origins,United Kingdom (1),7.7
Estimated Migration (Persons in April),1990,Female,Immigrants: All origins,United States,1.9
Estimated Migration (Persons in April),1990,Female,Immigrants: All origins,Other countries (23),3.3
Estimated Migration (Persons in April),1990,Female,Emigrants: All destinations,EU14 excl Irl (countries in the EU pre 2004 excluding UK & Ireland),2.9
Estimated Migration (Persons in April),1990,Female,Emigrants: All destinations,United Kingdom (1),17.1
Estimated Migration (Persons in April),1990,Female,Emigrants: All destinations,United States,3.6
Estimated Migration (Persons in April),1990,Female,Emigrants: All destinations,Other countries (23),4.0
Estimated Migration (Persons in April),1990,Female,Net migration,All countries,-24.8
Estimated Migration (Persons in April),1990,Female,Net migration,EU14 excl Irl (countries in the EU pre 2004 excluding UK & Ireland),-14.4
Estimated Migration (Persons in April),1990,Female,Net migration,United Kingdom (1),-9.4
Estimated Migration (Persons in April),1990,Female,Net migration,United States,-1.7
Estimated Migration (Persons in April),1990,Female,Net migration,Other countries (23),0.7
Estimated Migration (Persons in April),1991,Both sexes,Immigrants: All origins,All countries,33.3
Estimated Migration (Persons in April),1991,Both sexes,Immigrants: All origins,EU14 excl Irl (countries in the EU pre 2004 excluding UK & Ireland),4.2
Estimated Migration (Persons in April),1991,Both sexes,Immigrants: All origins,United Kingdom (1),18.7
Estimated Migration (Persons in April),1991,Both sexes,Immigrants: All origins,United States,4.3
Estimated Migration (Persons in April),1991,Both sexes,Immigrants: All origins,Other countries (23),6.1
Estimated Migration (Persons in April),1991,Both sexes,Emigrants: All destinations,All countries,35.3
Estimated Migration (Persons in April),1991,Both sexes,Emigrants: All destinations,EU14 excl Irl (countries in the EU pre 2004 excluding UK & Ireland),3.1
Estimated Migration (Persons in April),1991,Both sexes,Emigrants: All destinations,United Kingdom (1),23.0
Estimated Migration (Persons in April),1991,Both sexes,Emigrants: All destinations,United States,4.8
Estimated Migration (Persons in April),1991,Both sexes,Emigrants: All destinations,Other countries (23),4.4
Estimated Migration (Persons in April),1991,Both sexes,Net migration,All countries,-2.0
Estimated Migration (Persons in April),1991,Both sexes,Net migration,EU14 excl Irl (countries in the EU pre 2004 excluding UK & Ireland),1.1
Estimated Migration (Persons in April),1991,Both sexes,Net migration,United Kingdom (1),-4.3
Estimated Migration (Persons in April),1991,Both sexes,Net migration,United States,-0.5
Estimated Migration (Persons in April),1991,Both sexes,Net migration,Other countries (23),1.7
Estimated Migration (Persons in April),1991,Male,Immigrants: All origins,EU14 excl Irl (countries in the EU pre 2004 excluding UK & Ireland),1.9
Estimated Migration (Persons in April),1991,Male,Immigrants: All origins,United Kingdom (1),10.6
Estimated Migration (Persons in April),1991,Male,Immigrants: All origins,United States,2.2
Estimated Migration (Persons in April),1991,Male,Immigrants: All origins,Other countries (23),2.9
Estimated Migration (Persons in April),1991,Male,Emigrants: All destinations,EU14 excl Irl (countries in the EU pre 2004 excluding UK & Ireland),1.4
Estimated Migration (Persons in April),1991,Male,Emigrants: All destinations,United Kingdom (1),12.2
Estimated Migration (Persons in April),1991,Male,Emigrants: All destinations,United States,2.3
Estimated Migration (Persons in April),1991,Male,Emigrants: All destinations,Other countries (23),1.8
Estimated Migration (Persons in April),1991,Male,Net migration,All countries,-0.1
Estimated Migration (Persons in April),1991,Male,Net migration,EU14 excl Irl (countries in the EU pre 2004 excluding UK & Ireland),0.5
Estimated Migration (Persons in April),1991,Male,Net migration,United Kingdom (1),-1.6
Estimated Migration (Persons in April),1991,Male,Net migration,United States,-0.1
Estimated Migration (Persons in April),1991,Male,Net migration,Other countries (23),1.1
Estimated Migration (Persons in April),1991,Female,Immigrants: All origins,EU14 excl Irl (countries in the EU pre 2004 excluding UK & Ireland),2.3
Estimated Migration (Persons in April),1991,Female,Immigrants: All origins,United Kingdom (1),8.1
Estimated Migration (Persons in April),1991,Female,Immigrants: All origins,United States,2.1
Estimated Migration (Persons in April),1991,Female,Immigrants: All origins,Other countries (23),3.2
Estimated Migration (Persons in April),1991,Female,Emigrants: All destinations,EU14 excl Irl (countries in the EU pre 2004 excluding UK & Ireland),1.7
Estimated Migration (Persons in April),1991,Female,Emigrants: All destinations,United Kingdom (1),10.8
Estimated Migration (Persons in April),1991,Female,Emigrants: All destinations,United States,2.5
Estimated Migration (Persons in April),1991,Female,Emigrants: All destinations,Other countries (23),2.7
Estimated Migration (Persons in April),1991,Female,Net migration,All countries,-12.1
Estimated Migration (Persons in April),1991,Female,Net migration,EU14 excl Irl (countries in the EU pre 2004 excluding UK & Ireland),-8.5
Estimated Migration (Persons in April),1991,Female,Net migration,United Kingdom (1),-2.7
Estimated Migration (Persons in April),1991,Female,Net migration,United States,-0.4
Estimated Migration (Persons in April),1991,Female,Net migration,Other countries (23),-0.5
Estimated Migration (Persons in April),1992,Both sexes,Immigrants: All origins,All countries,40.7
Estimated Migration (Persons in April),1992,Both sexes,Immigrants: All origins,EU14 excl Irl (countries in the EU pre 2004 excluding UK & Ireland),6.5
Estimated Migration (Persons in April),1992,Both sexes,Immigrants: All origins,United Kingdom (1),22.7
Estimated Migration (Persons in April),1992,Both sexes,Immigrants: All origins,United States,4.6
Estimated Migration (Persons in April),1992,Both sexes,Immigrants: All origins,Other countries (23),6.9
Estimated Migration (Persons in April),1992,Both sexes,Emigrants: All destinations,All countries,33.4
Estimated Migration (Persons in April),1992,Both sexes,Emigrants: All destinations,EU14 excl Irl (countries in the EU pre 2004 excluding UK & Ireland),7.5
Estimated Migration (Persons in April),1992,Both sexes,Emigrants: All destinations,United Kingdom (1),16.9
Estimated Migration (Persons in April),1992,Both sexes,Emigrants: All destinations,United States,3.5
Estimated Migration (Persons in April),1992,Both sexes,Emigrants: All destinations,Other countries (23),5.5
Estimated Migration (Persons in April),1992,Both sexes,Net migration,All countries,7.4
Estimated Migration (Persons in April),1992,Both sexes,Net migration,EU14 excl Irl (countries in the EU pre 2004 excluding UK & Ireland),-1.0
Estimated Migration (Persons in April),1992,Both sexes,Net migration,United Kingdom (1),5.8
Estimated Migration (Persons in April),1992,Both sexes,Net migration,United States,1.1
Estimated Migration (Persons in April),1992,Both sexes,Net migration,Other countries (23),1.4
Estimated Migration (Persons in April),1992,Male,Immigrants: All origins,All countries,21.8
Estimated Migration (Persons in April),1992,Male,Immigrants: All origins,EU14 excl Irl (countries in the EU pre 2004 excluding UK & Ireland),3.4
Estimated Migration (Persons in April),1992,Male,Immigrants: All origins,United Kingdom (1),13.0
Estimated Migration (Persons in April),1992,Male,Immigrants: All origins,United States,2.1
Estimated Migration (Persons in April),1992,Male,Immigrants: All origins,Other countries (23),3.4
Estimated Migration (Persons in April),1992,Male,Emigrants: All destinations,All countries,17.3
Estimated Migration (Persons in April),1992,Male,Emigrants: All destinations,EU14 excl Irl (countries in the EU pre 2004 excluding UK & Ireland),3.5
Estimated Migration (Persons in April),1992,Male,Emigrants: All destinations,United Kingdom (1),9.4
Estimated Migration (Persons in April),1992,Male,Emigrants: All destinations,United States,2.0
Estimated Migration (Persons in April),1992,Male,Emigrants: All destinations,Other countries (23),2.4
Estimated Migration (Persons in April),1992,Male,Net migration,All countries,4.4
Estimated Migration (Persons in April),1992,Male,Net migration,EU14 excl Irl (countries in the EU pre 2004 excluding UK & Ireland),-0.1
Estimated Migration (Persons in April),1992,Male,Net migration,United Kingdom (1),3.6
Estimated Migration (Persons in April),1992,Male,Net migration,United States,0.1
Estimated Migration (Persons in April),1992,Male,Net migration,Other countries (23),1.0
Estimated Migration (Persons in April),1992,Female,Immigrants: All origins,All countries,18.9
Estimated Migration (Persons in April),1992,Female,Immigrants: All origins,EU14 excl Irl (countries in the EU pre 2004 excluding UK & Ireland),3.2
Estimated Migration (Persons in April),1992,Female,Immigrants: All origins,United Kingdom (1),9.7
Estimated Migration (Persons in April),1992,Female,Immigrants: All origins,United States,2.5
Estimated Migration (Persons in April),1992,Female,Immigrants: All origins,Other countries (23),3.5
Estimated Migration (Persons in April),1992,Female,Emigrants: All destinations,All countries,16.0
Estimated Migration (Persons in April),1992,Female,Emigrants: All destinations,EU14 excl Irl (countries in the EU pre 2004 excluding UK & Ireland),4.0
Estimated Migration (Persons in April),1992,Female,Emigrants: All destinations,United Kingdom (1),7.5
Estimated Migration (Persons in April),1992,Female,Emigrants: All destinations,United States,1.5
Estimated Migration (Persons in April),1992,Female,Emigrants: All destinations,Other countries (23),3.1
Estimated Migration (Persons in April),1992,Female,Net migration,All countries,2.9
Estimated Migration (Persons in April),1992,Female,Net migration,EU14 excl Irl (countries in the EU pre 2004 excluding UK & Ireland),-4.3
Estimated Migration (Persons in April),1992,Female,Net migration,United Kingdom (1),2.2
Estimated Migration (Persons in April),1992,Female,Net migration,United States,1.0
Estimated Migration (Persons in April),1992,Female,Net migration,Other countries (23),-0.4
Estimated Migration (Persons in April),1993,Both sexes,Immigrants: All origins,All countries,34.7
Estimated Migration (Persons in April),1993,Both sexes,Immigrants: All origins,EU14 excl Irl (countries in the EU pre 2004 excluding UK & Ireland),6.6
Estimated Migration (Persons in April),1993,Both sexes,Immigrants: All origins,United Kingdom (1),17.5
Estimated Migration (Persons in April),1993,Both sexes,Immigrants: All origins,United States,5.0
Estimated Migration (Persons in April),1993,Both sexes,Immigrants: All origins,Other countries (23),5.7
Estimated Migration (Persons in April),1993,Both sexes,Emigrants: All destinations,All countries,35.1
Estimated Migration (Persons in April),1993,Both sexes,Emigrants: All destinations,EU14 excl Irl (countries in the EU pre 2004 excluding UK & Ireland),7.3
Estimated Migration (Persons in April),1993,Both sexes,Emigrants: All destinations,United Kingdom (1),16.4
Estimated Migration (Persons in April),1993,Both sexes,Emigrants: All destinations,United States,5.6
Estimated Migration (Persons in April),1993,Both sexes,Emigrants: All destinations,Other countries (23),5.8
Estimated Migration (Persons in April),1993,Both sexes,Net migration,All countries,-0.4
Estimated Migration (Persons in April),1993,Both sexes,Net migration,EU14 excl Irl (countries in the EU pre 2004 excluding UK & Ireland),-0.7
Estimated Migration (Persons in April),1993,Both sexes,Net migration,United Kingdom (1),1.1
Estimated Migration (Persons in April),1993,Both sexes,Net migration,United States,-0.6
Estimated Migration (Persons in April),1993,Both sexes,Net migration,Other countries (23),-0.1
Estimated Migration (Persons in April),1993,Male,Immigrants: All origins,All countries,17.4
Estimated Migration (Persons in April),1993,Male,Immigrants: All origins,EU14 excl Irl (countries in the EU pre 2004 excluding UK & Ireland),2.9
Estimated Migration (Persons in April),1993,Male,Immigrants: All origins,United Kingdom (1),9.0
Estimated Migration (Persons in April),1993,Male,Immigrants: All origins,United States,2.5
Estimated Migration (Persons in April),1993,Male,Immigrants: All origins,Other countries (23),3.1
Estimated Migration (Persons in April),1993,Male,Emigrants: All destinations,All countries,17.6
Estimated Migration (Persons in April),1993,Male,Emigrants: All destinations,EU14 excl Irl (countries in the EU pre 2004 excluding UK & Ireland),3.4
Estimated Migration (Persons in April),1993,Male,Emigrants: All destinations,United Kingdom (1),8.2
Estimated Migration (Persons in April),1993,Male,Emigrants: All destinations,United States,3.1
Estimated Migration (Persons in April),1993,Male,Emigrants: All destinations,Other countries (23),3.0
Estimated Migration (Persons in April),1993,Male,Net migration,All countries,-0.2
Estimated Migration (Persons in April),1993,Male,Net migration,EU14 excl Irl (countries in the EU pre 2004 excluding UK & Ireland),-0.5
Estimated Migration (Persons in April),1993,Male,Net migration,United Kingdom (1),0.8
Estimated Migration (Persons in April),1993,Male,Net migration,United States,-0.6
Estimated Migration (Persons in April),1993,Male,Net migration,Other countries (23),0.1
Estimated Migration (Persons in April),1993,Female,Immigrants: All origins,All countries,17.3
Estimated Migration (Persons in April),1993,Female,Immigrants: All origins,EU14 excl Irl (countries in the EU pre 2004 excluding UK & Ireland),3.8
Estimated Migration (Persons in April),1993,Female,Immigrants: All origins,United Kingdom (1),8.4
Estimated Migration (Persons in April),1993,Female,Immigrants: All origins,United States,2.5
Estimated Migration (Persons in April),1993,Female,Immigrants: All origins,Other countries (23),2.6
Estimated Migration (Persons in April),1993,Female,Emigrants: All destinations,All countries,17.5
Estimated Migration (Persons in April),1993,Female,Emigrants: All destinations,EU14 excl Irl (countries in the EU pre 2004 excluding UK & Ireland),3.9
Estimated Migration (Persons in April),1993,Female,Emigrants: All destinations,United Kingdom (1),8.2
Estimated Migration (Persons in April),1993,Female,Emigrants: All destinations,United States,2.5
Estimated Migration (Persons in April),1993,Female,Emigrants: All destinations,Other countries (23),2.9
Estimated Migration (Persons in April),1993,Female,Net migration,All countries,-0.2
Estimated Migration (Persons in April),1993,Female,Net migration,EU14 excl Irl (countries in the EU pre 2004 excluding UK & Ireland),-4.4
Estimated Migration (Persons in April),1993,Female,Net migration,United Kingdom (1),0.2
Estimated Migration (Persons in April),1993,Female,Net migration,United States,0.0
Estimated Migration (Persons in April),1993,Female,Net migration,Other countries (23),0.3
Estimated Migration (Persons in April),1994,Both sexes,Immigrants: All origins,All countries,30.1
Estimated Migration (Persons in April),1994,Both sexes,Immigrants: All origins,EU14 excl Irl (countries in the EU pre 2004 excluding UK & Ireland),5.8
Estimated Migration (Persons in April),1994,Both sexes,Immigrants: All origins,United Kingdom (1),15.2
Estimated Migration (Persons in April),1994,Both sexes,Immigrants: All origins,United States,4.3
Estimated Migration (Persons in April),1994,Both sexes,Immigrants: All origins,Other countries (23),4.8
Estimated Migration (Persons in April),1994,Both sexes,Emigrants: All destinations,All countries,34.8
Estimated Migration (Persons in April),1994,Both sexes,Emigrants: All destinations,EU14 excl Irl (countries in the EU pre 2004 excluding UK & Ireland),5.5
Estimated Migration (Persons in April),1994,Both sexes,Emigrants: All destinations,United Kingdom (1),14.8
Estimated Migration (Persons in April),1994,Both sexes,Emigrants: All destinations,United States,9.6
Estimated Migration (Persons in April),1994,Both sexes,Emigrants: All destinations,Other countries (23),4.9
Estimated Migration (Persons in April),1994,Both sexes,Net migration,All countries,-4.7
Estimated Migration (Persons in April),1994,Both sexes,Net migration,EU14 excl Irl (countries in the EU pre 2004 excluding UK & Ireland),0.3
Estimated Migration (Persons in April),1994,Both sexes,Net migration,United Kingdom (1),0.4
Estimated Migration (Persons in April),1994,Both sexes,Net migration,United States,-5.3
Estimated Migration (Persons in April),1994,Both sexes,Net migration,Other countries (23),-0.1
Estimated Migration (Persons in April),1994,Male,Immigrants: All origins,All countries,14.8
Estimated Migration (Persons in April),1994,Male,Immigrants: All origins,EU14 excl Irl (countries in the EU pre 2004 excluding UK & Ireland),2.7
Estimated Migration (Persons in April),1994,Male,Immigrants: All origins,United Kingdom (1),7.8
Estimated Migration (Persons in April),1994,Male,Immigrants: All origins,United States,2.1
Estimated Migration (Persons in April),1994,Male,Immigrants: All origins,Other countries (23),2.2
Estimated Migration (Persons in April),1994,Male,Emigrants: All destinations,All countries,17.6
Estimated Migration (Persons in April),1994,Male,Emigrants: All destinations,EU14 excl Irl (countries in the EU pre 2004 excluding UK & Ireland),2.6
Estimated Migration (Persons in April),1994,Male,Emigrants: All destinations,United Kingdom (1),7.7
Estimated Migration (Persons in April),1994,Male,Emigrants: All destinations,United States,5.0
Estimated Migration (Persons in April),1994,Male,Emigrants: All destinations,Other countries (23),2.2
Estimated Migration (Persons in April),1994,Male,Net migration,All countries,-2.7
Estimated Migration (Persons in April),1994,Male,Net migration,EU14 excl Irl (countries in the EU pre 2004 excluding UK & Ireland),0.1
Estimated Migration (Persons in April),1994,Male,Net migration,United Kingdom (1),0.1
Estimated Migration (Persons in April),1994,Male,Net migration,United States,-2.9
Estimated Migration (Persons in April),1994,Male,Net migration,Other countries (23),0.0
Estimated Migration (Persons in April),1994,Female,Immigrants: All origins,All countries,15.3
Estimated Migration (Persons in April),1994,Female,Immigrants: All origins,EU14 excl Irl (countries in the EU pre 2004 excluding UK & Ireland),3.1
Estimated Migration (Persons in April),1994,Female,Immigrants: All origins,United Kingdom (1),7.4
Estimated Migration (Persons in April),1994,Female,Immigrants: All origins,United States,2.2
Estimated Migration (Persons in April),1994,Female,Immigrants: All origins,Other countries (23),2.6
Estimated Migration (Persons in April),1994,Female,Emigrants: All destinations,All countries,17.3
Estimated Migration (Persons in April),1994,Female,Emigrants: All destinations,EU14 excl Irl (countries in the EU pre 2004 excluding UK & Ireland),2.9
Estimated Migration (Persons in April),1994,Female,Emigrants: All destinations,United Kingdom (1),7.1
Estimated Migration (Persons in April),1994,Female,Emigrants: All destinations,United States,4.6
Estimated Migration (Persons in April),1994,Female,Emigrants: All destinations,Other countries (23),2.7
Estimated Migration (Persons in April),1994,Female,Net migration,All countries,-2.0
Estimated Migration (Persons in April),1994,Female,Net migration,EU14 excl Irl (countries in the EU pre 2004 excluding UK & Ireland),-4.0
Estimated Migration (Persons in April),1994,Female,Net migration,United Kingdom (1),0.3
Estimated Migration (Persons in April),1994,Female,Net migration,United States,-2.4
Estimated Migration (Persons in April),1994,Female,Net migration,Other countries (23),0.1
Estimated Migration (Persons in April),1995,Both sexes,Immigrants: All origins,All countries,31.2
Estimated Migration (Persons in April),1995,Both sexes,Immigrants: All origins,EU14 excl Irl (countries in the EU pre 2004 excluding UK & Ireland),6.3
Estimated Migration (Persons in April),1995,Both sexes,Immigrants: All origins,United Kingdom (1),15.6
Estimated Migration (Persons in April),1995,Both sexes,Immigrants: All origins,United States,3.8
Estimated Migration (Persons in April),1995,Both sexes,Immigrants: All origins,Other countries (23),5.5
Estimated Migration (Persons in April),1995,Both sexes,Emigrants: All destinations,All countries,33.1
Estimated Migration (Persons in April),1995,Both sexes,Emigrants: All destinations,EU14 excl Irl (countries in the EU pre 2004 excluding UK & Ireland),5.1
Estimated Migration (Persons in April),1995,Both sexes,Emigrants: All destinations,United Kingdom (1),13.3
Estimated Migration (Persons in April),1995,Both sexes,Emigrants: All destinations,United States,8.2
Estimated Migration (Persons in April),1995,Both sexes,Emigrants: All destinations,Other countries (23),6.6
Estimated Migration (Persons in April),1995,Both sexes,Net migration,All countries,-1.9
Estimated Migration (Persons in April),1995,Both sexes,Net migration,EU14 excl Irl (countries in the EU pre 2004 excluding UK & Ireland),1.2
Estimated Migration (Persons in April),1995,Both sexes,Net migration,United Kingdom (1),2.3
Estimated Migration (Persons in April),1995,Both sexes,Net migration,United States,-4.4
Estimated Migration (Persons in April),1995,Both sexes,Net migration,Other countries (23),-1.1
Estimated Migration (Persons in April),1995,Male,Immigrants: All origins,All countries,14.7
Estimated Migration (Persons in April),1995,Male,Immigrants: All origins,EU14 excl Irl (countries in the EU pre 2004 excluding UK & Ireland),2.6
Estimated Migration (Persons in April),1995,Male,Immigrants: All origins,United Kingdom (1),7.3
Estimated Migration (Persons in April),1995,Male,Immigrants: All origins,United States,1.8
Estimated Migration (Persons in April),1995,Male,Immigrants: All origins,Other countries (23),3.1
Estimated Migration (Persons in April),1995,Male,Emigrants: All destinations,All countries,18.2
Estimated Migration (Persons in April),1995,Male,Emigrants: All destinations,EU14 excl Irl (countries in the EU pre 2004 excluding UK & Ireland),2.5
Estimated Migration (Persons in April),1995,Male,Emigrants: All destinations,United Kingdom (1),7.8
Estimated Migration (Persons in April),1995,Male,Emigrants: All destinations,United States,4.6
Estimated Migration (Persons in April),1995,Male,Emigrants: All destinations,Other countries (23),3.2
Estimated Migration (Persons in April),1995,Male,Net migration,All countries,-3.4
Estimated Migration (Persons in April),1995,Male,Net migration,EU14 excl Irl (countries in the EU pre 2004 excluding UK & Ireland),0.1
Estimated Migration (Persons in April),1995,Male,Net migration,United Kingdom (1),-0.5
Estimated Migration (Persons in April),1995,Male,Net migration,United States,-2.8
Estimated Migration (Persons in April),1995,Male,Net migration,Other countries (23),-0.1
Estimated Migration (Persons in April),1995,Female,Immigrants: All origins,All countries,16.5
Estimated Migration (Persons in April),1995,Female,Immigrants: All origins,EU14 excl Irl (countries in the EU pre 2004 excluding UK & Ireland),3.7
Estimated Migration (Persons in April),1995,Female,Immigrants: All origins,United Kingdom (1),8.2
Estimated Migration (Persons in April),1995,Female,Immigrants: All origins,United States,2.1
Estimated Migration (Persons in April),1995,Female,Immigrants: All origins,Other countries (23),2.5
Estimated Migration (Persons in April),1995,Female,Emigrants: All destinations,All countries,14.9
Estimated Migration (Persons in April),1995,Female,Emigrants: All destinations,EU14 excl Irl (countries in the EU pre 2004 excluding UK & Ireland),2.6
Estimated Migration (Persons in April),1995,Female,Emigrants: All destinations,United Kingdom (1),5.4
Estimated Migration (Persons in April),1995,Female,Emigrants: All destinations,United States,3.6
Estimated Migration (Persons in April),1995,Female,Emigrants: All destinations,Other countries (23),3.4
Estimated Migration (Persons in April),1995,Female,Net migration,All countries,1.6
Estimated Migration (Persons in April),1995,Female,Net migration,EU14 excl Irl (countries in the EU pre 2004 excluding UK & Ireland),-1.7
Estimated Migration (Persons in April),1995,Female,Net migration,United Kingdom (1),2.8
Estimated Migration (Persons in April),1995,Female,Net migration,United States,-1.5
Estimated Migration (Persons in April),1995,Female,Net migration,Other countries (23),0.9
Estimated Migration (Persons in April),1996,Both sexes,Immigrants: All origins,All countries,39.2
Estimated Migration (Persons in April),1996,Both sexes,Immigrants: All origins,EU14 excl Irl (countries in the EU pre 2004 excluding UK & Ireland),7.2
Estimated Migration (Persons in April),1996,Both sexes,Immigrants: All origins,United Kingdom (1),17.6
Estimated Migration (Persons in April),1996,Both sexes,Immigrants: All origins,United States,6.4
Estimated Migration (Persons in April),1996,Both sexes,Immigrants: All origins,Other countries (23),8.0
Estimated Migration (Persons in April),1996,Both sexes,Emigrants: All destinations,All countries,31.2
Estimated Migration (Persons in April),1996,Both sexes,Emigrants: All destinations,EU14 excl Irl (countries in the EU pre 2004 excluding UK & Ireland),5.1
Estimated Migration (Persons in April),1996,Both sexes,Emigrants: All destinations,United Kingdom (1),14.1
Estimated Migration (Persons in April),1996,Both sexes,Emigrants: All destinations,United States,5.2
Estimated Migration (Persons in April),1996,Both sexes,Emigrants: All destinations,Other countries (23),6.8
Estimated Migration (Persons in April),1996,Both sexes,Net migration,All countries,8.0
Estimated Migration (Persons in April),1996,Both sexes,Net migration,EU14 excl Irl (countries in the EU pre 2004 excluding UK & Ireland),2.1
Estimated Migration (Persons in April),1996,Both sexes,Net migration,United Kingdom (1),3.5
Estimated Migration (Persons in April),1996,Both sexes,Net migration,United States,1.2
Estimated Migration (Persons in April),1996,Both sexes,Net migration,Other countries (23),1.2
Estimated Migration (Persons in April),1996,Male,Immigrants: All origins,All countries,18.8
Estimated Migration (Persons in April),1996,Male,Immigrants: All origins,EU14 excl Irl (countries in the EU pre 2004 excluding UK & Ireland),3.2
Estimated Migration (Persons in April),1996,Male,Immigrants: All origins,United Kingdom (1),8.4
Estimated Migration (Persons in April),1996,Male,Immigrants: All origins,United States,2.8
Estimated Migration (Persons in April),1996,Male,Immigrants: All origins,Other countries (23),4.3
Estimated Migration (Persons in April),1996,Male,Emigrants: All destinations,All countries,15.3
Estimated Migration (Persons in April),1996,Male,Emigrants: All destinations,EU14 excl Irl (countries in the EU pre 2004 excluding UK & Ireland),2.2
Estimated Migration (Persons in April),1996,Male,Emigrants: All destinations,United Kingdom (1),6.7
Estimated Migration (Persons in April),1996,Male,Emigrants: All destinations,United States,2.7
Estimated Migration (Persons in April),1996,Male,Emigrants: All destinations,Other countries (23),3.6
Estimated Migration (Persons in April),1996,Male,Net migration,All countries,3.5
Estimated Migration (Persons in April),1996,Male,Net migration,EU14 excl Irl (countries in the EU pre 2004 excluding UK & Ireland),1.0
Estimated Migration (Persons in April),1996,Male,Net migration,United Kingdom (1),1.7
Estimated Migration (Persons in April),1996,Male,Net migration,United States,0.1
Estimated Migration (Persons in April),1996,Male,Net migration,Other countries (23),0.7
Estimated Migration (Persons in April),1996,Female,Immigrants: All origins,All countries,20.4
Estimated Migration (Persons in April),1996,Female,Immigrants: All origins,EU14 excl Irl (countries in the EU pre 2004 excluding UK & Ireland),3.9
Estimated Migration (Persons in April),1996,Female,Immigrants: All origins,United Kingdom (1),9.2
Estimated Migration (Persons in April),1996,Female,Immigrants: All origins,United States,3.6
Estimated Migration (Persons in April),1996,Female,Immigrants: All origins,Other countries (23),3.7
Estimated Migration (Persons in April),1996,Female,Emigrants: All destinations,All countries,15.9
Estimated Migration (Persons in April),1996,Female,Emigrants: All destinations,EU14 excl Irl (countries in the EU pre 2004 excluding UK & Ireland),2.8
Estimated Migration (Persons in April),1996,Female,Emigrants: All destinations,United Kingdom (1),7.4
Estimated Migration (Persons in April),1996,Female,Emigrants: All destinations,United States,2.5
Estimated Migration (Persons in April),1996,Female,Emigrants: All destinations,Other countries (23),3.2
Estimated Migration (Persons in April),1996,Female,Net migration,All countries,4.4
Estimated Migration (Persons in April),1996,Female,Net migration,EU14 excl Irl (countries in the EU pre 2004 excluding UK & Ireland),-3.5
Estimated Migration (Persons in April),1996,Female,Net migration,United Kingdom (1),1.8
Estimated Migration (Persons in April),1996,Female,Net migration,United States,1.1
Estimated Migration (Persons in April),1996,Female,Net migration,Other countries (23),-0.5
Estimated Migration (Persons in April),1997,Both sexes,Immigrants: All origins,All countries,44.5
Estimated Migration (Persons in April),1997,Both sexes,Immigrants: All origins,EU14 excl Irl (countries in the EU pre 2004 excluding UK & Ireland),8.1
Estimated Migration (Persons in April),1997,Both sexes,Immigrants: All origins,United Kingdom (1),20.3
Estimated Migration (Persons in April),1997,Both sexes,Immigrants: All origins,United States,6.7
Estimated Migration (Persons in April),1997,Both sexes,Immigrants: All origins,Other countries (23),9.4
Estimated Migration (Persons in April),1997,Both sexes,Emigrants: All destinations,All countries,25.3
Estimated Migration (Persons in April),1997,Both sexes,Emigrants: All destinations,EU14 excl Irl (countries in the EU pre 2004 excluding UK & Ireland),3.8
Estimated Migration (Persons in April),1997,Both sexes,Emigrants: All destinations,United Kingdom (1),11.6
Estimated Migration (Persons in April),1997,Both sexes,Emigrants: All destinations,United States,3.4
Estimated Migration (Persons in April),1997,Both sexes,Emigrants: All destinations,Other countries (23),6.6
Estimated Migration (Persons in April),1997,Both sexes,Net migration,All countries,19.2
Estimated Migration (Persons in April),1997,Both sexes,Net migration,EU14 excl Irl (countries in the EU pre 2004 excluding UK & Ireland),4.3
Estimated Migration (Persons in April),1997,Both sexes,Net migration,United Kingdom (1),8.7
Estimated Migration (Persons in April),1997,Both sexes,Net migration,United States,3.3
Estimated Migration (Persons in April),1997,Both sexes,Net migration,Other countries (23),2.8
Estimated Migration (Persons in April),1997,Male,Immigrants: All origins,All countries,22.0
Estimated Migration (Persons in April),1997,Male,Immigrants: All origins,EU14 excl Irl (countries in the EU pre 2004 excluding UK & Ireland),3.9
Estimated Migration (Persons in April),1997,Male,Immigrants: All origins,United Kingdom (1),10.4
Estimated Migration (Persons in April),1997,Male,Immigrants: All origins,United States,2.7
Estimated Migration (Persons in April),1997,Male,Immigrants: All origins,Other countries (23),4.9
Estimated Migration (Persons in April),1997,Male,Emigrants: All destinations,All countries,12.5
Estimated Migration (Persons in April),1997,Male,Emigrants: All destinations,EU14 excl Irl (countries in the EU pre 2004 excluding UK & Ireland),1.8
Estimated Migration (Persons in April),1997,Male,Emigrants: All destinations,United Kingdom (1),5.4
Estimated Migration (Persons in April),1997,Male,Emigrants: All destinations,United States,2.1
Estimated Migration (Persons in April),1997,Male,Emigrants: All destinations,Other countries (23),3.2
Estimated Migration (Persons in April),1997,Male,Net migration,All countries,9.5
Estimated Migration (Persons in April),1997,Male,Net migration,EU14 excl Irl (countries in the EU pre 2004 excluding UK & Ireland),2.1
Estimated Migration (Persons in April),1997,Male,Net migration,United Kingdom (1),5.0
Estimated Migration (Persons in April),1997,Male,Net migration,United States,0.6
Estimated Migration (Persons in April),1997,Male,Net migration,Other countries (23),1.7
Estimated Migration (Persons in April),1997,Female,Immigrants: All origins,All countries,22.6
Estimated Migration (Persons in April),1997,Female,Immigrants: All origins,EU14 excl Irl (countries in the EU pre 2004 excluding UK & Ireland),4.2
Estimated Migration (Persons in April),1997,Female,Immigrants: All origins,United Kingdom (1),9.9
Estimated Migration (Persons in April),1997,Female,Immigrants: All origins,United States,4.0
Estimated Migration (Persons in April),1997,Female,Immigrants: All origins,Other countries (23),4.5
Estimated Migration (Persons in April),1997,Female,Emigrants: All destinations,All countries,12.9
Estimated Migration (Persons in April),1997,Female,Emigrants: All destinations,EU14 excl Irl (countries in the EU pre 2004 excluding UK & Ireland),2.0
Estimated Migration (Persons in April),1997,Female,Emigrants: All destinations,United Kingdom (1),6.1
Estimated Migration (Persons in April),1997,Female,Emigrants: All destinations,United States,1.3
Estimated Migration (Persons in April),1997,Female,Emigrants: All destinations,Other countries (23),3.4
Estimated Migration (Persons in April),1997,Female,Net migration,All countries,9.7
Estimated Migration (Persons in April),1997,Female,Net migration,EU14 excl Irl (countries in the EU pre 2004 excluding UK & Ireland),-1.9
Estimated Migration (Persons in April),1997,Female,Net migration,United Kingdom (1),3.8
Estimated Migration (Persons in April),1997,Female,Net migration,United States,2.7
Estimated Migration (Persons in April),1997,Female,Net migration,Other countries (23),-1.1
Estimated Migration (Persons in April),1998,Both sexes,Immigrants: All origins,All countries,46.0
Estimated Migration (Persons in April),1998,Both sexes,Immigrants: All origins,EU14 excl Irl (countries in the EU pre 2004 excluding UK & Ireland),9.1
Estimated Migration (Persons in April),1998,Both sexes,Immigrants: All origins,United Kingdom (1),22.1
Estimated Migration (Persons in April),1998,Both sexes,Immigrants: All origins,United States,5.1
Estimated Migration (Persons in April),1998,Both sexes,Immigrants: All origins,Other countries (23),9.7
Estimated Migration (Persons in April),1998,Both sexes,Emigrants: All destinations,All countries,28.6
Estimated Migration (Persons in April),1998,Both sexes,Emigrants: All destinations,EU14 excl Irl (countries in the EU pre 2004 excluding UK & Ireland),5.9
Estimated Migration (Persons in April),1998,Both sexes,Emigrants: All destinations,United Kingdom (1),11.8
Estimated Migration (Persons in April),1998,Both sexes,Emigrants: All destinations,United States,5.3
Estimated Migration (Persons in April),1998,Both sexes,Emigrants: All destinations,Other countries (23),5.6
Estimated Migration (Persons in April),1998,Both sexes,Net migration,All countries,17.4
Estimated Migration (Persons in April),1998,Both sexes,Net migration,EU14 excl Irl (countries in the EU pre 2004 excluding UK & Ireland),3.2
Estimated Migration (Persons in April),1998,Both sexes,Net migration,United Kingdom (1),10.3
Estimated Migration (Persons in April),1998,Both sexes,Net migration,United States,-0.2
Estimated Migration (Persons in April),1998,Both sexes,Net migration,Other countries (23),4.1
Estimated Migration (Persons in April),1998,Male,Immigrants: All origins,All countries,22.7
Estimated Migration (Persons in April),1998,Male,Immigrants: All origins,EU14 excl Irl (countries in the EU pre 2004 excluding UK & Ireland),3.5
Estimated Migration (Persons in April),1998,Male,Immigrants: All origins,United Kingdom (1),11.4
Estimated Migration (Persons in April),1998,Male,Immigrants: All origins,United States,2.7
Estimated Migration (Persons in April),1998,Male,Immigrants: All origins,Other countries (23),5.0
Estimated Migration (Persons in April),1998,Male,Emigrants: All destinations,All countries,13.9
Estimated Migration (Persons in April),1998,Male,Emigrants: All destinations,EU14 excl Irl (countries in the EU pre 2004 excluding UK & Ireland),2.3
Estimated Migration (Persons in April),1998,Male,Emigrants: All destinations,United Kingdom (1),6.0
Estimated Migration (Persons in April),1998,Male,Emigrants: All destinations,United States,3.3
Estimated Migration (Persons in April),1998,Male,Emigrants: All destinations,Other countries (23),2.3
Estimated Migration (Persons in April),1998,Male,Net migration,All countries,8.8
Estimated Migration (Persons in April),1998,Male,Net migration,EU14 excl Irl (countries in the EU pre 2004 excluding UK & Ireland),1.2
Estimated Migration (Persons in April),1998,Male,Net migration,United Kingdom (1),5.4
Estimated Migration (Persons in April),1998,Male,Net migration,United States,-0.6
Estimated Migration (Persons in April),1998,Male,Net migration,Other countries (23),2.7
Estimated Migration (Persons in April),1998,Female,Immigrants: All origins,All countries,23.3
Estimated Migration (Persons in April),1998,Female,Immigrants: All origins,EU14 excl Irl (countries in the EU pre 2004 excluding UK & Ireland),5.5
Estimated Migration (Persons in April),1998,Female,Immigrants: All origins,United Kingdom (1),10.6
Estimated Migration (Persons in April),1998,Female,Immigrants: All origins,United States,2.4
Estimated Migration (Persons in April),1998,Female,Immigrants: All origins,Other countries (23),4.7
Estimated Migration (Persons in April),1998,Female,Emigrants: All destinations,All countries,14.7
Estimated Migration (Persons in April),1998,Female,Emigrants: All destinations,EU14 excl Irl (countries in the EU pre 2004 excluding UK & Ireland),3.6
Estimated Migration (Persons in April),1998,Female,Emigrants: All destinations,United Kingdom (1),5.8
Estimated Migration (Persons in April),1998,Female,Emigrants: All destinations,United States,2.0
Estimated Migration (Persons in April),1998,Female,Emigrants: All destinations,Other countries (23),3.2
Estimated Migration (Persons in April),1998,Female,Net migration,All countries,8.6
Estimated Migration (Persons in April),1998,Female,Net migration,EU14 excl Irl (countries in the EU pre 2004 excluding UK & Ireland),-0.3
Estimated Migration (Persons in April),1998,Female,Net migration,United Kingdom (1),4.8
Estimated Migration (Persons in April),1998,Female,Net migration,United States,0.4
Estimated Migration (Persons in April),1998,Female,Net migration,Other countries (23),-1.5
Estimated Migration (Persons in April),1999,Both sexes,Immigrants: All origins,All countries,48.9
Estimated Migration (Persons in April),1999,Both sexes,Immigrants: All origins,EU14 excl Irl (countries in the EU pre 2004 excluding UK & Ireland),10.2
Estimated Migration (Persons in April),1999,Both sexes,Immigrants: All origins,United Kingdom (1),22.3
Estimated Migration (Persons in April),1999,Both sexes,Immigrants: All origins,United States,5.9
Estimated Migration (Persons in April),1999,Both sexes,Immigrants: All origins,Other countries (23),10.5
Estimated Migration (Persons in April),1999,Both sexes,Emigrants: All destinations,All countries,31.5
Estimated Migration (Persons in April),1999,Both sexes,Emigrants: All destinations,EU14 excl Irl (countries in the EU pre 2004 excluding UK & Ireland),5.5
Estimated Migration (Persons in April),1999,Both sexes,Emigrants: All destinations,United Kingdom (1),11.2
Estimated Migration (Persons in April),1999,Both sexes,Emigrants: All destinations,United States,5.3
Estimated Migration (Persons in April),1999,Both sexes,Emigrants: All destinations,Other countries (23),9.5
Estimated Migration (Persons in April),1999,Both sexes,Net migration,All countries,17.3
Estimated Migration (Persons in April),1999,Both sexes,Net migration,EU14 excl Irl (countries in the EU pre 2004 excluding UK & Ireland),4.7
Estimated Migration (Persons in April),1999,Both sexes,Net migration,United Kingdom (1),11.1
Estimated Migration (Persons in April),1999,Both sexes,Net migration,United States,0.6
Estimated Migration (Persons in April),1999,Both sexes,Net migration,Other countries (23),1.0
Estimated Migration (Persons in April),1999,Male,Immigrants: All origins,All countries,24.5
Estimated Migration (Persons in April),1999,Male,Immigrants: All origins,EU14 excl Irl (countries in the EU pre 2004 excluding UK & Ireland),4.6
Estimated Migration (Persons in April),1999,Male,Immigrants: All origins,United Kingdom (1),11.8
Estimated Migration (Persons in April),1999,Male,Immigrants: All origins,United States,2.8
Estimated Migration (Persons in April),1999,Male,Immigrants: All origins,Other countries (23),5.3
Estimated Migration (Persons in April),1999,Male,Emigrants: All destinations,All countries,15.5
Estimated Migration (Persons in April),1999,Male,Emigrants: All destinations,EU14 excl Irl (countries in the EU pre 2004 excluding UK & Ireland),2.2
Estimated Migration (Persons in April),1999,Male,Emigrants: All destinations,United Kingdom (1),5.2
Estimated Migration (Persons in April),1999,Male,Emigrants: All destinations,United States,2.9
Estimated Migration (Persons in April),1999,Male,Emigrants: All destinations,Other countries (23),5.1
Estimated Migration (Persons in April),1999,Male,Net migration,All countries,9.0
Estimated Migration (Persons in April),1999,Male,Net migration,EU14 excl Irl (countries in the EU pre 2004 excluding UK & Ireland),2.4
Estimated Migration (Persons in April),1999,Male,Net migration,United Kingdom (1),6.6
Estimated Migration (Persons in April),1999,Male,Net migration,United States,-0.1
Estimated Migration (Persons in April),1999,Male,Net migration,Other countries (23),0.2
Estimated Migration (Persons in April),1999,Female,Immigrants: All origins,All countries,24.4
Estimated Migration (Persons in April),1999,Female,Immigrants: All origins,EU14 excl Irl (countries in the EU pre 2004 excluding UK & Ireland),5.7
Estimated Migration (Persons in April),1999,Female,Immigrants: All origins,United Kingdom (1),10.5
Estimated Migration (Persons in April),1999,Female,Immigrants: All origins,United States,3.0
Estimated Migration (Persons in April),1999,Female,Immigrants: All origins,Other countries (23),5.2
Estimated Migration (Persons in April),1999,Female,Emigrants: All destinations,All countries,16.1
Estimated Migration (Persons in April),1999,Female,Emigrants: All destinations,EU14 excl Irl (countries in the EU pre 2004 excluding UK & Ireland),3.2
Estimated Migration (Persons in April),1999,Female,Emigrants: All destinations,United Kingdom (1),6.0
Estimated Migration (Persons in April),1999,Female,Emigrants: All destinations,United States,2.4
Estimated Migration (Persons in April),1999,Female,Emigrants: All destinations,Other countries (23),4.4
Estimated Migration (Persons in April),1999,Female,Net migration,All countries,8.3
Estimated Migration (Persons in April),1999,Female,Net migration,EU14 excl Irl (countries in the EU pre 2004 excluding UK & Ireland),-0.3
Estimated Migration (Persons in April),1999,Female,Net migration,United Kingdom (1),4.5
Estimated Migration (Persons in April),1999,Female,Net migration,United States,0.6
Estimated Migration (Persons in April),1999,Female,Net migration,Other countries (23),-0.8
Estimated Migration (Persons in April),2000,Both sexes,Immigrants: All origins,All countries,52.6
Estimated Migration (Persons in April),2000,Both sexes,Immigrants: All origins,EU14 excl Irl (countries in the EU pre 2004 excluding UK & Ireland),11.7
Estimated Migration (Persons in April),2000,Both sexes,Immigrants: All origins,United Kingdom (1),20.8
Estimated Migration (Persons in April),2000,Both sexes,Immigrants: All origins,United States,5.5
Estimated Migration (Persons in April),2000,Both sexes,Immigrants: All origins,Other countries (23),14.5
Estimated Migration (Persons in April),2000,Both sexes,Emigrants: All destinations,All countries,26.6
Estimated Migration (Persons in April),2000,Both sexes,Emigrants: All destinations,EU14 excl Irl (countries in the EU pre 2004 excluding UK & Ireland),5.5
Estimated Migration (Persons in April),2000,Both sexes,Emigrants: All destinations,United Kingdom (1),7.2
Estimated Migration (Persons in April),2000,Both sexes,Emigrants: All destinations,United States,4.0
Estimated Migration (Persons in April),2000,Both sexes,Emigrants: All destinations,Other countries (23),10.0
Estimated Migration (Persons in April),2000,Both sexes,Net migration,All countries,26.0
Estimated Migration (Persons in April),2000,Both sexes,Net migration,EU14 excl Irl (countries in the EU pre 2004 excluding UK & Ireland),6.2
Estimated Migration (Persons in April),2000,Both sexes,Net migration,United Kingdom (1),13.6
Estimated Migration (Persons in April),2000,Both sexes,Net migration,United States,1.5
Estimated Migration (Persons in April),2000,Both sexes,Net migration,Other countries (23),4.5
Estimated Migration (Persons in April),2000,Male,Immigrants: All origins,All countries,26.2
Estimated Migration (Persons in April),2000,Male,Immigrants: All origins,EU14 excl Irl (countries in the EU pre 2004 excluding UK & Ireland),4.9
Estimated Migration (Persons in April),2000,Male,Immigrants: All origins,United Kingdom (1),10.4
Estimated Migration (Persons in April),2000,Male,Immigrants: All origins,United States,2.8
Estimated Migration (Persons in April),2000,Male,Immigrants: All origins,Other countries (23),8.1
Estimated Migration (Persons in April),2000,Male,Emigrants: All destinations,All countries,13.1
Estimated Migration (Persons in April),2000,Male,Emigrants: All destinations,EU14 excl Irl (countries in the EU pre 2004 excluding UK & Ireland),2.4
Estimated Migration (Persons in April),2000,Male,Emigrants: All destinations,United Kingdom (1),3.4
Estimated Migration (Persons in April),2000,Male,Emigrants: All destinations,United States,2.1
Estimated Migration (Persons in April),2000,Male,Emigrants: All destinations,Other countries (23),5.2
Estimated Migration (Persons in April),2000,Male,Net migration,All countries,13.1
Estimated Migration (Persons in April),2000,Male,Net migration,EU14 excl Irl (countries in the EU pre 2004 excluding UK & Ireland),2.5
Estimated Migration (Persons in April),2000,Male,Net migration,United Kingdom (1),7.0
Estimated Migration (Persons in April),2000,Male,Net migration,United States,0.7
Estimated Migration (Persons in April),2000,Male,Net migration,Other countries (23),2.9
Estimated Migration (Persons in April),2000,Female,Immigrants: All origins,All countries,26.4
Estimated Migration (Persons in April),2000,Female,Immigrants: All origins,EU14 excl Irl (countries in the EU pre 2004 excluding UK & Ireland),6.8
Estimated Migration (Persons in April),2000,Female,Immigrants: All origins,United Kingdom (1),10.5
Estimated Migration (Persons in April),2000,Female,Immigrants: All origins,United States,2.7
Estimated Migration (Persons in April),2000,Female,Immigrants: All origins,Other countries (23),6.4
Estimated Migration (Persons in April),2000,Female,Emigrants: All destinations,All countries,13.5
Estimated Migration (Persons in April),2000,Female,Emigrants: All destinations,EU14 excl Irl (countries in the EU pre 2004 excluding UK & Ireland),3.1
Estimated Migration (Persons in April),2000,Female,Emigrants: All destinations,United Kingdom (1),3.7
Estimated Migration (Persons in April),2000,Female,Emigrants: All destinations,United States,1.9
Estimated Migration (Persons in April),2000,Female,Emigrants: All destinations,Other countries (23),4.8
Estimated Migration (Persons in April),2000,Female,Net migration,All countries,12.9
Estimated Migration (Persons in April),2000,Female,Net migration,EU14 excl Irl (countries in the EU pre 2004 excluding UK & Ireland),3.1
Estimated Migration (Persons in April),2000,Female,Net migration,United Kingdom (1),6.8
Estimated Migration (Persons in April),2000,Female,Net migration,United States,0.8
Estimated Migration (Persons in April),2000,Female,Net migration,Other countries (23),-1.6
Estimated Migration (Persons in April),2001,Both sexes,Immigrants: All origins,All countries,59.0
Estimated Migration (Persons in April),2001,Both sexes,Immigrants: All origins,EU14 excl Irl (countries in the EU pre 2004 excluding UK & Ireland),10.3
Estimated Migration (Persons in April),2001,Both sexes,Immigrants: All origins,United Kingdom (1),20.6
Estimated Migration (Persons in April),2001,Both sexes,Immigrants: All origins,United States,6.7
Estimated Migration (Persons in April),2001,Both sexes,Immigrants: All origins,Other countries (23),21.5
Estimated Migration (Persons in April),2001,Both sexes,Emigrants: All destinations,All countries,26.2
Estimated Migration (Persons in April),2001,Both sexes,Emigrants: All destinations,EU14 excl Irl (countries in the EU pre 2004 excluding UK & Ireland),5.6
Estimated Migration (Persons in April),2001,Both sexes,Emigrants: All destinations,United Kingdom (1),7.8
Estimated Migration (Persons in April),2001,Both sexes,Emigrants: All destinations,United States,3.4
Estimated Migration (Persons in April),2001,Both sexes,Emigrants: All destinations,Other countries (23),9.5
Estimated Migration (Persons in April),2001,Both sexes,Net migration,All countries,32.8
Estimated Migration (Persons in April),2001,Both sexes,Net migration,EU14 excl Irl (countries in the EU pre 2004 excluding UK & Ireland),4.7
Estimated Migration (Persons in April),2001,Both sexes,Net migration,United Kingdom (1),12.8
Estimated Migration (Persons in April),2001,Both sexes,Net migration,United States,3.3
Estimated Migration (Persons in April),2001,Both sexes,Net migration,Other countries (23),12.0
Estimated Migration (Persons in April),2001,Male,Immigrants: All origins,All countries,30.1
Estimated Migration (Persons in April),2001,Male,Immigrants: All origins,EU14 excl Irl (countries in the EU pre 2004 excluding UK & Ireland),5.0
Estimated Migration (Persons in April),2001,Male,Immigrants: All origins,United Kingdom (1),10.2
Estimated Migration (Persons in April),2001,Male,Immigrants: All origins,United States,2.7
Estimated Migration (Persons in April),2001,Male,Immigrants: All origins,Other countries (23),12.2
Estimated Migration (Persons in April),2001,Male,Emigrants: All destinations,All countries,12.6
Estimated Migration (Persons in April),2001,Male,Emigrants: All destinations,EU14 excl Irl (countries in the EU pre 2004 excluding UK & Ireland),2.0
Estimated Migration (Persons in April),2001,Male,Emigrants: All destinations,United Kingdom (1),3.4
Estimated Migration (Persons in April),2001,Male,Emigrants: All destinations,United States,2.0
Estimated Migration (Persons in April),2001,Male,Emigrants: All destinations,Other countries (23),5.2
Estimated Migration (Persons in April),2001,Male,Net migration,All countries,17.5
Estimated Migration (Persons in April),2001,Male,Net migration,EU14 excl Irl (countries in the EU pre 2004 excluding UK & Ireland),3.0
Estimated Migration (Persons in April),2001,Male,Net migration,United Kingdom (1),6.8
Estimated Migration (Persons in April),2001,Male,Net migration,United States,0.7
Estimated Migration (Persons in April),2001,Male,Net migration,Other countries (23),7.0
Estimated Migration (Persons in April),2001,Female,Immigrants: All origins,All countries,29.0
Estimated Migration (Persons in April),2001,Female,Immigrants: All origins,EU14 excl Irl (countries in the EU pre 2004 excluding UK & Ireland),5.4
Estimated Migration (Persons in April),2001,Female,Immigrants: All origins,United Kingdom (1),10.4
Estimated Migration (Persons in April),2001,Female,Immigrants: All origins,United States,4.0
Estimated Migration (Persons in April),2001,Female,Immigrants: All origins,Other countries (23),9.3
Estimated Migration (Persons in April),2001,Female,Emigrants: All destinations,All countries,13.6
Estimated Migration (Persons in April),2001,Female,Emigrants: All destinations,EU14 excl Irl (countries in the EU pre 2004 excluding UK & Ireland),3.6
Estimated Migration (Persons in April),2001,Female,Emigrants: All destinations,United Kingdom (1),4.4
Estimated Migration (Persons in April),2001,Female,Emigrants: All destinations,United States,1.5
Estimated Migration (Persons in April),2001,Female,Emigrants: All destinations,Other countries (23),4.3
Estimated Migration (Persons in April),2001,Female,Net migration,All countries,15.3
Estimated Migration (Persons in April),2001,Female,Net migration,EU14 excl Irl (countries in the EU pre 2004 excluding UK & Ireland),1.0
Estimated Migration (Persons in April),2001,Female,Net migration,United Kingdom (1),6.0
Estimated Migration (Persons in April),2001,Female,Net migration,United States,2.5
Estimated Migration (Persons in April),2001,Female,Net migration,Other countries (23),-5.0
Estimated Migration (Persons in April),2002,Both sexes,Immigrants: All origins,All countries,66.9
Estimated Migration (Persons in April),2002,Both sexes,Immigrants: All origins,EU14 excl Irl (countries in the EU pre 2004 excluding UK & Ireland),11.3
Estimated Migration (Persons in April),2002,Both sexes,Immigrants: All origins,United Kingdom (1),19.1
Estimated Migration (Persons in April),2002,Both sexes,Immigrants: All origins,United States,6.6
Estimated Migration (Persons in April),2002,Both sexes,Immigrants: All origins,Other countries (23),29.9
Estimated Migration (Persons in April),2002,Both sexes,Emigrants: All destinations,All countries,25.6
Estimated Migration (Persons in April),2002,Both sexes,Emigrants: All destinations,EU14 excl Irl (countries in the EU pre 2004 excluding UK & Ireland),4.8
Estimated Migration (Persons in April),2002,Both sexes,Emigrants: All destinations,United Kingdom (1),7.4
Estimated Migration (Persons in April),2002,Both sexes,Emigrants: All destinations,United States,4.8
Estimated Migration (Persons in April),2002,Both sexes,Emigrants: All destinations,Other countries (23),8.5
Estimated Migration (Persons in April),2002,Both sexes,Net migration,All countries,41.3
Estimated Migration (Persons in April),2002,Both sexes,Net migration,EU14 excl Irl (countries in the EU pre 2004 excluding UK & Ireland),6.5
Estimated Migration (Persons in April),2002,Both sexes,Net migration,United Kingdom (1),11.7
Estimated Migration (Persons in April),2002,Both sexes,Net migration,United States,1.8
Estimated Migration (Persons in April),2002,Both sexes,Net migration,Other countries (23),21.4
Estimated Migration (Persons in April),2002,Male,Immigrants: All origins,All countries,31.3
Estimated Migration (Persons in April),2002,Male,Immigrants: All origins,EU14 excl Irl (countries in the EU pre 2004 excluding UK & Ireland),4.6
Estimated Migration (Persons in April),2002,Male,Immigrants: All origins,United Kingdom (1),9.3
Estimated Migration (Persons in April),2002,Male,Immigrants: All origins,United States,2.9
Estimated Migration (Persons in April),2002,Male,Immigrants: All origins,Other countries (23),14.4
Estimated Migration (Persons in April),2002,Male,Emigrants: All destinations,All countries,12.7
Estimated Migration (Persons in April),2002,Male,Emigrants: All destinations,EU14 excl Irl (countries in the EU pre 2004 excluding UK & Ireland),2.1
Estimated Migration (Persons in April),2002,Male,Emigrants: All destinations,United Kingdom (1),3.5
Estimated Migration (Persons in April),2002,Male,Emigrants: All destinations,United States,2.8
Estimated Migration (Persons in April),2002,Male,Emigrants: All destinations,Other countries (23),4.2
Estimated Migration (Persons in April),2002,Male,Net migration,All countries,18.6
Estimated Migration (Persons in April),2002,Male,Net migration,EU14 excl Irl (countries in the EU pre 2004 excluding UK & Ireland),2.5
Estimated Migration (Persons in April),2002,Male,Net migration,United Kingdom (1),5.8
Estimated Migration (Persons in April),2002,Male,Net migration,United States,0.1
Estimated Migration (Persons in April),2002,Male,Net migration,Other countries (23),10.2
Estimated Migration (Persons in April),2002,Female,Immigrants: All origins,All countries,35.6
Estimated Migration (Persons in April),2002,Female,Immigrants: All origins,EU14 excl Irl (countries in the EU pre 2004 excluding UK & Ireland),6.7
Estimated Migration (Persons in April),2002,Female,Immigrants: All origins,United Kingdom (1),9.8
Estimated Migration (Persons in April),2002,Female,Immigrants: All origins,United States,3.7
Estimated Migration (Persons in April),2002,Female,Immigrants: All origins,Other countries (23),15.5
Estimated Migration (Persons in April),2002,Female,Emigrants: All destinations,All countries,12.9
Estimated Migration (Persons in April),2002,Female,Emigrants: All destinations,EU14 excl Irl (countries in the EU pre 2004 excluding UK & Ireland),2.7
Estimated Migration (Persons in April),2002,Female,Emigrants: All destinations,United Kingdom (1),3.9
Estimated Migration (Persons in April),2002,Female,Emigrants: All destinations,United States,2.0
Estimated Migration (Persons in April),2002,Female,Emigrants: All destinations,Other countries (23),4.3
Estimated Migration (Persons in April),2002,Female,Net migration,All countries,22.7
Estimated Migration (Persons in April),2002,Female,Net migration,EU14 excl Irl (countries in the EU pre 2004 excluding UK & Ireland),4.0
Estimated Migration (Persons in April),2002,Female,Net migration,United Kingdom (1),5.9
Estimated Migration (Persons in April),2002,Female,Net migration,United States,1.7
Estimated Migration (Persons in April),2002,Female,Net migration,Other countries (23),11.2
Estimated Migration (Persons in April),2003,Both sexes,Immigrants: All origins,All countries,60.0
Estimated Migration (Persons in April),2003,Both sexes,Immigrants: All origins,EU14 excl Irl (countries in the EU pre 2004 excluding UK & Ireland),11.8
Estimated Migration (Persons in April),2003,Both sexes,Immigrants: All origins,United Kingdom (1),15.8
Estimated Migration (Persons in April),2003,Both sexes,Immigrants: All origins,United States,5.3
Estimated Migration (Persons in April),2003,Both sexes,Immigrants: All origins,Other countries (23),27.2
Estimated Migration (Persons in April),2003,Both sexes,Emigrants: All destinations,All countries,29.3
Estimated Migration (Persons in April),2003,Both sexes,Emigrants: All destinations,EU14 excl Irl (countries in the EU pre 2004 excluding UK & Ireland),6.5
Estimated Migration (Persons in April),2003,Both sexes,Emigrants: All destinations,United Kingdom (1),8.6
Estimated Migration (Persons in April),2003,Both sexes,Emigrants: All destinations,United States,2.8
Estimated Migration (Persons in April),2003,Both sexes,Emigrants: All destinations,Other countries (23),11.4
Estimated Migration (Persons in April),2003,Both sexes,Net migration,All countries,30.7
Estimated Migration (Persons in April),2003,Both sexes,Net migration,EU14 excl Irl (countries in the EU pre 2004 excluding UK & Ireland),5.3
Estimated Migration (Persons in April),2003,Both sexes,Net migration,United Kingdom (1),7.2
Estimated Migration (Persons in April),2003,Both sexes,Net migration,United States,2.5
Estimated Migration (Persons in April),2003,Both sexes,Net migration,Other countries (23),15.8
Estimated Migration (Persons in April),2003,Male,Immigrants: All origins,All countries,31.4
Estimated Migration (Persons in April),2003,Male,Immigrants: All origins,EU14 excl Irl (countries in the EU pre 2004 excluding UK & Ireland),6.0
Estimated Migration (Persons in April),2003,Male,Immigrants: All origins,United Kingdom (1),9.1
Estimated Migration (Persons in April),2003,Male,Immigrants: All origins,United States,2.8
Estimated Migration (Persons in April),2003,Male,Immigrants: All origins,Other countries (23),13.6
Estimated Migration (Persons in April),2003,Male,Emigrants: All destinations,All countries,17.0
Estimated Migration (Persons in April),2003,Male,Emigrants: All destinations,EU14 excl Irl (countries in the EU pre 2004 excluding UK & Ireland),2.8
Estimated Migration (Persons in April),2003,Male,Emigrants: All destinations,United Kingdom (1),5.2
Estimated Migration (Persons in April),2003,Male,Emigrants: All destinations,United States,1.7
Estimated Migration (Persons in April),2003,Male,Emigrants: All destinations,Other countries (23),7.3
Estimated Migration (Persons in April),2003,Male,Net migration,All countries,14.3
Estimated Migration (Persons in April),2003,Male,Net migration,EU14 excl Irl (countries in the EU pre 2004 excluding UK & Ireland),3.2
Estimated Migration (Persons in April),2003,Male,Net migration,United Kingdom (1),3.9
Estimated Migration (Persons in April),2003,Male,Net migration,United States,1.1
Estimated Migration (Persons in April),2003,Male,Net migration,Other countries (23),6.3
Estimated Migration (Persons in April),2003,Female,Immigrants: All origins,All countries,28.6
Estimated Migration (Persons in April),2003,Female,Immigrants: All origins,EU14 excl Irl (countries in the EU pre 2004 excluding UK & Ireland),5.8
Estimated Migration (Persons in April),2003,Female,Immigrants: All origins,United Kingdom (1),6.7
Estimated Migration (Persons in April),2003,Female,Immigrants: All origins,United States,2.5
Estimated Migration (Persons in April),2003,Female,Immigrants: All origins,Other countries (23),13.6
Estimated Migration (Persons in April),2003,Female,Emigrants: All destinations,All countries,12.3
Estimated Migration (Persons in April),2003,Female,Emigrants: All destinations,EU14 excl Irl (countries in the EU pre 2004 excluding UK & Ireland),3.7
Estimated Migration (Persons in April),2003,Female,Emigrants: All destinations,United Kingdom (1),3.4
Estimated Migration (Persons in April),2003,Female,Emigrants: All destinations,United States,1.1
Estimated Migration (Persons in April),2003,Female,Emigrants: All destinations,Other countries (23),4.0
Estimated Migration (Persons in April),2003,Female,Net migration,All countries,16.3
Estimated Migration (Persons in April),2003,Female,Net migration,EU14 excl Irl (countries in the EU pre 2004 excluding UK & Ireland),2.1
Estimated Migration (Persons in April),2003,Female,Net migration,United Kingdom (1),3.2
Estimated Migration (Persons in April),2003,Female,Net migration,United States,1.4
Estimated Migration (Persons in April),2003,Female,Net migration,Other countries (23),9.5
Estimated Migration (Persons in April),2004,Both sexes,Immigrants: All origins,All countries,58.5
Estimated Migration (Persons in April),2004,Both sexes,Immigrants: All origins,EU14 excl Irl (countries in the EU pre 2004 excluding UK & Ireland),15.2
Estimated Migration (Persons in April),2004,Both sexes,Immigrants: All origins,United Kingdom (1),14.6
Estimated Migration (Persons in April),2004,Both sexes,Immigrants: All origins,United States,5.3
Estimated Migration (Persons in April),2004,Both sexes,Immigrants: All origins,Other countries (23),23.3
Estimated Migration (Persons in April),2004,Both sexes,Emigrants: All destinations,All countries,26.5
Estimated Migration (Persons in April),2004,Both sexes,Emigrants: All destinations,EU14 excl Irl (countries in the EU pre 2004 excluding UK & Ireland),5.0
Estimated Migration (Persons in April),2004,Both sexes,Emigrants: All destinations,United Kingdom (1),7.1
Estimated Migration (Persons in April),2004,Both sexes,Emigrants: All destinations,United States,3.9
Estimated Migration (Persons in April),2004,Both sexes,Emigrants: All destinations,Other countries (23),10.5
Estimated Migration (Persons in April),2004,Both sexes,Net migration,All countries,32.0
Estimated Migration (Persons in April),2004,Both sexes,Net migration,EU14 excl Irl (countries in the EU pre 2004 excluding UK & Ireland),10.2
Estimated Migration (Persons in April),2004,Both sexes,Net migration,United Kingdom (1),7.5
Estimated Migration (Persons in April),2004,Both sexes,Net migration,United States,1.4
Estimated Migration (Persons in April),2004,Both sexes,Net migration,Other countries (23),12.9
Estimated Migration (Persons in April),2004,Male,Immigrants: All origins,All countries,30.5
Estimated Migration (Persons in April),2004,Male,Immigrants: All origins,EU14 excl Irl (countries in the EU pre 2004 excluding UK & Ireland),7.6
Estimated Migration (Persons in April),2004,Male,Immigrants: All origins,United Kingdom (1),7.7
Estimated Migration (Persons in April),2004,Male,Immigrants: All origins,United States,2.9
Estimated Migration (Persons in April),2004,Male,Immigrants: All origins,Other countries (23),12.4
Estimated Migration (Persons in April),2004,Male,Emigrants: All destinations,All countries,12.5
Estimated Migration (Persons in April),2004,Male,Emigrants: All destinations,EU14 excl Irl (countries in the EU pre 2004 excluding UK & Ireland),2.2
Estimated Migration (Persons in April),2004,Male,Emigrants: All destinations,United Kingdom (1),2.9
Estimated Migration (Persons in April),2004,Male,Emigrants: All destinations,United States,2.1
Estimated Migration (Persons in April),2004,Male,Emigrants: All destinations,Other countries (23),5.3
Estimated Migration (Persons in April),2004,Male,Net migration,All countries,18.0
Estimated Migration (Persons in April),2004,Male,Net migration,EU14 excl Irl (countries in the EU pre 2004 excluding UK & Ireland),5.4
Estimated Migration (Persons in April),2004,Male,Net migration,United Kingdom (1),4.8
Estimated Migration (Persons in April),2004,Male,Net migration,United States,0.7
Estimated Migration (Persons in April),2004,Male,Net migration,Other countries (23),7.1
Estimated Migration (Persons in April),2004,Female,Immigrants: All origins,All countries,28.0
Estimated Migration (Persons in April),2004,Female,Immigrants: All origins,EU14 excl Irl (countries in the EU pre 2004 excluding UK & Ireland),7.6
Estimated Migration (Persons in April),2004,Female,Immigrants: All origins,United Kingdom (1),6.9
Estimated Migration (Persons in April),2004,Female,Immigrants: All origins,United States,2.5
Estimated Migration (Persons in April),2004,Female,Immigrants: All origins,Other countries (23),10.9
Estimated Migration (Persons in April),2004,Female,Emigrants: All destinations,All countries,14.0
Estimated Migration (Persons in April),2004,Female,Emigrants: All destinations,EU14 excl Irl (countries in the EU pre 2004 excluding UK & Ireland),2.8
Estimated Migration (Persons in April),2004,Female,Emigrants: All destinations,United Kingdom (1),4.2
Estimated Migration (Persons in April),2004,Female,Emigrants: All destinations,United States,1.8
Estimated Migration (Persons in April),2004,Female,Emigrants: All destinations,Other countries (23),5.2
Estimated Migration (Persons in April),2004,Female,Net migration,All countries,14.0
Estimated Migration (Persons in April),2004,Female,Net migration,EU14 excl Irl (countries in the EU pre 2004 excluding UK & Ireland),4.8
Estimated Migration (Persons in April),2004,Female,Net migration,United Kingdom (1),2.7
Estimated Migration (Persons in April),2004,Female,Net migration,United States,0.7
Estimated Migration (Persons in April),2004,Female,Net migration,Other countries (23),5.7
Estimated Migration (Persons in April),2005,Both sexes,Immigrants: All origins,All countries,84.6
Estimated Migration (Persons in April),2005,Both sexes,Immigrants: All origins,EU14 excl Irl (countries in the EU pre 2004 excluding UK & Ireland),11.1
Estimated Migration (Persons in April),2005,Both sexes,Immigrants: All origins,EU15 to EU27 (accession countries joined post 2004),33.7
Estimated Migration (Persons in April),2005,Both sexes,Immigrants: All origins,United Kingdom (1),15.6
Estimated Migration (Persons in April),2005,Both sexes,Immigrants: All origins,United States,4.8
Estimated Migration (Persons in April),2005,Both sexes,Immigrants: All origins,Other countries (23),19.4
Estimated Migration (Persons in April),2005,Both sexes,Emigrants: All destinations,All countries,29.4
Estimated Migration (Persons in April),2005,Both sexes,Emigrants: All destinations,EU14 excl Irl (countries in the EU pre 2004 excluding UK & Ireland),4.9
Estimated Migration (Persons in April),2005,Both sexes,Emigrants: All destinations,EU15 to EU27 (accession countries joined post 2004),0.8
Estimated Migration (Persons in April),2005,Both sexes,Emigrants: All destinations,United Kingdom (1),7.9
Estimated Migration (Persons in April),2005,Both sexes,Emigrants: All destinations,United States,3.3
Estimated Migration (Persons in April),2005,Both sexes,Emigrants: All destinations,Other countries (23),12.7
Estimated Migration (Persons in April),2005,Both sexes,Net migration,All countries,55.1
Estimated Migration (Persons in April),2005,Both sexes,Net migration,EU14 excl Irl (countries in the EU pre 2004 excluding UK & Ireland),6.2
Estimated Migration (Persons in April),2005,Both sexes,Net migration,EU15 to EU27 (accession countries joined post 2004),32.9
Estimated Migration (Persons in April),2005,Both sexes,Net migration,United Kingdom (1),7.7
Estimated Migration (Persons in April),2005,Both sexes,Net migration,United States,1.5
Estimated Migration (Persons in April),2005,Both sexes,Net migration,Other countries (23),6.7
Estimated Migration (Persons in April),2005,Male,Immigrants: All origins,All countries,47.5
Estimated Migration (Persons in April),2005,Male,Immigrants: All origins,EU14 excl Irl (countries in the EU pre 2004 excluding UK & Ireland),4.9
Estimated Migration (Persons in April),2005,Male,Immigrants: All origins,EU15 to EU27 (accession countries joined post 2004),22.6
Estimated Migration (Persons in April),2005,Male,Immigrants: All origins,United Kingdom (1),8.4
Estimated Migration (Persons in April),2005,Male,Immigrants: All origins,United States,1.6
Estimated Migration (Persons in April),2005,Male,Immigrants: All origins,Other countries (23),9.9
Estimated Migration (Persons in April),2005,Male,Emigrants: All destinations,All countries,14.9
Estimated Migration (Persons in April),2005,Male,Emigrants: All destinations,EU14 excl Irl (countries in the EU pre 2004 excluding UK & Ireland),2.1
Estimated Migration (Persons in April),2005,Male,Emigrants: All destinations,EU15 to EU27 (accession countries joined post 2004),0.4
Estimated Migration (Persons in April),2005,Male,Emigrants: All destinations,United Kingdom (1),3.9
Estimated Migration (Persons in April),2005,Male,Emigrants: All destinations,United States,1.6
Estimated Migration (Persons in April),2005,Male,Emigrants: All destinations,Other countries (23),6.8
Estimated Migration (Persons in April),2005,Male,Net migration,All countries,32.6
Estimated Migration (Persons in April),2005,Male,Net migration,EU14 excl Irl (countries in the EU pre 2004 excluding UK & Ireland),2.8
Estimated Migration (Persons in April),2005,Male,Net migration,EU15 to EU27 (accession countries joined post 2004),22.2
Estimated Migration (Persons in April),2005,Male,Net migration,United Kingdom (1),4.5
Estimated Migration (Persons in April),2005,Male,Net migration,United States,0.0
Estimated Migration (Persons in April),2005,Male,Net migration,Other countries (23),3.1
Estimated Migration (Persons in April),2005,Female,Immigrants: All origins,All countries,37.1
Estimated Migration (Persons in April),2005,Female,Immigrants: All origins,EU14 excl Irl (countries in the EU pre 2004 excluding UK & Ireland),6.2
Estimated Migration (Persons in April),2005,Female,Immigrants: All origins,EU15 to EU27 (accession countries joined post 2004),11.1
Estimated Migration (Persons in April),2005,Female,Immigrants: All origins,United Kingdom (1),7.2
Estimated Migration (Persons in April),2005,Female,Immigrants: All origins,United States,3.1
Estimated Migration (Persons in April),2005,Female,Immigrants: All origins,Other countries (23),9.5
Estimated Migration (Persons in April),2005,Female,Emigrants: All destinations,All countries,14.6
Estimated Migration (Persons in April),2005,Female,Emigrants: All destinations,EU14 excl Irl (countries in the EU pre 2004 excluding UK & Ireland),2.8
Estimated Migration (Persons in April),2005,Female,Emigrants: All destinations,EU15 to EU27 (accession countries joined post 2004),0.4
Estimated Migration (Persons in April),2005,Female,Emigrants: All destinations,United Kingdom (1),3.9
Estimated Migration (Persons in April),2005,Female,Emigrants: All destinations,United States,1.6
Estimated Migration (Persons in April),2005,Female,Emigrants: All destinations,Other countries (23),5.8
Estimated Migration (Persons in April),2005,Female,Net migration,All countries,22.5
Estimated Migration (Persons in April),2005,Female,Net migration,EU14 excl Irl (countries in the EU pre 2004 excluding UK & Ireland),3.4
Estimated Migration (Persons in April),2005,Female,Net migration,EU15 to EU27 (accession countries joined post 2004),10.7
Estimated Migration (Persons in April),2005,Female,Net migration,United Kingdom (1),3.2
Estimated Migration (Persons in April),2005,Female,Net migration,United States,1.5
Estimated Migration (Persons in April),2005,Female,Net migration,Other countries (23),3.7
Estimated Migration (Persons in April),2006,Both sexes,Immigrants: All origins,All countries,107.8
Estimated Migration (Persons in April),2006,Both sexes,Immigrants: All origins,EU14 excl Irl (countries in the EU pre 2004 excluding UK & Ireland),13.5
Estimated Migration (Persons in April),2006,Both sexes,Immigrants: All origins,EU15 to EU27 (accession countries joined post 2004),49.3
Estimated Migration (Persons in April),2006,Both sexes,Immigrants: All origins,United Kingdom (1),17.7
Estimated Migration (Persons in April),2006,Both sexes,Immigrants: All origins,United States,4.0
Estimated Migration (Persons in April),2006,Both sexes,Immigrants: All origins,Other countries (23),23.3
Estimated Migration (Persons in April),2006,Both sexes,Emigrants: All destinations,All countries,36.0
Estimated Migration (Persons in April),2006,Both sexes,Emigrants: All destinations,EU14 excl Irl (countries in the EU pre 2004 excluding UK & Ireland),5.7
Estimated Migration (Persons in April),2006,Both sexes,Emigrants: All destinations,EU15 to EU27 (accession countries joined post 2004),2.3
Estimated Migration (Persons in April),2006,Both sexes,Emigrants: All destinations,United Kingdom (1),8.8
Estimated Migration (Persons in April),2006,Both sexes,Emigrants: All destinations,United States,3.3
Estimated Migration (Persons in April),2006,Both sexes,Emigrants: All destinations,Other countries (23),15.8
Estimated Migration (Persons in April),2006,Both sexes,Net migration,All countries,71.8
Estimated Migration (Persons in April),2006,Both sexes,Net migration,EU14 excl Irl (countries in the EU pre 2004 excluding UK & Ireland),7.8
Estimated Migration (Persons in April),2006,Both sexes,Net migration,EU15 to EU27 (accession countries joined post 2004),47.0
Estimated Migration (Persons in April),2006,Both sexes,Net migration,United Kingdom (1),8.9
Estimated Migration (Persons in April),2006,Both sexes,Net migration,United States,0.7
Estimated Migration (Persons in April),2006,Both sexes,Net migration,Other countries (23),7.5
Estimated Migration (Persons in April),2006,Male,Immigrants: All origins,All countries,60.3
Estimated Migration (Persons in April),2006,Male,Immigrants: All origins,EU14 excl Irl (countries in the EU pre 2004 excluding UK & Ireland),6.8
Estimated Migration (Persons in April),2006,Male,Immigrants: All origins,EU15 to EU27 (accession countries joined post 2004),30.5
Estimated Migration (Persons in April),2006,Male,Immigrants: All origins,United Kingdom (1),9.7
Estimated Migration (Persons in April),2006,Male,Immigrants: All origins,United States,1.7
Estimated Migration (Persons in April),2006,Male,Immigrants: All origins,Other countries (23),11.6
Estimated Migration (Persons in April),2006,Male,Emigrants: All destinations,All countries,18.7
Estimated Migration (Persons in April),2006,Male,Emigrants: All destinations,EU14 excl Irl (countries in the EU pre 2004 excluding UK & Ireland),2.4
Estimated Migration (Persons in April),2006,Male,Emigrants: All destinations,EU15 to EU27 (accession countries joined post 2004),1.0
Estimated Migration (Persons in April),2006,Male,Emigrants: All destinations,United Kingdom (1),4.5
Estimated Migration (Persons in April),2006,Male,Emigrants: All destinations,United States,1.6
Estimated Migration (Persons in April),2006,Male,Emigrants: All destinations,Other countries (23),9.3
Estimated Migration (Persons in April),2006,Male,Net migration,All countries,41.6
Estimated Migration (Persons in April),2006,Male,Net migration,EU14 excl Irl (countries in the EU pre 2004 excluding UK & Ireland),4.4
Estimated Migration (Persons in April),2006,Male,Net migration,EU15 to EU27 (accession countries joined post 2004),29.5
Estimated Migration (Persons in April),2006,Male,Net migration,United Kingdom (1),5.2
Estimated Migration (Persons in April),2006,Male,Net migration,United States,0.1
Estimated Migration (Persons in April),2006,Male,Net migration,Other countries (23),2.3
Estimated Migration (Persons in April),2006,Female,Immigrants: All origins,All countries,47.5
Estimated Migration (Persons in April),2006,Female,Immigrants: All origins,EU14 excl Irl (countries in the EU pre 2004 excluding UK & Ireland),6.7
Estimated Migration (Persons in April),2006,Female,Immigrants: All origins,EU15 to EU27 (accession countries joined post 2004),18.8
Estimated Migration (Persons in April),2006,Female,Immigrants: All origins,United Kingdom (1),8.0
Estimated Migration (Persons in April),2006,Female,Immigrants: All origins,United States,2.3
Estimated Migration (Persons in April),2006,Female,Immigrants: All origins,Other countries (23),11.8
Estimated Migration (Persons in April),2006,Female,Emigrants: All destinations,All countries,17.3
Estimated Migration (Persons in April),2006,Female,Emigrants: All destinations,EU14 excl Irl (countries in the EU pre 2004 excluding UK & Ireland),3.3
Estimated Migration (Persons in April),2006,Female,Emigrants: All destinations,EU15 to EU27 (accession countries joined post 2004),1.4
Estimated Migration (Persons in April),2006,Female,Emigrants: All destinations,United Kingdom (1),4.4
Estimated Migration (Persons in April),2006,Female,Emigrants: All destinations,United States,1.7
Estimated Migration (Persons in April),2006,Female,Emigrants: All destinations,Other countries (23),6.6
Estimated Migration (Persons in April),2006,Female,Net migration,All countries,30.2
Estimated Migration (Persons in April),2006,Female,Net migration,EU14 excl Irl (countries in the EU pre 2004 excluding UK & Ireland),3.4
Estimated Migration (Persons in April),2006,Female,Net migration,EU15 to EU27 (accession countries joined post 2004),17.4
Estimated Migration (Persons in April),2006,Female,Net migration,United Kingdom (1),3.6
Estimated Migration (Persons in April),2006,Female,Net migration,United States,0.6
Estimated Migration (Persons in April),2006,Female,Net migration,Other countries (23),5.2
Estimated Migration (Persons in April),2007,Both sexes,Immigrants: All origins,All countries,151.1
Estimated Migration (Persons in April),2007,Both sexes,Immigrants: All origins,EU14 excl Irl (countries in the EU pre 2004 excluding UK & Ireland),20.3
Estimated Migration (Persons in April),2007,Both sexes,Immigrants: All origins,EU15 to EU27 (accession countries joined post 2004),72.6
Estimated Migration (Persons in April),2007,Both sexes,Immigrants: All origins,United Kingdom (1),18.2
Estimated Migration (Persons in April),2007,Both sexes,Immigrants: All origins,United States,5.3
Estimated Migration (Persons in April),2007,Both sexes,Immigrants: All origins,Other countries (23),34.7
Estimated Migration (Persons in April),2007,Both sexes,Emigrants: All destinations,All countries,46.3
Estimated Migration (Persons in April),2007,Both sexes,Emigrants: All destinations,EU14 excl Irl (countries in the EU pre 2004 excluding UK & Ireland),3.5
Estimated Migration (Persons in April),2007,Both sexes,Emigrants: All destinations,EU15 to EU27 (accession countries joined post 2004),7.7
Estimated Migration (Persons in April),2007,Both sexes,Emigrants: All destinations,United Kingdom (1),11.1
Estimated Migration (Persons in April),2007,Both sexes,Emigrants: All destinations,United States,3.1
Estimated Migration (Persons in April),2007,Both sexes,Emigrants: All destinations,Other countries (23),20.8
Estimated Migration (Persons in April),2007,Both sexes,Net migration,All countries,104.8
Estimated Migration (Persons in April),2007,Both sexes,Net migration,EU14 excl Irl (countries in the EU pre 2004 excluding UK & Ireland),16.8
Estimated Migration (Persons in April),2007,Both sexes,Net migration,EU15 to EU27 (accession countries joined post 2004),64.9
Estimated Migration (Persons in April),2007,Both sexes,Net migration,United Kingdom (1),7.1
Estimated Migration (Persons in April),2007,Both sexes,Net migration,United States,2.2
Estimated Migration (Persons in April),2007,Both sexes,Net migration,Other countries (23),13.9
Estimated Migration (Persons in April),2007,Male,Immigrants: All origins,All countries,80.0
Estimated Migration (Persons in April),2007,Male,Immigrants: All origins,EU14 excl Irl (countries in the EU pre 2004 excluding UK & Ireland),9.3
Estimated Migration (Persons in April),2007,Male,Immigrants: All origins,EU15 to EU27 (accession countries joined post 2004),40.3
Estimated Migration (Persons in April),2007,Male,Immigrants: All origins,United Kingdom (1),9.5
Estimated Migration (Persons in April),2007,Male,Immigrants: All origins,United States,2.5
Estimated Migration (Persons in April),2007,Male,Immigrants: All origins,Other countries (23),18.4
Estimated Migration (Persons in April),2007,Male,Emigrants: All destinations,All countries,25.7
Estimated Migration (Persons in April),2007,Male,Emigrants: All destinations,EU14 excl Irl (countries in the EU pre 2004 excluding UK & Ireland),1.5
Estimated Migration (Persons in April),2007,Male,Emigrants: All destinations,EU15 to EU27 (accession countries joined post 2004),4.7
Estimated Migration (Persons in April),2007,Male,Emigrants: All destinations,United Kingdom (1),5.3
Estimated Migration (Persons in April),2007,Male,Emigrants: All destinations,United States,1.8
Estimated Migration (Persons in April),2007,Male,Emigrants: All destinations,Other countries (23),12.5
Estimated Migration (Persons in April),2007,Male,Net migration,All countries,54.3
Estimated Migration (Persons in April),2007,Male,Net migration,EU14 excl Irl (countries in the EU pre 2004 excluding UK & Ireland),7.8
Estimated Migration (Persons in April),2007,Male,Net migration,EU15 to EU27 (accession countries joined post 2004),35.6
Estimated Migration (Persons in April),2007,Male,Net migration,United Kingdom (1),4.2
Estimated Migration (Persons in April),2007,Male,Net migration,United States,0.7
Estimated Migration (Persons in April),2007,Male,Net migration,Other countries (23),5.9
Estimated Migration (Persons in April),2007,Female,Immigrants: All origins,All countries,71.1
Estimated Migration (Persons in April),2007,Female,Immigrants: All origins,EU14 excl Irl (countries in the EU pre 2004 excluding UK & Ireland),11.0
Estimated Migration (Persons in April),2007,Female,Immigrants: All origins,EU15 to EU27 (accession countries joined post 2004),32.3
Estimated Migration (Persons in April),2007,Female,Immigrants: All origins,United Kingdom (1),8.7
Estimated Migration (Persons in April),2007,Female,Immigrants: All origins,United States,2.8
Estimated Migration (Persons in April),2007,Female,Immigrants: All origins,Other countries (23),16.3
Estimated Migration (Persons in April),2007,Female,Emigrants: All destinations,All countries,20.6
Estimated Migration (Persons in April),2007,Female,Emigrants: All destinations,EU14 excl Irl (countries in the EU pre 2004 excluding UK & Ireland),2.1
Estimated Migration (Persons in April),2007,Female,Emigrants: All destinations,EU15 to EU27 (accession countries joined post 2004),3.0
Estimated Migration (Persons in April),2007,Female,Emigrants: All destinations,United Kingdom (1),5.9
Estimated Migration (Persons in April),2007,Female,Emigrants: All destinations,United States,1.4
Estimated Migration (Persons in April),2007,Female,Emigrants: All destinations,Other countries (23),8.3
Estimated Migration (Persons in April),2007,Female,Net migration,All countries,50.4
Estimated Migration (Persons in April),2007,Female,Net migration,EU14 excl Irl (countries in the EU pre 2004 excluding UK & Ireland),8.9
Estimated Migration (Persons in April),2007,Female,Net migration,EU15 to EU27 (accession countries joined post 2004),29.3
Estimated Migration (Persons in April),2007,Female,Net migration,United Kingdom (1),2.8
Estimated Migration (Persons in April),2007,Female,Net migration,United States,1.4
Estimated Migration (Persons in April),2007,Female,Net migration,Other countries (23),8.0
Estimated Migration (Persons in April),2008,Both sexes,Immigrants: All origins,All countries,113.5
Estimated Migration (Persons in April),2008,Both sexes,Immigrants: All origins,EU14 excl Irl (countries in the EU pre 2004 excluding UK & Ireland),14.5
Estimated Migration (Persons in April),2008,Both sexes,Immigrants: All origins,EU15 to EU27 (accession countries joined post 2004),45.5
Estimated Migration (Persons in April),2008,Both sexes,Immigrants: All origins,United Kingdom (1),19.4
Estimated Migration (Persons in April),2008,Both sexes,Immigrants: All origins,United States,5.0
Estimated Migration (Persons in April),2008,Both sexes,Immigrants: All origins,Canada,2.0
Estimated Migration (Persons in April),2008,Both sexes,Immigrants: All origins,Australia,7.1
Estimated Migration (Persons in April),2008,Both sexes,Immigrants: All origins,Other countries (23),20.0
Estimated Migration (Persons in April),2008,Both sexes,Emigrants: All destinations,All countries,49.2
Estimated Migration (Persons in April),2008,Both sexes,Emigrants: All destinations,EU14 excl Irl (countries in the EU pre 2004 excluding UK & Ireland),7.8
Estimated Migration (Persons in April),2008,Both sexes,Emigrants: All destinations,EU15 to EU27 (accession countries joined post 2004),10.1
Estimated Migration (Persons in April),2008,Both sexes,Emigrants: All destinations,United Kingdom (1),7.6
Estimated Migration (Persons in April),2008,Both sexes,Emigrants: All destinations,United States,2.4
Estimated Migration (Persons in April),2008,Both sexes,Emigrants: All destinations,Canada,1.1
Estimated Migration (Persons in April),2008,Both sexes,Emigrants: All destinations,Australia,10.4
Estimated Migration (Persons in April),2008,Both sexes,Emigrants: All destinations,Other countries (23),9.8
Estimated Migration (Persons in April),2008,Both sexes,Net migration,All countries,64.3
Estimated Migration (Persons in April),2008,Both sexes,Net migration,EU14 excl Irl (countries in the EU pre 2004 excluding UK & Ireland),6.7
Estimated Migration (Persons in April),2008,Both sexes,Net migration,EU15 to EU27 (accession countries joined post 2004),35.4
Estimated Migration (Persons in April),2008,Both sexes,Net migration,United Kingdom (1),11.8
Estimated Migration (Persons in April),2008,Both sexes,Net migration,United States,2.6
Estimated Migration (Persons in April),2008,Both sexes,Net migration,Canada,0.9
Estimated Migration (Persons in April),2008,Both sexes,Net migration,Australia,-3.2
Estimated Migration (Persons in April),2008,Both sexes,Net migration,Other countries (23),10.2
Estimated Migration (Persons in April),2008,Male,Immigrants: All origins,All countries,53.9
Estimated Migration (Persons in April),2008,Male,Immigrants: All origins,EU14 excl Irl (countries in the EU pre 2004 excluding UK & Ireland),6.1
Estimated Migration (Persons in April),2008,Male,Immigrants: All origins,EU15 to EU27 (accession countries joined post 2004),20.8
Estimated Migration (Persons in April),2008,Male,Immigrants: All origins,United Kingdom (1),10.6
Estimated Migration (Persons in April),2008,Male,Immigrants: All origins,United States,2.3
Estimated Migration (Persons in April),2008,Male,Immigrants: All origins,Canada,0.6
Estimated Migration (Persons in April),2008,Male,Immigrants: All origins,Australia,3.3
Estimated Migration (Persons in April),2008,Male,Immigrants: All origins,Other countries (23),10.3
Estimated Migration (Persons in April),2008,Male,Emigrants: All destinations,All countries,29.6
Estimated Migration (Persons in April),2008,Male,Emigrants: All destinations,EU14 excl Irl (countries in the EU pre 2004 excluding UK & Ireland),3.2
Estimated Migration (Persons in April),2008,Male,Emigrants: All destinations,EU15 to EU27 (accession countries joined post 2004),6.5
Estimated Migration (Persons in April),2008,Male,Emigrants: All destinations,United Kingdom (1),3.9
Estimated Migration (Persons in April),2008,Male,Emigrants: All destinations,United States,1.8
Estimated Migration (Persons in April),2008,Male,Emigrants: All destinations,Canada,0.6
Estimated Migration (Persons in April),2008,Male,Emigrants: All destinations,Australia,6.5
Estimated Migration (Persons in April),2008,Male,Emigrants: All destinations,Other countries (23),7.1
Estimated Migration (Persons in April),2008,Male,Net migration,All countries,24.4
Estimated Migration (Persons in April),2008,Male,Net migration,EU14 excl Irl (countries in the EU pre 2004 excluding UK & Ireland),2.9
Estimated Migration (Persons in April),2008,Male,Net migration,EU15 to EU27 (accession countries joined post 2004),14.2
Estimated Migration (Persons in April),2008,Male,Net migration,United Kingdom (1),6.7
Estimated Migration (Persons in April),2008,Male,Net migration,United States,0.6
Estimated Migration (Persons in April),2008,Male,Net migration,Canada,0.0
Estimated Migration (Persons in April),2008,Male,Net migration,Australia,-3.2
Estimated Migration (Persons in April),2008,Male,Net migration,Other countries (23),3.2
Estimated Migration (Persons in April),2008,Female,Immigrants: All origins,All countries,59.5
Estimated Migration (Persons in April),2008,Female,Immigrants: All origins,EU14 excl Irl (countries in the EU pre 2004 excluding UK & Ireland),8.4
Estimated Migration (Persons in April),2008,Female,Immigrants: All origins,EU15 to EU27 (accession countries joined post 2004),24.7
Estimated Migration (Persons in April),2008,Female,Immigrants: All origins,United Kingdom (1),8.8
Estimated Migration (Persons in April),2008,Female,Immigrants: All origins,United States,2.7
Estimated Migration (Persons in April),2008,Female,Immigrants: All origins,Canada,1.4
Estimated Migration (Persons in April),2008,Female,Immigrants: All origins,Australia,3.9
Estimated Migration (Persons in April),2008,Female,Immigrants: All origins,Other countries (23),9.7
Estimated Migration (Persons in April),2008,Female,Emigrants: All destinations,All countries,19.6
Estimated Migration (Persons in April),2008,Female,Emigrants: All destinations,EU14 excl Irl (countries in the EU pre 2004 excluding UK & Ireland),4.6
Estimated Migration (Persons in April),2008,Female,Emigrants: All destinations,EU15 to EU27 (accession countries joined post 2004),3.6
Estimated Migration (Persons in April),2008,Female,Emigrants: All destinations,United Kingdom (1),3.7
Estimated Migration (Persons in April),2008,Female,Emigrants: All destinations,United States,0.6
Estimated Migration (Persons in April),2008,Female,Emigrants: All destinations,Canada,0.5
Estimated Migration (Persons in April),2008,Female,Emigrants: All destinations,Australia,3.9
Estimated Migration (Persons in April),2008,Female,Emigrants: All destinations,Other countries (23),2.7
Estimated Migration (Persons in April),2008,Female,Net migration,All countries,39.9
Estimated Migration (Persons in April),2008,Female,Net migration,EU14 excl Irl (countries in the EU pre 2004 excluding UK & Ireland),3.7
Estimated Migration (Persons in April),2008,Female,Net migration,EU15 to EU27 (accession countries joined post 2004),21.1
Estimated Migration (Persons in April),2008,Female,Net migration,United Kingdom (1),5.1
Estimated Migration (Persons in April),2008,Female,Net migration,United States,2.1
Estimated Migration (Persons in April),2008,Female,Net migration,Canada,0.9
Estimated Migration (Persons in April),2008,Female,Net migration,Australia,0.0
Estimated Migration (Persons in April),2008,Female,Net migration,Other countries (23),7.0
Estimated Migration (Persons in April),2009,Both sexes,Immigrants: All origins,All countries,73.7
Estimated Migration (Persons in April),2009,Both sexes,Immigrants: All origins,EU14 excl Irl (countries in the EU pre 2004 excluding UK & Ireland),18.1
Estimated Migration (Persons in April),2009,Both sexes,Immigrants: All origins,EU15 to EU27 (accession countries joined post 2004),17.5
Estimated Migration (Persons in April),2009,Both sexes,Immigrants: All origins,United Kingdom (1),13.4
Estimated Migration (Persons in April),2009,Both sexes,Immigrants: All origins,United States,3.0
Estimated Migration (Persons in April),2009,Both sexes,Immigrants: All origins,Canada,1.0
Estimated Migration (Persons in April),2009,Both sexes,Immigrants: All origins,Australia,7.1
Estimated Migration (Persons in April),2009,Both sexes,Immigrants: All origins,Other countries (23),13.6
Estimated Migration (Persons in April),2009,Both sexes,Emigrants: All destinations,All countries,72.0
Estimated Migration (Persons in April),2009,Both sexes,Emigrants: All destinations,EU14 excl Irl (countries in the EU pre 2004 excluding UK & Ireland),7.4
Estimated Migration (Persons in April),2009,Both sexes,Emigrants: All destinations,EU15 to EU27 (accession countries joined post 2004),25.2
Estimated Migration (Persons in April),2009,Both sexes,Emigrants: All destinations,United Kingdom (1),13.2
Estimated Migration (Persons in April),2009,Both sexes,Emigrants: All destinations,United States,4.1
Estimated Migration (Persons in April),2009,Both sexes,Emigrants: All destinations,Canada,1.1
Estimated Migration (Persons in April),2009,Both sexes,Emigrants: All destinations,Australia,11.1
Estimated Migration (Persons in April),2009,Both sexes,Emigrants: All destinations,Other countries (23),9.9
Estimated Migration (Persons in April),2009,Both sexes,Net migration,All countries,1.6
Estimated Migration (Persons in April),2009,Both sexes,Net migration,EU14 excl Irl (countries in the EU pre 2004 excluding UK & Ireland),10.7
Estimated Migration (Persons in April),2009,Both sexes,Net migration,EU15 to EU27 (accession countries joined post 2004),-7.7
Estimated Migration (Persons in April),2009,Both sexes,Net migration,United Kingdom (1),0.2
Estimated Migration (Persons in April),2009,Both sexes,Net migration,United States,-1.0
Estimated Migration (Persons in April),2009,Both sexes,Net migration,Canada,-0.2
Estimated Migration (Persons in April),2009,Both sexes,Net migration,Australia,-4.0
Estimated Migration (Persons in April),2009,Both sexes,Net migration,Other countries (23),3.6
Estimated Migration (Persons in April),2009,Male,Immigrants: All origins,All countries,36.8
Estimated Migration (Persons in April),2009,Male,Immigrants: All origins,EU14 excl Irl (countries in the EU pre 2004 excluding UK & Ireland),6.3
Estimated Migration (Persons in April),2009,Male,Immigrants: All origins,EU15 to EU27 (accession countries joined post 2004),9.3
Estimated Migration (Persons in April),2009,Male,Immigrants: All origins,United Kingdom (1),7.8
Estimated Migration (Persons in April),2009,Male,Immigrants: All origins,United States,1.5
Estimated Migration (Persons in April),2009,Male,Immigrants: All origins,Canada,0.4
Estimated Migration (Persons in April),2009,Male,Immigrants: All origins,Australia,4.2
Estimated Migration (Persons in April),2009,Male,Immigrants: All origins,Other countries (23),7.4
Estimated Migration (Persons in April),2009,Male,Emigrants: All destinations,All countries,41.9
Estimated Migration (Persons in April),2009,Male,Emigrants: All destinations,EU14 excl Irl (countries in the EU pre 2004 excluding UK & Ireland),3.0
Estimated Migration (Persons in April),2009,Male,Emigrants: All destinations,EU15 to EU27 (accession countries joined post 2004),16.0
Estimated Migration (Persons in April),2009,Male,Emigrants: All destinations,United Kingdom (1),8.0
Estimated Migration (Persons in April),2009,Male,Emigrants: All destinations,United States,2.2
Estimated Migration (Persons in April),2009,Male,Emigrants: All destinations,Canada,0.6
Estimated Migration (Persons in April),2009,Male,Emigrants: All destinations,Australia,6.7
Estimated Migration (Persons in April),2009,Male,Emigrants: All destinations,Other countries (23),5.4
Estimated Migration (Persons in April),2009,Male,Net migration,All countries,-5.1
Estimated Migration (Persons in April),2009,Male,Net migration,EU14 excl Irl (countries in the EU pre 2004 excluding UK & Ireland),3.3
Estimated Migration (Persons in April),2009,Male,Net migration,EU15 to EU27 (accession countries joined post 2004),-6.7
Estimated Migration (Persons in April),2009,Male,Net migration,United Kingdom (1),-0.3
Estimated Migration (Persons in April),2009,Male,Net migration,United States,-0.8
Estimated Migration (Persons in April),2009,Male,Net migration,Canada,-0.2
Estimated Migration (Persons in April),2009,Male,Net migration,Australia,-2.5
Estimated Migration (Persons in April),2009,Male,Net migration,Other countries (23),2.0
Estimated Migration (Persons in April),2009,Female,Immigrants: All origins,All countries,36.8
Estimated Migration (Persons in April),2009,Female,Immigrants: All origins,EU14 excl Irl (countries in the EU pre 2004 excluding UK & Ireland),11.8
Estimated Migration (Persons in April),2009,Female,Immigrants: All origins,EU15 to EU27 (accession countries joined post 2004),8.2
Estimated Migration (Persons in April),2009,Female,Immigrants: All origins,United Kingdom (1),5.6
Estimated Migration (Persons in April),2009,Female,Immigrants: All origins,United States,1.5
Estimated Migration (Persons in April),2009,Female,Immigrants: All origins,Canada,0.6
Estimated Migration (Persons in April),2009,Female,Immigrants: All origins,Australia,2.9
Estimated Migration (Persons in April),2009,Female,Immigrants: All origins,Other countries (23),6.2
Estimated Migration (Persons in April),2009,Female,Emigrants: All destinations,All countries,30.1
Estimated Migration (Persons in April),2009,Female,Emigrants: All destinations,EU14 excl Irl (countries in the EU pre 2004 excluding UK & Ireland),4.4
Estimated Migration (Persons in April),2009,Female,Emigrants: All destinations,EU15 to EU27 (accession countries joined post 2004),9.2
Estimated Migration (Persons in April),2009,Female,Emigrants: All destinations,United Kingdom (1),5.1
Estimated Migration (Persons in April),2009,Female,Emigrants: All destinations,United States,1.8
Estimated Migration (Persons in April),2009,Female,Emigrants: All destinations,Canada,0.6
Estimated Migration (Persons in April),2009,Female,Emigrants: All destinations,Australia,4.4
Estimated Migration (Persons in April),2009,Female,Emigrants: All destinations,Other countries (23),4.6
Estimated Migration (Persons in April),2009,Female,Net migration,All countries,6.7
Estimated Migration (Persons in April),2009,Female,Net migration,EU14 excl Irl (countries in the EU pre 2004 excluding UK & Ireland),7.4
Estimated Migration (Persons in April),2009,Female,Net migration,EU15 to EU27 (accession countries joined post 2004),-1.0
Estimated Migration (Persons in April),2009,Female,Net migration,United Kingdom (1),0.5
Estimated Migration (Persons in April),2009,Female,Net migration,United States,-0.3
Estimated Migration (Persons in April),2009,Female,Net migration,Canada,0.0
Estimated Migration (Persons in April),2009,Female,Net migration,Australia,-1.5
Estimated Migration (Persons in April),2009,Female,Net migration,Other countries (23),1.6
Estimated Migration (Persons in April),2010,Both sexes,Immigrants: All origins,All countries,41.8
Estimated Migration (Persons in April),2010,Both sexes,Immigrants: All origins,EU14 excl Irl (countries in the EU pre 2004 excluding UK & Ireland),7.8
Estimated Migration (Persons in April),2010,Both sexes,Immigrants: All origins,EU15 to EU27 (accession countries joined post 2004),8.7
Estimated Migration (Persons in April),2010,Both sexes,Immigrants: All origins,United Kingdom (1),9.1
Estimated Migration (Persons in April),2010,Both sexes,Immigrants: All origins,United States,1.7
Estimated Migration (Persons in April),2010,Both sexes,Immigrants: All origins,Canada,0.5
Estimated Migration (Persons in April),2010,Both sexes,Immigrants: All origins,Australia,6.5
Estimated Migration (Persons in April),2010,Both sexes,Immigrants: All origins,Other countries (23),7.6
Estimated Migration (Persons in April),2010,Both sexes,Emigrants: All destinations,All countries,69.2
Estimated Migration (Persons in April),2010,Both sexes,Emigrants: All destinations,EU14 excl Irl (countries in the EU pre 2004 excluding UK & Ireland),11.9
Estimated Migration (Persons in April),2010,Both sexes,Emigrants: All destinations,EU15 to EU27 (accession countries joined post 2004),14.6
Estimated Migration (Persons in April),2010,Both sexes,Emigrants: All destinations,United Kingdom (1),15.3
Estimated Migration (Persons in April),2010,Both sexes,Emigrants: All destinations,United States,2.9
Estimated Migration (Persons in April),2010,Both sexes,Emigrants: All destinations,Canada,2.4
Estimated Migration (Persons in April),2010,Both sexes,Emigrants: All destinations,Australia,10.4
Estimated Migration (Persons in April),2010,Both sexes,Emigrants: All destinations,Other countries (23),11.7
Estimated Migration (Persons in April),2010,Both sexes,Net migration,All countries,-27.5
Estimated Migration (Persons in April),2010,Both sexes,Net migration,EU14 excl Irl (countries in the EU pre 2004 excluding UK & Ireland),-4.1
Estimated Migration (Persons in April),2010,Both sexes,Net migration,EU15 to EU27 (accession countries joined post 2004),-5.9
Estimated Migration (Persons in April),2010,Both sexes,Net migration,United Kingdom (1),-6.2
Estimated Migration (Persons in April),2010,Both sexes,Net migration,United States,-1.3
Estimated Migration (Persons in April),2010,Both sexes,Net migration,Canada,-1.9
Estimated Migration (Persons in April),2010,Both sexes,Net migration,Australia,-3.9
Estimated Migration (Persons in April),2010,Both sexes,Net migration,Other countries (23),-4.1
Estimated Migration (Persons in April),2010,Male,Immigrants: All origins,All countries,20.4
Estimated Migration (Persons in April),2010,Male,Immigrants: All origins,EU14 excl Irl (countries in the EU pre 2004 excluding UK & Ireland),3.4
Estimated Migration (Persons in April),2010,Male,Immigrants: All origins,EU15 to EU27 (accession countries joined post 2004),4.7
Estimated Migration (Persons in April),2010,Male,Immigrants: All origins,United Kingdom (1),4.0
Estimated Migration (Persons in April),2010,Male,Immigrants: All origins,United States,0.8
Estimated Migration (Persons in April),2010,Male,Immigrants: All origins,Canada,0.2
Estimated Migration (Persons in April),2010,Male,Immigrants: All origins,Australia,3.5
Estimated Migration (Persons in April),2010,Male,Immigrants: All origins,Other countries (23),3.8
Estimated Migration (Persons in April),2010,Male,Emigrants: All destinations,All countries,40.6
Estimated Migration (Persons in April),2010,Male,Emigrants: All destinations,EU14 excl Irl (countries in the EU pre 2004 excluding UK & Ireland),5.4
Estimated Migration (Persons in April),2010,Male,Emigrants: All destinations,EU15 to EU27 (accession countries joined post 2004),9.0
Estimated Migration (Persons in April),2010,Male,Emigrants: All destinations,United Kingdom (1),8.8
Estimated Migration (Persons in April),2010,Male,Emigrants: All destinations,United States,2.1
Estimated Migration (Persons in April),2010,Male,Emigrants: All destinations,Canada,1.7
Estimated Migration (Persons in April),2010,Male,Emigrants: All destinations,Australia,6.6
Estimated Migration (Persons in April),2010,Male,Emigrants: All destinations,Other countries (23),6.8
Estimated Migration (Persons in April),2010,Male,Net migration,All countries,-20.2
Estimated Migration (Persons in April),2010,Male,Net migration,EU14 excl Irl (countries in the EU pre 2004 excluding UK & Ireland),-2.0
Estimated Migration (Persons in April),2010,Male,Net migration,EU15 to EU27 (accession countries joined post 2004),-4.3
Estimated Migration (Persons in April),2010,Male,Net migration,United Kingdom (1),-4.8
Estimated Migration (Persons in April),2010,Male,Net migration,United States,-1.3
Estimated Migration (Persons in April),2010,Male,Net migration,Canada,-1.5
Estimated Migration (Persons in April),2010,Male,Net migration,Australia,-3.2
Estimated Migration (Persons in April),2010,Male,Net migration,Other countries (23),-3.0
Estimated Migration (Persons in April),2010,Female,Immigrants: All origins,All countries,21.4
Estimated Migration (Persons in April),2010,Female,Immigrants: All origins,EU14 excl Irl (countries in the EU pre 2004 excluding UK & Ireland),4.4
Estimated Migration (Persons in April),2010,Female,Immigrants: All origins,EU15 to EU27 (accession countries joined post 2004),4.0
Estimated Migration (Persons in April),2010,Female,Immigrants: All origins,United Kingdom (1),5.1
Estimated Migration (Persons in April),2010,Female,Immigrants: All origins,United States,0.8
Estimated Migration (Persons in April),2010,Female,Immigrants: All origins,Canada,0.3
Estimated Migration (Persons in April),2010,Female,Immigrants: All origins,Australia,3.0
Estimated Migration (Persons in April),2010,Female,Immigrants: All origins,Other countries (23),3.8
Estimated Migration (Persons in April),2010,Female,Emigrants: All destinations,All countries,28.7
Estimated Migration (Persons in April),2010,Female,Emigrants: All destinations,EU14 excl Irl (countries in the EU pre 2004 excluding UK & Ireland),6.5
Estimated Migration (Persons in April),2010,Female,Emigrants: All destinations,EU15 to EU27 (accession countries joined post 2004),5.6
Estimated Migration (Persons in April),2010,Female,Emigrants: All destinations,United Kingdom (1),6.4
Estimated Migration (Persons in April),2010,Female,Emigrants: All destinations,United States,0.8
Estimated Migration (Persons in April),2010,Female,Emigrants: All destinations,Canada,0.7
Estimated Migration (Persons in April),2010,Female,Emigrants: All destinations,Australia,3.8
Estimated Migration (Persons in April),2010,Female,Emigrants: All destinations,Other countries (23),4.9
Estimated Migration (Persons in April),2010,Female,Net migration,All countries,-7.2
Estimated Migration (Persons in April),2010,Female,Net migration,EU14 excl Irl (countries in the EU pre 2004 excluding UK & Ireland),-2.1
Estimated Migration (Persons in April),2010,Female,Net migration,EU15 to EU27 (accession countries joined post 2004),-1.6
Estimated Migration (Persons in April),2010,Female,Net migration,United Kingdom (1),-1.4
Estimated Migration (Persons in April),2010,Female,Net migration,United States,0.0
Estimated Migration (Persons in April),2010,Female,Net migration,Canada,-0.4
Estimated Migration (Persons in April),2010,Female,Net migration,Australia,-0.7
Estimated Migration (Persons in April),2010,Female,Net migration,Other countries (23),-1.1
Estimated Migration (Persons in April),2011,Both sexes,Immigrants: All origins,All countries,53.3
Estimated Migration (Persons in April),2011,Both sexes,Immigrants: All origins,EU14 excl Irl (countries in the EU pre 2004 excluding UK & Ireland),9.7
Estimated Migration (Persons in April),2011,Both sexes,Immigrants: All origins,EU15 to EU27 (accession countries joined post 2004),9.8
Estimated Migration (Persons in April),2011,Both sexes,Immigrants: All origins,United Kingdom (1),11.9
Estimated Migration (Persons in April),2011,Both sexes,Immigrants: All origins,United States,3.3
Estimated Migration (Persons in April),2011,Both sexes,Immigrants: All origins,Canada,1.3
Estimated Migration (Persons in April),2011,Both sexes,Immigrants: All origins,Australia,4.5
Estimated Migration (Persons in April),2011,Both sexes,Immigrants: All origins,Other countries (23),12.9
Estimated Migration (Persons in April),2011,Both sexes,Emigrants: All destinations,All countries,80.6
Estimated Migration (Persons in April),2011,Both sexes,Emigrants: All destinations,EU14 excl Irl (countries in the EU pre 2004 excluding UK & Ireland),13.9
Estimated Migration (Persons in April),2011,Both sexes,Emigrants: All destinations,EU15 to EU27 (accession countries joined post 2004),10.4
Estimated Migration (Persons in April),2011,Both sexes,Emigrants: All destinations,United Kingdom (1),20.0
Estimated Migration (Persons in April),2011,Both sexes,Emigrants: All destinations,United States,4.7
Estimated Migration (Persons in April),2011,Both sexes,Emigrants: All destinations,Canada,2.1
Estimated Migration (Persons in April),2011,Both sexes,Emigrants: All destinations,Australia,13.4
Estimated Migration (Persons in April),2011,Both sexes,Emigrants: All destinations,Other countries (23),16.2
Estimated Migration (Persons in April),2011,Both sexes,Net migration,All countries,-27.4
Estimated Migration (Persons in April),2011,Both sexes,Net migration,EU14 excl Irl (countries in the EU pre 2004 excluding UK & Ireland),-4.2
Estimated Migration (Persons in April),2011,Both sexes,Net migration,EU15 to EU27 (accession countries joined post 2004),-0.5
Estimated Migration (Persons in April),2011,Both sexes,Net migration,United Kingdom (1),-8.1
Estimated Migration (Persons in April),2011,Both sexes,Net migration,United States,-1.4
Estimated Migration (Persons in April),2011,Both sexes,Net migration,Canada,-0.9
Estimated Migration (Persons in April),2011,Both sexes,Net migration,Australia,-9.0
Estimated Migration (Persons in April),2011,Both sexes,Net migration,Other countries (23),-3.3
Estimated Migration (Persons in April),2011,Male,Immigrants: All origins,All countries,26.0
Estimated Migration (Persons in April),2011,Male,Immigrants: All origins,EU14 excl Irl (countries in the EU pre 2004 excluding UK & Ireland),4.7
Estimated Migration (Persons in April),2011,Male,Immigrants: All origins,EU15 to EU27 (accession countries joined post 2004),4.5
Estimated Migration (Persons in April),2011,Male,Immigrants: All origins,United Kingdom (1),5.9
Estimated Migration (Persons in April),2011,Male,Immigrants: All origins,United States,1.5
Estimated Migration (Persons in April),2011,Male,Immigrants: All origins,Canada,0.7
Estimated Migration (Persons in April),2011,Male,Immigrants: All origins,Australia,2.2
Estimated Migration (Persons in April),2011,Male,Immigrants: All origins,Other countries (23),6.5
Estimated Migration (Persons in April),2011,Male,Emigrants: All destinations,All countries,41.9
Estimated Migration (Persons in April),2011,Male,Emigrants: All destinations,EU14 excl Irl (countries in the EU pre 2004 excluding UK & Ireland),7.0
Estimated Migration (Persons in April),2011,Male,Emigrants: All destinations,EU15 to EU27 (accession countries joined post 2004),4.9
Estimated Migration (Persons in April),2011,Male,Emigrants: All destinations,United Kingdom (1),11.1
Estimated Migration (Persons in April),2011,Male,Emigrants: All destinations,United States,2.6
Estimated Migration (Persons in April),2011,Male,Emigrants: All destinations,Canada,1.1
Estimated Migration (Persons in April),2011,Male,Emigrants: All destinations,Australia,7.4
Estimated Migration (Persons in April),2011,Male,Emigrants: All destinations,Other countries (23),7.7
Estimated Migration (Persons in April),2011,Male,Net migration,All countries,-15.8
Estimated Migration (Persons in April),2011,Male,Net migration,EU14 excl Irl (countries in the EU pre 2004 excluding UK & Ireland),-2.4
Estimated Migration (Persons in April),2011,Male,Net migration,EU15 to EU27 (accession countries joined post 2004),-0.4
Estimated Migration (Persons in April),2011,Male,Net migration,United Kingdom (1),-5.2
Estimated Migration (Persons in April),2011,Male,Net migration,United States,-1.1
Estimated Migration (Persons in April),2011,Male,Net migration,Canada,-0.5
Estimated Migration (Persons in April),2011,Male,Net migration,Australia,-5.1
Estimated Migration (Persons in April),2011,Male,Net migration,Other countries (23),-1.3
Estimated Migration (Persons in April),2011,Female,Immigrants: All origins,All countries,27.2
Estimated Migration (Persons in April),2011,Female,Immigrants: All origins,EU14 excl Irl (countries in the EU pre 2004 excluding UK & Ireland),5.0
Estimated Migration (Persons in April),2011,Female,Immigrants: All origins,EU15 to EU27 (accession countries joined post 2004),5.3
Estimated Migration (Persons in April),2011,Female,Immigrants: All origins,United Kingdom (1),6.0
Estimated Migration (Persons in April),2011,Female,Immigrants: All origins,United States,1.7
Estimated Migration (Persons in April),2011,Female,Immigrants: All origins,Canada,0.6
Estimated Migration (Persons in April),2011,Female,Immigrants: All origins,Australia,2.2
Estimated Migration (Persons in April),2011,Female,Immigrants: All origins,Other countries (23),6.5
Estimated Migration (Persons in April),2011,Female,Emigrants: All destinations,All countries,38.8
Estimated Migration (Persons in April),2011,Female,Emigrants: All destinations,EU14 excl Irl (countries in the EU pre 2004 excluding UK & Ireland),6.8
Estimated Migration (Persons in April),2011,Female,Emigrants: All destinations,EU15 to EU27 (accession countries joined post 2004),5.4
Estimated Migration (Persons in April),2011,Female,Emigrants: All destinations,United Kingdom (1),8.9
Estimated Migration (Persons in April),2011,Female,Emigrants: All destinations,United States,2.1
Estimated Migration (Persons in April),2011,Female,Emigrants: All destinations,Canada,1.0
Estimated Migration (Persons in April),2011,Female,Emigrants: All destinations,Australia,6.0
Estimated Migration (Persons in April),2011,Female,Emigrants: All destinations,Other countries (23),8.5
Estimated Migration (Persons in April),2011,Female,Net migration,All countries,-11.5
Estimated Migration (Persons in April),2011,Female,Net migration,EU14 excl Irl (countries in the EU pre 2004 excluding UK & Ireland),-1.8
Estimated Migration (Persons in April),2011,Female,Net migration,EU15 to EU27 (accession countries joined post 2004),-0.2
Estimated Migration (Persons in April),2011,Female,Net migration,United Kingdom (1),-3.0
Estimated Migration (Persons in April),2011,Female,Net migration,United States,-0.3
Estimated Migration (Persons in April),2011,Female,Net migration,Canada,-0.4
Estimated Migration (Persons in April),2011,Female,Net migration,Australia,-3.8
Estimated Migration (Persons in April),2011,Female,Net migration,Other countries (23),-2.0
Estimated Migration (Persons in April),2012,Both sexes,Immigrants: All origins,All countries,57.3
Estimated Migration (Persons in April),2012,Both sexes,Immigrants: All origins,EU14 excl Irl (countries in the EU pre 2004 excluding UK & Ireland),10.2
Estimated Migration (Persons in April),2012,Both sexes,Immigrants: All origins,EU15 to EU27 (accession countries joined post 2004),10.1
Estimated Migration (Persons in April),2012,Both sexes,Immigrants: All origins,United Kingdom (1),10.1
Estimated Migration (Persons in April),2012,Both sexes,Immigrants: All origins,United States,5.3
Estimated Migration (Persons in April),2012,Both sexes,Immigrants: All origins,Canada,1.7
Estimated Migration (Persons in April),2012,Both sexes,Immigrants: All origins,Australia,5.4
Estimated Migration (Persons in April),2012,Both sexes,Immigrants: All origins,Other countries (23),14.5
Estimated Migration (Persons in April),2012,Both sexes,Emigrants: All destinations,All countries,83.0
Estimated Migration (Persons in April),2012,Both sexes,Emigrants: All destinations,EU14 excl Irl (countries in the EU pre 2004 excluding UK & Ireland),13.7
Estimated Migration (Persons in April),2012,Both sexes,Emigrants: All destinations,EU15 to EU27 (accession countries joined post 2004),9.2
Estimated Migration (Persons in April),2012,Both sexes,Emigrants: All destinations,United Kingdom (1),18.1
Estimated Migration (Persons in April),2012,Both sexes,Emigrants: All destinations,United States,8.2
Estimated Migration (Persons in April),2012,Both sexes,Emigrants: All destinations,Canada,2.8
Estimated Migration (Persons in April),2012,Both sexes,Emigrants: All destinations,Australia,17.4
Estimated Migration (Persons in April),2012,Both sexes,Emigrants: All destinations,Other countries (23),13.7
Estimated Migration (Persons in April),2012,Both sexes,Net migration,All countries,-25.7
Estimated Migration (Persons in April),2012,Both sexes,Net migration,EU14 excl Irl (countries in the EU pre 2004 excluding UK & Ireland),-3.6
Estimated Migration (Persons in April),2012,Both sexes,Net migration,EU15 to EU27 (accession countries joined post 2004),0.9
Estimated Migration (Persons in April),2012,Both sexes,Net migration,United Kingdom (1),-8.0
Estimated Migration (Persons in April),2012,Both sexes,Net migration,United States,-2.8
Estimated Migration (Persons in April),2012,Both sexes,Net migration,Canada,-1.1
Estimated Migration (Persons in April),2012,Both sexes,Net migration,Australia,-12.0
Estimated Migration (Persons in April),2012,Both sexes,Net migration,Other countries (23),0.9
Estimated Migration (Persons in April),2012,Male,Immigrants: All origins,All countries,27.5
Estimated Migration (Persons in April),2012,Male,Immigrants: All origins,EU14 excl Irl (countries in the EU pre 2004 excluding UK & Ireland),4.1
Estimated Migration (Persons in April),2012,Male,Immigrants: All origins,EU15 to EU27 (accession countries joined post 2004),5.2
Estimated Migration (Persons in April),2012,Male,Immigrants: All origins,United Kingdom (1),4.9
Estimated Migration (Persons in April),2012,Male,Immigrants: All origins,United States,2.8
Estimated Migration (Persons in April),2012,Male,Immigrants: All origins,Canada,1.0
Estimated Migration (Persons in April),2012,Male,Immigrants: All origins,Australia,3.1
Estimated Migration (Persons in April),2012,Male,Immigrants: All origins,Other countries (23),6.4
Estimated Migration (Persons in April),2012,Male,Emigrants: All destinations,All countries,45.9
Estimated Migration (Persons in April),2012,Male,Emigrants: All destinations,EU14 excl Irl (countries in the EU pre 2004 excluding UK & Ireland),6.7
Estimated Migration (Persons in April),2012,Male,Emigrants: All destinations,EU15 to EU27 (accession countries joined post 2004),4.7
Estimated Migration (Persons in April),2012,Male,Emigrants: All destinations,United Kingdom (1),10.1
Estimated Migration (Persons in April),2012,Male,Emigrants: All destinations,United States,4.4
Estimated Migration (Persons in April),2012,Male,Emigrants: All destinations,Canada,1.8
Estimated Migration (Persons in April),2012,Male,Emigrants: All destinations,Australia,10.2
Estimated Migration (Persons in April),2012,Male,Emigrants: All destinations,Other countries (23),8.1
Estimated Migration (Persons in April),2012,Male,Net migration,All countries,-18.4
Estimated Migration (Persons in April),2012,Male,Net migration,EU14 excl Irl (countries in the EU pre 2004 excluding UK & Ireland),-2.5
Estimated Migration (Persons in April),2012,Male,Net migration,EU15 to EU27 (accession countries joined post 2004),0.6
Estimated Migration (Persons in April),2012,Male,Net migration,United Kingdom (1),-5.2
Estimated Migration (Persons in April),2012,Male,Net migration,United States,-1.6
Estimated Migration (Persons in April),2012,Male,Net migration,Canada,-0.8
Estimated Migration (Persons in April),2012,Male,Net migration,Australia,-7.2
Estimated Migration (Persons in April),2012,Male,Net migration,Other countries (23),-1.7
Estimated Migration (Persons in April),2012,Female,Immigrants: All origins,All countries,29.7
Estimated Migration (Persons in April),2012,Female,Immigrants: All origins,EU14 excl Irl (countries in the EU pre 2004 excluding UK & Ireland),6.0
Estimated Migration (Persons in April),2012,Female,Immigrants: All origins,EU15 to EU27 (accession countries joined post 2004),4.8
Estimated Migration (Persons in April),2012,Female,Immigrants: All origins,United Kingdom (1),5.1
Estimated Migration (Persons in April),2012,Female,Immigrants: All origins,United States,2.6
Estimated Migration (Persons in April),2012,Female,Immigrants: All origins,Canada,0.7
Estimated Migration (Persons in April),2012,Female,Immigrants: All origins,Australia,2.3
Estimated Migration (Persons in April),2012,Female,Immigrants: All origins,Other countries (23),8.2
Estimated Migration (Persons in April),2012,Female,Emigrants: All destinations,All countries,37.1
Estimated Migration (Persons in April),2012,Female,Emigrants: All destinations,EU14 excl Irl (countries in the EU pre 2004 excluding UK & Ireland),7.1
Estimated Migration (Persons in April),2012,Female,Emigrants: All destinations,EU15 to EU27 (accession countries joined post 2004),4.5
Estimated Migration (Persons in April),2012,Female,Emigrants: All destinations,United Kingdom (1),8.0
Estimated Migration (Persons in April),2012,Female,Emigrants: All destinations,United States,3.8
Estimated Migration (Persons in April),2012,Female,Emigrants: All destinations,Canada,1.1
Estimated Migration (Persons in April),2012,Female,Emigrants: All destinations,Australia,7.1
Estimated Migration (Persons in April),2012,Female,Emigrants: All destinations,Other countries (23),5.6
Estimated Migration (Persons in April),2012,Female,Net migration,All countries,-7.3
Estimated Migration (Persons in April),2012,Female,Net migration,EU14 excl Irl (countries in the EU pre 2004 excluding UK & Ireland),-1.0
Estimated Migration (Persons in April),2012,Female,Net migration,EU15 to EU27 (accession countries joined post 2004),0.3
Estimated Migration (Persons in April),2012,Female,Net migration,United Kingdom (1),-2.8
Estimated Migration (Persons in April),2012,Female,Net migration,United States,-1.2
Estimated Migration (Persons in April),2012,Female,Net migration,Canada,-0.3
Estimated Migration (Persons in April),2012,Female,Net migration,Australia,-4.8
Estimated Migration (Persons in April),2012,Female,Net migration,Other countries (23),2.6
Estimated Migration (Persons in April),2013,Both sexes,Immigrants: All origins,All countries,62.7
Estimated Migration (Persons in April),2013,Both sexes,Immigrants: All origins,EU14 excl Irl (countries in the EU pre 2004 excluding UK & Ireland),11.6
Estimated Migration (Persons in April),2013,Both sexes,Immigrants: All origins,EU15 to EU27 (accession countries joined post 2004),10.7
Estimated Migration (Persons in April),2013,Both sexes,Immigrants: All origins,United Kingdom (1),11.7
Estimated Migration (Persons in April),2013,Both sexes,Immigrants: All origins,United States,4.0
Estimated Migration (Persons in April),2013,Both sexes,Immigrants: All origins,Canada,1.9
Estimated Migration (Persons in April),2013,Both sexes,Immigrants: All origins,Australia,6.0
Estimated Migration (Persons in April),2013,Both sexes,Immigrants: All origins,Other countries (23),16.7
Estimated Migration (Persons in April),2013,Both sexes,Emigrants: All destinations,All countries,81.3
Estimated Migration (Persons in April),2013,Both sexes,Emigrants: All destinations,EU14 excl Irl (countries in the EU pre 2004 excluding UK & Ireland),10.5
Estimated Migration (Persons in April),2013,Both sexes,Emigrants: All destinations,EU15 to EU27 (accession countries joined post 2004),13.0
Estimated Migration (Persons in April),2013,Both sexes,Emigrants: All destinations,United Kingdom (1),20.0
Estimated Migration (Persons in April),2013,Both sexes,Emigrants: All destinations,United States,5.7
Estimated Migration (Persons in April),2013,Both sexes,Emigrants: All destinations,Canada,4.9
Estimated Migration (Persons in April),2013,Both sexes,Emigrants: All destinations,Australia,14.1
Estimated Migration (Persons in April),2013,Both sexes,Emigrants: All destinations,Other countries (23),13.2
Estimated Migration (Persons in April),2013,Both sexes,Net migration,All countries,-18.7
Estimated Migration (Persons in April),2013,Both sexes,Net migration,EU14 excl Irl (countries in the EU pre 2004 excluding UK & Ireland),1.1
Estimated Migration (Persons in April),2013,Both sexes,Net migration,EU15 to EU27 (accession countries joined post 2004),-2.3
Estimated Migration (Persons in April),2013,Both sexes,Net migration,United Kingdom (1),-8.3
Estimated Migration (Persons in April),2013,Both sexes,Net migration,United States,-1.7
Estimated Migration (Persons in April),2013,Both sexes,Net migration,Canada,-3.0
Estimated Migration (Persons in April),2013,Both sexes,Net migration,Australia,-8.1
Estimated Migration (Persons in April),2013,Both sexes,Net migration,Other countries (23),3.5
Estimated Migration (Persons in April),2013,Male,Immigrants: All origins,All countries,32.3
Estimated Migration (Persons in April),2013,Male,Immigrants: All origins,EU14 excl Irl (countries in the EU pre 2004 excluding UK & Ireland),5.8
Estimated Migration (Persons in April),2013,Male,Immigrants: All origins,EU15 to EU27 (accession countries joined post 2004),5.2
Estimated Migration (Persons in April),2013,Male,Immigrants: All origins,United Kingdom (1),6.0
Estimated Migration (Persons in April),2013,Male,Immigrants: All origins,United States,1.5
Estimated Migration (Persons in April),2013,Male,Immigrants: All origins,Canada,1.1
Estimated Migration (Persons in April),2013,Male,Immigrants: All origins,Australia,3.9
Estimated Migration (Persons in April),2013,Male,Immigrants: All origins,Other countries (23),8.8
Estimated Migration (Persons in April),2013,Male,Emigrants: All destinations,All countries,41.6
Estimated Migration (Persons in April),2013,Male,Emigrants: All destinations,EU14 excl Irl (countries in the EU pre 2004 excluding UK & Ireland),4.0
Estimated Migration (Persons in April),2013,Male,Emigrants: All destinations,EU15 to EU27 (accession countries joined post 2004),7.0
Estimated Migration (Persons in April),2013,Male,Emigrants: All destinations,United Kingdom (1),10.7
Estimated Migration (Persons in April),2013,Male,Emigrants: All destinations,United States,3.1
Estimated Migration (Persons in April),2013,Male,Emigrants: All destinations,Canada,2.4
Estimated Migration (Persons in April),2013,Male,Emigrants: All destinations,Australia,7.1
Estimated Migration (Persons in April),2013,Male,Emigrants: All destinations,Other countries (23),7.3
Estimated Migration (Persons in April),2013,Male,Net migration,All countries,-9.3
Estimated Migration (Persons in April),2013,Male,Net migration,EU14 excl Irl (countries in the EU pre 2004 excluding UK & Ireland),1.7
Estimated Migration (Persons in April),2013,Male,Net migration,EU15 to EU27 (accession countries joined post 2004),-1.8
Estimated Migration (Persons in April),2013,Male,Net migration,United Kingdom (1),-4.6
Estimated Migration (Persons in April),2013,Male,Net migration,United States,-1.5
Estimated Migration (Persons in April),2013,Male,Net migration,Canada,-1.3
Estimated Migration (Persons in April),2013,Male,Net migration,Australia,-3.3
Estimated Migration (Persons in April),2013,Male,Net migration,Other countries (23),1.5
Estimated Migration (Persons in April),2013,Female,Immigrants: All origins,All countries,30.4
Estimated Migration (Persons in April),2013,Female,Immigrants: All origins,EU14 excl Irl (countries in the EU pre 2004 excluding UK & Ireland),5.8
Estimated Migration (Persons in April),2013,Female,Immigrants: All origins,EU15 to EU27 (accession countries joined post 2004),5.6
Estimated Migration (Persons in April),2013,Female,Immigrants: All origins,United Kingdom (1),5.7
Estimated Migration (Persons in April),2013,Female,Immigrants: All origins,United States,2.5
Estimated Migration (Persons in April),2013,Female,Immigrants: All origins,Canada,0.8
Estimated Migration (Persons in April),2013,Female,Immigrants: All origins,Australia,2.1
Estimated Migration (Persons in April),2013,Female,Immigrants: All origins,Other countries (23),7.9
Estimated Migration (Persons in April),2013,Female,Emigrants: All destinations,All countries,39.7
Estimated Migration (Persons in April),2013,Female,Emigrants: All destinations,EU14 excl Irl (countries in the EU pre 2004 excluding UK & Ireland),6.4
Estimated Migration (Persons in April),2013,Female,Emigrants: All destinations,EU15 to EU27 (accession countries joined post 2004),6.0
Estimated Migration (Persons in April),2013,Female,Emigrants: All destinations,United Kingdom (1),9.4
Estimated Migration (Persons in April),2013,Female,Emigrants: All destinations,United States,2.6
Estimated Migration (Persons in April),2013,Female,Emigrants: All destinations,Canada,2.5
Estimated Migration (Persons in April),2013,Female,Emigrants: All destinations,Australia,7.0
Estimated Migration (Persons in April),2013,Female,Emigrants: All destinations,Other countries (23),5.9
Estimated Migration (Persons in April),2013,Female,Net migration,All countries,-9.3
Estimated Migration (Persons in April),2013,Female,Net migration,EU14 excl Irl (countries in the EU pre 2004 excluding UK & Ireland),-0.7
Estimated Migration (Persons in April),2013,Female,Net migration,EU15 to EU27 (accession countries joined post 2004),-0.5
Estimated Migration (Persons in April),2013,Female,Net migration,United Kingdom (1),-3.6
Estimated Migration (Persons in April),2013,Female,Net migration,United States,-0.1
Estimated Migration (Persons in April),2013,Female,Net migration,Canada,-1.7
Estimated Migration (Persons in April),2013,Female,Net migration,Australia,-4.8
Estimated Migration (Persons in April),2013,Female,Net migration,Other countries (23),2.1
Estimated Migration (Persons in April),2014,Both sexes,Immigrants: All origins,All countries,66.5
Estimated Migration (Persons in April),2014,Both sexes,Immigrants: All origins,EU14 excl Irl (countries in the EU pre 2004 excluding UK & Ireland),11.7
Estimated Migration (Persons in April),2014,Both sexes,Immigrants: All origins,EU15 to EU27 (accession countries joined post 2004),10.8
Estimated Migration (Persons in April),2014,Both sexes,Immigrants: All origins,United Kingdom (1),13.5
Estimated Migration (Persons in April),2014,Both sexes,Immigrants: All origins,United States,4.4
Estimated Migration (Persons in April),2014,Both sexes,Immigrants: All origins,Canada,2.2
Estimated Migration (Persons in April),2014,Both sexes,Immigrants: All origins,Australia,5.4
Estimated Migration (Persons in April),2014,Both sexes,Immigrants: All origins,Other countries (23),18.6
Estimated Migration (Persons in April),2014,Both sexes,Emigrants: All destinations,All countries,75.0
Estimated Migration (Persons in April),2014,Both sexes,Emigrants: All destinations,EU14 excl Irl (countries in the EU pre 2004 excluding UK & Ireland),14.8
Estimated Migration (Persons in April),2014,Both sexes,Emigrants: All destinations,EU15 to EU27 (accession countries joined post 2004),8.0
Estimated Migration (Persons in April),2014,Both sexes,Emigrants: All destinations,United Kingdom (1),16.4
Estimated Migration (Persons in April),2014,Both sexes,Emigrants: All destinations,United States,6.3
Estimated Migration (Persons in April),2014,Both sexes,Emigrants: All destinations,Canada,4.3
Estimated Migration (Persons in April),2014,Both sexes,Emigrants: All destinations,Australia,9.2
Estimated Migration (Persons in April),2014,Both sexes,Emigrants: All destinations,Other countries (23),16.0
Estimated Migration (Persons in April),2014,Both sexes,Net migration,All countries,-8.5
Estimated Migration (Persons in April),2014,Both sexes,Net migration,EU14 excl Irl (countries in the EU pre 2004 excluding UK & Ireland),-3.2
Estimated Migration (Persons in April),2014,Both sexes,Net migration,EU15 to EU27 (accession countries joined post 2004),2.8
Estimated Migration (Persons in April),2014,Both sexes,Net migration,United Kingdom (1),-3.0
Estimated Migration (Persons in April),2014,Both sexes,Net migration,United States,-1.9
Estimated Migration (Persons in April),2014,Both sexes,Net migration,Canada,-2.1
Estimated Migration (Persons in April),2014,Both sexes,Net migration,Australia,-3.8
Estimated Migration (Persons in April),2014,Both sexes,Net migration,Other countries (23),2.6
Estimated Migration (Persons in April),2014,Male,Immigrants: All origins,All countries,30.9
Estimated Migration (Persons in April),2014,Male,Immigrants: All origins,EU14 excl Irl (countries in the EU pre 2004 excluding UK & Ireland),5.2
Estimated Migration (Persons in April),2014,Male,Immigrants: All origins,EU15 to EU27 (accession countries joined post 2004),5.2
Estimated Migration (Persons in April),2014,Male,Immigrants: All origins,United Kingdom (1),6.5
Estimated Migration (Persons in April),2014,Male,Immigrants: All origins,United States,1.5
Estimated Migration (Persons in April),2014,Male,Immigrants: All origins,Canada,1.3
Estimated Migration (Persons in April),2014,Male,Immigrants: All origins,Australia,2.7
Estimated Migration (Persons in April),2014,Male,Immigrants: All origins,Other countries (23),8.6
Estimated Migration (Persons in April),2014,Male,Emigrants: All destinations,All countries,38.3
Estimated Migration (Persons in April),2014,Male,Emigrants: All destinations,EU14 excl Irl (countries in the EU pre 2004 excluding UK & Ireland),6.6
Estimated Migration (Persons in April),2014,Male,Emigrants: All destinations,EU15 to EU27 (accession countries joined post 2004),4.8
Estimated Migration (Persons in April),2014,Male,Emigrants: All destinations,United Kingdom (1),8.4
Estimated Migration (Persons in April),2014,Male,Emigrants: All destinations,United States,3.0
Estimated Migration (Persons in April),2014,Male,Emigrants: All destinations,Canada,3.0
Estimated Migration (Persons in April),2014,Male,Emigrants: All destinations,Australia,4.4
Estimated Migration (Persons in April),2014,Male,Emigrants: All destinations,Other countries (23),8.1
Estimated Migration (Persons in April),2014,Male,Net migration,All countries,-7.4
Estimated Migration (Persons in April),2014,Male,Net migration,EU14 excl Irl (countries in the EU pre 2004 excluding UK & Ireland),-1.4
Estimated Migration (Persons in April),2014,Male,Net migration,EU15 to EU27 (accession countries joined post 2004),0.4
Estimated Migration (Persons in April),2014,Male,Net migration,United Kingdom (1),-2.0
Estimated Migration (Persons in April),2014,Male,Net migration,United States,-1.5
Estimated Migration (Persons in April),2014,Male,Net migration,Canada,-1.7
Estimated Migration (Persons in April),2014,Male,Net migration,Australia,-1.7
Estimated Migration (Persons in April),2014,Male,Net migration,Other countries (23),0.5
Estimated Migration (Persons in April),2014,Female,Immigrants: All origins,All countries,35.6
Estimated Migration (Persons in April),2014,Female,Immigrants: All origins,EU14 excl Irl (countries in the EU pre 2004 excluding UK & Ireland),6.5
Estimated Migration (Persons in April),2014,Female,Immigrants: All origins,EU15 to EU27 (accession countries joined post 2004),5.6
Estimated Migration (Persons in April),2014,Female,Immigrants: All origins,United Kingdom (1),7.0
Estimated Migration (Persons in April),2014,Female,Immigrants: All origins,United States,2.9
Estimated Migration (Persons in April),2014,Female,Immigrants: All origins,Canada,1.0
Estimated Migration (Persons in April),2014,Female,Immigrants: All origins,Australia,2.7
Estimated Migration (Persons in April),2014,Female,Immigrants: All origins,Other countries (23),10.0
Estimated Migration (Persons in April),2014,Female,Emigrants: All destinations,All countries,36.6
Estimated Migration (Persons in April),2014,Female,Emigrants: All destinations,EU14 excl Irl (countries in the EU pre 2004 excluding UK & Ireland),8.2
Estimated Migration (Persons in April),2014,Female,Emigrants: All destinations,EU15 to EU27 (accession countries joined post 2004),3.1
Estimated Migration (Persons in April),2014,Female,Emigrants: All destinations,United Kingdom (1),8.0
Estimated Migration (Persons in April),2014,Female,Emigrants: All destinations,United States,3.3
Estimated Migration (Persons in April),2014,Female,Emigrants: All destinations,Canada,1.3
Estimated Migration (Persons in April),2014,Female,Emigrants: All destinations,Australia,4.8
Estimated Migration (Persons in April),2014,Female,Emigrants: All destinations,Other countries (23),7.9
Estimated Migration (Persons in April),2014,Female,Net migration,All countries,-1.0
Estimated Migration (Persons in April),2014,Female,Net migration,EU14 excl Irl (countries in the EU pre 2004 excluding UK & Ireland),-1.7
Estimated Migration (Persons in April),2014,Female,Net migration,EU15 to EU27 (accession countries joined post 2004),2.4
Estimated Migration (Persons in April),2014,Female,Net migration,United Kingdom (1),-1.0
Estimated Migration (Persons in April),2014,Female,Net migration,United States,-0.4
Estimated Migration (Persons in April),2014,Female,Net migration,Canada,-0.4
Estimated Migration (Persons in April),2014,Female,Net migration,Australia,-2.1
Estimated Migration (Persons in April),2014,Female,Net migration,Other countries (23),2.1
Estimated Migration (Persons in April),2015,Both sexes,Immigrants: All origins,All countries,75.9
Estimated Migration (Persons in April),2015,Both sexes,Immigrants: All origins,EU14 excl Irl (countries in the EU pre 2004 excluding UK & Ireland),11.9
Estimated Migration (Persons in April),2015,Both sexes,Immigrants: All origins,EU15 to EU27 (accession countries joined post 2004),11.9
Estimated Migration (Persons in April),2015,Both sexes,Immigrants: All origins,United Kingdom (1),16.4
Estimated Migration (Persons in April),2015,Both sexes,Immigrants: All origins,United States,4.4
Estimated Migration (Persons in April),2015,Both sexes,Immigrants: All origins,Canada,2.7
Estimated Migration (Persons in April),2015,Both sexes,Immigrants: All origins,Australia,5.8
Estimated Migration (Persons in April),2015,Both sexes,Immigrants: All origins,Other countries (23),22.8
Estimated Migration (Persons in April),2015,Both sexes,Emigrants: All destinations,All countries,70.0
Estimated Migration (Persons in April),2015,Both sexes,Emigrants: All destinations,EU14 excl Irl (countries in the EU pre 2004 excluding UK & Ireland),13.3
Estimated Migration (Persons in April),2015,Both sexes,Emigrants: All destinations,EU15 to EU27 (accession countries joined post 2004),5.9
Estimated Migration (Persons in April),2015,Both sexes,Emigrants: All destinations,United Kingdom (1),16.6
Estimated Migration (Persons in April),2015,Both sexes,Emigrants: All destinations,United States,5.1
Estimated Migration (Persons in April),2015,Both sexes,Emigrants: All destinations,Canada,6.6
Estimated Migration (Persons in April),2015,Both sexes,Emigrants: All destinations,Australia,6.5
Estimated Migration (Persons in April),2015,Both sexes,Emigrants: All destinations,Other countries (23),15.9
Estimated Migration (Persons in April),2015,Both sexes,Net migration,All countries,5.9
Estimated Migration (Persons in April),2015,Both sexes,Net migration,EU14 excl Irl (countries in the EU pre 2004 excluding UK & Ireland),-1.4
Estimated Migration (Persons in April),2015,Both sexes,Net migration,EU15 to EU27 (accession countries joined post 2004),6.0
Estimated Migration (Persons in April),2015,Both sexes,Net migration,United Kingdom (1),-0.2
Estimated Migration (Persons in April),2015,Both sexes,Net migration,United States,-0.7
Estimated Migration (Persons in April),2015,Both sexes,Net migration,Canada,-3.9
Estimated Migration (Persons in April),2015,Both sexes,Net migration,Australia,-0.7
Estimated Migration (Persons in April),2015,Both sexes,Net migration,Other countries (23),6.9
Estimated Migration (Persons in April),2015,Male,Immigrants: All origins,All countries,35.7
Estimated Migration (Persons in April),2015,Male,Immigrants: All origins,EU14 excl Irl (countries in the EU pre 2004 excluding UK & Ireland),4.9
Estimated Migration (Persons in April),2015,Male,Immigrants: All origins,EU15 to EU27 (accession countries joined post 2004),6.0
Estimated Migration (Persons in April),2015,Male,Immigrants: All origins,United Kingdom (1),8.1
Estimated Migration (Persons in April),2015,Male,Immigrants: All origins,United States,1.7
Estimated Migration (Persons in April),2015,Male,Immigrants: All origins,Canada,1.5
Estimated Migration (Persons in April),2015,Male,Immigrants: All origins,Australia,3.1
Estimated Migration (Persons in April),2015,Male,Immigrants: All origins,Other countries (23),10.4
Estimated Migration (Persons in April),2015,Male,Emigrants: All destinations,All countries,35.8
Estimated Migration (Persons in April),2015,Male,Emigrants: All destinations,EU14 excl Irl (countries in the EU pre 2004 excluding UK & Ireland),4.7
Estimated Migration (Persons in April),2015,Male,Emigrants: All destinations,EU15 to EU27 (accession countries joined post 2004),3.7
Estimated Migration (Persons in April),2015,Male,Emigrants: All destinations,United Kingdom (1),7.6
Estimated Migration (Persons in April),2015,Male,Emigrants: All destinations,United States,2.3
Estimated Migration (Persons in April),2015,Male,Emigrants: All destinations,Canada,4.7
Estimated Migration (Persons in April),2015,Male,Emigrants: All destinations,Australia,3.2
Estimated Migration (Persons in April),2015,Male,Emigrants: All destinations,Other countries (23),9.5
Estimated Migration (Persons in April),2015,Male,Net migration,All countries,-0.1
Estimated Migration (Persons in April),2015,Male,Net migration,EU14 excl Irl (countries in the EU pre 2004 excluding UK & Ireland),0.2
Estimated Migration (Persons in April),2015,Male,Net migration,EU15 to EU27 (accession countries joined post 2004),2.3
Estimated Migration (Persons in April),2015,Male,Net migration,United Kingdom (1),0.5
Estimated Migration (Persons in April),2015,Male,Net migration,United States,-0.6
Estimated Migration (Persons in April),2015,Male,Net migration,Canada,-3.3
Estimated Migration (Persons in April),2015,Male,Net migration,Australia,-0.1
Estimated Migration (Persons in April),2015,Male,Net migration,Other countries (23),0.9
Estimated Migration (Persons in April),2015,Female,Immigrants: All origins,All countries,40.2
Estimated Migration (Persons in April),2015,Female,Immigrants: All origins,EU14 excl Irl (countries in the EU pre 2004 excluding UK & Ireland),7.0
Estimated Migration (Persons in April),2015,Female,Immigrants: All origins,EU15 to EU27 (accession countries joined post 2004),5.9
Estimated Migration (Persons in April),2015,Female,Immigrants: All origins,United Kingdom (1),8.3
Estimated Migration (Persons in April),2015,Female,Immigrants: All origins,United States,2.7
Estimated Migration (Persons in April),2015,Female,Immigrants: All origins,Canada,1.2
Estimated Migration (Persons in April),2015,Female,Immigrants: All origins,Australia,2.7
Estimated Migration (Persons in April),2015,Female,Immigrants: All origins,Other countries (23),12.4
Estimated Migration (Persons in April),2015,Female,Emigrants: All destinations,All countries,34.1
Estimated Migration (Persons in April),2015,Female,Emigrants: All destinations,EU14 excl Irl (countries in the EU pre 2004 excluding UK & Ireland),8.7
Estimated Migration (Persons in April),2015,Female,Emigrants: All destinations,EU15 to EU27 (accession countries joined post 2004),2.2
Estimated Migration (Persons in April),2015,Female,Emigrants: All destinations,United Kingdom (1),9.0
Estimated Migration (Persons in April),2015,Female,Emigrants: All destinations,United States,2.8
Estimated Migration (Persons in April),2015,Female,Emigrants: All destinations,Canada,1.8
Estimated Migration (Persons in April),2015,Female,Emigrants: All destinations,Australia,3.3
Estimated Migration (Persons in April),2015,Female,Emigrants: All destinations,Other countries (23),6.4
Estimated Migration (Persons in April),2015,Female,Net migration,All countries,6.0
Estimated Migration (Persons in April),2015,Female,Net migration,EU14 excl Irl (countries in the EU pre 2004 excluding UK & Ireland),-1.6
Estimated Migration (Persons in April),2015,Female,Net migration,EU15 to EU27 (accession countries joined post 2004),3.7
Estimated Migration (Persons in April),2015,Female,Net migration,United Kingdom (1),-0.7
Estimated Migration (Persons in April),2015,Female,Net migration,United States,-0.1
Estimated Migration (Persons in April),2015,Female,Net migration,Canada,-0.6
Estimated Migration (Persons in April),2015,Female,Net migration,Australia,-0.6
Estimated Migration (Persons in April),2015,Female,Net migration,Other countries (23),6.0
Estimated Migration (Persons in April),2016,Both sexes,Immigrants: All origins,All countries,82.3
Estimated Migration (Persons in April),2016,Both sexes,Immigrants: All origins,EU14 excl Irl (countries in the EU pre 2004 excluding UK & Ireland),14.7
Estimated Migration (Persons in April),2016,Both sexes,Immigrants: All origins,EU15 to EU27 (accession countries joined post 2004),11.9
Estimated Migration (Persons in April),2016,Both sexes,Immigrants: All origins,United Kingdom (1),18.2
Estimated Migration (Persons in April),2016,Both sexes,Immigrants: All origins,United States,5.3
Estimated Migration (Persons in April),2016,Both sexes,Immigrants: All origins,Canada,3.1
Estimated Migration (Persons in April),2016,Both sexes,Immigrants: All origins,Australia,6.9
Estimated Migration (Persons in April),2016,Both sexes,Immigrants: All origins,Other countries (23),22.2
Estimated Migration (Persons in April),2016,Both sexes,Emigrants: All destinations,All countries,66.2
Estimated Migration (Persons in April),2016,Both sexes,Emigrants: All destinations,EU14 excl Irl (countries in the EU pre 2004 excluding UK & Ireland),13.9
Estimated Migration (Persons in April),2016,Both sexes,Emigrants: All destinations,EU15 to EU27 (accession countries joined post 2004),9.3
Estimated Migration (Persons in April),2016,Both sexes,Emigrants: All destinations,United Kingdom (1),14.4
Estimated Migration (Persons in April),2016,Both sexes,Emigrants: All destinations,United States,5.7
Estimated Migration (Persons in April),2016,Both sexes,Emigrants: All destinations,Canada,3.4
Estimated Migration (Persons in April),2016,Both sexes,Emigrants: All destinations,Australia,5.3
Estimated Migration (Persons in April),2016,Both sexes,Emigrants: All destinations,Other countries (23),14.2
Estimated Migration (Persons in April),2016,Both sexes,Net migration,All countries,16.2
Estimated Migration (Persons in April),2016,Both sexes,Net migration,EU14 excl Irl (countries in the EU pre 2004 excluding UK & Ireland),0.9
Estimated Migration (Persons in April),2016,Both sexes,Net migration,EU15 to EU27 (accession countries joined post 2004),2.7
Estimated Migration (Persons in April),2016,Both sexes,Net migration,United Kingdom (1),3.8
Estimated Migration (Persons in April),2016,Both sexes,Net migration,United States,-0.4
Estimated Migration (Persons in April),2016,Both sexes,Net migration,Canada,-0.3
Estimated Migration (Persons in April),2016,Both sexes,Net migration,Australia,1.6
Estimated Migration (Persons in April),2016,Both sexes,Net migration,Other countries (23),8.0
Estimated Migration (Persons in April),2016,Male,Immigrants: All origins,All countries,41.2
Estimated Migration (Persons in April),2016,Male,Immigrants: All origins,EU14 excl Irl (countries in the EU pre 2004 excluding UK & Ireland),6.8
Estimated Migration (Persons in April),2016,Male,Immigrants: All origins,EU15 to EU27 (accession countries joined post 2004),6.3
Estimated Migration (Persons in April),2016,Male,Immigrants: All origins,United Kingdom (1),9.5
Estimated Migration (Persons in April),2016,Male,Immigrants: All origins,United States,2.4
Estimated Migration (Persons in April),2016,Male,Immigrants: All origins,Canada,1.7
Estimated Migration (Persons in April),2016,Male,Immigrants: All origins,Australia,3.6
Estimated Migration (Persons in April),2016,Male,Immigrants: All origins,Other countries (23),11.0
Estimated Migration (Persons in April),2016,Male,Emigrants: All destinations,All countries,31.0
Estimated Migration (Persons in April),2016,Male,Emigrants: All destinations,EU14 excl Irl (countries in the EU pre 2004 excluding UK & Ireland),5.7
Estimated Migration (Persons in April),2016,Male,Emigrants: All destinations,EU15 to EU27 (accession countries joined post 2004),4.3
Estimated Migration (Persons in April),2016,Male,Emigrants: All destinations,United Kingdom (1),7.6
Estimated Migration (Persons in April),2016,Male,Emigrants: All destinations,United States,2.8
Estimated Migration (Persons in April),2016,Male,Emigrants: All destinations,Canada,1.7
Estimated Migration (Persons in April),2016,Male,Emigrants: All destinations,Australia,2.5
Estimated Migration (Persons in April),2016,Male,Emigrants: All destinations,Other countries (23),6.4
Estimated Migration (Persons in April),2016,Male,Net migration,All countries,10.1
Estimated Migration (Persons in April),2016,Male,Net migration,EU14 excl Irl (countries in the EU pre 2004 excluding UK & Ireland),1.1
Estimated Migration (Persons in April),2016,Male,Net migration,EU15 to EU27 (accession countries joined post 2004),2.0
Estimated Migration (Persons in April),2016,Male,Net migration,United Kingdom (1),1.8
Estimated Migration (Persons in April),2016,Male,Net migration,United States,-0.4
Estimated Migration (Persons in April),2016,Male,Net migration,Canada,0.0
Estimated Migration (Persons in April),2016,Male,Net migration,Australia,1.1
Estimated Migration (Persons in April),2016,Male,Net migration,Other countries (23),4.6
Estimated Migration (Persons in April),2016,Female,Immigrants: All origins,All countries,41.2
Estimated Migration (Persons in April),2016,Female,Immigrants: All origins,EU14 excl Irl (countries in the EU pre 2004 excluding UK & Ireland),7.9
Estimated Migration (Persons in April),2016,Female,Immigrants: All origins,EU15 to EU27 (accession countries joined post 2004),5.6
Estimated Migration (Persons in April),2016,Female,Immigrants: All origins,United Kingdom (1),8.7
Estimated Migration (Persons in April),2016,Female,Immigrants: All origins,United States,2.9
Estimated Migration (Persons in April),2016,Female,Immigrants: All origins,Canada,1.5
Estimated Migration (Persons in April),2016,Female,Immigrants: All origins,Australia,3.3
Estimated Migration (Persons in April),2016,Female,Immigrants: All origins,Other countries (23),11.2
Estimated Migration (Persons in April),2016,Female,Emigrants: All destinations,All countries,35.1
Estimated Migration (Persons in April),2016,Female,Emigrants: All destinations,EU14 excl Irl (countries in the EU pre 2004 excluding UK & Ireland),8.2
Estimated Migration (Persons in April),2016,Female,Emigrants: All destinations,EU15 to EU27 (accession countries joined post 2004),5.0
Estimated Migration (Persons in April),2016,Female,Emigrants: All destinations,United Kingdom (1),6.8
Estimated Migration (Persons in April),2016,Female,Emigrants: All destinations,United States,2.8
Estimated Migration (Persons in April),2016,Female,Emigrants: All destinations,Canada,1.7
Estimated Migration (Persons in April),2016,Female,Emigrants: All destinations,Australia,2.8
Estimated Migration (Persons in April),2016,Female,Emigrants: All destinations,Other countries (23),7.8
Estimated Migration (Persons in April),2016,Female,Net migration,All countries,6.0
Estimated Migration (Persons in April),2016,Female,Net migration,EU14 excl Irl (countries in the EU pre 2004 excluding UK & Ireland),-0.3
Estimated Migration (Persons in April),2016,Female,Net migration,EU15 to EU27 (accession countries joined post 2004),0.7
Estimated Migration (Persons in April),2016,Female,Net migration,United Kingdom (1),1.9
Estimated Migration (Persons in April),2016,Female,Net migration,United States,0.0
Estimated Migration (Persons in April),2016,Female,Net migration,Canada,-0.3
Estimated Migration (Persons in April),2016,Female,Net migration,Australia,0.5
Estimated Migration (Persons in April),2016,Female,Net migration,Other countries (23),3.4
Estimated Migration (Persons in April),2017,Both sexes,Immigrants: All origins,All countries,95.3
Estimated Migration (Persons in April),2017,Both sexes,Immigrants: All origins,EU14 excl Irl (countries in the EU pre 2004 excluding UK & Ireland),17.2
Estimated Migration (Persons in April),2017,Both sexes,Immigrants: All origins,EU15 to EU27 (accession countries joined post 2004),13.8
Estimated Migration (Persons in April),2017,Both sexes,Immigrants: All origins,United Kingdom (1),21.1
Estimated Migration (Persons in April),2017,Both sexes,Immigrants: All origins,United States,6.1
Estimated Migration (Persons in April),2017,Both sexes,Immigrants: All origins,Canada,3.6
Estimated Migration (Persons in April),2017,Both sexes,Immigrants: All origins,Australia,8.0
Estimated Migration (Persons in April),2017,Both sexes,Immigrants: All origins,Other countries (23),25.6
Estimated Migration (Persons in April),2017,Both sexes,Emigrants: All destinations,All countries,56.1
Estimated Migration (Persons in April),2017,Both sexes,Emigrants: All destinations,EU14 excl Irl (countries in the EU pre 2004 excluding UK & Ireland),11.2
Estimated Migration (Persons in April),2017,Both sexes,Emigrants: All destinations,EU15 to EU27 (accession countries joined post 2004),8.4
Estimated Migration (Persons in April),2017,Both sexes,Emigrants: All destinations,United Kingdom (1),10.5
Estimated Migration (Persons in April),2017,Both sexes,Emigrants: All destinations,United States,5.6
Estimated Migration (Persons in April),2017,Both sexes,Emigrants: All destinations,Canada,3.2
Estimated Migration (Persons in April),2017,Both sexes,Emigrants: All destinations,Australia,4.6
Estimated Migration (Persons in April),2017,Both sexes,Emigrants: All destinations,Other countries (23),12.7
Estimated Migration (Persons in April),2017,Both sexes,Net migration,All countries,39.2
Estimated Migration (Persons in April),2017,Both sexes,Net migration,EU14 excl Irl (countries in the EU pre 2004 excluding UK & Ireland),6.0
Estimated Migration (Persons in April),2017,Both sexes,Net migration,EU15 to EU27 (accession countries joined post 2004),5.4
Estimated Migration (Persons in April),2017,Both sexes,Net migration,United Kingdom (1),10.6
Estimated Migration (Persons in April),2017,Both sexes,Net migration,United States,0.5
Estimated Migration (Persons in April),2017,Both sexes,Net migration,Canada,0.4
Estimated Migration (Persons in April),2017,Both sexes,Net migration,Australia,3.4
Estimated Migration (Persons in April),2017,Both sexes,Net migration,Other countries (23),12.9
Estimated Migration (Persons in April),2017,Male,Immigrants: All origins,All countries,47.3
Estimated Migration (Persons in April),2017,Male,Immigrants: All origins,EU14 excl Irl (countries in the EU pre 2004 excluding UK & Ireland),7.9
Estimated Migration (Persons in April),2017,Male,Immigrants: All origins,EU15 to EU27 (accession countries joined post 2004),7.2
Estimated Migration (Persons in April),2017,Male,Immigrants: All origins,United Kingdom (1),10.9
Estimated Migration (Persons in April),2017,Male,Immigrants: All origins,United States,2.8
Estimated Migration (Persons in April),2017,Male,Immigrants: All origins,Canada,1.9
Estimated Migration (Persons in April),2017,Male,Immigrants: All origins,Australia,4.1
Estimated Migration (Persons in April),2017,Male,Immigrants: All origins,Other countries (23),12.6
Estimated Migration (Persons in April),2017,Male,Emigrants: All destinations,All countries,29.5
Estimated Migration (Persons in April),2017,Male,Emigrants: All destinations,EU14 excl Irl (countries in the EU pre 2004 excluding UK & Ireland),5.1
Estimated Migration (Persons in April),2017,Male,Emigrants: All destinations,EU15 to EU27 (accession countries joined post 2004),4.5
Estimated Migration (Persons in April),2017,Male,Emigrants: All destinations,United Kingdom (1),5.6
Estimated Migration (Persons in April),2017,Male,Emigrants: All destinations,United States,3.7
Estimated Migration (Persons in April),2017,Male,Emigrants: All destinations,Canada,1.8
Estimated Migration (Persons in April),2017,Male,Emigrants: All destinations,Australia,2.4
Estimated Migration (Persons in April),2017,Male,Emigrants: All destinations,Other countries (23),6.4
Estimated Migration (Persons in April),2017,Male,Net migration,All countries,17.7
Estimated Migration (Persons in April),2017,Male,Net migration,EU14 excl Irl (countries in the EU pre 2004 excluding UK & Ireland),2.8
Estimated Migration (Persons in April),2017,Male,Net migration,EU15 to EU27 (accession countries joined post 2004),2.7
Estimated Migration (Persons in April),2017,Male,Net migration,United Kingdom (1),5.3
Estimated Migration (Persons in April),2017,Male,Net migration,United States,-0.9
Estimated Migration (Persons in April),2017,Male,Net migration,Canada,0.1
Estimated Migration (Persons in April),2017,Male,Net migration,Australia,1.7
Estimated Migration (Persons in April),2017,Male,Net migration,Other countries (23),6.2
Estimated Migration (Persons in April),2017,Female,Immigrants: All origins,All countries,48.0
Estimated Migration (Persons in April),2017,Female,Immigrants: All origins,EU14 excl Irl (countries in the EU pre 2004 excluding UK & Ireland),9.3
Estimated Migration (Persons in April),2017,Female,Immigrants: All origins,EU15 to EU27 (accession countries joined post 2004),6.6
Estimated Migration (Persons in April),2017,Female,Immigrants: All origins,United Kingdom (1),10.2
Estimated Migration (Persons in April),2017,Female,Immigrants: All origins,United States,3.3
Estimated Migration (Persons in April),2017,Female,Immigrants: All origins,Canada,1.7
Estimated Migration (Persons in April),2017,Female,Immigrants: All origins,Australia,3.9
Estimated Migration (Persons in April),2017,Female,Immigrants: All origins,Other countries (23),13.0
Estimated Migration (Persons in April),2017,Female,Emigrants: All destinations,All countries,26.6
Estimated Migration (Persons in April),2017,Female,Emigrants: All destinations,EU14 excl Irl (countries in the EU pre 2004 excluding UK & Ireland),6.1
Estimated Migration (Persons in April),2017,Female,Emigrants: All destinations,EU15 to EU27 (accession countries joined post 2004),3.9
Estimated Migration (Persons in April),2017,Female,Emigrants: All destinations,United Kingdom (1),4.9
Estimated Migration (Persons in April),2017,Female,Emigrants: All destinations,United States,1.9
Estimated Migration (Persons in April),2017,Female,Emigrants: All destinations,Canada,1.4
Estimated Migration (Persons in April),2017,Female,Emigrants: All destinations,Australia,2.2
Estimated Migration (Persons in April),2017,Female,Emigrants: All destinations,Other countries (23),6.3
Estimated Migration (Persons in April),2017,Female,Net migration,All countries,21.4
Estimated Migration (Persons in April),2017,Female,Net migration,EU14 excl Irl (countries in the EU pre 2004 excluding UK & Ireland),3.2
Estimated Migration (Persons in April),2017,Female,Net migration,EU15 to EU27 (accession countries joined post 2004),2.7
Estimated Migration (Persons in April),2017,Female,Net migration,United Kingdom (1),5.3
Estimated Migration (Persons in April),2017,Female,Net migration,United States,1.4
Estimated Migration (Persons in April),2017,Female,Net migration,Canada,0.3
Estimated Migration (Persons in April),2017,Female,Net migration,Australia,1.7
Estimated Migration (Persons in April),2017,Female,Net migration,Other countries (23),6.7
Estimated Migration (Persons in April),2018,Both sexes,Immigrants: All origins,All countries,96.0
Estimated Migration (Persons in April),2018,Both sexes,Immigrants: All origins,EU14 excl Irl (countries in the EU pre 2004 excluding UK & Ireland),15.9
Estimated Migration (Persons in April),2018,Both sexes,Immigrants: All origins,EU15 to EU27 (accession countries joined post 2004),11.6
Estimated Migration (Persons in April),2018,Both sexes,Immigrants: All origins,United Kingdom (1),21.3
Estimated Migration (Persons in April),2018,Both sexes,Immigrants: All origins,United States,7.8
Estimated Migration (Persons in April),2018,Both sexes,Immigrants: All origins,Canada,2.7
Estimated Migration (Persons in April),2018,Both sexes,Immigrants: All origins,Australia,7.5
Estimated Migration (Persons in April),2018,Both sexes,Immigrants: All origins,Other countries (23),29.1
Estimated Migration (Persons in April),2018,Both sexes,Emigrants: All destinations,All countries,51.6
Estimated Migration (Persons in April),2018,Both sexes,Emigrants: All destinations,EU14 excl Irl (countries in the EU pre 2004 excluding UK & Ireland),11.3
Estimated Migration (Persons in April),2018,Both sexes,Emigrants: All destinations,EU15 to EU27 (accession countries joined post 2004),6.0
Estimated Migration (Persons in April),2018,Both sexes,Emigrants: All destinations,United Kingdom (1),10.5
Estimated Migration (Persons in April),2018,Both sexes,Emigrants: All destinations,United States,5.3
Estimated Migration (Persons in April),2018,Both sexes,Emigrants: All destinations,Canada,3.6
Estimated Migration (Persons in April),2018,Both sexes,Emigrants: All destinations,Australia,4.1
Estimated Migration (Persons in April),2018,Both sexes,Emigrants: All destinations,Other countries (23),10.8
Estimated Migration (Persons in April),2018,Both sexes,Net migration,All countries,44.4
Estimated Migration (Persons in April),2018,Both sexes,Net migration,EU14 excl Irl (countries in the EU pre 2004 excluding UK & Ireland),4.6
Estimated Migration (Persons in April),2018,Both sexes,Net migration,EU15 to EU27 (accession countries joined post 2004),5.6
Estimated Migration (Persons in April),2018,Both sexes,Net migration,United Kingdom (1),10.8
Estimated Migration (Persons in April),2018,Both sexes,Net migration,United States,2.5
Estimated Migration (Persons in April),2018,Both sexes,Net migration,Canada,-0.9
Estimated Migration (Persons in April),2018,Both sexes,Net migration,Australia,3.4
Estimated Migration (Persons in April),2018,Both sexes,Net migration,Other countries (23),18.3
Estimated Migration (Persons in April),2018,Male,Immigrants: All origins,All countries,47.3
Estimated Migration (Persons in April),2018,Male,Immigrants: All origins,EU14 excl Irl (countries in the EU pre 2004 excluding UK & Ireland),8.1
Estimated Migration (Persons in April),2018,Male,Immigrants: All origins,EU15 to EU27 (accession countries joined post 2004),5.3
Estimated Migration (Persons in April),2018,Male,Immigrants: All origins,United Kingdom (1),10.8
Estimated Migration (Persons in April),2018,Male,Immigrants: All origins,United States,3.6
Estimated Migration (Persons in April),2018,Male,Immigrants: All origins,Canada,1.2
Estimated Migration (Persons in April),2018,Male,Immigrants: All origins,Australia,3.9
Estimated Migration (Persons in April),2018,Male,Immigrants: All origins,Other countries (23),14.3
Estimated Migration (Persons in April),2018,Male,Emigrants: All destinations,All countries,24.0
Estimated Migration (Persons in April),2018,Male,Emigrants: All destinations,EU14 excl Irl (countries in the EU pre 2004 excluding UK & Ireland),4.3
Estimated Migration (Persons in April),2018,Male,Emigrants: All destinations,EU15 to EU27 (accession countries joined post 2004),2.7
Estimated Migration (Persons in April),2018,Male,Emigrants: All destinations,United Kingdom (1),4.5
Estimated Migration (Persons in April),2018,Male,Emigrants: All destinations,United States,2.7
Estimated Migration (Persons in April),2018,Male,Emigrants: All destinations,Canada,1.9
Estimated Migration (Persons in April),2018,Male,Emigrants: All destinations,Australia,2.4
Estimated Migration (Persons in April),2018,Male,Emigrants: All destinations,Other countries (23),5.5
Estimated Migration (Persons in April),2018,Male,Net migration,All countries,23.3
Estimated Migration (Persons in April),2018,Male,Net migration,EU14 excl Irl (countries in the EU pre 2004 excluding UK & Ireland),3.8
Estimated Migration (Persons in April),2018,Male,Net migration,EU15 to EU27 (accession countries joined post 2004),2.6
Estimated Migration (Persons in April),2018,Male,Net migration,United Kingdom (1),6.3
Estimated Migration (Persons in April),2018,Male,Net migration,United States,0.9
Estimated Migration (Persons in April),2018,Male,Net migration,Canada,-0.7
Estimated Migration (Persons in April),2018,Male,Net migration,Australia,1.5
Estimated Migration (Persons in April),2018,Male,Net migration,Other countries (23),8.8
Estimated Migration (Persons in April),2018,Female,Immigrants: All origins,All countries,48.7
Estimated Migration (Persons in April),2018,Female,Immigrants: All origins,EU14 excl Irl (countries in the EU pre 2004 excluding UK & Ireland),7.8
Estimated Migration (Persons in April),2018,Female,Immigrants: All origins,EU15 to EU27 (accession countries joined post 2004),6.3
Estimated Migration (Persons in April),2018,Female,Immigrants: All origins,United Kingdom (1),10.5
Estimated Migration (Persons in April),2018,Female,Immigrants: All origins,United States,4.2
Estimated Migration (Persons in April),2018,Female,Immigrants: All origins,Canada,1.5
Estimated Migration (Persons in April),2018,Female,Immigrants: All origins,Australia,3.6
Estimated Migration (Persons in April),2018,Female,Immigrants: All origins,Other countries (23),14.8
Estimated Migration (Persons in April),2018,Female,Emigrants: All destinations,All countries,27.6
Estimated Migration (Persons in April),2018,Female,Emigrants: All destinations,EU14 excl Irl (countries in the EU pre 2004 excluding UK & Ireland),7.0
Estimated Migration (Persons in April),2018,Female,Emigrants: All destinations,EU15 to EU27 (accession countries joined post 2004),3.3
Estimated Migration (Persons in April),2018,Female,Emigrants: All destinations,United Kingdom (1),6.0
Estimated Migration (Persons in April),2018,Female,Emigrants: All destinations,United States,2.6
Estimated Migration (Persons in April),2018,Female,Emigrants: All destinations,Canada,1.7
Estimated Migration (Persons in April),2018,Female,Emigrants: All destinations,Australia,1.7
Estimated Migration (Persons in April),2018,Female,Emigrants: All destinations,Other countries (23),5.3
Estimated Migration (Persons in April),2018,Female,Net migration,All countries,21.1
Estimated Migration (Persons in April),2018,Female,Net migration,EU14 excl Irl (countries in the EU pre 2004 excluding UK & Ireland),0.8
Estimated Migration (Persons in April),2018,Female,Net migration,EU15 to EU27 (accession countries joined post 2004),3.0
Estimated Migration (Persons in April),2018,Female,Net migration,United Kingdom (1),4.5
Estimated Migration (Persons in April),2018,Female,Net migration,United States,1.6
Estimated Migration (Persons in April),2018,Female,Net migration,Canada,-0.2
Estimated Migration (Persons in April),2018,Female,Net migration,Australia,1.9
Estimated Migration (Persons in April),2018,Female,Net migration,Other countries (23),9.5
Estimated Migration (Persons in April),2019,Both sexes,Immigrants: All origins,All countries,97.1
Estimated Migration (Persons in April),2019,Both sexes,Immigrants: All origins,EU14 excl Irl (countries in the EU pre 2004 excluding UK & Ireland),15.5
Estimated Migration (Persons in April),2019,Both sexes,Immigrants: All origins,EU15 to EU27 (accession countries joined post 2004),10.0
Estimated Migration (Persons in April),2019,Both sexes,Immigrants: All origins,United Kingdom (1),21.6
Estimated Migration (Persons in April),2019,Both sexes,Immigrants: All origins,United States,6.7
Estimated Migration (Persons in April),2019,Both sexes,Immigrants: All origins,Canada,2.6
Estimated Migration (Persons in April),2019,Both sexes,Immigrants: All origins,Australia,6.3
Estimated Migration (Persons in April),2019,Both sexes,Immigrants: All origins,Other countries (23),34.4
Estimated Migration (Persons in April),2019,Both sexes,Emigrants: All destinations,All countries,53.1
Estimated Migration (Persons in April),2019,Both sexes,Emigrants: All destinations,EU14 excl Irl (countries in the EU pre 2004 excluding UK & Ireland),10.1
Estimated Migration (Persons in April),2019,Both sexes,Emigrants: All destinations,EU15 to EU27 (accession countries joined post 2004),3.7
Estimated Migration (Persons in April),2019,Both sexes,Emigrants: All destinations,United Kingdom (1),11.2
Estimated Migration (Persons in April),2019,Both sexes,Emigrants: All destinations,United States,5.1
Estimated Migration (Persons in April),2019,Both sexes,Emigrants: All destinations,Canada,4.7
Estimated Migration (Persons in April),2019,Both sexes,Emigrants: All destinations,Australia,6.3
Estimated Migration (Persons in April),2019,Both sexes,Emigrants: All destinations,Other countries (23),12.1
Estimated Migration (Persons in April),2019,Both sexes,Net migration,All countries,44.0
Estimated Migration (Persons in April),2019,Both sexes,Net migration,EU14 excl Irl (countries in the EU pre 2004 excluding UK & Ireland),5.4
Estimated Migration (Persons in April),2019,Both sexes,Net migration,EU15 to EU27 (accession countries joined post 2004),6.3
Estimated Migration (Persons in April),2019,Both sexes,Net migration,United Kingdom (1),10.4
Estimated Migration (Persons in April),2019,Both sexes,Net migration,United States,1.6
Estimated Migration (Persons in April),2019,Both sexes,Net migration,Canada,-2.1
Estimated Migration (Persons in April),2019,Both sexes,Net migration,Australia,0.0
Estimated Migration (Persons in April),2019,Both sexes,Net migration,Other countries (23),22.3
Estimated Migration (Persons in April),2019,Male,Immigrants: All origins,All countries,49.0
Estimated Migration (Persons in April),2019,Male,Immigrants: All origins,EU14 excl Irl (countries in the EU pre 2004 excluding UK & Ireland),7.2
Estimated Migration (Persons in April),2019,Male,Immigrants: All origins,EU15 to EU27 (accession countries joined post 2004),3.8
Estimated Migration (Persons in April),2019,Male,Immigrants: All origins,United Kingdom (1),10.2
Estimated Migration (Persons in April),2019,Male,Immigrants: All origins,United States,3.5
Estimated Migration (Persons in April),2019,Male,Immigrants: All origins,Canada,1.5
Estimated Migration (Persons in April),2019,Male,Immigrants: All origins,Australia,3.8
Estimated Migration (Persons in April),2019,Male,Immigrants: All origins,Other countries (23),19.0
Estimated Migration (Persons in April),2019,Male,Emigrants: All destinations,All countries,26.9
Estimated Migration (Persons in April),2019,Male,Emigrants: All destinations,EU14 excl Irl (countries in the EU pre 2004 excluding UK & Ireland),5.5
Estimated Migration (Persons in April),2019,Male,Emigrants: All destinations,EU15 to EU27 (accession countries joined post 2004),1.9
Estimated Migration (Persons in April),2019,Male,Emigrants: All destinations,United Kingdom (1),5.7
Estimated Migration (Persons in April),2019,Male,Emigrants: All destinations,United States,3.2
Estimated Migration (Persons in April),2019,Male,Emigrants: All destinations,Canada,2.2
Estimated Migration (Persons in April),2019,Male,Emigrants: All destinations,Australia,2.8
Estimated Migration (Persons in April),2019,Male,Emigrants: All destinations,Other countries (23),5.6
Estimated Migration (Persons in April),2019,Male,Net migration,All countries,22.1
Estimated Migration (Persons in April),2019,Male,Net migration,EU14 excl Irl (countries in the EU pre 2004 excluding UK & Ireland),1.7
Estimated Migration (Persons in April),2019,Male,Net migration,EU15 to EU27 (accession countries joined post 2004),1.9
Estimated Migration (Persons in April),2019,Male,Net migration,United Kingdom (1),4.5
Estimated Migration (Persons in April),2019,Male,Net migration,United States,0.3
Estimated Migration (Persons in April),2019,Male,Net migration,Canada,-0.7
Estimated Migration (Persons in April),2019,Male,Net migration,Australia,1.0
Estimated Migration (Persons in April),2019,Male,Net migration,Other countries (23),13.4
Estimated Migration (Persons in April),2019,Female,Immigrants: All origins,All countries,48.1
Estimated Migration (Persons in April),2019,Female,Immigrants: All origins,EU14 excl Irl (countries in the EU pre 2004 excluding UK & Ireland),8.3
Estimated Migration (Persons in April),2019,Female,Immigrants: All origins,EU15 to EU27 (accession countries joined post 2004),6.2
Estimated Migration (Persons in April),2019,Female,Immigrants: All origins,United Kingdom (1),11.4
Estimated Migration (Persons in April),2019,Female,Immigrants: All origins,United States,3.2
Estimated Migration (Persons in April),2019,Female,Immigrants: All origins,Canada,1.1
Estimated Migration (Persons in April),2019,Female,Immigrants: All origins,Australia,2.5
Estimated Migration (Persons in April),2019,Female,Immigrants: All origins,Other countries (23),15.4
Estimated Migration (Persons in April),2019,Female,Emigrants: All destinations,All countries,26.2
Estimated Migration (Persons in April),2019,Female,Emigrants: All destinations,EU14 excl Irl (countries in the EU pre 2004 excluding UK & Ireland),4.6
Estimated Migration (Persons in April),2019,Female,Emigrants: All destinations,EU15 to EU27 (accession countries joined post 2004),1.8
Estimated Migration (Persons in April),2019,Female,Emigrants: All destinations,United Kingdom (1),5.5
Estimated Migration (Persons in April),2019,Female,Emigrants: All destinations,United States,1.9
Estimated Migration (Persons in April),2019,Female,Emigrants: All destinations,Canada,2.5
Estimated Migration (Persons in April),2019,Female,Emigrants: All destinations,Australia,3.5
Estimated Migration (Persons in April),2019,Female,Emigrants: All destinations,Other countries (23),6.5
Estimated Migration (Persons in April),2019,Female,Net migration,All countries,21.9
Estimated Migration (Persons in April),2019,Female,Net migration,EU14 excl Irl (countries in the EU pre 2004 excluding UK & Ireland),3.7
Estimated Migration (Persons in April),2019,Female,Net migration,EU15 to EU27 (accession countries joined post 2004),4.4
Estimated Migration (Persons in April),2019,Female,Net migration,United Kingdom (1),5.9
Estimated Migration (Persons in April),2019,Female,Net migration,United States,1.3
Estimated Migration (Persons in April),2019,Female,Net migration,Canada,-1.4
Estimated Migration (Persons in April),2019,Female,Net migration,Australia,-1.0
Estimated Migration (Persons in April),2019,Female,Net migration,Other countries (23),8.9
Estimated Migration (Persons in April),2020,Both sexes,Immigrants: All origins,All countries,95.6
Estimated Migration (Persons in April),2020,Both sexes,Immigrants: All origins,EU14 excl Irl (countries in the EU pre 2004 excluding UK & Ireland),15.5
Estimated Migration (Persons in April),2020,Both sexes,Immigrants: All origins,EU15 to EU27 (accession countries joined post 2004),9.2
Estimated Migration (Persons in April),2020,Both sexes,Immigrants: All origins,United Kingdom (1),17.6
Estimated Migration (Persons in April),2020,Both sexes,Immigrants: All origins,United States,6.0
Estimated Migration (Persons in April),2020,Both sexes,Immigrants: All origins,Canada,3.1
Estimated Migration (Persons in April),2020,Both sexes,Immigrants: All origins,Australia,7.8
Estimated Migration (Persons in April),2020,Both sexes,Immigrants: All origins,Other countries (23),36.4
Estimated Migration (Persons in April),2020,Both sexes,Emigrants: All destinations,All countries,50.9
Estimated Migration (Persons in April),2020,Both sexes,Emigrants: All destinations,EU14 excl Irl (countries in the EU pre 2004 excluding UK & Ireland),10.7
Estimated Migration (Persons in April),2020,Both sexes,Emigrants: All destinations,EU15 to EU27 (accession countries joined post 2004),7.9
Estimated Migration (Persons in April),2020,Both sexes,Emigrants: All destinations,United Kingdom (1),9.7
Estimated Migration (Persons in April),2020,Both sexes,Emigrants: All destinations,United States,5.3
Estimated Migration (Persons in April),2020,Both sexes,Emigrants: All destinations,Canada,3.1
Estimated Migration (Persons in April),2020,Both sexes,Emigrants: All destinations,Australia,5.6
Estimated Migration (Persons in April),2020,Both sexes,Emigrants: All destinations,Other countries (23),8.7
Estimated Migration (Persons in April),2020,Both sexes,Net migration,All countries,44.7
Estimated Migration (Persons in April),2020,Both sexes,Net migration,EU14 excl Irl (countries in the EU pre 2004 excluding UK & Ireland),4.8
Estimated Migration (Persons in April),2020,Both sexes,Net migration,EU15 to EU27 (accession countries joined post 2004),1.3
Estimated Migration (Persons in April),2020,Both sexes,Net migration,United Kingdom (1),7.9
Estimated Migration (Persons in April),2020,Both sexes,Net migration,United States,0.7
Estimated Migration (Persons in April),2020,Both sexes,Net migration,Canada,0.0
Estimated Migration (Persons in April),2020,Both sexes,Net migration,Australia,2.2
Estimated Migration (Persons in April),2020,Both sexes,Net migration,Other countries (23),27.7
Estimated Migration (Persons in April),2020,Male,Immigrants: All origins,All countries,46.9
Estimated Migration (Persons in April),2020,Male,Immigrants: All origins,EU14 excl Irl (countries in the EU pre 2004 excluding UK & Ireland),7.6
Estimated Migration (Persons in April),2020,Male,Immigrants: All origins,EU15 to EU27 (accession countries joined post 2004),4.8
Estimated Migration (Persons in April),2020,Male,Immigrants: All origins,United Kingdom (1),8.4
Estimated Migration (Persons in April),2020,Male,Immigrants: All origins,United States,3.0
Estimated Migration (Persons in April),2020,Male,Immigrants: All origins,Canada,1.6
Estimated Migration (Persons in April),2020,Male,Immigrants: All origins,Australia,3.5
Estimated Migration (Persons in April),2020,Male,Immigrants: All origins,Other countries (23),18.0
Estimated Migration (Persons in April),2020,Male,Emigrants: All destinations,All countries,25.4
Estimated Migration (Persons in April),2020,Male,Emigrants: All destinations,EU14 excl Irl (countries in the EU pre 2004 excluding UK & Ireland),5.5
Estimated Migration (Persons in April),2020,Male,Emigrants: All destinations,EU15 to EU27 (accession countries joined post 2004),4.1
Estimated Migration (Persons in April),2020,Male,Emigrants: All destinations,United Kingdom (1),4.5
Estimated Migration (Persons in April),2020,Male,Emigrants: All destinations,United States,2.7
Estimated Migration (Persons in April),2020,Male,Emigrants: All destinations,Canada,1.4
Estimated Migration (Persons in April),2020,Male,Emigrants: All destinations,Australia,2.7
Estimated Migration (Persons in April),2020,Male,Emigrants: All destinations,Other countries (23),4.5
Estimated Migration (Persons in April),2020,Male,Net migration,All countries,21.5
Estimated Migration (Persons in April),2020,Male,Net migration,EU14 excl Irl (countries in the EU pre 2004 excluding UK & Ireland),2.1
Estimated Migration (Persons in April),2020,Male,Net migration,EU15 to EU27 (accession countries joined post 2004),0.7
Estimated Migration (Persons in April),2020,Male,Net migration,United Kingdom (1),3.9
Estimated Migration (Persons in April),2020,Male,Net migration,United States,0.3
Estimated Migration (Persons in April),2020,Male,Net migration,Canada,0.2
Estimated Migration (Persons in April),2020,Male,Net migration,Australia,0.8
Estimated Migration (Persons in April),2020,Male,Net migration,Other countries (23),13.5
Estimated Migration (Persons in April),2020,Female,Immigrants: All origins,All countries,48.7
Estimated Migration (Persons in April),2020,Female,Immigrants: All origins,EU14 excl Irl (countries in the EU pre 2004 excluding UK & Ireland),7.9
Estimated Migration (Persons in April),2020,Female,Immigrants: All origins,EU15 to EU27 (accession countries joined post 2004),4.4
Estimated Migration (Persons in April),2020,Female,Immigrants: All origins,United Kingdom (1),9.2
Estimated Migration (Persons in April),2020,Female,Immigrants: All origins,United States,3.0
Estimated Migration (Persons in April),2020,Female,Immigrants: All origins,Canada,1.5
Estimated Migration (Persons in April),2020,Female,Immigrants: All origins,Australia,4.3
Estimated Migration (Persons in April),2020,Female,Immigrants: All origins,Other countries (23),18.4
Estimated Migration (Persons in April),2020,Female,Emigrants: All destinations,All countries,25.5
Estimated Migration (Persons in April),2020,Female,Emigrants: All destinations,EU14 excl Irl (countries in the EU pre 2004 excluding UK & Ireland),5.2
Estimated Migration (Persons in April),2020,Female,Emigrants: All destinations,EU15 to EU27 (accession countries joined post 2004),3.8
Estimated Migration (Persons in April),2020,Female,Emigrants: All destinations,United Kingdom (1),5.2
Estimated Migration (Persons in April),2020,Female,Emigrants: All destinations,United States,2.6
Estimated Migration (Persons in April),2020,Female,Emigrants: All destinations,Canada,1.7
Estimated Migration (Persons in April),2020,Female,Emigrants: All destinations,Australia,2.9
Estimated Migration (Persons in April),2020,Female,Emigrants: All destinations,Other countries (23),4.2
Estimated Migration (Persons in April),2020,Female,Net migration,All countries,23.2
Estimated Migration (Persons in April),2020,Female,Net migration,EU14 excl Irl (countries in the EU pre 2004 excluding UK & Ireland),2.7
Estimated Migration (Persons in April),2020,Female,Net migration,EU15 to EU27 (accession countries joined post 2004),0.6
Estimated Migration (Persons in April),2020,Female,Net migration,United Kingdom (1),4.0
Estimated Migration (Persons in April),2020,Female,Net migration,United States,0.4
Estimated Migration (Persons in April),2020,Female,Net migration,Canada,-0.2
Estimated Migration (Persons in April),2020,Female,Net migration,Australia,1.4
Estimated Migration (Persons in April),2020,Female,Net migration,Other countries (23),14.2
Estimated Migration (Persons in April),2021,Both sexes,Immigrants: All origins,All countries,74.1
Estimated Migration (Persons in April),2021,Both sexes,Immigrants: All origins,EU14 excl Irl (countries in the EU pre 2004 excluding UK & Ireland),7.9
Estimated Migration (Persons in April),2021,Both sexes,Immigrants: All origins,EU15 to EU27 (accession countries joined post 2004),8.7
Estimated Migration (Persons in April),2021,Both sexes,Immigrants: All origins,United Kingdom (1),21.7
Estimated Migration (Persons in April),2021,Both sexes,Immigrants: All origins,United States,5.5
Estimated Migration (Persons in April),2021,Both sexes,Immigrants: All origins,Canada,6.0
Estimated Migration (Persons in April),2021,Both sexes,Immigrants: All origins,Australia,5.8
Estimated Migration (Persons in April),2021,Both sexes,Immigrants: All origins,Other countries (23),18.4
Estimated Migration (Persons in April),2021,Both sexes,Emigrants: All destinations,All countries,52.3
Estimated Migration (Persons in April),2021,Both sexes,Emigrants: All destinations,EU14 excl Irl (countries in the EU pre 2004 excluding UK & Ireland),11.1
Estimated Migration (Persons in April),2021,Both sexes,Emigrants: All destinations,EU15 to EU27 (accession countries joined post 2004),4.4
Estimated Migration (Persons in April),2021,Both sexes,Emigrants: All destinations,United Kingdom (1),17.6
Estimated Migration (Persons in April),2021,Both sexes,Emigrants: All destinations,United States,2.4
Estimated Migration (Persons in April),2021,Both sexes,Emigrants: All destinations,Canada,1.7
Estimated Migration (Persons in April),2021,Both sexes,Emigrants: All destinations,Australia,2.5
Estimated Migration (Persons in April),2021,Both sexes,Emigrants: All destinations,Other countries (23),12.5
Estimated Migration (Persons in April),2021,Both sexes,Net migration,All countries,21.8
Estimated Migration (Persons in April),2021,Both sexes,Net migration,EU14 excl Irl (countries in the EU pre 2004 excluding UK & Ireland),-3.2
Estimated Migration (Persons in April),2021,Both sexes,Net migration,EU15 to EU27 (accession countries joined post 2004),4.3
Estimated Migration (Persons in April),2021,Both sexes,Net migration,United Kingdom (1),4.1
Estimated Migration (Persons in April),2021,Both sexes,Net migration,United States,3.1
Estimated Migration (Persons in April),2021,Both sexes,Net migration,Canada,4.3
Estimated Migration (Persons in April),2021,Both sexes,Net migration,Australia,3.3
Estimated Migration (Persons in April),2021,Both sexes,Net migration,Other countries (23),5.9
Estimated Migration (Persons in April),2021,Male,Immigrants: All origins,All countries,36.2
Estimated Migration (Persons in April),2021,Male,Immigrants: All origins,EU14 excl Irl (countries in the EU pre 2004 excluding UK & Ireland),3.7
Estimated Migration (Persons in April),2021,Male,Immigrants: All origins,EU15 to EU27 (accession countries joined post 2004),4.3
Estimated Migration (Persons in April),2021,Male,Immigrants: All origins,United Kingdom (1),11.6
Estimated Migration (Persons in April),2021,Male,Immigrants: All origins,United States,2.3
Estimated Migration (Persons in April),2021,Male,Immigrants: All origins,Canada,3.6
Estimated Migration (Persons in April),2021,Male,Immigrants: All origins,Australia,2.5
Estimated Migration (Persons in April),2021,Male,Immigrants: All origins,Other countries (23),8.1
Estimated Migration (Persons in April),2021,Male,Emigrants: All destinations,All countries,25.4
Estimated Migration (Persons in April),2021,Male,Emigrants: All destinations,EU14 excl Irl (countries in the EU pre 2004 excluding UK & Ireland),5.0
Estimated Migration (Persons in April),2021,Male,Emigrants: All destinations,EU15 to EU27 (accession countries joined post 2004),2.4
Estimated Migration (Persons in April),2021,Male,Emigrants: All destinations,United Kingdom (1),8.2
Estimated Migration (Persons in April),2021,Male,Emigrants: All destinations,United States,1.2
Estimated Migration (Persons in April),2021,Male,Emigrants: All destinations,Canada,0.6
Estimated Migration (Persons in April),2021,Male,Emigrants: All destinations,Australia,0.9
Estimated Migration (Persons in April),2021,Male,Emigrants: All destinations,Other countries (23),7.0
Estimated Migration (Persons in April),2021,Male,Net migration,All countries,10.8
Estimated Migration (Persons in April),2021,Male,Net migration,EU14 excl Irl (countries in the EU pre 2004 excluding UK & Ireland),-1.3
Estimated Migration (Persons in April),2021,Male,Net migration,EU15 to EU27 (accession countries joined post 2004),1.9
Estimated Migration (Persons in April),2021,Male,Net migration,United Kingdom (1),3.4
Estimated Migration (Persons in April),2021,Male,Net migration,United States,1.1
Estimated Migration (Persons in April),2021,Male,Net migration,Canada,3.0
Estimated Migration (Persons in April),2021,Male,Net migration,Australia,1.6
Estimated Migration (Persons in April),2021,Male,Net migration,Other countries (23),1.1
Estimated Migration (Persons in April),2021,Female,Immigrants: All origins,All countries,37.9
Estimated Migration (Persons in April),2021,Female,Immigrants: All origins,EU14 excl Irl (countries in the EU pre 2004 excluding UK & Ireland),4.2
Estimated Migration (Persons in April),2021,Female,Immigrants: All origins,EU15 to EU27 (accession countries joined post 2004),4.4
Estimated Migration (Persons in April),2021,Female,Immigrants: All origins,United Kingdom (1),10.1
Estimated Migration (Persons in April),2021,Female,Immigrants: All origins,United States,3.2
Estimated Migration (Persons in April),2021,Female,Immigrants: All origins,Canada,2.4
Estimated Migration (Persons in April),2021,Female,Immigrants: All origins,Australia,3.3
Estimated Migration (Persons in April),2021,Female,Immigrants: All origins,Other countries (23),10.3
Estimated Migration (Persons in April),2021,Female,Emigrants: All destinations,All countries,26.9
Estimated Migration (Persons in April),2021,Female,Emigrants: All destinations,EU14 excl Irl (countries in the EU pre 2004 excluding UK & Ireland),6.1
Estimated Migration (Persons in April),2021,Female,Emigrants: All destinations,EU15 to EU27 (accession countries joined post 2004),2.0
Estimated Migration (Persons in April),2021,Female,Emigrants: All destinations,United Kingdom (1),9.4
Estimated Migration (Persons in April),2021,Female,Emigrants: All destinations,United States,1.2
Estimated Migration (Persons in April),2021,Female,Emigrants: All destinations,Canada,1.1
Estimated Migration (Persons in April),2021,Female,Emigrants: All destinations,Australia,1.6
Estimated Migration (Persons in April),2021,Female,Emigrants: All destinations,Other countries (23),5.5
Estimated Migration (Persons in April),2021,Female,Net migration,All countries,11.0
Estimated Migration (Persons in April),2021,Female,Net migration,EU14 excl Irl (countries in the EU pre 2004 excluding UK & Ireland),-1.9
Estimated Migration (Persons in April),2021,Female,Net migration,EU15 to EU27 (accession countries joined post 2004),2.4
Estimated Migration (Persons in April),2021,Female,Net migration,United Kingdom (1),0.7
Estimated Migration (Persons in April),2021,Female,Net migration,United States,2.0
Estimated Migration (Persons in April),2021,Female,Net migration,Canada,1.3
Estimated Migration (Persons in April),2021,Female,Net migration,Australia,1.7
Estimated Migration (Persons in April),2021,Female,Net migration,Other countries (23),4.8
Estimated Migration (Persons in April),2022,Both sexes,Immigrants: All origins,All countries,107.8
Estimated Migration (Persons in April),2022,Both sexes,Immigrants: All origins,EU14 excl Irl (countries in the EU pre 2004 excluding UK & Ireland),8.1
Estimated Migration (Persons in April),2022,Both sexes,Immigrants: All origins,EU15 to EU27 (accession countries joined post 2004),16.8
Estimated Migration (Persons in April),2022,Both sexes,Immigrants: All origins,United Kingdom (1),12.8
Estimated Migration (Persons in April),2022,Both sexes,Immigrants: All origins,United States,4.3
Estimated Migration (Persons in April),2022,Both sexes,Immigrants: All origins,Canada,2.2
Estimated Migration (Persons in April),2022,Both sexes,Immigrants: All origins,Australia,3.1
Estimated Migration (Persons in April),2022,Both sexes,Immigrants: All origins,Other countries (23),60.5
Estimated Migration (Persons in April),2022,Both sexes,Emigrants: All destinations,All countries,56.1
Estimated Migration (Persons in April),2022,Both sexes,Emigrants: All destinations,EU14 excl Irl (countries in the EU pre 2004 excluding UK & Ireland),12.8
Estimated Migration (Persons in April),2022,Both sexes,Emigrants: All destinations,EU15 to EU27 (accession countries joined post 2004),5.0
Estimated Migration (Persons in April),2022,Both sexes,Emigrants: All destinations,United Kingdom (1),13.4
Estimated Migration (Persons in April),2022,Both sexes,Emigrants: All destinations,United States,6.3
Estimated Migration (Persons in April),2022,Both sexes,Emigrants: All destinations,Canada,4.2
Estimated Migration (Persons in April),2022,Both sexes,Emigrants: All destinations,Australia,3.9
Estimated Migration (Persons in April),2022,Both sexes,Emigrants: All destinations,Other countries (23),10.7
Estimated Migration (Persons in April),2022,Both sexes,Net migration,All countries,51.7
Estimated Migration (Persons in April),2022,Both sexes,Net migration,EU14 excl Irl (countries in the EU pre 2004 excluding UK & Ireland),-4.7
Estimated Migration (Persons in April),2022,Both sexes,Net migration,EU15 to EU27 (accession countries joined post 2004),11.8
Estimated Migration (Persons in April),2022,Both sexes,Net migration,United Kingdom (1),-0.6
Estimated Migration (Persons in April),2022,Both sexes,Net migration,United States,-2.0
Estimated Migration (Persons in April),2022,Both sexes,Net migration,Canada,-2.0
Estimated Migration (Persons in April),2022,Both sexes,Net migration,Australia,-0.8
Estimated Migration (Persons in April),2022,Both sexes,Net migration,Other countries (23),49.8
Estimated Migration (Persons in April),2022,Male,Immigrants: All origins,All countries,49.2
Estimated Migration (Persons in April),2022,Male,Immigrants: All origins,EU14 excl Irl (countries in the EU pre 2004 excluding UK & Ireland),4.5
Estimated Migration (Persons in April),2022,Male,Immigrants: All origins,EU15 to EU27 (accession countries joined post 2004),8.0
Estimated Migration (Persons in April),2022,Male,Immigrants: All origins,United Kingdom (1),6.4
Estimated Migration (Persons in April),2022,Male,Immigrants: All origins,United States,1.9
Estimated Migration (Persons in April),2022,Male,Immigrants: All origins,Canada,1.1
Estimated Migration (Persons in April),2022,Male,Immigrants: All origins,Australia,1.5
Estimated Migration (Persons in April),2022,Male,Immigrants: All origins,Other countries (23),25.8
Estimated Migration (Persons in April),2022,Male,Emigrants: All destinations,All countries,29.6
Estimated Migration (Persons in April),2022,Male,Emigrants: All destinations,EU14 excl Irl (countries in the EU pre 2004 excluding UK & Ireland),5.7
Estimated Migration (Persons in April),2022,Male,Emigrants: All destinations,EU15 to EU27 (accession countries joined post 2004),2.7
Estimated Migration (Persons in April),2022,Male,Emigrants: All destinations,United Kingdom (1),7.2
Estimated Migration (Persons in April),2022,Male,Emigrants: All destinations,United States,4.6
Estimated Migration (Persons in April),2022,Male,Emigrants: All destinations,Canada,2.3
Estimated Migration (Persons in April),2022,Male,Emigrants: All destinations,Australia,2.1
Estimated Migration (Persons in April),2022,Male,Emigrants: All destinations,Other countries (23),5.1
Estimated Migration (Persons in April),2022,Male,Net migration,All countries,19.6
Estimated Migration (Persons in April),2022,Male,Net migration,EU14 excl Irl (countries in the EU pre 2004 excluding UK & Ireland),-1.2
Estimated Migration (Persons in April),2022,Male,Net migration,EU15 to EU27 (accession countries joined post 2004),5.3
Estimated Migration (Persons in April),2022,Male,Net migration,United Kingdom (1),-0.8
Estimated Migration (Persons in April),2022,Male,Net migration,United States,-2.7
Estimated Migration (Persons in April),2022,Male,Net migration,Canada,-1.2
Estimated Migration (Persons in April),2022,Male,Net migration,Australia,-0.6
Estimated Migration (Persons in April),2022,Male,Net migration,Other countries (23),20.7
Estimated Migration (Persons in April),2022,Female,Immigrants: All origins,All countries,58.6
Estimated Migration (Persons in April),2022,Female,Immigrants: All origins,EU14 excl Irl (countries in the EU pre 2004 excluding UK & Ireland),3.6
Estimated Migration (Persons in April),2022,Female,Immigrants: All origins,EU15 to EU27 (accession countries joined post 2004),8.8
Estimated Migration (Persons in April),2022,Female,Immigrants: All origins,United Kingdom (1),6.4
Estimated Migration (Persons in April),2022,Female,Immigrants: All origins,United States,2.4
Estimated Migration (Persons in April),2022,Female,Immigrants: All origins,Canada,1.1
Estimated Migration (Persons in April),2022,Female,Immigrants: All origins,Australia,1.6
Estimated Migration (Persons in April),2022,Female,Immigrants: All origins,Other countries (23),34.7
Estimated Migration (Persons in April),2022,Female,Emigrants: All destinations,All countries,26.5
Estimated Migration (Persons in April),2022,Female,Emigrants: All destinations,EU14 excl Irl (countries in the EU pre 2004 excluding UK & Ireland),7.1
Estimated Migration (Persons in April),2022,Female,Emigrants: All destinations,EU15 to EU27 (accession countries joined post 2004),2.3
Estimated Migration (Persons in April),2022,Female,Emigrants: All destinations,United Kingdom (1),6.2
Estimated Migration (Persons in April),2022,Female,Emigrants: All destinations,United States,1.7
Estimated Migration (Persons in April),2022,Female,Emigrants: All destinations,Canada,1.9
Estimated Migration (Persons in April),2022,Female,Emigrants: All destinations,Australia,1.8
Estimated Migration (Persons in April),2022,Female,Emigrants: All destinations,Other countries (23),5.6
Estimated Migration (Persons in April),2022,Female,Net migration,All countries,32.1
Estimated Migration (Persons in April),2022,Female,Net migration,EU14 excl Irl (countries in the EU pre 2004 excluding UK & Ireland),-3.5
Estimated Migration (Persons in April),2022,Female,Net migration,EU15 to EU27 (accession countries joined post 2004),6.5
Estimated Migration (Persons in April),2022,Female,Net migration,United Kingdom (1),0.2
Estimated Migration (Persons in April),2022,Female,Net migration,United States,0.7
Estimated Migration (Persons in April),2022,Female,Net migration,Canada,-0.8
Estimated Migration (Persons in April),2022,Female,Net migration,Australia,-0.2
Estimated Migration (Persons in April),2022,Female,Net migration,Other countries (23),29.1
Estimated Migration (Persons in April),2023,Both sexes,Immigrants: All origins,All countries,141.6
Estimated Migration (Persons in April),2023,Both sexes,Immigrants: All origins,EU14 excl Irl (countries in the EU pre 2004 excluding UK & Ireland),17.7
Estimated Migration (Persons in April),2023,Both sexes,Immigrants: All origins,EU15 to EU27 (accession countries joined post 2004),8.9
Estimated Migration (Persons in April),2023,Both sexes,Immigrants: All origins,United Kingdom (1),18.4
Estimated Migration (Persons in April),2023,Both sexes,Immigrants: All origins,United States,5.9
Estimated Migration (Persons in April),2023,Both sexes,Immigrants: All origins,Canada,7.2
Estimated Migration (Persons in April),2023,Both sexes,Immigrants: All origins,Australia,7.7
Estimated Migration (Persons in April),2023,Both sexes,Immigrants: All origins,Other countries (23),75.8
Estimated Migration (Persons in April),2023,Both sexes,Emigrants: All destinations,All countries,64.0
Estimated Migration (Persons in April),2023,Both sexes,Emigrants: All destinations,EU14 excl Irl (countries in the EU pre 2004 excluding UK & Ireland),13.9
Estimated Migration (Persons in April),2023,Both sexes,Emigrants: All destinations,EU15 to EU27 (accession countries joined post 2004),8.8
Estimated Migration (Persons in April),2023,Both sexes,Emigrants: All destinations,United Kingdom (1),14.6
Estimated Migration (Persons in April),2023,Both sexes,Emigrants: All destinations,United States,4.9
Estimated Migration (Persons in April),2023,Both sexes,Emigrants: All destinations,Canada,5.3
Estimated Migration (Persons in April),2023,Both sexes,Emigrants: All destinations,Australia,4.7
Estimated Migration (Persons in April),2023,Both sexes,Emigrants: All destinations,Other countries (23),11.7
Estimated Migration (Persons in April),2023,Both sexes,Net migration,All countries,77.7
Estimated Migration (Persons in April),2023,Both sexes,Net migration,EU14 excl Irl (countries in the EU pre 2004 excluding UK & Ireland),3.8
Estimated Migration (Persons in April),2023,Both sexes,Net migration,EU15 to EU27 (accession countries joined post 2004),0.1
Estimated Migration (Persons in April),2023,Both sexes,Net migration,United Kingdom (1),3.8
Estimated Migration (Persons in April),2023,Both sexes,Net migration,United States,1.0
Estimated Migration (Persons in April),2023,Both sexes,Net migration,Canada,1.9
Estimated Migration (Persons in April),2023,Both sexes,Net migration,Australia,3.0
Estimated Migration (Persons in April),2023,Both sexes,Net migration,Other countries (23),64.1
Estimated Migration (Persons in April),2023,Male,Immigrants: All origins,All countries,66.1
Estimated Migration (Persons in April),2023,Male,Immigrants: All origins,EU14 excl Irl (countries in the EU pre 2004 excluding UK & Ireland),8.9
Estimated Migration (Persons in April),2023,Male,Immigrants: All origins,EU15 to EU27 (accession countries joined post 2004),3.9
Estimated Migration (Persons in April),2023,Male,Immigrants: All origins,United Kingdom (1),9.0
Estimated Migration (Persons in April),2023,Male,Immigrants: All origins,United States,3.0
Estimated Migration (Persons in April),2023,Male,Immigrants: All origins,Canada,2.5
Estimated Migration (Persons in April),2023,Male,Immigrants: All origins,Australia,4.0
Estimated Migration (Persons in April),2023,Male,Immigrants: All origins,Other countries (23),34.8
Estimated Migration (Persons in April),2023,Male,Emigrants: All destinations,All countries,31.0
Estimated Migration (Persons in April),2023,Male,Emigrants: All destinations,EU14 excl Irl (countries in the EU pre 2004 excluding UK & Ireland),4.8
Estimated Migration (Persons in April),2023,Male,Emigrants: All destinations,EU15 to EU27 (accession countries joined post 2004),3.6
Estimated Migration (Persons in April),2023,Male,Emigrants: All destinations,United Kingdom (1),9.9
Estimated Migration (Persons in April),2023,Male,Emigrants: All destinations,United States,1.6
Estimated Migration (Persons in April),2023,Male,Emigrants: All destinations,Canada,3.5
Estimated Migration (Persons in April),2023,Male,Emigrants: All destinations,Australia,2.3
Estimated Migration (Persons in April),2023,Male,Emigrants: All destinations,Other countries (23),5.3
Estimated Migration (Persons in April),2023,Male,Net migration,All countries,35.1
Estimated Migration (Persons in April),2023,Male,Net migration,EU14 excl Irl (countries in the EU pre 2004 excluding UK & Ireland),4.1
Estimated Migration (Persons in April),2023,Male,Net migration,EU15 to EU27 (accession countries joined post 2004),0.3
Estimated Migration (Persons in April),2023,Male,Net migration,United Kingdom (1),-0.9
Estimated Migration (Persons in April),2023,Male,Net migration,United States,1.4
Estimated Migration (Persons in April),2023,Male,Net migration,Canada,-1.0
Estimated Migration (Persons in April),2023,Male,Net migration,Australia,1.7
Estimated Migration (Persons in April),2023,Male,Net migration,Other countries (23),29.5
Estimated Migration (Persons in April),2023,Female,Immigrants: All origins,All countries,75.5
Estimated Migration (Persons in April),2023,Female,Immigrants: All origins,EU14 excl Irl (countries in the EU pre 2004 excluding UK & Ireland),8.8
Estimated Migration (Persons in April),2023,Female,Immigrants: All origins,EU15 to EU27 (accession countries joined post 2004),5.0
Estimated Migration (Persons in April),2023,Female,Immigrants: All origins,United Kingdom (1),9.4
Estimated Migration (Persons in April),2023,Female,Immigrants: All origins,United States,2.9
Estimated Migration (Persons in April),2023,Female,Immigrants: All origins,Canada,4.7
Estimated Migration (Persons in April),2023,Female,Immigrants: All origins,Australia,3.7
Estimated Migration (Persons in April),2023,Female,Immigrants: All origins,Other countries (23),41.0
Estimated Migration (Persons in April),2023,Female,Emigrants: All destinations,All countries,32.9
Estimated Migration (Persons in April),2023,Female,Emigrants: All destinations,EU14 excl Irl (countries in the EU pre 2004 excluding UK & Ireland),9.1
Estimated Migration (Persons in April),2023,Female,Emigrants: All destinations,EU15 to EU27 (accession countries joined post 2004),5.2
Estimated Migration (Persons in April),2023,Female,Emigrants: All destinations,United Kingdom (1),4.7
Estimated Migration (Persons in April),2023,Female,Emigrants: All destinations,United States,3.3
Estimated Migration (Persons in April),2023,Female,Emigrants: All destinations,Canada,1.8
Estimated Migration (Persons in April),2023,Female,Emigrants: All destinations,Australia,2.4
Estimated Migration (Persons in April),2023,Female,Emigrants: All destinations,Other countries (23),6.4
Estimated Migration (Persons in April),2023,Female,Net migration,All countries,42.6
Estimated Migration (Persons in April),2023,Female,Net migration,EU14 excl Irl (countries in the EU pre 2004 excluding UK & Ireland),-0.3
Estimated Migration (Persons in April),2023,Female,Net migration,EU15 to EU27 (accession countries joined post 2004),-0.2
Estimated Migration (Persons in April),2023,Female,Net migration,United Kingdom (1),4.7
Estimated Migration (Persons in April),2023,Female,Net migration,United States,-0.4
Estimated Migration (Persons in April),2023,Female,Net migration,Canada,2.9
Estimated Migration (Persons in April),2023,Female,Net migration,Australia,1.3
Estimated Migration (Persons in April),2023,Female,Net migration,Other countries (23),34.6
Estimated Migration (Persons in April),2024,Both sexes,Immigrants: All origins,All countries,149.2
Estimated Migration (Persons in April),2024,Both sexes,Immigrants: All origins,EU14 excl Irl (countries in the EU pre 2004 excluding UK & Ireland),18.9
Estimated Migration (Persons in April),2024,Both sexes,Immigrants: All origins,EU15 to EU27 (accession countries joined post 2004),11.0
Estimated Migration (Persons in April),2024,Both sexes,Immigrants: All origins,United Kingdom (1),20.5
Estimated Migration (Persons in April),2024,Both sexes,Immigrants: All origins,United States,4.9
Estimated Migration (Persons in April),2024,Both sexes,Immigrants: All origins,Canada,3.0
Estimated Migration (Persons in April),2024,Both sexes,Immigrants: All origins,Australia,6.4
Estimated Migration (Persons in April),2024,Both sexes,Immigrants: All origins,Other countries (23),84.5
Estimated Migration (Persons in April),2024,Both sexes,Emigrants: All destinations,All countries,69.9
Estimated Migration (Persons in April),2024,Both sexes,Emigrants: All destinations,EU14 excl Irl (countries in the EU pre 2004 excluding UK & Ireland),14.9
Estimated Migration (Persons in April),2024,Both sexes,Emigrants: All destinations,EU15 to EU27 (accession countries joined post 2004),6.6
Estimated Migration (Persons in April),2024,Both sexes,Emigrants: All destinations,United Kingdom (1),15.2
Estimated Migration (Persons in April),2024,Both sexes,Emigrants: All destinations,United States,5.0
Estimated Migration (Persons in April),2024,Both sexes,Emigrants: All destinations,Canada,5.2
Estimated Migration (Persons in April),2024,Both sexes,Emigrants: All destinations,Australia,10.6
Estimated Migration (Persons in April),2024,Both sexes,Emigrants: All destinations,Other countries (23),12.6
Estimated Migration (Persons in April),2024,Both sexes,Net migration,All countries,79.3
Estimated Migration (Persons in April),2024,Both sexes,Net migration,EU14 excl Irl (countries in the EU pre 2004 excluding UK & Ireland),4.0
Estimated Migration (Persons in April),2024,Both sexes,Net migration,EU15 to EU27 (accession countries joined post 2004),4.4
Estimated Migration (Persons in April),2024,Both sexes,Net migration,United Kingdom (1),5.3
Estimated Migration (Persons in April),2024,Both sexes,Net migration,United States,-0.1
Estimated Migration (Persons in April),2024,Both sexes,Net migration,Canada,-2.2
Estimated Migration (Persons in April),2024,Both sexes,Net migration,Australia,-4.2
Estimated Migration (Persons in April),2024,Both sexes,Net migration,Other countries (23),71.9
Estimated Migration (Persons in April),2024,Male,Immigrants: All origins,All countries,71.4
Estimated Migration (Persons in April),2024,Male,Immigrants: All origins,EU14 excl Irl (countries in the EU pre 2004 excluding UK & Ireland),10.0
Estimated Migration (Persons in April),2024,Male,Immigrants: All origins,EU15 to EU27 (accession countries joined post 2004),6.7
Estimated Migration (Persons in April),2024,Male,Immigrants: All origins,United Kingdom (1),8.5
Estimated Migration (Persons in April),2024,Male,Immigrants: All origins,United States,2.7
Estimated Migration (Persons in April),2024,Male,Immigrants: All origins,Canada,1.3
Estimated Migration (Persons in April),2024,Male,Immigrants: All origins,Australia,3.0
Estimated Migration (Persons in April),2024,Male,Immigrants: All origins,Other countries (23),39.1
Estimated Migration (Persons in April),2024,Male,Emigrants: All destinations,All countries,30.1
Estimated Migration (Persons in April),2024,Male,Emigrants: All destinations,EU14 excl Irl (countries in the EU pre 2004 excluding UK & Ireland),5.8
Estimated Migration (Persons in April),2024,Male,Emigrants: All destinations,EU15 to EU27 (accession countries joined post 2004),3.4
Estimated Migration (Persons in April),2024,Male,Emigrants: All destinations,United Kingdom (1),5.1
Estimated Migration (Persons in April),2024,Male,Emigrants: All destinations,United States,1.5
Estimated Migration (Persons in April),2024,Male,Emigrants: All destinations,Canada,2.2
Estimated Migration (Persons in April),2024,Male,Emigrants: All destinations,Australia,5.4
Estimated Migration (Persons in April),2024,Male,Emigrants: All destinations,Other countries (23),6.8
Estimated Migration (Persons in April),2024,Male,Net migration,All countries,41.3
Estimated Migration (Persons in April),2024,Male,Net migration,EU14 excl Irl (countries in the EU pre 2004 excluding UK & Ireland),4.2
Estimated Migration (Persons in April),2024,Male,Net migration,EU15 to EU27 (accession countries joined post 2004),3.3
Estimated Migration (Persons in April),2024,Male,Net migration,United Kingdom (1),3.4
Estimated Migration (Persons in April),2024,Male,Net migration,United States,1.2
Estimated Migration (Persons in April),2024,Male,Net migration,Canada,-0.9
Estimated Migration (Persons in April),2024,Male,Net migration,Australia,-2.4
Estimated Migration (Persons in April),2024,Male,Net migration,Other countries (23),32.3
Estimated Migration (Persons in April),2024,Female,Immigrants: All origins,All countries,77.8
Estimated Migration (Persons in April),2024,Female,Immigrants: All origins,EU14 excl Irl (countries in the EU pre 2004 excluding UK & Ireland),8.9
Estimated Migration (Persons in April),2024,Female,Immigrants: All origins,EU15 to EU27 (accession countries joined post 2004),4.3
Estimated Migration (Persons in April),2024,Female,Immigrants: All origins,United Kingdom (1),12.0
Estimated Migration (Persons in April),2024,Female,Immigrants: All origins,United States,2.2
Estimated Migration (Persons in April),2024,Female,Immigrants: All origins,Canada,1.7
Estimated Migration (Persons in April),2024,Female,Immigrants: All origins,Australia,3.4
Estimated Migration (Persons in April),2024,Female,Immigrants: All origins,Other countries (23),45.4
Estimated Migration (Persons in April),2024,Female,Emigrants: All destinations,All countries,39.8
Estimated Migration (Persons in April),2024,Female,Emigrants: All destinations,EU14 excl Irl (countries in the EU pre 2004 excluding UK & Ireland),9.1
Estimated Migration (Persons in April),2024,Female,Emigrants: All destinations,EU15 to EU27 (accession countries joined post 2004),3.2
Estimated Migration (Persons in April),2024,Female,Emigrants: All destinations,United Kingdom (1),10.1
Estimated Migration (Persons in April),2024,Female,Emigrants: All destinations,United States,3.5
Estimated Migration (Persons in April),2024,Female,Emigrants: All destinations,Canada,3.0
Estimated Migration (Persons in April),2024,Female,Emigrants: All destinations,Australia,5.2
Estimated Migration (Persons in April),2024,Female,Emigrants: All destinations,Other countries (23),5.8
Estimated Migration (Persons in April),2024,Female,Net migration,All countries,38.0
Estimated Migration (Persons in April),2024,Female,Net migration,EU14 excl Irl (countries in the EU pre 2004 excluding UK & Ireland),-0.2
Estimated Migration (Persons in April),2024,Female,Net migration,EU15 to EU27 (accession countries joined post 2004),1.1
Estimated Migration (Persons in April),2024,Female,Net migration,United Kingdom (1),1.9
Estimated Migration (Persons in April),2024,Female,Net migration,United States,-1.3
Estimated Migration (Persons in April),2024,Female,Net migration,Canada,-1.3
Estimated Migration (Persons in April),2024,Female,Net migration,Australia,-1.8
Estimated Migration (Persons in April),2024,Female,Net migration,Other countries (23),39.6
Estimated Migration (Persons in April),2025,Both sexes,Immigrants: All origins,All countries,125.3
Estimated Migration (Persons in April),2025,Both sexes,Immigrants: All origins,EU14 excl Irl (countries in the EU pre 2004 excluding UK & Ireland),16.0
Estimated Migration (Persons in April),2025,Both sexes,Immigrants: All origins,EU15 to EU27 (accession countries joined post 2004),6.8
Estimated Migration (Persons in April),2025,Both sexes,Immigrants: All origins,United Kingdom (1),11.6
Estimated Migration (Persons in April),2025,Both sexes,Immigrants: All origins,United States,9.6
Estimated Migration (Persons in April),2025,Both sexes,Immigrants: All origins,Canada,3.2
Estimated Migration (Persons in April),2025,Both sexes,Immigrants: All origins,Australia,10.1
Estimated Migration (Persons in April),2025,Both sexes,Immigrants: All origins,Other countries (23),68.0
Estimated Migration (Persons in April),2025,Both sexes,Emigrants: All destinations,All countries,65.6
Estimated Migration (Persons in April),2025,Both sexes,Emigrants: All destinations,EU14 excl Irl (countries in the EU pre 2004 excluding UK & Ireland),13.1
Estimated Migration (Persons in April),2025,Both sexes,Emigrants: All destinations,EU15 to EU27 (accession countries joined post 2004),4.0
Estimated Migration (Persons in April),2025,Both sexes,Emigrants: All destinations,United Kingdom (1),12.6
Estimated Migration (Persons in April),2025,Both sexes,Emigrants: All destinations,United States,6.1
Estimated Migration (Persons in April),2025,Both sexes,Emigrants: All destinations,Canada,5.1
Estimated Migration (Persons in April),2025,Both sexes,Emigrants: All destinations,Australia,13.5
Estimated Migration (Persons in April),2025,Both sexes,Emigrants: All destinations,Other countries (23),11.1
Estimated Migration (Persons in April),2025,Both sexes,Net migration,All countries,59.7
Estimated Migration (Persons in April),2025,Both sexes,Net migration,EU14 excl Irl (countries in the EU pre 2004 excluding UK & Ireland),2.9
Estimated Migration (Persons in April),2025,Both sexes,Net migration,EU15 to EU27 (accession countries joined post 2004),2.8
Estimated Migration (Persons in April),2025,Both sexes,Net migration,United Kingdom (1),-1.0
Estimated Migration (Persons in April),2025,Both sexes,Net migration,United States,3.5
Estimated Migration (Persons in April),2025,Both sexes,Net migration,Canada,-1.9
Estimated Migration (Persons in April),2025,Both sexes,Net migration,Australia,-3.4
Estimated Migration (Persons in April),2025,Both sexes,Net migration,Other countries (23),56.9
Estimated Migration (Persons in April),2025,Male,Immigrants: All origins,All countries,68.0
Estimated Migration (Persons in April),2025,Male,Immigrants: All origins,EU14 excl Irl (countries in the EU pre 2004 excluding UK & Ireland),9.9
Estimated Migration (Persons in April),2025,Male,Immigrants: All origins,EU15 to EU27 (accession countries joined post 2004),3.4
Estimated Migration (Persons in April),2025,Male,Immigrants: All origins,United Kingdom (1),6.6
Estimated Migration (Persons in April),2025,Male,Immigrants: All origins,United States,5.1
Estimated Migration (Persons in April),2025,Male,Immigrants: All origins,Canada,1.6
Estimated Migration (Persons in April),2025,Male,Immigrants: All origins,Australia,4.8
Estimated Migration (Persons in April),2025,Male,Immigrants: All origins,Other countries (23),36.6
Estimated Migration (Persons in April),2025,Male,Emigrants: All destinations,All countries,31.4
Estimated Migration (Persons in April),2025,Male,Emigrants: All destinations,EU14 excl Irl (countries in the EU pre 2004 excluding UK & Ireland),7.7
Estimated Migration (Persons in April),2025,Male,Emigrants: All destinations,EU15 to EU27 (accession countries joined post 2004),1.7
Estimated Migration (Persons in April),2025,Male,Emigrants: All destinations,United Kingdom (1),4.9
Estimated Migration (Persons in April),2025,Male,Emigrants: All destinations,United States,4.3
Estimated Migration (Persons in April),2025,Male,Emigrants: All destinations,Canada,1.3
Estimated Migration (Persons in April),2025,Male,Emigrants: All destinations,Australia,5.8
Estimated Migration (Persons in April),2025,Male,Emigrants: All destinations,Other countries (23),5.7
Estimated Migration (Persons in April),2025,Male,Net migration,All countries,36.6
Estimated Migration (Persons in April),2025,Male,Net migration,EU14 excl Irl (countries in the EU pre 2004 excluding UK & Ireland),2.2
Estimated Migration (Persons in April),2025,Male,Net migration,EU15 to EU27 (accession countries joined post 2004),1.7
Estimated Migration (Persons in April),2025,Male,Net migration,United Kingdom (1),1.7
Estimated Migration (Persons in April),2025,Male,Net migration,United States,0.8
Estimated Migration (Persons in April),2025,Male,Net migration,Canada,0.3
Estimated Migration (Persons in April),2025,Male,Net migration,Australia,-1.0
Estimated Migration (Persons in April),2025,Male,Net migration,Other countries (23),30.9
Estimated Migration (Persons in April),2025,Female,Immigrants: All origins,All countries,57.3
Estimated Migration (Persons in April),2025,Female,Immigrants: All origins,EU14 excl Irl (countries in the EU pre 2004 excluding UK & Ireland),6.1
Estimated Migration (Persons in April),2025,Female,Immigrants: All origins,EU15 to EU27 (accession countries joined post 2004),3.4
Estimated Migration (Persons in April),2025,Female,Immigrants: All origins,United Kingdom (1),5.0
Estimated Migration (Persons in April),2025,Female,Immigrants: All origins,United States,4.5
Estimated Migration (Persons in April),2025,Female,Immigrants: All origins,Canada,1.6
Estimated Migration (Persons in April),2025,Female,Immigrants: All origins,Australia,5.3
Estimated Migration (Persons in April),2025,Female,Immigrants: All origins,Other countries (23),31.4
Estimated Migration (Persons in April),2025,Female,Emigrants: All destinations,All countries,34.2
Estimated Migration (Persons in April),2025,Female,Emigrants: All destinations,EU14 excl Irl (countries in the EU pre 2004 excluding UK & Ireland),5.4
Estimated Migration (Persons in April),2025,Female,Emigrants: All destinations,EU15 to EU27 (accession countries joined post 2004),2.3
Estimated Migration (Persons in April),2025,Female,Emigrants: All destinations,United Kingdom (1),7.7
Estimated Migration (Persons in April),2025,Female,Emigrants: All destinations,United States,1.8
Estimated Migration (Persons in April),2025,Female,Emigrants: All destinations,Canada,3.8
Estimated Migration (Persons in April),2025,Female,Emigrants: All destinations,Australia,7.7
Estimated Migration (Persons in April),2025,Female,Emigrants: All destinations,Other countries (23),5.4
Estimated Migration (Persons in April),2025,Female,Net migration,All countries,23.1
Estimated Migration (Persons in April),2025,Female,Net migration,EU14 excl Irl (countries in the EU pre 2004 excluding UK & Ireland),0.7
Estimated Migration (Persons in April),2025,Female,Net migration,EU15 to EU27 (accession countries joined post 2004),1.1
Estimated Migration (Persons in April),2025,Female,Net migration,United Kingdom (1),-2.7
Estimated Migration (Persons in April),2025,Female,Net migration,United States,2.7
Estimated Migration (Persons in April),2025,Female,Net migration,Canada,-2.2
Estimated Migration (Persons in April),2025,Female,Net migration,Australia,-2.4
Estimated Migration (Persons in April),2025,Female,Net migration,Other countries (23),26.0
Estimated Migration (Persons in April),2026,Both sexes,Immigrants: All origins,All countries,110.6
Estimated Migration (Persons in April),2026,Both sexes,Immigrants: All origins,EU14 excl Irl (countries in the EU pre 2004 excluding UK & Ireland),13.0
Estimated Migration (Persons in April),2026,Both sexes,Immigrants: All origins,EU15 to EU27 (accession countries joined post 2004),6.9
Estimated Migration (Persons in April),2026,Both sexes,Immigrants: All origins,United Kingdom (1),15.5
Estimated Migration (Persons in April),2026,Both sexes,Immigrants: All origins,United States,10.0
Estimated Migration (Persons in April),2026,Both sexes,Immigrants: All origins,Canada,4.7
Estimated Migration (Persons in April),2026,Both sexes,Immigrants: All origins,Australia,8.3
Estimated Migration (Persons in April),2026,Both sexes,Immigrants: All origins,Other countries (23),52.2
Estimated Migration (Persons in April),2026,Both sexes,Emigrants: All destinations,All countries,62.5
Estimated Migration (Persons in April),2026,Both sexes,Emigrants: All destinations,EU14 excl Irl (countries in the EU pre 2004 excluding UK & Ireland),14.6
Estimated Migration (Persons in April),2026,Both sexes,Emigrants: All destinations,EU15 to EU27 (accession countries joined post 2004),5.2
Estimated Migration (Persons in April),2026,Both sexes,Emigrants: All destinations,United Kingdom (1),10.6
Estimated Migration (Persons in April),2026,Both sexes,Emigrants: All destinations,United States,6.0
Estimated Migration (Persons in April),2026,Both sexes,Emigrants: All destinations,Canada,5.2
Estimated Migration (Persons in April),2026,Both sexes,Emigrants: All destinations,Australia,11.8
Estimated Migration (Persons in April),2026,Both sexes,Emigrants: All destinations,Other countries (23),9.3
Estimated Migration (Persons in April),2026,Both sexes,Net migration,All countries,48.1
Estimated Migration (Persons in April),2026,Both sexes,Net migration,EU14 excl Irl (countries in the EU pre 2004 excluding UK & Ireland),-1.6
Estimated Migration (Persons in April),2026,Both sexes,Net migration,EU15 to EU27 (accession countries joined post 2004),1.7
Estimated Migration (Persons in April),2026,Both sexes,Net migration,United Kingdom (1),4.9
Estimated Migration (Persons in April),2026,Both sexes,Net migration,United States,4.0
Estimated Migration (Persons in April),2026,Both sexes,Net migration,Canada,-0.5
Estimated Migration (Persons in April),2026,Both sexes,Net migration,Australia,-3.5
Estimated Migration (Persons in April),2026,Both sexes,Net migration,Other countries (23),42.9
Estimated Migration (Persons in April),2026,Male,Immigrants: All origins,All countries,58.4
Estimated Migration (Persons in April),2026,Male,Immigrants: All origins,EU14 excl Irl (countries in the EU pre 2004 excluding UK & Ireland),6.3
Estimated Migration (Persons in April),2026,Male,Immigrants: All origins,EU15 to EU27 (accession countries joined post 2004),3.6
Estimated Migration (Persons in April),2026,Male,Immigrants: All origins,United Kingdom (1),7.4
Estimated Migration (Persons in April),2026,Male,Immigrants: All origins,United States,5.4
Estimated Migration (Persons in April),2026,Male,Immigrants: All origins,Canada,2.9
Estimated Migration (Persons in April),2026,Male,Immigrants: All origins,Australia,4.3
Estimated Migration (Persons in April),2026,Male,Immigrants: All origins,Other countries (23),28.5
Estimated Migration (Persons in April),2026,Male,Emigrants: All destinations,All countries,30.4
Estimated Migration (Persons in April),2026,Male,Emigrants: All destinations,EU14 excl Irl (countries in the EU pre 2004 excluding UK & Ireland),6.4
Estimated Migration (Persons in April),2026,Male,Emigrants: All destinations,EU15 to EU27 (accession countries joined post 2004),3.8
Estimated Migration (Persons in April),2026,Male,Emigrants: All destinations,United Kingdom (1),5.3
Estimated Migration (Persons in April),2026,Male,Emigrants: All destinations,United States,3.0
Estimated Migration (Persons in April),2026,Male,Emigrants: All destinations,Canada,1.8
Estimated Migration (Persons in April),2026,Male,Emigrants: All destinations,Australia,5.2
Estimated Migration (Persons in April),2026,Male,Emigrants: All destinations,Other countries (23),5.0
Estimated Migration (Persons in April),2026,Male,Net migration,All countries,28.0
Estimated Migration (Persons in April),2026,Male,Net migration,EU14 excl Irl (countries in the EU pre 2004 excluding UK & Ireland),-0.1
Estimated Migration (Persons in April),2026,Male,Net migration,EU15 to EU27 (accession countries joined post 2004),-0.2
Estimated Migration (Persons in April),2026,Male,Net migration,United Kingdom (1),2.1
Estimated Migration (Persons in April),2026,Male,Net migration,United States,2.4
Estimated Migration (Persons in April),2026,Male,Net migration,Canada,1.1
Estimated Migration (Persons in April),2026,Male,Net migration,Australia,-0.9
Estimated Migration (Persons in April),2026,Male,Net migration,Other countries (23),23.5
Estimated Migration (Persons in April),2026,Female,Immigrants: All origins,All countries,52.2
Estimated Migration (Persons in April),2026,Female,Immigrants: All origins,EU14 excl Irl (countries in the EU pre 2004 excluding UK & Ireland),6.7
Estimated Migration (Persons in April),2026,Female,Immigrants: All origins,EU15 to EU27 (accession countries joined post 2004),3.3
Estimated Migration (Persons in April),2026,Female,Immigrants: All origins,United Kingdom (1),8.1
Estimated Migration (Persons in April),2026,Female,Immigrants: All origins,United States,4.6
Estimated Migration (Persons in April),2026,Female,Immigrants: All origins,Canada,1.8
Estimated Migration (Persons in April),2026,Female,Immigrants: All origins,Australia,4.0
Estimated Migration (Persons in April),2026,Female,Immigrants: All origins,Other countries (23),23.7
Estimated Migration (Persons in April),2026,Female,Emigrants: All destinations,All countries,32.1
Estimated Migration (Persons in April),2026,Female,Emigrants: All destinations,EU14 excl Irl (countries in the EU pre 2004 excluding UK & Ireland),8.2
Estimated Migration (Persons in April),2026,Female,Emigrants: All destinations,EU15 to EU27 (accession countries joined post 2004),1.4
Estimated Migration (Persons in April),2026,Female,Emigrants: All destinations,United Kingdom (1),5.3
Estimated Migration (Persons in April),2026,Female,Emigrants: All destinations,United States,3.0
Estimated Migration (Persons in April),2026,Female,Emigrants: All destinations,Canada,3.4
Estimated Migration (Persons in April),2026,Female,Emigrants: All destinations,Australia,6.6
Estimated Migration (Persons in April),2026,Female,Emigrants: All destinations,Other countries (23),4.3
Estimated Migration (Persons in April),2026,Female,Net migration,All countries,20.1
Estimated Migration (Persons in April),2026,Female,Net migration,EU14 excl Irl (countries in the EU pre 2004 excluding UK & Ireland),-1.5
Estimated Migration (Persons in April),2026,Female,Net migration,EU15 to EU27 (accession countries joined post 2004),1.9
Estimated Migration (Persons in April),2026,Female,Net migration,United Kingdom (1),2.8
Estimated Migration (Persons in April),2026,Female,Net migration,United States,1.6
Estimated Migration (Persons in April),2026,Female,Net migration,Canada,-1.6
Estimated Migration (Persons in April),2026,Female,Net migration,Australia,-2.6
Estimated Migration (Persons in April),2026,Female,Net migration,Other countries (23),19.4
