STATISTIC,Year,Age Group,Sex,Inward or Outward Flow,value
Estimated Migration (Persons in April),1987,All ages,Both sexes,Immigrants: All origins,17.2
Estimated Migration (Persons in April),1987,All ages,Both sexes,Emigrants: All destinations,40.2
Estimated Migration (Persons in April),1987,All ages,Both sexes,Net migration,-23.0
Estimated Migration (Persons in April),1987,0 - 14 years,Both sexes,Immigrants: All origins,3.1
Estimated Migration (Persons in April),1987,0 - 14 years,Both sexes,Emigrants: All destinations,2.8
Estimated Migration (Persons in April),1987,0 - 14 years,Male,Immigrants: All origins,1.3
Estimated Migration (Persons in April),1987,0 - 14 years,Male,Emigrants: All destinations,1.4
Estimated Migration (Persons in April),1987,0 - 14 years,Female,Immigrants: All origins,1.8
Estimated Migration (Persons in April),1987,0 - 14 years,Female,Emigrants: All destinations,1.3
Estimated Migration (Persons in April),1987,15 - 24 years,Both sexes,Immigrants: All origins,5.1
Estimated Migration (Persons in April),1987,15 - 24 years,Both sexes,Emigrants: All destinations,24.0
Estimated Migration (Persons in April),1987,15 - 24 years,Male,Immigrants: All origins,1.9
Estimated Migration (Persons in April),1987,15 - 24 years,Male,Emigrants: All destinations,12.3
Estimated Migration (Persons in April),1987,15 - 24 years,Female,Immigrants: All origins,3.2
Estimated Migration (Persons in April),1987,15 - 24 years,Female,Emigrants: All destinations,11.7
Estimated Migration (Persons in April),1987,25 - 44 years,Both sexes,Immigrants: All origins,6.1
Estimated Migration (Persons in April),1987,25 - 44 years,Both sexes,Emigrants: All destinations,11.8
Estimated Migration (Persons in April),1987,25 - 44 years,Male,Immigrants: All origins,3.4
Estimated Migration (Persons in April),1987,25 - 44 years,Male,Emigrants: All destinations,6.9
Estimated Migration (Persons in April),1987,25 - 44 years,Female,Immigrants: All origins,2.7
Estimated Migration (Persons in April),1987,25 - 44 years,Female,Emigrants: All destinations,4.9
Estimated Migration (Persons in April),1987,45 - 64 years,Both sexes,Immigrants: All origins,1.8
Estimated Migration (Persons in April),1987,45 - 64 years,Both sexes,Emigrants: All destinations,1.7
Estimated Migration (Persons in April),1987,45 - 64 years,Male,Immigrants: All origins,1.0
Estimated Migration (Persons in April),1987,45 - 64 years,Male,Emigrants: All destinations,1.0
Estimated Migration (Persons in April),1987,45 - 64 years,Female,Immigrants: All origins,0.8
Estimated Migration (Persons in April),1987,45 - 64 years,Female,Emigrants: All destinations,0.7
Estimated Migration (Persons in April),1987,65 years and over,Both sexes,Immigrants: All origins,1.1
Estimated Migration (Persons in April),1987,65 years and over,Both sexes,Emigrants: All destinations,0.0
Estimated Migration (Persons in April),1987,65 years and over,Male,Immigrants: All origins,0.5
Estimated Migration (Persons in April),1987,65 years and over,Male,Emigrants: All destinations,0.0
Estimated Migration (Persons in April),1987,65 years and over,Female,Immigrants: All origins,0.6
Estimated Migration (Persons in April),1987,65 years and over,Female,Emigrants: All destinations,0.0
Estimated Migration (Persons in April),1988,All ages,Both sexes,Immigrants: All origins,19.2
Estimated Migration (Persons in April),1988,All ages,Both sexes,Emigrants: All destinations,61.1
Estimated Migration (Persons in April),1988,All ages,Both sexes,Net migration,-41.9
Estimated Migration (Persons in April),1988,0 - 14 years,Both sexes,Immigrants: All origins,3.0
Estimated Migration (Persons in April),1988,0 - 14 years,Both sexes,Emigrants: All destinations,8.3
Estimated Migration (Persons in April),1988,0 - 14 years,Male,Immigrants: All origins,1.5
Estimated Migration (Persons in April),1988,0 - 14 years,Male,Emigrants: All destinations,4.3
Estimated Migration (Persons in April),1988,0 - 14 years,Female,Immigrants: All origins,1.5
Estimated Migration (Persons in April),1988,0 - 14 years,Female,Emigrants: All destinations,4.0
Estimated Migration (Persons in April),1988,15 - 24 years,Both sexes,Immigrants: All origins,5.4
Estimated Migration (Persons in April),1988,15 - 24 years,Both sexes,Emigrants: All destinations,31.2
Estimated Migration (Persons in April),1988,15 - 24 years,Male,Immigrants: All origins,2.4
Estimated Migration (Persons in April),1988,15 - 24 years,Male,Emigrants: All destinations,17.0
Estimated Migration (Persons in April),1988,15 - 24 years,Female,Immigrants: All origins,3.0
Estimated Migration (Persons in April),1988,15 - 24 years,Female,Emigrants: All destinations,14.3
Estimated Migration (Persons in April),1988,25 - 44 years,Both sexes,Immigrants: All origins,7.2
Estimated Migration (Persons in April),1988,25 - 44 years,Both sexes,Emigrants: All destinations,18.3
Estimated Migration (Persons in April),1988,25 - 44 years,Male,Immigrants: All origins,4.0
Estimated Migration (Persons in April),1988,25 - 44 years,Male,Emigrants: All destinations,11.0
Estimated Migration (Persons in April),1988,25 - 44 years,Female,Immigrants: All origins,3.2
Estimated Migration (Persons in April),1988,25 - 44 years,Female,Emigrants: All destinations,7.3
Estimated Migration (Persons in April),1988,45 - 64 years,Both sexes,Immigrants: All origins,2.2
Estimated Migration (Persons in April),1988,45 - 64 years,Both sexes,Emigrants: All destinations,3.2
Estimated Migration (Persons in April),1988,45 - 64 years,Male,Immigrants: All origins,1.1
Estimated Migration (Persons in April),1988,45 - 64 years,Male,Emigrants: All destinations,1.6
Estimated Migration (Persons in April),1988,45 - 64 years,Female,Immigrants: All origins,1.0
Estimated Migration (Persons in April),1988,45 - 64 years,Female,Emigrants: All destinations,1.6
Estimated Migration (Persons in April),1988,65 years and over,Both sexes,Immigrants: All origins,1.4
Estimated Migration (Persons in April),1988,65 years and over,Both sexes,Emigrants: All destinations,0.0
Estimated Migration (Persons in April),1988,65 years and over,Male,Immigrants: All origins,0.9
Estimated Migration (Persons in April),1988,65 years and over,Male,Emigrants: All destinations,0.0
Estimated Migration (Persons in April),1988,65 years and over,Female,Immigrants: All origins,0.5
Estimated Migration (Persons in April),1988,65 years and over,Female,Emigrants: All destinations,0.0
Estimated Migration (Persons in April),1989,All ages,Both sexes,Immigrants: All origins,26.7
Estimated Migration (Persons in April),1989,All ages,Both sexes,Emigrants: All destinations,70.6
Estimated Migration (Persons in April),1989,All ages,Both sexes,Net migration,-43.9
Estimated Migration (Persons in April),1989,0 - 14 years,Both sexes,Immigrants: All origins,4.4
Estimated Migration (Persons in April),1989,0 - 14 years,Both sexes,Emigrants: All destinations,7.8
Estimated Migration (Persons in April),1989,0 - 14 years,Male,Immigrants: All origins,2.3
Estimated Migration (Persons in April),1989,0 - 14 years,Male,Emigrants: All destinations,4.1
Estimated Migration (Persons in April),1989,0 - 14 years,Female,Immigrants: All origins,2.1
Estimated Migration (Persons in April),1989,0 - 14 years,Female,Emigrants: All destinations,3.7
Estimated Migration (Persons in April),1989,15 - 24 years,Both sexes,Immigrants: All origins,7.7
Estimated Migration (Persons in April),1989,15 - 24 years,Both sexes,Emigrants: All destinations,37.0
Estimated Migration (Persons in April),1989,15 - 24 years,Male,Immigrants: All origins,3.7
Estimated Migration (Persons in April),1989,15 - 24 years,Male,Emigrants: All destinations,19.2
Estimated Migration (Persons in April),1989,15 - 24 years,Female,Immigrants: All origins,4.0
Estimated Migration (Persons in April),1989,15 - 24 years,Female,Emigrants: All destinations,17.8
Estimated Migration (Persons in April),1989,25 - 44 years,Both sexes,Immigrants: All origins,10.6
Estimated Migration (Persons in April),1989,25 - 44 years,Both sexes,Emigrants: All destinations,21.9
Estimated Migration (Persons in April),1989,25 - 44 years,Male,Immigrants: All origins,5.8
Estimated Migration (Persons in April),1989,25 - 44 years,Male,Emigrants: All destinations,13.7
Estimated Migration (Persons in April),1989,25 - 44 years,Female,Immigrants: All origins,4.7
Estimated Migration (Persons in April),1989,25 - 44 years,Female,Emigrants: All destinations,8.2
Estimated Migration (Persons in April),1989,45 - 64 years,Both sexes,Immigrants: All origins,2.2
Estimated Migration (Persons in April),1989,45 - 64 years,Both sexes,Emigrants: All destinations,3.8
Estimated Migration (Persons in April),1989,45 - 64 years,Male,Immigrants: All origins,0.8
Estimated Migration (Persons in April),1989,45 - 64 years,Male,Emigrants: All destinations,2.2
Estimated Migration (Persons in April),1989,45 - 64 years,Female,Immigrants: All origins,1.4
Estimated Migration (Persons in April),1989,45 - 64 years,Female,Emigrants: All destinations,1.5
Estimated Migration (Persons in April),1989,65 years and over,Both sexes,Immigrants: All origins,1.8
Estimated Migration (Persons in April),1989,65 years and over,Both sexes,Emigrants: All destinations,0.0
Estimated Migration (Persons in April),1989,65 years and over,Male,Immigrants: All origins,1.0
Estimated Migration (Persons in April),1989,65 years and over,Male,Emigrants: All destinations,0.0
Estimated Migration (Persons in April),1989,65 years and over,Female,Immigrants: All origins,0.9
Estimated Migration (Persons in April),1989,65 years and over,Female,Emigrants: All destinations,0.0
Estimated Migration (Persons in April),1990,All ages,Both sexes,Immigrants: All origins,33.3
Estimated Migration (Persons in April),1990,All ages,Both sexes,Emigrants: All destinations,56.3
Estimated Migration (Persons in April),1990,All ages,Both sexes,Net migration,-22.9
Estimated Migration (Persons in April),1990,0 - 14 years,Both sexes,Immigrants: All origins,5.2
Estimated Migration (Persons in April),1990,0 - 14 years,Both sexes,Emigrants: All destinations,6.7
Estimated Migration (Persons in April),1990,0 - 14 years,Male,Immigrants: All origins,2.7
Estimated Migration (Persons in April),1990,0 - 14 years,Male,Emigrants: All destinations,3.6
Estimated Migration (Persons in April),1990,0 - 14 years,Female,Immigrants: All origins,2.5
Estimated Migration (Persons in April),1990,0 - 14 years,Female,Emigrants: All destinations,3.1
Estimated Migration (Persons in April),1990,15 - 24 years,Both sexes,Immigrants: All origins,10.1
Estimated Migration (Persons in April),1990,15 - 24 years,Both sexes,Emigrants: All destinations,30.8
Estimated Migration (Persons in April),1990,15 - 24 years,Male,Immigrants: All origins,4.7
Estimated Migration (Persons in April),1990,15 - 24 years,Male,Emigrants: All destinations,14.3
Estimated Migration (Persons in April),1990,15 - 24 years,Female,Immigrants: All origins,5.4
Estimated Migration (Persons in April),1990,15 - 24 years,Female,Emigrants: All destinations,16.5
Estimated Migration (Persons in April),1990,25 - 44 years,Both sexes,Immigrants: All origins,14.0
Estimated Migration (Persons in April),1990,25 - 44 years,Both sexes,Emigrants: All destinations,16.9
Estimated Migration (Persons in April),1990,25 - 44 years,Male,Immigrants: All origins,8.0
Estimated Migration (Persons in April),1990,25 - 44 years,Male,Emigrants: All destinations,9.7
Estimated Migration (Persons in April),1990,25 - 44 years,Female,Immigrants: All origins,5.9
Estimated Migration (Persons in April),1990,25 - 44 years,Female,Emigrants: All destinations,7.2
Estimated Migration (Persons in April),1990,45 - 64 years,Both sexes,Immigrants: All origins,2.7
Estimated Migration (Persons in April),1990,45 - 64 years,Both sexes,Emigrants: All destinations,1.9
Estimated Migration (Persons in April),1990,45 - 64 years,Male,Immigrants: All origins,1.5
Estimated Migration (Persons in April),1990,45 - 64 years,Male,Emigrants: All destinations,1.0
Estimated Migration (Persons in April),1990,45 - 64 years,Female,Immigrants: All origins,1.2
Estimated Migration (Persons in April),1990,45 - 64 years,Female,Emigrants: All destinations,0.9
Estimated Migration (Persons in April),1990,65 years and over,Both sexes,Immigrants: All origins,1.4
Estimated Migration (Persons in April),1990,65 years and over,Both sexes,Emigrants: All destinations,0.0
Estimated Migration (Persons in April),1990,65 years and over,Male,Immigrants: All origins,0.8
Estimated Migration (Persons in April),1990,65 years and over,Male,Emigrants: All destinations,0.0
Estimated Migration (Persons in April),1990,65 years and over,Female,Immigrants: All origins,0.5
Estimated Migration (Persons in April),1990,65 years and over,Female,Emigrants: All destinations,0.0
Estimated Migration (Persons in April),1991,All ages,Both sexes,Immigrants: All origins,33.3
Estimated Migration (Persons in April),1991,All ages,Both sexes,Emigrants: All destinations,35.3
Estimated Migration (Persons in April),1991,All ages,Both sexes,Net migration,-2.0
Estimated Migration (Persons in April),1991,0 - 14 years,Both sexes,Immigrants: All origins,5.2
Estimated Migration (Persons in April),1991,0 - 14 years,Both sexes,Emigrants: All destinations,4.6
Estimated Migration (Persons in April),1991,0 - 14 years,Male,Immigrants: All origins,2.7
Estimated Migration (Persons in April),1991,0 - 14 years,Male,Emigrants: All destinations,2.3
Estimated Migration (Persons in April),1991,0 - 14 years,Female,Immigrants: All origins,2.6
Estimated Migration (Persons in April),1991,0 - 14 years,Female,Emigrants: All destinations,2.3
Estimated Migration (Persons in April),1991,15 - 24 years,Both sexes,Immigrants: All origins,9.3
Estimated Migration (Persons in April),1991,15 - 24 years,Both sexes,Emigrants: All destinations,19.9
Estimated Migration (Persons in April),1991,15 - 24 years,Male,Immigrants: All origins,4.5
Estimated Migration (Persons in April),1991,15 - 24 years,Male,Emigrants: All destinations,9.5
Estimated Migration (Persons in April),1991,15 - 24 years,Female,Immigrants: All origins,4.8
Estimated Migration (Persons in April),1991,15 - 24 years,Female,Emigrants: All destinations,10.4
Estimated Migration (Persons in April),1991,25 - 44 years,Both sexes,Immigrants: All origins,14.6
Estimated Migration (Persons in April),1991,25 - 44 years,Both sexes,Emigrants: All destinations,10.5
Estimated Migration (Persons in April),1991,25 - 44 years,Male,Immigrants: All origins,8.0
Estimated Migration (Persons in April),1991,25 - 44 years,Male,Emigrants: All destinations,5.8
Estimated Migration (Persons in April),1991,25 - 44 years,Female,Immigrants: All origins,6.5
Estimated Migration (Persons in April),1991,25 - 44 years,Female,Emigrants: All destinations,4.7
Estimated Migration (Persons in April),1991,45 - 64 years,Both sexes,Immigrants: All origins,2.5
Estimated Migration (Persons in April),1991,45 - 64 years,Both sexes,Emigrants: All destinations,0.4
Estimated Migration (Persons in April),1991,45 - 64 years,Male,Immigrants: All origins,1.4
Estimated Migration (Persons in April),1991,45 - 64 years,Male,Emigrants: All destinations,0.1
Estimated Migration (Persons in April),1991,45 - 64 years,Female,Immigrants: All origins,1.1
Estimated Migration (Persons in April),1991,45 - 64 years,Female,Emigrants: All destinations,0.3
Estimated Migration (Persons in April),1991,65 years and over,Both sexes,Immigrants: All origins,1.7
Estimated Migration (Persons in April),1991,65 years and over,Both sexes,Emigrants: All destinations,0.0
Estimated Migration (Persons in April),1991,65 years and over,Male,Immigrants: All origins,0.9
Estimated Migration (Persons in April),1991,65 years and over,Male,Emigrants: All destinations,0.0
Estimated Migration (Persons in April),1991,65 years and over,Female,Immigrants: All origins,0.8
Estimated Migration (Persons in April),1991,65 years and over,Female,Emigrants: All destinations,0.0
Estimated Migration (Persons in April),1992,All ages,Both sexes,Immigrants: All origins,40.7
Estimated Migration (Persons in April),1992,All ages,Both sexes,Emigrants: All destinations,33.4
Estimated Migration (Persons in April),1992,All ages,Both sexes,Net migration,7.4
Estimated Migration (Persons in April),1992,0 - 14 years,Both sexes,Immigrants: All origins,6.2
Estimated Migration (Persons in April),1992,0 - 14 years,Both sexes,Emigrants: All destinations,0.7
Estimated Migration (Persons in April),1992,0 - 14 years,Male,Immigrants: All origins,3.4
Estimated Migration (Persons in April),1992,0 - 14 years,Male,Emigrants: All destinations,0.3
Estimated Migration (Persons in April),1992,0 - 14 years,Female,Immigrants: All origins,2.8
Estimated Migration (Persons in April),1992,0 - 14 years,Female,Emigrants: All destinations,0.4
Estimated Migration (Persons in April),1992,15 - 24 years,Both sexes,Immigrants: All origins,12.5
Estimated Migration (Persons in April),1992,15 - 24 years,Both sexes,Emigrants: All destinations,22.5
Estimated Migration (Persons in April),1992,15 - 24 years,Male,Immigrants: All origins,6.0
Estimated Migration (Persons in April),1992,15 - 24 years,Male,Emigrants: All destinations,10.8
Estimated Migration (Persons in April),1992,15 - 24 years,Female,Immigrants: All origins,6.5
Estimated Migration (Persons in April),1992,15 - 24 years,Female,Emigrants: All destinations,11.7
Estimated Migration (Persons in April),1992,25 - 44 years,Both sexes,Immigrants: All origins,16.5
Estimated Migration (Persons in April),1992,25 - 44 years,Both sexes,Emigrants: All destinations,8.8
Estimated Migration (Persons in April),1992,25 - 44 years,Male,Immigrants: All origins,9.3
Estimated Migration (Persons in April),1992,25 - 44 years,Male,Emigrants: All destinations,5.8
Estimated Migration (Persons in April),1992,25 - 44 years,Female,Immigrants: All origins,7.2
Estimated Migration (Persons in April),1992,25 - 44 years,Female,Emigrants: All destinations,3.0
Estimated Migration (Persons in April),1992,45 - 64 years,Both sexes,Immigrants: All origins,4.1
Estimated Migration (Persons in April),1992,45 - 64 years,Both sexes,Emigrants: All destinations,1.2
Estimated Migration (Persons in April),1992,45 - 64 years,Male,Immigrants: All origins,2.4
Estimated Migration (Persons in April),1992,45 - 64 years,Male,Emigrants: All destinations,0.5
Estimated Migration (Persons in April),1992,45 - 64 years,Female,Immigrants: All origins,1.7
Estimated Migration (Persons in April),1992,45 - 64 years,Female,Emigrants: All destinations,0.7
Estimated Migration (Persons in April),1992,65 years and over,Both sexes,Immigrants: All origins,1.4
Estimated Migration (Persons in April),1992,65 years and over,Both sexes,Emigrants: All destinations,0.2
Estimated Migration (Persons in April),1992,65 years and over,Male,Immigrants: All origins,0.8
Estimated Migration (Persons in April),1992,65 years and over,Male,Emigrants: All destinations,0.0
Estimated Migration (Persons in April),1992,65 years and over,Female,Immigrants: All origins,0.6
Estimated Migration (Persons in April),1992,65 years and over,Female,Emigrants: All destinations,0.2
Estimated Migration (Persons in April),1993,All ages,Both sexes,Immigrants: All origins,34.7
Estimated Migration (Persons in April),1993,All ages,Both sexes,Emigrants: All destinations,35.1
Estimated Migration (Persons in April),1993,All ages,Both sexes,Net migration,-0.4
Estimated Migration (Persons in April),1993,0 - 14 years,Both sexes,Immigrants: All origins,5.6
Estimated Migration (Persons in April),1993,0 - 14 years,Both sexes,Emigrants: All destinations,1.1
Estimated Migration (Persons in April),1993,0 - 14 years,Male,Immigrants: All origins,2.9
Estimated Migration (Persons in April),1993,0 - 14 years,Male,Emigrants: All destinations,0.6
Estimated Migration (Persons in April),1993,0 - 14 years,Female,Immigrants: All origins,2.6
Estimated Migration (Persons in April),1993,0 - 14 years,Female,Emigrants: All destinations,0.5
Estimated Migration (Persons in April),1993,15 - 24 years,Both sexes,Immigrants: All origins,10.3
Estimated Migration (Persons in April),1993,15 - 24 years,Both sexes,Emigrants: All destinations,23.6
Estimated Migration (Persons in April),1993,15 - 24 years,Male,Immigrants: All origins,4.2
Estimated Migration (Persons in April),1993,15 - 24 years,Male,Emigrants: All destinations,10.9
Estimated Migration (Persons in April),1993,15 - 24 years,Female,Immigrants: All origins,6.0
Estimated Migration (Persons in April),1993,15 - 24 years,Female,Emigrants: All destinations,12.7
Estimated Migration (Persons in April),1993,25 - 44 years,Both sexes,Immigrants: All origins,14.5
Estimated Migration (Persons in April),1993,25 - 44 years,Both sexes,Emigrants: All destinations,9.1
Estimated Migration (Persons in April),1993,25 - 44 years,Male,Immigrants: All origins,7.8
Estimated Migration (Persons in April),1993,25 - 44 years,Male,Emigrants: All destinations,5.7
Estimated Migration (Persons in April),1993,25 - 44 years,Female,Immigrants: All origins,6.6
Estimated Migration (Persons in April),1993,25 - 44 years,Female,Emigrants: All destinations,3.4
Estimated Migration (Persons in April),1993,45 - 64 years,Both sexes,Immigrants: All origins,3.6
Estimated Migration (Persons in April),1993,45 - 64 years,Both sexes,Emigrants: All destinations,1.2
Estimated Migration (Persons in April),1993,45 - 64 years,Male,Immigrants: All origins,2.0
Estimated Migration (Persons in April),1993,45 - 64 years,Male,Emigrants: All destinations,0.4
Estimated Migration (Persons in April),1993,45 - 64 years,Female,Immigrants: All origins,1.6
Estimated Migration (Persons in April),1993,45 - 64 years,Female,Emigrants: All destinations,0.8
Estimated Migration (Persons in April),1993,65 years and over,Both sexes,Immigrants: All origins,0.8
Estimated Migration (Persons in April),1993,65 years and over,Both sexes,Emigrants: All destinations,0.2
Estimated Migration (Persons in April),1993,65 years and over,Male,Immigrants: All origins,0.5
Estimated Migration (Persons in April),1993,65 years and over,Male,Emigrants: All destinations,0.1
Estimated Migration (Persons in April),1993,65 years and over,Female,Immigrants: All origins,0.4
Estimated Migration (Persons in April),1993,65 years and over,Female,Emigrants: All destinations,0.1
Estimated Migration (Persons in April),1994,All ages,Both sexes,Immigrants: All origins,30.1
Estimated Migration (Persons in April),1994,All ages,Both sexes,Emigrants: All destinations,34.8
Estimated Migration (Persons in April),1994,All ages,Both sexes,Net migration,-4.7
Estimated Migration (Persons in April),1994,0 - 14 years,Both sexes,Immigrants: All origins,4.4
Estimated Migration (Persons in April),1994,0 - 14 years,Both sexes,Emigrants: All destinations,1.4
Estimated Migration (Persons in April),1994,0 - 14 years,Male,Immigrants: All origins,2.4
Estimated Migration (Persons in April),1994,0 - 14 years,Male,Emigrants: All destinations,0.6
Estimated Migration (Persons in April),1994,0 - 14 years,Female,Immigrants: All origins,2.0
Estimated Migration (Persons in April),1994,0 - 14 years,Female,Emigrants: All destinations,0.7
Estimated Migration (Persons in April),1994,15 - 24 years,Both sexes,Immigrants: All origins,9.7
Estimated Migration (Persons in April),1994,15 - 24 years,Both sexes,Emigrants: All destinations,24.6
Estimated Migration (Persons in April),1994,15 - 24 years,Male,Immigrants: All origins,4.0
Estimated Migration (Persons in April),1994,15 - 24 years,Male,Emigrants: All destinations,11.6
Estimated Migration (Persons in April),1994,15 - 24 years,Female,Immigrants: All origins,5.7
Estimated Migration (Persons in April),1994,15 - 24 years,Female,Emigrants: All destinations,13.0
Estimated Migration (Persons in April),1994,25 - 44 years,Both sexes,Immigrants: All origins,12.1
Estimated Migration (Persons in April),1994,25 - 44 years,Both sexes,Emigrants: All destinations,8.2
Estimated Migration (Persons in April),1994,25 - 44 years,Male,Immigrants: All origins,6.3
Estimated Migration (Persons in April),1994,25 - 44 years,Male,Emigrants: All destinations,5.3
Estimated Migration (Persons in April),1994,25 - 44 years,Female,Immigrants: All origins,5.8
Estimated Migration (Persons in April),1994,25 - 44 years,Female,Emigrants: All destinations,2.9
Estimated Migration (Persons in April),1994,45 - 64 years,Both sexes,Immigrants: All origins,3.1
Estimated Migration (Persons in April),1994,45 - 64 years,Both sexes,Emigrants: All destinations,0.6
Estimated Migration (Persons in April),1994,45 - 64 years,Male,Immigrants: All origins,1.6
Estimated Migration (Persons in April),1994,45 - 64 years,Male,Emigrants: All destinations,0.0
Estimated Migration (Persons in April),1994,45 - 64 years,Female,Immigrants: All origins,1.4
Estimated Migration (Persons in April),1994,45 - 64 years,Female,Emigrants: All destinations,0.6
Estimated Migration (Persons in April),1994,65 years and over,Both sexes,Immigrants: All origins,0.9
Estimated Migration (Persons in April),1994,65 years and over,Both sexes,Emigrants: All destinations,0.0
Estimated Migration (Persons in April),1994,65 years and over,Male,Immigrants: All origins,0.4
Estimated Migration (Persons in April),1994,65 years and over,Male,Emigrants: All destinations,0.0
Estimated Migration (Persons in April),1994,65 years and over,Female,Immigrants: All origins,0.4
Estimated Migration (Persons in April),1994,65 years and over,Female,Emigrants: All destinations,0.0
Estimated Migration (Persons in April),1995,All ages,Both sexes,Immigrants: All origins,31.2
Estimated Migration (Persons in April),1995,All ages,Both sexes,Emigrants: All destinations,33.1
Estimated Migration (Persons in April),1995,All ages,Both sexes,Net migration,-1.9
Estimated Migration (Persons in April),1995,0 - 14 years,Both sexes,Immigrants: All origins,5.3
Estimated Migration (Persons in April),1995,0 - 14 years,Both sexes,Emigrants: All destinations,1.2
Estimated Migration (Persons in April),1995,0 - 14 years,Male,Immigrants: All origins,2.6
Estimated Migration (Persons in April),1995,0 - 14 years,Male,Emigrants: All destinations,0.6
Estimated Migration (Persons in April),1995,0 - 14 years,Female,Immigrants: All origins,2.7
Estimated Migration (Persons in April),1995,0 - 14 years,Female,Emigrants: All destinations,0.6
Estimated Migration (Persons in April),1995,15 - 24 years,Both sexes,Immigrants: All origins,8.0
Estimated Migration (Persons in April),1995,15 - 24 years,Both sexes,Emigrants: All destinations,22.6
Estimated Migration (Persons in April),1995,15 - 24 years,Male,Immigrants: All origins,3.2
Estimated Migration (Persons in April),1995,15 - 24 years,Male,Emigrants: All destinations,11.8
Estimated Migration (Persons in April),1995,15 - 24 years,Female,Immigrants: All origins,4.8
Estimated Migration (Persons in April),1995,15 - 24 years,Female,Emigrants: All destinations,10.8
Estimated Migration (Persons in April),1995,25 - 44 years,Both sexes,Immigrants: All origins,14.6
Estimated Migration (Persons in April),1995,25 - 44 years,Both sexes,Emigrants: All destinations,8.5
Estimated Migration (Persons in April),1995,25 - 44 years,Male,Immigrants: All origins,7.5
Estimated Migration (Persons in April),1995,25 - 44 years,Male,Emigrants: All destinations,5.5
Estimated Migration (Persons in April),1995,25 - 44 years,Female,Immigrants: All origins,7.1
Estimated Migration (Persons in April),1995,25 - 44 years,Female,Emigrants: All destinations,2.9
Estimated Migration (Persons in April),1995,45 - 64 years,Both sexes,Immigrants: All origins,2.6
Estimated Migration (Persons in April),1995,45 - 64 years,Both sexes,Emigrants: All destinations,0.8
Estimated Migration (Persons in April),1995,45 - 64 years,Male,Immigrants: All origins,1.3
Estimated Migration (Persons in April),1995,45 - 64 years,Male,Emigrants: All destinations,0.3
Estimated Migration (Persons in April),1995,45 - 64 years,Female,Immigrants: All origins,1.3
Estimated Migration (Persons in April),1995,45 - 64 years,Female,Emigrants: All destinations,0.5
Estimated Migration (Persons in April),1995,65 years and over,Both sexes,Immigrants: All origins,0.7
Estimated Migration (Persons in April),1995,65 years and over,Both sexes,Emigrants: All destinations,0.0
Estimated Migration (Persons in April),1995,65 years and over,Male,Immigrants: All origins,0.2
Estimated Migration (Persons in April),1995,65 years and over,Male,Emigrants: All destinations,0.0
Estimated Migration (Persons in April),1995,65 years and over,Female,Immigrants: All origins,0.5
Estimated Migration (Persons in April),1995,65 years and over,Female,Emigrants: All destinations,0.0
Estimated Migration (Persons in April),1996,All ages,Both sexes,Immigrants: All origins,39.2
Estimated Migration (Persons in April),1996,All ages,Both sexes,Emigrants: All destinations,31.2
Estimated Migration (Persons in April),1996,All ages,Both sexes,Net migration,8.0
Estimated Migration (Persons in April),1996,0 - 14 years,Both sexes,Immigrants: All origins,6.6
Estimated Migration (Persons in April),1996,0 - 14 years,Both sexes,Emigrants: All destinations,0.9
Estimated Migration (Persons in April),1996,0 - 14 years,Male,Immigrants: All origins,3.1
Estimated Migration (Persons in April),1996,0 - 14 years,Male,Emigrants: All destinations,0.4
Estimated Migration (Persons in April),1996,0 - 14 years,Female,Immigrants: All origins,3.6
Estimated Migration (Persons in April),1996,0 - 14 years,Female,Emigrants: All destinations,0.6
Estimated Migration (Persons in April),1996,15 - 24 years,Both sexes,Immigrants: All origins,10.9
Estimated Migration (Persons in April),1996,15 - 24 years,Both sexes,Emigrants: All destinations,21.4
Estimated Migration (Persons in April),1996,15 - 24 years,Male,Immigrants: All origins,4.2
Estimated Migration (Persons in April),1996,15 - 24 years,Male,Emigrants: All destinations,9.8
Estimated Migration (Persons in April),1996,15 - 24 years,Female,Immigrants: All origins,6.7
Estimated Migration (Persons in April),1996,15 - 24 years,Female,Emigrants: All destinations,11.7
Estimated Migration (Persons in April),1996,25 - 44 years,Both sexes,Immigrants: All origins,16.9
Estimated Migration (Persons in April),1996,25 - 44 years,Both sexes,Emigrants: All destinations,8.1
Estimated Migration (Persons in April),1996,25 - 44 years,Male,Immigrants: All origins,8.7
Estimated Migration (Persons in April),1996,25 - 44 years,Male,Emigrants: All destinations,5.1
Estimated Migration (Persons in April),1996,25 - 44 years,Female,Immigrants: All origins,8.1
Estimated Migration (Persons in April),1996,25 - 44 years,Female,Emigrants: All destinations,3.0
Estimated Migration (Persons in April),1996,45 - 64 years,Both sexes,Immigrants: All origins,3.6
Estimated Migration (Persons in April),1996,45 - 64 years,Both sexes,Emigrants: All destinations,0.7
Estimated Migration (Persons in April),1996,45 - 64 years,Male,Immigrants: All origins,2.2
Estimated Migration (Persons in April),1996,45 - 64 years,Male,Emigrants: All destinations,0.0
Estimated Migration (Persons in April),1996,45 - 64 years,Female,Immigrants: All origins,1.3
Estimated Migration (Persons in April),1996,45 - 64 years,Female,Emigrants: All destinations,0.7
Estimated Migration (Persons in April),1996,65 years and over,Both sexes,Immigrants: All origins,1.2
Estimated Migration (Persons in April),1996,65 years and over,Both sexes,Emigrants: All destinations,0.0
Estimated Migration (Persons in April),1996,65 years and over,Male,Immigrants: All origins,0.6
Estimated Migration (Persons in April),1996,65 years and over,Male,Emigrants: All destinations,0.0
Estimated Migration (Persons in April),1996,65 years and over,Female,Immigrants: All origins,0.6
Estimated Migration (Persons in April),1996,65 years and over,Female,Emigrants: All destinations,0.0
Estimated Migration (Persons in April),1997,All ages,Both sexes,Immigrants: All origins,44.5
Estimated Migration (Persons in April),1997,All ages,Both sexes,Emigrants: All destinations,25.3
Estimated Migration (Persons in April),1997,All ages,Both sexes,Net migration,19.2
Estimated Migration (Persons in April),1997,0 - 14 years,Both sexes,Immigrants: All origins,6.4
Estimated Migration (Persons in April),1997,0 - 14 years,Both sexes,Emigrants: All destinations,0.3
Estimated Migration (Persons in April),1997,0 - 14 years,Male,Immigrants: All origins,2.9
Estimated Migration (Persons in April),1997,0 - 14 years,Male,Emigrants: All destinations,0.1
Estimated Migration (Persons in April),1997,0 - 14 years,Female,Immigrants: All origins,3.5
Estimated Migration (Persons in April),1997,0 - 14 years,Female,Emigrants: All destinations,0.2
Estimated Migration (Persons in April),1997,15 - 24 years,Both sexes,Immigrants: All origins,13.8
Estimated Migration (Persons in April),1997,15 - 24 years,Both sexes,Emigrants: All destinations,19.4
Estimated Migration (Persons in April),1997,15 - 24 years,Male,Immigrants: All origins,5.9
Estimated Migration (Persons in April),1997,15 - 24 years,Male,Emigrants: All destinations,9.0
Estimated Migration (Persons in April),1997,15 - 24 years,Female,Immigrants: All origins,7.8
Estimated Migration (Persons in April),1997,15 - 24 years,Female,Emigrants: All destinations,10.4
Estimated Migration (Persons in April),1997,25 - 44 years,Both sexes,Immigrants: All origins,18.2
Estimated Migration (Persons in April),1997,25 - 44 years,Both sexes,Emigrants: All destinations,5.6
Estimated Migration (Persons in April),1997,25 - 44 years,Male,Immigrants: All origins,9.6
Estimated Migration (Persons in April),1997,25 - 44 years,Male,Emigrants: All destinations,3.4
Estimated Migration (Persons in April),1997,25 - 44 years,Female,Immigrants: All origins,8.6
Estimated Migration (Persons in April),1997,25 - 44 years,Female,Emigrants: All destinations,2.2
Estimated Migration (Persons in April),1997,45 - 64 years,Both sexes,Immigrants: All origins,4.7
Estimated Migration (Persons in April),1997,45 - 64 years,Both sexes,Emigrants: All destinations,0.0
Estimated Migration (Persons in April),1997,45 - 64 years,Male,Immigrants: All origins,2.7
Estimated Migration (Persons in April),1997,45 - 64 years,Male,Emigrants: All destinations,0.0
Estimated Migration (Persons in April),1997,45 - 64 years,Female,Immigrants: All origins,2.0
Estimated Migration (Persons in April),1997,45 - 64 years,Female,Emigrants: All destinations,0.0
Estimated Migration (Persons in April),1997,65 years and over,Both sexes,Immigrants: All origins,1.5
Estimated Migration (Persons in April),1997,65 years and over,Both sexes,Emigrants: All destinations,0.0
Estimated Migration (Persons in April),1997,65 years and over,Male,Immigrants: All origins,0.8
Estimated Migration (Persons in April),1997,65 years and over,Male,Emigrants: All destinations,0.0
Estimated Migration (Persons in April),1997,65 years and over,Female,Immigrants: All origins,0.7
Estimated Migration (Persons in April),1997,65 years and over,Female,Emigrants: All destinations,0.0
Estimated Migration (Persons in April),1998,All ages,Both sexes,Immigrants: All origins,46.0
Estimated Migration (Persons in April),1998,All ages,Both sexes,Emigrants: All destinations,28.6
Estimated Migration (Persons in April),1998,All ages,Both sexes,Net migration,17.4
Estimated Migration (Persons in April),1998,0 - 14 years,Both sexes,Immigrants: All origins,7.5
Estimated Migration (Persons in April),1998,0 - 14 years,Both sexes,Emigrants: All destinations,1.6
Estimated Migration (Persons in April),1998,0 - 14 years,Male,Immigrants: All origins,3.4
Estimated Migration (Persons in April),1998,0 - 14 years,Male,Emigrants: All destinations,0.4
Estimated Migration (Persons in April),1998,0 - 14 years,Female,Immigrants: All origins,4.1
Estimated Migration (Persons in April),1998,0 - 14 years,Female,Emigrants: All destinations,1.2
Estimated Migration (Persons in April),1998,15 - 24 years,Both sexes,Immigrants: All origins,12.4
Estimated Migration (Persons in April),1998,15 - 24 years,Both sexes,Emigrants: All destinations,21.1
Estimated Migration (Persons in April),1998,15 - 24 years,Male,Immigrants: All origins,5.1
Estimated Migration (Persons in April),1998,15 - 24 years,Male,Emigrants: All destinations,10.1
Estimated Migration (Persons in April),1998,15 - 24 years,Female,Immigrants: All origins,7.3
Estimated Migration (Persons in April),1998,15 - 24 years,Female,Emigrants: All destinations,10.9
Estimated Migration (Persons in April),1998,25 - 44 years,Both sexes,Immigrants: All origins,19.9
Estimated Migration (Persons in April),1998,25 - 44 years,Both sexes,Emigrants: All destinations,5.8
Estimated Migration (Persons in April),1998,25 - 44 years,Male,Immigrants: All origins,11.1
Estimated Migration (Persons in April),1998,25 - 44 years,Male,Emigrants: All destinations,3.2
Estimated Migration (Persons in April),1998,25 - 44 years,Female,Immigrants: All origins,8.8
Estimated Migration (Persons in April),1998,25 - 44 years,Female,Emigrants: All destinations,2.5
Estimated Migration (Persons in April),1998,45 - 64 years,Both sexes,Immigrants: All origins,4.3
Estimated Migration (Persons in April),1998,45 - 64 years,Both sexes,Emigrants: All destinations,0.2
Estimated Migration (Persons in April),1998,45 - 64 years,Male,Immigrants: All origins,2.1
Estimated Migration (Persons in April),1998,45 - 64 years,Male,Emigrants: All destinations,0.2
Estimated Migration (Persons in April),1998,45 - 64 years,Female,Immigrants: All origins,2.2
Estimated Migration (Persons in April),1998,45 - 64 years,Female,Emigrants: All destinations,0.0
Estimated Migration (Persons in April),1998,65 years and over,Both sexes,Immigrants: All origins,1.8
Estimated Migration (Persons in April),1998,65 years and over,Both sexes,Emigrants: All destinations,0.0
Estimated Migration (Persons in April),1998,65 years and over,Male,Immigrants: All origins,0.9
Estimated Migration (Persons in April),1998,65 years and over,Male,Emigrants: All destinations,0.0
Estimated Migration (Persons in April),1998,65 years and over,Female,Immigrants: All origins,0.9
Estimated Migration (Persons in April),1998,65 years and over,Female,Emigrants: All destinations,0.0
Estimated Migration (Persons in April),1999,All ages,Both sexes,Immigrants: All origins,48.9
Estimated Migration (Persons in April),1999,All ages,Both sexes,Emigrants: All destinations,31.5
Estimated Migration (Persons in April),1999,All ages,Both sexes,Net migration,17.3
Estimated Migration (Persons in April),1999,0 - 14 years,Both sexes,Immigrants: All origins,7.0
Estimated Migration (Persons in April),1999,0 - 14 years,Both sexes,Emigrants: All destinations,0.0
Estimated Migration (Persons in April),1999,0 - 14 years,Male,Immigrants: All origins,3.6
Estimated Migration (Persons in April),1999,0 - 14 years,Male,Emigrants: All destinations,0.0
Estimated Migration (Persons in April),1999,0 - 14 years,Female,Immigrants: All origins,3.4
Estimated Migration (Persons in April),1999,0 - 14 years,Female,Emigrants: All destinations,0.0
Estimated Migration (Persons in April),1999,15 - 24 years,Both sexes,Immigrants: All origins,15.3
Estimated Migration (Persons in April),1999,15 - 24 years,Both sexes,Emigrants: All destinations,23.1
Estimated Migration (Persons in April),1999,15 - 24 years,Male,Immigrants: All origins,6.1
Estimated Migration (Persons in April),1999,15 - 24 years,Male,Emigrants: All destinations,10.4
Estimated Migration (Persons in April),1999,15 - 24 years,Female,Immigrants: All origins,9.2
Estimated Migration (Persons in April),1999,15 - 24 years,Female,Emigrants: All destinations,12.7
Estimated Migration (Persons in April),1999,25 - 44 years,Both sexes,Immigrants: All origins,21.5
Estimated Migration (Persons in April),1999,25 - 44 years,Both sexes,Emigrants: All destinations,7.6
Estimated Migration (Persons in April),1999,25 - 44 years,Male,Immigrants: All origins,11.7
Estimated Migration (Persons in April),1999,25 - 44 years,Male,Emigrants: All destinations,4.6
Estimated Migration (Persons in April),1999,25 - 44 years,Female,Immigrants: All origins,9.9
Estimated Migration (Persons in April),1999,25 - 44 years,Female,Emigrants: All destinations,3.0
Estimated Migration (Persons in April),1999,45 - 64 years,Both sexes,Immigrants: All origins,4.1
Estimated Migration (Persons in April),1999,45 - 64 years,Both sexes,Emigrants: All destinations,0.3
Estimated Migration (Persons in April),1999,45 - 64 years,Male,Immigrants: All origins,2.5
Estimated Migration (Persons in April),1999,45 - 64 years,Male,Emigrants: All destinations,0.0
Estimated Migration (Persons in April),1999,45 - 64 years,Female,Immigrants: All origins,1.6
Estimated Migration (Persons in April),1999,45 - 64 years,Female,Emigrants: All destinations,0.3
Estimated Migration (Persons in April),1999,65 years and over,Both sexes,Immigrants: All origins,0.9
Estimated Migration (Persons in April),1999,65 years and over,Both sexes,Emigrants: All destinations,0.6
Estimated Migration (Persons in April),1999,65 years and over,Male,Immigrants: All origins,0.6
Estimated Migration (Persons in April),1999,65 years and over,Male,Emigrants: All destinations,0.4
Estimated Migration (Persons in April),1999,65 years and over,Female,Immigrants: All origins,0.3
Estimated Migration (Persons in April),1999,65 years and over,Female,Emigrants: All destinations,0.1
Estimated Migration (Persons in April),2000,All ages,Both sexes,Immigrants: All origins,52.6
Estimated Migration (Persons in April),2000,All ages,Both sexes,Emigrants: All destinations,26.6
Estimated Migration (Persons in April),2000,All ages,Both sexes,Net migration,26.0
Estimated Migration (Persons in April),2000,0 - 14 years,Both sexes,Immigrants: All origins,7.1
Estimated Migration (Persons in April),2000,0 - 14 years,Both sexes,Emigrants: All destinations,0.0
Estimated Migration (Persons in April),2000,0 - 14 years,Male,Immigrants: All origins,3.6
Estimated Migration (Persons in April),2000,0 - 14 years,Male,Emigrants: All destinations,0.0
Estimated Migration (Persons in April),2000,0 - 14 years,Female,Immigrants: All origins,3.6
Estimated Migration (Persons in April),2000,0 - 14 years,Female,Emigrants: All destinations,0.0
Estimated Migration (Persons in April),2000,15 - 24 years,Both sexes,Immigrants: All origins,16.8
Estimated Migration (Persons in April),2000,15 - 24 years,Both sexes,Emigrants: All destinations,21.4
Estimated Migration (Persons in April),2000,15 - 24 years,Male,Immigrants: All origins,6.8
Estimated Migration (Persons in April),2000,15 - 24 years,Male,Emigrants: All destinations,10.2
Estimated Migration (Persons in April),2000,15 - 24 years,Female,Immigrants: All origins,10.1
Estimated Migration (Persons in April),2000,15 - 24 years,Female,Emigrants: All destinations,11.2
Estimated Migration (Persons in April),2000,25 - 44 years,Both sexes,Immigrants: All origins,23.4
Estimated Migration (Persons in April),2000,25 - 44 years,Both sexes,Emigrants: All destinations,4.6
Estimated Migration (Persons in April),2000,25 - 44 years,Male,Immigrants: All origins,12.7
Estimated Migration (Persons in April),2000,25 - 44 years,Male,Emigrants: All destinations,2.6
Estimated Migration (Persons in April),2000,25 - 44 years,Female,Immigrants: All origins,10.7
Estimated Migration (Persons in April),2000,25 - 44 years,Female,Emigrants: All destinations,2.0
Estimated Migration (Persons in April),2000,45 - 64 years,Both sexes,Immigrants: All origins,4.0
Estimated Migration (Persons in April),2000,45 - 64 years,Both sexes,Emigrants: All destinations,0.1
Estimated Migration (Persons in April),2000,45 - 64 years,Male,Immigrants: All origins,2.6
Estimated Migration (Persons in April),2000,45 - 64 years,Male,Emigrants: All destinations,0.0
Estimated Migration (Persons in April),2000,45 - 64 years,Female,Immigrants: All origins,1.4
Estimated Migration (Persons in April),2000,45 - 64 years,Female,Emigrants: All destinations,0.1
Estimated Migration (Persons in April),2000,65 years and over,Both sexes,Immigrants: All origins,1.2
Estimated Migration (Persons in April),2000,65 years and over,Both sexes,Emigrants: All destinations,0.6
Estimated Migration (Persons in April),2000,65 years and over,Male,Immigrants: All origins,0.6
Estimated Migration (Persons in April),2000,65 years and over,Male,Emigrants: All destinations,0.3
Estimated Migration (Persons in April),2000,65 years and over,Female,Immigrants: All origins,0.6
Estimated Migration (Persons in April),2000,65 years and over,Female,Emigrants: All destinations,0.3
Estimated Migration (Persons in April),2001,All ages,Both sexes,Immigrants: All origins,59.0
Estimated Migration (Persons in April),2001,All ages,Both sexes,Emigrants: All destinations,26.2
Estimated Migration (Persons in April),2001,All ages,Both sexes,Net migration,32.8
Estimated Migration (Persons in April),2001,0 - 14 years,Both sexes,Immigrants: All origins,7.9
Estimated Migration (Persons in April),2001,0 - 14 years,Both sexes,Emigrants: All destinations,0.0
Estimated Migration (Persons in April),2001,0 - 14 years,Male,Immigrants: All origins,4.1
Estimated Migration (Persons in April),2001,0 - 14 years,Male,Emigrants: All destinations,0.0
Estimated Migration (Persons in April),2001,0 - 14 years,Female,Immigrants: All origins,3.8
Estimated Migration (Persons in April),2001,0 - 14 years,Female,Emigrants: All destinations,0.0
Estimated Migration (Persons in April),2001,15 - 24 years,Both sexes,Immigrants: All origins,16.4
Estimated Migration (Persons in April),2001,15 - 24 years,Both sexes,Emigrants: All destinations,21.2
Estimated Migration (Persons in April),2001,15 - 24 years,Male,Immigrants: All origins,6.6
Estimated Migration (Persons in April),2001,15 - 24 years,Male,Emigrants: All destinations,9.9
Estimated Migration (Persons in April),2001,15 - 24 years,Female,Immigrants: All origins,9.8
Estimated Migration (Persons in April),2001,15 - 24 years,Female,Emigrants: All destinations,11.3
Estimated Migration (Persons in April),2001,25 - 44 years,Both sexes,Immigrants: All origins,29.5
Estimated Migration (Persons in April),2001,25 - 44 years,Both sexes,Emigrants: All destinations,4.4
Estimated Migration (Persons in April),2001,25 - 44 years,Male,Immigrants: All origins,16.3
Estimated Migration (Persons in April),2001,25 - 44 years,Male,Emigrants: All destinations,2.4
Estimated Migration (Persons in April),2001,25 - 44 years,Female,Immigrants: All origins,13.2
Estimated Migration (Persons in April),2001,25 - 44 years,Female,Emigrants: All destinations,2.0
Estimated Migration (Persons in April),2001,45 - 64 years,Both sexes,Immigrants: All origins,4.3
Estimated Migration (Persons in April),2001,45 - 64 years,Both sexes,Emigrants: All destinations,0.0
Estimated Migration (Persons in April),2001,45 - 64 years,Male,Immigrants: All origins,2.5
Estimated Migration (Persons in April),2001,45 - 64 years,Male,Emigrants: All destinations,0.0
Estimated Migration (Persons in April),2001,45 - 64 years,Female,Immigrants: All origins,1.8
Estimated Migration (Persons in April),2001,45 - 64 years,Female,Emigrants: All destinations,0.0
Estimated Migration (Persons in April),2001,65 years and over,Both sexes,Immigrants: All origins,0.8
Estimated Migration (Persons in April),2001,65 years and over,Both sexes,Emigrants: All destinations,0.7
Estimated Migration (Persons in April),2001,65 years and over,Male,Immigrants: All origins,0.5
Estimated Migration (Persons in April),2001,65 years and over,Male,Emigrants: All destinations,0.4
Estimated Migration (Persons in April),2001,65 years and over,Female,Immigrants: All origins,0.3
Estimated Migration (Persons in April),2001,65 years and over,Female,Emigrants: All destinations,0.3
Estimated Migration (Persons in April),2002,All ages,Both sexes,Immigrants: All origins,66.9
Estimated Migration (Persons in April),2002,All ages,Both sexes,Emigrants: All destinations,25.6
Estimated Migration (Persons in April),2002,All ages,Both sexes,Net migration,41.3
Estimated Migration (Persons in April),2002,All ages,Male,Immigrants: All origins,31.3
Estimated Migration (Persons in April),2002,All ages,Male,Emigrants: All destinations,12.7
Estimated Migration (Persons in April),2002,All ages,Male,Net migration,18.6
Estimated Migration (Persons in April),2002,All ages,Female,Immigrants: All origins,35.6
Estimated Migration (Persons in April),2002,All ages,Female,Emigrants: All destinations,12.9
Estimated Migration (Persons in April),2002,All ages,Female,Net migration,22.7
Estimated Migration (Persons in April),2002,0 - 14 years,Both sexes,Immigrants: All origins,7.0
Estimated Migration (Persons in April),2002,0 - 14 years,Both sexes,Emigrants: All destinations,2.5
Estimated Migration (Persons in April),2002,0 - 14 years,Both sexes,Net migration,4.5
Estimated Migration (Persons in April),2002,0 - 14 years,Male,Immigrants: All origins,3.2
Estimated Migration (Persons in April),2002,0 - 14 years,Male,Emigrants: All destinations,1.2
Estimated Migration (Persons in April),2002,0 - 14 years,Male,Net migration,2.0
Estimated Migration (Persons in April),2002,0 - 14 years,Female,Immigrants: All origins,3.8
Estimated Migration (Persons in April),2002,0 - 14 years,Female,Emigrants: All destinations,1.2
Estimated Migration (Persons in April),2002,0 - 14 years,Female,Net migration,2.6
Estimated Migration (Persons in April),2002,15 - 24 years,Both sexes,Immigrants: All origins,19.8
Estimated Migration (Persons in April),2002,15 - 24 years,Both sexes,Emigrants: All destinations,18.7
Estimated Migration (Persons in April),2002,15 - 24 years,Both sexes,Net migration,1.1
Estimated Migration (Persons in April),2002,15 - 24 years,Male,Immigrants: All origins,8.0
Estimated Migration (Persons in April),2002,15 - 24 years,Male,Emigrants: All destinations,9.0
Estimated Migration (Persons in April),2002,15 - 24 years,Male,Net migration,-1.0
Estimated Migration (Persons in April),2002,15 - 24 years,Female,Immigrants: All origins,11.8
Estimated Migration (Persons in April),2002,15 - 24 years,Female,Emigrants: All destinations,9.8
Estimated Migration (Persons in April),2002,15 - 24 years,Female,Net migration,2.0
Estimated Migration (Persons in April),2002,25 - 44 years,Both sexes,Immigrants: All origins,35.2
Estimated Migration (Persons in April),2002,25 - 44 years,Both sexes,Emigrants: All destinations,3.1
Estimated Migration (Persons in April),2002,25 - 44 years,Both sexes,Net migration,32.1
Estimated Migration (Persons in April),2002,25 - 44 years,Male,Immigrants: All origins,17.5
Estimated Migration (Persons in April),2002,25 - 44 years,Male,Emigrants: All destinations,1.7
Estimated Migration (Persons in April),2002,25 - 44 years,Male,Net migration,15.8
Estimated Migration (Persons in April),2002,25 - 44 years,Female,Immigrants: All origins,17.7
Estimated Migration (Persons in April),2002,25 - 44 years,Female,Emigrants: All destinations,1.4
Estimated Migration (Persons in April),2002,25 - 44 years,Female,Net migration,16.3
Estimated Migration (Persons in April),2002,45 - 64 years,Both sexes,Immigrants: All origins,4.2
Estimated Migration (Persons in April),2002,45 - 64 years,Both sexes,Emigrants: All destinations,0.1
Estimated Migration (Persons in April),2002,45 - 64 years,Both sexes,Net migration,4.1
Estimated Migration (Persons in April),2002,45 - 64 years,Male,Immigrants: All origins,2.3
Estimated Migration (Persons in April),2002,45 - 64 years,Male,Emigrants: All destinations,0.0
Estimated Migration (Persons in April),2002,45 - 64 years,Male,Net migration,2.3
Estimated Migration (Persons in April),2002,45 - 64 years,Female,Immigrants: All origins,1.9
Estimated Migration (Persons in April),2002,45 - 64 years,Female,Emigrants: All destinations,0.1
Estimated Migration (Persons in April),2002,45 - 64 years,Female,Net migration,1.8
Estimated Migration (Persons in April),2002,65 years and over,Both sexes,Immigrants: All origins,0.8
Estimated Migration (Persons in April),2002,65 years and over,Both sexes,Emigrants: All destinations,1.2
Estimated Migration (Persons in April),2002,65 years and over,Both sexes,Net migration,-0.4
Estimated Migration (Persons in April),2002,65 years and over,Male,Immigrants: All origins,0.3
Estimated Migration (Persons in April),2002,65 years and over,Male,Emigrants: All destinations,0.8
Estimated Migration (Persons in April),2002,65 years and over,Male,Net migration,-0.5
Estimated Migration (Persons in April),2002,65 years and over,Female,Immigrants: All origins,0.5
Estimated Migration (Persons in April),2002,65 years and over,Female,Emigrants: All destinations,0.4
Estimated Migration (Persons in April),2002,65 years and over,Female,Net migration,0.1
Estimated Migration (Persons in April),2003,All ages,Both sexes,Immigrants: All origins,60.0
Estimated Migration (Persons in April),2003,All ages,Both sexes,Emigrants: All destinations,29.3
Estimated Migration (Persons in April),2003,All ages,Both sexes,Net migration,30.7
Estimated Migration (Persons in April),2003,All ages,Male,Immigrants: All origins,31.4
Estimated Migration (Persons in April),2003,All ages,Male,Emigrants: All destinations,17.0
Estimated Migration (Persons in April),2003,All ages,Male,Net migration,14.5
Estimated Migration (Persons in April),2003,All ages,Female,Immigrants: All origins,28.6
Estimated Migration (Persons in April),2003,All ages,Female,Emigrants: All destinations,12.3
Estimated Migration (Persons in April),2003,All ages,Female,Net migration,16.3
Estimated Migration (Persons in April),2003,0 - 14 years,Both sexes,Immigrants: All origins,7.3
Estimated Migration (Persons in April),2003,0 - 14 years,Both sexes,Emigrants: All destinations,0.9
Estimated Migration (Persons in April),2003,0 - 14 years,Both sexes,Net migration,6.4
Estimated Migration (Persons in April),2003,0 - 14 years,Male,Immigrants: All origins,3.6
Estimated Migration (Persons in April),2003,0 - 14 years,Male,Emigrants: All destinations,0.7
Estimated Migration (Persons in April),2003,0 - 14 years,Male,Net migration,2.9
Estimated Migration (Persons in April),2003,0 - 14 years,Female,Immigrants: All origins,3.7
Estimated Migration (Persons in April),2003,0 - 14 years,Female,Emigrants: All destinations,0.2
Estimated Migration (Persons in April),2003,0 - 14 years,Female,Net migration,3.5
Estimated Migration (Persons in April),2003,15 - 24 years,Both sexes,Immigrants: All origins,17.5
Estimated Migration (Persons in April),2003,15 - 24 years,Both sexes,Emigrants: All destinations,17.0
Estimated Migration (Persons in April),2003,15 - 24 years,Both sexes,Net migration,0.5
Estimated Migration (Persons in April),2003,15 - 24 years,Male,Immigrants: All origins,7.8
Estimated Migration (Persons in April),2003,15 - 24 years,Male,Emigrants: All destinations,9.3
Estimated Migration (Persons in April),2003,15 - 24 years,Male,Net migration,-1.5
Estimated Migration (Persons in April),2003,15 - 24 years,Female,Immigrants: All origins,9.8
Estimated Migration (Persons in April),2003,15 - 24 years,Female,Emigrants: All destinations,7.7
Estimated Migration (Persons in April),2003,15 - 24 years,Female,Net migration,2.1
Estimated Migration (Persons in April),2003,25 - 44 years,Both sexes,Immigrants: All origins,28.8
Estimated Migration (Persons in April),2003,25 - 44 years,Both sexes,Emigrants: All destinations,8.8
Estimated Migration (Persons in April),2003,25 - 44 years,Both sexes,Net migration,20.0
Estimated Migration (Persons in April),2003,25 - 44 years,Male,Immigrants: All origins,16.0
Estimated Migration (Persons in April),2003,25 - 44 years,Male,Emigrants: All destinations,5.7
Estimated Migration (Persons in April),2003,25 - 44 years,Male,Net migration,10.3
Estimated Migration (Persons in April),2003,25 - 44 years,Female,Immigrants: All origins,12.7
Estimated Migration (Persons in April),2003,25 - 44 years,Female,Emigrants: All destinations,3.1
Estimated Migration (Persons in April),2003,25 - 44 years,Female,Net migration,9.6
Estimated Migration (Persons in April),2003,45 - 64 years,Both sexes,Immigrants: All origins,5.1
Estimated Migration (Persons in April),2003,45 - 64 years,Both sexes,Emigrants: All destinations,1.3
Estimated Migration (Persons in April),2003,45 - 64 years,Both sexes,Net migration,3.8
Estimated Migration (Persons in April),2003,45 - 64 years,Male,Immigrants: All origins,3.4
Estimated Migration (Persons in April),2003,45 - 64 years,Male,Emigrants: All destinations,0.6
Estimated Migration (Persons in April),2003,45 - 64 years,Male,Net migration,2.8
Estimated Migration (Persons in April),2003,45 - 64 years,Female,Immigrants: All origins,1.7
Estimated Migration (Persons in April),2003,45 - 64 years,Female,Emigrants: All destinations,0.7
Estimated Migration (Persons in April),2003,45 - 64 years,Female,Net migration,1.0
Estimated Migration (Persons in April),2003,65 years and over,Both sexes,Immigrants: All origins,1.3
Estimated Migration (Persons in April),2003,65 years and over,Both sexes,Emigrants: All destinations,1.2
Estimated Migration (Persons in April),2003,65 years and over,Both sexes,Net migration,0.1
Estimated Migration (Persons in April),2003,65 years and over,Male,Immigrants: All origins,0.7
Estimated Migration (Persons in April),2003,65 years and over,Male,Emigrants: All destinations,0.7
Estimated Migration (Persons in April),2003,65 years and over,Male,Net migration,0.0
Estimated Migration (Persons in April),2003,65 years and over,Female,Immigrants: All origins,0.7
Estimated Migration (Persons in April),2003,65 years and over,Female,Emigrants: All destinations,0.6
Estimated Migration (Persons in April),2003,65 years and over,Female,Net migration,0.1
Estimated Migration (Persons in April),2004,All ages,Both sexes,Immigrants: All origins,58.5
Estimated Migration (Persons in April),2004,All ages,Both sexes,Emigrants: All destinations,26.5
Estimated Migration (Persons in April),2004,All ages,Both sexes,Net migration,32.0
Estimated Migration (Persons in April),2004,All ages,Male,Immigrants: All origins,30.5
Estimated Migration (Persons in April),2004,All ages,Male,Emigrants: All destinations,12.5
Estimated Migration (Persons in April),2004,All ages,Male,Net migration,18.0
Estimated Migration (Persons in April),2004,All ages,Female,Immigrants: All origins,28.0
Estimated Migration (Persons in April),2004,All ages,Female,Emigrants: All destinations,14.0
Estimated Migration (Persons in April),2004,All ages,Female,Net migration,14.0
Estimated Migration (Persons in April),2004,0 - 14 years,Both sexes,Immigrants: All origins,6.1
Estimated Migration (Persons in April),2004,0 - 14 years,Both sexes,Emigrants: All destinations,1.5
Estimated Migration (Persons in April),2004,0 - 14 years,Both sexes,Net migration,4.7
Estimated Migration (Persons in April),2004,0 - 14 years,Male,Immigrants: All origins,3.5
Estimated Migration (Persons in April),2004,0 - 14 years,Male,Emigrants: All destinations,0.6
Estimated Migration (Persons in April),2004,0 - 14 years,Male,Net migration,2.9
Estimated Migration (Persons in April),2004,0 - 14 years,Female,Immigrants: All origins,2.7
Estimated Migration (Persons in April),2004,0 - 14 years,Female,Emigrants: All destinations,0.9
Estimated Migration (Persons in April),2004,0 - 14 years,Female,Net migration,1.8
Estimated Migration (Persons in April),2004,15 - 24 years,Both sexes,Immigrants: All origins,18.7
Estimated Migration (Persons in April),2004,15 - 24 years,Both sexes,Emigrants: All destinations,14.1
Estimated Migration (Persons in April),2004,15 - 24 years,Both sexes,Net migration,4.6
Estimated Migration (Persons in April),2004,15 - 24 years,Male,Immigrants: All origins,8.1
Estimated Migration (Persons in April),2004,15 - 24 years,Male,Emigrants: All destinations,6.3
Estimated Migration (Persons in April),2004,15 - 24 years,Male,Net migration,1.8
Estimated Migration (Persons in April),2004,15 - 24 years,Female,Immigrants: All origins,10.6
Estimated Migration (Persons in April),2004,15 - 24 years,Female,Emigrants: All destinations,7.8
Estimated Migration (Persons in April),2004,15 - 24 years,Female,Net migration,2.8
Estimated Migration (Persons in April),2004,25 - 44 years,Both sexes,Immigrants: All origins,28.8
Estimated Migration (Persons in April),2004,25 - 44 years,Both sexes,Emigrants: All destinations,9.2
Estimated Migration (Persons in April),2004,25 - 44 years,Both sexes,Net migration,19.6
Estimated Migration (Persons in April),2004,25 - 44 years,Male,Immigrants: All origins,16.3
Estimated Migration (Persons in April),2004,25 - 44 years,Male,Emigrants: All destinations,5.3
Estimated Migration (Persons in April),2004,25 - 44 years,Male,Net migration,11.0
Estimated Migration (Persons in April),2004,25 - 44 years,Female,Immigrants: All origins,12.5
Estimated Migration (Persons in April),2004,25 - 44 years,Female,Emigrants: All destinations,3.9
Estimated Migration (Persons in April),2004,25 - 44 years,Female,Net migration,8.6
Estimated Migration (Persons in April),2004,45 - 64 years,Both sexes,Immigrants: All origins,4.2
Estimated Migration (Persons in April),2004,45 - 64 years,Both sexes,Emigrants: All destinations,1.3
Estimated Migration (Persons in April),2004,45 - 64 years,Both sexes,Net migration,2.9
Estimated Migration (Persons in April),2004,45 - 64 years,Male,Immigrants: All origins,2.4
Estimated Migration (Persons in April),2004,45 - 64 years,Male,Emigrants: All destinations,0.4
Estimated Migration (Persons in April),2004,45 - 64 years,Male,Net migration,2.0
Estimated Migration (Persons in April),2004,45 - 64 years,Female,Immigrants: All origins,1.8
Estimated Migration (Persons in April),2004,45 - 64 years,Female,Emigrants: All destinations,1.0
Estimated Migration (Persons in April),2004,45 - 64 years,Female,Net migration,0.8
Estimated Migration (Persons in April),2004,65 years and over,Both sexes,Immigrants: All origins,0.7
Estimated Migration (Persons in April),2004,65 years and over,Both sexes,Emigrants: All destinations,0.4
Estimated Migration (Persons in April),2004,65 years and over,Both sexes,Net migration,0.3
Estimated Migration (Persons in April),2004,65 years and over,Male,Immigrants: All origins,0.3
Estimated Migration (Persons in April),2004,65 years and over,Male,Emigrants: All destinations,0.0
Estimated Migration (Persons in April),2004,65 years and over,Male,Net migration,0.3
Estimated Migration (Persons in April),2004,65 years and over,Female,Immigrants: All origins,0.4
Estimated Migration (Persons in April),2004,65 years and over,Female,Emigrants: All destinations,0.4
Estimated Migration (Persons in April),2004,65 years and over,Female,Net migration,0.0
Estimated Migration (Persons in April),2005,All ages,Both sexes,Immigrants: All origins,84.6
Estimated Migration (Persons in April),2005,All ages,Both sexes,Emigrants: All destinations,29.4
Estimated Migration (Persons in April),2005,All ages,Both sexes,Net migration,55.1
Estimated Migration (Persons in April),2005,All ages,Male,Immigrants: All origins,47.5
Estimated Migration (Persons in April),2005,All ages,Male,Emigrants: All destinations,14.9
Estimated Migration (Persons in April),2005,All ages,Male,Net migration,32.6
Estimated Migration (Persons in April),2005,All ages,Female,Immigrants: All origins,37.1
Estimated Migration (Persons in April),2005,All ages,Female,Emigrants: All destinations,14.6
Estimated Migration (Persons in April),2005,All ages,Female,Net migration,22.5
Estimated Migration (Persons in April),2005,0 - 14 years,Both sexes,Immigrants: All origins,8.0
Estimated Migration (Persons in April),2005,0 - 14 years,Both sexes,Emigrants: All destinations,2.1
Estimated Migration (Persons in April),2005,0 - 14 years,Both sexes,Net migration,5.9
Estimated Migration (Persons in April),2005,0 - 14 years,Male,Immigrants: All origins,4.2
Estimated Migration (Persons in April),2005,0 - 14 years,Male,Emigrants: All destinations,1.1
Estimated Migration (Persons in April),2005,0 - 14 years,Male,Net migration,3.2
Estimated Migration (Persons in April),2005,0 - 14 years,Female,Immigrants: All origins,3.8
Estimated Migration (Persons in April),2005,0 - 14 years,Female,Emigrants: All destinations,1.1
Estimated Migration (Persons in April),2005,0 - 14 years,Female,Net migration,2.7
Estimated Migration (Persons in April),2005,15 - 24 years,Both sexes,Immigrants: All origins,24.4
Estimated Migration (Persons in April),2005,15 - 24 years,Both sexes,Emigrants: All destinations,14.3
Estimated Migration (Persons in April),2005,15 - 24 years,Both sexes,Net migration,10.0
Estimated Migration (Persons in April),2005,15 - 24 years,Male,Immigrants: All origins,11.6
Estimated Migration (Persons in April),2005,15 - 24 years,Male,Emigrants: All destinations,6.7
Estimated Migration (Persons in April),2005,15 - 24 years,Male,Net migration,4.9
Estimated Migration (Persons in April),2005,15 - 24 years,Female,Immigrants: All origins,12.7
Estimated Migration (Persons in April),2005,15 - 24 years,Female,Emigrants: All destinations,7.6
Estimated Migration (Persons in April),2005,15 - 24 years,Female,Net migration,5.1
Estimated Migration (Persons in April),2005,25 - 44 years,Both sexes,Immigrants: All origins,44.8
Estimated Migration (Persons in April),2005,25 - 44 years,Both sexes,Emigrants: All destinations,10.6
Estimated Migration (Persons in April),2005,25 - 44 years,Both sexes,Net migration,34.2
Estimated Migration (Persons in April),2005,25 - 44 years,Male,Immigrants: All origins,27.3
Estimated Migration (Persons in April),2005,25 - 44 years,Male,Emigrants: All destinations,6.1
Estimated Migration (Persons in April),2005,25 - 44 years,Male,Net migration,21.2
Estimated Migration (Persons in April),2005,25 - 44 years,Female,Immigrants: All origins,17.5
Estimated Migration (Persons in April),2005,25 - 44 years,Female,Emigrants: All destinations,4.5
Estimated Migration (Persons in April),2005,25 - 44 years,Female,Net migration,12.9
Estimated Migration (Persons in April),2005,45 - 64 years,Both sexes,Immigrants: All origins,6.1
Estimated Migration (Persons in April),2005,45 - 64 years,Both sexes,Emigrants: All destinations,1.5
Estimated Migration (Persons in April),2005,45 - 64 years,Both sexes,Net migration,4.7
Estimated Migration (Persons in April),2005,45 - 64 years,Male,Immigrants: All origins,3.7
Estimated Migration (Persons in April),2005,45 - 64 years,Male,Emigrants: All destinations,0.6
Estimated Migration (Persons in April),2005,45 - 64 years,Male,Net migration,3.0
Estimated Migration (Persons in April),2005,45 - 64 years,Female,Immigrants: All origins,2.5
Estimated Migration (Persons in April),2005,45 - 64 years,Female,Emigrants: All destinations,0.8
Estimated Migration (Persons in April),2005,45 - 64 years,Female,Net migration,1.6
Estimated Migration (Persons in April),2005,65 years and over,Both sexes,Immigrants: All origins,1.2
Estimated Migration (Persons in April),2005,65 years and over,Both sexes,Emigrants: All destinations,0.9
Estimated Migration (Persons in April),2005,65 years and over,Both sexes,Net migration,0.3
Estimated Migration (Persons in April),2005,65 years and over,Male,Immigrants: All origins,0.6
Estimated Migration (Persons in April),2005,65 years and over,Male,Emigrants: All destinations,0.4
Estimated Migration (Persons in April),2005,65 years and over,Male,Net migration,0.2
Estimated Migration (Persons in April),2005,65 years and over,Female,Immigrants: All origins,0.6
Estimated Migration (Persons in April),2005,65 years and over,Female,Emigrants: All destinations,0.5
Estimated Migration (Persons in April),2005,65 years and over,Female,Net migration,0.1
Estimated Migration (Persons in April),2006,All ages,Both sexes,Immigrants: All origins,107.8
Estimated Migration (Persons in April),2006,All ages,Both sexes,Emigrants: All destinations,36.0
Estimated Migration (Persons in April),2006,All ages,Both sexes,Net migration,71.8
Estimated Migration (Persons in April),2006,All ages,Male,Immigrants: All origins,60.3
Estimated Migration (Persons in April),2006,All ages,Male,Emigrants: All destinations,18.7
Estimated Migration (Persons in April),2006,All ages,Male,Net migration,41.6
Estimated Migration (Persons in April),2006,All ages,Female,Immigrants: All origins,47.5
Estimated Migration (Persons in April),2006,All ages,Female,Emigrants: All destinations,17.3
Estimated Migration (Persons in April),2006,All ages,Female,Net migration,30.2
Estimated Migration (Persons in April),2006,0 - 14 years,Both sexes,Immigrants: All origins,11.5
Estimated Migration (Persons in April),2006,0 - 14 years,Both sexes,Emigrants: All destinations,2.2
Estimated Migration (Persons in April),2006,0 - 14 years,Both sexes,Net migration,9.3
Estimated Migration (Persons in April),2006,0 - 14 years,Male,Immigrants: All origins,5.5
Estimated Migration (Persons in April),2006,0 - 14 years,Male,Emigrants: All destinations,1.1
Estimated Migration (Persons in April),2006,0 - 14 years,Male,Net migration,4.4
Estimated Migration (Persons in April),2006,0 - 14 years,Female,Immigrants: All origins,6.0
Estimated Migration (Persons in April),2006,0 - 14 years,Female,Emigrants: All destinations,1.1
Estimated Migration (Persons in April),2006,0 - 14 years,Female,Net migration,5.0
Estimated Migration (Persons in April),2006,15 - 24 years,Both sexes,Immigrants: All origins,31.6
Estimated Migration (Persons in April),2006,15 - 24 years,Both sexes,Emigrants: All destinations,15.9
Estimated Migration (Persons in April),2006,15 - 24 years,Both sexes,Net migration,15.6
Estimated Migration (Persons in April),2006,15 - 24 years,Male,Immigrants: All origins,16.4
Estimated Migration (Persons in April),2006,15 - 24 years,Male,Emigrants: All destinations,8.0
Estimated Migration (Persons in April),2006,15 - 24 years,Male,Net migration,8.4
Estimated Migration (Persons in April),2006,15 - 24 years,Female,Immigrants: All origins,15.2
Estimated Migration (Persons in April),2006,15 - 24 years,Female,Emigrants: All destinations,7.9
Estimated Migration (Persons in April),2006,15 - 24 years,Female,Net migration,7.3
Estimated Migration (Persons in April),2006,25 - 44 years,Both sexes,Immigrants: All origins,57.2
Estimated Migration (Persons in April),2006,25 - 44 years,Both sexes,Emigrants: All destinations,14.1
Estimated Migration (Persons in April),2006,25 - 44 years,Both sexes,Net migration,43.0
Estimated Migration (Persons in April),2006,25 - 44 years,Male,Immigrants: All origins,34.0
Estimated Migration (Persons in April),2006,25 - 44 years,Male,Emigrants: All destinations,7.6
Estimated Migration (Persons in April),2006,25 - 44 years,Male,Net migration,26.4
Estimated Migration (Persons in April),2006,25 - 44 years,Female,Immigrants: All origins,23.2
Estimated Migration (Persons in April),2006,25 - 44 years,Female,Emigrants: All destinations,6.5
Estimated Migration (Persons in April),2006,25 - 44 years,Female,Net migration,16.6
Estimated Migration (Persons in April),2006,45 - 64 years,Both sexes,Immigrants: All origins,6.1
Estimated Migration (Persons in April),2006,45 - 64 years,Both sexes,Emigrants: All destinations,2.1
Estimated Migration (Persons in April),2006,45 - 64 years,Both sexes,Net migration,4.1
Estimated Migration (Persons in April),2006,45 - 64 years,Male,Immigrants: All origins,3.7
Estimated Migration (Persons in April),2006,45 - 64 years,Male,Emigrants: All destinations,1.2
Estimated Migration (Persons in April),2006,45 - 64 years,Male,Net migration,2.5
Estimated Migration (Persons in April),2006,45 - 64 years,Female,Immigrants: All origins,2.4
Estimated Migration (Persons in April),2006,45 - 64 years,Female,Emigrants: All destinations,0.9
Estimated Migration (Persons in April),2006,45 - 64 years,Female,Net migration,1.5
Estimated Migration (Persons in April),2006,65 years and over,Both sexes,Immigrants: All origins,1.4
Estimated Migration (Persons in April),2006,65 years and over,Both sexes,Emigrants: All destinations,1.7
Estimated Migration (Persons in April),2006,65 years and over,Both sexes,Net migration,-0.3
Estimated Migration (Persons in April),2006,65 years and over,Male,Immigrants: All origins,0.7
Estimated Migration (Persons in April),2006,65 years and over,Male,Emigrants: All destinations,0.8
Estimated Migration (Persons in April),2006,65 years and over,Male,Net migration,-0.1
Estimated Migration (Persons in April),2006,65 years and over,Female,Immigrants: All origins,0.7
Estimated Migration (Persons in April),2006,65 years and over,Female,Emigrants: All destinations,0.9
Estimated Migration (Persons in April),2006,65 years and over,Female,Net migration,-0.2
Estimated Migration (Persons in April),2007,All ages,Both sexes,Immigrants: All origins,151.1
Estimated Migration (Persons in April),2007,All ages,Both sexes,Emigrants: All destinations,46.3
Estimated Migration (Persons in April),2007,All ages,Both sexes,Net migration,104.8
Estimated Migration (Persons in April),2007,All ages,Male,Immigrants: All origins,80.0
Estimated Migration (Persons in April),2007,All ages,Male,Emigrants: All destinations,25.7
Estimated Migration (Persons in April),2007,All ages,Male,Net migration,54.3
Estimated Migration (Persons in April),2007,All ages,Female,Immigrants: All origins,71.1
Estimated Migration (Persons in April),2007,All ages,Female,Emigrants: All destinations,20.6
Estimated Migration (Persons in April),2007,All ages,Female,Net migration,50.4
Estimated Migration (Persons in April),2007,0 - 14 years,Both sexes,Immigrants: All origins,11.4
Estimated Migration (Persons in April),2007,0 - 14 years,Both sexes,Emigrants: All destinations,1.4
Estimated Migration (Persons in April),2007,0 - 14 years,Both sexes,Net migration,10.0
Estimated Migration (Persons in April),2007,0 - 14 years,Male,Immigrants: All origins,5.3
Estimated Migration (Persons in April),2007,0 - 14 years,Male,Emigrants: All destinations,0.6
Estimated Migration (Persons in April),2007,0 - 14 years,Male,Net migration,4.8
Estimated Migration (Persons in April),2007,0 - 14 years,Female,Immigrants: All origins,6.1
Estimated Migration (Persons in April),2007,0 - 14 years,Female,Emigrants: All destinations,0.8
Estimated Migration (Persons in April),2007,0 - 14 years,Female,Net migration,5.3
Estimated Migration (Persons in April),2007,15 - 24 years,Both sexes,Immigrants: All origins,61.4
Estimated Migration (Persons in April),2007,15 - 24 years,Both sexes,Emigrants: All destinations,18.2
Estimated Migration (Persons in April),2007,15 - 24 years,Both sexes,Net migration,43.1
Estimated Migration (Persons in April),2007,15 - 24 years,Male,Immigrants: All origins,28.9
Estimated Migration (Persons in April),2007,15 - 24 years,Male,Emigrants: All destinations,8.9
Estimated Migration (Persons in April),2007,15 - 24 years,Male,Net migration,20.0
Estimated Migration (Persons in April),2007,15 - 24 years,Female,Immigrants: All origins,32.5
Estimated Migration (Persons in April),2007,15 - 24 years,Female,Emigrants: All destinations,9.3
Estimated Migration (Persons in April),2007,15 - 24 years,Female,Net migration,23.1
Estimated Migration (Persons in April),2007,25 - 44 years,Both sexes,Immigrants: All origins,65.8
Estimated Migration (Persons in April),2007,25 - 44 years,Both sexes,Emigrants: All destinations,21.2
Estimated Migration (Persons in April),2007,25 - 44 years,Both sexes,Net migration,44.6
Estimated Migration (Persons in April),2007,25 - 44 years,Male,Immigrants: All origins,38.1
Estimated Migration (Persons in April),2007,25 - 44 years,Male,Emigrants: All destinations,12.8
Estimated Migration (Persons in April),2007,25 - 44 years,Male,Net migration,25.3
Estimated Migration (Persons in April),2007,25 - 44 years,Female,Immigrants: All origins,27.7
Estimated Migration (Persons in April),2007,25 - 44 years,Female,Emigrants: All destinations,8.4
Estimated Migration (Persons in April),2007,25 - 44 years,Female,Net migration,19.3
Estimated Migration (Persons in April),2007,45 - 64 years,Both sexes,Immigrants: All origins,10.1
Estimated Migration (Persons in April),2007,45 - 64 years,Both sexes,Emigrants: All destinations,3.0
Estimated Migration (Persons in April),2007,45 - 64 years,Both sexes,Net migration,7.1
Estimated Migration (Persons in April),2007,45 - 64 years,Male,Immigrants: All origins,6.0
Estimated Migration (Persons in April),2007,45 - 64 years,Male,Emigrants: All destinations,2.0
Estimated Migration (Persons in April),2007,45 - 64 years,Male,Net migration,4.0
Estimated Migration (Persons in April),2007,45 - 64 years,Female,Immigrants: All origins,4.1
Estimated Migration (Persons in April),2007,45 - 64 years,Female,Emigrants: All destinations,1.1
Estimated Migration (Persons in April),2007,45 - 64 years,Female,Net migration,3.1
Estimated Migration (Persons in April),2007,65 years and over,Both sexes,Immigrants: All origins,2.4
Estimated Migration (Persons in April),2007,65 years and over,Both sexes,Emigrants: All destinations,2.5
Estimated Migration (Persons in April),2007,65 years and over,Both sexes,Net migration,-0.1
Estimated Migration (Persons in April),2007,65 years and over,Male,Immigrants: All origins,1.7
Estimated Migration (Persons in April),2007,65 years and over,Male,Emigrants: All destinations,1.5
Estimated Migration (Persons in April),2007,65 years and over,Male,Net migration,0.2
Estimated Migration (Persons in April),2007,65 years and over,Female,Immigrants: All origins,0.7
Estimated Migration (Persons in April),2007,65 years and over,Female,Emigrants: All destinations,1.0
Estimated Migration (Persons in April),2007,65 years and over,Female,Net migration,-0.3
Estimated Migration (Persons in April),2008,All ages,Both sexes,Immigrants: All origins,113.5
Estimated Migration (Persons in April),2008,All ages,Both sexes,Emigrants: All destinations,49.2
Estimated Migration (Persons in April),2008,All ages,Both sexes,Net migration,64.3
Estimated Migration (Persons in April),2008,All ages,Male,Immigrants: All origins,53.9
Estimated Migration (Persons in April),2008,All ages,Male,Emigrants: All destinations,29.6
Estimated Migration (Persons in April),2008,All ages,Male,Net migration,24.4
Estimated Migration (Persons in April),2008,All ages,Female,Immigrants: All origins,59.5
Estimated Migration (Persons in April),2008,All ages,Female,Emigrants: All destinations,19.6
Estimated Migration (Persons in April),2008,All ages,Female,Net migration,39.9
Estimated Migration (Persons in April),2008,0 - 14 years,Both sexes,Immigrants: All origins,13.9
Estimated Migration (Persons in April),2008,0 - 14 years,Both sexes,Emigrants: All destinations,1.6
Estimated Migration (Persons in April),2008,0 - 14 years,Both sexes,Net migration,12.3
Estimated Migration (Persons in April),2008,0 - 14 years,Male,Immigrants: All origins,6.6
Estimated Migration (Persons in April),2008,0 - 14 years,Male,Emigrants: All destinations,0.8
Estimated Migration (Persons in April),2008,0 - 14 years,Male,Net migration,5.8
Estimated Migration (Persons in April),2008,0 - 14 years,Female,Immigrants: All origins,7.3
Estimated Migration (Persons in April),2008,0 - 14 years,Female,Emigrants: All destinations,0.8
Estimated Migration (Persons in April),2008,0 - 14 years,Female,Net migration,6.5
Estimated Migration (Persons in April),2008,15 - 24 years,Both sexes,Immigrants: All origins,50.0
Estimated Migration (Persons in April),2008,15 - 24 years,Both sexes,Emigrants: All destinations,17.8
Estimated Migration (Persons in April),2008,15 - 24 years,Both sexes,Net migration,32.3
Estimated Migration (Persons in April),2008,15 - 24 years,Male,Immigrants: All origins,23.3
Estimated Migration (Persons in April),2008,15 - 24 years,Male,Emigrants: All destinations,9.7
Estimated Migration (Persons in April),2008,15 - 24 years,Male,Net migration,13.7
Estimated Migration (Persons in April),2008,15 - 24 years,Female,Immigrants: All origins,26.7
Estimated Migration (Persons in April),2008,15 - 24 years,Female,Emigrants: All destinations,8.1
Estimated Migration (Persons in April),2008,15 - 24 years,Female,Net migration,18.6
Estimated Migration (Persons in April),2008,25 - 44 years,Both sexes,Immigrants: All origins,38.8
Estimated Migration (Persons in April),2008,25 - 44 years,Both sexes,Emigrants: All destinations,24.0
Estimated Migration (Persons in April),2008,25 - 44 years,Both sexes,Net migration,14.8
Estimated Migration (Persons in April),2008,25 - 44 years,Male,Immigrants: All origins,18.0
Estimated Migration (Persons in April),2008,25 - 44 years,Male,Emigrants: All destinations,14.9
Estimated Migration (Persons in April),2008,25 - 44 years,Male,Net migration,3.1
Estimated Migration (Persons in April),2008,25 - 44 years,Female,Immigrants: All origins,20.7
Estimated Migration (Persons in April),2008,25 - 44 years,Female,Emigrants: All destinations,9.1
Estimated Migration (Persons in April),2008,25 - 44 years,Female,Net migration,11.7
Estimated Migration (Persons in April),2008,45 - 64 years,Both sexes,Immigrants: All origins,7.2
Estimated Migration (Persons in April),2008,45 - 64 years,Both sexes,Emigrants: All destinations,2.9
Estimated Migration (Persons in April),2008,45 - 64 years,Both sexes,Net migration,4.3
Estimated Migration (Persons in April),2008,45 - 64 years,Male,Immigrants: All origins,4.2
Estimated Migration (Persons in April),2008,45 - 64 years,Male,Emigrants: All destinations,2.2
Estimated Migration (Persons in April),2008,45 - 64 years,Male,Net migration,2.0
Estimated Migration (Persons in April),2008,45 - 64 years,Female,Immigrants: All origins,3.0
Estimated Migration (Persons in April),2008,45 - 64 years,Female,Emigrants: All destinations,0.6
Estimated Migration (Persons in April),2008,45 - 64 years,Female,Net migration,2.4
Estimated Migration (Persons in April),2008,65 years and over,Both sexes,Immigrants: All origins,3.6
Estimated Migration (Persons in April),2008,65 years and over,Both sexes,Emigrants: All destinations,3.0
Estimated Migration (Persons in April),2008,65 years and over,Both sexes,Net migration,0.6
Estimated Migration (Persons in April),2008,65 years and over,Male,Immigrants: All origins,1.7
Estimated Migration (Persons in April),2008,65 years and over,Male,Emigrants: All destinations,2.0
Estimated Migration (Persons in April),2008,65 years and over,Male,Net migration,-0.2
Estimated Migration (Persons in April),2008,65 years and over,Female,Immigrants: All origins,1.8
Estimated Migration (Persons in April),2008,65 years and over,Female,Emigrants: All destinations,1.0
Estimated Migration (Persons in April),2008,65 years and over,Female,Net migration,0.8
Estimated Migration (Persons in April),2009,All ages,Both sexes,Immigrants: All origins,73.7
Estimated Migration (Persons in April),2009,All ages,Both sexes,Emigrants: All destinations,72.0
Estimated Migration (Persons in April),2009,All ages,Both sexes,Net migration,1.6
Estimated Migration (Persons in April),2009,All ages,Male,Immigrants: All origins,36.8
Estimated Migration (Persons in April),2009,All ages,Male,Emigrants: All destinations,41.9
Estimated Migration (Persons in April),2009,All ages,Male,Net migration,-5.1
Estimated Migration (Persons in April),2009,All ages,Female,Immigrants: All origins,36.8
Estimated Migration (Persons in April),2009,All ages,Female,Emigrants: All destinations,30.1
Estimated Migration (Persons in April),2009,All ages,Female,Net migration,6.7
Estimated Migration (Persons in April),2009,0 - 14 years,Both sexes,Immigrants: All origins,4.5
Estimated Migration (Persons in April),2009,0 - 14 years,Both sexes,Emigrants: All destinations,2.4
Estimated Migration (Persons in April),2009,0 - 14 years,Both sexes,Net migration,2.1
Estimated Migration (Persons in April),2009,0 - 14 years,Male,Immigrants: All origins,2.2
Estimated Migration (Persons in April),2009,0 - 14 years,Male,Emigrants: All destinations,1.1
Estimated Migration (Persons in April),2009,0 - 14 years,Male,Net migration,1.1
Estimated Migration (Persons in April),2009,0 - 14 years,Female,Immigrants: All origins,2.3
Estimated Migration (Persons in April),2009,0 - 14 years,Female,Emigrants: All destinations,1.3
Estimated Migration (Persons in April),2009,0 - 14 years,Female,Net migration,1.0
Estimated Migration (Persons in April),2009,15 - 24 years,Both sexes,Immigrants: All origins,37.2
Estimated Migration (Persons in April),2009,15 - 24 years,Both sexes,Emigrants: All destinations,27.9
Estimated Migration (Persons in April),2009,15 - 24 years,Both sexes,Net migration,9.3
Estimated Migration (Persons in April),2009,15 - 24 years,Male,Immigrants: All origins,18.6
Estimated Migration (Persons in April),2009,15 - 24 years,Male,Emigrants: All destinations,17.1
Estimated Migration (Persons in April),2009,15 - 24 years,Male,Net migration,1.4
Estimated Migration (Persons in April),2009,15 - 24 years,Female,Immigrants: All origins,18.6
Estimated Migration (Persons in April),2009,15 - 24 years,Female,Emigrants: All destinations,10.8
Estimated Migration (Persons in April),2009,15 - 24 years,Female,Net migration,7.8
Estimated Migration (Persons in April),2009,25 - 44 years,Both sexes,Immigrants: All origins,26.4
Estimated Migration (Persons in April),2009,25 - 44 years,Both sexes,Emigrants: All destinations,37.5
Estimated Migration (Persons in April),2009,25 - 44 years,Both sexes,Net migration,-11.1
Estimated Migration (Persons in April),2009,25 - 44 years,Male,Immigrants: All origins,13.0
Estimated Migration (Persons in April),2009,25 - 44 years,Male,Emigrants: All destinations,22.0
Estimated Migration (Persons in April),2009,25 - 44 years,Male,Net migration,-9.0
Estimated Migration (Persons in April),2009,25 - 44 years,Female,Immigrants: All origins,13.4
Estimated Migration (Persons in April),2009,25 - 44 years,Female,Emigrants: All destinations,15.5
Estimated Migration (Persons in April),2009,25 - 44 years,Female,Net migration,-2.1
Estimated Migration (Persons in April),2009,45 - 64 years,Both sexes,Immigrants: All origins,3.3
Estimated Migration (Persons in April),2009,45 - 64 years,Both sexes,Emigrants: All destinations,3.1
Estimated Migration (Persons in April),2009,45 - 64 years,Both sexes,Net migration,0.3
Estimated Migration (Persons in April),2009,45 - 64 years,Male,Immigrants: All origins,1.6
Estimated Migration (Persons in April),2009,45 - 64 years,Male,Emigrants: All destinations,1.2
Estimated Migration (Persons in April),2009,45 - 64 years,Male,Net migration,0.4
Estimated Migration (Persons in April),2009,45 - 64 years,Female,Immigrants: All origins,1.7
Estimated Migration (Persons in April),2009,45 - 64 years,Female,Emigrants: All destinations,1.8
Estimated Migration (Persons in April),2009,45 - 64 years,Female,Net migration,-0.1
Estimated Migration (Persons in April),2009,65 years and over,Both sexes,Immigrants: All origins,2.3
Estimated Migration (Persons in April),2009,65 years and over,Both sexes,Emigrants: All destinations,1.2
Estimated Migration (Persons in April),2009,65 years and over,Both sexes,Net migration,1.0
Estimated Migration (Persons in April),2009,65 years and over,Male,Immigrants: All origins,1.4
Estimated Migration (Persons in April),2009,65 years and over,Male,Emigrants: All destinations,0.4
Estimated Migration (Persons in April),2009,65 years and over,Male,Net migration,1.0
Estimated Migration (Persons in April),2009,65 years and over,Female,Immigrants: All origins,0.9
Estimated Migration (Persons in April),2009,65 years and over,Female,Emigrants: All destinations,0.8
Estimated Migration (Persons in April),2009,65 years and over,Female,Net migration,0.1
Estimated Migration (Persons in April),2010,All ages,Both sexes,Immigrants: All origins,41.8
Estimated Migration (Persons in April),2010,All ages,Both sexes,Emigrants: All destinations,69.2
Estimated Migration (Persons in April),2010,All ages,Both sexes,Net migration,-27.5
Estimated Migration (Persons in April),2010,All ages,Male,Immigrants: All origins,20.4
Estimated Migration (Persons in April),2010,All ages,Male,Emigrants: All destinations,40.6
Estimated Migration (Persons in April),2010,All ages,Male,Net migration,-20.2
Estimated Migration (Persons in April),2010,All ages,Female,Immigrants: All origins,21.4
Estimated Migration (Persons in April),2010,All ages,Female,Emigrants: All destinations,28.7
Estimated Migration (Persons in April),2010,All ages,Female,Net migration,-7.2
Estimated Migration (Persons in April),2010,0 - 14 years,Both sexes,Immigrants: All origins,1.8
Estimated Migration (Persons in April),2010,0 - 14 years,Both sexes,Emigrants: All destinations,2.0
Estimated Migration (Persons in April),2010,0 - 14 years,Both sexes,Net migration,-0.2
Estimated Migration (Persons in April),2010,0 - 14 years,Male,Immigrants: All origins,1.4
Estimated Migration (Persons in April),2010,0 - 14 years,Male,Emigrants: All destinations,1.0
Estimated Migration (Persons in April),2010,0 - 14 years,Male,Net migration,0.4
Estimated Migration (Persons in April),2010,0 - 14 years,Female,Immigrants: All origins,0.5
Estimated Migration (Persons in April),2010,0 - 14 years,Female,Emigrants: All destinations,1.1
Estimated Migration (Persons in April),2010,0 - 14 years,Female,Net migration,-0.6
Estimated Migration (Persons in April),2010,15 - 24 years,Both sexes,Immigrants: All origins,17.3
Estimated Migration (Persons in April),2010,15 - 24 years,Both sexes,Emigrants: All destinations,26.7
Estimated Migration (Persons in April),2010,15 - 24 years,Both sexes,Net migration,-9.4
Estimated Migration (Persons in April),2010,15 - 24 years,Male,Immigrants: All origins,7.6
Estimated Migration (Persons in April),2010,15 - 24 years,Male,Emigrants: All destinations,13.7
Estimated Migration (Persons in April),2010,15 - 24 years,Male,Net migration,-6.1
Estimated Migration (Persons in April),2010,15 - 24 years,Female,Immigrants: All origins,9.7
Estimated Migration (Persons in April),2010,15 - 24 years,Female,Emigrants: All destinations,13.0
Estimated Migration (Persons in April),2010,15 - 24 years,Female,Net migration,-3.3
Estimated Migration (Persons in April),2010,25 - 44 years,Both sexes,Immigrants: All origins,18.8
Estimated Migration (Persons in April),2010,25 - 44 years,Both sexes,Emigrants: All destinations,36.5
Estimated Migration (Persons in April),2010,25 - 44 years,Both sexes,Net migration,-17.7
Estimated Migration (Persons in April),2010,25 - 44 years,Male,Immigrants: All origins,9.9
Estimated Migration (Persons in April),2010,25 - 44 years,Male,Emigrants: All destinations,23.0
Estimated Migration (Persons in April),2010,25 - 44 years,Male,Net migration,-13.1
Estimated Migration (Persons in April),2010,25 - 44 years,Female,Immigrants: All origins,8.8
Estimated Migration (Persons in April),2010,25 - 44 years,Female,Emigrants: All destinations,13.5
Estimated Migration (Persons in April),2010,25 - 44 years,Female,Net migration,-4.6
Estimated Migration (Persons in April),2010,45 - 64 years,Both sexes,Immigrants: All origins,2.0
Estimated Migration (Persons in April),2010,45 - 64 years,Both sexes,Emigrants: All destinations,2.9
Estimated Migration (Persons in April),2010,45 - 64 years,Both sexes,Net migration,-0.9
Estimated Migration (Persons in April),2010,45 - 64 years,Male,Immigrants: All origins,0.8
Estimated Migration (Persons in April),2010,45 - 64 years,Male,Emigrants: All destinations,2.4
Estimated Migration (Persons in April),2010,45 - 64 years,Male,Net migration,-1.7
Estimated Migration (Persons in April),2010,45 - 64 years,Female,Immigrants: All origins,1.3
Estimated Migration (Persons in April),2010,45 - 64 years,Female,Emigrants: All destinations,0.5
Estimated Migration (Persons in April),2010,45 - 64 years,Female,Net migration,0.8
Estimated Migration (Persons in April),2010,65 years and over,Both sexes,Immigrants: All origins,1.9
Estimated Migration (Persons in April),2010,65 years and over,Both sexes,Emigrants: All destinations,1.1
Estimated Migration (Persons in April),2010,65 years and over,Both sexes,Net migration,0.8
Estimated Migration (Persons in April),2010,65 years and over,Male,Immigrants: All origins,0.7
Estimated Migration (Persons in April),2010,65 years and over,Male,Emigrants: All destinations,0.5
Estimated Migration (Persons in April),2010,65 years and over,Male,Net migration,0.3
Estimated Migration (Persons in April),2010,65 years and over,Female,Immigrants: All origins,1.1
Estimated Migration (Persons in April),2010,65 years and over,Female,Emigrants: All destinations,0.6
Estimated Migration (Persons in April),2010,65 years and over,Female,Net migration,0.5
Estimated Migration (Persons in April),2011,All ages,Both sexes,Immigrants: All origins,53.3
Estimated Migration (Persons in April),2011,All ages,Both sexes,Emigrants: All destinations,80.6
Estimated Migration (Persons in April),2011,All ages,Both sexes,Net migration,-27.4
Estimated Migration (Persons in April),2011,All ages,Male,Immigrants: All origins,26.0
Estimated Migration (Persons in April),2011,All ages,Male,Emigrants: All destinations,41.9
Estimated Migration (Persons in April),2011,All ages,Male,Net migration,-15.8
Estimated Migration (Persons in April),2011,All ages,Female,Immigrants: All origins,27.2
Estimated Migration (Persons in April),2011,All ages,Female,Emigrants: All destinations,38.8
Estimated Migration (Persons in April),2011,All ages,Female,Net migration,-11.5
Estimated Migration (Persons in April),2011,0 - 14 years,Both sexes,Immigrants: All origins,6.1
Estimated Migration (Persons in April),2011,0 - 14 years,Both sexes,Emigrants: All destinations,5.3
Estimated Migration (Persons in April),2011,0 - 14 years,Both sexes,Net migration,0.9
Estimated Migration (Persons in April),2011,0 - 14 years,Male,Immigrants: All origins,3.1
Estimated Migration (Persons in April),2011,0 - 14 years,Male,Emigrants: All destinations,2.5
Estimated Migration (Persons in April),2011,0 - 14 years,Male,Net migration,0.6
Estimated Migration (Persons in April),2011,0 - 14 years,Female,Immigrants: All origins,3.0
Estimated Migration (Persons in April),2011,0 - 14 years,Female,Emigrants: All destinations,2.7
Estimated Migration (Persons in April),2011,0 - 14 years,Female,Net migration,0.2
Estimated Migration (Persons in April),2011,15 - 24 years,Both sexes,Immigrants: All origins,14.6
Estimated Migration (Persons in April),2011,15 - 24 years,Both sexes,Emigrants: All destinations,34.5
Estimated Migration (Persons in April),2011,15 - 24 years,Both sexes,Net migration,-19.9
Estimated Migration (Persons in April),2011,15 - 24 years,Male,Immigrants: All origins,6.4
Estimated Migration (Persons in April),2011,15 - 24 years,Male,Emigrants: All destinations,15.9
Estimated Migration (Persons in April),2011,15 - 24 years,Male,Net migration,-9.5
Estimated Migration (Persons in April),2011,15 - 24 years,Female,Immigrants: All origins,8.2
Estimated Migration (Persons in April),2011,15 - 24 years,Female,Emigrants: All destinations,18.6
Estimated Migration (Persons in April),2011,15 - 24 years,Female,Net migration,-10.5
Estimated Migration (Persons in April),2011,25 - 44 years,Both sexes,Immigrants: All origins,26.9
Estimated Migration (Persons in April),2011,25 - 44 years,Both sexes,Emigrants: All destinations,31.3
Estimated Migration (Persons in April),2011,25 - 44 years,Both sexes,Net migration,-4.4
Estimated Migration (Persons in April),2011,25 - 44 years,Male,Immigrants: All origins,13.6
Estimated Migration (Persons in April),2011,25 - 44 years,Male,Emigrants: All destinations,17.9
Estimated Migration (Persons in April),2011,25 - 44 years,Male,Net migration,-4.4
Estimated Migration (Persons in April),2011,25 - 44 years,Female,Immigrants: All origins,13.3
Estimated Migration (Persons in April),2011,25 - 44 years,Female,Emigrants: All destinations,13.3
Estimated Migration (Persons in April),2011,25 - 44 years,Female,Net migration,0.0
Estimated Migration (Persons in April),2011,45 - 64 years,Both sexes,Immigrants: All origins,4.3
Estimated Migration (Persons in April),2011,45 - 64 years,Both sexes,Emigrants: All destinations,6.1
Estimated Migration (Persons in April),2011,45 - 64 years,Both sexes,Net migration,-1.8
Estimated Migration (Persons in April),2011,45 - 64 years,Male,Immigrants: All origins,2.2
Estimated Migration (Persons in April),2011,45 - 64 years,Male,Emigrants: All destinations,3.1
Estimated Migration (Persons in April),2011,45 - 64 years,Male,Net migration,-0.9
Estimated Migration (Persons in April),2011,45 - 64 years,Female,Immigrants: All origins,2.1
Estimated Migration (Persons in April),2011,45 - 64 years,Female,Emigrants: All destinations,3.1
Estimated Migration (Persons in April),2011,45 - 64 years,Female,Net migration,-1.0
Estimated Migration (Persons in April),2011,65 years and over,Both sexes,Immigrants: All origins,1.3
Estimated Migration (Persons in April),2011,65 years and over,Both sexes,Emigrants: All destinations,3.4
Estimated Migration (Persons in April),2011,65 years and over,Both sexes,Net migration,-2.1
Estimated Migration (Persons in April),2011,65 years and over,Male,Immigrants: All origins,0.7
Estimated Migration (Persons in April),2011,65 years and over,Male,Emigrants: All destinations,2.4
Estimated Migration (Persons in April),2011,65 years and over,Male,Net migration,-1.8
Estimated Migration (Persons in April),2011,65 years and over,Female,Immigrants: All origins,0.7
Estimated Migration (Persons in April),2011,65 years and over,Female,Emigrants: All destinations,1.0
Estimated Migration (Persons in April),2011,65 years and over,Female,Net migration,-0.3
Estimated Migration (Persons in April),2012,All ages,Both sexes,Immigrants: All origins,57.3
Estimated Migration (Persons in April),2012,All ages,Both sexes,Emigrants: All destinations,83.0
Estimated Migration (Persons in April),2012,All ages,Both sexes,Net migration,-25.7
Estimated Migration (Persons in April),2012,All ages,Male,Immigrants: All origins,27.5
Estimated Migration (Persons in April),2012,All ages,Male,Emigrants: All destinations,45.9
Estimated Migration (Persons in April),2012,All ages,Male,Net migration,-18.4
Estimated Migration (Persons in April),2012,All ages,Female,Immigrants: All origins,29.7
Estimated Migration (Persons in April),2012,All ages,Female,Emigrants: All destinations,37.1
Estimated Migration (Persons in April),2012,All ages,Female,Net migration,-7.3
Estimated Migration (Persons in April),2012,0 - 14 years,Both sexes,Immigrants: All origins,6.6
Estimated Migration (Persons in April),2012,0 - 14 years,Both sexes,Emigrants: All destinations,9.5
Estimated Migration (Persons in April),2012,0 - 14 years,Both sexes,Net migration,-2.9
Estimated Migration (Persons in April),2012,0 - 14 years,Male,Immigrants: All origins,2.8
Estimated Migration (Persons in April),2012,0 - 14 years,Male,Emigrants: All destinations,4.6
Estimated Migration (Persons in April),2012,0 - 14 years,Male,Net migration,-1.8
Estimated Migration (Persons in April),2012,0 - 14 years,Female,Immigrants: All origins,3.9
Estimated Migration (Persons in April),2012,0 - 14 years,Female,Emigrants: All destinations,5.0
Estimated Migration (Persons in April),2012,0 - 14 years,Female,Net migration,-1.1
Estimated Migration (Persons in April),2012,15 - 24 years,Both sexes,Immigrants: All origins,16.9
Estimated Migration (Persons in April),2012,15 - 24 years,Both sexes,Emigrants: All destinations,26.0
Estimated Migration (Persons in April),2012,15 - 24 years,Both sexes,Net migration,-9.1
Estimated Migration (Persons in April),2012,15 - 24 years,Male,Immigrants: All origins,7.6
Estimated Migration (Persons in April),2012,15 - 24 years,Male,Emigrants: All destinations,13.6
Estimated Migration (Persons in April),2012,15 - 24 years,Male,Net migration,-6.0
Estimated Migration (Persons in April),2012,15 - 24 years,Female,Immigrants: All origins,9.3
Estimated Migration (Persons in April),2012,15 - 24 years,Female,Emigrants: All destinations,12.4
Estimated Migration (Persons in April),2012,15 - 24 years,Female,Net migration,-3.1
Estimated Migration (Persons in April),2012,25 - 44 years,Both sexes,Immigrants: All origins,26.4
Estimated Migration (Persons in April),2012,25 - 44 years,Both sexes,Emigrants: All destinations,38.5
Estimated Migration (Persons in April),2012,25 - 44 years,Both sexes,Net migration,-12.1
Estimated Migration (Persons in April),2012,25 - 44 years,Male,Immigrants: All origins,13.4
Estimated Migration (Persons in April),2012,25 - 44 years,Male,Emigrants: All destinations,22.7
Estimated Migration (Persons in April),2012,25 - 44 years,Male,Net migration,-9.3
Estimated Migration (Persons in April),2012,25 - 44 years,Female,Immigrants: All origins,13.0
Estimated Migration (Persons in April),2012,25 - 44 years,Female,Emigrants: All destinations,15.8
Estimated Migration (Persons in April),2012,25 - 44 years,Female,Net migration,-2.9
Estimated Migration (Persons in April),2012,45 - 64 years,Both sexes,Immigrants: All origins,4.5
Estimated Migration (Persons in April),2012,45 - 64 years,Both sexes,Emigrants: All destinations,6.8
Estimated Migration (Persons in April),2012,45 - 64 years,Both sexes,Net migration,-2.3
Estimated Migration (Persons in April),2012,45 - 64 years,Male,Immigrants: All origins,2.1
Estimated Migration (Persons in April),2012,45 - 64 years,Male,Emigrants: All destinations,4.1
Estimated Migration (Persons in April),2012,45 - 64 years,Male,Net migration,-2.0
Estimated Migration (Persons in April),2012,45 - 64 years,Female,Immigrants: All origins,2.4
Estimated Migration (Persons in April),2012,45 - 64 years,Female,Emigrants: All destinations,2.7
Estimated Migration (Persons in April),2012,45 - 64 years,Female,Net migration,-0.3
Estimated Migration (Persons in April),2012,65 years and over,Both sexes,Immigrants: All origins,2.9
Estimated Migration (Persons in April),2012,65 years and over,Both sexes,Emigrants: All destinations,2.1
Estimated Migration (Persons in April),2012,65 years and over,Both sexes,Net migration,0.7
Estimated Migration (Persons in April),2012,65 years and over,Male,Immigrants: All origins,1.6
Estimated Migration (Persons in April),2012,65 years and over,Male,Emigrants: All destinations,0.9
Estimated Migration (Persons in April),2012,65 years and over,Male,Net migration,0.7
Estimated Migration (Persons in April),2012,65 years and over,Female,Immigrants: All origins,1.2
Estimated Migration (Persons in April),2012,65 years and over,Female,Emigrants: All destinations,1.2
Estimated Migration (Persons in April),2012,65 years and over,Female,Net migration,0.1
Estimated Migration (Persons in April),2013,All ages,Both sexes,Immigrants: All origins,62.7
Estimated Migration (Persons in April),2013,All ages,Both sexes,Emigrants: All destinations,81.3
Estimated Migration (Persons in April),2013,All ages,Both sexes,Net migration,-18.7
Estimated Migration (Persons in April),2013,All ages,Male,Immigrants: All origins,32.3
Estimated Migration (Persons in April),2013,All ages,Male,Emigrants: All destinations,41.6
Estimated Migration (Persons in April),2013,All ages,Male,Net migration,-9.3
Estimated Migration (Persons in April),2013,All ages,Female,Immigrants: All origins,30.4
Estimated Migration (Persons in April),2013,All ages,Female,Emigrants: All destinations,39.7
Estimated Migration (Persons in April),2013,All ages,Female,Net migration,-9.3
Estimated Migration (Persons in April),2013,0 - 14 years,Both sexes,Immigrants: All origins,7.6
Estimated Migration (Persons in April),2013,0 - 14 years,Both sexes,Emigrants: All destinations,11.1
Estimated Migration (Persons in April),2013,0 - 14 years,Both sexes,Net migration,-3.5
Estimated Migration (Persons in April),2013,0 - 14 years,Male,Immigrants: All origins,3.5
Estimated Migration (Persons in April),2013,0 - 14 years,Male,Emigrants: All destinations,5.8
Estimated Migration (Persons in April),2013,0 - 14 years,Male,Net migration,-2.4
Estimated Migration (Persons in April),2013,0 - 14 years,Female,Immigrants: All origins,4.1
Estimated Migration (Persons in April),2013,0 - 14 years,Female,Emigrants: All destinations,5.2
Estimated Migration (Persons in April),2013,0 - 14 years,Female,Net migration,-1.1
Estimated Migration (Persons in April),2013,15 - 24 years,Both sexes,Immigrants: All origins,20.0
Estimated Migration (Persons in April),2013,15 - 24 years,Both sexes,Emigrants: All destinations,23.9
Estimated Migration (Persons in April),2013,15 - 24 years,Both sexes,Net migration,-3.9
Estimated Migration (Persons in April),2013,15 - 24 years,Male,Immigrants: All origins,10.3
Estimated Migration (Persons in April),2013,15 - 24 years,Male,Emigrants: All destinations,12.0
Estimated Migration (Persons in April),2013,15 - 24 years,Male,Net migration,-1.6
Estimated Migration (Persons in April),2013,15 - 24 years,Female,Immigrants: All origins,9.7
Estimated Migration (Persons in April),2013,15 - 24 years,Female,Emigrants: All destinations,11.9
Estimated Migration (Persons in April),2013,15 - 24 years,Female,Net migration,-2.2
Estimated Migration (Persons in April),2013,25 - 44 years,Both sexes,Immigrants: All origins,27.7
Estimated Migration (Persons in April),2013,25 - 44 years,Both sexes,Emigrants: All destinations,37.1
Estimated Migration (Persons in April),2013,25 - 44 years,Both sexes,Net migration,-9.4
Estimated Migration (Persons in April),2013,25 - 44 years,Male,Immigrants: All origins,14.6
Estimated Migration (Persons in April),2013,25 - 44 years,Male,Emigrants: All destinations,19.2
Estimated Migration (Persons in April),2013,25 - 44 years,Male,Net migration,-4.6
Estimated Migration (Persons in April),2013,25 - 44 years,Female,Immigrants: All origins,13.1
Estimated Migration (Persons in April),2013,25 - 44 years,Female,Emigrants: All destinations,17.9
Estimated Migration (Persons in April),2013,25 - 44 years,Female,Net migration,-4.8
Estimated Migration (Persons in April),2013,45 - 64 years,Both sexes,Immigrants: All origins,4.4
Estimated Migration (Persons in April),2013,45 - 64 years,Both sexes,Emigrants: All destinations,7.6
Estimated Migration (Persons in April),2013,45 - 64 years,Both sexes,Net migration,-3.2
Estimated Migration (Persons in April),2013,45 - 64 years,Male,Immigrants: All origins,2.4
Estimated Migration (Persons in April),2013,45 - 64 years,Male,Emigrants: All destinations,3.8
Estimated Migration (Persons in April),2013,45 - 64 years,Male,Net migration,-1.4
Estimated Migration (Persons in April),2013,45 - 64 years,Female,Immigrants: All origins,2.0
Estimated Migration (Persons in April),2013,45 - 64 years,Female,Emigrants: All destinations,3.8
Estimated Migration (Persons in April),2013,45 - 64 years,Female,Net migration,-1.8
Estimated Migration (Persons in April),2013,65 years and over,Both sexes,Immigrants: All origins,3.0
Estimated Migration (Persons in April),2013,65 years and over,Both sexes,Emigrants: All destinations,1.7
Estimated Migration (Persons in April),2013,65 years and over,Both sexes,Net migration,1.3
Estimated Migration (Persons in April),2013,65 years and over,Male,Immigrants: All origins,1.5
Estimated Migration (Persons in April),2013,65 years and over,Male,Emigrants: All destinations,0.8
Estimated Migration (Persons in April),2013,65 years and over,Male,Net migration,0.7
Estimated Migration (Persons in April),2013,65 years and over,Female,Immigrants: All origins,1.5
Estimated Migration (Persons in April),2013,65 years and over,Female,Emigrants: All destinations,0.9
Estimated Migration (Persons in April),2013,65 years and over,Female,Net migration,0.6
Estimated Migration (Persons in April),2014,All ages,Both sexes,Immigrants: All origins,66.5
Estimated Migration (Persons in April),2014,All ages,Both sexes,Emigrants: All destinations,75.0
Estimated Migration (Persons in April),2014,All ages,Both sexes,Net migration,-8.5
Estimated Migration (Persons in April),2014,All ages,Male,Immigrants: All origins,30.9
Estimated Migration (Persons in April),2014,All ages,Male,Emigrants: All destinations,38.3
Estimated Migration (Persons in April),2014,All ages,Male,Net migration,-7.4
Estimated Migration (Persons in April),2014,All ages,Female,Immigrants: All origins,35.6
Estimated Migration (Persons in April),2014,All ages,Female,Emigrants: All destinations,36.6
Estimated Migration (Persons in April),2014,All ages,Female,Net migration,-1.0
Estimated Migration (Persons in April),2014,0 - 14 years,Both sexes,Immigrants: All origins,6.5
Estimated Migration (Persons in April),2014,0 - 14 years,Both sexes,Emigrants: All destinations,10.2
Estimated Migration (Persons in April),2014,0 - 14 years,Both sexes,Net migration,-3.6
Estimated Migration (Persons in April),2014,0 - 14 years,Male,Immigrants: All origins,2.6
Estimated Migration (Persons in April),2014,0 - 14 years,Male,Emigrants: All destinations,4.5
Estimated Migration (Persons in April),2014,0 - 14 years,Male,Net migration,-1.9
Estimated Migration (Persons in April),2014,0 - 14 years,Female,Immigrants: All origins,3.9
Estimated Migration (Persons in April),2014,0 - 14 years,Female,Emigrants: All destinations,5.7
Estimated Migration (Persons in April),2014,0 - 14 years,Female,Net migration,-1.8
Estimated Migration (Persons in April),2014,15 - 24 years,Both sexes,Immigrants: All origins,21.8
Estimated Migration (Persons in April),2014,15 - 24 years,Both sexes,Emigrants: All destinations,21.8
Estimated Migration (Persons in April),2014,15 - 24 years,Both sexes,Net migration,0.0
Estimated Migration (Persons in April),2014,15 - 24 years,Male,Immigrants: All origins,10.3
Estimated Migration (Persons in April),2014,15 - 24 years,Male,Emigrants: All destinations,10.9
Estimated Migration (Persons in April),2014,15 - 24 years,Male,Net migration,-0.6
Estimated Migration (Persons in April),2014,15 - 24 years,Female,Immigrants: All origins,11.5
Estimated Migration (Persons in April),2014,15 - 24 years,Female,Emigrants: All destinations,10.9
Estimated Migration (Persons in April),2014,15 - 24 years,Female,Net migration,0.6
Estimated Migration (Persons in April),2014,25 - 44 years,Both sexes,Immigrants: All origins,31.6
Estimated Migration (Persons in April),2014,25 - 44 years,Both sexes,Emigrants: All destinations,37.4
Estimated Migration (Persons in April),2014,25 - 44 years,Both sexes,Net migration,-5.9
Estimated Migration (Persons in April),2014,25 - 44 years,Male,Immigrants: All origins,15.0
Estimated Migration (Persons in April),2014,25 - 44 years,Male,Emigrants: All destinations,20.3
Estimated Migration (Persons in April),2014,25 - 44 years,Male,Net migration,-5.3
Estimated Migration (Persons in April),2014,25 - 44 years,Female,Immigrants: All origins,16.6
Estimated Migration (Persons in April),2014,25 - 44 years,Female,Emigrants: All destinations,17.1
Estimated Migration (Persons in April),2014,25 - 44 years,Female,Net migration,-0.5
Estimated Migration (Persons in April),2014,45 - 64 years,Both sexes,Immigrants: All origins,3.2
Estimated Migration (Persons in April),2014,45 - 64 years,Both sexes,Emigrants: All destinations,3.3
Estimated Migration (Persons in April),2014,45 - 64 years,Both sexes,Net migration,-0.1
Estimated Migration (Persons in April),2014,45 - 64 years,Male,Immigrants: All origins,1.4
Estimated Migration (Persons in April),2014,45 - 64 years,Male,Emigrants: All destinations,1.9
Estimated Migration (Persons in April),2014,45 - 64 years,Male,Net migration,-0.5
Estimated Migration (Persons in April),2014,45 - 64 years,Female,Immigrants: All origins,1.8
Estimated Migration (Persons in April),2014,45 - 64 years,Female,Emigrants: All destinations,1.4
Estimated Migration (Persons in April),2014,45 - 64 years,Female,Net migration,0.4
Estimated Migration (Persons in April),2014,65 years and over,Both sexes,Immigrants: All origins,3.4
Estimated Migration (Persons in April),2014,65 years and over,Both sexes,Emigrants: All destinations,2.2
Estimated Migration (Persons in April),2014,65 years and over,Both sexes,Net migration,1.1
Estimated Migration (Persons in April),2014,65 years and over,Male,Immigrants: All origins,1.6
Estimated Migration (Persons in April),2014,65 years and over,Male,Emigrants: All destinations,0.8
Estimated Migration (Persons in April),2014,65 years and over,Male,Net migration,0.8
Estimated Migration (Persons in April),2014,65 years and over,Female,Immigrants: All origins,1.8
Estimated Migration (Persons in April),2014,65 years and over,Female,Emigrants: All destinations,1.5
Estimated Migration (Persons in April),2014,65 years and over,Female,Net migration,0.3
Estimated Migration (Persons in April),2015,All ages,Both sexes,Immigrants: All origins,75.9
Estimated Migration (Persons in April),2015,All ages,Both sexes,Emigrants: All destinations,70.0
Estimated Migration (Persons in April),2015,All ages,Both sexes,Net migration,5.9
Estimated Migration (Persons in April),2015,All ages,Male,Immigrants: All origins,35.7
Estimated Migration (Persons in April),2015,All ages,Male,Emigrants: All destinations,35.8
Estimated Migration (Persons in April),2015,All ages,Male,Net migration,-0.1
Estimated Migration (Persons in April),2015,All ages,Female,Immigrants: All origins,40.2
Estimated Migration (Persons in April),2015,All ages,Female,Emigrants: All destinations,34.1
Estimated Migration (Persons in April),2015,All ages,Female,Net migration,6.0
Estimated Migration (Persons in April),2015,0 - 14 years,Both sexes,Immigrants: All origins,9.8
Estimated Migration (Persons in April),2015,0 - 14 years,Both sexes,Emigrants: All destinations,11.4
Estimated Migration (Persons in April),2015,0 - 14 years,Both sexes,Net migration,-1.6
Estimated Migration (Persons in April),2015,0 - 14 years,Male,Immigrants: All origins,5.1
Estimated Migration (Persons in April),2015,0 - 14 years,Male,Emigrants: All destinations,6.0
Estimated Migration (Persons in April),2015,0 - 14 years,Male,Net migration,-0.8
Estimated Migration (Persons in April),2015,0 - 14 years,Female,Immigrants: All origins,4.7
Estimated Migration (Persons in April),2015,0 - 14 years,Female,Emigrants: All destinations,5.5
Estimated Migration (Persons in April),2015,0 - 14 years,Female,Net migration,-0.8
Estimated Migration (Persons in April),2015,15 - 24 years,Both sexes,Immigrants: All origins,18.3
Estimated Migration (Persons in April),2015,15 - 24 years,Both sexes,Emigrants: All destinations,17.3
Estimated Migration (Persons in April),2015,15 - 24 years,Both sexes,Net migration,1.1
Estimated Migration (Persons in April),2015,15 - 24 years,Male,Immigrants: All origins,7.4
Estimated Migration (Persons in April),2015,15 - 24 years,Male,Emigrants: All destinations,6.5
Estimated Migration (Persons in April),2015,15 - 24 years,Male,Net migration,0.8
Estimated Migration (Persons in April),2015,15 - 24 years,Female,Immigrants: All origins,11.0
Estimated Migration (Persons in April),2015,15 - 24 years,Female,Emigrants: All destinations,10.7
Estimated Migration (Persons in April),2015,15 - 24 years,Female,Net migration,0.3
Estimated Migration (Persons in April),2015,25 - 44 years,Both sexes,Immigrants: All origins,40.0
Estimated Migration (Persons in April),2015,25 - 44 years,Both sexes,Emigrants: All destinations,35.5
Estimated Migration (Persons in April),2015,25 - 44 years,Both sexes,Net migration,4.5
Estimated Migration (Persons in April),2015,25 - 44 years,Male,Immigrants: All origins,19.4
Estimated Migration (Persons in April),2015,25 - 44 years,Male,Emigrants: All destinations,19.6
Estimated Migration (Persons in April),2015,25 - 44 years,Male,Net migration,-0.3
Estimated Migration (Persons in April),2015,25 - 44 years,Female,Immigrants: All origins,20.6
Estimated Migration (Persons in April),2015,25 - 44 years,Female,Emigrants: All destinations,15.8
Estimated Migration (Persons in April),2015,25 - 44 years,Female,Net migration,4.8
Estimated Migration (Persons in April),2015,45 - 64 years,Both sexes,Immigrants: All origins,4.1
Estimated Migration (Persons in April),2015,45 - 64 years,Both sexes,Emigrants: All destinations,4.3
Estimated Migration (Persons in April),2015,45 - 64 years,Both sexes,Net migration,-0.2
Estimated Migration (Persons in April),2015,45 - 64 years,Male,Immigrants: All origins,2.2
Estimated Migration (Persons in April),2015,45 - 64 years,Male,Emigrants: All destinations,2.9
Estimated Migration (Persons in April),2015,45 - 64 years,Male,Net migration,-0.7
Estimated Migration (Persons in April),2015,45 - 64 years,Female,Immigrants: All origins,2.0
Estimated Migration (Persons in April),2015,45 - 64 years,Female,Emigrants: All destinations,1.4
Estimated Migration (Persons in April),2015,45 - 64 years,Female,Net migration,0.5
Estimated Migration (Persons in April),2015,65 years and over,Both sexes,Immigrants: All origins,3.6
Estimated Migration (Persons in April),2015,65 years and over,Both sexes,Emigrants: All destinations,1.5
Estimated Migration (Persons in April),2015,65 years and over,Both sexes,Net migration,2.1
Estimated Migration (Persons in April),2015,65 years and over,Male,Immigrants: All origins,1.7
Estimated Migration (Persons in April),2015,65 years and over,Male,Emigrants: All destinations,0.8
Estimated Migration (Persons in April),2015,65 years and over,Male,Net migration,0.9
Estimated Migration (Persons in April),2015,65 years and over,Female,Immigrants: All origins,1.9
Estimated Migration (Persons in April),2015,65 years and over,Female,Emigrants: All destinations,0.7
Estimated Migration (Persons in April),2015,65 years and over,Female,Net migration,1.2
Estimated Migration (Persons in April),2016,All ages,Both sexes,Immigrants: All origins,82.3
Estimated Migration (Persons in April),2016,All ages,Both sexes,Emigrants: All destinations,66.2
Estimated Migration (Persons in April),2016,All ages,Both sexes,Net migration,16.2
Estimated Migration (Persons in April),2016,All ages,Male,Immigrants: All origins,41.2
Estimated Migration (Persons in April),2016,All ages,Male,Emigrants: All destinations,31.0
Estimated Migration (Persons in April),2016,All ages,Male,Net migration,10.1
Estimated Migration (Persons in April),2016,All ages,Female,Immigrants: All origins,41.2
Estimated Migration (Persons in April),2016,All ages,Female,Emigrants: All destinations,35.1
Estimated Migration (Persons in April),2016,All ages,Female,Net migration,6.0
Estimated Migration (Persons in April),2016,0 - 14 years,Both sexes,Immigrants: All origins,9.9
Estimated Migration (Persons in April),2016,0 - 14 years,Both sexes,Emigrants: All destinations,10.2
Estimated Migration (Persons in April),2016,0 - 14 years,Both sexes,Net migration,-0.3
Estimated Migration (Persons in April),2016,0 - 14 years,Male,Immigrants: All origins,5.0
Estimated Migration (Persons in April),2016,0 - 14 years,Male,Emigrants: All destinations,4.7
Estimated Migration (Persons in April),2016,0 - 14 years,Male,Net migration,0.3
Estimated Migration (Persons in April),2016,0 - 14 years,Female,Immigrants: All origins,4.9
Estimated Migration (Persons in April),2016,0 - 14 years,Female,Emigrants: All destinations,5.5
Estimated Migration (Persons in April),2016,0 - 14 years,Female,Net migration,-0.6
Estimated Migration (Persons in April),2016,15 - 24 years,Both sexes,Immigrants: All origins,18.2
Estimated Migration (Persons in April),2016,15 - 24 years,Both sexes,Emigrants: All destinations,18.3
Estimated Migration (Persons in April),2016,15 - 24 years,Both sexes,Net migration,-0.1
Estimated Migration (Persons in April),2016,15 - 24 years,Male,Immigrants: All origins,8.0
Estimated Migration (Persons in April),2016,15 - 24 years,Male,Emigrants: All destinations,9.5
Estimated Migration (Persons in April),2016,15 - 24 years,Male,Net migration,-1.5
Estimated Migration (Persons in April),2016,15 - 24 years,Female,Immigrants: All origins,10.2
Estimated Migration (Persons in April),2016,15 - 24 years,Female,Emigrants: All destinations,8.8
Estimated Migration (Persons in April),2016,15 - 24 years,Female,Net migration,1.4
Estimated Migration (Persons in April),2016,25 - 44 years,Both sexes,Immigrants: All origins,44.7
Estimated Migration (Persons in April),2016,25 - 44 years,Both sexes,Emigrants: All destinations,31.3
Estimated Migration (Persons in April),2016,25 - 44 years,Both sexes,Net migration,13.5
Estimated Migration (Persons in April),2016,25 - 44 years,Male,Immigrants: All origins,23.1
Estimated Migration (Persons in April),2016,25 - 44 years,Male,Emigrants: All destinations,13.9
Estimated Migration (Persons in April),2016,25 - 44 years,Male,Net migration,9.2
Estimated Migration (Persons in April),2016,25 - 44 years,Female,Immigrants: All origins,21.6
Estimated Migration (Persons in April),2016,25 - 44 years,Female,Emigrants: All destinations,17.4
Estimated Migration (Persons in April),2016,25 - 44 years,Female,Net migration,4.3
Estimated Migration (Persons in April),2016,45 - 64 years,Both sexes,Immigrants: All origins,7.1
Estimated Migration (Persons in April),2016,45 - 64 years,Both sexes,Emigrants: All destinations,4.6
Estimated Migration (Persons in April),2016,45 - 64 years,Both sexes,Net migration,2.5
Estimated Migration (Persons in April),2016,45 - 64 years,Male,Immigrants: All origins,4.0
Estimated Migration (Persons in April),2016,45 - 64 years,Male,Emigrants: All destinations,2.2
Estimated Migration (Persons in April),2016,45 - 64 years,Male,Net migration,1.8
Estimated Migration (Persons in April),2016,45 - 64 years,Female,Immigrants: All origins,3.1
Estimated Migration (Persons in April),2016,45 - 64 years,Female,Emigrants: All destinations,2.4
Estimated Migration (Persons in April),2016,45 - 64 years,Female,Net migration,0.7
Estimated Migration (Persons in April),2016,65 years and over,Both sexes,Immigrants: All origins,2.4
Estimated Migration (Persons in April),2016,65 years and over,Both sexes,Emigrants: All destinations,1.7
Estimated Migration (Persons in April),2016,65 years and over,Both sexes,Net migration,0.7
Estimated Migration (Persons in April),2016,65 years and over,Male,Immigrants: All origins,1.1
Estimated Migration (Persons in April),2016,65 years and over,Male,Emigrants: All destinations,0.7
Estimated Migration (Persons in April),2016,65 years and over,Male,Net migration,0.4
Estimated Migration (Persons in April),2016,65 years and over,Female,Immigrants: All origins,1.3
Estimated Migration (Persons in April),2016,65 years and over,Female,Emigrants: All destinations,1.0
Estimated Migration (Persons in April),2016,65 years and over,Female,Net migration,0.3
Estimated Migration (Persons in April),2017,All ages,Both sexes,Immigrants: All origins,95.3
Estimated Migration (Persons in April),2017,All ages,Both sexes,Emigrants: All destinations,56.1
Estimated Migration (Persons in April),2017,All ages,Both sexes,Net migration,39.2
Estimated Migration (Persons in April),2017,All ages,Male,Immigrants: All origins,47.3
Estimated Migration (Persons in April),2017,All ages,Male,Emigrants: All destinations,29.5
Estimated Migration (Persons in April),2017,All ages,Male,Net migration,17.7
Estimated Migration (Persons in April),2017,All ages,Female,Immigrants: All origins,48.0
Estimated Migration (Persons in April),2017,All ages,Female,Emigrants: All destinations,26.6
Estimated Migration (Persons in April),2017,All ages,Female,Net migration,21.4
Estimated Migration (Persons in April),2017,0 - 14 years,Both sexes,Immigrants: All origins,10.4
Estimated Migration (Persons in April),2017,0 - 14 years,Both sexes,Emigrants: All destinations,6.0
Estimated Migration (Persons in April),2017,0 - 14 years,Both sexes,Net migration,4.4
Estimated Migration (Persons in April),2017,0 - 14 years,Male,Immigrants: All origins,4.9
Estimated Migration (Persons in April),2017,0 - 14 years,Male,Emigrants: All destinations,3.1
Estimated Migration (Persons in April),2017,0 - 14 years,Male,Net migration,1.8
Estimated Migration (Persons in April),2017,0 - 14 years,Female,Immigrants: All origins,5.5
Estimated Migration (Persons in April),2017,0 - 14 years,Female,Emigrants: All destinations,2.9
Estimated Migration (Persons in April),2017,0 - 14 years,Female,Net migration,2.7
Estimated Migration (Persons in April),2017,15 - 24 years,Both sexes,Immigrants: All origins,19.5
Estimated Migration (Persons in April),2017,15 - 24 years,Both sexes,Emigrants: All destinations,14.9
Estimated Migration (Persons in April),2017,15 - 24 years,Both sexes,Net migration,4.6
Estimated Migration (Persons in April),2017,15 - 24 years,Male,Immigrants: All origins,9.1
Estimated Migration (Persons in April),2017,15 - 24 years,Male,Emigrants: All destinations,7.2
Estimated Migration (Persons in April),2017,15 - 24 years,Male,Net migration,1.9
Estimated Migration (Persons in April),2017,15 - 24 years,Female,Immigrants: All origins,10.4
Estimated Migration (Persons in April),2017,15 - 24 years,Female,Emigrants: All destinations,7.6
Estimated Migration (Persons in April),2017,15 - 24 years,Female,Net migration,2.8
Estimated Migration (Persons in April),2017,25 - 44 years,Both sexes,Immigrants: All origins,49.2
Estimated Migration (Persons in April),2017,25 - 44 years,Both sexes,Emigrants: All destinations,31.2
Estimated Migration (Persons in April),2017,25 - 44 years,Both sexes,Net migration,18.0
Estimated Migration (Persons in April),2017,25 - 44 years,Male,Immigrants: All origins,25.1
Estimated Migration (Persons in April),2017,25 - 44 years,Male,Emigrants: All destinations,16.6
Estimated Migration (Persons in April),2017,25 - 44 years,Male,Net migration,8.6
Estimated Migration (Persons in April),2017,25 - 44 years,Female,Immigrants: All origins,24.1
Estimated Migration (Persons in April),2017,25 - 44 years,Female,Emigrants: All destinations,14.7
Estimated Migration (Persons in April),2017,25 - 44 years,Female,Net migration,9.4
Estimated Migration (Persons in April),2017,45 - 64 years,Both sexes,Immigrants: All origins,11.5
Estimated Migration (Persons in April),2017,45 - 64 years,Both sexes,Emigrants: All destinations,2.8
Estimated Migration (Persons in April),2017,45 - 64 years,Both sexes,Net migration,8.7
Estimated Migration (Persons in April),2017,45 - 64 years,Male,Immigrants: All origins,5.9
Estimated Migration (Persons in April),2017,45 - 64 years,Male,Emigrants: All destinations,1.9
Estimated Migration (Persons in April),2017,45 - 64 years,Male,Net migration,3.9
Estimated Migration (Persons in April),2017,45 - 64 years,Female,Immigrants: All origins,5.7
Estimated Migration (Persons in April),2017,45 - 64 years,Female,Emigrants: All destinations,0.9
Estimated Migration (Persons in April),2017,45 - 64 years,Female,Net migration,4.8
Estimated Migration (Persons in April),2017,65 years and over,Both sexes,Immigrants: All origins,4.6
Estimated Migration (Persons in April),2017,65 years and over,Both sexes,Emigrants: All destinations,1.2
Estimated Migration (Persons in April),2017,65 years and over,Both sexes,Net migration,3.4
Estimated Migration (Persons in April),2017,65 years and over,Male,Immigrants: All origins,2.3
Estimated Migration (Persons in April),2017,65 years and over,Male,Emigrants: All destinations,0.7
Estimated Migration (Persons in April),2017,65 years and over,Male,Net migration,1.6
Estimated Migration (Persons in April),2017,65 years and over,Female,Immigrants: All origins,2.3
Estimated Migration (Persons in April),2017,65 years and over,Female,Emigrants: All destinations,0.5
Estimated Migration (Persons in April),2017,65 years and over,Female,Net migration,1.8
Estimated Migration (Persons in April),2018,All ages,Both sexes,Immigrants: All origins,96.0
Estimated Migration (Persons in April),2018,All ages,Both sexes,Emigrants: All destinations,51.6
Estimated Migration (Persons in April),2018,All ages,Both sexes,Net migration,44.4
Estimated Migration (Persons in April),2018,All ages,Male,Immigrants: All origins,47.3
Estimated Migration (Persons in April),2018,All ages,Male,Emigrants: All destinations,24.0
Estimated Migration (Persons in April),2018,All ages,Male,Net migration,23.3
Estimated Migration (Persons in April),2018,All ages,Female,Immigrants: All origins,48.7
Estimated Migration (Persons in April),2018,All ages,Female,Emigrants: All destinations,27.6
Estimated Migration (Persons in April),2018,All ages,Female,Net migration,21.1
Estimated Migration (Persons in April),2018,0 - 14 years,Both sexes,Immigrants: All origins,11.6
Estimated Migration (Persons in April),2018,0 - 14 years,Both sexes,Emigrants: All destinations,5.3
Estimated Migration (Persons in April),2018,0 - 14 years,Both sexes,Net migration,6.4
Estimated Migration (Persons in April),2018,0 - 14 years,Male,Immigrants: All origins,5.9
Estimated Migration (Persons in April),2018,0 - 14 years,Male,Emigrants: All destinations,2.2
Estimated Migration (Persons in April),2018,0 - 14 years,Male,Net migration,3.7
Estimated Migration (Persons in April),2018,0 - 14 years,Female,Immigrants: All origins,5.7
Estimated Migration (Persons in April),2018,0 - 14 years,Female,Emigrants: All destinations,3.0
Estimated Migration (Persons in April),2018,0 - 14 years,Female,Net migration,2.7
Estimated Migration (Persons in April),2018,15 - 24 years,Both sexes,Immigrants: All origins,24.7
Estimated Migration (Persons in April),2018,15 - 24 years,Both sexes,Emigrants: All destinations,11.8
Estimated Migration (Persons in April),2018,15 - 24 years,Both sexes,Net migration,12.9
Estimated Migration (Persons in April),2018,15 - 24 years,Male,Immigrants: All origins,11.7
Estimated Migration (Persons in April),2018,15 - 24 years,Male,Emigrants: All destinations,5.2
Estimated Migration (Persons in April),2018,15 - 24 years,Male,Net migration,6.6
Estimated Migration (Persons in April),2018,15 - 24 years,Female,Immigrants: All origins,12.9
Estimated Migration (Persons in April),2018,15 - 24 years,Female,Emigrants: All destinations,6.6
Estimated Migration (Persons in April),2018,15 - 24 years,Female,Net migration,6.4
Estimated Migration (Persons in April),2018,25 - 44 years,Both sexes,Immigrants: All origins,45.5
Estimated Migration (Persons in April),2018,25 - 44 years,Both sexes,Emigrants: All destinations,26.7
Estimated Migration (Persons in April),2018,25 - 44 years,Both sexes,Net migration,18.9
Estimated Migration (Persons in April),2018,25 - 44 years,Male,Immigrants: All origins,22.5
Estimated Migration (Persons in April),2018,25 - 44 years,Male,Emigrants: All destinations,12.9
Estimated Migration (Persons in April),2018,25 - 44 years,Male,Net migration,9.6
Estimated Migration (Persons in April),2018,25 - 44 years,Female,Immigrants: All origins,23.1
Estimated Migration (Persons in April),2018,25 - 44 years,Female,Emigrants: All destinations,13.8
Estimated Migration (Persons in April),2018,25 - 44 years,Female,Net migration,9.3
Estimated Migration (Persons in April),2018,45 - 64 years,Both sexes,Immigrants: All origins,9.5
Estimated Migration (Persons in April),2018,45 - 64 years,Both sexes,Emigrants: All destinations,6.5
Estimated Migration (Persons in April),2018,45 - 64 years,Both sexes,Net migration,3.0
Estimated Migration (Persons in April),2018,45 - 64 years,Male,Immigrants: All origins,4.8
Estimated Migration (Persons in April),2018,45 - 64 years,Male,Emigrants: All destinations,3.1
Estimated Migration (Persons in April),2018,45 - 64 years,Male,Net migration,1.7
Estimated Migration (Persons in April),2018,45 - 64 years,Female,Immigrants: All origins,4.7
Estimated Migration (Persons in April),2018,45 - 64 years,Female,Emigrants: All destinations,3.5
Estimated Migration (Persons in April),2018,45 - 64 years,Female,Net migration,1.2
Estimated Migration (Persons in April),2018,65 years and over,Both sexes,Immigrants: All origins,4.7
Estimated Migration (Persons in April),2018,65 years and over,Both sexes,Emigrants: All destinations,1.4
Estimated Migration (Persons in April),2018,65 years and over,Both sexes,Net migration,3.2
Estimated Migration (Persons in April),2018,65 years and over,Male,Immigrants: All origins,2.4
Estimated Migration (Persons in April),2018,65 years and over,Male,Emigrants: All destinations,0.7
Estimated Migration (Persons in April),2018,65 years and over,Male,Net migration,1.8
Estimated Migration (Persons in April),2018,65 years and over,Female,Immigrants: All origins,2.2
Estimated Migration (Persons in April),2018,65 years and over,Female,Emigrants: All destinations,0.8
Estimated Migration (Persons in April),2018,65 years and over,Female,Net migration,1.5
Estimated Migration (Persons in April),2019,All ages,Both sexes,Immigrants: All origins,97.1
Estimated Migration (Persons in April),2019,All ages,Both sexes,Emigrants: All destinations,53.1
Estimated Migration (Persons in April),2019,All ages,Both sexes,Net migration,44.0
Estimated Migration (Persons in April),2019,All ages,Male,Immigrants: All origins,49.0
Estimated Migration (Persons in April),2019,All ages,Male,Emigrants: All destinations,26.9
Estimated Migration (Persons in April),2019,All ages,Male,Net migration,22.1
Estimated Migration (Persons in April),2019,All ages,Female,Immigrants: All origins,48.1
Estimated Migration (Persons in April),2019,All ages,Female,Emigrants: All destinations,26.2
Estimated Migration (Persons in April),2019,All ages,Female,Net migration,21.9
Estimated Migration (Persons in April),2019,0 - 14 years,Both sexes,Immigrants: All origins,11.1
Estimated Migration (Persons in April),2019,0 - 14 years,Both sexes,Emigrants: All destinations,5.3
Estimated Migration (Persons in April),2019,0 - 14 years,Both sexes,Net migration,5.7
Estimated Migration (Persons in April),2019,0 - 14 years,Male,Immigrants: All origins,6.3
Estimated Migration (Persons in April),2019,0 - 14 years,Male,Emigrants: All destinations,2.5
Estimated Migration (Persons in April),2019,0 - 14 years,Male,Net migration,3.8
Estimated Migration (Persons in April),2019,0 - 14 years,Female,Immigrants: All origins,4.8
Estimated Migration (Persons in April),2019,0 - 14 years,Female,Emigrants: All destinations,2.9
Estimated Migration (Persons in April),2019,0 - 14 years,Female,Net migration,1.9
Estimated Migration (Persons in April),2019,15 - 24 years,Both sexes,Immigrants: All origins,22.2
Estimated Migration (Persons in April),2019,15 - 24 years,Both sexes,Emigrants: All destinations,17.2
Estimated Migration (Persons in April),2019,15 - 24 years,Both sexes,Net migration,5.1
Estimated Migration (Persons in April),2019,15 - 24 years,Male,Immigrants: All origins,9.7
Estimated Migration (Persons in April),2019,15 - 24 years,Male,Emigrants: All destinations,8.5
Estimated Migration (Persons in April),2019,15 - 24 years,Male,Net migration,1.2
Estimated Migration (Persons in April),2019,15 - 24 years,Female,Immigrants: All origins,12.5
Estimated Migration (Persons in April),2019,15 - 24 years,Female,Emigrants: All destinations,8.7
Estimated Migration (Persons in April),2019,15 - 24 years,Female,Net migration,3.9
Estimated Migration (Persons in April),2019,25 - 44 years,Both sexes,Immigrants: All origins,48.8
Estimated Migration (Persons in April),2019,25 - 44 years,Both sexes,Emigrants: All destinations,25.8
Estimated Migration (Persons in April),2019,25 - 44 years,Both sexes,Net migration,23.0
Estimated Migration (Persons in April),2019,25 - 44 years,Male,Immigrants: All origins,25.8
Estimated Migration (Persons in April),2019,25 - 44 years,Male,Emigrants: All destinations,13.9
Estimated Migration (Persons in April),2019,25 - 44 years,Male,Net migration,11.9
Estimated Migration (Persons in April),2019,25 - 44 years,Female,Immigrants: All origins,23.1
Estimated Migration (Persons in April),2019,25 - 44 years,Female,Emigrants: All destinations,12.0
Estimated Migration (Persons in April),2019,25 - 44 years,Female,Net migration,11.1
Estimated Migration (Persons in April),2019,45 - 64 years,Both sexes,Immigrants: All origins,10.8
Estimated Migration (Persons in April),2019,45 - 64 years,Both sexes,Emigrants: All destinations,3.4
Estimated Migration (Persons in April),2019,45 - 64 years,Both sexes,Net migration,7.4
Estimated Migration (Persons in April),2019,45 - 64 years,Male,Immigrants: All origins,5.5
Estimated Migration (Persons in April),2019,45 - 64 years,Male,Emigrants: All destinations,1.6
Estimated Migration (Persons in April),2019,45 - 64 years,Male,Net migration,4.0
Estimated Migration (Persons in April),2019,45 - 64 years,Female,Immigrants: All origins,5.3
Estimated Migration (Persons in April),2019,45 - 64 years,Female,Emigrants: All destinations,1.9
Estimated Migration (Persons in April),2019,45 - 64 years,Female,Net migration,3.4
Estimated Migration (Persons in April),2019,65 years and over,Both sexes,Immigrants: All origins,4.2
Estimated Migration (Persons in April),2019,65 years and over,Both sexes,Emigrants: All destinations,1.4
Estimated Migration (Persons in April),2019,65 years and over,Both sexes,Net migration,2.8
Estimated Migration (Persons in April),2019,65 years and over,Male,Immigrants: All origins,1.8
Estimated Migration (Persons in April),2019,65 years and over,Male,Emigrants: All destinations,0.5
Estimated Migration (Persons in April),2019,65 years and over,Male,Net migration,1.2
Estimated Migration (Persons in April),2019,65 years and over,Female,Immigrants: All origins,2.5
Estimated Migration (Persons in April),2019,65 years and over,Female,Emigrants: All destinations,0.8
Estimated Migration (Persons in April),2019,65 years and over,Female,Net migration,1.6
Estimated Migration (Persons in April),2020,All ages,Both sexes,Immigrants: All origins,95.6
Estimated Migration (Persons in April),2020,All ages,Both sexes,Emigrants: All destinations,50.9
Estimated Migration (Persons in April),2020,All ages,Both sexes,Net migration,44.7
Estimated Migration (Persons in April),2020,All ages,Male,Immigrants: All origins,46.9
Estimated Migration (Persons in April),2020,All ages,Male,Emigrants: All destinations,25.4
Estimated Migration (Persons in April),2020,All ages,Male,Net migration,21.5
Estimated Migration (Persons in April),2020,All ages,Female,Immigrants: All origins,48.7
Estimated Migration (Persons in April),2020,All ages,Female,Emigrants: All destinations,25.5
Estimated Migration (Persons in April),2020,All ages,Female,Net migration,23.2
Estimated Migration (Persons in April),2020,0 - 14 years,Both sexes,Immigrants: All origins,10.6
Estimated Migration (Persons in April),2020,0 - 14 years,Both sexes,Emigrants: All destinations,6.6
Estimated Migration (Persons in April),2020,0 - 14 years,Both sexes,Net migration,4.0
Estimated Migration (Persons in April),2020,0 - 14 years,Male,Immigrants: All origins,5.5
Estimated Migration (Persons in April),2020,0 - 14 years,Male,Emigrants: All destinations,2.9
Estimated Migration (Persons in April),2020,0 - 14 years,Male,Net migration,2.6
Estimated Migration (Persons in April),2020,0 - 14 years,Female,Immigrants: All origins,5.1
Estimated Migration (Persons in April),2020,0 - 14 years,Female,Emigrants: All destinations,3.8
Estimated Migration (Persons in April),2020,0 - 14 years,Female,Net migration,1.4
Estimated Migration (Persons in April),2020,15 - 24 years,Both sexes,Immigrants: All origins,22.0
Estimated Migration (Persons in April),2020,15 - 24 years,Both sexes,Emigrants: All destinations,15.4
Estimated Migration (Persons in April),2020,15 - 24 years,Both sexes,Net migration,6.6
Estimated Migration (Persons in April),2020,15 - 24 years,Male,Immigrants: All origins,9.8
Estimated Migration (Persons in April),2020,15 - 24 years,Male,Emigrants: All destinations,6.6
Estimated Migration (Persons in April),2020,15 - 24 years,Male,Net migration,3.2
Estimated Migration (Persons in April),2020,15 - 24 years,Female,Immigrants: All origins,12.2
Estimated Migration (Persons in April),2020,15 - 24 years,Female,Emigrants: All destinations,8.8
Estimated Migration (Persons in April),2020,15 - 24 years,Female,Net migration,3.5
Estimated Migration (Persons in April),2020,25 - 44 years,Both sexes,Immigrants: All origins,51.0
Estimated Migration (Persons in April),2020,25 - 44 years,Both sexes,Emigrants: All destinations,26.0
Estimated Migration (Persons in April),2020,25 - 44 years,Both sexes,Net migration,25.0
Estimated Migration (Persons in April),2020,25 - 44 years,Male,Immigrants: All origins,25.9
Estimated Migration (Persons in April),2020,25 - 44 years,Male,Emigrants: All destinations,14.0
Estimated Migration (Persons in April),2020,25 - 44 years,Male,Net migration,12.0
Estimated Migration (Persons in April),2020,25 - 44 years,Female,Immigrants: All origins,25.1
Estimated Migration (Persons in April),2020,25 - 44 years,Female,Emigrants: All destinations,12.0
Estimated Migration (Persons in April),2020,25 - 44 years,Female,Net migration,13.0
Estimated Migration (Persons in April),2020,45 - 64 years,Both sexes,Immigrants: All origins,9.3
Estimated Migration (Persons in April),2020,45 - 64 years,Both sexes,Emigrants: All destinations,2.4
Estimated Migration (Persons in April),2020,45 - 64 years,Both sexes,Net migration,6.9
Estimated Migration (Persons in April),2020,45 - 64 years,Male,Immigrants: All origins,4.2
Estimated Migration (Persons in April),2020,45 - 64 years,Male,Emigrants: All destinations,1.8
Estimated Migration (Persons in April),2020,45 - 64 years,Male,Net migration,2.4
Estimated Migration (Persons in April),2020,45 - 64 years,Female,Immigrants: All origins,5.1
Estimated Migration (Persons in April),2020,45 - 64 years,Female,Emigrants: All destinations,0.7
Estimated Migration (Persons in April),2020,45 - 64 years,Female,Net migration,4.5
Estimated Migration (Persons in April),2020,65 years and over,Both sexes,Immigrants: All origins,2.7
Estimated Migration (Persons in April),2020,65 years and over,Both sexes,Emigrants: All destinations,0.4
Estimated Migration (Persons in April),2020,65 years and over,Both sexes,Net migration,2.2
Estimated Migration (Persons in April),2020,65 years and over,Male,Immigrants: All origins,1.5
Estimated Migration (Persons in April),2020,65 years and over,Male,Emigrants: All destinations,0.2
Estimated Migration (Persons in April),2020,65 years and over,Male,Net migration,1.4
Estimated Migration (Persons in April),2020,65 years and over,Female,Immigrants: All origins,1.1
Estimated Migration (Persons in April),2020,65 years and over,Female,Emigrants: All destinations,0.3
Estimated Migration (Persons in April),2020,65 years and over,Female,Net migration,0.9
Estimated Migration (Persons in April),2021,All ages,Both sexes,Immigrants: All origins,74.1
Estimated Migration (Persons in April),2021,All ages,Both sexes,Emigrants: All destinations,52.3
Estimated Migration (Persons in April),2021,All ages,Both sexes,Net migration,21.8
Estimated Migration (Persons in April),2021,All ages,Male,Immigrants: All origins,36.2
Estimated Migration (Persons in April),2021,All ages,Male,Emigrants: All destinations,25.4
Estimated Migration (Persons in April),2021,All ages,Male,Net migration,10.8
Estimated Migration (Persons in April),2021,All ages,Female,Immigrants: All origins,37.9
Estimated Migration (Persons in April),2021,All ages,Female,Emigrants: All destinations,26.9
Estimated Migration (Persons in April),2021,All ages,Female,Net migration,11.0
Estimated Migration (Persons in April),2021,0 - 14 years,Both sexes,Immigrants: All origins,7.5
Estimated Migration (Persons in April),2021,0 - 14 years,Both sexes,Emigrants: All destinations,4.7
Estimated Migration (Persons in April),2021,0 - 14 years,Both sexes,Net migration,2.8
Estimated Migration (Persons in April),2021,0 - 14 years,Male,Immigrants: All origins,3.3
Estimated Migration (Persons in April),2021,0 - 14 years,Male,Emigrants: All destinations,2.7
Estimated Migration (Persons in April),2021,0 - 14 years,Male,Net migration,0.6
Estimated Migration (Persons in April),2021,0 - 14 years,Female,Immigrants: All origins,4.2
Estimated Migration (Persons in April),2021,0 - 14 years,Female,Emigrants: All destinations,2.0
Estimated Migration (Persons in April),2021,0 - 14 years,Female,Net migration,2.2
Estimated Migration (Persons in April),2021,15 - 24 years,Both sexes,Immigrants: All origins,13.7
Estimated Migration (Persons in April),2021,15 - 24 years,Both sexes,Emigrants: All destinations,19.1
Estimated Migration (Persons in April),2021,15 - 24 years,Both sexes,Net migration,-5.4
Estimated Migration (Persons in April),2021,15 - 24 years,Male,Immigrants: All origins,6.0
Estimated Migration (Persons in April),2021,15 - 24 years,Male,Emigrants: All destinations,8.9
Estimated Migration (Persons in April),2021,15 - 24 years,Male,Net migration,-2.9
Estimated Migration (Persons in April),2021,15 - 24 years,Female,Immigrants: All origins,7.7
Estimated Migration (Persons in April),2021,15 - 24 years,Female,Emigrants: All destinations,10.2
Estimated Migration (Persons in April),2021,15 - 24 years,Female,Net migration,-2.4
Estimated Migration (Persons in April),2021,25 - 44 years,Both sexes,Immigrants: All origins,39.4
Estimated Migration (Persons in April),2021,25 - 44 years,Both sexes,Emigrants: All destinations,19.8
Estimated Migration (Persons in April),2021,25 - 44 years,Both sexes,Net migration,19.6
Estimated Migration (Persons in April),2021,25 - 44 years,Male,Immigrants: All origins,18.1
Estimated Migration (Persons in April),2021,25 - 44 years,Male,Emigrants: All destinations,10.3
Estimated Migration (Persons in April),2021,25 - 44 years,Male,Net migration,7.9
Estimated Migration (Persons in April),2021,25 - 44 years,Female,Immigrants: All origins,21.2
Estimated Migration (Persons in April),2021,25 - 44 years,Female,Emigrants: All destinations,9.5
Estimated Migration (Persons in April),2021,25 - 44 years,Female,Net migration,11.7
Estimated Migration (Persons in April),2021,45 - 64 years,Both sexes,Immigrants: All origins,10.4
Estimated Migration (Persons in April),2021,45 - 64 years,Both sexes,Emigrants: All destinations,5.6
Estimated Migration (Persons in April),2021,45 - 64 years,Both sexes,Net migration,4.8
Estimated Migration (Persons in April),2021,45 - 64 years,Male,Immigrants: All origins,7.1
Estimated Migration (Persons in April),2021,45 - 64 years,Male,Emigrants: All destinations,2.1
Estimated Migration (Persons in April),2021,45 - 64 years,Male,Net migration,5.1
Estimated Migration (Persons in April),2021,45 - 64 years,Female,Immigrants: All origins,3.2
Estimated Migration (Persons in April),2021,45 - 64 years,Female,Emigrants: All destinations,3.5
Estimated Migration (Persons in April),2021,45 - 64 years,Female,Net migration,-0.3
Estimated Migration (Persons in April),2021,65 years and over,Both sexes,Immigrants: All origins,3.1
Estimated Migration (Persons in April),2021,65 years and over,Both sexes,Emigrants: All destinations,3.2
Estimated Migration (Persons in April),2021,65 years and over,Both sexes,Net migration,0.0
Estimated Migration (Persons in April),2021,65 years and over,Male,Immigrants: All origins,1.6
Estimated Migration (Persons in April),2021,65 years and over,Male,Emigrants: All destinations,1.4
Estimated Migration (Persons in April),2021,65 years and over,Male,Net migration,0.2
Estimated Migration (Persons in April),2021,65 years and over,Female,Immigrants: All origins,1.6
Estimated Migration (Persons in April),2021,65 years and over,Female,Emigrants: All destinations,1.8
Estimated Migration (Persons in April),2021,65 years and over,Female,Net migration,-0.2
Estimated Migration (Persons in April),2022,All ages,Both sexes,Immigrants: All origins,107.8
Estimated Migration (Persons in April),2022,All ages,Both sexes,Emigrants: All destinations,56.1
Estimated Migration (Persons in April),2022,All ages,Both sexes,Net migration,51.7
Estimated Migration (Persons in April),2022,All ages,Male,Immigrants: All origins,49.2
Estimated Migration (Persons in April),2022,All ages,Male,Emigrants: All destinations,29.6
Estimated Migration (Persons in April),2022,All ages,Male,Net migration,19.6
Estimated Migration (Persons in April),2022,All ages,Female,Immigrants: All origins,58.6
Estimated Migration (Persons in April),2022,All ages,Female,Emigrants: All destinations,26.5
Estimated Migration (Persons in April),2022,All ages,Female,Net migration,32.1
Estimated Migration (Persons in April),2022,0 - 14 years,Both sexes,Immigrants: All origins,16.4
Estimated Migration (Persons in April),2022,0 - 14 years,Both sexes,Emigrants: All destinations,3.4
Estimated Migration (Persons in April),2022,0 - 14 years,Both sexes,Net migration,13.0
Estimated Migration (Persons in April),2022,0 - 14 years,Male,Immigrants: All origins,8.4
Estimated Migration (Persons in April),2022,0 - 14 years,Male,Emigrants: All destinations,2.1
Estimated Migration (Persons in April),2022,0 - 14 years,Male,Net migration,6.3
Estimated Migration (Persons in April),2022,0 - 14 years,Female,Immigrants: All origins,8.0
Estimated Migration (Persons in April),2022,0 - 14 years,Female,Emigrants: All destinations,1.3
Estimated Migration (Persons in April),2022,0 - 14 years,Female,Net migration,6.7
Estimated Migration (Persons in April),2022,15 - 24 years,Both sexes,Immigrants: All origins,20.9
Estimated Migration (Persons in April),2022,15 - 24 years,Both sexes,Emigrants: All destinations,21.1
Estimated Migration (Persons in April),2022,15 - 24 years,Both sexes,Net migration,-0.1
Estimated Migration (Persons in April),2022,15 - 24 years,Male,Immigrants: All origins,9.1
Estimated Migration (Persons in April),2022,15 - 24 years,Male,Emigrants: All destinations,10.0
Estimated Migration (Persons in April),2022,15 - 24 years,Male,Net migration,-0.9
Estimated Migration (Persons in April),2022,15 - 24 years,Female,Immigrants: All origins,11.8
Estimated Migration (Persons in April),2022,15 - 24 years,Female,Emigrants: All destinations,11.0
Estimated Migration (Persons in April),2022,15 - 24 years,Female,Net migration,0.7
Estimated Migration (Persons in April),2022,25 - 44 years,Both sexes,Immigrants: All origins,53.8
Estimated Migration (Persons in April),2022,25 - 44 years,Both sexes,Emigrants: All destinations,21.5
Estimated Migration (Persons in April),2022,25 - 44 years,Both sexes,Net migration,32.2
Estimated Migration (Persons in April),2022,25 - 44 years,Male,Immigrants: All origins,24.4
Estimated Migration (Persons in April),2022,25 - 44 years,Male,Emigrants: All destinations,13.0
Estimated Migration (Persons in April),2022,25 - 44 years,Male,Net migration,11.4
Estimated Migration (Persons in April),2022,25 - 44 years,Female,Immigrants: All origins,29.3
Estimated Migration (Persons in April),2022,25 - 44 years,Female,Emigrants: All destinations,8.6
Estimated Migration (Persons in April),2022,25 - 44 years,Female,Net migration,20.8
Estimated Migration (Persons in April),2022,45 - 64 years,Both sexes,Immigrants: All origins,12.7
Estimated Migration (Persons in April),2022,45 - 64 years,Both sexes,Emigrants: All destinations,7.4
Estimated Migration (Persons in April),2022,45 - 64 years,Both sexes,Net migration,5.3
Estimated Migration (Persons in April),2022,45 - 64 years,Male,Immigrants: All origins,5.6
Estimated Migration (Persons in April),2022,45 - 64 years,Male,Emigrants: All destinations,3.3
Estimated Migration (Persons in April),2022,45 - 64 years,Male,Net migration,2.3
Estimated Migration (Persons in April),2022,45 - 64 years,Female,Immigrants: All origins,7.1
Estimated Migration (Persons in April),2022,45 - 64 years,Female,Emigrants: All destinations,4.1
Estimated Migration (Persons in April),2022,45 - 64 years,Female,Net migration,3.0
Estimated Migration (Persons in April),2022,65 years and over,Both sexes,Immigrants: All origins,4.1
Estimated Migration (Persons in April),2022,65 years and over,Both sexes,Emigrants: All destinations,2.6
Estimated Migration (Persons in April),2022,65 years and over,Both sexes,Net migration,1.4
Estimated Migration (Persons in April),2022,65 years and over,Male,Immigrants: All origins,1.7
Estimated Migration (Persons in April),2022,65 years and over,Male,Emigrants: All destinations,1.1
Estimated Migration (Persons in April),2022,65 years and over,Male,Net migration,0.5
Estimated Migration (Persons in April),2022,65 years and over,Female,Immigrants: All origins,2.4
Estimated Migration (Persons in April),2022,65 years and over,Female,Emigrants: All destinations,1.5
Estimated Migration (Persons in April),2022,65 years and over,Female,Net migration,0.9
Estimated Migration (Persons in April),2023,All ages,Both sexes,Immigrants: All origins,141.6
Estimated Migration (Persons in April),2023,All ages,Both sexes,Emigrants: All destinations,64.0
Estimated Migration (Persons in April),2023,All ages,Both sexes,Net migration,77.7
Estimated Migration (Persons in April),2023,All ages,Male,Immigrants: All origins,66.1
Estimated Migration (Persons in April),2023,All ages,Male,Emigrants: All destinations,31.0
Estimated Migration (Persons in April),2023,All ages,Male,Net migration,35.1
Estimated Migration (Persons in April),2023,All ages,Female,Immigrants: All origins,75.5
Estimated Migration (Persons in April),2023,All ages,Female,Emigrants: All destinations,32.9
Estimated Migration (Persons in April),2023,All ages,Female,Net migration,42.6
Estimated Migration (Persons in April),2023,0 - 14 years,Both sexes,Immigrants: All origins,21.8
Estimated Migration (Persons in April),2023,0 - 14 years,Both sexes,Emigrants: All destinations,5.5
Estimated Migration (Persons in April),2023,0 - 14 years,Both sexes,Net migration,16.3
Estimated Migration (Persons in April),2023,0 - 14 years,Male,Immigrants: All origins,11.1
Estimated Migration (Persons in April),2023,0 - 14 years,Male,Emigrants: All destinations,2.9
Estimated Migration (Persons in April),2023,0 - 14 years,Male,Net migration,8.2
Estimated Migration (Persons in April),2023,0 - 14 years,Female,Immigrants: All origins,10.8
Estimated Migration (Persons in April),2023,0 - 14 years,Female,Emigrants: All destinations,2.6
Estimated Migration (Persons in April),2023,0 - 14 years,Female,Net migration,8.2
Estimated Migration (Persons in April),2023,15 - 24 years,Both sexes,Immigrants: All origins,23.8
Estimated Migration (Persons in April),2023,15 - 24 years,Both sexes,Emigrants: All destinations,19.9
Estimated Migration (Persons in April),2023,15 - 24 years,Both sexes,Net migration,3.9
Estimated Migration (Persons in April),2023,15 - 24 years,Male,Immigrants: All origins,10.0
Estimated Migration (Persons in April),2023,15 - 24 years,Male,Emigrants: All destinations,7.5
Estimated Migration (Persons in April),2023,15 - 24 years,Male,Net migration,2.5
Estimated Migration (Persons in April),2023,15 - 24 years,Female,Immigrants: All origins,13.7
Estimated Migration (Persons in April),2023,15 - 24 years,Female,Emigrants: All destinations,12.3
Estimated Migration (Persons in April),2023,15 - 24 years,Female,Net migration,1.4
Estimated Migration (Persons in April),2023,25 - 44 years,Both sexes,Immigrants: All origins,75.1
Estimated Migration (Persons in April),2023,25 - 44 years,Both sexes,Emigrants: All destinations,32.3
Estimated Migration (Persons in April),2023,25 - 44 years,Both sexes,Net migration,42.7
Estimated Migration (Persons in April),2023,25 - 44 years,Male,Immigrants: All origins,36.8
Estimated Migration (Persons in April),2023,25 - 44 years,Male,Emigrants: All destinations,17.2
Estimated Migration (Persons in April),2023,25 - 44 years,Male,Net migration,19.6
Estimated Migration (Persons in April),2023,25 - 44 years,Female,Immigrants: All origins,38.2
Estimated Migration (Persons in April),2023,25 - 44 years,Female,Emigrants: All destinations,15.2
Estimated Migration (Persons in April),2023,25 - 44 years,Female,Net migration,23.1
Estimated Migration (Persons in April),2023,45 - 64 years,Both sexes,Immigrants: All origins,16.9
Estimated Migration (Persons in April),2023,45 - 64 years,Both sexes,Emigrants: All destinations,5.3
Estimated Migration (Persons in April),2023,45 - 64 years,Both sexes,Net migration,11.7
Estimated Migration (Persons in April),2023,45 - 64 years,Male,Immigrants: All origins,6.6
Estimated Migration (Persons in April),2023,45 - 64 years,Male,Emigrants: All destinations,3.0
Estimated Migration (Persons in April),2023,45 - 64 years,Male,Net migration,3.6
Estimated Migration (Persons in April),2023,45 - 64 years,Female,Immigrants: All origins,10.3
Estimated Migration (Persons in April),2023,45 - 64 years,Female,Emigrants: All destinations,2.2
Estimated Migration (Persons in April),2023,45 - 64 years,Female,Net migration,8.1
Estimated Migration (Persons in April),2023,65 years and over,Both sexes,Immigrants: All origins,4.0
Estimated Migration (Persons in April),2023,65 years and over,Both sexes,Emigrants: All destinations,1.0
Estimated Migration (Persons in April),2023,65 years and over,Both sexes,Net migration,3.0
Estimated Migration (Persons in April),2023,65 years and over,Male,Immigrants: All origins,1.5
Estimated Migration (Persons in April),2023,65 years and over,Male,Emigrants: All destinations,0.4
Estimated Migration (Persons in April),2023,65 years and over,Male,Net migration,1.1
Estimated Migration (Persons in April),2023,65 years and over,Female,Immigrants: All origins,2.5
Estimated Migration (Persons in April),2023,65 years and over,Female,Emigrants: All destinations,0.6
Estimated Migration (Persons in April),2023,65 years and over,Female,Net migration,1.8
Estimated Migration (Persons in April),2024,All ages,Both sexes,Immigrants: All origins,149.2
Estimated Migration (Persons in April),2024,All ages,Both sexes,Emigrants: All destinations,69.9
Estimated Migration (Persons in April),2024,All ages,Both sexes,Net migration,79.3
Estimated Migration (Persons in April),2024,All ages,Male,Immigrants: All origins,71.4
Estimated Migration (Persons in April),2024,All ages,Male,Emigrants: All destinations,30.1
Estimated Migration (Persons in April),2024,All ages,Male,Net migration,41.3
Estimated Migration (Persons in April),2024,All ages,Female,Immigrants: All origins,77.8
Estimated Migration (Persons in April),2024,All ages,Female,Emigrants: All destinations,39.8
Estimated Migration (Persons in April),2024,All ages,Female,Net migration,38.0
Estimated Migration (Persons in April),2024,0 - 14 years,Both sexes,Immigrants: All origins,24.5
Estimated Migration (Persons in April),2024,0 - 14 years,Both sexes,Emigrants: All destinations,4.6
Estimated Migration (Persons in April),2024,0 - 14 years,Both sexes,Net migration,19.9
Estimated Migration (Persons in April),2024,0 - 14 years,Male,Immigrants: All origins,12.3
Estimated Migration (Persons in April),2024,0 - 14 years,Male,Emigrants: All destinations,2.1
Estimated Migration (Persons in April),2024,0 - 14 years,Male,Net migration,10.2
Estimated Migration (Persons in April),2024,0 - 14 years,Female,Immigrants: All origins,12.2
Estimated Migration (Persons in April),2024,0 - 14 years,Female,Emigrants: All destinations,2.5
Estimated Migration (Persons in April),2024,0 - 14 years,Female,Net migration,9.7
Estimated Migration (Persons in April),2024,15 - 24 years,Both sexes,Immigrants: All origins,24.7
Estimated Migration (Persons in April),2024,15 - 24 years,Both sexes,Emigrants: All destinations,24.6
Estimated Migration (Persons in April),2024,15 - 24 years,Both sexes,Net migration,0.1
Estimated Migration (Persons in April),2024,15 - 24 years,Male,Immigrants: All origins,13.2
Estimated Migration (Persons in April),2024,15 - 24 years,Male,Emigrants: All destinations,8.8
Estimated Migration (Persons in April),2024,15 - 24 years,Male,Net migration,4.4
Estimated Migration (Persons in April),2024,15 - 24 years,Female,Immigrants: All origins,11.5
Estimated Migration (Persons in April),2024,15 - 24 years,Female,Emigrants: All destinations,15.8
Estimated Migration (Persons in April),2024,15 - 24 years,Female,Net migration,-4.3
Estimated Migration (Persons in April),2024,25 - 44 years,Both sexes,Immigrants: All origins,77.2
Estimated Migration (Persons in April),2024,25 - 44 years,Both sexes,Emigrants: All destinations,33.5
Estimated Migration (Persons in April),2024,25 - 44 years,Both sexes,Net migration,43.7
Estimated Migration (Persons in April),2024,25 - 44 years,Male,Immigrants: All origins,36.4
Estimated Migration (Persons in April),2024,25 - 44 years,Male,Emigrants: All destinations,16.4
Estimated Migration (Persons in April),2024,25 - 44 years,Male,Net migration,20.0
Estimated Migration (Persons in April),2024,25 - 44 years,Female,Immigrants: All origins,40.9
Estimated Migration (Persons in April),2024,25 - 44 years,Female,Emigrants: All destinations,17.2
Estimated Migration (Persons in April),2024,25 - 44 years,Female,Net migration,23.7
Estimated Migration (Persons in April),2024,45 - 64 years,Both sexes,Immigrants: All origins,17.8
Estimated Migration (Persons in April),2024,45 - 64 years,Both sexes,Emigrants: All destinations,5.8
Estimated Migration (Persons in April),2024,45 - 64 years,Both sexes,Net migration,12.0
Estimated Migration (Persons in April),2024,45 - 64 years,Male,Immigrants: All origins,7.2
Estimated Migration (Persons in April),2024,45 - 64 years,Male,Emigrants: All destinations,2.2
Estimated Migration (Persons in April),2024,45 - 64 years,Male,Net migration,5.0
Estimated Migration (Persons in April),2024,45 - 64 years,Female,Immigrants: All origins,10.6
Estimated Migration (Persons in April),2024,45 - 64 years,Female,Emigrants: All destinations,3.6
Estimated Migration (Persons in April),2024,45 - 64 years,Female,Net migration,7.0
Estimated Migration (Persons in April),2024,65 years and over,Both sexes,Immigrants: All origins,4.9
Estimated Migration (Persons in April),2024,65 years and over,Both sexes,Emigrants: All destinations,1.3
Estimated Migration (Persons in April),2024,65 years and over,Both sexes,Net migration,3.6
Estimated Migration (Persons in April),2024,65 years and over,Male,Immigrants: All origins,2.3
Estimated Migration (Persons in April),2024,65 years and over,Male,Emigrants: All destinations,0.5
Estimated Migration (Persons in April),2024,65 years and over,Male,Net migration,1.8
Estimated Migration (Persons in April),2024,65 years and over,Female,Immigrants: All origins,2.6
Estimated Migration (Persons in April),2024,65 years and over,Female,Emigrants: All destinations,0.8
Estimated Migration (Persons in April),2024,65 years and over,Female,Net migration,1.8
Estimated Migration (Persons in April),2025,All ages,Both sexes,Immigrants: All origins,125.3
Estimated Migration (Persons in April),2025,All ages,Both sexes,Emigrants: All destinations,65.6
Estimated Migration (Persons in April),2025,All ages,Both sexes,Net migration,59.7
Estimated Migration (Persons in April),2025,All ages,Male,Immigrants: All origins,68.0
Estimated Migration (Persons in April),2025,All ages,Male,Emigrants: All destinations,31.4
Estimated Migration (Persons in April),2025,All ages,Male,Net migration,36.6
Estimated Migration (Persons in April),2025,All ages,Female,Immigrants: All origins,57.3
Estimated Migration (Persons in April),2025,All ages,Female,Emigrants: All destinations,34.2
Estimated Migration (Persons in April),2025,All ages,Female,Net migration,23.1
Estimated Migration (Persons in April),2025,0 - 14 years,Both sexes,Immigrants: All origins,19.8
Estimated Migration (Persons in April),2025,0 - 14 years,Both sexes,Emigrants: All destinations,3.6
Estimated Migration (Persons in April),2025,0 - 14 years,Both sexes,Net migration,16.3
Estimated Migration (Persons in April),2025,0 - 14 years,Male,Immigrants: All origins,8.6
Estimated Migration (Persons in April),2025,0 - 14 years,Male,Emigrants: All destinations,1.9
Estimated Migration (Persons in April),2025,0 - 14 years,Male,Net migration,6.7
Estimated Migration (Persons in April),2025,0 - 14 years,Female,Immigrants: All origins,11.3
Estimated Migration (Persons in April),2025,0 - 14 years,Female,Emigrants: All destinations,1.7
Estimated Migration (Persons in April),2025,0 - 14 years,Female,Net migration,9.5
Estimated Migration (Persons in April),2025,15 - 24 years,Both sexes,Immigrants: All origins,20.4
Estimated Migration (Persons in April),2025,15 - 24 years,Both sexes,Emigrants: All destinations,21.5
Estimated Migration (Persons in April),2025,15 - 24 years,Both sexes,Net migration,-1.1
Estimated Migration (Persons in April),2025,15 - 24 years,Male,Immigrants: All origins,11.5
Estimated Migration (Persons in April),2025,15 - 24 years,Male,Emigrants: All destinations,9.5
Estimated Migration (Persons in April),2025,15 - 24 years,Male,Net migration,2.0
Estimated Migration (Persons in April),2025,15 - 24 years,Female,Immigrants: All origins,8.9
Estimated Migration (Persons in April),2025,15 - 24 years,Female,Emigrants: All destinations,12.0
Estimated Migration (Persons in April),2025,15 - 24 years,Female,Net migration,-3.1
Estimated Migration (Persons in April),2025,25 - 44 years,Both sexes,Immigrants: All origins,73.9
Estimated Migration (Persons in April),2025,25 - 44 years,Both sexes,Emigrants: All destinations,31.7
Estimated Migration (Persons in April),2025,25 - 44 years,Both sexes,Net migration,42.1
Estimated Migration (Persons in April),2025,25 - 44 years,Male,Immigrants: All origins,41.7
Estimated Migration (Persons in April),2025,25 - 44 years,Male,Emigrants: All destinations,16.7
Estimated Migration (Persons in April),2025,25 - 44 years,Male,Net migration,25.0
Estimated Migration (Persons in April),2025,25 - 44 years,Female,Immigrants: All origins,32.2
Estimated Migration (Persons in April),2025,25 - 44 years,Female,Emigrants: All destinations,15.0
Estimated Migration (Persons in April),2025,25 - 44 years,Female,Net migration,17.2
Estimated Migration (Persons in April),2025,45 - 64 years,Both sexes,Immigrants: All origins,8.8
Estimated Migration (Persons in April),2025,45 - 64 years,Both sexes,Emigrants: All destinations,7.3
Estimated Migration (Persons in April),2025,45 - 64 years,Both sexes,Net migration,1.4
Estimated Migration (Persons in April),2025,45 - 64 years,Male,Immigrants: All origins,5.0
Estimated Migration (Persons in April),2025,45 - 64 years,Male,Emigrants: All destinations,2.6
Estimated Migration (Persons in April),2025,45 - 64 years,Male,Net migration,2.5
Estimated Migration (Persons in April),2025,45 - 64 years,Female,Immigrants: All origins,3.7
Estimated Migration (Persons in April),2025,45 - 64 years,Female,Emigrants: All destinations,4.8
Estimated Migration (Persons in April),2025,45 - 64 years,Female,Net migration,-1.0
Estimated Migration (Persons in April),2025,65 years and over,Both sexes,Immigrants: All origins,2.4
Estimated Migration (Persons in April),2025,65 years and over,Both sexes,Emigrants: All destinations,1.4
Estimated Migration (Persons in April),2025,65 years and over,Both sexes,Net migration,1.0
Estimated Migration (Persons in April),2025,65 years and over,Male,Immigrants: All origins,1.1
Estimated Migration (Persons in April),2025,65 years and over,Male,Emigrants: All destinations,0.6
Estimated Migration (Persons in April),2025,65 years and over,Male,Net migration,0.5
Estimated Migration (Persons in April),2025,65 years and over,Female,Immigrants: All origins,1.3
Estimated Migration (Persons in April),2025,65 years and over,Female,Emigrants: All destinations,0.8
Estimated Migration (Persons in April),2025,65 years and over,Female,Net migration,0.5
Estimated Migration (Persons in April),2026,All ages,Both sexes,Immigrants: All origins,110.6
Estimated Migration (Persons in April),2026,All ages,Both sexes,Emigrants: All destinations,62.5
Estimated Migration (Persons in April),2026,All ages,Both sexes,Net migration,48.1
Estimated Migration (Persons in April),2026,All ages,Male,Immigrants: All origins,58.4
Estimated Migration (Persons in April),2026,All ages,Male,Emigrants: All destinations,30.4
Estimated Migration (Persons in April),2026,All ages,Male,Net migration,28.0
Estimated Migration (Persons in April),2026,All ages,Female,Immigrants: All origins,52.2
Estimated Migration (Persons in April),2026,All ages,Female,Emigrants: All destinations,32.1
Estimated Migration (Persons in April),2026,All ages,Female,Net migration,20.1
Estimated Migration (Persons in April),2026,0 - 14 years,Both sexes,Immigrants: All origins,21.0
Estimated Migration (Persons in April),2026,0 - 14 years,Both sexes,Emigrants: All destinations,3.7
Estimated Migration (Persons in April),2026,0 - 14 years,Both sexes,Net migration,17.3
Estimated Migration (Persons in April),2026,0 - 14 years,Male,Immigrants: All origins,10.0
Estimated Migration (Persons in April),2026,0 - 14 years,Male,Emigrants: All destinations,1.8
Estimated Migration (Persons in April),2026,0 - 14 years,Male,Net migration,8.2
Estimated Migration (Persons in April),2026,0 - 14 years,Female,Immigrants: All origins,11.1
Estimated Migration (Persons in April),2026,0 - 14 years,Female,Emigrants: All destinations,2.0
Estimated Migration (Persons in April),2026,0 - 14 years,Female,Net migration,9.1
Estimated Migration (Persons in April),2026,15 - 24 years,Both sexes,Immigrants: All origins,16.5
Estimated Migration (Persons in April),2026,15 - 24 years,Both sexes,Emigrants: All destinations,19.9
Estimated Migration (Persons in April),2026,15 - 24 years,Both sexes,Net migration,-3.4
Estimated Migration (Persons in April),2026,15 - 24 years,Male,Immigrants: All origins,9.5
Estimated Migration (Persons in April),2026,15 - 24 years,Male,Emigrants: All destinations,8.1
Estimated Migration (Persons in April),2026,15 - 24 years,Male,Net migration,1.3
Estimated Migration (Persons in April),2026,15 - 24 years,Female,Immigrants: All origins,7.1
Estimated Migration (Persons in April),2026,15 - 24 years,Female,Emigrants: All destinations,11.8
Estimated Migration (Persons in April),2026,15 - 24 years,Female,Net migration,-4.7
Estimated Migration (Persons in April),2026,25 - 44 years,Both sexes,Immigrants: All origins,58.3
Estimated Migration (Persons in April),2026,25 - 44 years,Both sexes,Emigrants: All destinations,32.9
Estimated Migration (Persons in April),2026,25 - 44 years,Both sexes,Net migration,25.4
Estimated Migration (Persons in April),2026,25 - 44 years,Male,Immigrants: All origins,31.8
Estimated Migration (Persons in April),2026,25 - 44 years,Male,Emigrants: All destinations,16.8
Estimated Migration (Persons in April),2026,25 - 44 years,Male,Net migration,15.0
Estimated Migration (Persons in April),2026,25 - 44 years,Female,Immigrants: All origins,26.5
Estimated Migration (Persons in April),2026,25 - 44 years,Female,Emigrants: All destinations,16.1
Estimated Migration (Persons in April),2026,25 - 44 years,Female,Net migration,10.4
Estimated Migration (Persons in April),2026,45 - 64 years,Both sexes,Immigrants: All origins,11.6
Estimated Migration (Persons in April),2026,45 - 64 years,Both sexes,Emigrants: All destinations,4.8
Estimated Migration (Persons in April),2026,45 - 64 years,Both sexes,Net migration,6.8
Estimated Migration (Persons in April),2026,45 - 64 years,Male,Immigrants: All origins,5.6
Estimated Migration (Persons in April),2026,45 - 64 years,Male,Emigrants: All destinations,3.3
Estimated Migration (Persons in April),2026,45 - 64 years,Male,Net migration,2.2
Estimated Migration (Persons in April),2026,45 - 64 years,Female,Immigrants: All origins,6.0
Estimated Migration (Persons in April),2026,45 - 64 years,Female,Emigrants: All destinations,1.5
Estimated Migration (Persons in April),2026,45 - 64 years,Female,Net migration,4.5
Estimated Migration (Persons in April),2026,65 years and over,Both sexes,Immigrants: All origins,3.1
Estimated Migration (Persons in April),2026,65 years and over,Both sexes,Emigrants: All destinations,1.1
Estimated Migration (Persons in April),2026,65 years and over,Both sexes,Net migration,2.0
Estimated Migration (Persons in April),2026,65 years and over,Male,Immigrants: All origins,1.6
Estimated Migration (Persons in April),2026,65 years and over,Male,Emigrants: All destinations,0.3
Estimated Migration (Persons in April),2026,65 years and over,Male,Net migration,1.3
Estimated Migration (Persons in April),2026,65 years and over,Female,Immigrants: All origins,1.5
Estimated Migration (Persons in April),2026,65 years and over,Female,Emigrants: All destinations,0.8
Estimated Migration (Persons in April),2026,65 years and over,Female,Net migration,0.7
