Statistic,Country,Year,value
 PPSN Allocations to Foreign Nationals,Andorra,2014,4.0
 PPSN Allocations to Foreign Nationals,Andorra,2016,3.0
 PPSN Allocations to Foreign Nationals,United Arab Emirates,2002,15.0
 PPSN Allocations to Foreign Nationals,United Arab Emirates,2003,29.0
 PPSN Allocations to Foreign Nationals,United Arab Emirates,2004,21.0
 PPSN Allocations to Foreign Nationals,United Arab Emirates,2005,32.0
 PPSN Allocations to Foreign Nationals,United Arab Emirates,2006,35.0
 PPSN Allocations to Foreign Nationals,United Arab Emirates,2007,31.0
 PPSN Allocations to Foreign Nationals,United Arab Emirates,2008,24.0
 PPSN Allocations to Foreign Nationals,United Arab Emirates,2009,29.0
 PPSN Allocations to Foreign Nationals,United Arab Emirates,2010,16.0
 PPSN Allocations to Foreign Nationals,United Arab Emirates,2011,14.0
 PPSN Allocations to Foreign Nationals,United Arab Emirates,2012,24.0
 PPSN Allocations to Foreign Nationals,United Arab Emirates,2013,16.0
 PPSN Allocations to Foreign Nationals,United Arab Emirates,2014,29.0
 PPSN Allocations to Foreign Nationals,United Arab Emirates,2015,17.0
 PPSN Allocations to Foreign Nationals,United Arab Emirates,2016,30.0
 PPSN Allocations to Foreign Nationals,United Arab Emirates,2017,18.0
 PPSN Allocations to Foreign Nationals,United Arab Emirates,2018,24.0
 PPSN Allocations to Foreign Nationals,Afghanistan,2002,19.0
 PPSN Allocations to Foreign Nationals,Afghanistan,2003,18.0
 PPSN Allocations to Foreign Nationals,Afghanistan,2004,84.0
 PPSN Allocations to Foreign Nationals,Afghanistan,2005,127.0
 PPSN Allocations to Foreign Nationals,Afghanistan,2006,65.0
 PPSN Allocations to Foreign Nationals,Afghanistan,2007,89.0
 PPSN Allocations to Foreign Nationals,Afghanistan,2008,81.0
 PPSN Allocations to Foreign Nationals,Afghanistan,2009,88.0
 PPSN Allocations to Foreign Nationals,Afghanistan,2010,71.0
 PPSN Allocations to Foreign Nationals,Afghanistan,2011,118.0
 PPSN Allocations to Foreign Nationals,Afghanistan,2012,81.0
 PPSN Allocations to Foreign Nationals,Afghanistan,2013,115.0
 PPSN Allocations to Foreign Nationals,Afghanistan,2014,160.0
 PPSN Allocations to Foreign Nationals,Afghanistan,2015,864.0
 PPSN Allocations to Foreign Nationals,Afghanistan,2016,310.0
 PPSN Allocations to Foreign Nationals,Afghanistan,2017,212.0
 PPSN Allocations to Foreign Nationals,Afghanistan,2018,178.0
 PPSN Allocations to Foreign Nationals,Antigua and Barbuda,2017,5.0
 PPSN Allocations to Foreign Nationals,Albania,2002,146.0
 PPSN Allocations to Foreign Nationals,Albania,2003,130.0
 PPSN Allocations to Foreign Nationals,Albania,2004,85.0
 PPSN Allocations to Foreign Nationals,Albania,2005,73.0
 PPSN Allocations to Foreign Nationals,Albania,2006,46.0
 PPSN Allocations to Foreign Nationals,Albania,2007,74.0
 PPSN Allocations to Foreign Nationals,Albania,2008,60.0
 PPSN Allocations to Foreign Nationals,Albania,2009,67.0
 PPSN Allocations to Foreign Nationals,Albania,2010,34.0
 PPSN Allocations to Foreign Nationals,Albania,2011,46.0
 PPSN Allocations to Foreign Nationals,Albania,2012,82.0
 PPSN Allocations to Foreign Nationals,Albania,2013,80.0
 PPSN Allocations to Foreign Nationals,Albania,2014,121.0
 PPSN Allocations to Foreign Nationals,Albania,2015,200.0
 PPSN Allocations to Foreign Nationals,Albania,2016,205.0
 PPSN Allocations to Foreign Nationals,Albania,2017,246.0
 PPSN Allocations to Foreign Nationals,Albania,2018,297.0
 PPSN Allocations to Foreign Nationals,Armenia,2002,9.0
 PPSN Allocations to Foreign Nationals,Armenia,2003,9.0
 PPSN Allocations to Foreign Nationals,Armenia,2004,9.0
 PPSN Allocations to Foreign Nationals,Armenia,2005,12.0
 PPSN Allocations to Foreign Nationals,Armenia,2006,12.0
 PPSN Allocations to Foreign Nationals,Armenia,2007,12.0
 PPSN Allocations to Foreign Nationals,Armenia,2008,11.0
 PPSN Allocations to Foreign Nationals,Armenia,2009,10.0
 PPSN Allocations to Foreign Nationals,Armenia,2010,12.0
 PPSN Allocations to Foreign Nationals,Armenia,2011,15.0
 PPSN Allocations to Foreign Nationals,Armenia,2012,15.0
 PPSN Allocations to Foreign Nationals,Armenia,2013,10.0
 PPSN Allocations to Foreign Nationals,Armenia,2014,17.0
 PPSN Allocations to Foreign Nationals,Armenia,2015,9.0
 PPSN Allocations to Foreign Nationals,Armenia,2016,7.0
 PPSN Allocations to Foreign Nationals,Armenia,2017,13.0
 PPSN Allocations to Foreign Nationals,Armenia,2018,21.0
 PPSN Allocations to Foreign Nationals,Angola,2002,80.0
 PPSN Allocations to Foreign Nationals,Angola,2003,80.0
 PPSN Allocations to Foreign Nationals,Angola,2004,53.0
 PPSN Allocations to Foreign Nationals,Angola,2005,48.0
 PPSN Allocations to Foreign Nationals,Angola,2006,34.0
 PPSN Allocations to Foreign Nationals,Angola,2007,40.0
 PPSN Allocations to Foreign Nationals,Angola,2008,31.0
 PPSN Allocations to Foreign Nationals,Angola,2009,33.0
 PPSN Allocations to Foreign Nationals,Angola,2010,16.0
 PPSN Allocations to Foreign Nationals,Angola,2011,5.0
 PPSN Allocations to Foreign Nationals,Angola,2012,5.0
 PPSN Allocations to Foreign Nationals,Angola,2013,4.0
 PPSN Allocations to Foreign Nationals,Angola,2014,9.0
 PPSN Allocations to Foreign Nationals,Angola,2015,3.0
 PPSN Allocations to Foreign Nationals,Angola,2016,12.0
 PPSN Allocations to Foreign Nationals,Angola,2017,11.0
 PPSN Allocations to Foreign Nationals,Angola,2018,10.0
 PPSN Allocations to Foreign Nationals,Argentina,2002,172.0
 PPSN Allocations to Foreign Nationals,Argentina,2003,166.0
 PPSN Allocations to Foreign Nationals,Argentina,2004,110.0
 PPSN Allocations to Foreign Nationals,Argentina,2005,163.0
 PPSN Allocations to Foreign Nationals,Argentina,2006,196.0
 PPSN Allocations to Foreign Nationals,Argentina,2007,191.0
 PPSN Allocations to Foreign Nationals,Argentina,2008,133.0
 PPSN Allocations to Foreign Nationals,Argentina,2009,150.0
 PPSN Allocations to Foreign Nationals,Argentina,2010,139.0
 PPSN Allocations to Foreign Nationals,Argentina,2011,154.0
 PPSN Allocations to Foreign Nationals,Argentina,2012,184.0
 PPSN Allocations to Foreign Nationals,Argentina,2013,197.0
 PPSN Allocations to Foreign Nationals,Argentina,2014,252.0
 PPSN Allocations to Foreign Nationals,Argentina,2015,166.0
 PPSN Allocations to Foreign Nationals,Argentina,2016,267.0
 PPSN Allocations to Foreign Nationals,Argentina,2017,303.0
 PPSN Allocations to Foreign Nationals,Argentina,2018,422.0
 PPSN Allocations to Foreign Nationals,Austria,2002,539.0
 PPSN Allocations to Foreign Nationals,Austria,2003,507.0
 PPSN Allocations to Foreign Nationals,Austria,2004,829.0
 PPSN Allocations to Foreign Nationals,Austria,2005,637.0
 PPSN Allocations to Foreign Nationals,Austria,2006,758.0
 PPSN Allocations to Foreign Nationals,Austria,2007,797.0
 PPSN Allocations to Foreign Nationals,Austria,2008,661.0
 PPSN Allocations to Foreign Nationals,Austria,2009,336.0
 PPSN Allocations to Foreign Nationals,Austria,2010,284.0
 PPSN Allocations to Foreign Nationals,Austria,2011,309.0
 PPSN Allocations to Foreign Nationals,Austria,2012,293.0
 PPSN Allocations to Foreign Nationals,Austria,2013,326.0
 PPSN Allocations to Foreign Nationals,Austria,2014,286.0
 PPSN Allocations to Foreign Nationals,Austria,2015,289.0
 PPSN Allocations to Foreign Nationals,Austria,2016,316.0
 PPSN Allocations to Foreign Nationals,Austria,2017,282.0
 PPSN Allocations to Foreign Nationals,Austria,2018,361.0
 PPSN Allocations to Foreign Nationals,Australia,2002,2645.0
 PPSN Allocations to Foreign Nationals,Australia,2003,2400.0
 PPSN Allocations to Foreign Nationals,Australia,2004,1703.0
 PPSN Allocations to Foreign Nationals,Australia,2005,2117.0
 PPSN Allocations to Foreign Nationals,Australia,2006,2095.0
 PPSN Allocations to Foreign Nationals,Australia,2007,1972.0
 PPSN Allocations to Foreign Nationals,Australia,2008,1856.0
 PPSN Allocations to Foreign Nationals,Australia,2009,1016.0
 PPSN Allocations to Foreign Nationals,Australia,2010,694.0
 PPSN Allocations to Foreign Nationals,Australia,2011,554.0
 PPSN Allocations to Foreign Nationals,Australia,2012,585.0
 PPSN Allocations to Foreign Nationals,Australia,2013,640.0
 PPSN Allocations to Foreign Nationals,Australia,2014,880.0
 PPSN Allocations to Foreign Nationals,Australia,2015,1034.0
 PPSN Allocations to Foreign Nationals,Australia,2016,1151.0
 PPSN Allocations to Foreign Nationals,Australia,2017,1210.0
 PPSN Allocations to Foreign Nationals,Australia,2018,1166.0
 PPSN Allocations to Foreign Nationals,Azerbaijan,2002,9.0
 PPSN Allocations to Foreign Nationals,Azerbaijan,2003,9.0
 PPSN Allocations to Foreign Nationals,Azerbaijan,2004,7.0
 PPSN Allocations to Foreign Nationals,Azerbaijan,2005,9.0
 PPSN Allocations to Foreign Nationals,Azerbaijan,2006,8.0
 PPSN Allocations to Foreign Nationals,Azerbaijan,2007,6.0
 PPSN Allocations to Foreign Nationals,Azerbaijan,2008,14.0
 PPSN Allocations to Foreign Nationals,Azerbaijan,2009,6.0
 PPSN Allocations to Foreign Nationals,Azerbaijan,2010,4.0
 PPSN Allocations to Foreign Nationals,Azerbaijan,2011,4.0
 PPSN Allocations to Foreign Nationals,Azerbaijan,2012,10.0
 PPSN Allocations to Foreign Nationals,Azerbaijan,2013,10.0
 PPSN Allocations to Foreign Nationals,Azerbaijan,2014,5.0
 PPSN Allocations to Foreign Nationals,Azerbaijan,2015,11.0
 PPSN Allocations to Foreign Nationals,Azerbaijan,2016,16.0
 PPSN Allocations to Foreign Nationals,Azerbaijan,2017,14.0
 PPSN Allocations to Foreign Nationals,Azerbaijan,2018,10.0
 PPSN Allocations to Foreign Nationals,Bosnia and Herzegovina,2002,47.0
 PPSN Allocations to Foreign Nationals,Bosnia and Herzegovina,2003,31.0
 PPSN Allocations to Foreign Nationals,Bosnia and Herzegovina,2004,30.0
 PPSN Allocations to Foreign Nationals,Bosnia and Herzegovina,2005,19.0
 PPSN Allocations to Foreign Nationals,Bosnia and Herzegovina,2006,26.0
 PPSN Allocations to Foreign Nationals,Bosnia and Herzegovina,2007,15.0
 PPSN Allocations to Foreign Nationals,Bosnia and Herzegovina,2008,22.0
 PPSN Allocations to Foreign Nationals,Bosnia and Herzegovina,2009,11.0
 PPSN Allocations to Foreign Nationals,Bosnia and Herzegovina,2010,15.0
 PPSN Allocations to Foreign Nationals,Bosnia and Herzegovina,2011,16.0
 PPSN Allocations to Foreign Nationals,Bosnia and Herzegovina,2012,32.0
 PPSN Allocations to Foreign Nationals,Bosnia and Herzegovina,2013,16.0
 PPSN Allocations to Foreign Nationals,Bosnia and Herzegovina,2014,33.0
 PPSN Allocations to Foreign Nationals,Bosnia and Herzegovina,2015,20.0
 PPSN Allocations to Foreign Nationals,Bosnia and Herzegovina,2016,43.0
 PPSN Allocations to Foreign Nationals,Bosnia and Herzegovina,2017,26.0
 PPSN Allocations to Foreign Nationals,Bosnia and Herzegovina,2018,44.0
 PPSN Allocations to Foreign Nationals,Barbados,2003,6.0
 PPSN Allocations to Foreign Nationals,Barbados,2004,7.0
 PPSN Allocations to Foreign Nationals,Barbados,2005,3.0
 PPSN Allocations to Foreign Nationals,Barbados,2009,4.0
 PPSN Allocations to Foreign Nationals,Barbados,2011,3.0
 PPSN Allocations to Foreign Nationals,Barbados,2012,3.0
 PPSN Allocations to Foreign Nationals,Barbados,2013,6.0
 PPSN Allocations to Foreign Nationals,Barbados,2014,3.0
 PPSN Allocations to Foreign Nationals,Barbados,2016,10.0
 PPSN Allocations to Foreign Nationals,Barbados,2017,10.0
 PPSN Allocations to Foreign Nationals,Barbados,2018,3.0
 PPSN Allocations to Foreign Nationals,Bangladesh,2002,288.0
 PPSN Allocations to Foreign Nationals,Bangladesh,2003,389.0
 PPSN Allocations to Foreign Nationals,Bangladesh,2004,255.0
 PPSN Allocations to Foreign Nationals,Bangladesh,2005,139.0
 PPSN Allocations to Foreign Nationals,Bangladesh,2006,299.0
 PPSN Allocations to Foreign Nationals,Bangladesh,2007,340.0
 PPSN Allocations to Foreign Nationals,Bangladesh,2008,175.0
 PPSN Allocations to Foreign Nationals,Bangladesh,2009,137.0
 PPSN Allocations to Foreign Nationals,Bangladesh,2010,101.0
 PPSN Allocations to Foreign Nationals,Bangladesh,2011,80.0
 PPSN Allocations to Foreign Nationals,Bangladesh,2012,129.0
 PPSN Allocations to Foreign Nationals,Bangladesh,2013,193.0
 PPSN Allocations to Foreign Nationals,Bangladesh,2014,312.0
 PPSN Allocations to Foreign Nationals,Bangladesh,2015,426.0
 PPSN Allocations to Foreign Nationals,Bangladesh,2016,192.0
 PPSN Allocations to Foreign Nationals,Bangladesh,2017,201.0
 PPSN Allocations to Foreign Nationals,Bangladesh,2018,178.0
 PPSN Allocations to Foreign Nationals,Belgium,2002,406.0
 PPSN Allocations to Foreign Nationals,Belgium,2003,466.0
 PPSN Allocations to Foreign Nationals,Belgium,2004,374.0
 PPSN Allocations to Foreign Nationals,Belgium,2005,401.0
 PPSN Allocations to Foreign Nationals,Belgium,2006,503.0
 PPSN Allocations to Foreign Nationals,Belgium,2007,521.0
 PPSN Allocations to Foreign Nationals,Belgium,2008,464.0
 PPSN Allocations to Foreign Nationals,Belgium,2009,287.0
 PPSN Allocations to Foreign Nationals,Belgium,2010,273.0
 PPSN Allocations to Foreign Nationals,Belgium,2011,337.0
 PPSN Allocations to Foreign Nationals,Belgium,2012,281.0
 PPSN Allocations to Foreign Nationals,Belgium,2013,328.0
 PPSN Allocations to Foreign Nationals,Belgium,2014,370.0
 PPSN Allocations to Foreign Nationals,Belgium,2015,364.0
 PPSN Allocations to Foreign Nationals,Belgium,2016,338.0
 PPSN Allocations to Foreign Nationals,Belgium,2017,431.0
 PPSN Allocations to Foreign Nationals,Belgium,2018,456.0
 PPSN Allocations to Foreign Nationals,Burkina Faso,2002,3.0
 PPSN Allocations to Foreign Nationals,Burkina Faso,2007,3.0
 PPSN Allocations to Foreign Nationals,Burkina Faso,2010,3.0
 PPSN Allocations to Foreign Nationals,Bulgaria,2002,398.0
 PPSN Allocations to Foreign Nationals,Bulgaria,2003,354.0
 PPSN Allocations to Foreign Nationals,Bulgaria,2004,100.0
 PPSN Allocations to Foreign Nationals,Bulgaria,2005,95.0
 PPSN Allocations to Foreign Nationals,Bulgaria,2006,260.0
 PPSN Allocations to Foreign Nationals,Bulgaria,2007,990.0
 PPSN Allocations to Foreign Nationals,Bulgaria,2008,767.0
 PPSN Allocations to Foreign Nationals,Bulgaria,2009,278.0
 PPSN Allocations to Foreign Nationals,Bulgaria,2010,292.0
 PPSN Allocations to Foreign Nationals,Bulgaria,2011,278.0
 PPSN Allocations to Foreign Nationals,Bulgaria,2012,470.0
 PPSN Allocations to Foreign Nationals,Bulgaria,2013,878.0
 PPSN Allocations to Foreign Nationals,Bulgaria,2014,883.0
 PPSN Allocations to Foreign Nationals,Bulgaria,2015,1099.0
 PPSN Allocations to Foreign Nationals,Bulgaria,2016,1300.0
 PPSN Allocations to Foreign Nationals,Bulgaria,2017,1690.0
 PPSN Allocations to Foreign Nationals,Bulgaria,2018,1920.0
 PPSN Allocations to Foreign Nationals,Bahrain,2002,11.0
 PPSN Allocations to Foreign Nationals,Bahrain,2003,13.0
 PPSN Allocations to Foreign Nationals,Bahrain,2004,9.0
 PPSN Allocations to Foreign Nationals,Bahrain,2005,15.0
 PPSN Allocations to Foreign Nationals,Bahrain,2006,10.0
 PPSN Allocations to Foreign Nationals,Bahrain,2007,14.0
 PPSN Allocations to Foreign Nationals,Bahrain,2008,19.0
 PPSN Allocations to Foreign Nationals,Bahrain,2009,11.0
 PPSN Allocations to Foreign Nationals,Bahrain,2010,4.0
 PPSN Allocations to Foreign Nationals,Bahrain,2011,15.0
 PPSN Allocations to Foreign Nationals,Bahrain,2012,12.0
 PPSN Allocations to Foreign Nationals,Bahrain,2013,7.0
 PPSN Allocations to Foreign Nationals,Bahrain,2014,8.0
 PPSN Allocations to Foreign Nationals,Bahrain,2015,4.0
 PPSN Allocations to Foreign Nationals,Bahrain,2016,10.0
 PPSN Allocations to Foreign Nationals,Bahrain,2017,14.0
 PPSN Allocations to Foreign Nationals,Bahrain,2018,9.0
 PPSN Allocations to Foreign Nationals,Burundi,2002,7.0
 PPSN Allocations to Foreign Nationals,Burundi,2003,11.0
 PPSN Allocations to Foreign Nationals,Burundi,2004,14.0
 PPSN Allocations to Foreign Nationals,Burundi,2005,13.0
 PPSN Allocations to Foreign Nationals,Burundi,2006,15.0
 PPSN Allocations to Foreign Nationals,Burundi,2007,9.0
 PPSN Allocations to Foreign Nationals,Burundi,2008,17.0
 PPSN Allocations to Foreign Nationals,Burundi,2009,6.0
 PPSN Allocations to Foreign Nationals,Burundi,2010,3.0
 PPSN Allocations to Foreign Nationals,Burundi,2015,6.0
 PPSN Allocations to Foreign Nationals,Burundi,2016,11.0
 PPSN Allocations to Foreign Nationals,Burundi,2017,6.0
 PPSN Allocations to Foreign Nationals,Burundi,2018,5.0
 PPSN Allocations to Foreign Nationals,Benin,2002,10.0
 PPSN Allocations to Foreign Nationals,Benin,2004,3.0
 PPSN Allocations to Foreign Nationals,Benin,2007,5.0
 PPSN Allocations to Foreign Nationals,Benin,2008,14.0
 PPSN Allocations to Foreign Nationals,Benin,2009,7.0
 PPSN Allocations to Foreign Nationals,Benin,2012,3.0
 PPSN Allocations to Foreign Nationals,Benin,2013,3.0
 PPSN Allocations to Foreign Nationals,Benin,2014,8.0
 PPSN Allocations to Foreign Nationals,Brunei Darussalam,2002,3.0
 PPSN Allocations to Foreign Nationals,Brunei Darussalam,2003,7.0
 PPSN Allocations to Foreign Nationals,Brunei Darussalam,2008,3.0
 PPSN Allocations to Foreign Nationals,Brunei Darussalam,2018,3.0
 PPSN Allocations to Foreign Nationals,Bolivia,2002,3.0
 PPSN Allocations to Foreign Nationals,Bolivia,2003,4.0
 PPSN Allocations to Foreign Nationals,Bolivia,2004,7.0
 PPSN Allocations to Foreign Nationals,Bolivia,2005,8.0
 PPSN Allocations to Foreign Nationals,Bolivia,2006,5.0
 PPSN Allocations to Foreign Nationals,Bolivia,2007,14.0
 PPSN Allocations to Foreign Nationals,Bolivia,2008,20.0
 PPSN Allocations to Foreign Nationals,Bolivia,2009,44.0
 PPSN Allocations to Foreign Nationals,Bolivia,2010,46.0
 PPSN Allocations to Foreign Nationals,Bolivia,2011,70.0
 PPSN Allocations to Foreign Nationals,Bolivia,2012,63.0
 PPSN Allocations to Foreign Nationals,Bolivia,2013,36.0
 PPSN Allocations to Foreign Nationals,Bolivia,2014,66.0
 PPSN Allocations to Foreign Nationals,Bolivia,2015,31.0
 PPSN Allocations to Foreign Nationals,Bolivia,2016,86.0
 PPSN Allocations to Foreign Nationals,Bolivia,2017,137.0
 PPSN Allocations to Foreign Nationals,Bolivia,2018,169.0
 PPSN Allocations to Foreign Nationals,Brazil,2002,686.0
 PPSN Allocations to Foreign Nationals,Brazil,2003,649.0
 PPSN Allocations to Foreign Nationals,Brazil,2004,812.0
 PPSN Allocations to Foreign Nationals,Brazil,2005,2128.0
 PPSN Allocations to Foreign Nationals,Brazil,2006,3339.0
 PPSN Allocations to Foreign Nationals,Brazil,2007,4674.0
 PPSN Allocations to Foreign Nationals,Brazil,2008,5462.0
 PPSN Allocations to Foreign Nationals,Brazil,2009,2677.0
 PPSN Allocations to Foreign Nationals,Brazil,2010,4167.0
 PPSN Allocations to Foreign Nationals,Brazil,2011,4843.0
 PPSN Allocations to Foreign Nationals,Brazil,2012,5427.0
 PPSN Allocations to Foreign Nationals,Brazil,2013,6161.0
 PPSN Allocations to Foreign Nationals,Brazil,2014,7649.0
 PPSN Allocations to Foreign Nationals,Brazil,2015,4976.0
 PPSN Allocations to Foreign Nationals,Brazil,2016,7209.0
 PPSN Allocations to Foreign Nationals,Brazil,2017,10304.0
 PPSN Allocations to Foreign Nationals,Brazil,2018,12268.0
 PPSN Allocations to Foreign Nationals,Bahamas,2003,4.0
 PPSN Allocations to Foreign Nationals,Bahamas,2008,7.0
 PPSN Allocations to Foreign Nationals,Bahamas,2012,3.0
 PPSN Allocations to Foreign Nationals,Bahamas,2017,8.0
 PPSN Allocations to Foreign Nationals,Bhutan,2004,5.0
 PPSN Allocations to Foreign Nationals,Bhutan,2007,13.0
 PPSN Allocations to Foreign Nationals,Bhutan,2008,24.0
 PPSN Allocations to Foreign Nationals,Bhutan,2009,9.0
 PPSN Allocations to Foreign Nationals,Bhutan,2010,17.0
 PPSN Allocations to Foreign Nationals,Botswana,2002,52.0
 PPSN Allocations to Foreign Nationals,Botswana,2003,18.0
 PPSN Allocations to Foreign Nationals,Botswana,2004,19.0
 PPSN Allocations to Foreign Nationals,Botswana,2005,9.0
 PPSN Allocations to Foreign Nationals,Botswana,2006,26.0
 PPSN Allocations to Foreign Nationals,Botswana,2007,55.0
 PPSN Allocations to Foreign Nationals,Botswana,2008,92.0
 PPSN Allocations to Foreign Nationals,Botswana,2009,100.0
 PPSN Allocations to Foreign Nationals,Botswana,2010,61.0
 PPSN Allocations to Foreign Nationals,Botswana,2011,67.0
 PPSN Allocations to Foreign Nationals,Botswana,2012,69.0
 PPSN Allocations to Foreign Nationals,Botswana,2013,52.0
 PPSN Allocations to Foreign Nationals,Botswana,2014,74.0
 PPSN Allocations to Foreign Nationals,Botswana,2015,21.0
 PPSN Allocations to Foreign Nationals,Botswana,2016,23.0
 PPSN Allocations to Foreign Nationals,Botswana,2017,43.0
 PPSN Allocations to Foreign Nationals,Botswana,2018,22.0
 PPSN Allocations to Foreign Nationals,Belarus,2002,327.0
 PPSN Allocations to Foreign Nationals,Belarus,2003,265.0
 PPSN Allocations to Foreign Nationals,Belarus,2004,78.0
 PPSN Allocations to Foreign Nationals,Belarus,2005,61.0
 PPSN Allocations to Foreign Nationals,Belarus,2006,71.0
 PPSN Allocations to Foreign Nationals,Belarus,2007,63.0
 PPSN Allocations to Foreign Nationals,Belarus,2008,52.0
 PPSN Allocations to Foreign Nationals,Belarus,2009,53.0
 PPSN Allocations to Foreign Nationals,Belarus,2010,27.0
 PPSN Allocations to Foreign Nationals,Belarus,2011,32.0
 PPSN Allocations to Foreign Nationals,Belarus,2012,51.0
 PPSN Allocations to Foreign Nationals,Belarus,2013,35.0
 PPSN Allocations to Foreign Nationals,Belarus,2014,37.0
 PPSN Allocations to Foreign Nationals,Belarus,2015,40.0
 PPSN Allocations to Foreign Nationals,Belarus,2016,58.0
 PPSN Allocations to Foreign Nationals,Belarus,2017,50.0
 PPSN Allocations to Foreign Nationals,Belarus,2018,45.0
 PPSN Allocations to Foreign Nationals,Belize,2007,3.0
 PPSN Allocations to Foreign Nationals,Belize,2008,5.0
 PPSN Allocations to Foreign Nationals,Belize,2016,3.0
 PPSN Allocations to Foreign Nationals,Belize,2017,6.0
 PPSN Allocations to Foreign Nationals,Canada,2002,716.0
 PPSN Allocations to Foreign Nationals,Canada,2003,742.0
 PPSN Allocations to Foreign Nationals,Canada,2004,845.0
 PPSN Allocations to Foreign Nationals,Canada,2005,948.0
 PPSN Allocations to Foreign Nationals,Canada,2006,1148.0
 PPSN Allocations to Foreign Nationals,Canada,2007,1057.0
 PPSN Allocations to Foreign Nationals,Canada,2008,1204.0
 PPSN Allocations to Foreign Nationals,Canada,2009,839.0
 PPSN Allocations to Foreign Nationals,Canada,2010,695.0
 PPSN Allocations to Foreign Nationals,Canada,2011,607.0
 PPSN Allocations to Foreign Nationals,Canada,2012,612.0
 PPSN Allocations to Foreign Nationals,Canada,2013,744.0
 PPSN Allocations to Foreign Nationals,Canada,2014,839.0
 PPSN Allocations to Foreign Nationals,Canada,2015,885.0
 PPSN Allocations to Foreign Nationals,Canada,2016,1036.0
 PPSN Allocations to Foreign Nationals,Canada,2017,966.0
 PPSN Allocations to Foreign Nationals,Canada,2018,1098.0
 PPSN Allocations to Foreign Nationals,"Congo, The Democratic Republic of the",2002,39.0
 PPSN Allocations to Foreign Nationals,"Congo, The Democratic Republic of the",2003,60.0
 PPSN Allocations to Foreign Nationals,"Congo, The Democratic Republic of the",2004,43.0
 PPSN Allocations to Foreign Nationals,"Congo, The Democratic Republic of the",2005,39.0
 PPSN Allocations to Foreign Nationals,"Congo, The Democratic Republic of the",2006,38.0
 PPSN Allocations to Foreign Nationals,"Congo, The Democratic Republic of the",2007,40.0
 PPSN Allocations to Foreign Nationals,"Congo, The Democratic Republic of the",2008,39.0
 PPSN Allocations to Foreign Nationals,"Congo, The Democratic Republic of the",2009,34.0
 PPSN Allocations to Foreign Nationals,"Congo, The Democratic Republic of the",2010,33.0
 PPSN Allocations to Foreign Nationals,"Congo, The Democratic Republic of the",2011,18.0
 PPSN Allocations to Foreign Nationals,"Congo, The Democratic Republic of the",2012,76.0
 PPSN Allocations to Foreign Nationals,"Congo, The Democratic Republic of the",2013,69.0
 PPSN Allocations to Foreign Nationals,"Congo, The Democratic Republic of the",2014,70.0
 PPSN Allocations to Foreign Nationals,"Congo, The Democratic Republic of the",2015,59.0
 PPSN Allocations to Foreign Nationals,"Congo, The Democratic Republic of the",2016,59.0
 PPSN Allocations to Foreign Nationals,"Congo, The Democratic Republic of the",2017,92.0
 PPSN Allocations to Foreign Nationals,"Congo, The Democratic Republic of the",2018,82.0
 PPSN Allocations to Foreign Nationals,Central African Republic,2002,3.0
 PPSN Allocations to Foreign Nationals,Central African Republic,2003,3.0
 PPSN Allocations to Foreign Nationals,Central African Republic,2006,5.0
 PPSN Allocations to Foreign Nationals,Central African Republic,2007,3.0
 PPSN Allocations to Foreign Nationals,Central African Republic,2017,4.0
 PPSN Allocations to Foreign Nationals,Congo,2002,191.0
 PPSN Allocations to Foreign Nationals,Congo,2003,171.0
 PPSN Allocations to Foreign Nationals,Congo,2004,122.0
 PPSN Allocations to Foreign Nationals,Congo,2005,131.0
 PPSN Allocations to Foreign Nationals,Congo,2006,130.0
 PPSN Allocations to Foreign Nationals,Congo,2007,151.0
 PPSN Allocations to Foreign Nationals,Congo,2008,149.0
 PPSN Allocations to Foreign Nationals,Congo,2009,180.0
 PPSN Allocations to Foreign Nationals,Congo,2010,62.0
 PPSN Allocations to Foreign Nationals,Congo,2011,49.0
 PPSN Allocations to Foreign Nationals,Congo,2012,27.0
 PPSN Allocations to Foreign Nationals,Congo,2013,48.0
 PPSN Allocations to Foreign Nationals,Congo,2014,14.0
 PPSN Allocations to Foreign Nationals,Congo,2015,21.0
 PPSN Allocations to Foreign Nationals,Congo,2016,48.0
 PPSN Allocations to Foreign Nationals,Congo,2017,60.0
 PPSN Allocations to Foreign Nationals,Congo,2018,55.0
 PPSN Allocations to Foreign Nationals,Switzerland,2002,144.0
 PPSN Allocations to Foreign Nationals,Switzerland,2003,224.0
 PPSN Allocations to Foreign Nationals,Switzerland,2004,211.0
 PPSN Allocations to Foreign Nationals,Switzerland,2005,202.0
 PPSN Allocations to Foreign Nationals,Switzerland,2006,296.0
 PPSN Allocations to Foreign Nationals,Switzerland,2007,265.0
 PPSN Allocations to Foreign Nationals,Switzerland,2008,280.0
 PPSN Allocations to Foreign Nationals,Switzerland,2009,156.0
 PPSN Allocations to Foreign Nationals,Switzerland,2010,145.0
 PPSN Allocations to Foreign Nationals,Switzerland,2011,182.0
 PPSN Allocations to Foreign Nationals,Switzerland,2012,172.0
 PPSN Allocations to Foreign Nationals,Switzerland,2013,205.0
 PPSN Allocations to Foreign Nationals,Switzerland,2014,186.0
 PPSN Allocations to Foreign Nationals,Switzerland,2015,220.0
 PPSN Allocations to Foreign Nationals,Switzerland,2016,231.0
 PPSN Allocations to Foreign Nationals,Switzerland,2017,267.0
 PPSN Allocations to Foreign Nationals,Switzerland,2018,280.0
 PPSN Allocations to Foreign Nationals,Cote d'Ivoire,2012,11.0
 PPSN Allocations to Foreign Nationals,Cote d'Ivoire,2013,6.0
 PPSN Allocations to Foreign Nationals,Cote d'Ivoire,2014,7.0
 PPSN Allocations to Foreign Nationals,Cote d'Ivoire,2015,7.0
 PPSN Allocations to Foreign Nationals,Cote d'Ivoire,2016,11.0
 PPSN Allocations to Foreign Nationals,Cote d'Ivoire,2017,10.0
 PPSN Allocations to Foreign Nationals,Cote d'Ivoire,2018,8.0
 PPSN Allocations to Foreign Nationals,Chile,2002,14.0
 PPSN Allocations to Foreign Nationals,Chile,2003,29.0
 PPSN Allocations to Foreign Nationals,Chile,2004,18.0
 PPSN Allocations to Foreign Nationals,Chile,2005,45.0
 PPSN Allocations to Foreign Nationals,Chile,2006,37.0
 PPSN Allocations to Foreign Nationals,Chile,2007,48.0
 PPSN Allocations to Foreign Nationals,Chile,2008,47.0
 PPSN Allocations to Foreign Nationals,Chile,2009,22.0
 PPSN Allocations to Foreign Nationals,Chile,2010,24.0
 PPSN Allocations to Foreign Nationals,Chile,2011,41.0
 PPSN Allocations to Foreign Nationals,Chile,2012,47.0
 PPSN Allocations to Foreign Nationals,Chile,2013,44.0
 PPSN Allocations to Foreign Nationals,Chile,2014,78.0
 PPSN Allocations to Foreign Nationals,Chile,2015,66.0
 PPSN Allocations to Foreign Nationals,Chile,2016,99.0
 PPSN Allocations to Foreign Nationals,Chile,2017,343.0
 PPSN Allocations to Foreign Nationals,Chile,2018,514.0
 PPSN Allocations to Foreign Nationals,Cameroon,2002,128.0
 PPSN Allocations to Foreign Nationals,Cameroon,2003,108.0
 PPSN Allocations to Foreign Nationals,Cameroon,2004,52.0
 PPSN Allocations to Foreign Nationals,Cameroon,2005,61.0
 PPSN Allocations to Foreign Nationals,Cameroon,2006,100.0
 PPSN Allocations to Foreign Nationals,Cameroon,2007,71.0
 PPSN Allocations to Foreign Nationals,Cameroon,2008,83.0
 PPSN Allocations to Foreign Nationals,Cameroon,2009,77.0
 PPSN Allocations to Foreign Nationals,Cameroon,2010,65.0
 PPSN Allocations to Foreign Nationals,Cameroon,2011,48.0
 PPSN Allocations to Foreign Nationals,Cameroon,2012,25.0
 PPSN Allocations to Foreign Nationals,Cameroon,2013,36.0
 PPSN Allocations to Foreign Nationals,Cameroon,2014,35.0
 PPSN Allocations to Foreign Nationals,Cameroon,2015,23.0
 PPSN Allocations to Foreign Nationals,Cameroon,2016,36.0
 PPSN Allocations to Foreign Nationals,Cameroon,2017,54.0
 PPSN Allocations to Foreign Nationals,Cameroon,2018,46.0
 PPSN Allocations to Foreign Nationals,China,2002,4594.0
 PPSN Allocations to Foreign Nationals,China,2003,3634.0
 PPSN Allocations to Foreign Nationals,China,2004,3389.0
 PPSN Allocations to Foreign Nationals,China,2005,1669.0
 PPSN Allocations to Foreign Nationals,China,2006,1354.0
 PPSN Allocations to Foreign Nationals,China,2007,1480.0
 PPSN Allocations to Foreign Nationals,China,2008,1668.0
 PPSN Allocations to Foreign Nationals,China,2009,1263.0
 PPSN Allocations to Foreign Nationals,China,2010,981.0
 PPSN Allocations to Foreign Nationals,China,2011,941.0
 PPSN Allocations to Foreign Nationals,China,2012,1137.0
 PPSN Allocations to Foreign Nationals,China,2013,1106.0
 PPSN Allocations to Foreign Nationals,China,2014,1430.0
 PPSN Allocations to Foreign Nationals,China,2015,1148.0
 PPSN Allocations to Foreign Nationals,China,2016,1499.0
 PPSN Allocations to Foreign Nationals,China,2017,1850.0
 PPSN Allocations to Foreign Nationals,China,2018,2029.0
 PPSN Allocations to Foreign Nationals,Colombia,2002,33.0
 PPSN Allocations to Foreign Nationals,Colombia,2003,32.0
 PPSN Allocations to Foreign Nationals,Colombia,2004,37.0
 PPSN Allocations to Foreign Nationals,Colombia,2005,28.0
 PPSN Allocations to Foreign Nationals,Colombia,2006,34.0
 PPSN Allocations to Foreign Nationals,Colombia,2007,43.0
 PPSN Allocations to Foreign Nationals,Colombia,2008,29.0
 PPSN Allocations to Foreign Nationals,Colombia,2009,20.0
 PPSN Allocations to Foreign Nationals,Colombia,2010,23.0
 PPSN Allocations to Foreign Nationals,Colombia,2011,39.0
 PPSN Allocations to Foreign Nationals,Colombia,2012,95.0
 PPSN Allocations to Foreign Nationals,Colombia,2013,134.0
 PPSN Allocations to Foreign Nationals,Colombia,2014,82.0
 PPSN Allocations to Foreign Nationals,Colombia,2015,50.0
 PPSN Allocations to Foreign Nationals,Colombia,2016,87.0
 PPSN Allocations to Foreign Nationals,Colombia,2017,74.0
 PPSN Allocations to Foreign Nationals,Colombia,2018,81.0
 PPSN Allocations to Foreign Nationals,Costa Rica,2002,3.0
 PPSN Allocations to Foreign Nationals,Costa Rica,2004,11.0
 PPSN Allocations to Foreign Nationals,Costa Rica,2005,4.0
 PPSN Allocations to Foreign Nationals,Costa Rica,2006,13.0
 PPSN Allocations to Foreign Nationals,Costa Rica,2007,6.0
 PPSN Allocations to Foreign Nationals,Costa Rica,2008,3.0
 PPSN Allocations to Foreign Nationals,Costa Rica,2009,3.0
 PPSN Allocations to Foreign Nationals,Costa Rica,2010,4.0
 PPSN Allocations to Foreign Nationals,Costa Rica,2011,8.0
 PPSN Allocations to Foreign Nationals,Costa Rica,2012,5.0
 PPSN Allocations to Foreign Nationals,Costa Rica,2013,10.0
 PPSN Allocations to Foreign Nationals,Costa Rica,2014,24.0
 PPSN Allocations to Foreign Nationals,Costa Rica,2015,6.0
 PPSN Allocations to Foreign Nationals,Costa Rica,2016,23.0
 PPSN Allocations to Foreign Nationals,Costa Rica,2017,34.0
 PPSN Allocations to Foreign Nationals,Costa Rica,2018,66.0
 PPSN Allocations to Foreign Nationals,Cuba,2002,18.0
 PPSN Allocations to Foreign Nationals,Cuba,2003,9.0
 PPSN Allocations to Foreign Nationals,Cuba,2004,12.0
 PPSN Allocations to Foreign Nationals,Cuba,2005,9.0
 PPSN Allocations to Foreign Nationals,Cuba,2006,18.0
 PPSN Allocations to Foreign Nationals,Cuba,2007,17.0
 PPSN Allocations to Foreign Nationals,Cuba,2008,24.0
 PPSN Allocations to Foreign Nationals,Cuba,2009,11.0
 PPSN Allocations to Foreign Nationals,Cuba,2010,8.0
 PPSN Allocations to Foreign Nationals,Cuba,2011,7.0
 PPSN Allocations to Foreign Nationals,Cuba,2012,8.0
 PPSN Allocations to Foreign Nationals,Cuba,2013,15.0
 PPSN Allocations to Foreign Nationals,Cuba,2014,15.0
 PPSN Allocations to Foreign Nationals,Cuba,2015,13.0
 PPSN Allocations to Foreign Nationals,Cuba,2016,11.0
 PPSN Allocations to Foreign Nationals,Cuba,2017,12.0
 PPSN Allocations to Foreign Nationals,Cuba,2018,6.0
 PPSN Allocations to Foreign Nationals,Cape Verde,2009,3.0
 PPSN Allocations to Foreign Nationals,Cape Verde,2014,4.0
 PPSN Allocations to Foreign Nationals,Cape Verde,2015,4.0
 PPSN Allocations to Foreign Nationals,Cyprus,2002,8.0
 PPSN Allocations to Foreign Nationals,Cyprus,2003,6.0
 PPSN Allocations to Foreign Nationals,Cyprus,2004,27.0
 PPSN Allocations to Foreign Nationals,Cyprus,2005,24.0
 PPSN Allocations to Foreign Nationals,Cyprus,2006,34.0
 PPSN Allocations to Foreign Nationals,Cyprus,2007,42.0
 PPSN Allocations to Foreign Nationals,Cyprus,2008,21.0
 PPSN Allocations to Foreign Nationals,Cyprus,2009,25.0
 PPSN Allocations to Foreign Nationals,Cyprus,2010,21.0
 PPSN Allocations to Foreign Nationals,Cyprus,2011,20.0
 PPSN Allocations to Foreign Nationals,Cyprus,2012,20.0
 PPSN Allocations to Foreign Nationals,Cyprus,2013,54.0
 PPSN Allocations to Foreign Nationals,Cyprus,2014,47.0
 PPSN Allocations to Foreign Nationals,Cyprus,2015,42.0
 PPSN Allocations to Foreign Nationals,Cyprus,2016,59.0
 PPSN Allocations to Foreign Nationals,Cyprus,2017,60.0
 PPSN Allocations to Foreign Nationals,Cyprus,2018,55.0
 PPSN Allocations to Foreign Nationals,Czech Republic,2002,1141.0
 PPSN Allocations to Foreign Nationals,Czech Republic,2003,827.0
 PPSN Allocations to Foreign Nationals,Czech Republic,2004,3322.0
 PPSN Allocations to Foreign Nationals,Czech Republic,2005,4496.0
 PPSN Allocations to Foreign Nationals,Czech Republic,2006,4460.0
 PPSN Allocations to Foreign Nationals,Czech Republic,2007,3827.0
 PPSN Allocations to Foreign Nationals,Czech Republic,2008,2766.0
 PPSN Allocations to Foreign Nationals,Czech Republic,2009,900.0
 PPSN Allocations to Foreign Nationals,Czech Republic,2010,710.0
 PPSN Allocations to Foreign Nationals,Czech Republic,2011,620.0
 PPSN Allocations to Foreign Nationals,Czech Republic,2012,591.0
 PPSN Allocations to Foreign Nationals,Czech Republic,2013,693.0
 PPSN Allocations to Foreign Nationals,Czech Republic,2014,736.0
 PPSN Allocations to Foreign Nationals,Czech Republic,2015,713.0
 PPSN Allocations to Foreign Nationals,Czech Republic,2016,723.0
 PPSN Allocations to Foreign Nationals,Czech Republic,2017,754.0
 PPSN Allocations to Foreign Nationals,Czech Republic,2018,764.0
 PPSN Allocations to Foreign Nationals,Germany,2002,2559.0
 PPSN Allocations to Foreign Nationals,Germany,2003,2877.0
 PPSN Allocations to Foreign Nationals,Germany,2004,3150.0
 PPSN Allocations to Foreign Nationals,Germany,2005,3841.0
 PPSN Allocations to Foreign Nationals,Germany,2006,4600.0
 PPSN Allocations to Foreign Nationals,Germany,2007,4550.0
 PPSN Allocations to Foreign Nationals,Germany,2008,3829.0
 PPSN Allocations to Foreign Nationals,Germany,2009,2094.0
 PPSN Allocations to Foreign Nationals,Germany,2010,2099.0
 PPSN Allocations to Foreign Nationals,Germany,2011,2164.0
 PPSN Allocations to Foreign Nationals,Germany,2012,2143.0
 PPSN Allocations to Foreign Nationals,Germany,2013,2164.0
 PPSN Allocations to Foreign Nationals,Germany,2014,2408.0
 PPSN Allocations to Foreign Nationals,Germany,2015,2458.0
 PPSN Allocations to Foreign Nationals,Germany,2016,2486.0
 PPSN Allocations to Foreign Nationals,Germany,2017,2648.0
 PPSN Allocations to Foreign Nationals,Germany,2018,2715.0
 PPSN Allocations to Foreign Nationals,Denmark,2002,275.0
 PPSN Allocations to Foreign Nationals,Denmark,2003,284.0
 PPSN Allocations to Foreign Nationals,Denmark,2004,265.0
 PPSN Allocations to Foreign Nationals,Denmark,2005,313.0
 PPSN Allocations to Foreign Nationals,Denmark,2006,285.0
 PPSN Allocations to Foreign Nationals,Denmark,2007,339.0
 PPSN Allocations to Foreign Nationals,Denmark,2008,349.0
 PPSN Allocations to Foreign Nationals,Denmark,2009,210.0
 PPSN Allocations to Foreign Nationals,Denmark,2010,323.0
 PPSN Allocations to Foreign Nationals,Denmark,2011,307.0
 PPSN Allocations to Foreign Nationals,Denmark,2012,320.0
 PPSN Allocations to Foreign Nationals,Denmark,2013,266.0
 PPSN Allocations to Foreign Nationals,Denmark,2014,241.0
 PPSN Allocations to Foreign Nationals,Denmark,2015,240.0
 PPSN Allocations to Foreign Nationals,Denmark,2016,235.0
 PPSN Allocations to Foreign Nationals,Denmark,2017,236.0
 PPSN Allocations to Foreign Nationals,Denmark,2018,327.0
 PPSN Allocations to Foreign Nationals,Dominican Republic,2005,4.0
 PPSN Allocations to Foreign Nationals,Dominican Republic,2006,3.0
 PPSN Allocations to Foreign Nationals,Dominican Republic,2007,4.0
 PPSN Allocations to Foreign Nationals,Dominican Republic,2008,5.0
 PPSN Allocations to Foreign Nationals,Dominican Republic,2010,3.0
 PPSN Allocations to Foreign Nationals,Dominican Republic,2011,7.0
 PPSN Allocations to Foreign Nationals,Dominican Republic,2012,6.0
 PPSN Allocations to Foreign Nationals,Dominican Republic,2013,7.0
 PPSN Allocations to Foreign Nationals,Dominican Republic,2014,9.0
 PPSN Allocations to Foreign Nationals,Dominican Republic,2015,11.0
 PPSN Allocations to Foreign Nationals,Dominican Republic,2016,4.0
 PPSN Allocations to Foreign Nationals,Dominican Republic,2017,10.0
 PPSN Allocations to Foreign Nationals,Dominican Republic,2018,5.0
 PPSN Allocations to Foreign Nationals,Algeria,2002,129.0
 PPSN Allocations to Foreign Nationals,Algeria,2003,97.0
 PPSN Allocations to Foreign Nationals,Algeria,2004,85.0
 PPSN Allocations to Foreign Nationals,Algeria,2005,54.0
 PPSN Allocations to Foreign Nationals,Algeria,2006,67.0
 PPSN Allocations to Foreign Nationals,Algeria,2007,64.0
 PPSN Allocations to Foreign Nationals,Algeria,2008,108.0
 PPSN Allocations to Foreign Nationals,Algeria,2009,104.0
 PPSN Allocations to Foreign Nationals,Algeria,2010,53.0
 PPSN Allocations to Foreign Nationals,Algeria,2011,72.0
 PPSN Allocations to Foreign Nationals,Algeria,2012,67.0
 PPSN Allocations to Foreign Nationals,Algeria,2013,89.0
 PPSN Allocations to Foreign Nationals,Algeria,2014,137.0
 PPSN Allocations to Foreign Nationals,Algeria,2015,107.0
 PPSN Allocations to Foreign Nationals,Algeria,2016,106.0
 PPSN Allocations to Foreign Nationals,Algeria,2017,102.0
 PPSN Allocations to Foreign Nationals,Algeria,2018,136.0
 PPSN Allocations to Foreign Nationals,Ecuador,2002,11.0
 PPSN Allocations to Foreign Nationals,Ecuador,2003,11.0
 PPSN Allocations to Foreign Nationals,Ecuador,2004,5.0
 PPSN Allocations to Foreign Nationals,Ecuador,2005,9.0
 PPSN Allocations to Foreign Nationals,Ecuador,2006,7.0
 PPSN Allocations to Foreign Nationals,Ecuador,2007,10.0
 PPSN Allocations to Foreign Nationals,Ecuador,2008,4.0
 PPSN Allocations to Foreign Nationals,Ecuador,2009,7.0
 PPSN Allocations to Foreign Nationals,Ecuador,2010,3.0
 PPSN Allocations to Foreign Nationals,Ecuador,2011,12.0
 PPSN Allocations to Foreign Nationals,Ecuador,2012,7.0
 PPSN Allocations to Foreign Nationals,Ecuador,2013,12.0
 PPSN Allocations to Foreign Nationals,Ecuador,2014,4.0
 PPSN Allocations to Foreign Nationals,Ecuador,2015,8.0
 PPSN Allocations to Foreign Nationals,Ecuador,2016,13.0
 PPSN Allocations to Foreign Nationals,Ecuador,2017,20.0
 PPSN Allocations to Foreign Nationals,Ecuador,2018,12.0
 PPSN Allocations to Foreign Nationals,Estonia,2002,469.0
 PPSN Allocations to Foreign Nationals,Estonia,2003,544.0
 PPSN Allocations to Foreign Nationals,Estonia,2004,1790.0
 PPSN Allocations to Foreign Nationals,Estonia,2005,2003.0
 PPSN Allocations to Foreign Nationals,Estonia,2006,1399.0
 PPSN Allocations to Foreign Nationals,Estonia,2007,647.0
 PPSN Allocations to Foreign Nationals,Estonia,2008,573.0
 PPSN Allocations to Foreign Nationals,Estonia,2009,424.0
 PPSN Allocations to Foreign Nationals,Estonia,2010,266.0
 PPSN Allocations to Foreign Nationals,Estonia,2011,233.0
 PPSN Allocations to Foreign Nationals,Estonia,2012,259.0
 PPSN Allocations to Foreign Nationals,Estonia,2013,231.0
 PPSN Allocations to Foreign Nationals,Estonia,2014,238.0
 PPSN Allocations to Foreign Nationals,Estonia,2015,185.0
 PPSN Allocations to Foreign Nationals,Estonia,2016,123.0
 PPSN Allocations to Foreign Nationals,Estonia,2017,120.0
 PPSN Allocations to Foreign Nationals,Estonia,2018,138.0
 PPSN Allocations to Foreign Nationals,Egypt,2002,97.0
 PPSN Allocations to Foreign Nationals,Egypt,2003,109.0
 PPSN Allocations to Foreign Nationals,Egypt,2004,80.0
 PPSN Allocations to Foreign Nationals,Egypt,2005,147.0
 PPSN Allocations to Foreign Nationals,Egypt,2006,234.0
 PPSN Allocations to Foreign Nationals,Egypt,2007,227.0
 PPSN Allocations to Foreign Nationals,Egypt,2008,307.0
 PPSN Allocations to Foreign Nationals,Egypt,2009,184.0
 PPSN Allocations to Foreign Nationals,Egypt,2010,115.0
 PPSN Allocations to Foreign Nationals,Egypt,2011,129.0
 PPSN Allocations to Foreign Nationals,Egypt,2012,139.0
 PPSN Allocations to Foreign Nationals,Egypt,2013,183.0
 PPSN Allocations to Foreign Nationals,Egypt,2014,241.0
 PPSN Allocations to Foreign Nationals,Egypt,2015,293.0
 PPSN Allocations to Foreign Nationals,Egypt,2016,513.0
 PPSN Allocations to Foreign Nationals,Egypt,2017,538.0
 PPSN Allocations to Foreign Nationals,Egypt,2018,516.0
 PPSN Allocations to Foreign Nationals,Eritrea,2003,9.0
 PPSN Allocations to Foreign Nationals,Eritrea,2004,22.0
 PPSN Allocations to Foreign Nationals,Eritrea,2005,30.0
 PPSN Allocations to Foreign Nationals,Eritrea,2006,31.0
 PPSN Allocations to Foreign Nationals,Eritrea,2007,85.0
 PPSN Allocations to Foreign Nationals,Eritrea,2008,62.0
 PPSN Allocations to Foreign Nationals,Eritrea,2009,50.0
 PPSN Allocations to Foreign Nationals,Eritrea,2010,21.0
 PPSN Allocations to Foreign Nationals,Eritrea,2011,21.0
 PPSN Allocations to Foreign Nationals,Eritrea,2012,7.0
 PPSN Allocations to Foreign Nationals,Eritrea,2013,5.0
 PPSN Allocations to Foreign Nationals,Eritrea,2014,10.0
 PPSN Allocations to Foreign Nationals,Eritrea,2015,10.0
 PPSN Allocations to Foreign Nationals,Eritrea,2016,21.0
 PPSN Allocations to Foreign Nationals,Eritrea,2017,14.0
 PPSN Allocations to Foreign Nationals,Eritrea,2018,27.0
 PPSN Allocations to Foreign Nationals,Spain,2002,5688.0
 PPSN Allocations to Foreign Nationals,Spain,2003,4926.0
 PPSN Allocations to Foreign Nationals,Spain,2004,4456.0
 PPSN Allocations to Foreign Nationals,Spain,2005,4654.0
 PPSN Allocations to Foreign Nationals,Spain,2006,4432.0
 PPSN Allocations to Foreign Nationals,Spain,2007,4694.0
 PPSN Allocations to Foreign Nationals,Spain,2008,4615.0
 PPSN Allocations to Foreign Nationals,Spain,2009,2590.0
 PPSN Allocations to Foreign Nationals,Spain,2010,2394.0
 PPSN Allocations to Foreign Nationals,Spain,2011,2607.0
 PPSN Allocations to Foreign Nationals,Spain,2012,3937.0
 PPSN Allocations to Foreign Nationals,Spain,2013,5011.0
 PPSN Allocations to Foreign Nationals,Spain,2014,5196.0
 PPSN Allocations to Foreign Nationals,Spain,2015,4356.0
 PPSN Allocations to Foreign Nationals,Spain,2016,5438.0
 PPSN Allocations to Foreign Nationals,Spain,2017,6339.0
 PPSN Allocations to Foreign Nationals,Spain,2018,6685.0
 PPSN Allocations to Foreign Nationals,Ethiopia,2002,29.0
 PPSN Allocations to Foreign Nationals,Ethiopia,2003,27.0
 PPSN Allocations to Foreign Nationals,Ethiopia,2004,68.0
 PPSN Allocations to Foreign Nationals,Ethiopia,2005,49.0
 PPSN Allocations to Foreign Nationals,Ethiopia,2006,72.0
 PPSN Allocations to Foreign Nationals,Ethiopia,2007,47.0
 PPSN Allocations to Foreign Nationals,Ethiopia,2008,55.0
 PPSN Allocations to Foreign Nationals,Ethiopia,2009,48.0
 PPSN Allocations to Foreign Nationals,Ethiopia,2010,39.0
 PPSN Allocations to Foreign Nationals,Ethiopia,2011,47.0
 PPSN Allocations to Foreign Nationals,Ethiopia,2012,35.0
 PPSN Allocations to Foreign Nationals,Ethiopia,2013,41.0
 PPSN Allocations to Foreign Nationals,Ethiopia,2014,31.0
 PPSN Allocations to Foreign Nationals,Ethiopia,2015,46.0
 PPSN Allocations to Foreign Nationals,Ethiopia,2016,38.0
 PPSN Allocations to Foreign Nationals,Ethiopia,2017,50.0
 PPSN Allocations to Foreign Nationals,Ethiopia,2018,42.0
 PPSN Allocations to Foreign Nationals,Finland,2002,442.0
 PPSN Allocations to Foreign Nationals,Finland,2003,389.0
 PPSN Allocations to Foreign Nationals,Finland,2004,347.0
 PPSN Allocations to Foreign Nationals,Finland,2005,469.0
 PPSN Allocations to Foreign Nationals,Finland,2006,507.0
 PPSN Allocations to Foreign Nationals,Finland,2007,472.0
 PPSN Allocations to Foreign Nationals,Finland,2008,374.0
 PPSN Allocations to Foreign Nationals,Finland,2009,154.0
 PPSN Allocations to Foreign Nationals,Finland,2010,188.0
 PPSN Allocations to Foreign Nationals,Finland,2011,183.0
 PPSN Allocations to Foreign Nationals,Finland,2012,203.0
 PPSN Allocations to Foreign Nationals,Finland,2013,222.0
 PPSN Allocations to Foreign Nationals,Finland,2014,188.0
 PPSN Allocations to Foreign Nationals,Finland,2015,240.0
 PPSN Allocations to Foreign Nationals,Finland,2016,236.0
 PPSN Allocations to Foreign Nationals,Finland,2017,232.0
 PPSN Allocations to Foreign Nationals,Finland,2018,218.0
 PPSN Allocations to Foreign Nationals,Fiji,2002,4.0
 PPSN Allocations to Foreign Nationals,Fiji,2006,4.0
 PPSN Allocations to Foreign Nationals,Fiji,2007,3.0
 PPSN Allocations to Foreign Nationals,Fiji,2008,7.0
 PPSN Allocations to Foreign Nationals,Fiji,2009,5.0
 PPSN Allocations to Foreign Nationals,Fiji,2011,4.0
 PPSN Allocations to Foreign Nationals,Fiji,2013,5.0
 PPSN Allocations to Foreign Nationals,Fiji,2014,3.0
 PPSN Allocations to Foreign Nationals,Fiji,2015,3.0
 PPSN Allocations to Foreign Nationals,Fiji,2016,6.0
 PPSN Allocations to Foreign Nationals,Fiji,2017,5.0
 PPSN Allocations to Foreign Nationals,Fiji,2018,5.0
 PPSN Allocations to Foreign Nationals,Faroe Islands,2018,22.0
 PPSN Allocations to Foreign Nationals,France,2002,3784.0
 PPSN Allocations to Foreign Nationals,France,2003,4335.0
 PPSN Allocations to Foreign Nationals,France,2004,4675.0
 PPSN Allocations to Foreign Nationals,France,2005,4959.0
 PPSN Allocations to Foreign Nationals,France,2006,6877.0
 PPSN Allocations to Foreign Nationals,France,2007,7677.0
 PPSN Allocations to Foreign Nationals,France,2008,7062.0
 PPSN Allocations to Foreign Nationals,France,2009,3108.0
 PPSN Allocations to Foreign Nationals,France,2010,2881.0
 PPSN Allocations to Foreign Nationals,France,2011,2673.0
 PPSN Allocations to Foreign Nationals,France,2012,2916.0
 PPSN Allocations to Foreign Nationals,France,2013,3176.0
 PPSN Allocations to Foreign Nationals,France,2014,3742.0
 PPSN Allocations to Foreign Nationals,France,2015,3743.0
 PPSN Allocations to Foreign Nationals,France,2016,4380.0
 PPSN Allocations to Foreign Nationals,France,2017,4857.0
 PPSN Allocations to Foreign Nationals,France,2018,4877.0
 PPSN Allocations to Foreign Nationals,United Kingdom,2002,18946.0
 PPSN Allocations to Foreign Nationals,United Kingdom,2003,18243.0
 PPSN Allocations to Foreign Nationals,United Kingdom,2004,18121.0
 PPSN Allocations to Foreign Nationals,United Kingdom,2005,20209.0
 PPSN Allocations to Foreign Nationals,United Kingdom,2006,21864.0
 PPSN Allocations to Foreign Nationals,United Kingdom,2007,21809.0
 PPSN Allocations to Foreign Nationals,United Kingdom,2008,19612.0
 PPSN Allocations to Foreign Nationals,United Kingdom,2009,13909.0
 PPSN Allocations to Foreign Nationals,United Kingdom,2010,13398.0
 PPSN Allocations to Foreign Nationals,United Kingdom,2011,13077.0
 PPSN Allocations to Foreign Nationals,United Kingdom,2012,12703.0
 PPSN Allocations to Foreign Nationals,United Kingdom,2013,13156.0
 PPSN Allocations to Foreign Nationals,United Kingdom,2014,13812.0
 PPSN Allocations to Foreign Nationals,United Kingdom,2015,16121.0
 PPSN Allocations to Foreign Nationals,United Kingdom,2016,15905.0
 PPSN Allocations to Foreign Nationals,United Kingdom,2017,15332.0
 PPSN Allocations to Foreign Nationals,United Kingdom,2018,15095.0
 PPSN Allocations to Foreign Nationals,Grenada,2002,3.0
 PPSN Allocations to Foreign Nationals,Grenada,2004,3.0
 PPSN Allocations to Foreign Nationals,Grenada,2005,3.0
 PPSN Allocations to Foreign Nationals,Grenada,2016,5.0
 PPSN Allocations to Foreign Nationals,Georgia,2002,83.0
 PPSN Allocations to Foreign Nationals,Georgia,2003,110.0
 PPSN Allocations to Foreign Nationals,Georgia,2004,112.0
 PPSN Allocations to Foreign Nationals,Georgia,2005,133.0
 PPSN Allocations to Foreign Nationals,Georgia,2006,169.0
 PPSN Allocations to Foreign Nationals,Georgia,2007,163.0
 PPSN Allocations to Foreign Nationals,Georgia,2008,168.0
 PPSN Allocations to Foreign Nationals,Georgia,2009,98.0
 PPSN Allocations to Foreign Nationals,Georgia,2010,62.0
 PPSN Allocations to Foreign Nationals,Georgia,2011,20.0
 PPSN Allocations to Foreign Nationals,Georgia,2012,26.0
 PPSN Allocations to Foreign Nationals,Georgia,2013,32.0
 PPSN Allocations to Foreign Nationals,Georgia,2014,59.0
 PPSN Allocations to Foreign Nationals,Georgia,2015,63.0
 PPSN Allocations to Foreign Nationals,Georgia,2016,94.0
 PPSN Allocations to Foreign Nationals,Georgia,2017,212.0
 PPSN Allocations to Foreign Nationals,Georgia,2018,368.0
 PPSN Allocations to Foreign Nationals,Ghana,2002,218.0
 PPSN Allocations to Foreign Nationals,Ghana,2003,179.0
 PPSN Allocations to Foreign Nationals,Ghana,2004,95.0
 PPSN Allocations to Foreign Nationals,Ghana,2005,147.0
 PPSN Allocations to Foreign Nationals,Ghana,2006,143.0
 PPSN Allocations to Foreign Nationals,Ghana,2007,132.0
 PPSN Allocations to Foreign Nationals,Ghana,2008,167.0
 PPSN Allocations to Foreign Nationals,Ghana,2009,110.0
 PPSN Allocations to Foreign Nationals,Ghana,2010,61.0
 PPSN Allocations to Foreign Nationals,Ghana,2011,46.0
 PPSN Allocations to Foreign Nationals,Ghana,2012,49.0
 PPSN Allocations to Foreign Nationals,Ghana,2013,31.0
 PPSN Allocations to Foreign Nationals,Ghana,2014,53.0
 PPSN Allocations to Foreign Nationals,Ghana,2015,57.0
 PPSN Allocations to Foreign Nationals,Ghana,2016,91.0
 PPSN Allocations to Foreign Nationals,Ghana,2017,109.0
 PPSN Allocations to Foreign Nationals,Ghana,2018,112.0
 PPSN Allocations to Foreign Nationals,Gambia,2002,6.0
 PPSN Allocations to Foreign Nationals,Gambia,2003,11.0
 PPSN Allocations to Foreign Nationals,Gambia,2004,3.0
 PPSN Allocations to Foreign Nationals,Gambia,2005,16.0
 PPSN Allocations to Foreign Nationals,Gambia,2006,6.0
 PPSN Allocations to Foreign Nationals,Gambia,2007,6.0
 PPSN Allocations to Foreign Nationals,Gambia,2008,6.0
 PPSN Allocations to Foreign Nationals,Gambia,2009,5.0
 PPSN Allocations to Foreign Nationals,Gambia,2013,4.0
 PPSN Allocations to Foreign Nationals,Gambia,2014,11.0
 PPSN Allocations to Foreign Nationals,Gambia,2015,15.0
 PPSN Allocations to Foreign Nationals,Gambia,2016,5.0
 PPSN Allocations to Foreign Nationals,Gambia,2017,3.0
 PPSN Allocations to Foreign Nationals,Gambia,2018,10.0
 PPSN Allocations to Foreign Nationals,Guinea,2002,8.0
 PPSN Allocations to Foreign Nationals,Guinea,2003,8.0
 PPSN Allocations to Foreign Nationals,Guinea,2004,21.0
 PPSN Allocations to Foreign Nationals,Guinea,2005,22.0
 PPSN Allocations to Foreign Nationals,Guinea,2006,37.0
 PPSN Allocations to Foreign Nationals,Guinea,2007,16.0
 PPSN Allocations to Foreign Nationals,Guinea,2008,18.0
 PPSN Allocations to Foreign Nationals,Guinea,2009,18.0
 PPSN Allocations to Foreign Nationals,Guinea,2010,8.0
 PPSN Allocations to Foreign Nationals,Guinea,2011,9.0
 PPSN Allocations to Foreign Nationals,Guinea,2012,12.0
 PPSN Allocations to Foreign Nationals,Guinea,2013,9.0
 PPSN Allocations to Foreign Nationals,Guinea,2014,10.0
 PPSN Allocations to Foreign Nationals,Guinea,2015,10.0
 PPSN Allocations to Foreign Nationals,Guinea,2016,15.0
 PPSN Allocations to Foreign Nationals,Guinea,2017,7.0
 PPSN Allocations to Foreign Nationals,Guinea,2018,14.0
 PPSN Allocations to Foreign Nationals,Equatorial Guinea,2003,4.0
 PPSN Allocations to Foreign Nationals,Equatorial Guinea,2007,5.0
 PPSN Allocations to Foreign Nationals,Equatorial Guinea,2014,4.0
 PPSN Allocations to Foreign Nationals,Equatorial Guinea,2015,8.0
 PPSN Allocations to Foreign Nationals,Greece,2002,117.0
 PPSN Allocations to Foreign Nationals,Greece,2003,122.0
 PPSN Allocations to Foreign Nationals,Greece,2004,158.0
 PPSN Allocations to Foreign Nationals,Greece,2005,172.0
 PPSN Allocations to Foreign Nationals,Greece,2006,205.0
 PPSN Allocations to Foreign Nationals,Greece,2007,168.0
 PPSN Allocations to Foreign Nationals,Greece,2008,169.0
 PPSN Allocations to Foreign Nationals,Greece,2009,99.0
 PPSN Allocations to Foreign Nationals,Greece,2010,123.0
 PPSN Allocations to Foreign Nationals,Greece,2011,168.0
 PPSN Allocations to Foreign Nationals,Greece,2012,270.0
 PPSN Allocations to Foreign Nationals,Greece,2013,272.0
 PPSN Allocations to Foreign Nationals,Greece,2014,330.0
 PPSN Allocations to Foreign Nationals,Greece,2015,410.0
 PPSN Allocations to Foreign Nationals,Greece,2016,630.0
 PPSN Allocations to Foreign Nationals,Greece,2017,798.0
 PPSN Allocations to Foreign Nationals,Greece,2018,815.0
 PPSN Allocations to Foreign Nationals,Guatemala,2002,5.0
 PPSN Allocations to Foreign Nationals,Guatemala,2003,3.0
 PPSN Allocations to Foreign Nationals,Guatemala,2004,8.0
 PPSN Allocations to Foreign Nationals,Guatemala,2005,7.0
 PPSN Allocations to Foreign Nationals,Guatemala,2006,8.0
 PPSN Allocations to Foreign Nationals,Guatemala,2007,13.0
 PPSN Allocations to Foreign Nationals,Guatemala,2008,9.0
 PPSN Allocations to Foreign Nationals,Guatemala,2010,3.0
 PPSN Allocations to Foreign Nationals,Guatemala,2012,4.0
 PPSN Allocations to Foreign Nationals,Guatemala,2013,6.0
 PPSN Allocations to Foreign Nationals,Guatemala,2014,6.0
 PPSN Allocations to Foreign Nationals,Guatemala,2015,7.0
 PPSN Allocations to Foreign Nationals,Guatemala,2016,8.0
 PPSN Allocations to Foreign Nationals,Guatemala,2017,15.0
 PPSN Allocations to Foreign Nationals,Guatemala,2018,23.0
 PPSN Allocations to Foreign Nationals,Guyana,2003,5.0
 PPSN Allocations to Foreign Nationals,Guyana,2004,3.0
 PPSN Allocations to Foreign Nationals,Guyana,2005,6.0
 PPSN Allocations to Foreign Nationals,Guyana,2006,5.0
 PPSN Allocations to Foreign Nationals,Guyana,2007,3.0
 PPSN Allocations to Foreign Nationals,Guyana,2009,6.0
 PPSN Allocations to Foreign Nationals,Guyana,2010,6.0
 PPSN Allocations to Foreign Nationals,Guyana,2011,3.0
 PPSN Allocations to Foreign Nationals,Guyana,2012,3.0
 PPSN Allocations to Foreign Nationals,Guyana,2016,10.0
 PPSN Allocations to Foreign Nationals,Guyana,2017,4.0
 PPSN Allocations to Foreign Nationals,Guyana,2018,5.0
 PPSN Allocations to Foreign Nationals,Hong Kong,2002,40.0
 PPSN Allocations to Foreign Nationals,Hong Kong,2003,51.0
 PPSN Allocations to Foreign Nationals,Hong Kong,2004,32.0
 PPSN Allocations to Foreign Nationals,Hong Kong,2005,25.0
 PPSN Allocations to Foreign Nationals,Hong Kong,2006,38.0
 PPSN Allocations to Foreign Nationals,Hong Kong,2007,29.0
 PPSN Allocations to Foreign Nationals,Hong Kong,2014,3.0
 PPSN Allocations to Foreign Nationals,Hong Kong,2015,9.0
 PPSN Allocations to Foreign Nationals,Hong Kong,2016,9.0
 PPSN Allocations to Foreign Nationals,Hong Kong,2017,26.0
 PPSN Allocations to Foreign Nationals,Hong Kong,2018,27.0
 PPSN Allocations to Foreign Nationals,Honduras,2002,4.0
 PPSN Allocations to Foreign Nationals,Honduras,2003,4.0
 PPSN Allocations to Foreign Nationals,Honduras,2004,7.0
 PPSN Allocations to Foreign Nationals,Honduras,2005,4.0
 PPSN Allocations to Foreign Nationals,Honduras,2006,6.0
 PPSN Allocations to Foreign Nationals,Honduras,2007,3.0
 PPSN Allocations to Foreign Nationals,Honduras,2011,3.0
 PPSN Allocations to Foreign Nationals,Honduras,2012,4.0
 PPSN Allocations to Foreign Nationals,Honduras,2013,7.0
 PPSN Allocations to Foreign Nationals,Honduras,2014,17.0
 PPSN Allocations to Foreign Nationals,Honduras,2015,9.0
 PPSN Allocations to Foreign Nationals,Honduras,2016,8.0
 PPSN Allocations to Foreign Nationals,Honduras,2017,7.0
 PPSN Allocations to Foreign Nationals,Honduras,2018,15.0
 PPSN Allocations to Foreign Nationals,Croatia,2002,382.0
 PPSN Allocations to Foreign Nationals,Croatia,2003,337.0
 PPSN Allocations to Foreign Nationals,Croatia,2004,265.0
 PPSN Allocations to Foreign Nationals,Croatia,2005,175.0
 PPSN Allocations to Foreign Nationals,Croatia,2006,165.0
 PPSN Allocations to Foreign Nationals,Croatia,2007,169.0
 PPSN Allocations to Foreign Nationals,Croatia,2008,125.0
 PPSN Allocations to Foreign Nationals,Croatia,2009,58.0
 PPSN Allocations to Foreign Nationals,Croatia,2010,51.0
 PPSN Allocations to Foreign Nationals,Croatia,2011,60.0
 PPSN Allocations to Foreign Nationals,Croatia,2012,86.0
 PPSN Allocations to Foreign Nationals,Croatia,2013,488.0
 PPSN Allocations to Foreign Nationals,Croatia,2014,2223.0
 PPSN Allocations to Foreign Nationals,Croatia,2015,4342.0
 PPSN Allocations to Foreign Nationals,Croatia,2016,5315.0
 PPSN Allocations to Foreign Nationals,Croatia,2017,4908.0
 PPSN Allocations to Foreign Nationals,Croatia,2018,4346.0
 PPSN Allocations to Foreign Nationals,Haiti,2008,3.0
 PPSN Allocations to Foreign Nationals,Haiti,2015,4.0
 PPSN Allocations to Foreign Nationals,Haiti,2017,6.0
 PPSN Allocations to Foreign Nationals,Hungary,2002,255.0
 PPSN Allocations to Foreign Nationals,Hungary,2003,185.0
 PPSN Allocations to Foreign Nationals,Hungary,2004,1813.0
 PPSN Allocations to Foreign Nationals,Hungary,2005,3063.0
 PPSN Allocations to Foreign Nationals,Hungary,2006,4318.0
 PPSN Allocations to Foreign Nationals,Hungary,2007,5108.0
 PPSN Allocations to Foreign Nationals,Hungary,2008,4583.0
 PPSN Allocations to Foreign Nationals,Hungary,2009,1812.0
 PPSN Allocations to Foreign Nationals,Hungary,2010,1597.0
 PPSN Allocations to Foreign Nationals,Hungary,2011,1575.0
 PPSN Allocations to Foreign Nationals,Hungary,2012,1996.0
 PPSN Allocations to Foreign Nationals,Hungary,2013,1882.0
 PPSN Allocations to Foreign Nationals,Hungary,2014,1726.0
 PPSN Allocations to Foreign Nationals,Hungary,2015,1615.0
 PPSN Allocations to Foreign Nationals,Hungary,2016,1435.0
 PPSN Allocations to Foreign Nationals,Hungary,2017,1368.0
 PPSN Allocations to Foreign Nationals,Hungary,2018,1212.0
 PPSN Allocations to Foreign Nationals,Indonesia,2002,31.0
 PPSN Allocations to Foreign Nationals,Indonesia,2003,27.0
 PPSN Allocations to Foreign Nationals,Indonesia,2004,18.0
 PPSN Allocations to Foreign Nationals,Indonesia,2005,16.0
 PPSN Allocations to Foreign Nationals,Indonesia,2006,25.0
 PPSN Allocations to Foreign Nationals,Indonesia,2007,30.0
 PPSN Allocations to Foreign Nationals,Indonesia,2008,23.0
 PPSN Allocations to Foreign Nationals,Indonesia,2009,28.0
 PPSN Allocations to Foreign Nationals,Indonesia,2010,22.0
 PPSN Allocations to Foreign Nationals,Indonesia,2011,20.0
 PPSN Allocations to Foreign Nationals,Indonesia,2012,28.0
 PPSN Allocations to Foreign Nationals,Indonesia,2013,29.0
 PPSN Allocations to Foreign Nationals,Indonesia,2014,39.0
 PPSN Allocations to Foreign Nationals,Indonesia,2015,44.0
 PPSN Allocations to Foreign Nationals,Indonesia,2016,55.0
 PPSN Allocations to Foreign Nationals,Indonesia,2017,51.0
 PPSN Allocations to Foreign Nationals,Indonesia,2018,63.0
 PPSN Allocations to Foreign Nationals,Israel,2002,144.0
 PPSN Allocations to Foreign Nationals,Israel,2003,66.0
 PPSN Allocations to Foreign Nationals,Israel,2004,55.0
 PPSN Allocations to Foreign Nationals,Israel,2005,92.0
 PPSN Allocations to Foreign Nationals,Israel,2006,156.0
 PPSN Allocations to Foreign Nationals,Israel,2007,154.0
 PPSN Allocations to Foreign Nationals,Israel,2008,119.0
 PPSN Allocations to Foreign Nationals,Israel,2009,53.0
 PPSN Allocations to Foreign Nationals,Israel,2010,41.0
 PPSN Allocations to Foreign Nationals,Israel,2011,65.0
 PPSN Allocations to Foreign Nationals,Israel,2012,86.0
 PPSN Allocations to Foreign Nationals,Israel,2013,73.0
 PPSN Allocations to Foreign Nationals,Israel,2014,362.0
 PPSN Allocations to Foreign Nationals,Israel,2015,596.0
 PPSN Allocations to Foreign Nationals,Israel,2016,119.0
 PPSN Allocations to Foreign Nationals,Israel,2017,125.0
 PPSN Allocations to Foreign Nationals,Israel,2018,125.0
 PPSN Allocations to Foreign Nationals,India,2002,1323.0
 PPSN Allocations to Foreign Nationals,India,2003,1137.0
 PPSN Allocations to Foreign Nationals,India,2004,1439.0
 PPSN Allocations to Foreign Nationals,India,2005,2692.0
 PPSN Allocations to Foreign Nationals,India,2006,4694.0
 PPSN Allocations to Foreign Nationals,India,2007,4169.0
 PPSN Allocations to Foreign Nationals,India,2008,3962.0
 PPSN Allocations to Foreign Nationals,India,2009,2130.0
 PPSN Allocations to Foreign Nationals,India,2010,1365.0
 PPSN Allocations to Foreign Nationals,India,2011,1448.0
 PPSN Allocations to Foreign Nationals,India,2012,1848.0
 PPSN Allocations to Foreign Nationals,India,2013,2607.0
 PPSN Allocations to Foreign Nationals,India,2014,3052.0
 PPSN Allocations to Foreign Nationals,India,2015,3128.0
 PPSN Allocations to Foreign Nationals,India,2016,4960.0
 PPSN Allocations to Foreign Nationals,India,2017,5782.0
 PPSN Allocations to Foreign Nationals,India,2018,7321.0
 PPSN Allocations to Foreign Nationals,Iraq,2002,143.0
 PPSN Allocations to Foreign Nationals,Iraq,2003,142.0
 PPSN Allocations to Foreign Nationals,Iraq,2004,55.0
 PPSN Allocations to Foreign Nationals,Iraq,2005,82.0
 PPSN Allocations to Foreign Nationals,Iraq,2006,164.0
 PPSN Allocations to Foreign Nationals,Iraq,2007,220.0
 PPSN Allocations to Foreign Nationals,Iraq,2008,218.0
 PPSN Allocations to Foreign Nationals,Iraq,2009,174.0
 PPSN Allocations to Foreign Nationals,Iraq,2010,99.0
 PPSN Allocations to Foreign Nationals,Iraq,2011,58.0
 PPSN Allocations to Foreign Nationals,Iraq,2012,71.0
 PPSN Allocations to Foreign Nationals,Iraq,2013,74.0
 PPSN Allocations to Foreign Nationals,Iraq,2014,114.0
 PPSN Allocations to Foreign Nationals,Iraq,2015,185.0
 PPSN Allocations to Foreign Nationals,Iraq,2016,220.0
 PPSN Allocations to Foreign Nationals,Iraq,2017,184.0
 PPSN Allocations to Foreign Nationals,Iraq,2018,136.0
 PPSN Allocations to Foreign Nationals,"Iran, Islamic Republic of",2002,82.0
 PPSN Allocations to Foreign Nationals,"Iran, Islamic Republic of",2003,100.0
 PPSN Allocations to Foreign Nationals,"Iran, Islamic Republic of",2004,101.0
 PPSN Allocations to Foreign Nationals,"Iran, Islamic Republic of",2005,189.0
 PPSN Allocations to Foreign Nationals,"Iran, Islamic Republic of",2006,319.0
 PPSN Allocations to Foreign Nationals,"Iran, Islamic Republic of",2007,99.0
 PPSN Allocations to Foreign Nationals,"Iran, Islamic Republic of",2008,107.0
 PPSN Allocations to Foreign Nationals,"Iran, Islamic Republic of",2009,95.0
 PPSN Allocations to Foreign Nationals,"Iran, Islamic Republic of",2010,78.0
 PPSN Allocations to Foreign Nationals,"Iran, Islamic Republic of",2011,95.0
 PPSN Allocations to Foreign Nationals,"Iran, Islamic Republic of",2012,99.0
 PPSN Allocations to Foreign Nationals,"Iran, Islamic Republic of",2013,83.0
 PPSN Allocations to Foreign Nationals,"Iran, Islamic Republic of",2014,117.0
 PPSN Allocations to Foreign Nationals,"Iran, Islamic Republic of",2015,95.0
 PPSN Allocations to Foreign Nationals,"Iran, Islamic Republic of",2016,121.0
 PPSN Allocations to Foreign Nationals,"Iran, Islamic Republic of",2017,107.0
 PPSN Allocations to Foreign Nationals,"Iran, Islamic Republic of",2018,108.0
 PPSN Allocations to Foreign Nationals,Iceland,2002,28.0
 PPSN Allocations to Foreign Nationals,Iceland,2003,14.0
 PPSN Allocations to Foreign Nationals,Iceland,2004,23.0
 PPSN Allocations to Foreign Nationals,Iceland,2005,31.0
 PPSN Allocations to Foreign Nationals,Iceland,2006,31.0
 PPSN Allocations to Foreign Nationals,Iceland,2007,22.0
 PPSN Allocations to Foreign Nationals,Iceland,2008,20.0
 PPSN Allocations to Foreign Nationals,Iceland,2009,22.0
 PPSN Allocations to Foreign Nationals,Iceland,2010,30.0
 PPSN Allocations to Foreign Nationals,Iceland,2011,24.0
 PPSN Allocations to Foreign Nationals,Iceland,2012,26.0
 PPSN Allocations to Foreign Nationals,Iceland,2013,25.0
 PPSN Allocations to Foreign Nationals,Iceland,2014,28.0
 PPSN Allocations to Foreign Nationals,Iceland,2015,17.0
 PPSN Allocations to Foreign Nationals,Iceland,2016,9.0
 PPSN Allocations to Foreign Nationals,Iceland,2017,22.0
 PPSN Allocations to Foreign Nationals,Iceland,2018,19.0
 PPSN Allocations to Foreign Nationals,Italy,2002,2531.0
 PPSN Allocations to Foreign Nationals,Italy,2003,2771.0
 PPSN Allocations to Foreign Nationals,Italy,2004,2950.0
 PPSN Allocations to Foreign Nationals,Italy,2005,3713.0
 PPSN Allocations to Foreign Nationals,Italy,2006,4251.0
 PPSN Allocations to Foreign Nationals,Italy,2007,4758.0
 PPSN Allocations to Foreign Nationals,Italy,2008,4492.0
 PPSN Allocations to Foreign Nationals,Italy,2009,2264.0
 PPSN Allocations to Foreign Nationals,Italy,2010,2093.0
 PPSN Allocations to Foreign Nationals,Italy,2011,2169.0
 PPSN Allocations to Foreign Nationals,Italy,2012,2769.0
 PPSN Allocations to Foreign Nationals,Italy,2013,3646.0
 PPSN Allocations to Foreign Nationals,Italy,2014,4370.0
 PPSN Allocations to Foreign Nationals,Italy,2015,4205.0
 PPSN Allocations to Foreign Nationals,Italy,2016,5594.0
 PPSN Allocations to Foreign Nationals,Italy,2017,6052.0
 PPSN Allocations to Foreign Nationals,Italy,2018,6093.0
 PPSN Allocations to Foreign Nationals,Jamaica,2002,51.0
 PPSN Allocations to Foreign Nationals,Jamaica,2003,57.0
 PPSN Allocations to Foreign Nationals,Jamaica,2004,23.0
 PPSN Allocations to Foreign Nationals,Jamaica,2005,31.0
 PPSN Allocations to Foreign Nationals,Jamaica,2006,16.0
 PPSN Allocations to Foreign Nationals,Jamaica,2007,15.0
 PPSN Allocations to Foreign Nationals,Jamaica,2008,13.0
 PPSN Allocations to Foreign Nationals,Jamaica,2009,7.0
 PPSN Allocations to Foreign Nationals,Jamaica,2010,5.0
 PPSN Allocations to Foreign Nationals,Jamaica,2011,7.0
 PPSN Allocations to Foreign Nationals,Jamaica,2012,8.0
 PPSN Allocations to Foreign Nationals,Jamaica,2013,8.0
 PPSN Allocations to Foreign Nationals,Jamaica,2014,40.0
 PPSN Allocations to Foreign Nationals,Jamaica,2015,18.0
 PPSN Allocations to Foreign Nationals,Jamaica,2016,12.0
 PPSN Allocations to Foreign Nationals,Jamaica,2017,13.0
 PPSN Allocations to Foreign Nationals,Jamaica,2018,6.0
 PPSN Allocations to Foreign Nationals,Jordan,2002,43.0
 PPSN Allocations to Foreign Nationals,Jordan,2003,31.0
 PPSN Allocations to Foreign Nationals,Jordan,2004,18.0
 PPSN Allocations to Foreign Nationals,Jordan,2005,20.0
 PPSN Allocations to Foreign Nationals,Jordan,2006,29.0
 PPSN Allocations to Foreign Nationals,Jordan,2007,32.0
 PPSN Allocations to Foreign Nationals,Jordan,2008,45.0
 PPSN Allocations to Foreign Nationals,Jordan,2009,35.0
 PPSN Allocations to Foreign Nationals,Jordan,2010,20.0
 PPSN Allocations to Foreign Nationals,Jordan,2011,26.0
 PPSN Allocations to Foreign Nationals,Jordan,2012,17.0
 PPSN Allocations to Foreign Nationals,Jordan,2013,22.0
 PPSN Allocations to Foreign Nationals,Jordan,2014,41.0
 PPSN Allocations to Foreign Nationals,Jordan,2015,56.0
 PPSN Allocations to Foreign Nationals,Jordan,2016,38.0
 PPSN Allocations to Foreign Nationals,Jordan,2017,36.0
 PPSN Allocations to Foreign Nationals,Jordan,2018,56.0
 PPSN Allocations to Foreign Nationals,Japan,2002,177.0
 PPSN Allocations to Foreign Nationals,Japan,2003,164.0
 PPSN Allocations to Foreign Nationals,Japan,2004,234.0
 PPSN Allocations to Foreign Nationals,Japan,2005,216.0
 PPSN Allocations to Foreign Nationals,Japan,2006,269.0
 PPSN Allocations to Foreign Nationals,Japan,2007,423.0
 PPSN Allocations to Foreign Nationals,Japan,2008,441.0
 PPSN Allocations to Foreign Nationals,Japan,2009,248.0
 PPSN Allocations to Foreign Nationals,Japan,2010,234.0
 PPSN Allocations to Foreign Nationals,Japan,2011,274.0
 PPSN Allocations to Foreign Nationals,Japan,2012,283.0
 PPSN Allocations to Foreign Nationals,Japan,2013,359.0
 PPSN Allocations to Foreign Nationals,Japan,2014,387.0
 PPSN Allocations to Foreign Nationals,Japan,2015,280.0
 PPSN Allocations to Foreign Nationals,Japan,2016,355.0
 PPSN Allocations to Foreign Nationals,Japan,2017,400.0
 PPSN Allocations to Foreign Nationals,Japan,2018,499.0
 PPSN Allocations to Foreign Nationals,Kenya,2002,108.0
 PPSN Allocations to Foreign Nationals,Kenya,2003,96.0
 PPSN Allocations to Foreign Nationals,Kenya,2004,46.0
 PPSN Allocations to Foreign Nationals,Kenya,2005,78.0
 PPSN Allocations to Foreign Nationals,Kenya,2006,92.0
 PPSN Allocations to Foreign Nationals,Kenya,2007,83.0
 PPSN Allocations to Foreign Nationals,Kenya,2008,72.0
 PPSN Allocations to Foreign Nationals,Kenya,2009,47.0
 PPSN Allocations to Foreign Nationals,Kenya,2010,32.0
 PPSN Allocations to Foreign Nationals,Kenya,2011,23.0
 PPSN Allocations to Foreign Nationals,Kenya,2012,34.0
 PPSN Allocations to Foreign Nationals,Kenya,2013,39.0
 PPSN Allocations to Foreign Nationals,Kenya,2014,50.0
 PPSN Allocations to Foreign Nationals,Kenya,2015,44.0
 PPSN Allocations to Foreign Nationals,Kenya,2016,42.0
 PPSN Allocations to Foreign Nationals,Kenya,2017,46.0
 PPSN Allocations to Foreign Nationals,Kenya,2018,56.0
 PPSN Allocations to Foreign Nationals,Kyrgyzstan,2002,15.0
 PPSN Allocations to Foreign Nationals,Kyrgyzstan,2003,12.0
 PPSN Allocations to Foreign Nationals,Kyrgyzstan,2004,3.0
 PPSN Allocations to Foreign Nationals,Kyrgyzstan,2005,3.0
 PPSN Allocations to Foreign Nationals,Kyrgyzstan,2006,4.0
 PPSN Allocations to Foreign Nationals,Kyrgyzstan,2007,7.0
 PPSN Allocations to Foreign Nationals,Kyrgyzstan,2008,5.0
 PPSN Allocations to Foreign Nationals,Kyrgyzstan,2010,7.0
 PPSN Allocations to Foreign Nationals,Kyrgyzstan,2011,4.0
 PPSN Allocations to Foreign Nationals,Kyrgyzstan,2012,7.0
 PPSN Allocations to Foreign Nationals,Kyrgyzstan,2013,4.0
 PPSN Allocations to Foreign Nationals,Kyrgyzstan,2014,4.0
 PPSN Allocations to Foreign Nationals,Kyrgyzstan,2016,15.0
 PPSN Allocations to Foreign Nationals,Kyrgyzstan,2018,9.0
 PPSN Allocations to Foreign Nationals,Cambodia,2008,4.0
 PPSN Allocations to Foreign Nationals,Cambodia,2009,4.0
 PPSN Allocations to Foreign Nationals,Cambodia,2010,6.0
 PPSN Allocations to Foreign Nationals,Cambodia,2012,3.0
 PPSN Allocations to Foreign Nationals,Cambodia,2015,6.0
 PPSN Allocations to Foreign Nationals,Cambodia,2016,6.0
 PPSN Allocations to Foreign Nationals,Cambodia,2017,7.0
 PPSN Allocations to Foreign Nationals,Cambodia,2018,7.0
 PPSN Allocations to Foreign Nationals,Saint Kitts and Nevis,2016,3.0
 PPSN Allocations to Foreign Nationals,Saint Kitts and Nevis,2018,3.0
 PPSN Allocations to Foreign Nationals,"Korea, Democratic People's Republic of",2004,5.0
 PPSN Allocations to Foreign Nationals,"Korea, Democratic People's Republic of",2007,4.0
 PPSN Allocations to Foreign Nationals,"Korea, Democratic People's Republic of",2012,3.0
 PPSN Allocations to Foreign Nationals,"Korea, Republic of",2002,137.0
 PPSN Allocations to Foreign Nationals,"Korea, Republic of",2003,148.0
 PPSN Allocations to Foreign Nationals,"Korea, Republic of",2004,280.0
 PPSN Allocations to Foreign Nationals,"Korea, Republic of",2005,456.0
 PPSN Allocations to Foreign Nationals,"Korea, Republic of",2006,488.0
 PPSN Allocations to Foreign Nationals,"Korea, Republic of",2007,941.0
 PPSN Allocations to Foreign Nationals,"Korea, Republic of",2008,1142.0
 PPSN Allocations to Foreign Nationals,"Korea, Republic of",2009,431.0
 PPSN Allocations to Foreign Nationals,"Korea, Republic of",2010,555.0
 PPSN Allocations to Foreign Nationals,"Korea, Republic of",2011,503.0
 PPSN Allocations to Foreign Nationals,"Korea, Republic of",2012,678.0
 PPSN Allocations to Foreign Nationals,"Korea, Republic of",2013,1043.0
 PPSN Allocations to Foreign Nationals,"Korea, Republic of",2014,1271.0
 PPSN Allocations to Foreign Nationals,"Korea, Republic of",2015,511.0
 PPSN Allocations to Foreign Nationals,"Korea, Republic of",2016,495.0
 PPSN Allocations to Foreign Nationals,"Korea, Republic of",2017,658.0
 PPSN Allocations to Foreign Nationals,"Korea, Republic of",2018,856.0
 PPSN Allocations to Foreign Nationals,Kuwait,2002,18.0
 PPSN Allocations to Foreign Nationals,Kuwait,2003,23.0
 PPSN Allocations to Foreign Nationals,Kuwait,2004,40.0
 PPSN Allocations to Foreign Nationals,Kuwait,2005,43.0
 PPSN Allocations to Foreign Nationals,Kuwait,2006,69.0
 PPSN Allocations to Foreign Nationals,Kuwait,2007,69.0
 PPSN Allocations to Foreign Nationals,Kuwait,2008,38.0
 PPSN Allocations to Foreign Nationals,Kuwait,2009,32.0
 PPSN Allocations to Foreign Nationals,Kuwait,2010,35.0
 PPSN Allocations to Foreign Nationals,Kuwait,2011,109.0
 PPSN Allocations to Foreign Nationals,Kuwait,2012,54.0
 PPSN Allocations to Foreign Nationals,Kuwait,2013,45.0
 PPSN Allocations to Foreign Nationals,Kuwait,2014,125.0
 PPSN Allocations to Foreign Nationals,Kuwait,2015,57.0
 PPSN Allocations to Foreign Nationals,Kuwait,2016,59.0
 PPSN Allocations to Foreign Nationals,Kuwait,2017,83.0
 PPSN Allocations to Foreign Nationals,Kuwait,2018,89.0
 PPSN Allocations to Foreign Nationals,Cayman Islands,2003,5.0
 PPSN Allocations to Foreign Nationals,Cayman Islands,2005,3.0
 PPSN Allocations to Foreign Nationals,Cayman Islands,2006,6.0
 PPSN Allocations to Foreign Nationals,Cayman Islands,2007,6.0
 PPSN Allocations to Foreign Nationals,Cayman Islands,2008,4.0
 PPSN Allocations to Foreign Nationals,Cayman Islands,2009,4.0
 PPSN Allocations to Foreign Nationals,Cayman Islands,2016,3.0
 PPSN Allocations to Foreign Nationals,Kazakhstan,2002,68.0
 PPSN Allocations to Foreign Nationals,Kazakhstan,2003,37.0
 PPSN Allocations to Foreign Nationals,Kazakhstan,2004,14.0
 PPSN Allocations to Foreign Nationals,Kazakhstan,2005,11.0
 PPSN Allocations to Foreign Nationals,Kazakhstan,2006,21.0
 PPSN Allocations to Foreign Nationals,Kazakhstan,2007,39.0
 PPSN Allocations to Foreign Nationals,Kazakhstan,2008,25.0
 PPSN Allocations to Foreign Nationals,Kazakhstan,2009,8.0
 PPSN Allocations to Foreign Nationals,Kazakhstan,2010,20.0
 PPSN Allocations to Foreign Nationals,Kazakhstan,2011,15.0
 PPSN Allocations to Foreign Nationals,Kazakhstan,2012,30.0
 PPSN Allocations to Foreign Nationals,Kazakhstan,2013,27.0
 PPSN Allocations to Foreign Nationals,Kazakhstan,2014,41.0
 PPSN Allocations to Foreign Nationals,Kazakhstan,2015,28.0
 PPSN Allocations to Foreign Nationals,Kazakhstan,2016,19.0
 PPSN Allocations to Foreign Nationals,Kazakhstan,2017,34.0
 PPSN Allocations to Foreign Nationals,Kazakhstan,2018,36.0
 PPSN Allocations to Foreign Nationals,Lao People's Democratic Republic,2014,5.0
 PPSN Allocations to Foreign Nationals,Lao People's Democratic Republic,2015,3.0
 PPSN Allocations to Foreign Nationals,Lebanon,2002,41.0
 PPSN Allocations to Foreign Nationals,Lebanon,2003,14.0
 PPSN Allocations to Foreign Nationals,Lebanon,2004,14.0
 PPSN Allocations to Foreign Nationals,Lebanon,2005,25.0
 PPSN Allocations to Foreign Nationals,Lebanon,2006,39.0
 PPSN Allocations to Foreign Nationals,Lebanon,2007,22.0
 PPSN Allocations to Foreign Nationals,Lebanon,2008,21.0
 PPSN Allocations to Foreign Nationals,Lebanon,2009,11.0
 PPSN Allocations to Foreign Nationals,Lebanon,2010,21.0
 PPSN Allocations to Foreign Nationals,Lebanon,2011,18.0
 PPSN Allocations to Foreign Nationals,Lebanon,2012,25.0
 PPSN Allocations to Foreign Nationals,Lebanon,2013,35.0
 PPSN Allocations to Foreign Nationals,Lebanon,2014,39.0
 PPSN Allocations to Foreign Nationals,Lebanon,2015,42.0
 PPSN Allocations to Foreign Nationals,Lebanon,2016,33.0
 PPSN Allocations to Foreign Nationals,Lebanon,2017,46.0
 PPSN Allocations to Foreign Nationals,Lebanon,2018,44.0
 PPSN Allocations to Foreign Nationals,Saint Lucia,2013,6.0
 PPSN Allocations to Foreign Nationals,Saint Lucia,2018,3.0
 PPSN Allocations to Foreign Nationals,Liechtenstein,2004,5.0
 PPSN Allocations to Foreign Nationals,Liechtenstein,2005,8.0
 PPSN Allocations to Foreign Nationals,Liechtenstein,2006,4.0
 PPSN Allocations to Foreign Nationals,Liechtenstein,2007,5.0
 PPSN Allocations to Foreign Nationals,Liechtenstein,2010,4.0
 PPSN Allocations to Foreign Nationals,Liechtenstein,2012,3.0
 PPSN Allocations to Foreign Nationals,Liechtenstein,2014,6.0
 PPSN Allocations to Foreign Nationals,Liechtenstein,2015,3.0
 PPSN Allocations to Foreign Nationals,Liechtenstein,2017,3.0
 PPSN Allocations to Foreign Nationals,Sri Lanka,2002,79.0
 PPSN Allocations to Foreign Nationals,Sri Lanka,2003,55.0
 PPSN Allocations to Foreign Nationals,Sri Lanka,2004,37.0
 PPSN Allocations to Foreign Nationals,Sri Lanka,2005,43.0
 PPSN Allocations to Foreign Nationals,Sri Lanka,2006,81.0
 PPSN Allocations to Foreign Nationals,Sri Lanka,2007,85.0
 PPSN Allocations to Foreign Nationals,Sri Lanka,2008,71.0
 PPSN Allocations to Foreign Nationals,Sri Lanka,2009,45.0
 PPSN Allocations to Foreign Nationals,Sri Lanka,2010,32.0
 PPSN Allocations to Foreign Nationals,Sri Lanka,2011,28.0
 PPSN Allocations to Foreign Nationals,Sri Lanka,2012,31.0
 PPSN Allocations to Foreign Nationals,Sri Lanka,2013,39.0
 PPSN Allocations to Foreign Nationals,Sri Lanka,2014,54.0
 PPSN Allocations to Foreign Nationals,Sri Lanka,2015,46.0
 PPSN Allocations to Foreign Nationals,Sri Lanka,2016,50.0
 PPSN Allocations to Foreign Nationals,Sri Lanka,2017,47.0
 PPSN Allocations to Foreign Nationals,Sri Lanka,2018,51.0
 PPSN Allocations to Foreign Nationals,Liberia,2002,11.0
 PPSN Allocations to Foreign Nationals,Liberia,2003,41.0
 PPSN Allocations to Foreign Nationals,Liberia,2004,23.0
 PPSN Allocations to Foreign Nationals,Liberia,2005,23.0
 PPSN Allocations to Foreign Nationals,Liberia,2006,25.0
 PPSN Allocations to Foreign Nationals,Liberia,2007,13.0
 PPSN Allocations to Foreign Nationals,Liberia,2008,17.0
 PPSN Allocations to Foreign Nationals,Liberia,2009,14.0
 PPSN Allocations to Foreign Nationals,Liberia,2010,6.0
 PPSN Allocations to Foreign Nationals,Liberia,2011,4.0
 PPSN Allocations to Foreign Nationals,Liberia,2012,5.0
 PPSN Allocations to Foreign Nationals,Liberia,2014,3.0
 PPSN Allocations to Foreign Nationals,Liberia,2015,6.0
 PPSN Allocations to Foreign Nationals,Liberia,2016,7.0
 PPSN Allocations to Foreign Nationals,Liberia,2017,8.0
 PPSN Allocations to Foreign Nationals,Liberia,2018,7.0
 PPSN Allocations to Foreign Nationals,Lesotho,2002,7.0
 PPSN Allocations to Foreign Nationals,Lesotho,2003,4.0
 PPSN Allocations to Foreign Nationals,Lesotho,2004,10.0
 PPSN Allocations to Foreign Nationals,Lesotho,2005,8.0
 PPSN Allocations to Foreign Nationals,Lesotho,2006,7.0
 PPSN Allocations to Foreign Nationals,Lesotho,2007,9.0
 PPSN Allocations to Foreign Nationals,Lesotho,2008,10.0
 PPSN Allocations to Foreign Nationals,Lesotho,2009,5.0
 PPSN Allocations to Foreign Nationals,Lesotho,2010,7.0
 PPSN Allocations to Foreign Nationals,Lesotho,2011,6.0
 PPSN Allocations to Foreign Nationals,Lesotho,2012,10.0
 PPSN Allocations to Foreign Nationals,Lesotho,2015,5.0
 PPSN Allocations to Foreign Nationals,Lesotho,2016,7.0
 PPSN Allocations to Foreign Nationals,Lesotho,2017,4.0
 PPSN Allocations to Foreign Nationals,Lesotho,2018,9.0
 PPSN Allocations to Foreign Nationals,Lithuania,2002,2851.0
 PPSN Allocations to Foreign Nationals,Lithuania,2003,2437.0
 PPSN Allocations to Foreign Nationals,Lithuania,2004,12860.0
 PPSN Allocations to Foreign Nationals,Lithuania,2005,18688.0
 PPSN Allocations to Foreign Nationals,Lithuania,2006,16032.0
 PPSN Allocations to Foreign Nationals,Lithuania,2007,10707.0
 PPSN Allocations to Foreign Nationals,Lithuania,2008,6419.0
 PPSN Allocations to Foreign Nationals,Lithuania,2009,3748.0
 PPSN Allocations to Foreign Nationals,Lithuania,2010,4347.0
 PPSN Allocations to Foreign Nationals,Lithuania,2011,3552.0
 PPSN Allocations to Foreign Nationals,Lithuania,2012,2861.0
 PPSN Allocations to Foreign Nationals,Lithuania,2013,2518.0
 PPSN Allocations to Foreign Nationals,Lithuania,2014,2315.0
 PPSN Allocations to Foreign Nationals,Lithuania,2015,2337.0
 PPSN Allocations to Foreign Nationals,Lithuania,2016,2838.0
 PPSN Allocations to Foreign Nationals,Lithuania,2017,3119.0
 PPSN Allocations to Foreign Nationals,Lithuania,2018,2916.0
 PPSN Allocations to Foreign Nationals,Luxembourg,2002,44.0
 PPSN Allocations to Foreign Nationals,Luxembourg,2003,35.0
 PPSN Allocations to Foreign Nationals,Luxembourg,2004,13.0
 PPSN Allocations to Foreign Nationals,Luxembourg,2005,24.0
 PPSN Allocations to Foreign Nationals,Luxembourg,2006,18.0
 PPSN Allocations to Foreign Nationals,Luxembourg,2007,13.0
 PPSN Allocations to Foreign Nationals,Luxembourg,2008,19.0
 PPSN Allocations to Foreign Nationals,Luxembourg,2009,15.0
 PPSN Allocations to Foreign Nationals,Luxembourg,2010,11.0
 PPSN Allocations to Foreign Nationals,Luxembourg,2011,7.0
 PPSN Allocations to Foreign Nationals,Luxembourg,2012,4.0
 PPSN Allocations to Foreign Nationals,Luxembourg,2013,21.0
 PPSN Allocations to Foreign Nationals,Luxembourg,2014,24.0
 PPSN Allocations to Foreign Nationals,Luxembourg,2015,15.0
 PPSN Allocations to Foreign Nationals,Luxembourg,2016,26.0
 PPSN Allocations to Foreign Nationals,Luxembourg,2017,25.0
 PPSN Allocations to Foreign Nationals,Luxembourg,2018,31.0
 PPSN Allocations to Foreign Nationals,Latvia,2002,1605.0
 PPSN Allocations to Foreign Nationals,Latvia,2003,1252.0
 PPSN Allocations to Foreign Nationals,Latvia,2004,6323.0
 PPSN Allocations to Foreign Nationals,Latvia,2005,9302.0
 PPSN Allocations to Foreign Nationals,Latvia,2006,7939.0
 PPSN Allocations to Foreign Nationals,Latvia,2007,4665.0
 PPSN Allocations to Foreign Nationals,Latvia,2008,3717.0
 PPSN Allocations to Foreign Nationals,Latvia,2009,3908.0
 PPSN Allocations to Foreign Nationals,Latvia,2010,3124.0
 PPSN Allocations to Foreign Nationals,Latvia,2011,2189.0
 PPSN Allocations to Foreign Nationals,Latvia,2012,1763.0
 PPSN Allocations to Foreign Nationals,Latvia,2013,1569.0
 PPSN Allocations to Foreign Nationals,Latvia,2014,1311.0
 PPSN Allocations to Foreign Nationals,Latvia,2015,1170.0
 PPSN Allocations to Foreign Nationals,Latvia,2016,1315.0
 PPSN Allocations to Foreign Nationals,Latvia,2017,1400.0
 PPSN Allocations to Foreign Nationals,Latvia,2018,1510.0
 PPSN Allocations to Foreign Nationals,Libyan Arab Jamahiriya,2002,172.0
 PPSN Allocations to Foreign Nationals,Libyan Arab Jamahiriya,2003,113.0
 PPSN Allocations to Foreign Nationals,Libyan Arab Jamahiriya,2004,62.0
 PPSN Allocations to Foreign Nationals,Libyan Arab Jamahiriya,2005,36.0
 PPSN Allocations to Foreign Nationals,Libyan Arab Jamahiriya,2006,43.0
 PPSN Allocations to Foreign Nationals,Libyan Arab Jamahiriya,2007,24.0
 PPSN Allocations to Foreign Nationals,Libyan Arab Jamahiriya,2008,21.0
 PPSN Allocations to Foreign Nationals,Libyan Arab Jamahiriya,2009,24.0
 PPSN Allocations to Foreign Nationals,Libyan Arab Jamahiriya,2010,19.0
 PPSN Allocations to Foreign Nationals,Libyan Arab Jamahiriya,2011,40.0
 PPSN Allocations to Foreign Nationals,Libyan Arab Jamahiriya,2012,58.0
 PPSN Allocations to Foreign Nationals,Libyan Arab Jamahiriya,2013,276.0
 PPSN Allocations to Foreign Nationals,Libyan Arab Jamahiriya,2014,253.0
 PPSN Allocations to Foreign Nationals,Libyan Arab Jamahiriya,2015,57.0
 PPSN Allocations to Foreign Nationals,Libyan Arab Jamahiriya,2016,60.0
 PPSN Allocations to Foreign Nationals,Libyan Arab Jamahiriya,2017,66.0
 PPSN Allocations to Foreign Nationals,Libyan Arab Jamahiriya,2018,42.0
 PPSN Allocations to Foreign Nationals,Morocco,2002,50.0
 PPSN Allocations to Foreign Nationals,Morocco,2003,49.0
 PPSN Allocations to Foreign Nationals,Morocco,2004,63.0
 PPSN Allocations to Foreign Nationals,Morocco,2005,65.0
 PPSN Allocations to Foreign Nationals,Morocco,2006,88.0
 PPSN Allocations to Foreign Nationals,Morocco,2007,61.0
 PPSN Allocations to Foreign Nationals,Morocco,2008,65.0
 PPSN Allocations to Foreign Nationals,Morocco,2009,57.0
 PPSN Allocations to Foreign Nationals,Morocco,2010,31.0
 PPSN Allocations to Foreign Nationals,Morocco,2011,44.0
 PPSN Allocations to Foreign Nationals,Morocco,2012,43.0
 PPSN Allocations to Foreign Nationals,Morocco,2013,58.0
 PPSN Allocations to Foreign Nationals,Morocco,2014,91.0
 PPSN Allocations to Foreign Nationals,Morocco,2015,79.0
 PPSN Allocations to Foreign Nationals,Morocco,2016,72.0
 PPSN Allocations to Foreign Nationals,Morocco,2017,98.0
 PPSN Allocations to Foreign Nationals,Morocco,2018,106.0
 PPSN Allocations to Foreign Nationals,Monaco,2011,4.0
 PPSN Allocations to Foreign Nationals,"Moldova, Republic of",2002,589.0
 PPSN Allocations to Foreign Nationals,"Moldova, Republic of",2003,485.0
 PPSN Allocations to Foreign Nationals,"Moldova, Republic of",2004,172.0
 PPSN Allocations to Foreign Nationals,"Moldova, Republic of",2005,148.0
 PPSN Allocations to Foreign Nationals,"Moldova, Republic of",2006,236.0
 PPSN Allocations to Foreign Nationals,"Moldova, Republic of",2007,322.0
 PPSN Allocations to Foreign Nationals,"Moldova, Republic of",2008,242.0
 PPSN Allocations to Foreign Nationals,"Moldova, Republic of",2009,200.0
 PPSN Allocations to Foreign Nationals,"Moldova, Republic of",2010,106.0
 PPSN Allocations to Foreign Nationals,"Moldova, Republic of",2011,79.0
 PPSN Allocations to Foreign Nationals,"Moldova, Republic of",2012,83.0
 PPSN Allocations to Foreign Nationals,"Moldova, Republic of",2013,112.0
 PPSN Allocations to Foreign Nationals,"Moldova, Republic of",2014,107.0
 PPSN Allocations to Foreign Nationals,"Moldova, Republic of",2015,84.0
 PPSN Allocations to Foreign Nationals,"Moldova, Republic of",2016,115.0
 PPSN Allocations to Foreign Nationals,"Moldova, Republic of",2017,117.0
 PPSN Allocations to Foreign Nationals,"Moldova, Republic of",2018,158.0
 PPSN Allocations to Foreign Nationals,Madagascar,2007,4.0
 PPSN Allocations to Foreign Nationals,Madagascar,2017,4.0
 PPSN Allocations to Foreign Nationals,"Macedonia, The Former Yugoslav Republic of",2002,7.0
 PPSN Allocations to Foreign Nationals,"Macedonia, The Former Yugoslav Republic of",2003,14.0
 PPSN Allocations to Foreign Nationals,"Macedonia, The Former Yugoslav Republic of",2004,14.0
 PPSN Allocations to Foreign Nationals,"Macedonia, The Former Yugoslav Republic of",2005,16.0
 PPSN Allocations to Foreign Nationals,"Macedonia, The Former Yugoslav Republic of",2006,8.0
 PPSN Allocations to Foreign Nationals,"Macedonia, The Former Yugoslav Republic of",2007,9.0
 PPSN Allocations to Foreign Nationals,"Macedonia, The Former Yugoslav Republic of",2008,3.0
 PPSN Allocations to Foreign Nationals,"Macedonia, The Former Yugoslav Republic of",2010,6.0
 PPSN Allocations to Foreign Nationals,"Macedonia, The Former Yugoslav Republic of",2012,5.0
 PPSN Allocations to Foreign Nationals,"Macedonia, The Former Yugoslav Republic of",2013,14.0
 PPSN Allocations to Foreign Nationals,"Macedonia, The Former Yugoslav Republic of",2014,6.0
 PPSN Allocations to Foreign Nationals,"Macedonia, The Former Yugoslav Republic of",2015,13.0
 PPSN Allocations to Foreign Nationals,"Macedonia, The Former Yugoslav Republic of",2016,27.0
 PPSN Allocations to Foreign Nationals,"Macedonia, The Former Yugoslav Republic of",2017,13.0
 PPSN Allocations to Foreign Nationals,"Macedonia, The Former Yugoslav Republic of",2018,14.0
 PPSN Allocations to Foreign Nationals,Mali,2003,3.0
 PPSN Allocations to Foreign Nationals,Mali,2008,3.0
 PPSN Allocations to Foreign Nationals,Mali,2013,8.0
 PPSN Allocations to Foreign Nationals,Mali,2014,3.0
 PPSN Allocations to Foreign Nationals,Mali,2015,3.0
 PPSN Allocations to Foreign Nationals,Myanmar,2008,3.0
 PPSN Allocations to Foreign Nationals,Myanmar,2009,3.0
 PPSN Allocations to Foreign Nationals,Myanmar,2015,8.0
 PPSN Allocations to Foreign Nationals,Myanmar,2016,4.0
 PPSN Allocations to Foreign Nationals,Myanmar,2017,16.0
 PPSN Allocations to Foreign Nationals,Myanmar,2018,11.0
 PPSN Allocations to Foreign Nationals,Mongolia,2002,304.0
 PPSN Allocations to Foreign Nationals,Mongolia,2003,403.0
 PPSN Allocations to Foreign Nationals,Mongolia,2004,488.0
 PPSN Allocations to Foreign Nationals,Mongolia,2005,117.0
 PPSN Allocations to Foreign Nationals,Mongolia,2006,58.0
 PPSN Allocations to Foreign Nationals,Mongolia,2007,61.0
 PPSN Allocations to Foreign Nationals,Mongolia,2008,54.0
 PPSN Allocations to Foreign Nationals,Mongolia,2009,74.0
 PPSN Allocations to Foreign Nationals,Mongolia,2010,25.0
 PPSN Allocations to Foreign Nationals,Mongolia,2011,27.0
 PPSN Allocations to Foreign Nationals,Mongolia,2012,15.0
 PPSN Allocations to Foreign Nationals,Mongolia,2013,9.0
 PPSN Allocations to Foreign Nationals,Mongolia,2014,31.0
 PPSN Allocations to Foreign Nationals,Mongolia,2015,29.0
 PPSN Allocations to Foreign Nationals,Mongolia,2016,80.0
 PPSN Allocations to Foreign Nationals,Mongolia,2017,75.0
 PPSN Allocations to Foreign Nationals,Mongolia,2018,191.0
 PPSN Allocations to Foreign Nationals,Macao,2002,12.0
 PPSN Allocations to Foreign Nationals,Macao,2003,4.0
 PPSN Allocations to Foreign Nationals,Macao,2004,5.0
 PPSN Allocations to Foreign Nationals,Macao,2005,3.0
 PPSN Allocations to Foreign Nationals,Mauritania,2003,5.0
 PPSN Allocations to Foreign Nationals,Mauritania,2004,13.0
 PPSN Allocations to Foreign Nationals,Mauritania,2005,13.0
 PPSN Allocations to Foreign Nationals,Mauritania,2006,90.0
 PPSN Allocations to Foreign Nationals,Mauritania,2007,83.0
 PPSN Allocations to Foreign Nationals,Mauritania,2008,52.0
 PPSN Allocations to Foreign Nationals,Mauritania,2010,3.0
 PPSN Allocations to Foreign Nationals,Mauritania,2011,6.0
 PPSN Allocations to Foreign Nationals,Malta,2002,161.0
 PPSN Allocations to Foreign Nationals,Malta,2003,157.0
 PPSN Allocations to Foreign Nationals,Malta,2004,184.0
 PPSN Allocations to Foreign Nationals,Malta,2005,110.0
 PPSN Allocations to Foreign Nationals,Malta,2006,137.0
 PPSN Allocations to Foreign Nationals,Malta,2007,155.0
 PPSN Allocations to Foreign Nationals,Malta,2008,130.0
 PPSN Allocations to Foreign Nationals,Malta,2009,62.0
 PPSN Allocations to Foreign Nationals,Malta,2010,56.0
 PPSN Allocations to Foreign Nationals,Malta,2011,51.0
 PPSN Allocations to Foreign Nationals,Malta,2012,46.0
 PPSN Allocations to Foreign Nationals,Malta,2013,29.0
 PPSN Allocations to Foreign Nationals,Malta,2014,49.0
 PPSN Allocations to Foreign Nationals,Malta,2015,50.0
 PPSN Allocations to Foreign Nationals,Malta,2016,80.0
 PPSN Allocations to Foreign Nationals,Malta,2017,70.0
 PPSN Allocations to Foreign Nationals,Malta,2018,60.0
 PPSN Allocations to Foreign Nationals,Mauritius,2002,41.0
 PPSN Allocations to Foreign Nationals,Mauritius,2003,119.0
 PPSN Allocations to Foreign Nationals,Mauritius,2004,157.0
 PPSN Allocations to Foreign Nationals,Mauritius,2005,458.0
 PPSN Allocations to Foreign Nationals,Mauritius,2006,1927.0
 PPSN Allocations to Foreign Nationals,Mauritius,2007,1982.0
 PPSN Allocations to Foreign Nationals,Mauritius,2008,1429.0
 PPSN Allocations to Foreign Nationals,Mauritius,2009,886.0
 PPSN Allocations to Foreign Nationals,Mauritius,2010,155.0
 PPSN Allocations to Foreign Nationals,Mauritius,2011,44.0
 PPSN Allocations to Foreign Nationals,Mauritius,2012,45.0
 PPSN Allocations to Foreign Nationals,Mauritius,2013,38.0
 PPSN Allocations to Foreign Nationals,Mauritius,2014,65.0
 PPSN Allocations to Foreign Nationals,Mauritius,2015,38.0
 PPSN Allocations to Foreign Nationals,Mauritius,2016,49.0
 PPSN Allocations to Foreign Nationals,Mauritius,2017,42.0
 PPSN Allocations to Foreign Nationals,Mauritius,2018,65.0
 PPSN Allocations to Foreign Nationals,Maldives,2008,4.0
 PPSN Allocations to Foreign Nationals,Maldives,2009,3.0
 PPSN Allocations to Foreign Nationals,Maldives,2016,6.0
 PPSN Allocations to Foreign Nationals,Malawi,2002,14.0
 PPSN Allocations to Foreign Nationals,Malawi,2003,11.0
 PPSN Allocations to Foreign Nationals,Malawi,2004,11.0
 PPSN Allocations to Foreign Nationals,Malawi,2005,17.0
 PPSN Allocations to Foreign Nationals,Malawi,2006,21.0
 PPSN Allocations to Foreign Nationals,Malawi,2007,51.0
 PPSN Allocations to Foreign Nationals,Malawi,2008,56.0
 PPSN Allocations to Foreign Nationals,Malawi,2009,69.0
 PPSN Allocations to Foreign Nationals,Malawi,2010,112.0
 PPSN Allocations to Foreign Nationals,Malawi,2011,214.0
 PPSN Allocations to Foreign Nationals,Malawi,2012,284.0
 PPSN Allocations to Foreign Nationals,Malawi,2013,312.0
 PPSN Allocations to Foreign Nationals,Malawi,2014,310.0
 PPSN Allocations to Foreign Nationals,Malawi,2015,159.0
 PPSN Allocations to Foreign Nationals,Malawi,2016,46.0
 PPSN Allocations to Foreign Nationals,Malawi,2017,19.0
 PPSN Allocations to Foreign Nationals,Malawi,2018,32.0
 PPSN Allocations to Foreign Nationals,Mexico,2002,82.0
 PPSN Allocations to Foreign Nationals,Mexico,2003,92.0
 PPSN Allocations to Foreign Nationals,Mexico,2004,107.0
 PPSN Allocations to Foreign Nationals,Mexico,2005,112.0
 PPSN Allocations to Foreign Nationals,Mexico,2006,151.0
 PPSN Allocations to Foreign Nationals,Mexico,2007,164.0
 PPSN Allocations to Foreign Nationals,Mexico,2008,187.0
 PPSN Allocations to Foreign Nationals,Mexico,2009,157.0
 PPSN Allocations to Foreign Nationals,Mexico,2010,290.0
 PPSN Allocations to Foreign Nationals,Mexico,2011,310.0
 PPSN Allocations to Foreign Nationals,Mexico,2012,383.0
 PPSN Allocations to Foreign Nationals,Mexico,2013,544.0
 PPSN Allocations to Foreign Nationals,Mexico,2014,773.0
 PPSN Allocations to Foreign Nationals,Mexico,2015,450.0
 PPSN Allocations to Foreign Nationals,Mexico,2016,640.0
 PPSN Allocations to Foreign Nationals,Mexico,2017,1124.0
 PPSN Allocations to Foreign Nationals,Mexico,2018,1413.0
 PPSN Allocations to Foreign Nationals,Malaysia,2002,347.0
 PPSN Allocations to Foreign Nationals,Malaysia,2003,336.0
 PPSN Allocations to Foreign Nationals,Malaysia,2004,303.0
 PPSN Allocations to Foreign Nationals,Malaysia,2005,507.0
 PPSN Allocations to Foreign Nationals,Malaysia,2006,627.0
 PPSN Allocations to Foreign Nationals,Malaysia,2007,726.0
 PPSN Allocations to Foreign Nationals,Malaysia,2008,649.0
 PPSN Allocations to Foreign Nationals,Malaysia,2009,441.0
 PPSN Allocations to Foreign Nationals,Malaysia,2010,406.0
 PPSN Allocations to Foreign Nationals,Malaysia,2011,290.0
 PPSN Allocations to Foreign Nationals,Malaysia,2012,359.0
 PPSN Allocations to Foreign Nationals,Malaysia,2013,432.0
 PPSN Allocations to Foreign Nationals,Malaysia,2014,588.0
 PPSN Allocations to Foreign Nationals,Malaysia,2015,502.0
 PPSN Allocations to Foreign Nationals,Malaysia,2016,565.0
 PPSN Allocations to Foreign Nationals,Malaysia,2017,565.0
 PPSN Allocations to Foreign Nationals,Malaysia,2018,629.0
 PPSN Allocations to Foreign Nationals,Mozambique,2002,3.0
 PPSN Allocations to Foreign Nationals,Mozambique,2003,8.0
 PPSN Allocations to Foreign Nationals,Mozambique,2005,5.0
 PPSN Allocations to Foreign Nationals,Mozambique,2008,5.0
 PPSN Allocations to Foreign Nationals,Mozambique,2012,3.0
 PPSN Allocations to Foreign Nationals,Namibia,2002,3.0
 PPSN Allocations to Foreign Nationals,Namibia,2003,9.0
 PPSN Allocations to Foreign Nationals,Namibia,2005,5.0
 PPSN Allocations to Foreign Nationals,Namibia,2007,4.0
 PPSN Allocations to Foreign Nationals,Namibia,2013,3.0
 PPSN Allocations to Foreign Nationals,Namibia,2014,4.0
 PPSN Allocations to Foreign Nationals,Namibia,2015,3.0
 PPSN Allocations to Foreign Nationals,Namibia,2018,5.0
 PPSN Allocations to Foreign Nationals,Niger,2002,16.0
 PPSN Allocations to Foreign Nationals,Niger,2003,13.0
 PPSN Allocations to Foreign Nationals,Niger,2004,12.0
 PPSN Allocations to Foreign Nationals,Niger,2005,6.0
 PPSN Allocations to Foreign Nationals,Niger,2006,7.0
 PPSN Allocations to Foreign Nationals,Niger,2007,11.0
 PPSN Allocations to Foreign Nationals,Niger,2008,7.0
 PPSN Allocations to Foreign Nationals,Niger,2009,5.0
 PPSN Allocations to Foreign Nationals,Niger,2010,3.0
 PPSN Allocations to Foreign Nationals,Niger,2012,3.0
 PPSN Allocations to Foreign Nationals,Nigeria,2002,4062.0
 PPSN Allocations to Foreign Nationals,Nigeria,2003,2909.0
 PPSN Allocations to Foreign Nationals,Nigeria,2004,1575.0
 PPSN Allocations to Foreign Nationals,Nigeria,2005,1842.0
 PPSN Allocations to Foreign Nationals,Nigeria,2006,1432.0
 PPSN Allocations to Foreign Nationals,Nigeria,2007,1455.0
 PPSN Allocations to Foreign Nationals,Nigeria,2008,1466.0
 PPSN Allocations to Foreign Nationals,Nigeria,2009,853.0
 PPSN Allocations to Foreign Nationals,Nigeria,2010,499.0
 PPSN Allocations to Foreign Nationals,Nigeria,2011,461.0
 PPSN Allocations to Foreign Nationals,Nigeria,2012,449.0
 PPSN Allocations to Foreign Nationals,Nigeria,2013,534.0
 PPSN Allocations to Foreign Nationals,Nigeria,2014,646.0
 PPSN Allocations to Foreign Nationals,Nigeria,2015,613.0
 PPSN Allocations to Foreign Nationals,Nigeria,2016,767.0
 PPSN Allocations to Foreign Nationals,Nigeria,2017,820.0
 PPSN Allocations to Foreign Nationals,Nigeria,2018,1101.0
 PPSN Allocations to Foreign Nationals,Nicaragua,2003,4.0
 PPSN Allocations to Foreign Nationals,Nicaragua,2005,4.0
 PPSN Allocations to Foreign Nationals,Nicaragua,2006,6.0
 PPSN Allocations to Foreign Nationals,Nicaragua,2007,4.0
 PPSN Allocations to Foreign Nationals,Nicaragua,2008,5.0
 PPSN Allocations to Foreign Nationals,Nicaragua,2011,3.0
 PPSN Allocations to Foreign Nationals,Nicaragua,2012,3.0
 PPSN Allocations to Foreign Nationals,Nicaragua,2013,7.0
 PPSN Allocations to Foreign Nationals,Nicaragua,2015,3.0
 PPSN Allocations to Foreign Nationals,Nicaragua,2017,6.0
 PPSN Allocations to Foreign Nationals,Nicaragua,2018,10.0
 PPSN Allocations to Foreign Nationals,Netherlands,2002,793.0
 PPSN Allocations to Foreign Nationals,Netherlands,2003,760.0
 PPSN Allocations to Foreign Nationals,Netherlands,2004,941.0
 PPSN Allocations to Foreign Nationals,Netherlands,2005,985.0
 PPSN Allocations to Foreign Nationals,Netherlands,2006,1115.0
 PPSN Allocations to Foreign Nationals,Netherlands,2007,1059.0
 PPSN Allocations to Foreign Nationals,Netherlands,2008,906.0
 PPSN Allocations to Foreign Nationals,Netherlands,2009,650.0
 PPSN Allocations to Foreign Nationals,Netherlands,2010,647.0
 PPSN Allocations to Foreign Nationals,Netherlands,2011,710.0
 PPSN Allocations to Foreign Nationals,Netherlands,2012,660.0
 PPSN Allocations to Foreign Nationals,Netherlands,2013,823.0
 PPSN Allocations to Foreign Nationals,Netherlands,2014,885.0
 PPSN Allocations to Foreign Nationals,Netherlands,2015,827.0
 PPSN Allocations to Foreign Nationals,Netherlands,2016,960.0
 PPSN Allocations to Foreign Nationals,Netherlands,2017,989.0
 PPSN Allocations to Foreign Nationals,Netherlands,2018,948.0
 PPSN Allocations to Foreign Nationals,Norway,2002,181.0
 PPSN Allocations to Foreign Nationals,Norway,2003,184.0
 PPSN Allocations to Foreign Nationals,Norway,2004,189.0
 PPSN Allocations to Foreign Nationals,Norway,2005,233.0
 PPSN Allocations to Foreign Nationals,Norway,2006,190.0
 PPSN Allocations to Foreign Nationals,Norway,2007,218.0
 PPSN Allocations to Foreign Nationals,Norway,2008,242.0
 PPSN Allocations to Foreign Nationals,Norway,2009,199.0
 PPSN Allocations to Foreign Nationals,Norway,2010,189.0
 PPSN Allocations to Foreign Nationals,Norway,2011,195.0
 PPSN Allocations to Foreign Nationals,Norway,2012,184.0
 PPSN Allocations to Foreign Nationals,Norway,2013,169.0
 PPSN Allocations to Foreign Nationals,Norway,2014,190.0
 PPSN Allocations to Foreign Nationals,Norway,2015,186.0
 PPSN Allocations to Foreign Nationals,Norway,2016,189.0
 PPSN Allocations to Foreign Nationals,Norway,2017,202.0
 PPSN Allocations to Foreign Nationals,Norway,2018,198.0
 PPSN Allocations to Foreign Nationals,Nepal,2002,38.0
 PPSN Allocations to Foreign Nationals,Nepal,2003,44.0
 PPSN Allocations to Foreign Nationals,Nepal,2004,55.0
 PPSN Allocations to Foreign Nationals,Nepal,2005,38.0
 PPSN Allocations to Foreign Nationals,Nepal,2006,59.0
 PPSN Allocations to Foreign Nationals,Nepal,2007,75.0
 PPSN Allocations to Foreign Nationals,Nepal,2008,83.0
 PPSN Allocations to Foreign Nationals,Nepal,2009,94.0
 PPSN Allocations to Foreign Nationals,Nepal,2010,101.0
 PPSN Allocations to Foreign Nationals,Nepal,2011,91.0
 PPSN Allocations to Foreign Nationals,Nepal,2012,104.0
 PPSN Allocations to Foreign Nationals,Nepal,2013,184.0
 PPSN Allocations to Foreign Nationals,Nepal,2014,201.0
 PPSN Allocations to Foreign Nationals,Nepal,2015,103.0
 PPSN Allocations to Foreign Nationals,Nepal,2016,48.0
 PPSN Allocations to Foreign Nationals,Nepal,2017,56.0
 PPSN Allocations to Foreign Nationals,Nepal,2018,58.0
 PPSN Allocations to Foreign Nationals,New Zealand,2002,1402.0
 PPSN Allocations to Foreign Nationals,New Zealand,2003,1004.0
 PPSN Allocations to Foreign Nationals,New Zealand,2004,888.0
 PPSN Allocations to Foreign Nationals,New Zealand,2005,916.0
 PPSN Allocations to Foreign Nationals,New Zealand,2006,1001.0
 PPSN Allocations to Foreign Nationals,New Zealand,2007,877.0
 PPSN Allocations to Foreign Nationals,New Zealand,2008,810.0
 PPSN Allocations to Foreign Nationals,New Zealand,2009,411.0
 PPSN Allocations to Foreign Nationals,New Zealand,2010,236.0
 PPSN Allocations to Foreign Nationals,New Zealand,2011,191.0
 PPSN Allocations to Foreign Nationals,New Zealand,2012,198.0
 PPSN Allocations to Foreign Nationals,New Zealand,2013,213.0
 PPSN Allocations to Foreign Nationals,New Zealand,2014,271.0
 PPSN Allocations to Foreign Nationals,New Zealand,2015,272.0
 PPSN Allocations to Foreign Nationals,New Zealand,2016,258.0
 PPSN Allocations to Foreign Nationals,New Zealand,2017,296.0
 PPSN Allocations to Foreign Nationals,New Zealand,2018,337.0
 PPSN Allocations to Foreign Nationals,Oman,2002,3.0
 PPSN Allocations to Foreign Nationals,Oman,2003,7.0
 PPSN Allocations to Foreign Nationals,Oman,2004,8.0
 PPSN Allocations to Foreign Nationals,Oman,2005,11.0
 PPSN Allocations to Foreign Nationals,Oman,2006,3.0
 PPSN Allocations to Foreign Nationals,Oman,2007,11.0
 PPSN Allocations to Foreign Nationals,Oman,2008,8.0
 PPSN Allocations to Foreign Nationals,Oman,2011,18.0
 PPSN Allocations to Foreign Nationals,Oman,2012,27.0
 PPSN Allocations to Foreign Nationals,Oman,2013,39.0
 PPSN Allocations to Foreign Nationals,Oman,2014,64.0
 PPSN Allocations to Foreign Nationals,Oman,2015,87.0
 PPSN Allocations to Foreign Nationals,Oman,2016,60.0
 PPSN Allocations to Foreign Nationals,Oman,2017,57.0
 PPSN Allocations to Foreign Nationals,Oman,2018,44.0
 PPSN Allocations to Foreign Nationals,Panama,2002,3.0
 PPSN Allocations to Foreign Nationals,Panama,2003,3.0
 PPSN Allocations to Foreign Nationals,Panama,2004,3.0
 PPSN Allocations to Foreign Nationals,Panama,2007,4.0
 PPSN Allocations to Foreign Nationals,Panama,2008,9.0
 PPSN Allocations to Foreign Nationals,Panama,2010,5.0
 PPSN Allocations to Foreign Nationals,Panama,2011,7.0
 PPSN Allocations to Foreign Nationals,Panama,2012,5.0
 PPSN Allocations to Foreign Nationals,Panama,2013,5.0
 PPSN Allocations to Foreign Nationals,Panama,2014,8.0
 PPSN Allocations to Foreign Nationals,Panama,2015,3.0
 PPSN Allocations to Foreign Nationals,Panama,2016,24.0
 PPSN Allocations to Foreign Nationals,Panama,2017,41.0
 PPSN Allocations to Foreign Nationals,Panama,2018,30.0
 PPSN Allocations to Foreign Nationals,Peru,2002,14.0
 PPSN Allocations to Foreign Nationals,Peru,2003,22.0
 PPSN Allocations to Foreign Nationals,Peru,2004,22.0
 PPSN Allocations to Foreign Nationals,Peru,2005,23.0
 PPSN Allocations to Foreign Nationals,Peru,2006,29.0
 PPSN Allocations to Foreign Nationals,Peru,2007,18.0
 PPSN Allocations to Foreign Nationals,Peru,2008,23.0
 PPSN Allocations to Foreign Nationals,Peru,2009,21.0
 PPSN Allocations to Foreign Nationals,Peru,2010,16.0
 PPSN Allocations to Foreign Nationals,Peru,2011,22.0
 PPSN Allocations to Foreign Nationals,Peru,2012,22.0
 PPSN Allocations to Foreign Nationals,Peru,2013,23.0
 PPSN Allocations to Foreign Nationals,Peru,2014,20.0
 PPSN Allocations to Foreign Nationals,Peru,2015,28.0
 PPSN Allocations to Foreign Nationals,Peru,2016,17.0
 PPSN Allocations to Foreign Nationals,Peru,2017,39.0
 PPSN Allocations to Foreign Nationals,Peru,2018,35.0
 PPSN Allocations to Foreign Nationals,Philippines,2002,1704.0
 PPSN Allocations to Foreign Nationals,Philippines,2003,1523.0
 PPSN Allocations to Foreign Nationals,Philippines,2004,934.0
 PPSN Allocations to Foreign Nationals,Philippines,2005,1195.0
 PPSN Allocations to Foreign Nationals,Philippines,2006,1553.0
 PPSN Allocations to Foreign Nationals,Philippines,2007,1355.0
 PPSN Allocations to Foreign Nationals,Philippines,2008,1272.0
 PPSN Allocations to Foreign Nationals,Philippines,2009,638.0
 PPSN Allocations to Foreign Nationals,Philippines,2010,359.0
 PPSN Allocations to Foreign Nationals,Philippines,2011,402.0
 PPSN Allocations to Foreign Nationals,Philippines,2012,384.0
 PPSN Allocations to Foreign Nationals,Philippines,2013,413.0
 PPSN Allocations to Foreign Nationals,Philippines,2014,408.0
 PPSN Allocations to Foreign Nationals,Philippines,2015,426.0
 PPSN Allocations to Foreign Nationals,Philippines,2016,919.0
 PPSN Allocations to Foreign Nationals,Philippines,2017,1161.0
 PPSN Allocations to Foreign Nationals,Philippines,2018,1080.0
 PPSN Allocations to Foreign Nationals,Pakistan,2002,837.0
 PPSN Allocations to Foreign Nationals,Pakistan,2003,1085.0
 PPSN Allocations to Foreign Nationals,Pakistan,2004,913.0
 PPSN Allocations to Foreign Nationals,Pakistan,2005,836.0
 PPSN Allocations to Foreign Nationals,Pakistan,2006,1229.0
 PPSN Allocations to Foreign Nationals,Pakistan,2007,1286.0
 PPSN Allocations to Foreign Nationals,Pakistan,2008,796.0
 PPSN Allocations to Foreign Nationals,Pakistan,2009,792.0
 PPSN Allocations to Foreign Nationals,Pakistan,2010,446.0
 PPSN Allocations to Foreign Nationals,Pakistan,2011,790.0
 PPSN Allocations to Foreign Nationals,Pakistan,2012,724.0
 PPSN Allocations to Foreign Nationals,Pakistan,2013,881.0
 PPSN Allocations to Foreign Nationals,Pakistan,2014,1611.0
 PPSN Allocations to Foreign Nationals,Pakistan,2015,3164.0
 PPSN Allocations to Foreign Nationals,Pakistan,2016,2216.0
 PPSN Allocations to Foreign Nationals,Pakistan,2017,1645.0
 PPSN Allocations to Foreign Nationals,Pakistan,2018,1218.0
 PPSN Allocations to Foreign Nationals,Poland,2002,2645.0
 PPSN Allocations to Foreign Nationals,Poland,2003,3814.0
 PPSN Allocations to Foreign Nationals,Poland,2004,27144.0
 PPSN Allocations to Foreign Nationals,Poland,2005,64392.0
 PPSN Allocations to Foreign Nationals,Poland,2006,93364.0
 PPSN Allocations to Foreign Nationals,Poland,2007,79515.0
 PPSN Allocations to Foreign Nationals,Poland,2008,42417.0
 PPSN Allocations to Foreign Nationals,Poland,2009,13734.0
 PPSN Allocations to Foreign Nationals,Poland,2010,8725.0
 PPSN Allocations to Foreign Nationals,Poland,2011,8080.0
 PPSN Allocations to Foreign Nationals,Poland,2012,8658.0
 PPSN Allocations to Foreign Nationals,Poland,2013,9239.0
 PPSN Allocations to Foreign Nationals,Poland,2014,9116.0
 PPSN Allocations to Foreign Nationals,Poland,2015,8585.0
 PPSN Allocations to Foreign Nationals,Poland,2016,8015.0
 PPSN Allocations to Foreign Nationals,Poland,2017,6816.0
 PPSN Allocations to Foreign Nationals,Poland,2018,6521.0
 PPSN Allocations to Foreign Nationals,"Palestinian Territory, Occupied",2002,15.0
 PPSN Allocations to Foreign Nationals,"Palestinian Territory, Occupied",2003,20.0
 PPSN Allocations to Foreign Nationals,"Palestinian Territory, Occupied",2004,28.0
 PPSN Allocations to Foreign Nationals,"Palestinian Territory, Occupied",2005,19.0
 PPSN Allocations to Foreign Nationals,"Palestinian Territory, Occupied",2006,31.0
 PPSN Allocations to Foreign Nationals,"Palestinian Territory, Occupied",2007,23.0
 PPSN Allocations to Foreign Nationals,"Palestinian Territory, Occupied",2008,28.0
 PPSN Allocations to Foreign Nationals,"Palestinian Territory, Occupied",2009,30.0
 PPSN Allocations to Foreign Nationals,"Palestinian Territory, Occupied",2010,17.0
 PPSN Allocations to Foreign Nationals,"Palestinian Territory, Occupied",2011,24.0
 PPSN Allocations to Foreign Nationals,"Palestinian Territory, Occupied",2012,10.0
 PPSN Allocations to Foreign Nationals,"Palestinian Territory, Occupied",2013,12.0
 PPSN Allocations to Foreign Nationals,"Palestinian Territory, Occupied",2014,32.0
 PPSN Allocations to Foreign Nationals,"Palestinian Territory, Occupied",2015,17.0
 PPSN Allocations to Foreign Nationals,"Palestinian Territory, Occupied",2016,30.0
 PPSN Allocations to Foreign Nationals,"Palestinian Territory, Occupied",2017,29.0
 PPSN Allocations to Foreign Nationals,"Palestinian Territory, Occupied",2018,61.0
 PPSN Allocations to Foreign Nationals,Portugal,2002,433.0
 PPSN Allocations to Foreign Nationals,Portugal,2003,739.0
 PPSN Allocations to Foreign Nationals,Portugal,2004,686.0
 PPSN Allocations to Foreign Nationals,Portugal,2005,795.0
 PPSN Allocations to Foreign Nationals,Portugal,2006,950.0
 PPSN Allocations to Foreign Nationals,Portugal,2007,1531.0
 PPSN Allocations to Foreign Nationals,Portugal,2008,2155.0
 PPSN Allocations to Foreign Nationals,Portugal,2009,1131.0
 PPSN Allocations to Foreign Nationals,Portugal,2010,793.0
 PPSN Allocations to Foreign Nationals,Portugal,2011,719.0
 PPSN Allocations to Foreign Nationals,Portugal,2012,1146.0
 PPSN Allocations to Foreign Nationals,Portugal,2013,1597.0
 PPSN Allocations to Foreign Nationals,Portugal,2014,1964.0
 PPSN Allocations to Foreign Nationals,Portugal,2015,1628.0
 PPSN Allocations to Foreign Nationals,Portugal,2016,2148.0
 PPSN Allocations to Foreign Nationals,Portugal,2017,2221.0
 PPSN Allocations to Foreign Nationals,Portugal,2018,2354.0
 PPSN Allocations to Foreign Nationals,Paraguay,2002,4.0
 PPSN Allocations to Foreign Nationals,Paraguay,2003,5.0
 PPSN Allocations to Foreign Nationals,Paraguay,2004,4.0
 PPSN Allocations to Foreign Nationals,Paraguay,2005,3.0
 PPSN Allocations to Foreign Nationals,Paraguay,2006,7.0
 PPSN Allocations to Foreign Nationals,Paraguay,2007,4.0
 PPSN Allocations to Foreign Nationals,Paraguay,2008,7.0
 PPSN Allocations to Foreign Nationals,Paraguay,2009,8.0
 PPSN Allocations to Foreign Nationals,Paraguay,2010,9.0
 PPSN Allocations to Foreign Nationals,Paraguay,2011,10.0
 PPSN Allocations to Foreign Nationals,Paraguay,2012,7.0
 PPSN Allocations to Foreign Nationals,Paraguay,2013,6.0
 PPSN Allocations to Foreign Nationals,Paraguay,2014,10.0
 PPSN Allocations to Foreign Nationals,Paraguay,2015,8.0
 PPSN Allocations to Foreign Nationals,Paraguay,2016,6.0
 PPSN Allocations to Foreign Nationals,Paraguay,2017,9.0
 PPSN Allocations to Foreign Nationals,Paraguay,2018,23.0
 PPSN Allocations to Foreign Nationals,Qatar,2005,3.0
 PPSN Allocations to Foreign Nationals,Qatar,2007,5.0
 PPSN Allocations to Foreign Nationals,Qatar,2014,3.0
 PPSN Allocations to Foreign Nationals,Qatar,2016,3.0
 PPSN Allocations to Foreign Nationals,Kosovo,2002,36.0
 PPSN Allocations to Foreign Nationals,Kosovo,2003,56.0
 PPSN Allocations to Foreign Nationals,Kosovo,2004,20.0
 PPSN Allocations to Foreign Nationals,Kosovo,2005,18.0
 PPSN Allocations to Foreign Nationals,Kosovo,2006,22.0
 PPSN Allocations to Foreign Nationals,Kosovo,2007,29.0
 PPSN Allocations to Foreign Nationals,Kosovo,2008,29.0
 PPSN Allocations to Foreign Nationals,Kosovo,2009,26.0
 PPSN Allocations to Foreign Nationals,Kosovo,2010,13.0
 PPSN Allocations to Foreign Nationals,Kosovo,2011,10.0
 PPSN Allocations to Foreign Nationals,Kosovo,2012,3.0
 PPSN Allocations to Foreign Nationals,Kosovo,2013,4.0
 PPSN Allocations to Foreign Nationals,Kosovo,2014,8.0
 PPSN Allocations to Foreign Nationals,Kosovo,2015,13.0
 PPSN Allocations to Foreign Nationals,Kosovo,2016,5.0
 PPSN Allocations to Foreign Nationals,Kosovo,2017,13.0
 PPSN Allocations to Foreign Nationals,Kosovo,2018,13.0
 PPSN Allocations to Foreign Nationals,Romania,2002,2580.0
 PPSN Allocations to Foreign Nationals,Romania,2003,1361.0
 PPSN Allocations to Foreign Nationals,Romania,2004,578.0
 PPSN Allocations to Foreign Nationals,Romania,2005,784.0
 PPSN Allocations to Foreign Nationals,Romania,2006,3261.0
 PPSN Allocations to Foreign Nationals,Romania,2007,14325.0
 PPSN Allocations to Foreign Nationals,Romania,2008,6711.0
 PPSN Allocations to Foreign Nationals,Romania,2009,2643.0
 PPSN Allocations to Foreign Nationals,Romania,2010,2983.0
 PPSN Allocations to Foreign Nationals,Romania,2011,3825.0
 PPSN Allocations to Foreign Nationals,Romania,2012,5282.0
 PPSN Allocations to Foreign Nationals,Romania,2013,7713.0
 PPSN Allocations to Foreign Nationals,Romania,2014,9081.0
 PPSN Allocations to Foreign Nationals,Romania,2015,8644.0
 PPSN Allocations to Foreign Nationals,Romania,2016,11207.0
 PPSN Allocations to Foreign Nationals,Romania,2017,12084.0
 PPSN Allocations to Foreign Nationals,Romania,2018,13921.0
 PPSN Allocations to Foreign Nationals,Serbia,2002,16.0
 PPSN Allocations to Foreign Nationals,Serbia,2003,29.0
 PPSN Allocations to Foreign Nationals,Serbia,2004,19.0
 PPSN Allocations to Foreign Nationals,Serbia,2005,21.0
 PPSN Allocations to Foreign Nationals,Serbia,2006,53.0
 PPSN Allocations to Foreign Nationals,Serbia,2007,55.0
 PPSN Allocations to Foreign Nationals,Serbia,2008,47.0
 PPSN Allocations to Foreign Nationals,Serbia,2009,29.0
 PPSN Allocations to Foreign Nationals,Serbia,2010,18.0
 PPSN Allocations to Foreign Nationals,Serbia,2011,28.0
 PPSN Allocations to Foreign Nationals,Serbia,2012,33.0
 PPSN Allocations to Foreign Nationals,Serbia,2013,35.0
 PPSN Allocations to Foreign Nationals,Serbia,2014,38.0
 PPSN Allocations to Foreign Nationals,Serbia,2015,70.0
 PPSN Allocations to Foreign Nationals,Serbia,2016,89.0
 PPSN Allocations to Foreign Nationals,Serbia,2017,89.0
 PPSN Allocations to Foreign Nationals,Serbia,2018,99.0
 PPSN Allocations to Foreign Nationals,Russian Federation,2002,901.0
 PPSN Allocations to Foreign Nationals,Russian Federation,2003,555.0
 PPSN Allocations to Foreign Nationals,Russian Federation,2004,425.0
 PPSN Allocations to Foreign Nationals,Russian Federation,2005,376.0
 PPSN Allocations to Foreign Nationals,Russian Federation,2006,382.0
 PPSN Allocations to Foreign Nationals,Russian Federation,2007,354.0
 PPSN Allocations to Foreign Nationals,Russian Federation,2008,305.0
 PPSN Allocations to Foreign Nationals,Russian Federation,2009,231.0
 PPSN Allocations to Foreign Nationals,Russian Federation,2010,220.0
 PPSN Allocations to Foreign Nationals,Russian Federation,2011,255.0
 PPSN Allocations to Foreign Nationals,Russian Federation,2012,249.0
 PPSN Allocations to Foreign Nationals,Russian Federation,2013,325.0
 PPSN Allocations to Foreign Nationals,Russian Federation,2014,353.0
 PPSN Allocations to Foreign Nationals,Russian Federation,2015,415.0
 PPSN Allocations to Foreign Nationals,Russian Federation,2016,456.0
 PPSN Allocations to Foreign Nationals,Russian Federation,2017,487.0
 PPSN Allocations to Foreign Nationals,Russian Federation,2018,525.0
 PPSN Allocations to Foreign Nationals,Rwanda,2002,15.0
 PPSN Allocations to Foreign Nationals,Rwanda,2003,20.0
 PPSN Allocations to Foreign Nationals,Rwanda,2004,18.0
 PPSN Allocations to Foreign Nationals,Rwanda,2005,18.0
 PPSN Allocations to Foreign Nationals,Rwanda,2006,21.0
 PPSN Allocations to Foreign Nationals,Rwanda,2007,18.0
 PPSN Allocations to Foreign Nationals,Rwanda,2008,11.0
 PPSN Allocations to Foreign Nationals,Rwanda,2009,8.0
 PPSN Allocations to Foreign Nationals,Rwanda,2010,9.0
 PPSN Allocations to Foreign Nationals,Rwanda,2011,15.0
 PPSN Allocations to Foreign Nationals,Rwanda,2012,7.0
 PPSN Allocations to Foreign Nationals,Rwanda,2013,7.0
 PPSN Allocations to Foreign Nationals,Rwanda,2015,6.0
 PPSN Allocations to Foreign Nationals,Rwanda,2016,4.0
 PPSN Allocations to Foreign Nationals,Rwanda,2017,3.0
 PPSN Allocations to Foreign Nationals,Rwanda,2018,5.0
 PPSN Allocations to Foreign Nationals,Saudi Arabia,2002,15.0
 PPSN Allocations to Foreign Nationals,Saudi Arabia,2003,38.0
 PPSN Allocations to Foreign Nationals,Saudi Arabia,2004,18.0
 PPSN Allocations to Foreign Nationals,Saudi Arabia,2005,25.0
 PPSN Allocations to Foreign Nationals,Saudi Arabia,2006,37.0
 PPSN Allocations to Foreign Nationals,Saudi Arabia,2007,34.0
 PPSN Allocations to Foreign Nationals,Saudi Arabia,2008,32.0
 PPSN Allocations to Foreign Nationals,Saudi Arabia,2009,158.0
 PPSN Allocations to Foreign Nationals,Saudi Arabia,2010,246.0
 PPSN Allocations to Foreign Nationals,Saudi Arabia,2011,287.0
 PPSN Allocations to Foreign Nationals,Saudi Arabia,2012,343.0
 PPSN Allocations to Foreign Nationals,Saudi Arabia,2013,480.0
 PPSN Allocations to Foreign Nationals,Saudi Arabia,2014,478.0
 PPSN Allocations to Foreign Nationals,Saudi Arabia,2015,336.0
 PPSN Allocations to Foreign Nationals,Saudi Arabia,2016,353.0
 PPSN Allocations to Foreign Nationals,Saudi Arabia,2017,332.0
 PPSN Allocations to Foreign Nationals,Saudi Arabia,2018,282.0
 PPSN Allocations to Foreign Nationals,Solomon Islands,2006,3.0
 PPSN Allocations to Foreign Nationals,Seychelles,2002,3.0
 PPSN Allocations to Foreign Nationals,Seychelles,2006,4.0
 PPSN Allocations to Foreign Nationals,Seychelles,2007,6.0
 PPSN Allocations to Foreign Nationals,Seychelles,2009,3.0
 PPSN Allocations to Foreign Nationals,Seychelles,2010,5.0
 PPSN Allocations to Foreign Nationals,Seychelles,2012,5.0
 PPSN Allocations to Foreign Nationals,Seychelles,2013,11.0
 PPSN Allocations to Foreign Nationals,Seychelles,2014,4.0
 PPSN Allocations to Foreign Nationals,Seychelles,2015,10.0
 PPSN Allocations to Foreign Nationals,Seychelles,2016,12.0
 PPSN Allocations to Foreign Nationals,Seychelles,2017,4.0
 PPSN Allocations to Foreign Nationals,Seychelles,2018,21.0
 PPSN Allocations to Foreign Nationals,Sudan,2002,150.0
 PPSN Allocations to Foreign Nationals,Sudan,2003,142.0
 PPSN Allocations to Foreign Nationals,Sudan,2004,163.0
 PPSN Allocations to Foreign Nationals,Sudan,2005,270.0
 PPSN Allocations to Foreign Nationals,Sudan,2006,361.0
 PPSN Allocations to Foreign Nationals,Sudan,2007,239.0
 PPSN Allocations to Foreign Nationals,Sudan,2008,284.0
 PPSN Allocations to Foreign Nationals,Sudan,2009,160.0
 PPSN Allocations to Foreign Nationals,Sudan,2010,89.0
 PPSN Allocations to Foreign Nationals,Sudan,2011,127.0
 PPSN Allocations to Foreign Nationals,Sudan,2012,130.0
 PPSN Allocations to Foreign Nationals,Sudan,2013,119.0
 PPSN Allocations to Foreign Nationals,Sudan,2014,126.0
 PPSN Allocations to Foreign Nationals,Sudan,2015,219.0
 PPSN Allocations to Foreign Nationals,Sudan,2016,246.0
 PPSN Allocations to Foreign Nationals,Sudan,2017,331.0
 PPSN Allocations to Foreign Nationals,Sudan,2018,288.0
 PPSN Allocations to Foreign Nationals,Sweden,2002,953.0
 PPSN Allocations to Foreign Nationals,Sweden,2003,1015.0
 PPSN Allocations to Foreign Nationals,Sweden,2004,944.0
 PPSN Allocations to Foreign Nationals,Sweden,2005,1104.0
 PPSN Allocations to Foreign Nationals,Sweden,2006,1106.0
 PPSN Allocations to Foreign Nationals,Sweden,2007,928.0
 PPSN Allocations to Foreign Nationals,Sweden,2008,753.0
 PPSN Allocations to Foreign Nationals,Sweden,2009,482.0
 PPSN Allocations to Foreign Nationals,Sweden,2010,629.0
 PPSN Allocations to Foreign Nationals,Sweden,2011,580.0
 PPSN Allocations to Foreign Nationals,Sweden,2012,500.0
 PPSN Allocations to Foreign Nationals,Sweden,2013,481.0
 PPSN Allocations to Foreign Nationals,Sweden,2014,474.0
 PPSN Allocations to Foreign Nationals,Sweden,2015,515.0
 PPSN Allocations to Foreign Nationals,Sweden,2016,419.0
 PPSN Allocations to Foreign Nationals,Sweden,2017,463.0
 PPSN Allocations to Foreign Nationals,Sweden,2018,480.0
 PPSN Allocations to Foreign Nationals,Singapore,2002,26.0
 PPSN Allocations to Foreign Nationals,Singapore,2003,17.0
 PPSN Allocations to Foreign Nationals,Singapore,2004,36.0
 PPSN Allocations to Foreign Nationals,Singapore,2005,36.0
 PPSN Allocations to Foreign Nationals,Singapore,2006,50.0
 PPSN Allocations to Foreign Nationals,Singapore,2007,51.0
 PPSN Allocations to Foreign Nationals,Singapore,2008,43.0
 PPSN Allocations to Foreign Nationals,Singapore,2009,28.0
 PPSN Allocations to Foreign Nationals,Singapore,2010,15.0
 PPSN Allocations to Foreign Nationals,Singapore,2011,20.0
 PPSN Allocations to Foreign Nationals,Singapore,2012,28.0
 PPSN Allocations to Foreign Nationals,Singapore,2013,45.0
 PPSN Allocations to Foreign Nationals,Singapore,2014,68.0
 PPSN Allocations to Foreign Nationals,Singapore,2015,49.0
 PPSN Allocations to Foreign Nationals,Singapore,2016,72.0
 PPSN Allocations to Foreign Nationals,Singapore,2017,76.0
 PPSN Allocations to Foreign Nationals,Singapore,2018,74.0
 PPSN Allocations to Foreign Nationals,Slovenia,2002,3.0
 PPSN Allocations to Foreign Nationals,Slovenia,2003,9.0
 PPSN Allocations to Foreign Nationals,Slovenia,2004,62.0
 PPSN Allocations to Foreign Nationals,Slovenia,2005,71.0
 PPSN Allocations to Foreign Nationals,Slovenia,2006,103.0
 PPSN Allocations to Foreign Nationals,Slovenia,2007,63.0
 PPSN Allocations to Foreign Nationals,Slovenia,2008,85.0
 PPSN Allocations to Foreign Nationals,Slovenia,2009,41.0
 PPSN Allocations to Foreign Nationals,Slovenia,2010,37.0
 PPSN Allocations to Foreign Nationals,Slovenia,2011,42.0
 PPSN Allocations to Foreign Nationals,Slovenia,2012,46.0
 PPSN Allocations to Foreign Nationals,Slovenia,2013,56.0
 PPSN Allocations to Foreign Nationals,Slovenia,2014,69.0
 PPSN Allocations to Foreign Nationals,Slovenia,2015,90.0
 PPSN Allocations to Foreign Nationals,Slovenia,2016,97.0
 PPSN Allocations to Foreign Nationals,Slovenia,2017,101.0
 PPSN Allocations to Foreign Nationals,Slovenia,2018,101.0
 PPSN Allocations to Foreign Nationals,Slovakia,2002,299.0
 PPSN Allocations to Foreign Nationals,Slovakia,2003,299.0
 PPSN Allocations to Foreign Nationals,Slovakia,2004,5200.0
 PPSN Allocations to Foreign Nationals,Slovakia,2005,9369.0
 PPSN Allocations to Foreign Nationals,Slovakia,2006,10839.0
 PPSN Allocations to Foreign Nationals,Slovakia,2007,8476.0
 PPSN Allocations to Foreign Nationals,Slovakia,2008,5000.0
 PPSN Allocations to Foreign Nationals,Slovakia,2009,1791.0
 PPSN Allocations to Foreign Nationals,Slovakia,2010,1285.0
 PPSN Allocations to Foreign Nationals,Slovakia,2011,1017.0
 PPSN Allocations to Foreign Nationals,Slovakia,2012,1139.0
 PPSN Allocations to Foreign Nationals,Slovakia,2013,1096.0
 PPSN Allocations to Foreign Nationals,Slovakia,2014,1086.0
 PPSN Allocations to Foreign Nationals,Slovakia,2015,958.0
 PPSN Allocations to Foreign Nationals,Slovakia,2016,996.0
 PPSN Allocations to Foreign Nationals,Slovakia,2017,1067.0
 PPSN Allocations to Foreign Nationals,Slovakia,2018,1076.0
 PPSN Allocations to Foreign Nationals,Sierra Leone,2002,70.0
 PPSN Allocations to Foreign Nationals,Sierra Leone,2003,21.0
 PPSN Allocations to Foreign Nationals,Sierra Leone,2004,33.0
 PPSN Allocations to Foreign Nationals,Sierra Leone,2005,20.0
 PPSN Allocations to Foreign Nationals,Sierra Leone,2006,26.0
 PPSN Allocations to Foreign Nationals,Sierra Leone,2007,24.0
 PPSN Allocations to Foreign Nationals,Sierra Leone,2008,14.0
 PPSN Allocations to Foreign Nationals,Sierra Leone,2009,31.0
 PPSN Allocations to Foreign Nationals,Sierra Leone,2010,22.0
 PPSN Allocations to Foreign Nationals,Sierra Leone,2011,4.0
 PPSN Allocations to Foreign Nationals,Sierra Leone,2012,4.0
 PPSN Allocations to Foreign Nationals,Sierra Leone,2013,7.0
 PPSN Allocations to Foreign Nationals,Sierra Leone,2014,7.0
 PPSN Allocations to Foreign Nationals,Sierra Leone,2015,6.0
 PPSN Allocations to Foreign Nationals,Sierra Leone,2016,20.0
 PPSN Allocations to Foreign Nationals,Sierra Leone,2017,10.0
 PPSN Allocations to Foreign Nationals,Sierra Leone,2018,25.0
 PPSN Allocations to Foreign Nationals,Senegal,2002,5.0
 PPSN Allocations to Foreign Nationals,Senegal,2003,5.0
 PPSN Allocations to Foreign Nationals,Senegal,2004,8.0
 PPSN Allocations to Foreign Nationals,Senegal,2005,3.0
 PPSN Allocations to Foreign Nationals,Senegal,2006,5.0
 PPSN Allocations to Foreign Nationals,Senegal,2007,3.0
 PPSN Allocations to Foreign Nationals,Senegal,2008,10.0
 PPSN Allocations to Foreign Nationals,Senegal,2009,4.0
 PPSN Allocations to Foreign Nationals,Senegal,2010,6.0
 PPSN Allocations to Foreign Nationals,Senegal,2011,3.0
 PPSN Allocations to Foreign Nationals,Senegal,2012,3.0
 PPSN Allocations to Foreign Nationals,Senegal,2013,3.0
 PPSN Allocations to Foreign Nationals,Senegal,2014,3.0
 PPSN Allocations to Foreign Nationals,Senegal,2015,8.0
 PPSN Allocations to Foreign Nationals,Senegal,2016,9.0
 PPSN Allocations to Foreign Nationals,Senegal,2017,5.0
 PPSN Allocations to Foreign Nationals,Senegal,2018,7.0
 PPSN Allocations to Foreign Nationals,Somalia,2002,84.0
 PPSN Allocations to Foreign Nationals,Somalia,2003,145.0
 PPSN Allocations to Foreign Nationals,Somalia,2004,167.0
 PPSN Allocations to Foreign Nationals,Somalia,2005,357.0
 PPSN Allocations to Foreign Nationals,Somalia,2006,134.0
 PPSN Allocations to Foreign Nationals,Somalia,2007,182.0
 PPSN Allocations to Foreign Nationals,Somalia,2008,146.0
 PPSN Allocations to Foreign Nationals,Somalia,2009,178.0
 PPSN Allocations to Foreign Nationals,Somalia,2010,83.0
 PPSN Allocations to Foreign Nationals,Somalia,2011,126.0
 PPSN Allocations to Foreign Nationals,Somalia,2012,95.0
 PPSN Allocations to Foreign Nationals,Somalia,2013,78.0
 PPSN Allocations to Foreign Nationals,Somalia,2014,88.0
 PPSN Allocations to Foreign Nationals,Somalia,2015,125.0
 PPSN Allocations to Foreign Nationals,Somalia,2016,98.0
 PPSN Allocations to Foreign Nationals,Somalia,2017,134.0
 PPSN Allocations to Foreign Nationals,Somalia,2018,112.0
 PPSN Allocations to Foreign Nationals,Suriname,2008,3.0
 PPSN Allocations to Foreign Nationals,Suriname,2010,3.0
 PPSN Allocations to Foreign Nationals,El Salvador,2002,45.0
 PPSN Allocations to Foreign Nationals,El Salvador,2003,43.0
 PPSN Allocations to Foreign Nationals,El Salvador,2004,104.0
 PPSN Allocations to Foreign Nationals,El Salvador,2005,27.0
 PPSN Allocations to Foreign Nationals,El Salvador,2006,15.0
 PPSN Allocations to Foreign Nationals,El Salvador,2007,19.0
 PPSN Allocations to Foreign Nationals,El Salvador,2008,92.0
 PPSN Allocations to Foreign Nationals,El Salvador,2009,26.0
 PPSN Allocations to Foreign Nationals,El Salvador,2010,9.0
 PPSN Allocations to Foreign Nationals,El Salvador,2011,10.0
 PPSN Allocations to Foreign Nationals,El Salvador,2012,3.0
 PPSN Allocations to Foreign Nationals,El Salvador,2013,13.0
 PPSN Allocations to Foreign Nationals,El Salvador,2014,9.0
 PPSN Allocations to Foreign Nationals,El Salvador,2015,5.0
 PPSN Allocations to Foreign Nationals,El Salvador,2016,15.0
 PPSN Allocations to Foreign Nationals,El Salvador,2017,20.0
 PPSN Allocations to Foreign Nationals,El Salvador,2018,43.0
 PPSN Allocations to Foreign Nationals,Syrian Arab Republic,2002,21.0
 PPSN Allocations to Foreign Nationals,Syrian Arab Republic,2003,18.0
 PPSN Allocations to Foreign Nationals,Syrian Arab Republic,2004,25.0
 PPSN Allocations to Foreign Nationals,Syrian Arab Republic,2005,22.0
 PPSN Allocations to Foreign Nationals,Syrian Arab Republic,2006,44.0
 PPSN Allocations to Foreign Nationals,Syrian Arab Republic,2007,31.0
 PPSN Allocations to Foreign Nationals,Syrian Arab Republic,2008,40.0
 PPSN Allocations to Foreign Nationals,Syrian Arab Republic,2009,23.0
 PPSN Allocations to Foreign Nationals,Syrian Arab Republic,2010,23.0
 PPSN Allocations to Foreign Nationals,Syrian Arab Republic,2011,27.0
 PPSN Allocations to Foreign Nationals,Syrian Arab Republic,2012,61.0
 PPSN Allocations to Foreign Nationals,Syrian Arab Republic,2013,62.0
 PPSN Allocations to Foreign Nationals,Syrian Arab Republic,2014,162.0
 PPSN Allocations to Foreign Nationals,Syrian Arab Republic,2015,265.0
 PPSN Allocations to Foreign Nationals,Syrian Arab Republic,2016,657.0
 PPSN Allocations to Foreign Nationals,Syrian Arab Republic,2017,937.0
 PPSN Allocations to Foreign Nationals,Syrian Arab Republic,2018,678.0
 PPSN Allocations to Foreign Nationals,Swaziland,2002,4.0
 PPSN Allocations to Foreign Nationals,Swaziland,2003,5.0
 PPSN Allocations to Foreign Nationals,Swaziland,2004,8.0
 PPSN Allocations to Foreign Nationals,Swaziland,2005,7.0
 PPSN Allocations to Foreign Nationals,Swaziland,2006,3.0
 PPSN Allocations to Foreign Nationals,Swaziland,2007,8.0
 PPSN Allocations to Foreign Nationals,Swaziland,2008,5.0
 PPSN Allocations to Foreign Nationals,Swaziland,2009,4.0
 PPSN Allocations to Foreign Nationals,Swaziland,2010,11.0
 PPSN Allocations to Foreign Nationals,Swaziland,2011,6.0
 PPSN Allocations to Foreign Nationals,Swaziland,2012,6.0
 PPSN Allocations to Foreign Nationals,Swaziland,2013,5.0
 PPSN Allocations to Foreign Nationals,Swaziland,2014,15.0
 PPSN Allocations to Foreign Nationals,Swaziland,2015,5.0
 PPSN Allocations to Foreign Nationals,Swaziland,2016,9.0
 PPSN Allocations to Foreign Nationals,Swaziland,2017,9.0
 PPSN Allocations to Foreign Nationals,Swaziland,2018,18.0
 PPSN Allocations to Foreign Nationals,Chad,2006,7.0
 PPSN Allocations to Foreign Nationals,Chad,2007,5.0
 PPSN Allocations to Foreign Nationals,Chad,2008,5.0
 PPSN Allocations to Foreign Nationals,Chad,2009,3.0
 PPSN Allocations to Foreign Nationals,Togo,2002,45.0
 PPSN Allocations to Foreign Nationals,Togo,2003,31.0
 PPSN Allocations to Foreign Nationals,Togo,2004,24.0
 PPSN Allocations to Foreign Nationals,Togo,2005,28.0
 PPSN Allocations to Foreign Nationals,Togo,2006,15.0
 PPSN Allocations to Foreign Nationals,Togo,2007,22.0
 PPSN Allocations to Foreign Nationals,Togo,2008,20.0
 PPSN Allocations to Foreign Nationals,Togo,2009,23.0
 PPSN Allocations to Foreign Nationals,Togo,2010,20.0
 PPSN Allocations to Foreign Nationals,Togo,2011,6.0
 PPSN Allocations to Foreign Nationals,Togo,2012,16.0
 PPSN Allocations to Foreign Nationals,Togo,2013,4.0
 PPSN Allocations to Foreign Nationals,Togo,2014,16.0
 PPSN Allocations to Foreign Nationals,Togo,2015,25.0
 PPSN Allocations to Foreign Nationals,Togo,2016,6.0
 PPSN Allocations to Foreign Nationals,Togo,2017,4.0
 PPSN Allocations to Foreign Nationals,Togo,2018,22.0
 PPSN Allocations to Foreign Nationals,Thailand,2002,171.0
 PPSN Allocations to Foreign Nationals,Thailand,2003,154.0
 PPSN Allocations to Foreign Nationals,Thailand,2004,149.0
 PPSN Allocations to Foreign Nationals,Thailand,2005,138.0
 PPSN Allocations to Foreign Nationals,Thailand,2006,166.0
 PPSN Allocations to Foreign Nationals,Thailand,2007,227.0
 PPSN Allocations to Foreign Nationals,Thailand,2008,238.0
 PPSN Allocations to Foreign Nationals,Thailand,2009,195.0
 PPSN Allocations to Foreign Nationals,Thailand,2010,156.0
 PPSN Allocations to Foreign Nationals,Thailand,2011,152.0
 PPSN Allocations to Foreign Nationals,Thailand,2012,157.0
 PPSN Allocations to Foreign Nationals,Thailand,2013,135.0
 PPSN Allocations to Foreign Nationals,Thailand,2014,126.0
 PPSN Allocations to Foreign Nationals,Thailand,2015,142.0
 PPSN Allocations to Foreign Nationals,Thailand,2016,135.0
 PPSN Allocations to Foreign Nationals,Thailand,2017,153.0
 PPSN Allocations to Foreign Nationals,Thailand,2018,144.0
 PPSN Allocations to Foreign Nationals,Tajikistan,2003,3.0
 PPSN Allocations to Foreign Nationals,Tunisia,2002,20.0
 PPSN Allocations to Foreign Nationals,Tunisia,2003,12.0
 PPSN Allocations to Foreign Nationals,Tunisia,2004,13.0
 PPSN Allocations to Foreign Nationals,Tunisia,2005,27.0
 PPSN Allocations to Foreign Nationals,Tunisia,2006,19.0
 PPSN Allocations to Foreign Nationals,Tunisia,2007,19.0
 PPSN Allocations to Foreign Nationals,Tunisia,2008,27.0
 PPSN Allocations to Foreign Nationals,Tunisia,2009,13.0
 PPSN Allocations to Foreign Nationals,Tunisia,2010,20.0
 PPSN Allocations to Foreign Nationals,Tunisia,2011,28.0
 PPSN Allocations to Foreign Nationals,Tunisia,2012,23.0
 PPSN Allocations to Foreign Nationals,Tunisia,2013,30.0
 PPSN Allocations to Foreign Nationals,Tunisia,2014,89.0
 PPSN Allocations to Foreign Nationals,Tunisia,2015,57.0
 PPSN Allocations to Foreign Nationals,Tunisia,2016,42.0
 PPSN Allocations to Foreign Nationals,Tunisia,2017,42.0
 PPSN Allocations to Foreign Nationals,Tunisia,2018,42.0
 PPSN Allocations to Foreign Nationals,Tonga,2005,3.0
 PPSN Allocations to Foreign Nationals,Tonga,2008,5.0
 PPSN Allocations to Foreign Nationals,Turkey,2002,585.0
 PPSN Allocations to Foreign Nationals,Turkey,2003,737.0
 PPSN Allocations to Foreign Nationals,Turkey,2004,429.0
 PPSN Allocations to Foreign Nationals,Turkey,2005,357.0
 PPSN Allocations to Foreign Nationals,Turkey,2006,140.0
 PPSN Allocations to Foreign Nationals,Turkey,2007,196.0
 PPSN Allocations to Foreign Nationals,Turkey,2008,173.0
 PPSN Allocations to Foreign Nationals,Turkey,2009,130.0
 PPSN Allocations to Foreign Nationals,Turkey,2010,112.0
 PPSN Allocations to Foreign Nationals,Turkey,2011,125.0
 PPSN Allocations to Foreign Nationals,Turkey,2012,120.0
 PPSN Allocations to Foreign Nationals,Turkey,2013,155.0
 PPSN Allocations to Foreign Nationals,Turkey,2014,232.0
 PPSN Allocations to Foreign Nationals,Turkey,2015,206.0
 PPSN Allocations to Foreign Nationals,Turkey,2016,319.0
 PPSN Allocations to Foreign Nationals,Turkey,2017,440.0
 PPSN Allocations to Foreign Nationals,Turkey,2018,785.0
 PPSN Allocations to Foreign Nationals,Trinidad and Tobago,2002,14.0
 PPSN Allocations to Foreign Nationals,Trinidad and Tobago,2003,14.0
 PPSN Allocations to Foreign Nationals,Trinidad and Tobago,2004,16.0
 PPSN Allocations to Foreign Nationals,Trinidad and Tobago,2005,16.0
 PPSN Allocations to Foreign Nationals,Trinidad and Tobago,2006,8.0
 PPSN Allocations to Foreign Nationals,Trinidad and Tobago,2007,19.0
 PPSN Allocations to Foreign Nationals,Trinidad and Tobago,2008,9.0
 PPSN Allocations to Foreign Nationals,Trinidad and Tobago,2009,8.0
 PPSN Allocations to Foreign Nationals,Trinidad and Tobago,2010,4.0
 PPSN Allocations to Foreign Nationals,Trinidad and Tobago,2011,6.0
 PPSN Allocations to Foreign Nationals,Trinidad and Tobago,2012,6.0
 PPSN Allocations to Foreign Nationals,Trinidad and Tobago,2013,10.0
 PPSN Allocations to Foreign Nationals,Trinidad and Tobago,2014,26.0
 PPSN Allocations to Foreign Nationals,Trinidad and Tobago,2015,15.0
 PPSN Allocations to Foreign Nationals,Trinidad and Tobago,2016,16.0
 PPSN Allocations to Foreign Nationals,Trinidad and Tobago,2017,26.0
 PPSN Allocations to Foreign Nationals,Trinidad and Tobago,2018,29.0
 PPSN Allocations to Foreign Nationals,"Taiwan, Province of China",2002,7.0
 PPSN Allocations to Foreign Nationals,"Taiwan, Province of China",2003,11.0
 PPSN Allocations to Foreign Nationals,"Taiwan, Province of China",2004,15.0
 PPSN Allocations to Foreign Nationals,"Taiwan, Province of China",2005,12.0
 PPSN Allocations to Foreign Nationals,"Taiwan, Province of China",2006,5.0
 PPSN Allocations to Foreign Nationals,"Taiwan, Province of China",2007,10.0
 PPSN Allocations to Foreign Nationals,"Taiwan, Province of China",2008,18.0
 PPSN Allocations to Foreign Nationals,"Taiwan, Province of China",2009,4.0
 PPSN Allocations to Foreign Nationals,"Taiwan, Province of China",2010,10.0
 PPSN Allocations to Foreign Nationals,"Taiwan, Province of China",2011,13.0
 PPSN Allocations to Foreign Nationals,"Taiwan, Province of China",2012,32.0
 PPSN Allocations to Foreign Nationals,"Taiwan, Province of China",2013,126.0
 PPSN Allocations to Foreign Nationals,"Taiwan, Province of China",2014,179.0
 PPSN Allocations to Foreign Nationals,"Taiwan, Province of China",2015,173.0
 PPSN Allocations to Foreign Nationals,"Taiwan, Province of China",2016,261.0
 PPSN Allocations to Foreign Nationals,"Taiwan, Province of China",2017,334.0
 PPSN Allocations to Foreign Nationals,"Taiwan, Province of China",2018,349.0
 PPSN Allocations to Foreign Nationals,"Tanzania, United Republic of",2002,29.0
 PPSN Allocations to Foreign Nationals,"Tanzania, United Republic of",2003,12.0
 PPSN Allocations to Foreign Nationals,"Tanzania, United Republic of",2004,23.0
 PPSN Allocations to Foreign Nationals,"Tanzania, United Republic of",2005,15.0
 PPSN Allocations to Foreign Nationals,"Tanzania, United Republic of",2006,15.0
 PPSN Allocations to Foreign Nationals,"Tanzania, United Republic of",2007,34.0
 PPSN Allocations to Foreign Nationals,"Tanzania, United Republic of",2008,18.0
 PPSN Allocations to Foreign Nationals,"Tanzania, United Republic of",2009,23.0
 PPSN Allocations to Foreign Nationals,"Tanzania, United Republic of",2010,12.0
 PPSN Allocations to Foreign Nationals,"Tanzania, United Republic of",2011,9.0
 PPSN Allocations to Foreign Nationals,"Tanzania, United Republic of",2012,13.0
 PPSN Allocations to Foreign Nationals,"Tanzania, United Republic of",2013,25.0
 PPSN Allocations to Foreign Nationals,"Tanzania, United Republic of",2014,15.0
 PPSN Allocations to Foreign Nationals,"Tanzania, United Republic of",2015,18.0
 PPSN Allocations to Foreign Nationals,"Tanzania, United Republic of",2016,6.0
 PPSN Allocations to Foreign Nationals,"Tanzania, United Republic of",2017,11.0
 PPSN Allocations to Foreign Nationals,"Tanzania, United Republic of",2018,22.0
 PPSN Allocations to Foreign Nationals,Ukraine,2002,1135.0
 PPSN Allocations to Foreign Nationals,Ukraine,2003,1088.0
 PPSN Allocations to Foreign Nationals,Ukraine,2004,404.0
 PPSN Allocations to Foreign Nationals,Ukraine,2005,322.0
 PPSN Allocations to Foreign Nationals,Ukraine,2006,346.0
 PPSN Allocations to Foreign Nationals,Ukraine,2007,347.0
 PPSN Allocations to Foreign Nationals,Ukraine,2008,417.0
 PPSN Allocations to Foreign Nationals,Ukraine,2009,288.0
 PPSN Allocations to Foreign Nationals,Ukraine,2010,136.0
 PPSN Allocations to Foreign Nationals,Ukraine,2011,160.0
 PPSN Allocations to Foreign Nationals,Ukraine,2012,173.0
 PPSN Allocations to Foreign Nationals,Ukraine,2013,249.0
 PPSN Allocations to Foreign Nationals,Ukraine,2014,291.0
 PPSN Allocations to Foreign Nationals,Ukraine,2015,339.0
 PPSN Allocations to Foreign Nationals,Ukraine,2016,307.0
 PPSN Allocations to Foreign Nationals,Ukraine,2017,288.0
 PPSN Allocations to Foreign Nationals,Ukraine,2018,346.0
 PPSN Allocations to Foreign Nationals,Uganda,2002,25.0
 PPSN Allocations to Foreign Nationals,Uganda,2003,31.0
 PPSN Allocations to Foreign Nationals,Uganda,2004,31.0
 PPSN Allocations to Foreign Nationals,Uganda,2005,40.0
 PPSN Allocations to Foreign Nationals,Uganda,2006,49.0
 PPSN Allocations to Foreign Nationals,Uganda,2007,57.0
 PPSN Allocations to Foreign Nationals,Uganda,2008,65.0
 PPSN Allocations to Foreign Nationals,Uganda,2009,55.0
 PPSN Allocations to Foreign Nationals,Uganda,2010,47.0
 PPSN Allocations to Foreign Nationals,Uganda,2011,28.0
 PPSN Allocations to Foreign Nationals,Uganda,2012,24.0
 PPSN Allocations to Foreign Nationals,Uganda,2013,22.0
 PPSN Allocations to Foreign Nationals,Uganda,2014,19.0
 PPSN Allocations to Foreign Nationals,Uganda,2015,24.0
 PPSN Allocations to Foreign Nationals,Uganda,2016,32.0
 PPSN Allocations to Foreign Nationals,Uganda,2017,31.0
 PPSN Allocations to Foreign Nationals,Uganda,2018,36.0
 PPSN Allocations to Foreign Nationals,United States,2002,2703.0
 PPSN Allocations to Foreign Nationals,United States,2003,2955.0
 PPSN Allocations to Foreign Nationals,United States,2004,3136.0
 PPSN Allocations to Foreign Nationals,United States,2005,3739.0
 PPSN Allocations to Foreign Nationals,United States,2006,3994.0
 PPSN Allocations to Foreign Nationals,United States,2007,3800.0
 PPSN Allocations to Foreign Nationals,United States,2008,3456.0
 PPSN Allocations to Foreign Nationals,United States,2009,2538.0
 PPSN Allocations to Foreign Nationals,United States,2010,2512.0
 PPSN Allocations to Foreign Nationals,United States,2011,2691.0
 PPSN Allocations to Foreign Nationals,United States,2012,2676.0
 PPSN Allocations to Foreign Nationals,United States,2013,3029.0
 PPSN Allocations to Foreign Nationals,United States,2014,3386.0
 PPSN Allocations to Foreign Nationals,United States,2015,3315.0
 PPSN Allocations to Foreign Nationals,United States,2016,3857.0
 PPSN Allocations to Foreign Nationals,United States,2017,4381.0
 PPSN Allocations to Foreign Nationals,United States,2018,4120.0
 PPSN Allocations to Foreign Nationals,Uruguay,2002,4.0
 PPSN Allocations to Foreign Nationals,Uruguay,2003,26.0
 PPSN Allocations to Foreign Nationals,Uruguay,2004,35.0
 PPSN Allocations to Foreign Nationals,Uruguay,2005,43.0
 PPSN Allocations to Foreign Nationals,Uruguay,2006,63.0
 PPSN Allocations to Foreign Nationals,Uruguay,2007,57.0
 PPSN Allocations to Foreign Nationals,Uruguay,2008,76.0
 PPSN Allocations to Foreign Nationals,Uruguay,2009,51.0
 PPSN Allocations to Foreign Nationals,Uruguay,2010,38.0
 PPSN Allocations to Foreign Nationals,Uruguay,2011,53.0
 PPSN Allocations to Foreign Nationals,Uruguay,2012,37.0
 PPSN Allocations to Foreign Nationals,Uruguay,2013,56.0
 PPSN Allocations to Foreign Nationals,Uruguay,2014,69.0
 PPSN Allocations to Foreign Nationals,Uruguay,2015,32.0
 PPSN Allocations to Foreign Nationals,Uruguay,2016,76.0
 PPSN Allocations to Foreign Nationals,Uruguay,2017,94.0
 PPSN Allocations to Foreign Nationals,Uruguay,2018,106.0
 PPSN Allocations to Foreign Nationals,Uzbekistan,2002,44.0
 PPSN Allocations to Foreign Nationals,Uzbekistan,2003,22.0
 PPSN Allocations to Foreign Nationals,Uzbekistan,2004,13.0
 PPSN Allocations to Foreign Nationals,Uzbekistan,2005,6.0
 PPSN Allocations to Foreign Nationals,Uzbekistan,2006,10.0
 PPSN Allocations to Foreign Nationals,Uzbekistan,2007,16.0
 PPSN Allocations to Foreign Nationals,Uzbekistan,2008,12.0
 PPSN Allocations to Foreign Nationals,Uzbekistan,2009,11.0
 PPSN Allocations to Foreign Nationals,Uzbekistan,2010,3.0
 PPSN Allocations to Foreign Nationals,Uzbekistan,2012,9.0
 PPSN Allocations to Foreign Nationals,Uzbekistan,2013,3.0
 PPSN Allocations to Foreign Nationals,Uzbekistan,2014,6.0
 PPSN Allocations to Foreign Nationals,Uzbekistan,2015,14.0
 PPSN Allocations to Foreign Nationals,Uzbekistan,2016,18.0
 PPSN Allocations to Foreign Nationals,Uzbekistan,2017,6.0
 PPSN Allocations to Foreign Nationals,Uzbekistan,2018,5.0
 PPSN Allocations to Foreign Nationals,Saint Vincent and the Grenadines,2017,3.0
 PPSN Allocations to Foreign Nationals,Venezuela,2002,27.0
 PPSN Allocations to Foreign Nationals,Venezuela,2003,54.0
 PPSN Allocations to Foreign Nationals,Venezuela,2004,44.0
 PPSN Allocations to Foreign Nationals,Venezuela,2005,46.0
 PPSN Allocations to Foreign Nationals,Venezuela,2006,48.0
 PPSN Allocations to Foreign Nationals,Venezuela,2007,64.0
 PPSN Allocations to Foreign Nationals,Venezuela,2008,62.0
 PPSN Allocations to Foreign Nationals,Venezuela,2009,50.0
 PPSN Allocations to Foreign Nationals,Venezuela,2010,168.0
 PPSN Allocations to Foreign Nationals,Venezuela,2011,344.0
 PPSN Allocations to Foreign Nationals,Venezuela,2012,407.0
 PPSN Allocations to Foreign Nationals,Venezuela,2013,2210.0
 PPSN Allocations to Foreign Nationals,Venezuela,2014,1631.0
 PPSN Allocations to Foreign Nationals,Venezuela,2015,67.0
 PPSN Allocations to Foreign Nationals,Venezuela,2016,66.0
 PPSN Allocations to Foreign Nationals,Venezuela,2017,89.0
 PPSN Allocations to Foreign Nationals,Venezuela,2018,62.0
 PPSN Allocations to Foreign Nationals,Viet Nam,2002,88.0
 PPSN Allocations to Foreign Nationals,Viet Nam,2003,46.0
 PPSN Allocations to Foreign Nationals,Viet Nam,2004,24.0
 PPSN Allocations to Foreign Nationals,Viet Nam,2005,36.0
 PPSN Allocations to Foreign Nationals,Viet Nam,2006,66.0
 PPSN Allocations to Foreign Nationals,Viet Nam,2007,60.0
 PPSN Allocations to Foreign Nationals,Viet Nam,2008,108.0
 PPSN Allocations to Foreign Nationals,Viet Nam,2009,71.0
 PPSN Allocations to Foreign Nationals,Viet Nam,2010,48.0
 PPSN Allocations to Foreign Nationals,Viet Nam,2011,40.0
 PPSN Allocations to Foreign Nationals,Viet Nam,2012,54.0
 PPSN Allocations to Foreign Nationals,Viet Nam,2013,74.0
 PPSN Allocations to Foreign Nationals,Viet Nam,2014,110.0
 PPSN Allocations to Foreign Nationals,Viet Nam,2015,96.0
 PPSN Allocations to Foreign Nationals,Viet Nam,2016,155.0
 PPSN Allocations to Foreign Nationals,Viet Nam,2017,164.0
 PPSN Allocations to Foreign Nationals,Viet Nam,2018,156.0
 PPSN Allocations to Foreign Nationals,Yemen,2003,4.0
 PPSN Allocations to Foreign Nationals,Yemen,2004,4.0
 PPSN Allocations to Foreign Nationals,Yemen,2008,6.0
 PPSN Allocations to Foreign Nationals,Yemen,2009,4.0
 PPSN Allocations to Foreign Nationals,Yemen,2010,8.0
 PPSN Allocations to Foreign Nationals,Yemen,2011,3.0
 PPSN Allocations to Foreign Nationals,Yemen,2012,4.0
 PPSN Allocations to Foreign Nationals,Yemen,2014,7.0
 PPSN Allocations to Foreign Nationals,Yemen,2015,13.0
 PPSN Allocations to Foreign Nationals,Yemen,2016,19.0
 PPSN Allocations to Foreign Nationals,Yemen,2017,9.0
 PPSN Allocations to Foreign Nationals,Yemen,2018,16.0
 PPSN Allocations to Foreign Nationals,South Africa,2002,2050.0
 PPSN Allocations to Foreign Nationals,South Africa,2003,1741.0
 PPSN Allocations to Foreign Nationals,South Africa,2004,937.0
 PPSN Allocations to Foreign Nationals,South Africa,2005,974.0
 PPSN Allocations to Foreign Nationals,South Africa,2006,1053.0
 PPSN Allocations to Foreign Nationals,South Africa,2007,980.0
 PPSN Allocations to Foreign Nationals,South Africa,2008,1051.0
 PPSN Allocations to Foreign Nationals,South Africa,2009,665.0
 PPSN Allocations to Foreign Nationals,South Africa,2010,393.0
 PPSN Allocations to Foreign Nationals,South Africa,2011,338.0
 PPSN Allocations to Foreign Nationals,South Africa,2012,337.0
 PPSN Allocations to Foreign Nationals,South Africa,2013,346.0
 PPSN Allocations to Foreign Nationals,South Africa,2014,445.0
 PPSN Allocations to Foreign Nationals,South Africa,2015,481.0
 PPSN Allocations to Foreign Nationals,South Africa,2016,805.0
 PPSN Allocations to Foreign Nationals,South Africa,2017,969.0
 PPSN Allocations to Foreign Nationals,South Africa,2018,1249.0
 PPSN Allocations to Foreign Nationals,Zambia,2002,91.0
 PPSN Allocations to Foreign Nationals,Zambia,2003,45.0
 PPSN Allocations to Foreign Nationals,Zambia,2004,49.0
 PPSN Allocations to Foreign Nationals,Zambia,2005,47.0
 PPSN Allocations to Foreign Nationals,Zambia,2006,37.0
 PPSN Allocations to Foreign Nationals,Zambia,2007,35.0
 PPSN Allocations to Foreign Nationals,Zambia,2008,52.0
 PPSN Allocations to Foreign Nationals,Zambia,2009,12.0
 PPSN Allocations to Foreign Nationals,Zambia,2010,17.0
 PPSN Allocations to Foreign Nationals,Zambia,2011,14.0
 PPSN Allocations to Foreign Nationals,Zambia,2012,9.0
 PPSN Allocations to Foreign Nationals,Zambia,2013,20.0
 PPSN Allocations to Foreign Nationals,Zambia,2014,13.0
 PPSN Allocations to Foreign Nationals,Zambia,2015,8.0
 PPSN Allocations to Foreign Nationals,Zambia,2016,16.0
 PPSN Allocations to Foreign Nationals,Zambia,2017,29.0
 PPSN Allocations to Foreign Nationals,Zambia,2018,24.0
 PPSN Allocations to Foreign Nationals,Zimbabwe,2002,502.0
 PPSN Allocations to Foreign Nationals,Zimbabwe,2003,172.0
 PPSN Allocations to Foreign Nationals,Zimbabwe,2004,122.0
 PPSN Allocations to Foreign Nationals,Zimbabwe,2005,162.0
 PPSN Allocations to Foreign Nationals,Zimbabwe,2006,158.0
 PPSN Allocations to Foreign Nationals,Zimbabwe,2007,164.0
 PPSN Allocations to Foreign Nationals,Zimbabwe,2008,177.0
 PPSN Allocations to Foreign Nationals,Zimbabwe,2009,114.0
 PPSN Allocations to Foreign Nationals,Zimbabwe,2010,70.0
 PPSN Allocations to Foreign Nationals,Zimbabwe,2011,99.0
 PPSN Allocations to Foreign Nationals,Zimbabwe,2012,67.0
 PPSN Allocations to Foreign Nationals,Zimbabwe,2013,92.0
 PPSN Allocations to Foreign Nationals,Zimbabwe,2014,114.0
 PPSN Allocations to Foreign Nationals,Zimbabwe,2015,119.0
 PPSN Allocations to Foreign Nationals,Zimbabwe,2016,239.0
 PPSN Allocations to Foreign Nationals,Zimbabwe,2017,359.0
 PPSN Allocations to Foreign Nationals,Zimbabwe,2018,481.0
 PPSN Allocations to Foreign Nationals,Unknown,2002,3.0
 PPSN Allocations to Foreign Nationals,Unknown,2006,3.0
 PPSN Allocations to Foreign Nationals,Unknown,2007,11.0
 PPSN Allocations to Foreign Nationals,Unknown,2008,360.0
 PPSN Allocations to Foreign Nationals,Unknown,2009,294.0
 PPSN Allocations to Foreign Nationals,Unknown,2010,114.0
 PPSN Allocations to Foreign Nationals,Unknown,2011,39.0
 PPSN Allocations to Foreign Nationals,Unknown,2012,52.0
 PPSN Allocations to Foreign Nationals,Unknown,2013,29.0
 PPSN Allocations to Foreign Nationals,Unknown,2014,216.0
 PPSN Allocations to Foreign Nationals,Unknown,2015,189.0
 PPSN Allocations to Foreign Nationals,Unknown,2016,100.0
 PPSN Allocations to Foreign Nationals,Unknown,2017,26.0
 PPSN Allocations to Foreign Nationals,Unknown,2018,77.0
