year,nationality,certificates_issued,source_file,source_url,pq_url
2016,Poland,1321,data/raw/pq_attachments/2026-01-22_pq-482-483b-22-01-2026_en.xlsx,https://data.oireachtas.ie/ie/oireachtas/debates/questions/supportingDocumentation/2026-01-22_pq-482-483b-22-01-2026_en.xlsx,https://www.oireachtas.ie/en/debates/question/2026-01-22/483/
2016,India,1026,data/raw/pq_attachments/2026-01-22_pq-482-483b-22-01-2026_en.xlsx,https://data.oireachtas.ie/ie/oireachtas/debates/questions/supportingDocumentation/2026-01-22_pq-482-483b-22-01-2026_en.xlsx,https://www.oireachtas.ie/en/debates/question/2026-01-22/483/
2016,Nigeria,770,data/raw/pq_attachments/2026-01-22_pq-482-483b-22-01-2026_en.xlsx,https://data.oireachtas.ie/ie/oireachtas/debates/questions/supportingDocumentation/2026-01-22_pq-482-483b-22-01-2026_en.xlsx,https://www.oireachtas.ie/en/debates/question/2026-01-22/483/
2016,Romania,756,data/raw/pq_attachments/2026-01-22_pq-482-483b-22-01-2026_en.xlsx,https://data.oireachtas.ie/ie/oireachtas/debates/questions/supportingDocumentation/2026-01-22_pq-482-483b-22-01-2026_en.xlsx,https://www.oireachtas.ie/en/debates/question/2026-01-22/483/
2016,Philippines,727,data/raw/pq_attachments/2026-01-22_pq-482-483b-22-01-2026_en.xlsx,https://data.oireachtas.ie/ie/oireachtas/debates/questions/supportingDocumentation/2026-01-22_pq-482-483b-22-01-2026_en.xlsx,https://www.oireachtas.ie/en/debates/question/2026-01-22/483/
2016,Pakistan,417,data/raw/pq_attachments/2026-01-22_pq-482-483b-22-01-2026_en.xlsx,https://data.oireachtas.ie/ie/oireachtas/debates/questions/supportingDocumentation/2026-01-22_pq-482-483b-22-01-2026_en.xlsx,https://www.oireachtas.ie/en/debates/question/2026-01-22/483/
2016,Latvia,380,data/raw/pq_attachments/2026-01-22_pq-482-483b-22-01-2026_en.xlsx,https://data.oireachtas.ie/ie/oireachtas/debates/questions/supportingDocumentation/2026-01-22_pq-482-483b-22-01-2026_en.xlsx,https://www.oireachtas.ie/en/debates/question/2026-01-22/483/
2016,Brazil,302,data/raw/pq_attachments/2026-01-22_pq-482-483b-22-01-2026_en.xlsx,https://data.oireachtas.ie/ie/oireachtas/debates/questions/supportingDocumentation/2026-01-22_pq-482-483b-22-01-2026_en.xlsx,https://www.oireachtas.ie/en/debates/question/2026-01-22/483/
2016,China (Including Hong Kong),302,data/raw/pq_attachments/2026-01-22_pq-482-483b-22-01-2026_en.xlsx,https://data.oireachtas.ie/ie/oireachtas/debates/questions/supportingDocumentation/2026-01-22_pq-482-483b-22-01-2026_en.xlsx,https://www.oireachtas.ie/en/debates/question/2026-01-22/483/
2016,United States Of America,231,data/raw/pq_attachments/2026-01-22_pq-482-483b-22-01-2026_en.xlsx,https://data.oireachtas.ie/ie/oireachtas/debates/questions/supportingDocumentation/2026-01-22_pq-482-483b-22-01-2026_en.xlsx,https://www.oireachtas.ie/en/debates/question/2026-01-22/483/
2016,Hungary,216,data/raw/pq_attachments/2026-01-22_pq-482-483b-22-01-2026_en.xlsx,https://data.oireachtas.ie/ie/oireachtas/debates/questions/supportingDocumentation/2026-01-22_pq-482-483b-22-01-2026_en.xlsx,https://www.oireachtas.ie/en/debates/question/2026-01-22/483/
2016,South Africa,213,data/raw/pq_attachments/2026-01-22_pq-482-483b-22-01-2026_en.xlsx,https://data.oireachtas.ie/ie/oireachtas/debates/questions/supportingDocumentation/2026-01-22_pq-482-483b-22-01-2026_en.xlsx,https://www.oireachtas.ie/en/debates/question/2026-01-22/483/
2016,Ukraine,200,data/raw/pq_attachments/2026-01-22_pq-482-483b-22-01-2026_en.xlsx,https://data.oireachtas.ie/ie/oireachtas/debates/questions/supportingDocumentation/2026-01-22_pq-482-483b-22-01-2026_en.xlsx,https://www.oireachtas.ie/en/debates/question/2026-01-22/483/
2016,Thailand,173,data/raw/pq_attachments/2026-01-22_pq-482-483b-22-01-2026_en.xlsx,https://data.oireachtas.ie/ie/oireachtas/debates/questions/supportingDocumentation/2026-01-22_pq-482-483b-22-01-2026_en.xlsx,https://www.oireachtas.ie/en/debates/question/2026-01-22/483/
2016,Lithuania,167,data/raw/pq_attachments/2026-01-22_pq-482-483b-22-01-2026_en.xlsx,https://data.oireachtas.ie/ie/oireachtas/debates/questions/supportingDocumentation/2026-01-22_pq-482-483b-22-01-2026_en.xlsx,https://www.oireachtas.ie/en/debates/question/2026-01-22/483/
2016,"Congo, The Democratic Republic Of The",155,data/raw/pq_attachments/2026-01-22_pq-482-483b-22-01-2026_en.xlsx,https://data.oireachtas.ie/ie/oireachtas/debates/questions/supportingDocumentation/2026-01-22_pq-482-483b-22-01-2026_en.xlsx,https://www.oireachtas.ie/en/debates/question/2026-01-22/483/
2016,Malaysia,111,data/raw/pq_attachments/2026-01-22_pq-482-483b-22-01-2026_en.xlsx,https://data.oireachtas.ie/ie/oireachtas/debates/questions/supportingDocumentation/2026-01-22_pq-482-483b-22-01-2026_en.xlsx,https://www.oireachtas.ie/en/debates/question/2026-01-22/483/
2016,Bangladesh,110,data/raw/pq_attachments/2026-01-22_pq-482-483b-22-01-2026_en.xlsx,https://data.oireachtas.ie/ie/oireachtas/debates/questions/supportingDocumentation/2026-01-22_pq-482-483b-22-01-2026_en.xlsx,https://www.oireachtas.ie/en/debates/question/2026-01-22/483/
2016,Russian Federation,109,data/raw/pq_attachments/2026-01-22_pq-482-483b-22-01-2026_en.xlsx,https://data.oireachtas.ie/ie/oireachtas/debates/questions/supportingDocumentation/2026-01-22_pq-482-483b-22-01-2026_en.xlsx,https://www.oireachtas.ie/en/debates/question/2026-01-22/483/
2016,Sudan,107,data/raw/pq_attachments/2026-01-22_pq-482-483b-22-01-2026_en.xlsx,https://data.oireachtas.ie/ie/oireachtas/debates/questions/supportingDocumentation/2026-01-22_pq-482-483b-22-01-2026_en.xlsx,https://www.oireachtas.ie/en/debates/question/2026-01-22/483/
2016,United Kingdom,98,data/raw/pq_attachments/2026-01-22_pq-482-483b-22-01-2026_en.xlsx,https://data.oireachtas.ie/ie/oireachtas/debates/questions/supportingDocumentation/2026-01-22_pq-482-483b-22-01-2026_en.xlsx,https://www.oireachtas.ie/en/debates/question/2026-01-22/483/
2016,Zimbabwe,88,data/raw/pq_attachments/2026-01-22_pq-482-483b-22-01-2026_en.xlsx,https://data.oireachtas.ie/ie/oireachtas/debates/questions/supportingDocumentation/2026-01-22_pq-482-483b-22-01-2026_en.xlsx,https://www.oireachtas.ie/en/debates/question/2026-01-22/483/
2016,Egypt,81,data/raw/pq_attachments/2026-01-22_pq-482-483b-22-01-2026_en.xlsx,https://data.oireachtas.ie/ie/oireachtas/debates/questions/supportingDocumentation/2026-01-22_pq-482-483b-22-01-2026_en.xlsx,https://www.oireachtas.ie/en/debates/question/2026-01-22/483/
2016,Bulgaria,76,data/raw/pq_attachments/2026-01-22_pq-482-483b-22-01-2026_en.xlsx,https://data.oireachtas.ie/ie/oireachtas/debates/questions/supportingDocumentation/2026-01-22_pq-482-483b-22-01-2026_en.xlsx,https://www.oireachtas.ie/en/debates/question/2026-01-22/483/
2016,Mauritius,74,data/raw/pq_attachments/2026-01-22_pq-482-483b-22-01-2026_en.xlsx,https://data.oireachtas.ie/ie/oireachtas/debates/questions/supportingDocumentation/2026-01-22_pq-482-483b-22-01-2026_en.xlsx,https://www.oireachtas.ie/en/debates/question/2026-01-22/483/
2016,Türkiye,73,data/raw/pq_attachments/2026-01-22_pq-482-483b-22-01-2026_en.xlsx,https://data.oireachtas.ie/ie/oireachtas/debates/questions/supportingDocumentation/2026-01-22_pq-482-483b-22-01-2026_en.xlsx,https://www.oireachtas.ie/en/debates/question/2026-01-22/483/
2016,"Moldova, Republic Of",70,data/raw/pq_attachments/2026-01-22_pq-482-483b-22-01-2026_en.xlsx,https://data.oireachtas.ie/ie/oireachtas/debates/questions/supportingDocumentation/2026-01-22_pq-482-483b-22-01-2026_en.xlsx,https://www.oireachtas.ie/en/debates/question/2026-01-22/483/
2016,Somalia,65,data/raw/pq_attachments/2026-01-22_pq-482-483b-22-01-2026_en.xlsx,https://data.oireachtas.ie/ie/oireachtas/debates/questions/supportingDocumentation/2026-01-22_pq-482-483b-22-01-2026_en.xlsx,https://www.oireachtas.ie/en/debates/question/2026-01-22/483/
2016,Ghana,64,data/raw/pq_attachments/2026-01-22_pq-482-483b-22-01-2026_en.xlsx,https://data.oireachtas.ie/ie/oireachtas/debates/questions/supportingDocumentation/2026-01-22_pq-482-483b-22-01-2026_en.xlsx,https://www.oireachtas.ie/en/debates/question/2026-01-22/483/
2016,Algeria,54,data/raw/pq_attachments/2026-01-22_pq-482-483b-22-01-2026_en.xlsx,https://data.oireachtas.ie/ie/oireachtas/debates/questions/supportingDocumentation/2026-01-22_pq-482-483b-22-01-2026_en.xlsx,https://www.oireachtas.ie/en/debates/question/2026-01-22/483/
2016,Slovak Republic,52,data/raw/pq_attachments/2026-01-22_pq-482-483b-22-01-2026_en.xlsx,https://data.oireachtas.ie/ie/oireachtas/debates/questions/supportingDocumentation/2026-01-22_pq-482-483b-22-01-2026_en.xlsx,https://www.oireachtas.ie/en/debates/question/2026-01-22/483/
2016,Afghanistan,46,data/raw/pq_attachments/2026-01-22_pq-482-483b-22-01-2026_en.xlsx,https://data.oireachtas.ie/ie/oireachtas/debates/questions/supportingDocumentation/2026-01-22_pq-482-483b-22-01-2026_en.xlsx,https://www.oireachtas.ie/en/debates/question/2026-01-22/483/
2016,Angola,46,data/raw/pq_attachments/2026-01-22_pq-482-483b-22-01-2026_en.xlsx,https://data.oireachtas.ie/ie/oireachtas/debates/questions/supportingDocumentation/2026-01-22_pq-482-483b-22-01-2026_en.xlsx,https://www.oireachtas.ie/en/debates/question/2026-01-22/483/
2016,Belarus,46,data/raw/pq_attachments/2026-01-22_pq-482-483b-22-01-2026_en.xlsx,https://data.oireachtas.ie/ie/oireachtas/debates/questions/supportingDocumentation/2026-01-22_pq-482-483b-22-01-2026_en.xlsx,https://www.oireachtas.ie/en/debates/question/2026-01-22/483/
2016,Cameroon,43,data/raw/pq_attachments/2026-01-22_pq-482-483b-22-01-2026_en.xlsx,https://data.oireachtas.ie/ie/oireachtas/debates/questions/supportingDocumentation/2026-01-22_pq-482-483b-22-01-2026_en.xlsx,https://www.oireachtas.ie/en/debates/question/2026-01-22/483/
2016,Canada,43,data/raw/pq_attachments/2026-01-22_pq-482-483b-22-01-2026_en.xlsx,https://data.oireachtas.ie/ie/oireachtas/debates/questions/supportingDocumentation/2026-01-22_pq-482-483b-22-01-2026_en.xlsx,https://www.oireachtas.ie/en/debates/question/2026-01-22/483/
2016,Morocco,41,data/raw/pq_attachments/2026-01-22_pq-482-483b-22-01-2026_en.xlsx,https://data.oireachtas.ie/ie/oireachtas/debates/questions/supportingDocumentation/2026-01-22_pq-482-483b-22-01-2026_en.xlsx,https://www.oireachtas.ie/en/debates/question/2026-01-22/483/
2016,Albania,40,data/raw/pq_attachments/2026-01-22_pq-482-483b-22-01-2026_en.xlsx,https://data.oireachtas.ie/ie/oireachtas/debates/questions/supportingDocumentation/2026-01-22_pq-482-483b-22-01-2026_en.xlsx,https://www.oireachtas.ie/en/debates/question/2026-01-22/483/
2016,Czech Republic,40,data/raw/pq_attachments/2026-01-22_pq-482-483b-22-01-2026_en.xlsx,https://data.oireachtas.ie/ie/oireachtas/debates/questions/supportingDocumentation/2026-01-22_pq-482-483b-22-01-2026_en.xlsx,https://www.oireachtas.ie/en/debates/question/2026-01-22/483/
2016,Iraq,38,data/raw/pq_attachments/2026-01-22_pq-482-483b-22-01-2026_en.xlsx,https://data.oireachtas.ie/ie/oireachtas/debates/questions/supportingDocumentation/2026-01-22_pq-482-483b-22-01-2026_en.xlsx,https://www.oireachtas.ie/en/debates/question/2026-01-22/483/
2016,Italy,37,data/raw/pq_attachments/2026-01-22_pq-482-483b-22-01-2026_en.xlsx,https://data.oireachtas.ie/ie/oireachtas/debates/questions/supportingDocumentation/2026-01-22_pq-482-483b-22-01-2026_en.xlsx,https://www.oireachtas.ie/en/debates/question/2026-01-22/483/
2016,Australia,36,data/raw/pq_attachments/2026-01-22_pq-482-483b-22-01-2026_en.xlsx,https://data.oireachtas.ie/ie/oireachtas/debates/questions/supportingDocumentation/2026-01-22_pq-482-483b-22-01-2026_en.xlsx,https://www.oireachtas.ie/en/debates/question/2026-01-22/483/
2016,Iran (Islamic Republic Of),36,data/raw/pq_attachments/2026-01-22_pq-482-483b-22-01-2026_en.xlsx,https://data.oireachtas.ie/ie/oireachtas/debates/questions/supportingDocumentation/2026-01-22_pq-482-483b-22-01-2026_en.xlsx,https://www.oireachtas.ie/en/debates/question/2026-01-22/483/
2016,Spain,33,data/raw/pq_attachments/2026-01-22_pq-482-483b-22-01-2026_en.xlsx,https://data.oireachtas.ie/ie/oireachtas/debates/questions/supportingDocumentation/2026-01-22_pq-482-483b-22-01-2026_en.xlsx,https://www.oireachtas.ie/en/debates/question/2026-01-22/483/
2016,Nepal,32,data/raw/pq_attachments/2026-01-22_pq-482-483b-22-01-2026_en.xlsx,https://data.oireachtas.ie/ie/oireachtas/debates/questions/supportingDocumentation/2026-01-22_pq-482-483b-22-01-2026_en.xlsx,https://www.oireachtas.ie/en/debates/question/2026-01-22/483/
2016,Georgia,31,data/raw/pq_attachments/2026-01-22_pq-482-483b-22-01-2026_en.xlsx,https://data.oireachtas.ie/ie/oireachtas/debates/questions/supportingDocumentation/2026-01-22_pq-482-483b-22-01-2026_en.xlsx,https://www.oireachtas.ie/en/debates/question/2026-01-22/483/
2016,New Zealand,31,data/raw/pq_attachments/2026-01-22_pq-482-483b-22-01-2026_en.xlsx,https://data.oireachtas.ie/ie/oireachtas/debates/questions/supportingDocumentation/2026-01-22_pq-482-483b-22-01-2026_en.xlsx,https://www.oireachtas.ie/en/debates/question/2026-01-22/483/
2016,Syrian Arab Republic,31,data/raw/pq_attachments/2026-01-22_pq-482-483b-22-01-2026_en.xlsx,https://data.oireachtas.ie/ie/oireachtas/debates/questions/supportingDocumentation/2026-01-22_pq-482-483b-22-01-2026_en.xlsx,https://www.oireachtas.ie/en/debates/question/2026-01-22/483/
2016,Germany,27,data/raw/pq_attachments/2026-01-22_pq-482-483b-22-01-2026_en.xlsx,https://data.oireachtas.ie/ie/oireachtas/debates/questions/supportingDocumentation/2026-01-22_pq-482-483b-22-01-2026_en.xlsx,https://www.oireachtas.ie/en/debates/question/2026-01-22/483/
2016,Estonia,25,data/raw/pq_attachments/2026-01-22_pq-482-483b-22-01-2026_en.xlsx,https://data.oireachtas.ie/ie/oireachtas/debates/questions/supportingDocumentation/2026-01-22_pq-482-483b-22-01-2026_en.xlsx,https://www.oireachtas.ie/en/debates/question/2026-01-22/483/
2016,France,25,data/raw/pq_attachments/2026-01-22_pq-482-483b-22-01-2026_en.xlsx,https://data.oireachtas.ie/ie/oireachtas/debates/questions/supportingDocumentation/2026-01-22_pq-482-483b-22-01-2026_en.xlsx,https://www.oireachtas.ie/en/debates/question/2026-01-22/483/
2016,Kenya,25,data/raw/pq_attachments/2026-01-22_pq-482-483b-22-01-2026_en.xlsx,https://data.oireachtas.ie/ie/oireachtas/debates/questions/supportingDocumentation/2026-01-22_pq-482-483b-22-01-2026_en.xlsx,https://www.oireachtas.ie/en/debates/question/2026-01-22/483/
2016,Sri Lanka,22,data/raw/pq_attachments/2026-01-22_pq-482-483b-22-01-2026_en.xlsx,https://data.oireachtas.ie/ie/oireachtas/debates/questions/supportingDocumentation/2026-01-22_pq-482-483b-22-01-2026_en.xlsx,https://www.oireachtas.ie/en/debates/question/2026-01-22/483/
2016,Viet Nam,21,data/raw/pq_attachments/2026-01-22_pq-482-483b-22-01-2026_en.xlsx,https://data.oireachtas.ie/ie/oireachtas/debates/questions/supportingDocumentation/2026-01-22_pq-482-483b-22-01-2026_en.xlsx,https://www.oireachtas.ie/en/debates/question/2026-01-22/483/
2016,Tunisia,20,data/raw/pq_attachments/2026-01-22_pq-482-483b-22-01-2026_en.xlsx,https://data.oireachtas.ie/ie/oireachtas/debates/questions/supportingDocumentation/2026-01-22_pq-482-483b-22-01-2026_en.xlsx,https://www.oireachtas.ie/en/debates/question/2026-01-22/483/
2016,Kosovo / UNSCR 1244,19,data/raw/pq_attachments/2026-01-22_pq-482-483b-22-01-2026_en.xlsx,https://data.oireachtas.ie/ie/oireachtas/debates/questions/supportingDocumentation/2026-01-22_pq-482-483b-22-01-2026_en.xlsx,https://www.oireachtas.ie/en/debates/question/2026-01-22/483/
2016,Lebanon,19,data/raw/pq_attachments/2026-01-22_pq-482-483b-22-01-2026_en.xlsx,https://data.oireachtas.ie/ie/oireachtas/debates/questions/supportingDocumentation/2026-01-22_pq-482-483b-22-01-2026_en.xlsx,https://www.oireachtas.ie/en/debates/question/2026-01-22/483/
2016,Mexico,19,data/raw/pq_attachments/2026-01-22_pq-482-483b-22-01-2026_en.xlsx,https://data.oireachtas.ie/ie/oireachtas/debates/questions/supportingDocumentation/2026-01-22_pq-482-483b-22-01-2026_en.xlsx,https://www.oireachtas.ie/en/debates/question/2026-01-22/483/
2016,Ethiopia,18,data/raw/pq_attachments/2026-01-22_pq-482-483b-22-01-2026_en.xlsx,https://data.oireachtas.ie/ie/oireachtas/debates/questions/supportingDocumentation/2026-01-22_pq-482-483b-22-01-2026_en.xlsx,https://www.oireachtas.ie/en/debates/question/2026-01-22/483/
2016,Uganda,18,data/raw/pq_attachments/2026-01-22_pq-482-483b-22-01-2026_en.xlsx,https://data.oireachtas.ie/ie/oireachtas/debates/questions/supportingDocumentation/2026-01-22_pq-482-483b-22-01-2026_en.xlsx,https://www.oireachtas.ie/en/debates/question/2026-01-22/483/
2016,Colombia,17,data/raw/pq_attachments/2026-01-22_pq-482-483b-22-01-2026_en.xlsx,https://data.oireachtas.ie/ie/oireachtas/debates/questions/supportingDocumentation/2026-01-22_pq-482-483b-22-01-2026_en.xlsx,https://www.oireachtas.ie/en/debates/question/2026-01-22/483/
2016,Croatia,17,data/raw/pq_attachments/2026-01-22_pq-482-483b-22-01-2026_en.xlsx,https://data.oireachtas.ie/ie/oireachtas/debates/questions/supportingDocumentation/2026-01-22_pq-482-483b-22-01-2026_en.xlsx,https://www.oireachtas.ie/en/debates/question/2026-01-22/483/
2016,Serbia,17,data/raw/pq_attachments/2026-01-22_pq-482-483b-22-01-2026_en.xlsx,https://data.oireachtas.ie/ie/oireachtas/debates/questions/supportingDocumentation/2026-01-22_pq-482-483b-22-01-2026_en.xlsx,https://www.oireachtas.ie/en/debates/question/2026-01-22/483/
2016,Togo,17,data/raw/pq_attachments/2026-01-22_pq-482-483b-22-01-2026_en.xlsx,https://data.oireachtas.ie/ie/oireachtas/debates/questions/supportingDocumentation/2026-01-22_pq-482-483b-22-01-2026_en.xlsx,https://www.oireachtas.ie/en/debates/question/2026-01-22/483/
2016,Israel,16,data/raw/pq_attachments/2026-01-22_pq-482-483b-22-01-2026_en.xlsx,https://data.oireachtas.ie/ie/oireachtas/debates/questions/supportingDocumentation/2026-01-22_pq-482-483b-22-01-2026_en.xlsx,https://www.oireachtas.ie/en/debates/question/2026-01-22/483/
2016,Mongolia,16,data/raw/pq_attachments/2026-01-22_pq-482-483b-22-01-2026_en.xlsx,https://data.oireachtas.ie/ie/oireachtas/debates/questions/supportingDocumentation/2026-01-22_pq-482-483b-22-01-2026_en.xlsx,https://www.oireachtas.ie/en/debates/question/2026-01-22/483/
2016,Liberia,15,data/raw/pq_attachments/2026-01-22_pq-482-483b-22-01-2026_en.xlsx,https://data.oireachtas.ie/ie/oireachtas/debates/questions/supportingDocumentation/2026-01-22_pq-482-483b-22-01-2026_en.xlsx,https://www.oireachtas.ie/en/debates/question/2026-01-22/483/
2016,Libyan Arab Jamahiriya,14,data/raw/pq_attachments/2026-01-22_pq-482-483b-22-01-2026_en.xlsx,https://data.oireachtas.ie/ie/oireachtas/debates/questions/supportingDocumentation/2026-01-22_pq-482-483b-22-01-2026_en.xlsx,https://www.oireachtas.ie/en/debates/question/2026-01-22/483/
2016,Greece,13,data/raw/pq_attachments/2026-01-22_pq-482-483b-22-01-2026_en.xlsx,https://data.oireachtas.ie/ie/oireachtas/debates/questions/supportingDocumentation/2026-01-22_pq-482-483b-22-01-2026_en.xlsx,https://www.oireachtas.ie/en/debates/question/2026-01-22/483/
2016,Bosnia And Herzegovina,12,data/raw/pq_attachments/2026-01-22_pq-482-483b-22-01-2026_en.xlsx,https://data.oireachtas.ie/ie/oireachtas/debates/questions/supportingDocumentation/2026-01-22_pq-482-483b-22-01-2026_en.xlsx,https://www.oireachtas.ie/en/debates/question/2026-01-22/483/
2016,Malawi,12,data/raw/pq_attachments/2026-01-22_pq-482-483b-22-01-2026_en.xlsx,https://data.oireachtas.ie/ie/oireachtas/debates/questions/supportingDocumentation/2026-01-22_pq-482-483b-22-01-2026_en.xlsx,https://www.oireachtas.ie/en/debates/question/2026-01-22/483/
2016,Sierra Leone,12,data/raw/pq_attachments/2026-01-22_pq-482-483b-22-01-2026_en.xlsx,https://data.oireachtas.ie/ie/oireachtas/debates/questions/supportingDocumentation/2026-01-22_pq-482-483b-22-01-2026_en.xlsx,https://www.oireachtas.ie/en/debates/question/2026-01-22/483/
2016,Armenia,11,data/raw/pq_attachments/2026-01-22_pq-482-483b-22-01-2026_en.xlsx,https://data.oireachtas.ie/ie/oireachtas/debates/questions/supportingDocumentation/2026-01-22_pq-482-483b-22-01-2026_en.xlsx,https://www.oireachtas.ie/en/debates/question/2026-01-22/483/
2016,British Overseas Citizens (etc),11,data/raw/pq_attachments/2026-01-22_pq-482-483b-22-01-2026_en.xlsx,https://data.oireachtas.ie/ie/oireachtas/debates/questions/supportingDocumentation/2026-01-22_pq-482-483b-22-01-2026_en.xlsx,https://www.oireachtas.ie/en/debates/question/2026-01-22/483/
2016,Eritrea,11,data/raw/pq_attachments/2026-01-22_pq-482-483b-22-01-2026_en.xlsx,https://data.oireachtas.ie/ie/oireachtas/debates/questions/supportingDocumentation/2026-01-22_pq-482-483b-22-01-2026_en.xlsx,https://www.oireachtas.ie/en/debates/question/2026-01-22/483/
2016,Peru,11,data/raw/pq_attachments/2026-01-22_pq-482-483b-22-01-2026_en.xlsx,https://data.oireachtas.ie/ie/oireachtas/debates/questions/supportingDocumentation/2026-01-22_pq-482-483b-22-01-2026_en.xlsx,https://www.oireachtas.ie/en/debates/question/2026-01-22/483/
2016,Portugal,11,data/raw/pq_attachments/2026-01-22_pq-482-483b-22-01-2026_en.xlsx,https://data.oireachtas.ie/ie/oireachtas/debates/questions/supportingDocumentation/2026-01-22_pq-482-483b-22-01-2026_en.xlsx,https://www.oireachtas.ie/en/debates/question/2026-01-22/483/
2016,Venezuela,11,data/raw/pq_attachments/2026-01-22_pq-482-483b-22-01-2026_en.xlsx,https://data.oireachtas.ie/ie/oireachtas/debates/questions/supportingDocumentation/2026-01-22_pq-482-483b-22-01-2026_en.xlsx,https://www.oireachtas.ie/en/debates/question/2026-01-22/483/
2016,Cote D'Ivoire,10,data/raw/pq_attachments/2026-01-22_pq-482-483b-22-01-2026_en.xlsx,https://data.oireachtas.ie/ie/oireachtas/debates/questions/supportingDocumentation/2026-01-22_pq-482-483b-22-01-2026_en.xlsx,https://www.oireachtas.ie/en/debates/question/2026-01-22/483/
2016,Guinea,10,data/raw/pq_attachments/2026-01-22_pq-482-483b-22-01-2026_en.xlsx,https://data.oireachtas.ie/ie/oireachtas/debates/questions/supportingDocumentation/2026-01-22_pq-482-483b-22-01-2026_en.xlsx,https://www.oireachtas.ie/en/debates/question/2026-01-22/483/
2016,Jordan,10,data/raw/pq_attachments/2026-01-22_pq-482-483b-22-01-2026_en.xlsx,https://data.oireachtas.ie/ie/oireachtas/debates/questions/supportingDocumentation/2026-01-22_pq-482-483b-22-01-2026_en.xlsx,https://www.oireachtas.ie/en/debates/question/2026-01-22/483/
2016,Rest of World,232,data/raw/pq_attachments/2026-01-22_pq-482-483b-22-01-2026_en.xlsx,https://data.oireachtas.ie/ie/oireachtas/debates/questions/supportingDocumentation/2026-01-22_pq-482-483b-22-01-2026_en.xlsx,https://www.oireachtas.ie/en/debates/question/2026-01-22/483/
2017,Poland,1355,data/raw/pq_attachments/2026-01-22_pq-482-483b-22-01-2026_en.xlsx,https://data.oireachtas.ie/ie/oireachtas/debates/questions/supportingDocumentation/2026-01-22_pq-482-483b-22-01-2026_en.xlsx,https://www.oireachtas.ie/en/debates/question/2026-01-22/483/
2017,Romania,763,data/raw/pq_attachments/2026-01-22_pq-482-483b-22-01-2026_en.xlsx,https://data.oireachtas.ie/ie/oireachtas/debates/questions/supportingDocumentation/2026-01-22_pq-482-483b-22-01-2026_en.xlsx,https://www.oireachtas.ie/en/debates/question/2026-01-22/483/
2017,India,665,data/raw/pq_attachments/2026-01-22_pq-482-483b-22-01-2026_en.xlsx,https://data.oireachtas.ie/ie/oireachtas/debates/questions/supportingDocumentation/2026-01-22_pq-482-483b-22-01-2026_en.xlsx,https://www.oireachtas.ie/en/debates/question/2026-01-22/483/
2017,United Kingdom,525,data/raw/pq_attachments/2026-01-22_pq-482-483b-22-01-2026_en.xlsx,https://data.oireachtas.ie/ie/oireachtas/debates/questions/supportingDocumentation/2026-01-22_pq-482-483b-22-01-2026_en.xlsx,https://www.oireachtas.ie/en/debates/question/2026-01-22/483/
2017,Nigeria,506,data/raw/pq_attachments/2026-01-22_pq-482-483b-22-01-2026_en.xlsx,https://data.oireachtas.ie/ie/oireachtas/debates/questions/supportingDocumentation/2026-01-22_pq-482-483b-22-01-2026_en.xlsx,https://www.oireachtas.ie/en/debates/question/2026-01-22/483/
2017,Latvia,392,data/raw/pq_attachments/2026-01-22_pq-482-483b-22-01-2026_en.xlsx,https://data.oireachtas.ie/ie/oireachtas/debates/questions/supportingDocumentation/2026-01-22_pq-482-483b-22-01-2026_en.xlsx,https://www.oireachtas.ie/en/debates/question/2026-01-22/483/
2017,Philippines,360,data/raw/pq_attachments/2026-01-22_pq-482-483b-22-01-2026_en.xlsx,https://data.oireachtas.ie/ie/oireachtas/debates/questions/supportingDocumentation/2026-01-22_pq-482-483b-22-01-2026_en.xlsx,https://www.oireachtas.ie/en/debates/question/2026-01-22/483/
2017,Pakistan,339,data/raw/pq_attachments/2026-01-22_pq-482-483b-22-01-2026_en.xlsx,https://data.oireachtas.ie/ie/oireachtas/debates/questions/supportingDocumentation/2026-01-22_pq-482-483b-22-01-2026_en.xlsx,https://www.oireachtas.ie/en/debates/question/2026-01-22/483/
2017,Brazil,263,data/raw/pq_attachments/2026-01-22_pq-482-483b-22-01-2026_en.xlsx,https://data.oireachtas.ie/ie/oireachtas/debates/questions/supportingDocumentation/2026-01-22_pq-482-483b-22-01-2026_en.xlsx,https://www.oireachtas.ie/en/debates/question/2026-01-22/483/
2017,China (Including Hong Kong),223,data/raw/pq_attachments/2026-01-22_pq-482-483b-22-01-2026_en.xlsx,https://data.oireachtas.ie/ie/oireachtas/debates/questions/supportingDocumentation/2026-01-22_pq-482-483b-22-01-2026_en.xlsx,https://www.oireachtas.ie/en/debates/question/2026-01-22/483/
2017,United States Of America,177,data/raw/pq_attachments/2026-01-22_pq-482-483b-22-01-2026_en.xlsx,https://data.oireachtas.ie/ie/oireachtas/debates/questions/supportingDocumentation/2026-01-22_pq-482-483b-22-01-2026_en.xlsx,https://www.oireachtas.ie/en/debates/question/2026-01-22/483/
2017,Lithuania,166,data/raw/pq_attachments/2026-01-22_pq-482-483b-22-01-2026_en.xlsx,https://data.oireachtas.ie/ie/oireachtas/debates/questions/supportingDocumentation/2026-01-22_pq-482-483b-22-01-2026_en.xlsx,https://www.oireachtas.ie/en/debates/question/2026-01-22/483/
2017,Hungary,163,data/raw/pq_attachments/2026-01-22_pq-482-483b-22-01-2026_en.xlsx,https://data.oireachtas.ie/ie/oireachtas/debates/questions/supportingDocumentation/2026-01-22_pq-482-483b-22-01-2026_en.xlsx,https://www.oireachtas.ie/en/debates/question/2026-01-22/483/
2017,South Africa,137,data/raw/pq_attachments/2026-01-22_pq-482-483b-22-01-2026_en.xlsx,https://data.oireachtas.ie/ie/oireachtas/debates/questions/supportingDocumentation/2026-01-22_pq-482-483b-22-01-2026_en.xlsx,https://www.oireachtas.ie/en/debates/question/2026-01-22/483/
2017,Ukraine,130,data/raw/pq_attachments/2026-01-22_pq-482-483b-22-01-2026_en.xlsx,https://data.oireachtas.ie/ie/oireachtas/debates/questions/supportingDocumentation/2026-01-22_pq-482-483b-22-01-2026_en.xlsx,https://www.oireachtas.ie/en/debates/question/2026-01-22/483/
2017,Thailand,107,data/raw/pq_attachments/2026-01-22_pq-482-483b-22-01-2026_en.xlsx,https://data.oireachtas.ie/ie/oireachtas/debates/questions/supportingDocumentation/2026-01-22_pq-482-483b-22-01-2026_en.xlsx,https://www.oireachtas.ie/en/debates/question/2026-01-22/483/
2017,Russian Federation,95,data/raw/pq_attachments/2026-01-22_pq-482-483b-22-01-2026_en.xlsx,https://data.oireachtas.ie/ie/oireachtas/debates/questions/supportingDocumentation/2026-01-22_pq-482-483b-22-01-2026_en.xlsx,https://www.oireachtas.ie/en/debates/question/2026-01-22/483/
2017,Bangladesh,79,data/raw/pq_attachments/2026-01-22_pq-482-483b-22-01-2026_en.xlsx,https://data.oireachtas.ie/ie/oireachtas/debates/questions/supportingDocumentation/2026-01-22_pq-482-483b-22-01-2026_en.xlsx,https://www.oireachtas.ie/en/debates/question/2026-01-22/483/
2017,"Congo, The Democratic Republic Of The",73,data/raw/pq_attachments/2026-01-22_pq-482-483b-22-01-2026_en.xlsx,https://data.oireachtas.ie/ie/oireachtas/debates/questions/supportingDocumentation/2026-01-22_pq-482-483b-22-01-2026_en.xlsx,https://www.oireachtas.ie/en/debates/question/2026-01-22/483/
2017,Malaysia,68,data/raw/pq_attachments/2026-01-22_pq-482-483b-22-01-2026_en.xlsx,https://data.oireachtas.ie/ie/oireachtas/debates/questions/supportingDocumentation/2026-01-22_pq-482-483b-22-01-2026_en.xlsx,https://www.oireachtas.ie/en/debates/question/2026-01-22/483/
2017,Mauritius,68,data/raw/pq_attachments/2026-01-22_pq-482-483b-22-01-2026_en.xlsx,https://data.oireachtas.ie/ie/oireachtas/debates/questions/supportingDocumentation/2026-01-22_pq-482-483b-22-01-2026_en.xlsx,https://www.oireachtas.ie/en/debates/question/2026-01-22/483/
2017,Sudan,63,data/raw/pq_attachments/2026-01-22_pq-482-483b-22-01-2026_en.xlsx,https://data.oireachtas.ie/ie/oireachtas/debates/questions/supportingDocumentation/2026-01-22_pq-482-483b-22-01-2026_en.xlsx,https://www.oireachtas.ie/en/debates/question/2026-01-22/483/
2017,Bulgaria,60,data/raw/pq_attachments/2026-01-22_pq-482-483b-22-01-2026_en.xlsx,https://data.oireachtas.ie/ie/oireachtas/debates/questions/supportingDocumentation/2026-01-22_pq-482-483b-22-01-2026_en.xlsx,https://www.oireachtas.ie/en/debates/question/2026-01-22/483/
2017,Egypt,60,data/raw/pq_attachments/2026-01-22_pq-482-483b-22-01-2026_en.xlsx,https://data.oireachtas.ie/ie/oireachtas/debates/questions/supportingDocumentation/2026-01-22_pq-482-483b-22-01-2026_en.xlsx,https://www.oireachtas.ie/en/debates/question/2026-01-22/483/
2017,Türkiye,54,data/raw/pq_attachments/2026-01-22_pq-482-483b-22-01-2026_en.xlsx,https://data.oireachtas.ie/ie/oireachtas/debates/questions/supportingDocumentation/2026-01-22_pq-482-483b-22-01-2026_en.xlsx,https://www.oireachtas.ie/en/debates/question/2026-01-22/483/
2017,Slovak Republic,47,data/raw/pq_attachments/2026-01-22_pq-482-483b-22-01-2026_en.xlsx,https://data.oireachtas.ie/ie/oireachtas/debates/questions/supportingDocumentation/2026-01-22_pq-482-483b-22-01-2026_en.xlsx,https://www.oireachtas.ie/en/debates/question/2026-01-22/483/
2017,Somalia,44,data/raw/pq_attachments/2026-01-22_pq-482-483b-22-01-2026_en.xlsx,https://data.oireachtas.ie/ie/oireachtas/debates/questions/supportingDocumentation/2026-01-22_pq-482-483b-22-01-2026_en.xlsx,https://www.oireachtas.ie/en/debates/question/2026-01-22/483/
2017,"Moldova, Republic Of",43,data/raw/pq_attachments/2026-01-22_pq-482-483b-22-01-2026_en.xlsx,https://data.oireachtas.ie/ie/oireachtas/debates/questions/supportingDocumentation/2026-01-22_pq-482-483b-22-01-2026_en.xlsx,https://www.oireachtas.ie/en/debates/question/2026-01-22/483/
2017,Ghana,41,data/raw/pq_attachments/2026-01-22_pq-482-483b-22-01-2026_en.xlsx,https://data.oireachtas.ie/ie/oireachtas/debates/questions/supportingDocumentation/2026-01-22_pq-482-483b-22-01-2026_en.xlsx,https://www.oireachtas.ie/en/debates/question/2026-01-22/483/
2017,Zimbabwe,41,data/raw/pq_attachments/2026-01-22_pq-482-483b-22-01-2026_en.xlsx,https://data.oireachtas.ie/ie/oireachtas/debates/questions/supportingDocumentation/2026-01-22_pq-482-483b-22-01-2026_en.xlsx,https://www.oireachtas.ie/en/debates/question/2026-01-22/483/
2017,Italy,40,data/raw/pq_attachments/2026-01-22_pq-482-483b-22-01-2026_en.xlsx,https://data.oireachtas.ie/ie/oireachtas/debates/questions/supportingDocumentation/2026-01-22_pq-482-483b-22-01-2026_en.xlsx,https://www.oireachtas.ie/en/debates/question/2026-01-22/483/
2017,Afghanistan,39,data/raw/pq_attachments/2026-01-22_pq-482-483b-22-01-2026_en.xlsx,https://data.oireachtas.ie/ie/oireachtas/debates/questions/supportingDocumentation/2026-01-22_pq-482-483b-22-01-2026_en.xlsx,https://www.oireachtas.ie/en/debates/question/2026-01-22/483/
2017,Cameroon,38,data/raw/pq_attachments/2026-01-22_pq-482-483b-22-01-2026_en.xlsx,https://data.oireachtas.ie/ie/oireachtas/debates/questions/supportingDocumentation/2026-01-22_pq-482-483b-22-01-2026_en.xlsx,https://www.oireachtas.ie/en/debates/question/2026-01-22/483/
2017,Australia,32,data/raw/pq_attachments/2026-01-22_pq-482-483b-22-01-2026_en.xlsx,https://data.oireachtas.ie/ie/oireachtas/debates/questions/supportingDocumentation/2026-01-22_pq-482-483b-22-01-2026_en.xlsx,https://www.oireachtas.ie/en/debates/question/2026-01-22/483/
2017,Czech Republic,32,data/raw/pq_attachments/2026-01-22_pq-482-483b-22-01-2026_en.xlsx,https://data.oireachtas.ie/ie/oireachtas/debates/questions/supportingDocumentation/2026-01-22_pq-482-483b-22-01-2026_en.xlsx,https://www.oireachtas.ie/en/debates/question/2026-01-22/483/
2017,France,31,data/raw/pq_attachments/2026-01-22_pq-482-483b-22-01-2026_en.xlsx,https://data.oireachtas.ie/ie/oireachtas/debates/questions/supportingDocumentation/2026-01-22_pq-482-483b-22-01-2026_en.xlsx,https://www.oireachtas.ie/en/debates/question/2026-01-22/483/
2017,Iran (Islamic Republic Of),31,data/raw/pq_attachments/2026-01-22_pq-482-483b-22-01-2026_en.xlsx,https://data.oireachtas.ie/ie/oireachtas/debates/questions/supportingDocumentation/2026-01-22_pq-482-483b-22-01-2026_en.xlsx,https://www.oireachtas.ie/en/debates/question/2026-01-22/483/
2017,Georgia,30,data/raw/pq_attachments/2026-01-22_pq-482-483b-22-01-2026_en.xlsx,https://data.oireachtas.ie/ie/oireachtas/debates/questions/supportingDocumentation/2026-01-22_pq-482-483b-22-01-2026_en.xlsx,https://www.oireachtas.ie/en/debates/question/2026-01-22/483/
2017,Belarus,29,data/raw/pq_attachments/2026-01-22_pq-482-483b-22-01-2026_en.xlsx,https://data.oireachtas.ie/ie/oireachtas/debates/questions/supportingDocumentation/2026-01-22_pq-482-483b-22-01-2026_en.xlsx,https://www.oireachtas.ie/en/debates/question/2026-01-22/483/
2017,Angola,26,data/raw/pq_attachments/2026-01-22_pq-482-483b-22-01-2026_en.xlsx,https://data.oireachtas.ie/ie/oireachtas/debates/questions/supportingDocumentation/2026-01-22_pq-482-483b-22-01-2026_en.xlsx,https://www.oireachtas.ie/en/debates/question/2026-01-22/483/
2017,Germany,26,data/raw/pq_attachments/2026-01-22_pq-482-483b-22-01-2026_en.xlsx,https://data.oireachtas.ie/ie/oireachtas/debates/questions/supportingDocumentation/2026-01-22_pq-482-483b-22-01-2026_en.xlsx,https://www.oireachtas.ie/en/debates/question/2026-01-22/483/
2017,Spain,25,data/raw/pq_attachments/2026-01-22_pq-482-483b-22-01-2026_en.xlsx,https://data.oireachtas.ie/ie/oireachtas/debates/questions/supportingDocumentation/2026-01-22_pq-482-483b-22-01-2026_en.xlsx,https://www.oireachtas.ie/en/debates/question/2026-01-22/483/
2017,Estonia,24,data/raw/pq_attachments/2026-01-22_pq-482-483b-22-01-2026_en.xlsx,https://data.oireachtas.ie/ie/oireachtas/debates/questions/supportingDocumentation/2026-01-22_pq-482-483b-22-01-2026_en.xlsx,https://www.oireachtas.ie/en/debates/question/2026-01-22/483/
2017,Iraq,24,data/raw/pq_attachments/2026-01-22_pq-482-483b-22-01-2026_en.xlsx,https://data.oireachtas.ie/ie/oireachtas/debates/questions/supportingDocumentation/2026-01-22_pq-482-483b-22-01-2026_en.xlsx,https://www.oireachtas.ie/en/debates/question/2026-01-22/483/
2017,Morocco,24,data/raw/pq_attachments/2026-01-22_pq-482-483b-22-01-2026_en.xlsx,https://data.oireachtas.ie/ie/oireachtas/debates/questions/supportingDocumentation/2026-01-22_pq-482-483b-22-01-2026_en.xlsx,https://www.oireachtas.ie/en/debates/question/2026-01-22/483/
2017,Syrian Arab Republic,24,data/raw/pq_attachments/2026-01-22_pq-482-483b-22-01-2026_en.xlsx,https://data.oireachtas.ie/ie/oireachtas/debates/questions/supportingDocumentation/2026-01-22_pq-482-483b-22-01-2026_en.xlsx,https://www.oireachtas.ie/en/debates/question/2026-01-22/483/
2017,Mexico,22,data/raw/pq_attachments/2026-01-22_pq-482-483b-22-01-2026_en.xlsx,https://data.oireachtas.ie/ie/oireachtas/debates/questions/supportingDocumentation/2026-01-22_pq-482-483b-22-01-2026_en.xlsx,https://www.oireachtas.ie/en/debates/question/2026-01-22/483/
2017,Algeria,20,data/raw/pq_attachments/2026-01-22_pq-482-483b-22-01-2026_en.xlsx,https://data.oireachtas.ie/ie/oireachtas/debates/questions/supportingDocumentation/2026-01-22_pq-482-483b-22-01-2026_en.xlsx,https://www.oireachtas.ie/en/debates/question/2026-01-22/483/
2017,Mongolia,19,data/raw/pq_attachments/2026-01-22_pq-482-483b-22-01-2026_en.xlsx,https://data.oireachtas.ie/ie/oireachtas/debates/questions/supportingDocumentation/2026-01-22_pq-482-483b-22-01-2026_en.xlsx,https://www.oireachtas.ie/en/debates/question/2026-01-22/483/
2017,Canada,18,data/raw/pq_attachments/2026-01-22_pq-482-483b-22-01-2026_en.xlsx,https://data.oireachtas.ie/ie/oireachtas/debates/questions/supportingDocumentation/2026-01-22_pq-482-483b-22-01-2026_en.xlsx,https://www.oireachtas.ie/en/debates/question/2026-01-22/483/
2017,Uganda,17,data/raw/pq_attachments/2026-01-22_pq-482-483b-22-01-2026_en.xlsx,https://data.oireachtas.ie/ie/oireachtas/debates/questions/supportingDocumentation/2026-01-22_pq-482-483b-22-01-2026_en.xlsx,https://www.oireachtas.ie/en/debates/question/2026-01-22/483/
2017,Venezuela,17,data/raw/pq_attachments/2026-01-22_pq-482-483b-22-01-2026_en.xlsx,https://data.oireachtas.ie/ie/oireachtas/debates/questions/supportingDocumentation/2026-01-22_pq-482-483b-22-01-2026_en.xlsx,https://www.oireachtas.ie/en/debates/question/2026-01-22/483/
2017,Viet Nam,17,data/raw/pq_attachments/2026-01-22_pq-482-483b-22-01-2026_en.xlsx,https://data.oireachtas.ie/ie/oireachtas/debates/questions/supportingDocumentation/2026-01-22_pq-482-483b-22-01-2026_en.xlsx,https://www.oireachtas.ie/en/debates/question/2026-01-22/483/
2017,Ethiopia,16,data/raw/pq_attachments/2026-01-22_pq-482-483b-22-01-2026_en.xlsx,https://data.oireachtas.ie/ie/oireachtas/debates/questions/supportingDocumentation/2026-01-22_pq-482-483b-22-01-2026_en.xlsx,https://www.oireachtas.ie/en/debates/question/2026-01-22/483/
2017,Serbia,16,data/raw/pq_attachments/2026-01-22_pq-482-483b-22-01-2026_en.xlsx,https://data.oireachtas.ie/ie/oireachtas/debates/questions/supportingDocumentation/2026-01-22_pq-482-483b-22-01-2026_en.xlsx,https://www.oireachtas.ie/en/debates/question/2026-01-22/483/
2017,Argentina,15,data/raw/pq_attachments/2026-01-22_pq-482-483b-22-01-2026_en.xlsx,https://data.oireachtas.ie/ie/oireachtas/debates/questions/supportingDocumentation/2026-01-22_pq-482-483b-22-01-2026_en.xlsx,https://www.oireachtas.ie/en/debates/question/2026-01-22/483/
2017,Croatia,15,data/raw/pq_attachments/2026-01-22_pq-482-483b-22-01-2026_en.xlsx,https://data.oireachtas.ie/ie/oireachtas/debates/questions/supportingDocumentation/2026-01-22_pq-482-483b-22-01-2026_en.xlsx,https://www.oireachtas.ie/en/debates/question/2026-01-22/483/
2017,New Zealand,15,data/raw/pq_attachments/2026-01-22_pq-482-483b-22-01-2026_en.xlsx,https://data.oireachtas.ie/ie/oireachtas/debates/questions/supportingDocumentation/2026-01-22_pq-482-483b-22-01-2026_en.xlsx,https://www.oireachtas.ie/en/debates/question/2026-01-22/483/
2017,Albania,14,data/raw/pq_attachments/2026-01-22_pq-482-483b-22-01-2026_en.xlsx,https://data.oireachtas.ie/ie/oireachtas/debates/questions/supportingDocumentation/2026-01-22_pq-482-483b-22-01-2026_en.xlsx,https://www.oireachtas.ie/en/debates/question/2026-01-22/483/
2017,Greece,14,data/raw/pq_attachments/2026-01-22_pq-482-483b-22-01-2026_en.xlsx,https://data.oireachtas.ie/ie/oireachtas/debates/questions/supportingDocumentation/2026-01-22_pq-482-483b-22-01-2026_en.xlsx,https://www.oireachtas.ie/en/debates/question/2026-01-22/483/
2017,Portugal,14,data/raw/pq_attachments/2026-01-22_pq-482-483b-22-01-2026_en.xlsx,https://data.oireachtas.ie/ie/oireachtas/debates/questions/supportingDocumentation/2026-01-22_pq-482-483b-22-01-2026_en.xlsx,https://www.oireachtas.ie/en/debates/question/2026-01-22/483/
2017,Kenya,13,data/raw/pq_attachments/2026-01-22_pq-482-483b-22-01-2026_en.xlsx,https://data.oireachtas.ie/ie/oireachtas/debates/questions/supportingDocumentation/2026-01-22_pq-482-483b-22-01-2026_en.xlsx,https://www.oireachtas.ie/en/debates/question/2026-01-22/483/
2017,Nepal,13,data/raw/pq_attachments/2026-01-22_pq-482-483b-22-01-2026_en.xlsx,https://data.oireachtas.ie/ie/oireachtas/debates/questions/supportingDocumentation/2026-01-22_pq-482-483b-22-01-2026_en.xlsx,https://www.oireachtas.ie/en/debates/question/2026-01-22/483/
2017,Malawi,12,data/raw/pq_attachments/2026-01-22_pq-482-483b-22-01-2026_en.xlsx,https://data.oireachtas.ie/ie/oireachtas/debates/questions/supportingDocumentation/2026-01-22_pq-482-483b-22-01-2026_en.xlsx,https://www.oireachtas.ie/en/debates/question/2026-01-22/483/
2017,Togo,12,data/raw/pq_attachments/2026-01-22_pq-482-483b-22-01-2026_en.xlsx,https://data.oireachtas.ie/ie/oireachtas/debates/questions/supportingDocumentation/2026-01-22_pq-482-483b-22-01-2026_en.xlsx,https://www.oireachtas.ie/en/debates/question/2026-01-22/483/
2017,Bosnia And Herzegovina,11,data/raw/pq_attachments/2026-01-22_pq-482-483b-22-01-2026_en.xlsx,https://data.oireachtas.ie/ie/oireachtas/debates/questions/supportingDocumentation/2026-01-22_pq-482-483b-22-01-2026_en.xlsx,https://www.oireachtas.ie/en/debates/question/2026-01-22/483/
2017,Colombia,11,data/raw/pq_attachments/2026-01-22_pq-482-483b-22-01-2026_en.xlsx,https://data.oireachtas.ie/ie/oireachtas/debates/questions/supportingDocumentation/2026-01-22_pq-482-483b-22-01-2026_en.xlsx,https://www.oireachtas.ie/en/debates/question/2026-01-22/483/
2017,Kosovo / UNSCR 1244,11,data/raw/pq_attachments/2026-01-22_pq-482-483b-22-01-2026_en.xlsx,https://data.oireachtas.ie/ie/oireachtas/debates/questions/supportingDocumentation/2026-01-22_pq-482-483b-22-01-2026_en.xlsx,https://www.oireachtas.ie/en/debates/question/2026-01-22/483/
2017,Libyan Arab Jamahiriya,10,data/raw/pq_attachments/2026-01-22_pq-482-483b-22-01-2026_en.xlsx,https://data.oireachtas.ie/ie/oireachtas/debates/questions/supportingDocumentation/2026-01-22_pq-482-483b-22-01-2026_en.xlsx,https://www.oireachtas.ie/en/debates/question/2026-01-22/483/
2017,Rest of World,254,data/raw/pq_attachments/2026-01-22_pq-482-483b-22-01-2026_en.xlsx,https://data.oireachtas.ie/ie/oireachtas/debates/questions/supportingDocumentation/2026-01-22_pq-482-483b-22-01-2026_en.xlsx,https://www.oireachtas.ie/en/debates/question/2026-01-22/483/
2018,Poland,1463,data/raw/pq_attachments/2026-01-22_pq-482-483b-22-01-2026_en.xlsx,https://data.oireachtas.ie/ie/oireachtas/debates/questions/supportingDocumentation/2026-01-22_pq-482-483b-22-01-2026_en.xlsx,https://www.oireachtas.ie/en/debates/question/2026-01-22/483/
2018,Romania,819,data/raw/pq_attachments/2026-01-22_pq-482-483b-22-01-2026_en.xlsx,https://data.oireachtas.ie/ie/oireachtas/debates/questions/supportingDocumentation/2026-01-22_pq-482-483b-22-01-2026_en.xlsx,https://www.oireachtas.ie/en/debates/question/2026-01-22/483/
2018,United Kingdom,684,data/raw/pq_attachments/2026-01-22_pq-482-483b-22-01-2026_en.xlsx,https://data.oireachtas.ie/ie/oireachtas/debates/questions/supportingDocumentation/2026-01-22_pq-482-483b-22-01-2026_en.xlsx,https://www.oireachtas.ie/en/debates/question/2026-01-22/483/
2018,India,628,data/raw/pq_attachments/2026-01-22_pq-482-483b-22-01-2026_en.xlsx,https://data.oireachtas.ie/ie/oireachtas/debates/questions/supportingDocumentation/2026-01-22_pq-482-483b-22-01-2026_en.xlsx,https://www.oireachtas.ie/en/debates/question/2026-01-22/483/
2018,Nigeria,478,data/raw/pq_attachments/2026-01-22_pq-482-483b-22-01-2026_en.xlsx,https://data.oireachtas.ie/ie/oireachtas/debates/questions/supportingDocumentation/2026-01-22_pq-482-483b-22-01-2026_en.xlsx,https://www.oireachtas.ie/en/debates/question/2026-01-22/483/
2018,Pakistan,363,data/raw/pq_attachments/2026-01-22_pq-482-483b-22-01-2026_en.xlsx,https://data.oireachtas.ie/ie/oireachtas/debates/questions/supportingDocumentation/2026-01-22_pq-482-483b-22-01-2026_en.xlsx,https://www.oireachtas.ie/en/debates/question/2026-01-22/483/
2018,Philippines,318,data/raw/pq_attachments/2026-01-22_pq-482-483b-22-01-2026_en.xlsx,https://data.oireachtas.ie/ie/oireachtas/debates/questions/supportingDocumentation/2026-01-22_pq-482-483b-22-01-2026_en.xlsx,https://www.oireachtas.ie/en/debates/question/2026-01-22/483/
2018,Latvia,308,data/raw/pq_attachments/2026-01-22_pq-482-483b-22-01-2026_en.xlsx,https://data.oireachtas.ie/ie/oireachtas/debates/questions/supportingDocumentation/2026-01-22_pq-482-483b-22-01-2026_en.xlsx,https://www.oireachtas.ie/en/debates/question/2026-01-22/483/
2018,China (Including Hong Kong),234,data/raw/pq_attachments/2026-01-22_pq-482-483b-22-01-2026_en.xlsx,https://data.oireachtas.ie/ie/oireachtas/debates/questions/supportingDocumentation/2026-01-22_pq-482-483b-22-01-2026_en.xlsx,https://www.oireachtas.ie/en/debates/question/2026-01-22/483/
2018,Brazil,218,data/raw/pq_attachments/2026-01-22_pq-482-483b-22-01-2026_en.xlsx,https://data.oireachtas.ie/ie/oireachtas/debates/questions/supportingDocumentation/2026-01-22_pq-482-483b-22-01-2026_en.xlsx,https://www.oireachtas.ie/en/debates/question/2026-01-22/483/
2018,United States Of America,194,data/raw/pq_attachments/2026-01-22_pq-482-483b-22-01-2026_en.xlsx,https://data.oireachtas.ie/ie/oireachtas/debates/questions/supportingDocumentation/2026-01-22_pq-482-483b-22-01-2026_en.xlsx,https://www.oireachtas.ie/en/debates/question/2026-01-22/483/
2018,South Africa,143,data/raw/pq_attachments/2026-01-22_pq-482-483b-22-01-2026_en.xlsx,https://data.oireachtas.ie/ie/oireachtas/debates/questions/supportingDocumentation/2026-01-22_pq-482-483b-22-01-2026_en.xlsx,https://www.oireachtas.ie/en/debates/question/2026-01-22/483/
2018,Hungary,142,data/raw/pq_attachments/2026-01-22_pq-482-483b-22-01-2026_en.xlsx,https://data.oireachtas.ie/ie/oireachtas/debates/questions/supportingDocumentation/2026-01-22_pq-482-483b-22-01-2026_en.xlsx,https://www.oireachtas.ie/en/debates/question/2026-01-22/483/
2018,Lithuania,133,data/raw/pq_attachments/2026-01-22_pq-482-483b-22-01-2026_en.xlsx,https://data.oireachtas.ie/ie/oireachtas/debates/questions/supportingDocumentation/2026-01-22_pq-482-483b-22-01-2026_en.xlsx,https://www.oireachtas.ie/en/debates/question/2026-01-22/483/
2018,Ukraine,99,data/raw/pq_attachments/2026-01-22_pq-482-483b-22-01-2026_en.xlsx,https://data.oireachtas.ie/ie/oireachtas/debates/questions/supportingDocumentation/2026-01-22_pq-482-483b-22-01-2026_en.xlsx,https://www.oireachtas.ie/en/debates/question/2026-01-22/483/
2018,Russian Federation,91,data/raw/pq_attachments/2026-01-22_pq-482-483b-22-01-2026_en.xlsx,https://data.oireachtas.ie/ie/oireachtas/debates/questions/supportingDocumentation/2026-01-22_pq-482-483b-22-01-2026_en.xlsx,https://www.oireachtas.ie/en/debates/question/2026-01-22/483/
2018,Thailand,82,data/raw/pq_attachments/2026-01-22_pq-482-483b-22-01-2026_en.xlsx,https://data.oireachtas.ie/ie/oireachtas/debates/questions/supportingDocumentation/2026-01-22_pq-482-483b-22-01-2026_en.xlsx,https://www.oireachtas.ie/en/debates/question/2026-01-22/483/
2018,Bangladesh,81,data/raw/pq_attachments/2026-01-22_pq-482-483b-22-01-2026_en.xlsx,https://data.oireachtas.ie/ie/oireachtas/debates/questions/supportingDocumentation/2026-01-22_pq-482-483b-22-01-2026_en.xlsx,https://www.oireachtas.ie/en/debates/question/2026-01-22/483/
2018,Sudan,77,data/raw/pq_attachments/2026-01-22_pq-482-483b-22-01-2026_en.xlsx,https://data.oireachtas.ie/ie/oireachtas/debates/questions/supportingDocumentation/2026-01-22_pq-482-483b-22-01-2026_en.xlsx,https://www.oireachtas.ie/en/debates/question/2026-01-22/483/
2018,Malaysia,76,data/raw/pq_attachments/2026-01-22_pq-482-483b-22-01-2026_en.xlsx,https://data.oireachtas.ie/ie/oireachtas/debates/questions/supportingDocumentation/2026-01-22_pq-482-483b-22-01-2026_en.xlsx,https://www.oireachtas.ie/en/debates/question/2026-01-22/483/
2018,Mauritius,76,data/raw/pq_attachments/2026-01-22_pq-482-483b-22-01-2026_en.xlsx,https://data.oireachtas.ie/ie/oireachtas/debates/questions/supportingDocumentation/2026-01-22_pq-482-483b-22-01-2026_en.xlsx,https://www.oireachtas.ie/en/debates/question/2026-01-22/483/
2018,Egypt,71,data/raw/pq_attachments/2026-01-22_pq-482-483b-22-01-2026_en.xlsx,https://data.oireachtas.ie/ie/oireachtas/debates/questions/supportingDocumentation/2026-01-22_pq-482-483b-22-01-2026_en.xlsx,https://www.oireachtas.ie/en/debates/question/2026-01-22/483/
2018,Bulgaria,57,data/raw/pq_attachments/2026-01-22_pq-482-483b-22-01-2026_en.xlsx,https://data.oireachtas.ie/ie/oireachtas/debates/questions/supportingDocumentation/2026-01-22_pq-482-483b-22-01-2026_en.xlsx,https://www.oireachtas.ie/en/debates/question/2026-01-22/483/
2018,"Congo, The Democratic Republic Of The",56,data/raw/pq_attachments/2026-01-22_pq-482-483b-22-01-2026_en.xlsx,https://data.oireachtas.ie/ie/oireachtas/debates/questions/supportingDocumentation/2026-01-22_pq-482-483b-22-01-2026_en.xlsx,https://www.oireachtas.ie/en/debates/question/2026-01-22/483/
2018,Türkiye,52,data/raw/pq_attachments/2026-01-22_pq-482-483b-22-01-2026_en.xlsx,https://data.oireachtas.ie/ie/oireachtas/debates/questions/supportingDocumentation/2026-01-22_pq-482-483b-22-01-2026_en.xlsx,https://www.oireachtas.ie/en/debates/question/2026-01-22/483/
2018,Italy,44,data/raw/pq_attachments/2026-01-22_pq-482-483b-22-01-2026_en.xlsx,https://data.oireachtas.ie/ie/oireachtas/debates/questions/supportingDocumentation/2026-01-22_pq-482-483b-22-01-2026_en.xlsx,https://www.oireachtas.ie/en/debates/question/2026-01-22/483/
2018,Germany,42,data/raw/pq_attachments/2026-01-22_pq-482-483b-22-01-2026_en.xlsx,https://data.oireachtas.ie/ie/oireachtas/debates/questions/supportingDocumentation/2026-01-22_pq-482-483b-22-01-2026_en.xlsx,https://www.oireachtas.ie/en/debates/question/2026-01-22/483/
2018,Zimbabwe,40,data/raw/pq_attachments/2026-01-22_pq-482-483b-22-01-2026_en.xlsx,https://data.oireachtas.ie/ie/oireachtas/debates/questions/supportingDocumentation/2026-01-22_pq-482-483b-22-01-2026_en.xlsx,https://www.oireachtas.ie/en/debates/question/2026-01-22/483/
2018,Spain,37,data/raw/pq_attachments/2026-01-22_pq-482-483b-22-01-2026_en.xlsx,https://data.oireachtas.ie/ie/oireachtas/debates/questions/supportingDocumentation/2026-01-22_pq-482-483b-22-01-2026_en.xlsx,https://www.oireachtas.ie/en/debates/question/2026-01-22/483/
2018,Afghanistan,36,data/raw/pq_attachments/2026-01-22_pq-482-483b-22-01-2026_en.xlsx,https://data.oireachtas.ie/ie/oireachtas/debates/questions/supportingDocumentation/2026-01-22_pq-482-483b-22-01-2026_en.xlsx,https://www.oireachtas.ie/en/debates/question/2026-01-22/483/
2018,Cameroon,33,data/raw/pq_attachments/2026-01-22_pq-482-483b-22-01-2026_en.xlsx,https://data.oireachtas.ie/ie/oireachtas/debates/questions/supportingDocumentation/2026-01-22_pq-482-483b-22-01-2026_en.xlsx,https://www.oireachtas.ie/en/debates/question/2026-01-22/483/
2018,Slovak Republic,33,data/raw/pq_attachments/2026-01-22_pq-482-483b-22-01-2026_en.xlsx,https://data.oireachtas.ie/ie/oireachtas/debates/questions/supportingDocumentation/2026-01-22_pq-482-483b-22-01-2026_en.xlsx,https://www.oireachtas.ie/en/debates/question/2026-01-22/483/
2018,Australia,32,data/raw/pq_attachments/2026-01-22_pq-482-483b-22-01-2026_en.xlsx,https://data.oireachtas.ie/ie/oireachtas/debates/questions/supportingDocumentation/2026-01-22_pq-482-483b-22-01-2026_en.xlsx,https://www.oireachtas.ie/en/debates/question/2026-01-22/483/
2018,Ghana,32,data/raw/pq_attachments/2026-01-22_pq-482-483b-22-01-2026_en.xlsx,https://data.oireachtas.ie/ie/oireachtas/debates/questions/supportingDocumentation/2026-01-22_pq-482-483b-22-01-2026_en.xlsx,https://www.oireachtas.ie/en/debates/question/2026-01-22/483/
2018,Canada,31,data/raw/pq_attachments/2026-01-22_pq-482-483b-22-01-2026_en.xlsx,https://data.oireachtas.ie/ie/oireachtas/debates/questions/supportingDocumentation/2026-01-22_pq-482-483b-22-01-2026_en.xlsx,https://www.oireachtas.ie/en/debates/question/2026-01-22/483/
2018,Belarus,30,data/raw/pq_attachments/2026-01-22_pq-482-483b-22-01-2026_en.xlsx,https://data.oireachtas.ie/ie/oireachtas/debates/questions/supportingDocumentation/2026-01-22_pq-482-483b-22-01-2026_en.xlsx,https://www.oireachtas.ie/en/debates/question/2026-01-22/483/
2018,France,28,data/raw/pq_attachments/2026-01-22_pq-482-483b-22-01-2026_en.xlsx,https://data.oireachtas.ie/ie/oireachtas/debates/questions/supportingDocumentation/2026-01-22_pq-482-483b-22-01-2026_en.xlsx,https://www.oireachtas.ie/en/debates/question/2026-01-22/483/
2018,Syrian Arab Republic,28,data/raw/pq_attachments/2026-01-22_pq-482-483b-22-01-2026_en.xlsx,https://data.oireachtas.ie/ie/oireachtas/debates/questions/supportingDocumentation/2026-01-22_pq-482-483b-22-01-2026_en.xlsx,https://www.oireachtas.ie/en/debates/question/2026-01-22/483/
2018,Czech Republic,27,data/raw/pq_attachments/2026-01-22_pq-482-483b-22-01-2026_en.xlsx,https://data.oireachtas.ie/ie/oireachtas/debates/questions/supportingDocumentation/2026-01-22_pq-482-483b-22-01-2026_en.xlsx,https://www.oireachtas.ie/en/debates/question/2026-01-22/483/
2018,Iran (Islamic Republic Of),27,data/raw/pq_attachments/2026-01-22_pq-482-483b-22-01-2026_en.xlsx,https://data.oireachtas.ie/ie/oireachtas/debates/questions/supportingDocumentation/2026-01-22_pq-482-483b-22-01-2026_en.xlsx,https://www.oireachtas.ie/en/debates/question/2026-01-22/483/
2018,Albania,26,data/raw/pq_attachments/2026-01-22_pq-482-483b-22-01-2026_en.xlsx,https://data.oireachtas.ie/ie/oireachtas/debates/questions/supportingDocumentation/2026-01-22_pq-482-483b-22-01-2026_en.xlsx,https://www.oireachtas.ie/en/debates/question/2026-01-22/483/
2018,"Moldova, Republic Of",26,data/raw/pq_attachments/2026-01-22_pq-482-483b-22-01-2026_en.xlsx,https://data.oireachtas.ie/ie/oireachtas/debates/questions/supportingDocumentation/2026-01-22_pq-482-483b-22-01-2026_en.xlsx,https://www.oireachtas.ie/en/debates/question/2026-01-22/483/
2018,Algeria,25,data/raw/pq_attachments/2026-01-22_pq-482-483b-22-01-2026_en.xlsx,https://data.oireachtas.ie/ie/oireachtas/debates/questions/supportingDocumentation/2026-01-22_pq-482-483b-22-01-2026_en.xlsx,https://www.oireachtas.ie/en/debates/question/2026-01-22/483/
2018,Kenya,25,data/raw/pq_attachments/2026-01-22_pq-482-483b-22-01-2026_en.xlsx,https://data.oireachtas.ie/ie/oireachtas/debates/questions/supportingDocumentation/2026-01-22_pq-482-483b-22-01-2026_en.xlsx,https://www.oireachtas.ie/en/debates/question/2026-01-22/483/
2018,Estonia,23,data/raw/pq_attachments/2026-01-22_pq-482-483b-22-01-2026_en.xlsx,https://data.oireachtas.ie/ie/oireachtas/debates/questions/supportingDocumentation/2026-01-22_pq-482-483b-22-01-2026_en.xlsx,https://www.oireachtas.ie/en/debates/question/2026-01-22/483/
2018,Iraq,23,data/raw/pq_attachments/2026-01-22_pq-482-483b-22-01-2026_en.xlsx,https://data.oireachtas.ie/ie/oireachtas/debates/questions/supportingDocumentation/2026-01-22_pq-482-483b-22-01-2026_en.xlsx,https://www.oireachtas.ie/en/debates/question/2026-01-22/483/
2018,Morocco,21,data/raw/pq_attachments/2026-01-22_pq-482-483b-22-01-2026_en.xlsx,https://data.oireachtas.ie/ie/oireachtas/debates/questions/supportingDocumentation/2026-01-22_pq-482-483b-22-01-2026_en.xlsx,https://www.oireachtas.ie/en/debates/question/2026-01-22/483/
2018,Somalia,21,data/raw/pq_attachments/2026-01-22_pq-482-483b-22-01-2026_en.xlsx,https://data.oireachtas.ie/ie/oireachtas/debates/questions/supportingDocumentation/2026-01-22_pq-482-483b-22-01-2026_en.xlsx,https://www.oireachtas.ie/en/debates/question/2026-01-22/483/
2018,Israel,19,data/raw/pq_attachments/2026-01-22_pq-482-483b-22-01-2026_en.xlsx,https://data.oireachtas.ie/ie/oireachtas/debates/questions/supportingDocumentation/2026-01-22_pq-482-483b-22-01-2026_en.xlsx,https://www.oireachtas.ie/en/debates/question/2026-01-22/483/
2018,Georgia,18,data/raw/pq_attachments/2026-01-22_pq-482-483b-22-01-2026_en.xlsx,https://data.oireachtas.ie/ie/oireachtas/debates/questions/supportingDocumentation/2026-01-22_pq-482-483b-22-01-2026_en.xlsx,https://www.oireachtas.ie/en/debates/question/2026-01-22/483/
2018,Portugal,18,data/raw/pq_attachments/2026-01-22_pq-482-483b-22-01-2026_en.xlsx,https://data.oireachtas.ie/ie/oireachtas/debates/questions/supportingDocumentation/2026-01-22_pq-482-483b-22-01-2026_en.xlsx,https://www.oireachtas.ie/en/debates/question/2026-01-22/483/
2018,Venezuela,18,data/raw/pq_attachments/2026-01-22_pq-482-483b-22-01-2026_en.xlsx,https://data.oireachtas.ie/ie/oireachtas/debates/questions/supportingDocumentation/2026-01-22_pq-482-483b-22-01-2026_en.xlsx,https://www.oireachtas.ie/en/debates/question/2026-01-22/483/
2018,Nepal,17,data/raw/pq_attachments/2026-01-22_pq-482-483b-22-01-2026_en.xlsx,https://data.oireachtas.ie/ie/oireachtas/debates/questions/supportingDocumentation/2026-01-22_pq-482-483b-22-01-2026_en.xlsx,https://www.oireachtas.ie/en/debates/question/2026-01-22/483/
2018,Serbia,17,data/raw/pq_attachments/2026-01-22_pq-482-483b-22-01-2026_en.xlsx,https://data.oireachtas.ie/ie/oireachtas/debates/questions/supportingDocumentation/2026-01-22_pq-482-483b-22-01-2026_en.xlsx,https://www.oireachtas.ie/en/debates/question/2026-01-22/483/
2018,Viet Nam,17,data/raw/pq_attachments/2026-01-22_pq-482-483b-22-01-2026_en.xlsx,https://data.oireachtas.ie/ie/oireachtas/debates/questions/supportingDocumentation/2026-01-22_pq-482-483b-22-01-2026_en.xlsx,https://www.oireachtas.ie/en/debates/question/2026-01-22/483/
2018,Angola,16,data/raw/pq_attachments/2026-01-22_pq-482-483b-22-01-2026_en.xlsx,https://data.oireachtas.ie/ie/oireachtas/debates/questions/supportingDocumentation/2026-01-22_pq-482-483b-22-01-2026_en.xlsx,https://www.oireachtas.ie/en/debates/question/2026-01-22/483/
2018,Guinea,16,data/raw/pq_attachments/2026-01-22_pq-482-483b-22-01-2026_en.xlsx,https://data.oireachtas.ie/ie/oireachtas/debates/questions/supportingDocumentation/2026-01-22_pq-482-483b-22-01-2026_en.xlsx,https://www.oireachtas.ie/en/debates/question/2026-01-22/483/
2018,Jordan,16,data/raw/pq_attachments/2026-01-22_pq-482-483b-22-01-2026_en.xlsx,https://data.oireachtas.ie/ie/oireachtas/debates/questions/supportingDocumentation/2026-01-22_pq-482-483b-22-01-2026_en.xlsx,https://www.oireachtas.ie/en/debates/question/2026-01-22/483/
2018,Uganda,16,data/raw/pq_attachments/2026-01-22_pq-482-483b-22-01-2026_en.xlsx,https://data.oireachtas.ie/ie/oireachtas/debates/questions/supportingDocumentation/2026-01-22_pq-482-483b-22-01-2026_en.xlsx,https://www.oireachtas.ie/en/debates/question/2026-01-22/483/
2018,Colombia,15,data/raw/pq_attachments/2026-01-22_pq-482-483b-22-01-2026_en.xlsx,https://data.oireachtas.ie/ie/oireachtas/debates/questions/supportingDocumentation/2026-01-22_pq-482-483b-22-01-2026_en.xlsx,https://www.oireachtas.ie/en/debates/question/2026-01-22/483/
2018,Croatia,14,data/raw/pq_attachments/2026-01-22_pq-482-483b-22-01-2026_en.xlsx,https://data.oireachtas.ie/ie/oireachtas/debates/questions/supportingDocumentation/2026-01-22_pq-482-483b-22-01-2026_en.xlsx,https://www.oireachtas.ie/en/debates/question/2026-01-22/483/
2018,Mexico,14,data/raw/pq_attachments/2026-01-22_pq-482-483b-22-01-2026_en.xlsx,https://data.oireachtas.ie/ie/oireachtas/debates/questions/supportingDocumentation/2026-01-22_pq-482-483b-22-01-2026_en.xlsx,https://www.oireachtas.ie/en/debates/question/2026-01-22/483/
2018,New Zealand,14,data/raw/pq_attachments/2026-01-22_pq-482-483b-22-01-2026_en.xlsx,https://data.oireachtas.ie/ie/oireachtas/debates/questions/supportingDocumentation/2026-01-22_pq-482-483b-22-01-2026_en.xlsx,https://www.oireachtas.ie/en/debates/question/2026-01-22/483/
2018,Tunisia,14,data/raw/pq_attachments/2026-01-22_pq-482-483b-22-01-2026_en.xlsx,https://data.oireachtas.ie/ie/oireachtas/debates/questions/supportingDocumentation/2026-01-22_pq-482-483b-22-01-2026_en.xlsx,https://www.oireachtas.ie/en/debates/question/2026-01-22/483/
2018,Greece,13,data/raw/pq_attachments/2026-01-22_pq-482-483b-22-01-2026_en.xlsx,https://data.oireachtas.ie/ie/oireachtas/debates/questions/supportingDocumentation/2026-01-22_pq-482-483b-22-01-2026_en.xlsx,https://www.oireachtas.ie/en/debates/question/2026-01-22/483/
2018,Sri Lanka,13,data/raw/pq_attachments/2026-01-22_pq-482-483b-22-01-2026_en.xlsx,https://data.oireachtas.ie/ie/oireachtas/debates/questions/supportingDocumentation/2026-01-22_pq-482-483b-22-01-2026_en.xlsx,https://www.oireachtas.ie/en/debates/question/2026-01-22/483/
2018,Ethiopia,11,data/raw/pq_attachments/2026-01-22_pq-482-483b-22-01-2026_en.xlsx,https://data.oireachtas.ie/ie/oireachtas/debates/questions/supportingDocumentation/2026-01-22_pq-482-483b-22-01-2026_en.xlsx,https://www.oireachtas.ie/en/debates/question/2026-01-22/483/
2018,Togo,11,data/raw/pq_attachments/2026-01-22_pq-482-483b-22-01-2026_en.xlsx,https://data.oireachtas.ie/ie/oireachtas/debates/questions/supportingDocumentation/2026-01-22_pq-482-483b-22-01-2026_en.xlsx,https://www.oireachtas.ie/en/debates/question/2026-01-22/483/
2018,Argentina,10,data/raw/pq_attachments/2026-01-22_pq-482-483b-22-01-2026_en.xlsx,https://data.oireachtas.ie/ie/oireachtas/debates/questions/supportingDocumentation/2026-01-22_pq-482-483b-22-01-2026_en.xlsx,https://www.oireachtas.ie/en/debates/question/2026-01-22/483/
2018,Kosovo / UNSCR 1244,10,data/raw/pq_attachments/2026-01-22_pq-482-483b-22-01-2026_en.xlsx,https://data.oireachtas.ie/ie/oireachtas/debates/questions/supportingDocumentation/2026-01-22_pq-482-483b-22-01-2026_en.xlsx,https://www.oireachtas.ie/en/debates/question/2026-01-22/483/
2018,Mongolia,10,data/raw/pq_attachments/2026-01-22_pq-482-483b-22-01-2026_en.xlsx,https://data.oireachtas.ie/ie/oireachtas/debates/questions/supportingDocumentation/2026-01-22_pq-482-483b-22-01-2026_en.xlsx,https://www.oireachtas.ie/en/debates/question/2026-01-22/483/
2018,"Palestinian Territory, Occupied",10,data/raw/pq_attachments/2026-01-22_pq-482-483b-22-01-2026_en.xlsx,https://data.oireachtas.ie/ie/oireachtas/debates/questions/supportingDocumentation/2026-01-22_pq-482-483b-22-01-2026_en.xlsx,https://www.oireachtas.ie/en/debates/question/2026-01-22/483/
2018,Rest of World,228,data/raw/pq_attachments/2026-01-22_pq-482-483b-22-01-2026_en.xlsx,https://data.oireachtas.ie/ie/oireachtas/debates/questions/supportingDocumentation/2026-01-22_pq-482-483b-22-01-2026_en.xlsx,https://www.oireachtas.ie/en/debates/question/2026-01-22/483/
2019,Poland,925,data/raw/pq_attachments/2026-01-22_pq-482-483b-22-01-2026_en.xlsx,https://data.oireachtas.ie/ie/oireachtas/debates/questions/supportingDocumentation/2026-01-22_pq-482-483b-22-01-2026_en.xlsx,https://www.oireachtas.ie/en/debates/question/2026-01-22/483/
2019,United Kingdom,663,data/raw/pq_attachments/2026-01-22_pq-482-483b-22-01-2026_en.xlsx,https://data.oireachtas.ie/ie/oireachtas/debates/questions/supportingDocumentation/2026-01-22_pq-482-483b-22-01-2026_en.xlsx,https://www.oireachtas.ie/en/debates/question/2026-01-22/483/
2019,Romania,551,data/raw/pq_attachments/2026-01-22_pq-482-483b-22-01-2026_en.xlsx,https://data.oireachtas.ie/ie/oireachtas/debates/questions/supportingDocumentation/2026-01-22_pq-482-483b-22-01-2026_en.xlsx,https://www.oireachtas.ie/en/debates/question/2026-01-22/483/
2019,India,513,data/raw/pq_attachments/2026-01-22_pq-482-483b-22-01-2026_en.xlsx,https://data.oireachtas.ie/ie/oireachtas/debates/questions/supportingDocumentation/2026-01-22_pq-482-483b-22-01-2026_en.xlsx,https://www.oireachtas.ie/en/debates/question/2026-01-22/483/
2019,Nigeria,303,data/raw/pq_attachments/2026-01-22_pq-482-483b-22-01-2026_en.xlsx,https://data.oireachtas.ie/ie/oireachtas/debates/questions/supportingDocumentation/2026-01-22_pq-482-483b-22-01-2026_en.xlsx,https://www.oireachtas.ie/en/debates/question/2026-01-22/483/
2019,Latvia,221,data/raw/pq_attachments/2026-01-22_pq-482-483b-22-01-2026_en.xlsx,https://data.oireachtas.ie/ie/oireachtas/debates/questions/supportingDocumentation/2026-01-22_pq-482-483b-22-01-2026_en.xlsx,https://www.oireachtas.ie/en/debates/question/2026-01-22/483/
2019,Philippines,191,data/raw/pq_attachments/2026-01-22_pq-482-483b-22-01-2026_en.xlsx,https://data.oireachtas.ie/ie/oireachtas/debates/questions/supportingDocumentation/2026-01-22_pq-482-483b-22-01-2026_en.xlsx,https://www.oireachtas.ie/en/debates/question/2026-01-22/483/
2019,Brazil,187,data/raw/pq_attachments/2026-01-22_pq-482-483b-22-01-2026_en.xlsx,https://data.oireachtas.ie/ie/oireachtas/debates/questions/supportingDocumentation/2026-01-22_pq-482-483b-22-01-2026_en.xlsx,https://www.oireachtas.ie/en/debates/question/2026-01-22/483/
2019,China (Including Hong Kong),159,data/raw/pq_attachments/2026-01-22_pq-482-483b-22-01-2026_en.xlsx,https://data.oireachtas.ie/ie/oireachtas/debates/questions/supportingDocumentation/2026-01-22_pq-482-483b-22-01-2026_en.xlsx,https://www.oireachtas.ie/en/debates/question/2026-01-22/483/
2019,United States Of America,154,data/raw/pq_attachments/2026-01-22_pq-482-483b-22-01-2026_en.xlsx,https://data.oireachtas.ie/ie/oireachtas/debates/questions/supportingDocumentation/2026-01-22_pq-482-483b-22-01-2026_en.xlsx,https://www.oireachtas.ie/en/debates/question/2026-01-22/483/
2019,Pakistan,125,data/raw/pq_attachments/2026-01-22_pq-482-483b-22-01-2026_en.xlsx,https://data.oireachtas.ie/ie/oireachtas/debates/questions/supportingDocumentation/2026-01-22_pq-482-483b-22-01-2026_en.xlsx,https://www.oireachtas.ie/en/debates/question/2026-01-22/483/
2019,Hungary,101,data/raw/pq_attachments/2026-01-22_pq-482-483b-22-01-2026_en.xlsx,https://data.oireachtas.ie/ie/oireachtas/debates/questions/supportingDocumentation/2026-01-22_pq-482-483b-22-01-2026_en.xlsx,https://www.oireachtas.ie/en/debates/question/2026-01-22/483/
2019,South Africa,96,data/raw/pq_attachments/2026-01-22_pq-482-483b-22-01-2026_en.xlsx,https://data.oireachtas.ie/ie/oireachtas/debates/questions/supportingDocumentation/2026-01-22_pq-482-483b-22-01-2026_en.xlsx,https://www.oireachtas.ie/en/debates/question/2026-01-22/483/
2019,Lithuania,88,data/raw/pq_attachments/2026-01-22_pq-482-483b-22-01-2026_en.xlsx,https://data.oireachtas.ie/ie/oireachtas/debates/questions/supportingDocumentation/2026-01-22_pq-482-483b-22-01-2026_en.xlsx,https://www.oireachtas.ie/en/debates/question/2026-01-22/483/
2019,Ukraine,87,data/raw/pq_attachments/2026-01-22_pq-482-483b-22-01-2026_en.xlsx,https://data.oireachtas.ie/ie/oireachtas/debates/questions/supportingDocumentation/2026-01-22_pq-482-483b-22-01-2026_en.xlsx,https://www.oireachtas.ie/en/debates/question/2026-01-22/483/
2019,Russian Federation,70,data/raw/pq_attachments/2026-01-22_pq-482-483b-22-01-2026_en.xlsx,https://data.oireachtas.ie/ie/oireachtas/debates/questions/supportingDocumentation/2026-01-22_pq-482-483b-22-01-2026_en.xlsx,https://www.oireachtas.ie/en/debates/question/2026-01-22/483/
2019,Mauritius,68,data/raw/pq_attachments/2026-01-22_pq-482-483b-22-01-2026_en.xlsx,https://data.oireachtas.ie/ie/oireachtas/debates/questions/supportingDocumentation/2026-01-22_pq-482-483b-22-01-2026_en.xlsx,https://www.oireachtas.ie/en/debates/question/2026-01-22/483/
2019,Thailand,62,data/raw/pq_attachments/2026-01-22_pq-482-483b-22-01-2026_en.xlsx,https://data.oireachtas.ie/ie/oireachtas/debates/questions/supportingDocumentation/2026-01-22_pq-482-483b-22-01-2026_en.xlsx,https://www.oireachtas.ie/en/debates/question/2026-01-22/483/
2019,Bangladesh,58,data/raw/pq_attachments/2026-01-22_pq-482-483b-22-01-2026_en.xlsx,https://data.oireachtas.ie/ie/oireachtas/debates/questions/supportingDocumentation/2026-01-22_pq-482-483b-22-01-2026_en.xlsx,https://www.oireachtas.ie/en/debates/question/2026-01-22/483/
2019,Türkiye,53,data/raw/pq_attachments/2026-01-22_pq-482-483b-22-01-2026_en.xlsx,https://data.oireachtas.ie/ie/oireachtas/debates/questions/supportingDocumentation/2026-01-22_pq-482-483b-22-01-2026_en.xlsx,https://www.oireachtas.ie/en/debates/question/2026-01-22/483/
2019,Egypt,52,data/raw/pq_attachments/2026-01-22_pq-482-483b-22-01-2026_en.xlsx,https://data.oireachtas.ie/ie/oireachtas/debates/questions/supportingDocumentation/2026-01-22_pq-482-483b-22-01-2026_en.xlsx,https://www.oireachtas.ie/en/debates/question/2026-01-22/483/
2019,Bulgaria,47,data/raw/pq_attachments/2026-01-22_pq-482-483b-22-01-2026_en.xlsx,https://data.oireachtas.ie/ie/oireachtas/debates/questions/supportingDocumentation/2026-01-22_pq-482-483b-22-01-2026_en.xlsx,https://www.oireachtas.ie/en/debates/question/2026-01-22/483/
2019,Sudan,40,data/raw/pq_attachments/2026-01-22_pq-482-483b-22-01-2026_en.xlsx,https://data.oireachtas.ie/ie/oireachtas/debates/questions/supportingDocumentation/2026-01-22_pq-482-483b-22-01-2026_en.xlsx,https://www.oireachtas.ie/en/debates/question/2026-01-22/483/
2019,Malaysia,39,data/raw/pq_attachments/2026-01-22_pq-482-483b-22-01-2026_en.xlsx,https://data.oireachtas.ie/ie/oireachtas/debates/questions/supportingDocumentation/2026-01-22_pq-482-483b-22-01-2026_en.xlsx,https://www.oireachtas.ie/en/debates/question/2026-01-22/483/
2019,"Congo, The Democratic Republic Of The",34,data/raw/pq_attachments/2026-01-22_pq-482-483b-22-01-2026_en.xlsx,https://data.oireachtas.ie/ie/oireachtas/debates/questions/supportingDocumentation/2026-01-22_pq-482-483b-22-01-2026_en.xlsx,https://www.oireachtas.ie/en/debates/question/2026-01-22/483/
2019,Italy,32,data/raw/pq_attachments/2026-01-22_pq-482-483b-22-01-2026_en.xlsx,https://data.oireachtas.ie/ie/oireachtas/debates/questions/supportingDocumentation/2026-01-22_pq-482-483b-22-01-2026_en.xlsx,https://www.oireachtas.ie/en/debates/question/2026-01-22/483/
2019,"Moldova, Republic Of",32,data/raw/pq_attachments/2026-01-22_pq-482-483b-22-01-2026_en.xlsx,https://data.oireachtas.ie/ie/oireachtas/debates/questions/supportingDocumentation/2026-01-22_pq-482-483b-22-01-2026_en.xlsx,https://www.oireachtas.ie/en/debates/question/2026-01-22/483/
2019,Australia,31,data/raw/pq_attachments/2026-01-22_pq-482-483b-22-01-2026_en.xlsx,https://data.oireachtas.ie/ie/oireachtas/debates/questions/supportingDocumentation/2026-01-22_pq-482-483b-22-01-2026_en.xlsx,https://www.oireachtas.ie/en/debates/question/2026-01-22/483/
2019,Cameroon,27,data/raw/pq_attachments/2026-01-22_pq-482-483b-22-01-2026_en.xlsx,https://data.oireachtas.ie/ie/oireachtas/debates/questions/supportingDocumentation/2026-01-22_pq-482-483b-22-01-2026_en.xlsx,https://www.oireachtas.ie/en/debates/question/2026-01-22/483/
2019,Germany,26,data/raw/pq_attachments/2026-01-22_pq-482-483b-22-01-2026_en.xlsx,https://data.oireachtas.ie/ie/oireachtas/debates/questions/supportingDocumentation/2026-01-22_pq-482-483b-22-01-2026_en.xlsx,https://www.oireachtas.ie/en/debates/question/2026-01-22/483/
2019,Ghana,26,data/raw/pq_attachments/2026-01-22_pq-482-483b-22-01-2026_en.xlsx,https://data.oireachtas.ie/ie/oireachtas/debates/questions/supportingDocumentation/2026-01-22_pq-482-483b-22-01-2026_en.xlsx,https://www.oireachtas.ie/en/debates/question/2026-01-22/483/
2019,Mexico,25,data/raw/pq_attachments/2026-01-22_pq-482-483b-22-01-2026_en.xlsx,https://data.oireachtas.ie/ie/oireachtas/debates/questions/supportingDocumentation/2026-01-22_pq-482-483b-22-01-2026_en.xlsx,https://www.oireachtas.ie/en/debates/question/2026-01-22/483/
2019,Slovak Republic,24,data/raw/pq_attachments/2026-01-22_pq-482-483b-22-01-2026_en.xlsx,https://data.oireachtas.ie/ie/oireachtas/debates/questions/supportingDocumentation/2026-01-22_pq-482-483b-22-01-2026_en.xlsx,https://www.oireachtas.ie/en/debates/question/2026-01-22/483/
2019,Belarus,22,data/raw/pq_attachments/2026-01-22_pq-482-483b-22-01-2026_en.xlsx,https://data.oireachtas.ie/ie/oireachtas/debates/questions/supportingDocumentation/2026-01-22_pq-482-483b-22-01-2026_en.xlsx,https://www.oireachtas.ie/en/debates/question/2026-01-22/483/
2019,Syrian Arab Republic,21,data/raw/pq_attachments/2026-01-22_pq-482-483b-22-01-2026_en.xlsx,https://data.oireachtas.ie/ie/oireachtas/debates/questions/supportingDocumentation/2026-01-22_pq-482-483b-22-01-2026_en.xlsx,https://www.oireachtas.ie/en/debates/question/2026-01-22/483/
2019,France,20,data/raw/pq_attachments/2026-01-22_pq-482-483b-22-01-2026_en.xlsx,https://data.oireachtas.ie/ie/oireachtas/debates/questions/supportingDocumentation/2026-01-22_pq-482-483b-22-01-2026_en.xlsx,https://www.oireachtas.ie/en/debates/question/2026-01-22/483/
2019,Venezuela,20,data/raw/pq_attachments/2026-01-22_pq-482-483b-22-01-2026_en.xlsx,https://data.oireachtas.ie/ie/oireachtas/debates/questions/supportingDocumentation/2026-01-22_pq-482-483b-22-01-2026_en.xlsx,https://www.oireachtas.ie/en/debates/question/2026-01-22/483/
2019,Canada,19,data/raw/pq_attachments/2026-01-22_pq-482-483b-22-01-2026_en.xlsx,https://data.oireachtas.ie/ie/oireachtas/debates/questions/supportingDocumentation/2026-01-22_pq-482-483b-22-01-2026_en.xlsx,https://www.oireachtas.ie/en/debates/question/2026-01-22/483/
2019,Croatia,19,data/raw/pq_attachments/2026-01-22_pq-482-483b-22-01-2026_en.xlsx,https://data.oireachtas.ie/ie/oireachtas/debates/questions/supportingDocumentation/2026-01-22_pq-482-483b-22-01-2026_en.xlsx,https://www.oireachtas.ie/en/debates/question/2026-01-22/483/
2019,Zimbabwe,19,data/raw/pq_attachments/2026-01-22_pq-482-483b-22-01-2026_en.xlsx,https://data.oireachtas.ie/ie/oireachtas/debates/questions/supportingDocumentation/2026-01-22_pq-482-483b-22-01-2026_en.xlsx,https://www.oireachtas.ie/en/debates/question/2026-01-22/483/
2019,Czech Republic,18,data/raw/pq_attachments/2026-01-22_pq-482-483b-22-01-2026_en.xlsx,https://data.oireachtas.ie/ie/oireachtas/debates/questions/supportingDocumentation/2026-01-22_pq-482-483b-22-01-2026_en.xlsx,https://www.oireachtas.ie/en/debates/question/2026-01-22/483/
2019,Georgia,18,data/raw/pq_attachments/2026-01-22_pq-482-483b-22-01-2026_en.xlsx,https://data.oireachtas.ie/ie/oireachtas/debates/questions/supportingDocumentation/2026-01-22_pq-482-483b-22-01-2026_en.xlsx,https://www.oireachtas.ie/en/debates/question/2026-01-22/483/
2019,Spain,18,data/raw/pq_attachments/2026-01-22_pq-482-483b-22-01-2026_en.xlsx,https://data.oireachtas.ie/ie/oireachtas/debates/questions/supportingDocumentation/2026-01-22_pq-482-483b-22-01-2026_en.xlsx,https://www.oireachtas.ie/en/debates/question/2026-01-22/483/
2019,Nepal,16,data/raw/pq_attachments/2026-01-22_pq-482-483b-22-01-2026_en.xlsx,https://data.oireachtas.ie/ie/oireachtas/debates/questions/supportingDocumentation/2026-01-22_pq-482-483b-22-01-2026_en.xlsx,https://www.oireachtas.ie/en/debates/question/2026-01-22/483/
2019,Afghanistan,15,data/raw/pq_attachments/2026-01-22_pq-482-483b-22-01-2026_en.xlsx,https://data.oireachtas.ie/ie/oireachtas/debates/questions/supportingDocumentation/2026-01-22_pq-482-483b-22-01-2026_en.xlsx,https://www.oireachtas.ie/en/debates/question/2026-01-22/483/
2019,Greece,15,data/raw/pq_attachments/2026-01-22_pq-482-483b-22-01-2026_en.xlsx,https://data.oireachtas.ie/ie/oireachtas/debates/questions/supportingDocumentation/2026-01-22_pq-482-483b-22-01-2026_en.xlsx,https://www.oireachtas.ie/en/debates/question/2026-01-22/483/
2019,Israel,15,data/raw/pq_attachments/2026-01-22_pq-482-483b-22-01-2026_en.xlsx,https://data.oireachtas.ie/ie/oireachtas/debates/questions/supportingDocumentation/2026-01-22_pq-482-483b-22-01-2026_en.xlsx,https://www.oireachtas.ie/en/debates/question/2026-01-22/483/
2019,Sri Lanka,15,data/raw/pq_attachments/2026-01-22_pq-482-483b-22-01-2026_en.xlsx,https://data.oireachtas.ie/ie/oireachtas/debates/questions/supportingDocumentation/2026-01-22_pq-482-483b-22-01-2026_en.xlsx,https://www.oireachtas.ie/en/debates/question/2026-01-22/483/
2019,Kenya,14,data/raw/pq_attachments/2026-01-22_pq-482-483b-22-01-2026_en.xlsx,https://data.oireachtas.ie/ie/oireachtas/debates/questions/supportingDocumentation/2026-01-22_pq-482-483b-22-01-2026_en.xlsx,https://www.oireachtas.ie/en/debates/question/2026-01-22/483/
2019,New Zealand,14,data/raw/pq_attachments/2026-01-22_pq-482-483b-22-01-2026_en.xlsx,https://data.oireachtas.ie/ie/oireachtas/debates/questions/supportingDocumentation/2026-01-22_pq-482-483b-22-01-2026_en.xlsx,https://www.oireachtas.ie/en/debates/question/2026-01-22/483/
2019,Albania,13,data/raw/pq_attachments/2026-01-22_pq-482-483b-22-01-2026_en.xlsx,https://data.oireachtas.ie/ie/oireachtas/debates/questions/supportingDocumentation/2026-01-22_pq-482-483b-22-01-2026_en.xlsx,https://www.oireachtas.ie/en/debates/question/2026-01-22/483/
2019,Ethiopia,13,data/raw/pq_attachments/2026-01-22_pq-482-483b-22-01-2026_en.xlsx,https://data.oireachtas.ie/ie/oireachtas/debates/questions/supportingDocumentation/2026-01-22_pq-482-483b-22-01-2026_en.xlsx,https://www.oireachtas.ie/en/debates/question/2026-01-22/483/
2019,Togo,13,data/raw/pq_attachments/2026-01-22_pq-482-483b-22-01-2026_en.xlsx,https://data.oireachtas.ie/ie/oireachtas/debates/questions/supportingDocumentation/2026-01-22_pq-482-483b-22-01-2026_en.xlsx,https://www.oireachtas.ie/en/debates/question/2026-01-22/483/
2019,Uganda,13,data/raw/pq_attachments/2026-01-22_pq-482-483b-22-01-2026_en.xlsx,https://data.oireachtas.ie/ie/oireachtas/debates/questions/supportingDocumentation/2026-01-22_pq-482-483b-22-01-2026_en.xlsx,https://www.oireachtas.ie/en/debates/question/2026-01-22/483/
2019,Iraq,12,data/raw/pq_attachments/2026-01-22_pq-482-483b-22-01-2026_en.xlsx,https://data.oireachtas.ie/ie/oireachtas/debates/questions/supportingDocumentation/2026-01-22_pq-482-483b-22-01-2026_en.xlsx,https://www.oireachtas.ie/en/debates/question/2026-01-22/483/
2019,Lebanon,12,data/raw/pq_attachments/2026-01-22_pq-482-483b-22-01-2026_en.xlsx,https://data.oireachtas.ie/ie/oireachtas/debates/questions/supportingDocumentation/2026-01-22_pq-482-483b-22-01-2026_en.xlsx,https://www.oireachtas.ie/en/debates/question/2026-01-22/483/
2019,Estonia,11,data/raw/pq_attachments/2026-01-22_pq-482-483b-22-01-2026_en.xlsx,https://data.oireachtas.ie/ie/oireachtas/debates/questions/supportingDocumentation/2026-01-22_pq-482-483b-22-01-2026_en.xlsx,https://www.oireachtas.ie/en/debates/question/2026-01-22/483/
2019,"Korea, Republic Of (South Korea)",10,data/raw/pq_attachments/2026-01-22_pq-482-483b-22-01-2026_en.xlsx,https://data.oireachtas.ie/ie/oireachtas/debates/questions/supportingDocumentation/2026-01-22_pq-482-483b-22-01-2026_en.xlsx,https://www.oireachtas.ie/en/debates/question/2026-01-22/483/
2019,Kosovo / UNSCR 1244,10,data/raw/pq_attachments/2026-01-22_pq-482-483b-22-01-2026_en.xlsx,https://data.oireachtas.ie/ie/oireachtas/debates/questions/supportingDocumentation/2026-01-22_pq-482-483b-22-01-2026_en.xlsx,https://www.oireachtas.ie/en/debates/question/2026-01-22/483/
2019,Malawi,10,data/raw/pq_attachments/2026-01-22_pq-482-483b-22-01-2026_en.xlsx,https://data.oireachtas.ie/ie/oireachtas/debates/questions/supportingDocumentation/2026-01-22_pq-482-483b-22-01-2026_en.xlsx,https://www.oireachtas.ie/en/debates/question/2026-01-22/483/
2019,Somalia,10,data/raw/pq_attachments/2026-01-22_pq-482-483b-22-01-2026_en.xlsx,https://data.oireachtas.ie/ie/oireachtas/debates/questions/supportingDocumentation/2026-01-22_pq-482-483b-22-01-2026_en.xlsx,https://www.oireachtas.ie/en/debates/question/2026-01-22/483/
2019,Rest of World,243,data/raw/pq_attachments/2026-01-22_pq-482-483b-22-01-2026_en.xlsx,https://data.oireachtas.ie/ie/oireachtas/debates/questions/supportingDocumentation/2026-01-22_pq-482-483b-22-01-2026_en.xlsx,https://www.oireachtas.ie/en/debates/question/2026-01-22/483/
2020,United Kingdom,941,data/raw/pq_attachments/2026-01-22_pq-482-483b-22-01-2026_en.xlsx,https://data.oireachtas.ie/ie/oireachtas/debates/questions/supportingDocumentation/2026-01-22_pq-482-483b-22-01-2026_en.xlsx,https://www.oireachtas.ie/en/debates/question/2026-01-22/483/
2020,Poland,756,data/raw/pq_attachments/2026-01-22_pq-482-483b-22-01-2026_en.xlsx,https://data.oireachtas.ie/ie/oireachtas/debates/questions/supportingDocumentation/2026-01-22_pq-482-483b-22-01-2026_en.xlsx,https://www.oireachtas.ie/en/debates/question/2026-01-22/483/
2020,Romania,538,data/raw/pq_attachments/2026-01-22_pq-482-483b-22-01-2026_en.xlsx,https://data.oireachtas.ie/ie/oireachtas/debates/questions/supportingDocumentation/2026-01-22_pq-482-483b-22-01-2026_en.xlsx,https://www.oireachtas.ie/en/debates/question/2026-01-22/483/
2020,India,465,data/raw/pq_attachments/2026-01-22_pq-482-483b-22-01-2026_en.xlsx,https://data.oireachtas.ie/ie/oireachtas/debates/questions/supportingDocumentation/2026-01-22_pq-482-483b-22-01-2026_en.xlsx,https://www.oireachtas.ie/en/debates/question/2026-01-22/483/
2020,Nigeria,227,data/raw/pq_attachments/2026-01-22_pq-482-483b-22-01-2026_en.xlsx,https://data.oireachtas.ie/ie/oireachtas/debates/questions/supportingDocumentation/2026-01-22_pq-482-483b-22-01-2026_en.xlsx,https://www.oireachtas.ie/en/debates/question/2026-01-22/483/
2020,Brazil,179,data/raw/pq_attachments/2026-01-22_pq-482-483b-22-01-2026_en.xlsx,https://data.oireachtas.ie/ie/oireachtas/debates/questions/supportingDocumentation/2026-01-22_pq-482-483b-22-01-2026_en.xlsx,https://www.oireachtas.ie/en/debates/question/2026-01-22/483/
2020,Philippines,157,data/raw/pq_attachments/2026-01-22_pq-482-483b-22-01-2026_en.xlsx,https://data.oireachtas.ie/ie/oireachtas/debates/questions/supportingDocumentation/2026-01-22_pq-482-483b-22-01-2026_en.xlsx,https://www.oireachtas.ie/en/debates/question/2026-01-22/483/
2020,Latvia,146,data/raw/pq_attachments/2026-01-22_pq-482-483b-22-01-2026_en.xlsx,https://data.oireachtas.ie/ie/oireachtas/debates/questions/supportingDocumentation/2026-01-22_pq-482-483b-22-01-2026_en.xlsx,https://www.oireachtas.ie/en/debates/question/2026-01-22/483/
2020,Pakistan,136,data/raw/pq_attachments/2026-01-22_pq-482-483b-22-01-2026_en.xlsx,https://data.oireachtas.ie/ie/oireachtas/debates/questions/supportingDocumentation/2026-01-22_pq-482-483b-22-01-2026_en.xlsx,https://www.oireachtas.ie/en/debates/question/2026-01-22/483/
2020,United States Of America,132,data/raw/pq_attachments/2026-01-22_pq-482-483b-22-01-2026_en.xlsx,https://data.oireachtas.ie/ie/oireachtas/debates/questions/supportingDocumentation/2026-01-22_pq-482-483b-22-01-2026_en.xlsx,https://www.oireachtas.ie/en/debates/question/2026-01-22/483/
2020,China (Including Hong Kong),128,data/raw/pq_attachments/2026-01-22_pq-482-483b-22-01-2026_en.xlsx,https://data.oireachtas.ie/ie/oireachtas/debates/questions/supportingDocumentation/2026-01-22_pq-482-483b-22-01-2026_en.xlsx,https://www.oireachtas.ie/en/debates/question/2026-01-22/483/
2020,South Africa,85,data/raw/pq_attachments/2026-01-22_pq-482-483b-22-01-2026_en.xlsx,https://data.oireachtas.ie/ie/oireachtas/debates/questions/supportingDocumentation/2026-01-22_pq-482-483b-22-01-2026_en.xlsx,https://www.oireachtas.ie/en/debates/question/2026-01-22/483/
2020,Hungary,80,data/raw/pq_attachments/2026-01-22_pq-482-483b-22-01-2026_en.xlsx,https://data.oireachtas.ie/ie/oireachtas/debates/questions/supportingDocumentation/2026-01-22_pq-482-483b-22-01-2026_en.xlsx,https://www.oireachtas.ie/en/debates/question/2026-01-22/483/
2020,Russian Federation,67,data/raw/pq_attachments/2026-01-22_pq-482-483b-22-01-2026_en.xlsx,https://data.oireachtas.ie/ie/oireachtas/debates/questions/supportingDocumentation/2026-01-22_pq-482-483b-22-01-2026_en.xlsx,https://www.oireachtas.ie/en/debates/question/2026-01-22/483/
2020,Bulgaria,62,data/raw/pq_attachments/2026-01-22_pq-482-483b-22-01-2026_en.xlsx,https://data.oireachtas.ie/ie/oireachtas/debates/questions/supportingDocumentation/2026-01-22_pq-482-483b-22-01-2026_en.xlsx,https://www.oireachtas.ie/en/debates/question/2026-01-22/483/
2020,Ukraine,62,data/raw/pq_attachments/2026-01-22_pq-482-483b-22-01-2026_en.xlsx,https://data.oireachtas.ie/ie/oireachtas/debates/questions/supportingDocumentation/2026-01-22_pq-482-483b-22-01-2026_en.xlsx,https://www.oireachtas.ie/en/debates/question/2026-01-22/483/
2020,Mauritius,59,data/raw/pq_attachments/2026-01-22_pq-482-483b-22-01-2026_en.xlsx,https://data.oireachtas.ie/ie/oireachtas/debates/questions/supportingDocumentation/2026-01-22_pq-482-483b-22-01-2026_en.xlsx,https://www.oireachtas.ie/en/debates/question/2026-01-22/483/
2020,Sudan,52,data/raw/pq_attachments/2026-01-22_pq-482-483b-22-01-2026_en.xlsx,https://data.oireachtas.ie/ie/oireachtas/debates/questions/supportingDocumentation/2026-01-22_pq-482-483b-22-01-2026_en.xlsx,https://www.oireachtas.ie/en/debates/question/2026-01-22/483/
2020,Lithuania,48,data/raw/pq_attachments/2026-01-22_pq-482-483b-22-01-2026_en.xlsx,https://data.oireachtas.ie/ie/oireachtas/debates/questions/supportingDocumentation/2026-01-22_pq-482-483b-22-01-2026_en.xlsx,https://www.oireachtas.ie/en/debates/question/2026-01-22/483/
2020,Thailand,47,data/raw/pq_attachments/2026-01-22_pq-482-483b-22-01-2026_en.xlsx,https://data.oireachtas.ie/ie/oireachtas/debates/questions/supportingDocumentation/2026-01-22_pq-482-483b-22-01-2026_en.xlsx,https://www.oireachtas.ie/en/debates/question/2026-01-22/483/
2020,Egypt,46,data/raw/pq_attachments/2026-01-22_pq-482-483b-22-01-2026_en.xlsx,https://data.oireachtas.ie/ie/oireachtas/debates/questions/supportingDocumentation/2026-01-22_pq-482-483b-22-01-2026_en.xlsx,https://www.oireachtas.ie/en/debates/question/2026-01-22/483/
2020,"Congo, The Democratic Republic Of The",43,data/raw/pq_attachments/2026-01-22_pq-482-483b-22-01-2026_en.xlsx,https://data.oireachtas.ie/ie/oireachtas/debates/questions/supportingDocumentation/2026-01-22_pq-482-483b-22-01-2026_en.xlsx,https://www.oireachtas.ie/en/debates/question/2026-01-22/483/
2020,Türkiye,40,data/raw/pq_attachments/2026-01-22_pq-482-483b-22-01-2026_en.xlsx,https://data.oireachtas.ie/ie/oireachtas/debates/questions/supportingDocumentation/2026-01-22_pq-482-483b-22-01-2026_en.xlsx,https://www.oireachtas.ie/en/debates/question/2026-01-22/483/
2020,Bangladesh,39,data/raw/pq_attachments/2026-01-22_pq-482-483b-22-01-2026_en.xlsx,https://data.oireachtas.ie/ie/oireachtas/debates/questions/supportingDocumentation/2026-01-22_pq-482-483b-22-01-2026_en.xlsx,https://www.oireachtas.ie/en/debates/question/2026-01-22/483/
2020,Italy,36,data/raw/pq_attachments/2026-01-22_pq-482-483b-22-01-2026_en.xlsx,https://data.oireachtas.ie/ie/oireachtas/debates/questions/supportingDocumentation/2026-01-22_pq-482-483b-22-01-2026_en.xlsx,https://www.oireachtas.ie/en/debates/question/2026-01-22/483/
2020,Syrian Arab Republic,34,data/raw/pq_attachments/2026-01-22_pq-482-483b-22-01-2026_en.xlsx,https://data.oireachtas.ie/ie/oireachtas/debates/questions/supportingDocumentation/2026-01-22_pq-482-483b-22-01-2026_en.xlsx,https://www.oireachtas.ie/en/debates/question/2026-01-22/483/
2020,Ghana,33,data/raw/pq_attachments/2026-01-22_pq-482-483b-22-01-2026_en.xlsx,https://data.oireachtas.ie/ie/oireachtas/debates/questions/supportingDocumentation/2026-01-22_pq-482-483b-22-01-2026_en.xlsx,https://www.oireachtas.ie/en/debates/question/2026-01-22/483/
2020,"Moldova, Republic Of",30,data/raw/pq_attachments/2026-01-22_pq-482-483b-22-01-2026_en.xlsx,https://data.oireachtas.ie/ie/oireachtas/debates/questions/supportingDocumentation/2026-01-22_pq-482-483b-22-01-2026_en.xlsx,https://www.oireachtas.ie/en/debates/question/2026-01-22/483/
2020,Zimbabwe,29,data/raw/pq_attachments/2026-01-22_pq-482-483b-22-01-2026_en.xlsx,https://data.oireachtas.ie/ie/oireachtas/debates/questions/supportingDocumentation/2026-01-22_pq-482-483b-22-01-2026_en.xlsx,https://www.oireachtas.ie/en/debates/question/2026-01-22/483/
2020,Canada,28,data/raw/pq_attachments/2026-01-22_pq-482-483b-22-01-2026_en.xlsx,https://data.oireachtas.ie/ie/oireachtas/debates/questions/supportingDocumentation/2026-01-22_pq-482-483b-22-01-2026_en.xlsx,https://www.oireachtas.ie/en/debates/question/2026-01-22/483/
2020,Malaysia,27,data/raw/pq_attachments/2026-01-22_pq-482-483b-22-01-2026_en.xlsx,https://data.oireachtas.ie/ie/oireachtas/debates/questions/supportingDocumentation/2026-01-22_pq-482-483b-22-01-2026_en.xlsx,https://www.oireachtas.ie/en/debates/question/2026-01-22/483/
2020,Venezuela,26,data/raw/pq_attachments/2026-01-22_pq-482-483b-22-01-2026_en.xlsx,https://data.oireachtas.ie/ie/oireachtas/debates/questions/supportingDocumentation/2026-01-22_pq-482-483b-22-01-2026_en.xlsx,https://www.oireachtas.ie/en/debates/question/2026-01-22/483/
2020,Afghanistan,25,data/raw/pq_attachments/2026-01-22_pq-482-483b-22-01-2026_en.xlsx,https://data.oireachtas.ie/ie/oireachtas/debates/questions/supportingDocumentation/2026-01-22_pq-482-483b-22-01-2026_en.xlsx,https://www.oireachtas.ie/en/debates/question/2026-01-22/483/
2020,Albania,25,data/raw/pq_attachments/2026-01-22_pq-482-483b-22-01-2026_en.xlsx,https://data.oireachtas.ie/ie/oireachtas/debates/questions/supportingDocumentation/2026-01-22_pq-482-483b-22-01-2026_en.xlsx,https://www.oireachtas.ie/en/debates/question/2026-01-22/483/
2020,Nepal,25,data/raw/pq_attachments/2026-01-22_pq-482-483b-22-01-2026_en.xlsx,https://data.oireachtas.ie/ie/oireachtas/debates/questions/supportingDocumentation/2026-01-22_pq-482-483b-22-01-2026_en.xlsx,https://www.oireachtas.ie/en/debates/question/2026-01-22/483/
2020,Cameroon,24,data/raw/pq_attachments/2026-01-22_pq-482-483b-22-01-2026_en.xlsx,https://data.oireachtas.ie/ie/oireachtas/debates/questions/supportingDocumentation/2026-01-22_pq-482-483b-22-01-2026_en.xlsx,https://www.oireachtas.ie/en/debates/question/2026-01-22/483/
2020,Iraq,22,data/raw/pq_attachments/2026-01-22_pq-482-483b-22-01-2026_en.xlsx,https://data.oireachtas.ie/ie/oireachtas/debates/questions/supportingDocumentation/2026-01-22_pq-482-483b-22-01-2026_en.xlsx,https://www.oireachtas.ie/en/debates/question/2026-01-22/483/
2020,Spain,22,data/raw/pq_attachments/2026-01-22_pq-482-483b-22-01-2026_en.xlsx,https://data.oireachtas.ie/ie/oireachtas/debates/questions/supportingDocumentation/2026-01-22_pq-482-483b-22-01-2026_en.xlsx,https://www.oireachtas.ie/en/debates/question/2026-01-22/483/
2020,Kenya,20,data/raw/pq_attachments/2026-01-22_pq-482-483b-22-01-2026_en.xlsx,https://data.oireachtas.ie/ie/oireachtas/debates/questions/supportingDocumentation/2026-01-22_pq-482-483b-22-01-2026_en.xlsx,https://www.oireachtas.ie/en/debates/question/2026-01-22/483/
2020,Slovak Republic,19,data/raw/pq_attachments/2026-01-22_pq-482-483b-22-01-2026_en.xlsx,https://data.oireachtas.ie/ie/oireachtas/debates/questions/supportingDocumentation/2026-01-22_pq-482-483b-22-01-2026_en.xlsx,https://www.oireachtas.ie/en/debates/question/2026-01-22/483/
2020,Croatia,17,data/raw/pq_attachments/2026-01-22_pq-482-483b-22-01-2026_en.xlsx,https://data.oireachtas.ie/ie/oireachtas/debates/questions/supportingDocumentation/2026-01-22_pq-482-483b-22-01-2026_en.xlsx,https://www.oireachtas.ie/en/debates/question/2026-01-22/483/
2020,Georgia,17,data/raw/pq_attachments/2026-01-22_pq-482-483b-22-01-2026_en.xlsx,https://data.oireachtas.ie/ie/oireachtas/debates/questions/supportingDocumentation/2026-01-22_pq-482-483b-22-01-2026_en.xlsx,https://www.oireachtas.ie/en/debates/question/2026-01-22/483/
2020,Belarus,16,data/raw/pq_attachments/2026-01-22_pq-482-483b-22-01-2026_en.xlsx,https://data.oireachtas.ie/ie/oireachtas/debates/questions/supportingDocumentation/2026-01-22_pq-482-483b-22-01-2026_en.xlsx,https://www.oireachtas.ie/en/debates/question/2026-01-22/483/
2020,Estonia,16,data/raw/pq_attachments/2026-01-22_pq-482-483b-22-01-2026_en.xlsx,https://data.oireachtas.ie/ie/oireachtas/debates/questions/supportingDocumentation/2026-01-22_pq-482-483b-22-01-2026_en.xlsx,https://www.oireachtas.ie/en/debates/question/2026-01-22/483/
2020,France,15,data/raw/pq_attachments/2026-01-22_pq-482-483b-22-01-2026_en.xlsx,https://data.oireachtas.ie/ie/oireachtas/debates/questions/supportingDocumentation/2026-01-22_pq-482-483b-22-01-2026_en.xlsx,https://www.oireachtas.ie/en/debates/question/2026-01-22/483/
2020,Germany,15,data/raw/pq_attachments/2026-01-22_pq-482-483b-22-01-2026_en.xlsx,https://data.oireachtas.ie/ie/oireachtas/debates/questions/supportingDocumentation/2026-01-22_pq-482-483b-22-01-2026_en.xlsx,https://www.oireachtas.ie/en/debates/question/2026-01-22/483/
2020,Iran (Islamic Republic Of),15,data/raw/pq_attachments/2026-01-22_pq-482-483b-22-01-2026_en.xlsx,https://data.oireachtas.ie/ie/oireachtas/debates/questions/supportingDocumentation/2026-01-22_pq-482-483b-22-01-2026_en.xlsx,https://www.oireachtas.ie/en/debates/question/2026-01-22/483/
2020,"Palestinian Territory, Occupied",14,data/raw/pq_attachments/2026-01-22_pq-482-483b-22-01-2026_en.xlsx,https://data.oireachtas.ie/ie/oireachtas/debates/questions/supportingDocumentation/2026-01-22_pq-482-483b-22-01-2026_en.xlsx,https://www.oireachtas.ie/en/debates/question/2026-01-22/483/
2020,Argentina,13,data/raw/pq_attachments/2026-01-22_pq-482-483b-22-01-2026_en.xlsx,https://data.oireachtas.ie/ie/oireachtas/debates/questions/supportingDocumentation/2026-01-22_pq-482-483b-22-01-2026_en.xlsx,https://www.oireachtas.ie/en/debates/question/2026-01-22/483/
2020,Somalia,13,data/raw/pq_attachments/2026-01-22_pq-482-483b-22-01-2026_en.xlsx,https://data.oireachtas.ie/ie/oireachtas/debates/questions/supportingDocumentation/2026-01-22_pq-482-483b-22-01-2026_en.xlsx,https://www.oireachtas.ie/en/debates/question/2026-01-22/483/
2020,Sri Lanka,13,data/raw/pq_attachments/2026-01-22_pq-482-483b-22-01-2026_en.xlsx,https://data.oireachtas.ie/ie/oireachtas/debates/questions/supportingDocumentation/2026-01-22_pq-482-483b-22-01-2026_en.xlsx,https://www.oireachtas.ie/en/debates/question/2026-01-22/483/
2020,Australia,12,data/raw/pq_attachments/2026-01-22_pq-482-483b-22-01-2026_en.xlsx,https://data.oireachtas.ie/ie/oireachtas/debates/questions/supportingDocumentation/2026-01-22_pq-482-483b-22-01-2026_en.xlsx,https://www.oireachtas.ie/en/debates/question/2026-01-22/483/
2020,Kosovo / UNSCR 1244,12,data/raw/pq_attachments/2026-01-22_pq-482-483b-22-01-2026_en.xlsx,https://data.oireachtas.ie/ie/oireachtas/debates/questions/supportingDocumentation/2026-01-22_pq-482-483b-22-01-2026_en.xlsx,https://www.oireachtas.ie/en/debates/question/2026-01-22/483/
2020,Lebanon,12,data/raw/pq_attachments/2026-01-22_pq-482-483b-22-01-2026_en.xlsx,https://data.oireachtas.ie/ie/oireachtas/debates/questions/supportingDocumentation/2026-01-22_pq-482-483b-22-01-2026_en.xlsx,https://www.oireachtas.ie/en/debates/question/2026-01-22/483/
2020,Mexico,12,data/raw/pq_attachments/2026-01-22_pq-482-483b-22-01-2026_en.xlsx,https://data.oireachtas.ie/ie/oireachtas/debates/questions/supportingDocumentation/2026-01-22_pq-482-483b-22-01-2026_en.xlsx,https://www.oireachtas.ie/en/debates/question/2026-01-22/483/
2020,Czech Republic,10,data/raw/pq_attachments/2026-01-22_pq-482-483b-22-01-2026_en.xlsx,https://data.oireachtas.ie/ie/oireachtas/debates/questions/supportingDocumentation/2026-01-22_pq-482-483b-22-01-2026_en.xlsx,https://www.oireachtas.ie/en/debates/question/2026-01-22/483/
2020,Uganda,10,data/raw/pq_attachments/2026-01-22_pq-482-483b-22-01-2026_en.xlsx,https://data.oireachtas.ie/ie/oireachtas/debates/questions/supportingDocumentation/2026-01-22_pq-482-483b-22-01-2026_en.xlsx,https://www.oireachtas.ie/en/debates/question/2026-01-22/483/
2020,Viet Nam,10,data/raw/pq_attachments/2026-01-22_pq-482-483b-22-01-2026_en.xlsx,https://data.oireachtas.ie/ie/oireachtas/debates/questions/supportingDocumentation/2026-01-22_pq-482-483b-22-01-2026_en.xlsx,https://www.oireachtas.ie/en/debates/question/2026-01-22/483/
2020,Rest of the World,263,data/raw/pq_attachments/2026-01-22_pq-482-483b-22-01-2026_en.xlsx,https://data.oireachtas.ie/ie/oireachtas/debates/questions/supportingDocumentation/2026-01-22_pq-482-483b-22-01-2026_en.xlsx,https://www.oireachtas.ie/en/debates/question/2026-01-22/483/
2021,United Kingdom,1186,data/raw/pq_attachments/2026-01-22_pq-482-483b-22-01-2026_en.xlsx,https://data.oireachtas.ie/ie/oireachtas/debates/questions/supportingDocumentation/2026-01-22_pq-482-483b-22-01-2026_en.xlsx,https://www.oireachtas.ie/en/debates/question/2026-01-22/483/
2021,Poland,818,data/raw/pq_attachments/2026-01-22_pq-482-483b-22-01-2026_en.xlsx,https://data.oireachtas.ie/ie/oireachtas/debates/questions/supportingDocumentation/2026-01-22_pq-482-483b-22-01-2026_en.xlsx,https://www.oireachtas.ie/en/debates/question/2026-01-22/483/
2021,India,746,data/raw/pq_attachments/2026-01-22_pq-482-483b-22-01-2026_en.xlsx,https://data.oireachtas.ie/ie/oireachtas/debates/questions/supportingDocumentation/2026-01-22_pq-482-483b-22-01-2026_en.xlsx,https://www.oireachtas.ie/en/debates/question/2026-01-22/483/
2021,Nigeria,743,data/raw/pq_attachments/2026-01-22_pq-482-483b-22-01-2026_en.xlsx,https://data.oireachtas.ie/ie/oireachtas/debates/questions/supportingDocumentation/2026-01-22_pq-482-483b-22-01-2026_en.xlsx,https://www.oireachtas.ie/en/debates/question/2026-01-22/483/
2021,Romania,719,data/raw/pq_attachments/2026-01-22_pq-482-483b-22-01-2026_en.xlsx,https://data.oireachtas.ie/ie/oireachtas/debates/questions/supportingDocumentation/2026-01-22_pq-482-483b-22-01-2026_en.xlsx,https://www.oireachtas.ie/en/debates/question/2026-01-22/483/
2021,Pakistan,611,data/raw/pq_attachments/2026-01-22_pq-482-483b-22-01-2026_en.xlsx,https://data.oireachtas.ie/ie/oireachtas/debates/questions/supportingDocumentation/2026-01-22_pq-482-483b-22-01-2026_en.xlsx,https://www.oireachtas.ie/en/debates/question/2026-01-22/483/
2021,Brazil,333,data/raw/pq_attachments/2026-01-22_pq-482-483b-22-01-2026_en.xlsx,https://data.oireachtas.ie/ie/oireachtas/debates/questions/supportingDocumentation/2026-01-22_pq-482-483b-22-01-2026_en.xlsx,https://www.oireachtas.ie/en/debates/question/2026-01-22/483/
2021,China (Including Hong Kong),292,data/raw/pq_attachments/2026-01-22_pq-482-483b-22-01-2026_en.xlsx,https://data.oireachtas.ie/ie/oireachtas/debates/questions/supportingDocumentation/2026-01-22_pq-482-483b-22-01-2026_en.xlsx,https://www.oireachtas.ie/en/debates/question/2026-01-22/483/
2021,Latvia,237,data/raw/pq_attachments/2026-01-22_pq-482-483b-22-01-2026_en.xlsx,https://data.oireachtas.ie/ie/oireachtas/debates/questions/supportingDocumentation/2026-01-22_pq-482-483b-22-01-2026_en.xlsx,https://www.oireachtas.ie/en/debates/question/2026-01-22/483/
2021,Philippines,216,data/raw/pq_attachments/2026-01-22_pq-482-483b-22-01-2026_en.xlsx,https://data.oireachtas.ie/ie/oireachtas/debates/questions/supportingDocumentation/2026-01-22_pq-482-483b-22-01-2026_en.xlsx,https://www.oireachtas.ie/en/debates/question/2026-01-22/483/
2021,United States Of America,198,data/raw/pq_attachments/2026-01-22_pq-482-483b-22-01-2026_en.xlsx,https://data.oireachtas.ie/ie/oireachtas/debates/questions/supportingDocumentation/2026-01-22_pq-482-483b-22-01-2026_en.xlsx,https://www.oireachtas.ie/en/debates/question/2026-01-22/483/
2021,South Africa,177,data/raw/pq_attachments/2026-01-22_pq-482-483b-22-01-2026_en.xlsx,https://data.oireachtas.ie/ie/oireachtas/debates/questions/supportingDocumentation/2026-01-22_pq-482-483b-22-01-2026_en.xlsx,https://www.oireachtas.ie/en/debates/question/2026-01-22/483/
2021,Syrian Arab Republic,152,data/raw/pq_attachments/2026-01-22_pq-482-483b-22-01-2026_en.xlsx,https://data.oireachtas.ie/ie/oireachtas/debates/questions/supportingDocumentation/2026-01-22_pq-482-483b-22-01-2026_en.xlsx,https://www.oireachtas.ie/en/debates/question/2026-01-22/483/
2021,Ukraine,148,data/raw/pq_attachments/2026-01-22_pq-482-483b-22-01-2026_en.xlsx,https://data.oireachtas.ie/ie/oireachtas/debates/questions/supportingDocumentation/2026-01-22_pq-482-483b-22-01-2026_en.xlsx,https://www.oireachtas.ie/en/debates/question/2026-01-22/483/
2021,Bangladesh,146,data/raw/pq_attachments/2026-01-22_pq-482-483b-22-01-2026_en.xlsx,https://data.oireachtas.ie/ie/oireachtas/debates/questions/supportingDocumentation/2026-01-22_pq-482-483b-22-01-2026_en.xlsx,https://www.oireachtas.ie/en/debates/question/2026-01-22/483/
2021,Hungary,113,data/raw/pq_attachments/2026-01-22_pq-482-483b-22-01-2026_en.xlsx,https://data.oireachtas.ie/ie/oireachtas/debates/questions/supportingDocumentation/2026-01-22_pq-482-483b-22-01-2026_en.xlsx,https://www.oireachtas.ie/en/debates/question/2026-01-22/483/
2021,Russian Federation,113,data/raw/pq_attachments/2026-01-22_pq-482-483b-22-01-2026_en.xlsx,https://data.oireachtas.ie/ie/oireachtas/debates/questions/supportingDocumentation/2026-01-22_pq-482-483b-22-01-2026_en.xlsx,https://www.oireachtas.ie/en/debates/question/2026-01-22/483/
2021,Lithuania,111,data/raw/pq_attachments/2026-01-22_pq-482-483b-22-01-2026_en.xlsx,https://data.oireachtas.ie/ie/oireachtas/debates/questions/supportingDocumentation/2026-01-22_pq-482-483b-22-01-2026_en.xlsx,https://www.oireachtas.ie/en/debates/question/2026-01-22/483/
2021,Egypt,108,data/raw/pq_attachments/2026-01-22_pq-482-483b-22-01-2026_en.xlsx,https://data.oireachtas.ie/ie/oireachtas/debates/questions/supportingDocumentation/2026-01-22_pq-482-483b-22-01-2026_en.xlsx,https://www.oireachtas.ie/en/debates/question/2026-01-22/483/
2021,Sudan,108,data/raw/pq_attachments/2026-01-22_pq-482-483b-22-01-2026_en.xlsx,https://data.oireachtas.ie/ie/oireachtas/debates/questions/supportingDocumentation/2026-01-22_pq-482-483b-22-01-2026_en.xlsx,https://www.oireachtas.ie/en/debates/question/2026-01-22/483/
2021,"Congo, The Democratic Republic Of The",101,data/raw/pq_attachments/2026-01-22_pq-482-483b-22-01-2026_en.xlsx,https://data.oireachtas.ie/ie/oireachtas/debates/questions/supportingDocumentation/2026-01-22_pq-482-483b-22-01-2026_en.xlsx,https://www.oireachtas.ie/en/debates/question/2026-01-22/483/
2021,Türkiye,101,data/raw/pq_attachments/2026-01-22_pq-482-483b-22-01-2026_en.xlsx,https://data.oireachtas.ie/ie/oireachtas/debates/questions/supportingDocumentation/2026-01-22_pq-482-483b-22-01-2026_en.xlsx,https://www.oireachtas.ie/en/debates/question/2026-01-22/483/
2021,Zimbabwe,90,data/raw/pq_attachments/2026-01-22_pq-482-483b-22-01-2026_en.xlsx,https://data.oireachtas.ie/ie/oireachtas/debates/questions/supportingDocumentation/2026-01-22_pq-482-483b-22-01-2026_en.xlsx,https://www.oireachtas.ie/en/debates/question/2026-01-22/483/
2021,Mauritius,85,data/raw/pq_attachments/2026-01-22_pq-482-483b-22-01-2026_en.xlsx,https://data.oireachtas.ie/ie/oireachtas/debates/questions/supportingDocumentation/2026-01-22_pq-482-483b-22-01-2026_en.xlsx,https://www.oireachtas.ie/en/debates/question/2026-01-22/483/
2021,Thailand,83,data/raw/pq_attachments/2026-01-22_pq-482-483b-22-01-2026_en.xlsx,https://data.oireachtas.ie/ie/oireachtas/debates/questions/supportingDocumentation/2026-01-22_pq-482-483b-22-01-2026_en.xlsx,https://www.oireachtas.ie/en/debates/question/2026-01-22/483/
2021,Afghanistan,81,data/raw/pq_attachments/2026-01-22_pq-482-483b-22-01-2026_en.xlsx,https://data.oireachtas.ie/ie/oireachtas/debates/questions/supportingDocumentation/2026-01-22_pq-482-483b-22-01-2026_en.xlsx,https://www.oireachtas.ie/en/debates/question/2026-01-22/483/
2021,Bulgaria,74,data/raw/pq_attachments/2026-01-22_pq-482-483b-22-01-2026_en.xlsx,https://data.oireachtas.ie/ie/oireachtas/debates/questions/supportingDocumentation/2026-01-22_pq-482-483b-22-01-2026_en.xlsx,https://www.oireachtas.ie/en/debates/question/2026-01-22/483/
2021,Malaysia,69,data/raw/pq_attachments/2026-01-22_pq-482-483b-22-01-2026_en.xlsx,https://data.oireachtas.ie/ie/oireachtas/debates/questions/supportingDocumentation/2026-01-22_pq-482-483b-22-01-2026_en.xlsx,https://www.oireachtas.ie/en/debates/question/2026-01-22/483/
2021,Australia,67,data/raw/pq_attachments/2026-01-22_pq-482-483b-22-01-2026_en.xlsx,https://data.oireachtas.ie/ie/oireachtas/debates/questions/supportingDocumentation/2026-01-22_pq-482-483b-22-01-2026_en.xlsx,https://www.oireachtas.ie/en/debates/question/2026-01-22/483/
2021,Iraq,65,data/raw/pq_attachments/2026-01-22_pq-482-483b-22-01-2026_en.xlsx,https://data.oireachtas.ie/ie/oireachtas/debates/questions/supportingDocumentation/2026-01-22_pq-482-483b-22-01-2026_en.xlsx,https://www.oireachtas.ie/en/debates/question/2026-01-22/483/
2021,Italy,64,data/raw/pq_attachments/2026-01-22_pq-482-483b-22-01-2026_en.xlsx,https://data.oireachtas.ie/ie/oireachtas/debates/questions/supportingDocumentation/2026-01-22_pq-482-483b-22-01-2026_en.xlsx,https://www.oireachtas.ie/en/debates/question/2026-01-22/483/
2021,Somalia,64,data/raw/pq_attachments/2026-01-22_pq-482-483b-22-01-2026_en.xlsx,https://data.oireachtas.ie/ie/oireachtas/debates/questions/supportingDocumentation/2026-01-22_pq-482-483b-22-01-2026_en.xlsx,https://www.oireachtas.ie/en/debates/question/2026-01-22/483/
2021,Albania,57,data/raw/pq_attachments/2026-01-22_pq-482-483b-22-01-2026_en.xlsx,https://data.oireachtas.ie/ie/oireachtas/debates/questions/supportingDocumentation/2026-01-22_pq-482-483b-22-01-2026_en.xlsx,https://www.oireachtas.ie/en/debates/question/2026-01-22/483/
2021,Venezuela,57,data/raw/pq_attachments/2026-01-22_pq-482-483b-22-01-2026_en.xlsx,https://data.oireachtas.ie/ie/oireachtas/debates/questions/supportingDocumentation/2026-01-22_pq-482-483b-22-01-2026_en.xlsx,https://www.oireachtas.ie/en/debates/question/2026-01-22/483/
2021,Algeria,51,data/raw/pq_attachments/2026-01-22_pq-482-483b-22-01-2026_en.xlsx,https://data.oireachtas.ie/ie/oireachtas/debates/questions/supportingDocumentation/2026-01-22_pq-482-483b-22-01-2026_en.xlsx,https://www.oireachtas.ie/en/debates/question/2026-01-22/483/
2021,Ghana,51,data/raw/pq_attachments/2026-01-22_pq-482-483b-22-01-2026_en.xlsx,https://data.oireachtas.ie/ie/oireachtas/debates/questions/supportingDocumentation/2026-01-22_pq-482-483b-22-01-2026_en.xlsx,https://www.oireachtas.ie/en/debates/question/2026-01-22/483/
2021,Iran (Islamic Republic Of),49,data/raw/pq_attachments/2026-01-22_pq-482-483b-22-01-2026_en.xlsx,https://data.oireachtas.ie/ie/oireachtas/debates/questions/supportingDocumentation/2026-01-22_pq-482-483b-22-01-2026_en.xlsx,https://www.oireachtas.ie/en/debates/question/2026-01-22/483/
2021,Canada,48,data/raw/pq_attachments/2026-01-22_pq-482-483b-22-01-2026_en.xlsx,https://data.oireachtas.ie/ie/oireachtas/debates/questions/supportingDocumentation/2026-01-22_pq-482-483b-22-01-2026_en.xlsx,https://www.oireachtas.ie/en/debates/question/2026-01-22/483/
2021,Croatia,48,data/raw/pq_attachments/2026-01-22_pq-482-483b-22-01-2026_en.xlsx,https://data.oireachtas.ie/ie/oireachtas/debates/questions/supportingDocumentation/2026-01-22_pq-482-483b-22-01-2026_en.xlsx,https://www.oireachtas.ie/en/debates/question/2026-01-22/483/
2021,Cameroon,46,data/raw/pq_attachments/2026-01-22_pq-482-483b-22-01-2026_en.xlsx,https://data.oireachtas.ie/ie/oireachtas/debates/questions/supportingDocumentation/2026-01-22_pq-482-483b-22-01-2026_en.xlsx,https://www.oireachtas.ie/en/debates/question/2026-01-22/483/
2021,"Moldova, Republic Of",42,data/raw/pq_attachments/2026-01-22_pq-482-483b-22-01-2026_en.xlsx,https://data.oireachtas.ie/ie/oireachtas/debates/questions/supportingDocumentation/2026-01-22_pq-482-483b-22-01-2026_en.xlsx,https://www.oireachtas.ie/en/debates/question/2026-01-22/483/
2021,Viet Nam,41,data/raw/pq_attachments/2026-01-22_pq-482-483b-22-01-2026_en.xlsx,https://data.oireachtas.ie/ie/oireachtas/debates/questions/supportingDocumentation/2026-01-22_pq-482-483b-22-01-2026_en.xlsx,https://www.oireachtas.ie/en/debates/question/2026-01-22/483/
2021,Morocco,38,data/raw/pq_attachments/2026-01-22_pq-482-483b-22-01-2026_en.xlsx,https://data.oireachtas.ie/ie/oireachtas/debates/questions/supportingDocumentation/2026-01-22_pq-482-483b-22-01-2026_en.xlsx,https://www.oireachtas.ie/en/debates/question/2026-01-22/483/
2021,Libyan Arab Jamahiriya,36,data/raw/pq_attachments/2026-01-22_pq-482-483b-22-01-2026_en.xlsx,https://data.oireachtas.ie/ie/oireachtas/debates/questions/supportingDocumentation/2026-01-22_pq-482-483b-22-01-2026_en.xlsx,https://www.oireachtas.ie/en/debates/question/2026-01-22/483/
2021,Sri Lanka,36,data/raw/pq_attachments/2026-01-22_pq-482-483b-22-01-2026_en.xlsx,https://data.oireachtas.ie/ie/oireachtas/debates/questions/supportingDocumentation/2026-01-22_pq-482-483b-22-01-2026_en.xlsx,https://www.oireachtas.ie/en/debates/question/2026-01-22/483/
2021,Georgia,35,data/raw/pq_attachments/2026-01-22_pq-482-483b-22-01-2026_en.xlsx,https://data.oireachtas.ie/ie/oireachtas/debates/questions/supportingDocumentation/2026-01-22_pq-482-483b-22-01-2026_en.xlsx,https://www.oireachtas.ie/en/debates/question/2026-01-22/483/
2021,Germany,35,data/raw/pq_attachments/2026-01-22_pq-482-483b-22-01-2026_en.xlsx,https://data.oireachtas.ie/ie/oireachtas/debates/questions/supportingDocumentation/2026-01-22_pq-482-483b-22-01-2026_en.xlsx,https://www.oireachtas.ie/en/debates/question/2026-01-22/483/
2021,Mexico,34,data/raw/pq_attachments/2026-01-22_pq-482-483b-22-01-2026_en.xlsx,https://data.oireachtas.ie/ie/oireachtas/debates/questions/supportingDocumentation/2026-01-22_pq-482-483b-22-01-2026_en.xlsx,https://www.oireachtas.ie/en/debates/question/2026-01-22/483/
2021,France,29,data/raw/pq_attachments/2026-01-22_pq-482-483b-22-01-2026_en.xlsx,https://data.oireachtas.ie/ie/oireachtas/debates/questions/supportingDocumentation/2026-01-22_pq-482-483b-22-01-2026_en.xlsx,https://www.oireachtas.ie/en/debates/question/2026-01-22/483/
2021,New Zealand,28,data/raw/pq_attachments/2026-01-22_pq-482-483b-22-01-2026_en.xlsx,https://data.oireachtas.ie/ie/oireachtas/debates/questions/supportingDocumentation/2026-01-22_pq-482-483b-22-01-2026_en.xlsx,https://www.oireachtas.ie/en/debates/question/2026-01-22/483/
2021,Kenya,27,data/raw/pq_attachments/2026-01-22_pq-482-483b-22-01-2026_en.xlsx,https://data.oireachtas.ie/ie/oireachtas/debates/questions/supportingDocumentation/2026-01-22_pq-482-483b-22-01-2026_en.xlsx,https://www.oireachtas.ie/en/debates/question/2026-01-22/483/
2021,Lebanon,27,data/raw/pq_attachments/2026-01-22_pq-482-483b-22-01-2026_en.xlsx,https://data.oireachtas.ie/ie/oireachtas/debates/questions/supportingDocumentation/2026-01-22_pq-482-483b-22-01-2026_en.xlsx,https://www.oireachtas.ie/en/debates/question/2026-01-22/483/
2021,Spain,26,data/raw/pq_attachments/2026-01-22_pq-482-483b-22-01-2026_en.xlsx,https://data.oireachtas.ie/ie/oireachtas/debates/questions/supportingDocumentation/2026-01-22_pq-482-483b-22-01-2026_en.xlsx,https://www.oireachtas.ie/en/debates/question/2026-01-22/483/
2021,Argentina,25,data/raw/pq_attachments/2026-01-22_pq-482-483b-22-01-2026_en.xlsx,https://data.oireachtas.ie/ie/oireachtas/debates/questions/supportingDocumentation/2026-01-22_pq-482-483b-22-01-2026_en.xlsx,https://www.oireachtas.ie/en/debates/question/2026-01-22/483/
2021,Mongolia,25,data/raw/pq_attachments/2026-01-22_pq-482-483b-22-01-2026_en.xlsx,https://data.oireachtas.ie/ie/oireachtas/debates/questions/supportingDocumentation/2026-01-22_pq-482-483b-22-01-2026_en.xlsx,https://www.oireachtas.ie/en/debates/question/2026-01-22/483/
2021,Belarus,23,data/raw/pq_attachments/2026-01-22_pq-482-483b-22-01-2026_en.xlsx,https://data.oireachtas.ie/ie/oireachtas/debates/questions/supportingDocumentation/2026-01-22_pq-482-483b-22-01-2026_en.xlsx,https://www.oireachtas.ie/en/debates/question/2026-01-22/483/
2021,Kosovo / UNSCR 1244,23,data/raw/pq_attachments/2026-01-22_pq-482-483b-22-01-2026_en.xlsx,https://data.oireachtas.ie/ie/oireachtas/debates/questions/supportingDocumentation/2026-01-22_pq-482-483b-22-01-2026_en.xlsx,https://www.oireachtas.ie/en/debates/question/2026-01-22/483/
2021,Nepal,23,data/raw/pq_attachments/2026-01-22_pq-482-483b-22-01-2026_en.xlsx,https://data.oireachtas.ie/ie/oireachtas/debates/questions/supportingDocumentation/2026-01-22_pq-482-483b-22-01-2026_en.xlsx,https://www.oireachtas.ie/en/debates/question/2026-01-22/483/
2021,Estonia,22,data/raw/pq_attachments/2026-01-22_pq-482-483b-22-01-2026_en.xlsx,https://data.oireachtas.ie/ie/oireachtas/debates/questions/supportingDocumentation/2026-01-22_pq-482-483b-22-01-2026_en.xlsx,https://www.oireachtas.ie/en/debates/question/2026-01-22/483/
2021,Czech Republic,20,data/raw/pq_attachments/2026-01-22_pq-482-483b-22-01-2026_en.xlsx,https://data.oireachtas.ie/ie/oireachtas/debates/questions/supportingDocumentation/2026-01-22_pq-482-483b-22-01-2026_en.xlsx,https://www.oireachtas.ie/en/debates/question/2026-01-22/483/
2021,Israel,20,data/raw/pq_attachments/2026-01-22_pq-482-483b-22-01-2026_en.xlsx,https://data.oireachtas.ie/ie/oireachtas/debates/questions/supportingDocumentation/2026-01-22_pq-482-483b-22-01-2026_en.xlsx,https://www.oireachtas.ie/en/debates/question/2026-01-22/483/
2021,"Palestinian Territory, Occupied",20,data/raw/pq_attachments/2026-01-22_pq-482-483b-22-01-2026_en.xlsx,https://data.oireachtas.ie/ie/oireachtas/debates/questions/supportingDocumentation/2026-01-22_pq-482-483b-22-01-2026_en.xlsx,https://www.oireachtas.ie/en/debates/question/2026-01-22/483/
2021,Serbia,20,data/raw/pq_attachments/2026-01-22_pq-482-483b-22-01-2026_en.xlsx,https://data.oireachtas.ie/ie/oireachtas/debates/questions/supportingDocumentation/2026-01-22_pq-482-483b-22-01-2026_en.xlsx,https://www.oireachtas.ie/en/debates/question/2026-01-22/483/
2021,Angola,19,data/raw/pq_attachments/2026-01-22_pq-482-483b-22-01-2026_en.xlsx,https://data.oireachtas.ie/ie/oireachtas/debates/questions/supportingDocumentation/2026-01-22_pq-482-483b-22-01-2026_en.xlsx,https://www.oireachtas.ie/en/debates/question/2026-01-22/483/
2021,Malawi,19,data/raw/pq_attachments/2026-01-22_pq-482-483b-22-01-2026_en.xlsx,https://data.oireachtas.ie/ie/oireachtas/debates/questions/supportingDocumentation/2026-01-22_pq-482-483b-22-01-2026_en.xlsx,https://www.oireachtas.ie/en/debates/question/2026-01-22/483/
2021,Tunisia,19,data/raw/pq_attachments/2026-01-22_pq-482-483b-22-01-2026_en.xlsx,https://data.oireachtas.ie/ie/oireachtas/debates/questions/supportingDocumentation/2026-01-22_pq-482-483b-22-01-2026_en.xlsx,https://www.oireachtas.ie/en/debates/question/2026-01-22/483/
2021,Slovak Republic,18,data/raw/pq_attachments/2026-01-22_pq-482-483b-22-01-2026_en.xlsx,https://data.oireachtas.ie/ie/oireachtas/debates/questions/supportingDocumentation/2026-01-22_pq-482-483b-22-01-2026_en.xlsx,https://www.oireachtas.ie/en/debates/question/2026-01-22/483/
2021,Togo,18,data/raw/pq_attachments/2026-01-22_pq-482-483b-22-01-2026_en.xlsx,https://data.oireachtas.ie/ie/oireachtas/debates/questions/supportingDocumentation/2026-01-22_pq-482-483b-22-01-2026_en.xlsx,https://www.oireachtas.ie/en/debates/question/2026-01-22/483/
2021,Uganda,18,data/raw/pq_attachments/2026-01-22_pq-482-483b-22-01-2026_en.xlsx,https://data.oireachtas.ie/ie/oireachtas/debates/questions/supportingDocumentation/2026-01-22_pq-482-483b-22-01-2026_en.xlsx,https://www.oireachtas.ie/en/debates/question/2026-01-22/483/
2021,Cote D'Ivoire,17,data/raw/pq_attachments/2026-01-22_pq-482-483b-22-01-2026_en.xlsx,https://data.oireachtas.ie/ie/oireachtas/debates/questions/supportingDocumentation/2026-01-22_pq-482-483b-22-01-2026_en.xlsx,https://www.oireachtas.ie/en/debates/question/2026-01-22/483/
2021,Colombia,15,data/raw/pq_attachments/2026-01-22_pq-482-483b-22-01-2026_en.xlsx,https://data.oireachtas.ie/ie/oireachtas/debates/questions/supportingDocumentation/2026-01-22_pq-482-483b-22-01-2026_en.xlsx,https://www.oireachtas.ie/en/debates/question/2026-01-22/483/
2021,Ethiopia,15,data/raw/pq_attachments/2026-01-22_pq-482-483b-22-01-2026_en.xlsx,https://data.oireachtas.ie/ie/oireachtas/debates/questions/supportingDocumentation/2026-01-22_pq-482-483b-22-01-2026_en.xlsx,https://www.oireachtas.ie/en/debates/question/2026-01-22/483/
2021,Jordan,14,data/raw/pq_attachments/2026-01-22_pq-482-483b-22-01-2026_en.xlsx,https://data.oireachtas.ie/ie/oireachtas/debates/questions/supportingDocumentation/2026-01-22_pq-482-483b-22-01-2026_en.xlsx,https://www.oireachtas.ie/en/debates/question/2026-01-22/483/
2021,Guinea,12,data/raw/pq_attachments/2026-01-22_pq-482-483b-22-01-2026_en.xlsx,https://data.oireachtas.ie/ie/oireachtas/debates/questions/supportingDocumentation/2026-01-22_pq-482-483b-22-01-2026_en.xlsx,https://www.oireachtas.ie/en/debates/question/2026-01-22/483/
2021,Botswana,11,data/raw/pq_attachments/2026-01-22_pq-482-483b-22-01-2026_en.xlsx,https://data.oireachtas.ie/ie/oireachtas/debates/questions/supportingDocumentation/2026-01-22_pq-482-483b-22-01-2026_en.xlsx,https://www.oireachtas.ie/en/debates/question/2026-01-22/483/
2021,Eritrea,11,data/raw/pq_attachments/2026-01-22_pq-482-483b-22-01-2026_en.xlsx,https://data.oireachtas.ie/ie/oireachtas/debates/questions/supportingDocumentation/2026-01-22_pq-482-483b-22-01-2026_en.xlsx,https://www.oireachtas.ie/en/debates/question/2026-01-22/483/
2021,"Korea, Republic Of (South Korea)",11,data/raw/pq_attachments/2026-01-22_pq-482-483b-22-01-2026_en.xlsx,https://data.oireachtas.ie/ie/oireachtas/debates/questions/supportingDocumentation/2026-01-22_pq-482-483b-22-01-2026_en.xlsx,https://www.oireachtas.ie/en/debates/question/2026-01-22/483/
2021,Indonesia,10,data/raw/pq_attachments/2026-01-22_pq-482-483b-22-01-2026_en.xlsx,https://data.oireachtas.ie/ie/oireachtas/debates/questions/supportingDocumentation/2026-01-22_pq-482-483b-22-01-2026_en.xlsx,https://www.oireachtas.ie/en/debates/question/2026-01-22/483/
2021,Portugal,10,data/raw/pq_attachments/2026-01-22_pq-482-483b-22-01-2026_en.xlsx,https://data.oireachtas.ie/ie/oireachtas/debates/questions/supportingDocumentation/2026-01-22_pq-482-483b-22-01-2026_en.xlsx,https://www.oireachtas.ie/en/debates/question/2026-01-22/483/
2021,Taiwan,10,data/raw/pq_attachments/2026-01-22_pq-482-483b-22-01-2026_en.xlsx,https://data.oireachtas.ie/ie/oireachtas/debates/questions/supportingDocumentation/2026-01-22_pq-482-483b-22-01-2026_en.xlsx,https://www.oireachtas.ie/en/debates/question/2026-01-22/483/
2021,Rest of World,238,data/raw/pq_attachments/2026-01-22_pq-482-483b-22-01-2026_en.xlsx,https://data.oireachtas.ie/ie/oireachtas/debates/questions/supportingDocumentation/2026-01-22_pq-482-483b-22-01-2026_en.xlsx,https://www.oireachtas.ie/en/debates/question/2026-01-22/483/
2022,United Kingdom,1255,data/raw/pq_attachments/2026-01-22_pq-482-483b-22-01-2026_en.xlsx,https://data.oireachtas.ie/ie/oireachtas/debates/questions/supportingDocumentation/2026-01-22_pq-482-483b-22-01-2026_en.xlsx,https://www.oireachtas.ie/en/debates/question/2026-01-22/483/
2022,India,1177,data/raw/pq_attachments/2026-01-22_pq-482-483b-22-01-2026_en.xlsx,https://data.oireachtas.ie/ie/oireachtas/debates/questions/supportingDocumentation/2026-01-22_pq-482-483b-22-01-2026_en.xlsx,https://www.oireachtas.ie/en/debates/question/2026-01-22/483/
2022,Pakistan,1065,data/raw/pq_attachments/2026-01-22_pq-482-483b-22-01-2026_en.xlsx,https://data.oireachtas.ie/ie/oireachtas/debates/questions/supportingDocumentation/2026-01-22_pq-482-483b-22-01-2026_en.xlsx,https://www.oireachtas.ie/en/debates/question/2026-01-22/483/
2022,Romania,893,data/raw/pq_attachments/2026-01-22_pq-482-483b-22-01-2026_en.xlsx,https://data.oireachtas.ie/ie/oireachtas/debates/questions/supportingDocumentation/2026-01-22_pq-482-483b-22-01-2026_en.xlsx,https://www.oireachtas.ie/en/debates/question/2026-01-22/483/
2022,Poland,874,data/raw/pq_attachments/2026-01-22_pq-482-483b-22-01-2026_en.xlsx,https://data.oireachtas.ie/ie/oireachtas/debates/questions/supportingDocumentation/2026-01-22_pq-482-483b-22-01-2026_en.xlsx,https://www.oireachtas.ie/en/debates/question/2026-01-22/483/
2022,Nigeria,784,data/raw/pq_attachments/2026-01-22_pq-482-483b-22-01-2026_en.xlsx,https://data.oireachtas.ie/ie/oireachtas/debates/questions/supportingDocumentation/2026-01-22_pq-482-483b-22-01-2026_en.xlsx,https://www.oireachtas.ie/en/debates/question/2026-01-22/483/
2022,Syrian Arab Republic,636,data/raw/pq_attachments/2026-01-22_pq-482-483b-22-01-2026_en.xlsx,https://data.oireachtas.ie/ie/oireachtas/debates/questions/supportingDocumentation/2026-01-22_pq-482-483b-22-01-2026_en.xlsx,https://www.oireachtas.ie/en/debates/question/2026-01-22/483/
2022,Brazil,523,data/raw/pq_attachments/2026-01-22_pq-482-483b-22-01-2026_en.xlsx,https://data.oireachtas.ie/ie/oireachtas/debates/questions/supportingDocumentation/2026-01-22_pq-482-483b-22-01-2026_en.xlsx,https://www.oireachtas.ie/en/debates/question/2026-01-22/483/
2022,China (Including Hong Kong),389,data/raw/pq_attachments/2026-01-22_pq-482-483b-22-01-2026_en.xlsx,https://data.oireachtas.ie/ie/oireachtas/debates/questions/supportingDocumentation/2026-01-22_pq-482-483b-22-01-2026_en.xlsx,https://www.oireachtas.ie/en/debates/question/2026-01-22/483/
2022,Philippines,333,data/raw/pq_attachments/2026-01-22_pq-482-483b-22-01-2026_en.xlsx,https://data.oireachtas.ie/ie/oireachtas/debates/questions/supportingDocumentation/2026-01-22_pq-482-483b-22-01-2026_en.xlsx,https://www.oireachtas.ie/en/debates/question/2026-01-22/483/
2022,United States Of America,332,data/raw/pq_attachments/2026-01-22_pq-482-483b-22-01-2026_en.xlsx,https://data.oireachtas.ie/ie/oireachtas/debates/questions/supportingDocumentation/2026-01-22_pq-482-483b-22-01-2026_en.xlsx,https://www.oireachtas.ie/en/debates/question/2026-01-22/483/
2022,South Africa,258,data/raw/pq_attachments/2026-01-22_pq-482-483b-22-01-2026_en.xlsx,https://data.oireachtas.ie/ie/oireachtas/debates/questions/supportingDocumentation/2026-01-22_pq-482-483b-22-01-2026_en.xlsx,https://www.oireachtas.ie/en/debates/question/2026-01-22/483/
2022,Bangladesh,233,data/raw/pq_attachments/2026-01-22_pq-482-483b-22-01-2026_en.xlsx,https://data.oireachtas.ie/ie/oireachtas/debates/questions/supportingDocumentation/2026-01-22_pq-482-483b-22-01-2026_en.xlsx,https://www.oireachtas.ie/en/debates/question/2026-01-22/483/
2022,Russian Federation,198,data/raw/pq_attachments/2026-01-22_pq-482-483b-22-01-2026_en.xlsx,https://data.oireachtas.ie/ie/oireachtas/debates/questions/supportingDocumentation/2026-01-22_pq-482-483b-22-01-2026_en.xlsx,https://www.oireachtas.ie/en/debates/question/2026-01-22/483/
2022,Latvia,194,data/raw/pq_attachments/2026-01-22_pq-482-483b-22-01-2026_en.xlsx,https://data.oireachtas.ie/ie/oireachtas/debates/questions/supportingDocumentation/2026-01-22_pq-482-483b-22-01-2026_en.xlsx,https://www.oireachtas.ie/en/debates/question/2026-01-22/483/
2022,Egypt,193,data/raw/pq_attachments/2026-01-22_pq-482-483b-22-01-2026_en.xlsx,https://data.oireachtas.ie/ie/oireachtas/debates/questions/supportingDocumentation/2026-01-22_pq-482-483b-22-01-2026_en.xlsx,https://www.oireachtas.ie/en/debates/question/2026-01-22/483/
2022,Ukraine,177,data/raw/pq_attachments/2026-01-22_pq-482-483b-22-01-2026_en.xlsx,https://data.oireachtas.ie/ie/oireachtas/debates/questions/supportingDocumentation/2026-01-22_pq-482-483b-22-01-2026_en.xlsx,https://www.oireachtas.ie/en/debates/question/2026-01-22/483/
2022,Afghanistan,165,data/raw/pq_attachments/2026-01-22_pq-482-483b-22-01-2026_en.xlsx,https://data.oireachtas.ie/ie/oireachtas/debates/questions/supportingDocumentation/2026-01-22_pq-482-483b-22-01-2026_en.xlsx,https://www.oireachtas.ie/en/debates/question/2026-01-22/483/
2022,Sudan,164,data/raw/pq_attachments/2026-01-22_pq-482-483b-22-01-2026_en.xlsx,https://data.oireachtas.ie/ie/oireachtas/debates/questions/supportingDocumentation/2026-01-22_pq-482-483b-22-01-2026_en.xlsx,https://www.oireachtas.ie/en/debates/question/2026-01-22/483/
2022,Iraq,160,data/raw/pq_attachments/2026-01-22_pq-482-483b-22-01-2026_en.xlsx,https://data.oireachtas.ie/ie/oireachtas/debates/questions/supportingDocumentation/2026-01-22_pq-482-483b-22-01-2026_en.xlsx,https://www.oireachtas.ie/en/debates/question/2026-01-22/483/
2022,Hungary,137,data/raw/pq_attachments/2026-01-22_pq-482-483b-22-01-2026_en.xlsx,https://data.oireachtas.ie/ie/oireachtas/debates/questions/supportingDocumentation/2026-01-22_pq-482-483b-22-01-2026_en.xlsx,https://www.oireachtas.ie/en/debates/question/2026-01-22/483/
2022,Somalia,136,data/raw/pq_attachments/2026-01-22_pq-482-483b-22-01-2026_en.xlsx,https://data.oireachtas.ie/ie/oireachtas/debates/questions/supportingDocumentation/2026-01-22_pq-482-483b-22-01-2026_en.xlsx,https://www.oireachtas.ie/en/debates/question/2026-01-22/483/
2022,Lithuania,129,data/raw/pq_attachments/2026-01-22_pq-482-483b-22-01-2026_en.xlsx,https://data.oireachtas.ie/ie/oireachtas/debates/questions/supportingDocumentation/2026-01-22_pq-482-483b-22-01-2026_en.xlsx,https://www.oireachtas.ie/en/debates/question/2026-01-22/483/
2022,"Congo, The Democratic Republic Of The",127,data/raw/pq_attachments/2026-01-22_pq-482-483b-22-01-2026_en.xlsx,https://data.oireachtas.ie/ie/oireachtas/debates/questions/supportingDocumentation/2026-01-22_pq-482-483b-22-01-2026_en.xlsx,https://www.oireachtas.ie/en/debates/question/2026-01-22/483/
2022,Mauritius,123,data/raw/pq_attachments/2026-01-22_pq-482-483b-22-01-2026_en.xlsx,https://data.oireachtas.ie/ie/oireachtas/debates/questions/supportingDocumentation/2026-01-22_pq-482-483b-22-01-2026_en.xlsx,https://www.oireachtas.ie/en/debates/question/2026-01-22/483/
2022,Türkiye,120,data/raw/pq_attachments/2026-01-22_pq-482-483b-22-01-2026_en.xlsx,https://data.oireachtas.ie/ie/oireachtas/debates/questions/supportingDocumentation/2026-01-22_pq-482-483b-22-01-2026_en.xlsx,https://www.oireachtas.ie/en/debates/question/2026-01-22/483/
2022,Zimbabwe,113,data/raw/pq_attachments/2026-01-22_pq-482-483b-22-01-2026_en.xlsx,https://data.oireachtas.ie/ie/oireachtas/debates/questions/supportingDocumentation/2026-01-22_pq-482-483b-22-01-2026_en.xlsx,https://www.oireachtas.ie/en/debates/question/2026-01-22/483/
2022,Venezuela,109,data/raw/pq_attachments/2026-01-22_pq-482-483b-22-01-2026_en.xlsx,https://data.oireachtas.ie/ie/oireachtas/debates/questions/supportingDocumentation/2026-01-22_pq-482-483b-22-01-2026_en.xlsx,https://www.oireachtas.ie/en/debates/question/2026-01-22/483/
2022,Italy,103,data/raw/pq_attachments/2026-01-22_pq-482-483b-22-01-2026_en.xlsx,https://data.oireachtas.ie/ie/oireachtas/debates/questions/supportingDocumentation/2026-01-22_pq-482-483b-22-01-2026_en.xlsx,https://www.oireachtas.ie/en/debates/question/2026-01-22/483/
2022,Thailand,98,data/raw/pq_attachments/2026-01-22_pq-482-483b-22-01-2026_en.xlsx,https://data.oireachtas.ie/ie/oireachtas/debates/questions/supportingDocumentation/2026-01-22_pq-482-483b-22-01-2026_en.xlsx,https://www.oireachtas.ie/en/debates/question/2026-01-22/483/
2022,Iran (Islamic Republic Of),92,data/raw/pq_attachments/2026-01-22_pq-482-483b-22-01-2026_en.xlsx,https://data.oireachtas.ie/ie/oireachtas/debates/questions/supportingDocumentation/2026-01-22_pq-482-483b-22-01-2026_en.xlsx,https://www.oireachtas.ie/en/debates/question/2026-01-22/483/
2022,Croatia,88,data/raw/pq_attachments/2026-01-22_pq-482-483b-22-01-2026_en.xlsx,https://data.oireachtas.ie/ie/oireachtas/debates/questions/supportingDocumentation/2026-01-22_pq-482-483b-22-01-2026_en.xlsx,https://www.oireachtas.ie/en/debates/question/2026-01-22/483/
2022,Algeria,87,data/raw/pq_attachments/2026-01-22_pq-482-483b-22-01-2026_en.xlsx,https://data.oireachtas.ie/ie/oireachtas/debates/questions/supportingDocumentation/2026-01-22_pq-482-483b-22-01-2026_en.xlsx,https://www.oireachtas.ie/en/debates/question/2026-01-22/483/
2022,Malaysia,87,data/raw/pq_attachments/2026-01-22_pq-482-483b-22-01-2026_en.xlsx,https://data.oireachtas.ie/ie/oireachtas/debates/questions/supportingDocumentation/2026-01-22_pq-482-483b-22-01-2026_en.xlsx,https://www.oireachtas.ie/en/debates/question/2026-01-22/483/
2022,Bulgaria,83,data/raw/pq_attachments/2026-01-22_pq-482-483b-22-01-2026_en.xlsx,https://data.oireachtas.ie/ie/oireachtas/debates/questions/supportingDocumentation/2026-01-22_pq-482-483b-22-01-2026_en.xlsx,https://www.oireachtas.ie/en/debates/question/2026-01-22/483/
2022,Australia,79,data/raw/pq_attachments/2026-01-22_pq-482-483b-22-01-2026_en.xlsx,https://data.oireachtas.ie/ie/oireachtas/debates/questions/supportingDocumentation/2026-01-22_pq-482-483b-22-01-2026_en.xlsx,https://www.oireachtas.ie/en/debates/question/2026-01-22/483/
2022,Albania,77,data/raw/pq_attachments/2026-01-22_pq-482-483b-22-01-2026_en.xlsx,https://data.oireachtas.ie/ie/oireachtas/debates/questions/supportingDocumentation/2026-01-22_pq-482-483b-22-01-2026_en.xlsx,https://www.oireachtas.ie/en/debates/question/2026-01-22/483/
2022,Ghana,72,data/raw/pq_attachments/2026-01-22_pq-482-483b-22-01-2026_en.xlsx,https://data.oireachtas.ie/ie/oireachtas/debates/questions/supportingDocumentation/2026-01-22_pq-482-483b-22-01-2026_en.xlsx,https://www.oireachtas.ie/en/debates/question/2026-01-22/483/
2022,Libyan Arab Jamahiriya,70,data/raw/pq_attachments/2026-01-22_pq-482-483b-22-01-2026_en.xlsx,https://data.oireachtas.ie/ie/oireachtas/debates/questions/supportingDocumentation/2026-01-22_pq-482-483b-22-01-2026_en.xlsx,https://www.oireachtas.ie/en/debates/question/2026-01-22/483/
2022,Georgia,66,data/raw/pq_attachments/2026-01-22_pq-482-483b-22-01-2026_en.xlsx,https://data.oireachtas.ie/ie/oireachtas/debates/questions/supportingDocumentation/2026-01-22_pq-482-483b-22-01-2026_en.xlsx,https://www.oireachtas.ie/en/debates/question/2026-01-22/483/
2022,Morocco,61,data/raw/pq_attachments/2026-01-22_pq-482-483b-22-01-2026_en.xlsx,https://data.oireachtas.ie/ie/oireachtas/debates/questions/supportingDocumentation/2026-01-22_pq-482-483b-22-01-2026_en.xlsx,https://www.oireachtas.ie/en/debates/question/2026-01-22/483/
2022,Canada,58,data/raw/pq_attachments/2026-01-22_pq-482-483b-22-01-2026_en.xlsx,https://data.oireachtas.ie/ie/oireachtas/debates/questions/supportingDocumentation/2026-01-22_pq-482-483b-22-01-2026_en.xlsx,https://www.oireachtas.ie/en/debates/question/2026-01-22/483/
2022,Cameroon,57,data/raw/pq_attachments/2026-01-22_pq-482-483b-22-01-2026_en.xlsx,https://data.oireachtas.ie/ie/oireachtas/debates/questions/supportingDocumentation/2026-01-22_pq-482-483b-22-01-2026_en.xlsx,https://www.oireachtas.ie/en/debates/question/2026-01-22/483/
2022,Kenya,54,data/raw/pq_attachments/2026-01-22_pq-482-483b-22-01-2026_en.xlsx,https://data.oireachtas.ie/ie/oireachtas/debates/questions/supportingDocumentation/2026-01-22_pq-482-483b-22-01-2026_en.xlsx,https://www.oireachtas.ie/en/debates/question/2026-01-22/483/
2022,Viet Nam,52,data/raw/pq_attachments/2026-01-22_pq-482-483b-22-01-2026_en.xlsx,https://data.oireachtas.ie/ie/oireachtas/debates/questions/supportingDocumentation/2026-01-22_pq-482-483b-22-01-2026_en.xlsx,https://www.oireachtas.ie/en/debates/question/2026-01-22/483/
2022,Mongolia,49,data/raw/pq_attachments/2026-01-22_pq-482-483b-22-01-2026_en.xlsx,https://data.oireachtas.ie/ie/oireachtas/debates/questions/supportingDocumentation/2026-01-22_pq-482-483b-22-01-2026_en.xlsx,https://www.oireachtas.ie/en/debates/question/2026-01-22/483/
2022,Slovak Republic,48,data/raw/pq_attachments/2026-01-22_pq-482-483b-22-01-2026_en.xlsx,https://data.oireachtas.ie/ie/oireachtas/debates/questions/supportingDocumentation/2026-01-22_pq-482-483b-22-01-2026_en.xlsx,https://www.oireachtas.ie/en/debates/question/2026-01-22/483/
2022,Sri Lanka,45,data/raw/pq_attachments/2026-01-22_pq-482-483b-22-01-2026_en.xlsx,https://data.oireachtas.ie/ie/oireachtas/debates/questions/supportingDocumentation/2026-01-22_pq-482-483b-22-01-2026_en.xlsx,https://www.oireachtas.ie/en/debates/question/2026-01-22/483/
2022,Mexico,44,data/raw/pq_attachments/2026-01-22_pq-482-483b-22-01-2026_en.xlsx,https://data.oireachtas.ie/ie/oireachtas/debates/questions/supportingDocumentation/2026-01-22_pq-482-483b-22-01-2026_en.xlsx,https://www.oireachtas.ie/en/debates/question/2026-01-22/483/
2022,France,42,data/raw/pq_attachments/2026-01-22_pq-482-483b-22-01-2026_en.xlsx,https://data.oireachtas.ie/ie/oireachtas/debates/questions/supportingDocumentation/2026-01-22_pq-482-483b-22-01-2026_en.xlsx,https://www.oireachtas.ie/en/debates/question/2026-01-22/483/
2022,Spain,42,data/raw/pq_attachments/2026-01-22_pq-482-483b-22-01-2026_en.xlsx,https://data.oireachtas.ie/ie/oireachtas/debates/questions/supportingDocumentation/2026-01-22_pq-482-483b-22-01-2026_en.xlsx,https://www.oireachtas.ie/en/debates/question/2026-01-22/483/
2022,Germany,41,data/raw/pq_attachments/2026-01-22_pq-482-483b-22-01-2026_en.xlsx,https://data.oireachtas.ie/ie/oireachtas/debates/questions/supportingDocumentation/2026-01-22_pq-482-483b-22-01-2026_en.xlsx,https://www.oireachtas.ie/en/debates/question/2026-01-22/483/
2022,"Palestinian Territory, Occupied",40,data/raw/pq_attachments/2026-01-22_pq-482-483b-22-01-2026_en.xlsx,https://data.oireachtas.ie/ie/oireachtas/debates/questions/supportingDocumentation/2026-01-22_pq-482-483b-22-01-2026_en.xlsx,https://www.oireachtas.ie/en/debates/question/2026-01-22/483/
2022,"Moldova, Republic Of",38,data/raw/pq_attachments/2026-01-22_pq-482-483b-22-01-2026_en.xlsx,https://data.oireachtas.ie/ie/oireachtas/debates/questions/supportingDocumentation/2026-01-22_pq-482-483b-22-01-2026_en.xlsx,https://www.oireachtas.ie/en/debates/question/2026-01-22/483/
2022,Nepal,35,data/raw/pq_attachments/2026-01-22_pq-482-483b-22-01-2026_en.xlsx,https://data.oireachtas.ie/ie/oireachtas/debates/questions/supportingDocumentation/2026-01-22_pq-482-483b-22-01-2026_en.xlsx,https://www.oireachtas.ie/en/debates/question/2026-01-22/483/
2022,Israel,34,data/raw/pq_attachments/2026-01-22_pq-482-483b-22-01-2026_en.xlsx,https://data.oireachtas.ie/ie/oireachtas/debates/questions/supportingDocumentation/2026-01-22_pq-482-483b-22-01-2026_en.xlsx,https://www.oireachtas.ie/en/debates/question/2026-01-22/483/
2022,Argentina,33,data/raw/pq_attachments/2026-01-22_pq-482-483b-22-01-2026_en.xlsx,https://data.oireachtas.ie/ie/oireachtas/debates/questions/supportingDocumentation/2026-01-22_pq-482-483b-22-01-2026_en.xlsx,https://www.oireachtas.ie/en/debates/question/2026-01-22/483/
2022,Portugal,32,data/raw/pq_attachments/2026-01-22_pq-482-483b-22-01-2026_en.xlsx,https://data.oireachtas.ie/ie/oireachtas/debates/questions/supportingDocumentation/2026-01-22_pq-482-483b-22-01-2026_en.xlsx,https://www.oireachtas.ie/en/debates/question/2026-01-22/483/
2022,Belarus,30,data/raw/pq_attachments/2026-01-22_pq-482-483b-22-01-2026_en.xlsx,https://data.oireachtas.ie/ie/oireachtas/debates/questions/supportingDocumentation/2026-01-22_pq-482-483b-22-01-2026_en.xlsx,https://www.oireachtas.ie/en/debates/question/2026-01-22/483/
2022,Czech Republic,30,data/raw/pq_attachments/2026-01-22_pq-482-483b-22-01-2026_en.xlsx,https://data.oireachtas.ie/ie/oireachtas/debates/questions/supportingDocumentation/2026-01-22_pq-482-483b-22-01-2026_en.xlsx,https://www.oireachtas.ie/en/debates/question/2026-01-22/483/
2022,Malawi,30,data/raw/pq_attachments/2026-01-22_pq-482-483b-22-01-2026_en.xlsx,https://data.oireachtas.ie/ie/oireachtas/debates/questions/supportingDocumentation/2026-01-22_pq-482-483b-22-01-2026_en.xlsx,https://www.oireachtas.ie/en/debates/question/2026-01-22/483/
2022,Colombia,27,data/raw/pq_attachments/2026-01-22_pq-482-483b-22-01-2026_en.xlsx,https://data.oireachtas.ie/ie/oireachtas/debates/questions/supportingDocumentation/2026-01-22_pq-482-483b-22-01-2026_en.xlsx,https://www.oireachtas.ie/en/debates/question/2026-01-22/483/
2022,Kuwait,27,data/raw/pq_attachments/2026-01-22_pq-482-483b-22-01-2026_en.xlsx,https://data.oireachtas.ie/ie/oireachtas/debates/questions/supportingDocumentation/2026-01-22_pq-482-483b-22-01-2026_en.xlsx,https://www.oireachtas.ie/en/debates/question/2026-01-22/483/
2022,New Zealand,27,data/raw/pq_attachments/2026-01-22_pq-482-483b-22-01-2026_en.xlsx,https://data.oireachtas.ie/ie/oireachtas/debates/questions/supportingDocumentation/2026-01-22_pq-482-483b-22-01-2026_en.xlsx,https://www.oireachtas.ie/en/debates/question/2026-01-22/483/
2022,Jordan,25,data/raw/pq_attachments/2026-01-22_pq-482-483b-22-01-2026_en.xlsx,https://data.oireachtas.ie/ie/oireachtas/debates/questions/supportingDocumentation/2026-01-22_pq-482-483b-22-01-2026_en.xlsx,https://www.oireachtas.ie/en/debates/question/2026-01-22/483/
2022,Uganda,25,data/raw/pq_attachments/2026-01-22_pq-482-483b-22-01-2026_en.xlsx,https://data.oireachtas.ie/ie/oireachtas/debates/questions/supportingDocumentation/2026-01-22_pq-482-483b-22-01-2026_en.xlsx,https://www.oireachtas.ie/en/debates/question/2026-01-22/483/
2022,Kosovo / UNSCR 1244,24,data/raw/pq_attachments/2026-01-22_pq-482-483b-22-01-2026_en.xlsx,https://data.oireachtas.ie/ie/oireachtas/debates/questions/supportingDocumentation/2026-01-22_pq-482-483b-22-01-2026_en.xlsx,https://www.oireachtas.ie/en/debates/question/2026-01-22/483/
2022,Tunisia,21,data/raw/pq_attachments/2026-01-22_pq-482-483b-22-01-2026_en.xlsx,https://data.oireachtas.ie/ie/oireachtas/debates/questions/supportingDocumentation/2026-01-22_pq-482-483b-22-01-2026_en.xlsx,https://www.oireachtas.ie/en/debates/question/2026-01-22/483/
2022,Estonia,20,data/raw/pq_attachments/2026-01-22_pq-482-483b-22-01-2026_en.xlsx,https://data.oireachtas.ie/ie/oireachtas/debates/questions/supportingDocumentation/2026-01-22_pq-482-483b-22-01-2026_en.xlsx,https://www.oireachtas.ie/en/debates/question/2026-01-22/483/
2022,Angola,19,data/raw/pq_attachments/2026-01-22_pq-482-483b-22-01-2026_en.xlsx,https://data.oireachtas.ie/ie/oireachtas/debates/questions/supportingDocumentation/2026-01-22_pq-482-483b-22-01-2026_en.xlsx,https://www.oireachtas.ie/en/debates/question/2026-01-22/483/
2022,Lebanon,18,data/raw/pq_attachments/2026-01-22_pq-482-483b-22-01-2026_en.xlsx,https://data.oireachtas.ie/ie/oireachtas/debates/questions/supportingDocumentation/2026-01-22_pq-482-483b-22-01-2026_en.xlsx,https://www.oireachtas.ie/en/debates/question/2026-01-22/483/
2022,Serbia,18,data/raw/pq_attachments/2026-01-22_pq-482-483b-22-01-2026_en.xlsx,https://data.oireachtas.ie/ie/oireachtas/debates/questions/supportingDocumentation/2026-01-22_pq-482-483b-22-01-2026_en.xlsx,https://www.oireachtas.ie/en/debates/question/2026-01-22/483/
2022,Ethiopia,17,data/raw/pq_attachments/2026-01-22_pq-482-483b-22-01-2026_en.xlsx,https://data.oireachtas.ie/ie/oireachtas/debates/questions/supportingDocumentation/2026-01-22_pq-482-483b-22-01-2026_en.xlsx,https://www.oireachtas.ie/en/debates/question/2026-01-22/483/
2022,Eritrea,16,data/raw/pq_attachments/2026-01-22_pq-482-483b-22-01-2026_en.xlsx,https://data.oireachtas.ie/ie/oireachtas/debates/questions/supportingDocumentation/2026-01-22_pq-482-483b-22-01-2026_en.xlsx,https://www.oireachtas.ie/en/debates/question/2026-01-22/483/
2022,Greece,16,data/raw/pq_attachments/2026-01-22_pq-482-483b-22-01-2026_en.xlsx,https://data.oireachtas.ie/ie/oireachtas/debates/questions/supportingDocumentation/2026-01-22_pq-482-483b-22-01-2026_en.xlsx,https://www.oireachtas.ie/en/debates/question/2026-01-22/483/
2022,Armenia,14,data/raw/pq_attachments/2026-01-22_pq-482-483b-22-01-2026_en.xlsx,https://data.oireachtas.ie/ie/oireachtas/debates/questions/supportingDocumentation/2026-01-22_pq-482-483b-22-01-2026_en.xlsx,https://www.oireachtas.ie/en/debates/question/2026-01-22/483/
2022,Guinea,14,data/raw/pq_attachments/2026-01-22_pq-482-483b-22-01-2026_en.xlsx,https://data.oireachtas.ie/ie/oireachtas/debates/questions/supportingDocumentation/2026-01-22_pq-482-483b-22-01-2026_en.xlsx,https://www.oireachtas.ie/en/debates/question/2026-01-22/483/
2022,"Tanzania, United Republic Of",13,data/raw/pq_attachments/2026-01-22_pq-482-483b-22-01-2026_en.xlsx,https://data.oireachtas.ie/ie/oireachtas/debates/questions/supportingDocumentation/2026-01-22_pq-482-483b-22-01-2026_en.xlsx,https://www.oireachtas.ie/en/debates/question/2026-01-22/483/
2022,Cote D'Ivoire,12,data/raw/pq_attachments/2026-01-22_pq-482-483b-22-01-2026_en.xlsx,https://data.oireachtas.ie/ie/oireachtas/debates/questions/supportingDocumentation/2026-01-22_pq-482-483b-22-01-2026_en.xlsx,https://www.oireachtas.ie/en/debates/question/2026-01-22/483/
2022,Togo,12,data/raw/pq_attachments/2026-01-22_pq-482-483b-22-01-2026_en.xlsx,https://data.oireachtas.ie/ie/oireachtas/debates/questions/supportingDocumentation/2026-01-22_pq-482-483b-22-01-2026_en.xlsx,https://www.oireachtas.ie/en/debates/question/2026-01-22/483/
2022,Bolivia,11,data/raw/pq_attachments/2026-01-22_pq-482-483b-22-01-2026_en.xlsx,https://data.oireachtas.ie/ie/oireachtas/debates/questions/supportingDocumentation/2026-01-22_pq-482-483b-22-01-2026_en.xlsx,https://www.oireachtas.ie/en/debates/question/2026-01-22/483/
2022,Botswana,11,data/raw/pq_attachments/2026-01-22_pq-482-483b-22-01-2026_en.xlsx,https://data.oireachtas.ie/ie/oireachtas/debates/questions/supportingDocumentation/2026-01-22_pq-482-483b-22-01-2026_en.xlsx,https://www.oireachtas.ie/en/debates/question/2026-01-22/483/
2022,Kazakhstan,11,data/raw/pq_attachments/2026-01-22_pq-482-483b-22-01-2026_en.xlsx,https://data.oireachtas.ie/ie/oireachtas/debates/questions/supportingDocumentation/2026-01-22_pq-482-483b-22-01-2026_en.xlsx,https://www.oireachtas.ie/en/debates/question/2026-01-22/483/
2022,Liberia,11,data/raw/pq_attachments/2026-01-22_pq-482-483b-22-01-2026_en.xlsx,https://data.oireachtas.ie/ie/oireachtas/debates/questions/supportingDocumentation/2026-01-22_pq-482-483b-22-01-2026_en.xlsx,https://www.oireachtas.ie/en/debates/question/2026-01-22/483/
2022,Sierra Leone,10,data/raw/pq_attachments/2026-01-22_pq-482-483b-22-01-2026_en.xlsx,https://data.oireachtas.ie/ie/oireachtas/debates/questions/supportingDocumentation/2026-01-22_pq-482-483b-22-01-2026_en.xlsx,https://www.oireachtas.ie/en/debates/question/2026-01-22/483/
2022,Rest of the World,283,data/raw/pq_attachments/2026-01-22_pq-482-483b-22-01-2026_en.xlsx,https://data.oireachtas.ie/ie/oireachtas/debates/questions/supportingDocumentation/2026-01-22_pq-482-483b-22-01-2026_en.xlsx,https://www.oireachtas.ie/en/debates/question/2026-01-22/483/
2023,India,2502,data/raw/pq_attachments/2026-01-22_pq-482-483b-22-01-2026_en.xlsx,https://data.oireachtas.ie/ie/oireachtas/debates/questions/supportingDocumentation/2026-01-22_pq-482-483b-22-01-2026_en.xlsx,https://www.oireachtas.ie/en/debates/question/2026-01-22/483/
2023,Nigeria,1173,data/raw/pq_attachments/2026-01-22_pq-482-483b-22-01-2026_en.xlsx,https://data.oireachtas.ie/ie/oireachtas/debates/questions/supportingDocumentation/2026-01-22_pq-482-483b-22-01-2026_en.xlsx,https://www.oireachtas.ie/en/debates/question/2026-01-22/483/
2023,Pakistan,1067,data/raw/pq_attachments/2026-01-22_pq-482-483b-22-01-2026_en.xlsx,https://data.oireachtas.ie/ie/oireachtas/debates/questions/supportingDocumentation/2026-01-22_pq-482-483b-22-01-2026_en.xlsx,https://www.oireachtas.ie/en/debates/question/2026-01-22/483/
2023,Romania,1007,data/raw/pq_attachments/2026-01-22_pq-482-483b-22-01-2026_en.xlsx,https://data.oireachtas.ie/ie/oireachtas/debates/questions/supportingDocumentation/2026-01-22_pq-482-483b-22-01-2026_en.xlsx,https://www.oireachtas.ie/en/debates/question/2026-01-22/483/
2023,United Kingdom,1004,data/raw/pq_attachments/2026-01-22_pq-482-483b-22-01-2026_en.xlsx,https://data.oireachtas.ie/ie/oireachtas/debates/questions/supportingDocumentation/2026-01-22_pq-482-483b-22-01-2026_en.xlsx,https://www.oireachtas.ie/en/debates/question/2026-01-22/483/
2023,Poland,990,data/raw/pq_attachments/2026-01-22_pq-482-483b-22-01-2026_en.xlsx,https://data.oireachtas.ie/ie/oireachtas/debates/questions/supportingDocumentation/2026-01-22_pq-482-483b-22-01-2026_en.xlsx,https://www.oireachtas.ie/en/debates/question/2026-01-22/483/
2023,China (Including Hong Kong),860,data/raw/pq_attachments/2026-01-22_pq-482-483b-22-01-2026_en.xlsx,https://data.oireachtas.ie/ie/oireachtas/debates/questions/supportingDocumentation/2026-01-22_pq-482-483b-22-01-2026_en.xlsx,https://www.oireachtas.ie/en/debates/question/2026-01-22/483/
2023,Brazil,842,data/raw/pq_attachments/2026-01-22_pq-482-483b-22-01-2026_en.xlsx,https://data.oireachtas.ie/ie/oireachtas/debates/questions/supportingDocumentation/2026-01-22_pq-482-483b-22-01-2026_en.xlsx,https://www.oireachtas.ie/en/debates/question/2026-01-22/483/
2023,Syrian Arab Republic,729,data/raw/pq_attachments/2026-01-22_pq-482-483b-22-01-2026_en.xlsx,https://data.oireachtas.ie/ie/oireachtas/debates/questions/supportingDocumentation/2026-01-22_pq-482-483b-22-01-2026_en.xlsx,https://www.oireachtas.ie/en/debates/question/2026-01-22/483/
2023,Philippines,698,data/raw/pq_attachments/2026-01-22_pq-482-483b-22-01-2026_en.xlsx,https://data.oireachtas.ie/ie/oireachtas/debates/questions/supportingDocumentation/2026-01-22_pq-482-483b-22-01-2026_en.xlsx,https://www.oireachtas.ie/en/debates/question/2026-01-22/483/
2023,Egypt,396,data/raw/pq_attachments/2026-01-22_pq-482-483b-22-01-2026_en.xlsx,https://data.oireachtas.ie/ie/oireachtas/debates/questions/supportingDocumentation/2026-01-22_pq-482-483b-22-01-2026_en.xlsx,https://www.oireachtas.ie/en/debates/question/2026-01-22/483/
2023,United States Of America,388,data/raw/pq_attachments/2026-01-22_pq-482-483b-22-01-2026_en.xlsx,https://data.oireachtas.ie/ie/oireachtas/debates/questions/supportingDocumentation/2026-01-22_pq-482-483b-22-01-2026_en.xlsx,https://www.oireachtas.ie/en/debates/question/2026-01-22/483/
2023,South Africa,370,data/raw/pq_attachments/2026-01-22_pq-482-483b-22-01-2026_en.xlsx,https://data.oireachtas.ie/ie/oireachtas/debates/questions/supportingDocumentation/2026-01-22_pq-482-483b-22-01-2026_en.xlsx,https://www.oireachtas.ie/en/debates/question/2026-01-22/483/
2023,Russian Federation,323,data/raw/pq_attachments/2026-01-22_pq-482-483b-22-01-2026_en.xlsx,https://data.oireachtas.ie/ie/oireachtas/debates/questions/supportingDocumentation/2026-01-22_pq-482-483b-22-01-2026_en.xlsx,https://www.oireachtas.ie/en/debates/question/2026-01-22/483/
2023,Latvia,287,data/raw/pq_attachments/2026-01-22_pq-482-483b-22-01-2026_en.xlsx,https://data.oireachtas.ie/ie/oireachtas/debates/questions/supportingDocumentation/2026-01-22_pq-482-483b-22-01-2026_en.xlsx,https://www.oireachtas.ie/en/debates/question/2026-01-22/483/
2023,Bangladesh,275,data/raw/pq_attachments/2026-01-22_pq-482-483b-22-01-2026_en.xlsx,https://data.oireachtas.ie/ie/oireachtas/debates/questions/supportingDocumentation/2026-01-22_pq-482-483b-22-01-2026_en.xlsx,https://www.oireachtas.ie/en/debates/question/2026-01-22/483/
2023,Sudan,251,data/raw/pq_attachments/2026-01-22_pq-482-483b-22-01-2026_en.xlsx,https://data.oireachtas.ie/ie/oireachtas/debates/questions/supportingDocumentation/2026-01-22_pq-482-483b-22-01-2026_en.xlsx,https://www.oireachtas.ie/en/debates/question/2026-01-22/483/
2023,Türkiye,228,data/raw/pq_attachments/2026-01-22_pq-482-483b-22-01-2026_en.xlsx,https://data.oireachtas.ie/ie/oireachtas/debates/questions/supportingDocumentation/2026-01-22_pq-482-483b-22-01-2026_en.xlsx,https://www.oireachtas.ie/en/debates/question/2026-01-22/483/
2023,Zimbabwe,222,data/raw/pq_attachments/2026-01-22_pq-482-483b-22-01-2026_en.xlsx,https://data.oireachtas.ie/ie/oireachtas/debates/questions/supportingDocumentation/2026-01-22_pq-482-483b-22-01-2026_en.xlsx,https://www.oireachtas.ie/en/debates/question/2026-01-22/483/
2023,Ukraine,205,data/raw/pq_attachments/2026-01-22_pq-482-483b-22-01-2026_en.xlsx,https://data.oireachtas.ie/ie/oireachtas/debates/questions/supportingDocumentation/2026-01-22_pq-482-483b-22-01-2026_en.xlsx,https://www.oireachtas.ie/en/debates/question/2026-01-22/483/
2023,Hungary,187,data/raw/pq_attachments/2026-01-22_pq-482-483b-22-01-2026_en.xlsx,https://data.oireachtas.ie/ie/oireachtas/debates/questions/supportingDocumentation/2026-01-22_pq-482-483b-22-01-2026_en.xlsx,https://www.oireachtas.ie/en/debates/question/2026-01-22/483/
2023,"Congo, The Democratic Republic Of The",168,data/raw/pq_attachments/2026-01-22_pq-482-483b-22-01-2026_en.xlsx,https://data.oireachtas.ie/ie/oireachtas/debates/questions/supportingDocumentation/2026-01-22_pq-482-483b-22-01-2026_en.xlsx,https://www.oireachtas.ie/en/debates/question/2026-01-22/483/
2023,Lithuania,160,data/raw/pq_attachments/2026-01-22_pq-482-483b-22-01-2026_en.xlsx,https://data.oireachtas.ie/ie/oireachtas/debates/questions/supportingDocumentation/2026-01-22_pq-482-483b-22-01-2026_en.xlsx,https://www.oireachtas.ie/en/debates/question/2026-01-22/483/
2023,Croatia,148,data/raw/pq_attachments/2026-01-22_pq-482-483b-22-01-2026_en.xlsx,https://data.oireachtas.ie/ie/oireachtas/debates/questions/supportingDocumentation/2026-01-22_pq-482-483b-22-01-2026_en.xlsx,https://www.oireachtas.ie/en/debates/question/2026-01-22/483/
2023,Afghanistan,144,data/raw/pq_attachments/2026-01-22_pq-482-483b-22-01-2026_en.xlsx,https://data.oireachtas.ie/ie/oireachtas/debates/questions/supportingDocumentation/2026-01-22_pq-482-483b-22-01-2026_en.xlsx,https://www.oireachtas.ie/en/debates/question/2026-01-22/483/
2023,Iraq,140,data/raw/pq_attachments/2026-01-22_pq-482-483b-22-01-2026_en.xlsx,https://data.oireachtas.ie/ie/oireachtas/debates/questions/supportingDocumentation/2026-01-22_pq-482-483b-22-01-2026_en.xlsx,https://www.oireachtas.ie/en/debates/question/2026-01-22/483/
2023,Italy,139,data/raw/pq_attachments/2026-01-22_pq-482-483b-22-01-2026_en.xlsx,https://data.oireachtas.ie/ie/oireachtas/debates/questions/supportingDocumentation/2026-01-22_pq-482-483b-22-01-2026_en.xlsx,https://www.oireachtas.ie/en/debates/question/2026-01-22/483/
2023,Thailand,124,data/raw/pq_attachments/2026-01-22_pq-482-483b-22-01-2026_en.xlsx,https://data.oireachtas.ie/ie/oireachtas/debates/questions/supportingDocumentation/2026-01-22_pq-482-483b-22-01-2026_en.xlsx,https://www.oireachtas.ie/en/debates/question/2026-01-22/483/
2023,Venezuela,117,data/raw/pq_attachments/2026-01-22_pq-482-483b-22-01-2026_en.xlsx,https://data.oireachtas.ie/ie/oireachtas/debates/questions/supportingDocumentation/2026-01-22_pq-482-483b-22-01-2026_en.xlsx,https://www.oireachtas.ie/en/debates/question/2026-01-22/483/
2023,Mauritius,116,data/raw/pq_attachments/2026-01-22_pq-482-483b-22-01-2026_en.xlsx,https://data.oireachtas.ie/ie/oireachtas/debates/questions/supportingDocumentation/2026-01-22_pq-482-483b-22-01-2026_en.xlsx,https://www.oireachtas.ie/en/debates/question/2026-01-22/483/
2023,Malaysia,113,data/raw/pq_attachments/2026-01-22_pq-482-483b-22-01-2026_en.xlsx,https://data.oireachtas.ie/ie/oireachtas/debates/questions/supportingDocumentation/2026-01-22_pq-482-483b-22-01-2026_en.xlsx,https://www.oireachtas.ie/en/debates/question/2026-01-22/483/
2023,Somalia,98,data/raw/pq_attachments/2026-01-22_pq-482-483b-22-01-2026_en.xlsx,https://data.oireachtas.ie/ie/oireachtas/debates/questions/supportingDocumentation/2026-01-22_pq-482-483b-22-01-2026_en.xlsx,https://www.oireachtas.ie/en/debates/question/2026-01-22/483/
2023,Ghana,97,data/raw/pq_attachments/2026-01-22_pq-482-483b-22-01-2026_en.xlsx,https://data.oireachtas.ie/ie/oireachtas/debates/questions/supportingDocumentation/2026-01-22_pq-482-483b-22-01-2026_en.xlsx,https://www.oireachtas.ie/en/debates/question/2026-01-22/483/
2023,Libyan Arab Jamahiriya,97,data/raw/pq_attachments/2026-01-22_pq-482-483b-22-01-2026_en.xlsx,https://data.oireachtas.ie/ie/oireachtas/debates/questions/supportingDocumentation/2026-01-22_pq-482-483b-22-01-2026_en.xlsx,https://www.oireachtas.ie/en/debates/question/2026-01-22/483/
2023,Albania,95,data/raw/pq_attachments/2026-01-22_pq-482-483b-22-01-2026_en.xlsx,https://data.oireachtas.ie/ie/oireachtas/debates/questions/supportingDocumentation/2026-01-22_pq-482-483b-22-01-2026_en.xlsx,https://www.oireachtas.ie/en/debates/question/2026-01-22/483/
2023,Bulgaria,93,data/raw/pq_attachments/2026-01-22_pq-482-483b-22-01-2026_en.xlsx,https://data.oireachtas.ie/ie/oireachtas/debates/questions/supportingDocumentation/2026-01-22_pq-482-483b-22-01-2026_en.xlsx,https://www.oireachtas.ie/en/debates/question/2026-01-22/483/
2023,Viet Nam,79,data/raw/pq_attachments/2026-01-22_pq-482-483b-22-01-2026_en.xlsx,https://data.oireachtas.ie/ie/oireachtas/debates/questions/supportingDocumentation/2026-01-22_pq-482-483b-22-01-2026_en.xlsx,https://www.oireachtas.ie/en/debates/question/2026-01-22/483/
2023,Australia,76,data/raw/pq_attachments/2026-01-22_pq-482-483b-22-01-2026_en.xlsx,https://data.oireachtas.ie/ie/oireachtas/debates/questions/supportingDocumentation/2026-01-22_pq-482-483b-22-01-2026_en.xlsx,https://www.oireachtas.ie/en/debates/question/2026-01-22/483/
2023,Algeria,75,data/raw/pq_attachments/2026-01-22_pq-482-483b-22-01-2026_en.xlsx,https://data.oireachtas.ie/ie/oireachtas/debates/questions/supportingDocumentation/2026-01-22_pq-482-483b-22-01-2026_en.xlsx,https://www.oireachtas.ie/en/debates/question/2026-01-22/483/
2023,Mexico,75,data/raw/pq_attachments/2026-01-22_pq-482-483b-22-01-2026_en.xlsx,https://data.oireachtas.ie/ie/oireachtas/debates/questions/supportingDocumentation/2026-01-22_pq-482-483b-22-01-2026_en.xlsx,https://www.oireachtas.ie/en/debates/question/2026-01-22/483/
2023,Canada,74,data/raw/pq_attachments/2026-01-22_pq-482-483b-22-01-2026_en.xlsx,https://data.oireachtas.ie/ie/oireachtas/debates/questions/supportingDocumentation/2026-01-22_pq-482-483b-22-01-2026_en.xlsx,https://www.oireachtas.ie/en/debates/question/2026-01-22/483/
2023,"Palestinian Territory, Occupied",74,data/raw/pq_attachments/2026-01-22_pq-482-483b-22-01-2026_en.xlsx,https://data.oireachtas.ie/ie/oireachtas/debates/questions/supportingDocumentation/2026-01-22_pq-482-483b-22-01-2026_en.xlsx,https://www.oireachtas.ie/en/debates/question/2026-01-22/483/
2023,Mongolia,73,data/raw/pq_attachments/2026-01-22_pq-482-483b-22-01-2026_en.xlsx,https://data.oireachtas.ie/ie/oireachtas/debates/questions/supportingDocumentation/2026-01-22_pq-482-483b-22-01-2026_en.xlsx,https://www.oireachtas.ie/en/debates/question/2026-01-22/483/
2023,Georgia,67,data/raw/pq_attachments/2026-01-22_pq-482-483b-22-01-2026_en.xlsx,https://data.oireachtas.ie/ie/oireachtas/debates/questions/supportingDocumentation/2026-01-22_pq-482-483b-22-01-2026_en.xlsx,https://www.oireachtas.ie/en/debates/question/2026-01-22/483/
2023,Spain,66,data/raw/pq_attachments/2026-01-22_pq-482-483b-22-01-2026_en.xlsx,https://data.oireachtas.ie/ie/oireachtas/debates/questions/supportingDocumentation/2026-01-22_pq-482-483b-22-01-2026_en.xlsx,https://www.oireachtas.ie/en/debates/question/2026-01-22/483/
2023,Iran (Islamic Republic Of),63,data/raw/pq_attachments/2026-01-22_pq-482-483b-22-01-2026_en.xlsx,https://data.oireachtas.ie/ie/oireachtas/debates/questions/supportingDocumentation/2026-01-22_pq-482-483b-22-01-2026_en.xlsx,https://www.oireachtas.ie/en/debates/question/2026-01-22/483/
2023,Cameroon,58,data/raw/pq_attachments/2026-01-22_pq-482-483b-22-01-2026_en.xlsx,https://data.oireachtas.ie/ie/oireachtas/debates/questions/supportingDocumentation/2026-01-22_pq-482-483b-22-01-2026_en.xlsx,https://www.oireachtas.ie/en/debates/question/2026-01-22/483/
2023,France,55,data/raw/pq_attachments/2026-01-22_pq-482-483b-22-01-2026_en.xlsx,https://data.oireachtas.ie/ie/oireachtas/debates/questions/supportingDocumentation/2026-01-22_pq-482-483b-22-01-2026_en.xlsx,https://www.oireachtas.ie/en/debates/question/2026-01-22/483/
2023,Belarus,53,data/raw/pq_attachments/2026-01-22_pq-482-483b-22-01-2026_en.xlsx,https://data.oireachtas.ie/ie/oireachtas/debates/questions/supportingDocumentation/2026-01-22_pq-482-483b-22-01-2026_en.xlsx,https://www.oireachtas.ie/en/debates/question/2026-01-22/483/
2023,Germany,49,data/raw/pq_attachments/2026-01-22_pq-482-483b-22-01-2026_en.xlsx,https://data.oireachtas.ie/ie/oireachtas/debates/questions/supportingDocumentation/2026-01-22_pq-482-483b-22-01-2026_en.xlsx,https://www.oireachtas.ie/en/debates/question/2026-01-22/483/
2023,Kenya,49,data/raw/pq_attachments/2026-01-22_pq-482-483b-22-01-2026_en.xlsx,https://data.oireachtas.ie/ie/oireachtas/debates/questions/supportingDocumentation/2026-01-22_pq-482-483b-22-01-2026_en.xlsx,https://www.oireachtas.ie/en/debates/question/2026-01-22/483/
2023,Portugal,49,data/raw/pq_attachments/2026-01-22_pq-482-483b-22-01-2026_en.xlsx,https://data.oireachtas.ie/ie/oireachtas/debates/questions/supportingDocumentation/2026-01-22_pq-482-483b-22-01-2026_en.xlsx,https://www.oireachtas.ie/en/debates/question/2026-01-22/483/
2023,Slovak Republic,49,data/raw/pq_attachments/2026-01-22_pq-482-483b-22-01-2026_en.xlsx,https://data.oireachtas.ie/ie/oireachtas/debates/questions/supportingDocumentation/2026-01-22_pq-482-483b-22-01-2026_en.xlsx,https://www.oireachtas.ie/en/debates/question/2026-01-22/483/
2023,Argentina,48,data/raw/pq_attachments/2026-01-22_pq-482-483b-22-01-2026_en.xlsx,https://data.oireachtas.ie/ie/oireachtas/debates/questions/supportingDocumentation/2026-01-22_pq-482-483b-22-01-2026_en.xlsx,https://www.oireachtas.ie/en/debates/question/2026-01-22/483/
2023,"Moldova, Republic Of",47,data/raw/pq_attachments/2026-01-22_pq-482-483b-22-01-2026_en.xlsx,https://data.oireachtas.ie/ie/oireachtas/debates/questions/supportingDocumentation/2026-01-22_pq-482-483b-22-01-2026_en.xlsx,https://www.oireachtas.ie/en/debates/question/2026-01-22/483/
2023,Nepal,46,data/raw/pq_attachments/2026-01-22_pq-482-483b-22-01-2026_en.xlsx,https://data.oireachtas.ie/ie/oireachtas/debates/questions/supportingDocumentation/2026-01-22_pq-482-483b-22-01-2026_en.xlsx,https://www.oireachtas.ie/en/debates/question/2026-01-22/483/
2023,Sri Lanka,45,data/raw/pq_attachments/2026-01-22_pq-482-483b-22-01-2026_en.xlsx,https://data.oireachtas.ie/ie/oireachtas/debates/questions/supportingDocumentation/2026-01-22_pq-482-483b-22-01-2026_en.xlsx,https://www.oireachtas.ie/en/debates/question/2026-01-22/483/
2023,Israel,43,data/raw/pq_attachments/2026-01-22_pq-482-483b-22-01-2026_en.xlsx,https://data.oireachtas.ie/ie/oireachtas/debates/questions/supportingDocumentation/2026-01-22_pq-482-483b-22-01-2026_en.xlsx,https://www.oireachtas.ie/en/debates/question/2026-01-22/483/
2023,Malawi,43,data/raw/pq_attachments/2026-01-22_pq-482-483b-22-01-2026_en.xlsx,https://data.oireachtas.ie/ie/oireachtas/debates/questions/supportingDocumentation/2026-01-22_pq-482-483b-22-01-2026_en.xlsx,https://www.oireachtas.ie/en/debates/question/2026-01-22/483/
2023,Uganda,42,data/raw/pq_attachments/2026-01-22_pq-482-483b-22-01-2026_en.xlsx,https://data.oireachtas.ie/ie/oireachtas/debates/questions/supportingDocumentation/2026-01-22_pq-482-483b-22-01-2026_en.xlsx,https://www.oireachtas.ie/en/debates/question/2026-01-22/483/
2023,Morocco,40,data/raw/pq_attachments/2026-01-22_pq-482-483b-22-01-2026_en.xlsx,https://data.oireachtas.ie/ie/oireachtas/debates/questions/supportingDocumentation/2026-01-22_pq-482-483b-22-01-2026_en.xlsx,https://www.oireachtas.ie/en/debates/question/2026-01-22/483/
2023,Czech Republic,39,data/raw/pq_attachments/2026-01-22_pq-482-483b-22-01-2026_en.xlsx,https://data.oireachtas.ie/ie/oireachtas/debates/questions/supportingDocumentation/2026-01-22_pq-482-483b-22-01-2026_en.xlsx,https://www.oireachtas.ie/en/debates/question/2026-01-22/483/
2023,Jordan,38,data/raw/pq_attachments/2026-01-22_pq-482-483b-22-01-2026_en.xlsx,https://data.oireachtas.ie/ie/oireachtas/debates/questions/supportingDocumentation/2026-01-22_pq-482-483b-22-01-2026_en.xlsx,https://www.oireachtas.ie/en/debates/question/2026-01-22/483/
2023,Ethiopia,35,data/raw/pq_attachments/2026-01-22_pq-482-483b-22-01-2026_en.xlsx,https://data.oireachtas.ie/ie/oireachtas/debates/questions/supportingDocumentation/2026-01-22_pq-482-483b-22-01-2026_en.xlsx,https://www.oireachtas.ie/en/debates/question/2026-01-22/483/
2023,Lebanon,35,data/raw/pq_attachments/2026-01-22_pq-482-483b-22-01-2026_en.xlsx,https://data.oireachtas.ie/ie/oireachtas/debates/questions/supportingDocumentation/2026-01-22_pq-482-483b-22-01-2026_en.xlsx,https://www.oireachtas.ie/en/debates/question/2026-01-22/483/
2023,Kosovo / UNSCR 1244,34,data/raw/pq_attachments/2026-01-22_pq-482-483b-22-01-2026_en.xlsx,https://data.oireachtas.ie/ie/oireachtas/debates/questions/supportingDocumentation/2026-01-22_pq-482-483b-22-01-2026_en.xlsx,https://www.oireachtas.ie/en/debates/question/2026-01-22/483/
2023,Tunisia,34,data/raw/pq_attachments/2026-01-22_pq-482-483b-22-01-2026_en.xlsx,https://data.oireachtas.ie/ie/oireachtas/debates/questions/supportingDocumentation/2026-01-22_pq-482-483b-22-01-2026_en.xlsx,https://www.oireachtas.ie/en/debates/question/2026-01-22/483/
2023,Serbia,33,data/raw/pq_attachments/2026-01-22_pq-482-483b-22-01-2026_en.xlsx,https://data.oireachtas.ie/ie/oireachtas/debates/questions/supportingDocumentation/2026-01-22_pq-482-483b-22-01-2026_en.xlsx,https://www.oireachtas.ie/en/debates/question/2026-01-22/483/
2023,New Zealand,31,data/raw/pq_attachments/2026-01-22_pq-482-483b-22-01-2026_en.xlsx,https://data.oireachtas.ie/ie/oireachtas/debates/questions/supportingDocumentation/2026-01-22_pq-482-483b-22-01-2026_en.xlsx,https://www.oireachtas.ie/en/debates/question/2026-01-22/483/
2023,Colombia,30,data/raw/pq_attachments/2026-01-22_pq-482-483b-22-01-2026_en.xlsx,https://data.oireachtas.ie/ie/oireachtas/debates/questions/supportingDocumentation/2026-01-22_pq-482-483b-22-01-2026_en.xlsx,https://www.oireachtas.ie/en/debates/question/2026-01-22/483/
2023,Taiwan,26,data/raw/pq_attachments/2026-01-22_pq-482-483b-22-01-2026_en.xlsx,https://data.oireachtas.ie/ie/oireachtas/debates/questions/supportingDocumentation/2026-01-22_pq-482-483b-22-01-2026_en.xlsx,https://www.oireachtas.ie/en/debates/question/2026-01-22/483/
2023,Greece,24,data/raw/pq_attachments/2026-01-22_pq-482-483b-22-01-2026_en.xlsx,https://data.oireachtas.ie/ie/oireachtas/debates/questions/supportingDocumentation/2026-01-22_pq-482-483b-22-01-2026_en.xlsx,https://www.oireachtas.ie/en/debates/question/2026-01-22/483/
2023,Eritrea,23,data/raw/pq_attachments/2026-01-22_pq-482-483b-22-01-2026_en.xlsx,https://data.oireachtas.ie/ie/oireachtas/debates/questions/supportingDocumentation/2026-01-22_pq-482-483b-22-01-2026_en.xlsx,https://www.oireachtas.ie/en/debates/question/2026-01-22/483/
2023,Kazakhstan,20,data/raw/pq_attachments/2026-01-22_pq-482-483b-22-01-2026_en.xlsx,https://data.oireachtas.ie/ie/oireachtas/debates/questions/supportingDocumentation/2026-01-22_pq-482-483b-22-01-2026_en.xlsx,https://www.oireachtas.ie/en/debates/question/2026-01-22/483/
2023,Sierra Leone,18,data/raw/pq_attachments/2026-01-22_pq-482-483b-22-01-2026_en.xlsx,https://data.oireachtas.ie/ie/oireachtas/debates/questions/supportingDocumentation/2026-01-22_pq-482-483b-22-01-2026_en.xlsx,https://www.oireachtas.ie/en/debates/question/2026-01-22/483/
2023,Angola,17,data/raw/pq_attachments/2026-01-22_pq-482-483b-22-01-2026_en.xlsx,https://data.oireachtas.ie/ie/oireachtas/debates/questions/supportingDocumentation/2026-01-22_pq-482-483b-22-01-2026_en.xlsx,https://www.oireachtas.ie/en/debates/question/2026-01-22/483/
2023,Burundi,17,data/raw/pq_attachments/2026-01-22_pq-482-483b-22-01-2026_en.xlsx,https://data.oireachtas.ie/ie/oireachtas/debates/questions/supportingDocumentation/2026-01-22_pq-482-483b-22-01-2026_en.xlsx,https://www.oireachtas.ie/en/debates/question/2026-01-22/483/
2023,Togo,17,data/raw/pq_attachments/2026-01-22_pq-482-483b-22-01-2026_en.xlsx,https://data.oireachtas.ie/ie/oireachtas/debates/questions/supportingDocumentation/2026-01-22_pq-482-483b-22-01-2026_en.xlsx,https://www.oireachtas.ie/en/debates/question/2026-01-22/483/
2023,"Korea, Republic Of (South Korea)",16,data/raw/pq_attachments/2026-01-22_pq-482-483b-22-01-2026_en.xlsx,https://data.oireachtas.ie/ie/oireachtas/debates/questions/supportingDocumentation/2026-01-22_pq-482-483b-22-01-2026_en.xlsx,https://www.oireachtas.ie/en/debates/question/2026-01-22/483/
2023,Sweden,16,data/raw/pq_attachments/2026-01-22_pq-482-483b-22-01-2026_en.xlsx,https://data.oireachtas.ie/ie/oireachtas/debates/questions/supportingDocumentation/2026-01-22_pq-482-483b-22-01-2026_en.xlsx,https://www.oireachtas.ie/en/debates/question/2026-01-22/483/
2023,Jamaica,15,data/raw/pq_attachments/2026-01-22_pq-482-483b-22-01-2026_en.xlsx,https://data.oireachtas.ie/ie/oireachtas/debates/questions/supportingDocumentation/2026-01-22_pq-482-483b-22-01-2026_en.xlsx,https://www.oireachtas.ie/en/debates/question/2026-01-22/483/
2023,Armenia,14,data/raw/pq_attachments/2026-01-22_pq-482-483b-22-01-2026_en.xlsx,https://data.oireachtas.ie/ie/oireachtas/debates/questions/supportingDocumentation/2026-01-22_pq-482-483b-22-01-2026_en.xlsx,https://www.oireachtas.ie/en/debates/question/2026-01-22/483/
2023,Estonia,14,data/raw/pq_attachments/2026-01-22_pq-482-483b-22-01-2026_en.xlsx,https://data.oireachtas.ie/ie/oireachtas/debates/questions/supportingDocumentation/2026-01-22_pq-482-483b-22-01-2026_en.xlsx,https://www.oireachtas.ie/en/debates/question/2026-01-22/483/
2023,Bosnia And Herzegovina,13,data/raw/pq_attachments/2026-01-22_pq-482-483b-22-01-2026_en.xlsx,https://data.oireachtas.ie/ie/oireachtas/debates/questions/supportingDocumentation/2026-01-22_pq-482-483b-22-01-2026_en.xlsx,https://www.oireachtas.ie/en/debates/question/2026-01-22/483/
2023,Bolivia,12,data/raw/pq_attachments/2026-01-22_pq-482-483b-22-01-2026_en.xlsx,https://data.oireachtas.ie/ie/oireachtas/debates/questions/supportingDocumentation/2026-01-22_pq-482-483b-22-01-2026_en.xlsx,https://www.oireachtas.ie/en/debates/question/2026-01-22/483/
2023,Botswana,12,data/raw/pq_attachments/2026-01-22_pq-482-483b-22-01-2026_en.xlsx,https://data.oireachtas.ie/ie/oireachtas/debates/questions/supportingDocumentation/2026-01-22_pq-482-483b-22-01-2026_en.xlsx,https://www.oireachtas.ie/en/debates/question/2026-01-22/483/
2023,British Overseas Citizens (etc),12,data/raw/pq_attachments/2026-01-22_pq-482-483b-22-01-2026_en.xlsx,https://data.oireachtas.ie/ie/oireachtas/debates/questions/supportingDocumentation/2026-01-22_pq-482-483b-22-01-2026_en.xlsx,https://www.oireachtas.ie/en/debates/question/2026-01-22/483/
2023,Cuba,12,data/raw/pq_attachments/2026-01-22_pq-482-483b-22-01-2026_en.xlsx,https://data.oireachtas.ie/ie/oireachtas/debates/questions/supportingDocumentation/2026-01-22_pq-482-483b-22-01-2026_en.xlsx,https://www.oireachtas.ie/en/debates/question/2026-01-22/483/
2023,Guinea,12,data/raw/pq_attachments/2026-01-22_pq-482-483b-22-01-2026_en.xlsx,https://data.oireachtas.ie/ie/oireachtas/debates/questions/supportingDocumentation/2026-01-22_pq-482-483b-22-01-2026_en.xlsx,https://www.oireachtas.ie/en/debates/question/2026-01-22/483/
2023,Peru,12,data/raw/pq_attachments/2026-01-22_pq-482-483b-22-01-2026_en.xlsx,https://data.oireachtas.ie/ie/oireachtas/debates/questions/supportingDocumentation/2026-01-22_pq-482-483b-22-01-2026_en.xlsx,https://www.oireachtas.ie/en/debates/question/2026-01-22/483/
2023,"Congo, The Republic Of The",11,data/raw/pq_attachments/2026-01-22_pq-482-483b-22-01-2026_en.xlsx,https://data.oireachtas.ie/ie/oireachtas/debates/questions/supportingDocumentation/2026-01-22_pq-482-483b-22-01-2026_en.xlsx,https://www.oireachtas.ie/en/debates/question/2026-01-22/483/
2023,Kuwait,11,data/raw/pq_attachments/2026-01-22_pq-482-483b-22-01-2026_en.xlsx,https://data.oireachtas.ie/ie/oireachtas/debates/questions/supportingDocumentation/2026-01-22_pq-482-483b-22-01-2026_en.xlsx,https://www.oireachtas.ie/en/debates/question/2026-01-22/483/
2023,Netherlands,11,data/raw/pq_attachments/2026-01-22_pq-482-483b-22-01-2026_en.xlsx,https://data.oireachtas.ie/ie/oireachtas/debates/questions/supportingDocumentation/2026-01-22_pq-482-483b-22-01-2026_en.xlsx,https://www.oireachtas.ie/en/debates/question/2026-01-22/483/
2023,Azerbaijan,10,data/raw/pq_attachments/2026-01-22_pq-482-483b-22-01-2026_en.xlsx,https://data.oireachtas.ie/ie/oireachtas/debates/questions/supportingDocumentation/2026-01-22_pq-482-483b-22-01-2026_en.xlsx,https://www.oireachtas.ie/en/debates/question/2026-01-22/483/
2023,Chile,10,data/raw/pq_attachments/2026-01-22_pq-482-483b-22-01-2026_en.xlsx,https://data.oireachtas.ie/ie/oireachtas/debates/questions/supportingDocumentation/2026-01-22_pq-482-483b-22-01-2026_en.xlsx,https://www.oireachtas.ie/en/debates/question/2026-01-22/483/
2023,Rest of the World,290,data/raw/pq_attachments/2026-01-22_pq-482-483b-22-01-2026_en.xlsx,https://data.oireachtas.ie/ie/oireachtas/debates/questions/supportingDocumentation/2026-01-22_pq-482-483b-22-01-2026_en.xlsx,https://www.oireachtas.ie/en/debates/question/2026-01-22/483/
2024,India,3946,data/raw/pq_attachments/2026-01-22_pq-482-483b-22-01-2026_en.xlsx,https://data.oireachtas.ie/ie/oireachtas/debates/questions/supportingDocumentation/2026-01-22_pq-482-483b-22-01-2026_en.xlsx,https://www.oireachtas.ie/en/debates/question/2026-01-22/483/
2024,Brazil,1708,data/raw/pq_attachments/2026-01-22_pq-482-483b-22-01-2026_en.xlsx,https://data.oireachtas.ie/ie/oireachtas/debates/questions/supportingDocumentation/2026-01-22_pq-482-483b-22-01-2026_en.xlsx,https://www.oireachtas.ie/en/debates/question/2026-01-22/483/
2024,United Kingdom,1539,data/raw/pq_attachments/2026-01-22_pq-482-483b-22-01-2026_en.xlsx,https://data.oireachtas.ie/ie/oireachtas/debates/questions/supportingDocumentation/2026-01-22_pq-482-483b-22-01-2026_en.xlsx,https://www.oireachtas.ie/en/debates/question/2026-01-22/483/
2024,Romania,1355,data/raw/pq_attachments/2026-01-22_pq-482-483b-22-01-2026_en.xlsx,https://data.oireachtas.ie/ie/oireachtas/debates/questions/supportingDocumentation/2026-01-22_pq-482-483b-22-01-2026_en.xlsx,https://www.oireachtas.ie/en/debates/question/2026-01-22/483/
2024,Nigeria,1235,data/raw/pq_attachments/2026-01-22_pq-482-483b-22-01-2026_en.xlsx,https://data.oireachtas.ie/ie/oireachtas/debates/questions/supportingDocumentation/2026-01-22_pq-482-483b-22-01-2026_en.xlsx,https://www.oireachtas.ie/en/debates/question/2026-01-22/483/
2024,Philippines,1122,data/raw/pq_attachments/2026-01-22_pq-482-483b-22-01-2026_en.xlsx,https://data.oireachtas.ie/ie/oireachtas/debates/questions/supportingDocumentation/2026-01-22_pq-482-483b-22-01-2026_en.xlsx,https://www.oireachtas.ie/en/debates/question/2026-01-22/483/
2024,Poland,1047,data/raw/pq_attachments/2026-01-22_pq-482-483b-22-01-2026_en.xlsx,https://data.oireachtas.ie/ie/oireachtas/debates/questions/supportingDocumentation/2026-01-22_pq-482-483b-22-01-2026_en.xlsx,https://www.oireachtas.ie/en/debates/question/2026-01-22/483/
2024,China (Including Hong Kong),993,data/raw/pq_attachments/2026-01-22_pq-482-483b-22-01-2026_en.xlsx,https://data.oireachtas.ie/ie/oireachtas/debates/questions/supportingDocumentation/2026-01-22_pq-482-483b-22-01-2026_en.xlsx,https://www.oireachtas.ie/en/debates/question/2026-01-22/483/
2024,Pakistan,764,data/raw/pq_attachments/2026-01-22_pq-482-483b-22-01-2026_en.xlsx,https://data.oireachtas.ie/ie/oireachtas/debates/questions/supportingDocumentation/2026-01-22_pq-482-483b-22-01-2026_en.xlsx,https://www.oireachtas.ie/en/debates/question/2026-01-22/483/
2024,South Africa,762,data/raw/pq_attachments/2026-01-22_pq-482-483b-22-01-2026_en.xlsx,https://data.oireachtas.ie/ie/oireachtas/debates/questions/supportingDocumentation/2026-01-22_pq-482-483b-22-01-2026_en.xlsx,https://www.oireachtas.ie/en/debates/question/2026-01-22/483/
2024,United States Of America,579,data/raw/pq_attachments/2026-01-22_pq-482-483b-22-01-2026_en.xlsx,https://data.oireachtas.ie/ie/oireachtas/debates/questions/supportingDocumentation/2026-01-22_pq-482-483b-22-01-2026_en.xlsx,https://www.oireachtas.ie/en/debates/question/2026-01-22/483/
2024,Egypt,432,data/raw/pq_attachments/2026-01-22_pq-482-483b-22-01-2026_en.xlsx,https://data.oireachtas.ie/ie/oireachtas/debates/questions/supportingDocumentation/2026-01-22_pq-482-483b-22-01-2026_en.xlsx,https://www.oireachtas.ie/en/debates/question/2026-01-22/483/
2024,Syrian Arab Republic,404,data/raw/pq_attachments/2026-01-22_pq-482-483b-22-01-2026_en.xlsx,https://data.oireachtas.ie/ie/oireachtas/debates/questions/supportingDocumentation/2026-01-22_pq-482-483b-22-01-2026_en.xlsx,https://www.oireachtas.ie/en/debates/question/2026-01-22/483/
2024,Russian Federation,389,data/raw/pq_attachments/2026-01-22_pq-482-483b-22-01-2026_en.xlsx,https://data.oireachtas.ie/ie/oireachtas/debates/questions/supportingDocumentation/2026-01-22_pq-482-483b-22-01-2026_en.xlsx,https://www.oireachtas.ie/en/debates/question/2026-01-22/483/
2024,Zimbabwe,379,data/raw/pq_attachments/2026-01-22_pq-482-483b-22-01-2026_en.xlsx,https://data.oireachtas.ie/ie/oireachtas/debates/questions/supportingDocumentation/2026-01-22_pq-482-483b-22-01-2026_en.xlsx,https://www.oireachtas.ie/en/debates/question/2026-01-22/483/
2024,Latvia,369,data/raw/pq_attachments/2026-01-22_pq-482-483b-22-01-2026_en.xlsx,https://data.oireachtas.ie/ie/oireachtas/debates/questions/supportingDocumentation/2026-01-22_pq-482-483b-22-01-2026_en.xlsx,https://www.oireachtas.ie/en/debates/question/2026-01-22/483/
2024,Türkiye,335,data/raw/pq_attachments/2026-01-22_pq-482-483b-22-01-2026_en.xlsx,https://data.oireachtas.ie/ie/oireachtas/debates/questions/supportingDocumentation/2026-01-22_pq-482-483b-22-01-2026_en.xlsx,https://www.oireachtas.ie/en/debates/question/2026-01-22/483/
2024,Bangladesh,296,data/raw/pq_attachments/2026-01-22_pq-482-483b-22-01-2026_en.xlsx,https://data.oireachtas.ie/ie/oireachtas/debates/questions/supportingDocumentation/2026-01-22_pq-482-483b-22-01-2026_en.xlsx,https://www.oireachtas.ie/en/debates/question/2026-01-22/483/
2024,Ukraine,282,data/raw/pq_attachments/2026-01-22_pq-482-483b-22-01-2026_en.xlsx,https://data.oireachtas.ie/ie/oireachtas/debates/questions/supportingDocumentation/2026-01-22_pq-482-483b-22-01-2026_en.xlsx,https://www.oireachtas.ie/en/debates/question/2026-01-22/483/
2024,Italy,276,data/raw/pq_attachments/2026-01-22_pq-482-483b-22-01-2026_en.xlsx,https://data.oireachtas.ie/ie/oireachtas/debates/questions/supportingDocumentation/2026-01-22_pq-482-483b-22-01-2026_en.xlsx,https://www.oireachtas.ie/en/debates/question/2026-01-22/483/
2024,"Congo, The Democratic Republic Of The",254,data/raw/pq_attachments/2026-01-22_pq-482-483b-22-01-2026_en.xlsx,https://data.oireachtas.ie/ie/oireachtas/debates/questions/supportingDocumentation/2026-01-22_pq-482-483b-22-01-2026_en.xlsx,https://www.oireachtas.ie/en/debates/question/2026-01-22/483/
2024,Sudan,235,data/raw/pq_attachments/2026-01-22_pq-482-483b-22-01-2026_en.xlsx,https://data.oireachtas.ie/ie/oireachtas/debates/questions/supportingDocumentation/2026-01-22_pq-482-483b-22-01-2026_en.xlsx,https://www.oireachtas.ie/en/debates/question/2026-01-22/483/
2024,Lithuania,232,data/raw/pq_attachments/2026-01-22_pq-482-483b-22-01-2026_en.xlsx,https://data.oireachtas.ie/ie/oireachtas/debates/questions/supportingDocumentation/2026-01-22_pq-482-483b-22-01-2026_en.xlsx,https://www.oireachtas.ie/en/debates/question/2026-01-22/483/
2024,Hungary,228,data/raw/pq_attachments/2026-01-22_pq-482-483b-22-01-2026_en.xlsx,https://data.oireachtas.ie/ie/oireachtas/debates/questions/supportingDocumentation/2026-01-22_pq-482-483b-22-01-2026_en.xlsx,https://www.oireachtas.ie/en/debates/question/2026-01-22/483/
2024,Venezuela,209,data/raw/pq_attachments/2026-01-22_pq-482-483b-22-01-2026_en.xlsx,https://data.oireachtas.ie/ie/oireachtas/debates/questions/supportingDocumentation/2026-01-22_pq-482-483b-22-01-2026_en.xlsx,https://www.oireachtas.ie/en/debates/question/2026-01-22/483/
2024,Mauritius,176,data/raw/pq_attachments/2026-01-22_pq-482-483b-22-01-2026_en.xlsx,https://data.oireachtas.ie/ie/oireachtas/debates/questions/supportingDocumentation/2026-01-22_pq-482-483b-22-01-2026_en.xlsx,https://www.oireachtas.ie/en/debates/question/2026-01-22/483/
2024,Croatia,171,data/raw/pq_attachments/2026-01-22_pq-482-483b-22-01-2026_en.xlsx,https://data.oireachtas.ie/ie/oireachtas/debates/questions/supportingDocumentation/2026-01-22_pq-482-483b-22-01-2026_en.xlsx,https://www.oireachtas.ie/en/debates/question/2026-01-22/483/
2024,Thailand,162,data/raw/pq_attachments/2026-01-22_pq-482-483b-22-01-2026_en.xlsx,https://data.oireachtas.ie/ie/oireachtas/debates/questions/supportingDocumentation/2026-01-22_pq-482-483b-22-01-2026_en.xlsx,https://www.oireachtas.ie/en/debates/question/2026-01-22/483/
2024,Albania,156,data/raw/pq_attachments/2026-01-22_pq-482-483b-22-01-2026_en.xlsx,https://data.oireachtas.ie/ie/oireachtas/debates/questions/supportingDocumentation/2026-01-22_pq-482-483b-22-01-2026_en.xlsx,https://www.oireachtas.ie/en/debates/question/2026-01-22/483/
2024,Malaysia,155,data/raw/pq_attachments/2026-01-22_pq-482-483b-22-01-2026_en.xlsx,https://data.oireachtas.ie/ie/oireachtas/debates/questions/supportingDocumentation/2026-01-22_pq-482-483b-22-01-2026_en.xlsx,https://www.oireachtas.ie/en/debates/question/2026-01-22/483/
2024,Australia,139,data/raw/pq_attachments/2026-01-22_pq-482-483b-22-01-2026_en.xlsx,https://data.oireachtas.ie/ie/oireachtas/debates/questions/supportingDocumentation/2026-01-22_pq-482-483b-22-01-2026_en.xlsx,https://www.oireachtas.ie/en/debates/question/2026-01-22/483/
2024,Bulgaria,138,data/raw/pq_attachments/2026-01-22_pq-482-483b-22-01-2026_en.xlsx,https://data.oireachtas.ie/ie/oireachtas/debates/questions/supportingDocumentation/2026-01-22_pq-482-483b-22-01-2026_en.xlsx,https://www.oireachtas.ie/en/debates/question/2026-01-22/483/
2024,Mexico,137,data/raw/pq_attachments/2026-01-22_pq-482-483b-22-01-2026_en.xlsx,https://data.oireachtas.ie/ie/oireachtas/debates/questions/supportingDocumentation/2026-01-22_pq-482-483b-22-01-2026_en.xlsx,https://www.oireachtas.ie/en/debates/question/2026-01-22/483/
2024,Canada,132,data/raw/pq_attachments/2026-01-22_pq-482-483b-22-01-2026_en.xlsx,https://data.oireachtas.ie/ie/oireachtas/debates/questions/supportingDocumentation/2026-01-22_pq-482-483b-22-01-2026_en.xlsx,https://www.oireachtas.ie/en/debates/question/2026-01-22/483/
2024,Georgia,130,data/raw/pq_attachments/2026-01-22_pq-482-483b-22-01-2026_en.xlsx,https://data.oireachtas.ie/ie/oireachtas/debates/questions/supportingDocumentation/2026-01-22_pq-482-483b-22-01-2026_en.xlsx,https://www.oireachtas.ie/en/debates/question/2026-01-22/483/
2024,Ghana,120,data/raw/pq_attachments/2026-01-22_pq-482-483b-22-01-2026_en.xlsx,https://data.oireachtas.ie/ie/oireachtas/debates/questions/supportingDocumentation/2026-01-22_pq-482-483b-22-01-2026_en.xlsx,https://www.oireachtas.ie/en/debates/question/2026-01-22/483/
2024,Afghanistan,118,data/raw/pq_attachments/2026-01-22_pq-482-483b-22-01-2026_en.xlsx,https://data.oireachtas.ie/ie/oireachtas/debates/questions/supportingDocumentation/2026-01-22_pq-482-483b-22-01-2026_en.xlsx,https://www.oireachtas.ie/en/debates/question/2026-01-22/483/
2024,Slovak Republic,105,data/raw/pq_attachments/2026-01-22_pq-482-483b-22-01-2026_en.xlsx,https://data.oireachtas.ie/ie/oireachtas/debates/questions/supportingDocumentation/2026-01-22_pq-482-483b-22-01-2026_en.xlsx,https://www.oireachtas.ie/en/debates/question/2026-01-22/483/
2024,Spain,103,data/raw/pq_attachments/2026-01-22_pq-482-483b-22-01-2026_en.xlsx,https://data.oireachtas.ie/ie/oireachtas/debates/questions/supportingDocumentation/2026-01-22_pq-482-483b-22-01-2026_en.xlsx,https://www.oireachtas.ie/en/debates/question/2026-01-22/483/
2024,Malawi,101,data/raw/pq_attachments/2026-01-22_pq-482-483b-22-01-2026_en.xlsx,https://data.oireachtas.ie/ie/oireachtas/debates/questions/supportingDocumentation/2026-01-22_pq-482-483b-22-01-2026_en.xlsx,https://www.oireachtas.ie/en/debates/question/2026-01-22/483/
2024,France,90,data/raw/pq_attachments/2026-01-22_pq-482-483b-22-01-2026_en.xlsx,https://data.oireachtas.ie/ie/oireachtas/debates/questions/supportingDocumentation/2026-01-22_pq-482-483b-22-01-2026_en.xlsx,https://www.oireachtas.ie/en/debates/question/2026-01-22/483/
2024,Nepal,90,data/raw/pq_attachments/2026-01-22_pq-482-483b-22-01-2026_en.xlsx,https://data.oireachtas.ie/ie/oireachtas/debates/questions/supportingDocumentation/2026-01-22_pq-482-483b-22-01-2026_en.xlsx,https://www.oireachtas.ie/en/debates/question/2026-01-22/483/
2024,Somalia,87,data/raw/pq_attachments/2026-01-22_pq-482-483b-22-01-2026_en.xlsx,https://data.oireachtas.ie/ie/oireachtas/debates/questions/supportingDocumentation/2026-01-22_pq-482-483b-22-01-2026_en.xlsx,https://www.oireachtas.ie/en/debates/question/2026-01-22/483/
2024,Viet Nam,85,data/raw/pq_attachments/2026-01-22_pq-482-483b-22-01-2026_en.xlsx,https://data.oireachtas.ie/ie/oireachtas/debates/questions/supportingDocumentation/2026-01-22_pq-482-483b-22-01-2026_en.xlsx,https://www.oireachtas.ie/en/debates/question/2026-01-22/483/
2024,Germany,83,data/raw/pq_attachments/2026-01-22_pq-482-483b-22-01-2026_en.xlsx,https://data.oireachtas.ie/ie/oireachtas/debates/questions/supportingDocumentation/2026-01-22_pq-482-483b-22-01-2026_en.xlsx,https://www.oireachtas.ie/en/debates/question/2026-01-22/483/
2024,Cameroon,75,data/raw/pq_attachments/2026-01-22_pq-482-483b-22-01-2026_en.xlsx,https://data.oireachtas.ie/ie/oireachtas/debates/questions/supportingDocumentation/2026-01-22_pq-482-483b-22-01-2026_en.xlsx,https://www.oireachtas.ie/en/debates/question/2026-01-22/483/
2024,Portugal,69,data/raw/pq_attachments/2026-01-22_pq-482-483b-22-01-2026_en.xlsx,https://data.oireachtas.ie/ie/oireachtas/debates/questions/supportingDocumentation/2026-01-22_pq-482-483b-22-01-2026_en.xlsx,https://www.oireachtas.ie/en/debates/question/2026-01-22/483/
2024,Argentina,68,data/raw/pq_attachments/2026-01-22_pq-482-483b-22-01-2026_en.xlsx,https://data.oireachtas.ie/ie/oireachtas/debates/questions/supportingDocumentation/2026-01-22_pq-482-483b-22-01-2026_en.xlsx,https://www.oireachtas.ie/en/debates/question/2026-01-22/483/
2024,Belarus,66,data/raw/pq_attachments/2026-01-22_pq-482-483b-22-01-2026_en.xlsx,https://data.oireachtas.ie/ie/oireachtas/debates/questions/supportingDocumentation/2026-01-22_pq-482-483b-22-01-2026_en.xlsx,https://www.oireachtas.ie/en/debates/question/2026-01-22/483/
2024,Libyan Arab Jamahiriya,66,data/raw/pq_attachments/2026-01-22_pq-482-483b-22-01-2026_en.xlsx,https://data.oireachtas.ie/ie/oireachtas/debates/questions/supportingDocumentation/2026-01-22_pq-482-483b-22-01-2026_en.xlsx,https://www.oireachtas.ie/en/debates/question/2026-01-22/483/
2024,Iraq,64,data/raw/pq_attachments/2026-01-22_pq-482-483b-22-01-2026_en.xlsx,https://data.oireachtas.ie/ie/oireachtas/debates/questions/supportingDocumentation/2026-01-22_pq-482-483b-22-01-2026_en.xlsx,https://www.oireachtas.ie/en/debates/question/2026-01-22/483/
2024,Mongolia,64,data/raw/pq_attachments/2026-01-22_pq-482-483b-22-01-2026_en.xlsx,https://data.oireachtas.ie/ie/oireachtas/debates/questions/supportingDocumentation/2026-01-22_pq-482-483b-22-01-2026_en.xlsx,https://www.oireachtas.ie/en/debates/question/2026-01-22/483/
2024,Greece,56,data/raw/pq_attachments/2026-01-22_pq-482-483b-22-01-2026_en.xlsx,https://data.oireachtas.ie/ie/oireachtas/debates/questions/supportingDocumentation/2026-01-22_pq-482-483b-22-01-2026_en.xlsx,https://www.oireachtas.ie/en/debates/question/2026-01-22/483/
2024,"Palestinian Territory, Occupied",52,data/raw/pq_attachments/2026-01-22_pq-482-483b-22-01-2026_en.xlsx,https://data.oireachtas.ie/ie/oireachtas/debates/questions/supportingDocumentation/2026-01-22_pq-482-483b-22-01-2026_en.xlsx,https://www.oireachtas.ie/en/debates/question/2026-01-22/483/
2024,Iran (Islamic Republic Of),50,data/raw/pq_attachments/2026-01-22_pq-482-483b-22-01-2026_en.xlsx,https://data.oireachtas.ie/ie/oireachtas/debates/questions/supportingDocumentation/2026-01-22_pq-482-483b-22-01-2026_en.xlsx,https://www.oireachtas.ie/en/debates/question/2026-01-22/483/
2024,Israel,50,data/raw/pq_attachments/2026-01-22_pq-482-483b-22-01-2026_en.xlsx,https://data.oireachtas.ie/ie/oireachtas/debates/questions/supportingDocumentation/2026-01-22_pq-482-483b-22-01-2026_en.xlsx,https://www.oireachtas.ie/en/debates/question/2026-01-22/483/
2024,Serbia,49,data/raw/pq_attachments/2026-01-22_pq-482-483b-22-01-2026_en.xlsx,https://data.oireachtas.ie/ie/oireachtas/debates/questions/supportingDocumentation/2026-01-22_pq-482-483b-22-01-2026_en.xlsx,https://www.oireachtas.ie/en/debates/question/2026-01-22/483/
2024,Colombia,48,data/raw/pq_attachments/2026-01-22_pq-482-483b-22-01-2026_en.xlsx,https://data.oireachtas.ie/ie/oireachtas/debates/questions/supportingDocumentation/2026-01-22_pq-482-483b-22-01-2026_en.xlsx,https://www.oireachtas.ie/en/debates/question/2026-01-22/483/
2024,Algeria,47,data/raw/pq_attachments/2026-01-22_pq-482-483b-22-01-2026_en.xlsx,https://data.oireachtas.ie/ie/oireachtas/debates/questions/supportingDocumentation/2026-01-22_pq-482-483b-22-01-2026_en.xlsx,https://www.oireachtas.ie/en/debates/question/2026-01-22/483/
2024,Ethiopia,46,data/raw/pq_attachments/2026-01-22_pq-482-483b-22-01-2026_en.xlsx,https://data.oireachtas.ie/ie/oireachtas/debates/questions/supportingDocumentation/2026-01-22_pq-482-483b-22-01-2026_en.xlsx,https://www.oireachtas.ie/en/debates/question/2026-01-22/483/
2024,Kenya,46,data/raw/pq_attachments/2026-01-22_pq-482-483b-22-01-2026_en.xlsx,https://data.oireachtas.ie/ie/oireachtas/debates/questions/supportingDocumentation/2026-01-22_pq-482-483b-22-01-2026_en.xlsx,https://www.oireachtas.ie/en/debates/question/2026-01-22/483/
2024,Morocco,45,data/raw/pq_attachments/2026-01-22_pq-482-483b-22-01-2026_en.xlsx,https://data.oireachtas.ie/ie/oireachtas/debates/questions/supportingDocumentation/2026-01-22_pq-482-483b-22-01-2026_en.xlsx,https://www.oireachtas.ie/en/debates/question/2026-01-22/483/
2024,"Moldova, Republic Of",44,data/raw/pq_attachments/2026-01-22_pq-482-483b-22-01-2026_en.xlsx,https://data.oireachtas.ie/ie/oireachtas/debates/questions/supportingDocumentation/2026-01-22_pq-482-483b-22-01-2026_en.xlsx,https://www.oireachtas.ie/en/debates/question/2026-01-22/483/
2024,Uganda,44,data/raw/pq_attachments/2026-01-22_pq-482-483b-22-01-2026_en.xlsx,https://data.oireachtas.ie/ie/oireachtas/debates/questions/supportingDocumentation/2026-01-22_pq-482-483b-22-01-2026_en.xlsx,https://www.oireachtas.ie/en/debates/question/2026-01-22/483/
2024,Eritrea,43,data/raw/pq_attachments/2026-01-22_pq-482-483b-22-01-2026_en.xlsx,https://data.oireachtas.ie/ie/oireachtas/debates/questions/supportingDocumentation/2026-01-22_pq-482-483b-22-01-2026_en.xlsx,https://www.oireachtas.ie/en/debates/question/2026-01-22/483/
2024,Sri Lanka,43,data/raw/pq_attachments/2026-01-22_pq-482-483b-22-01-2026_en.xlsx,https://data.oireachtas.ie/ie/oireachtas/debates/questions/supportingDocumentation/2026-01-22_pq-482-483b-22-01-2026_en.xlsx,https://www.oireachtas.ie/en/debates/question/2026-01-22/483/
2024,Jordan,42,data/raw/pq_attachments/2026-01-22_pq-482-483b-22-01-2026_en.xlsx,https://data.oireachtas.ie/ie/oireachtas/debates/questions/supportingDocumentation/2026-01-22_pq-482-483b-22-01-2026_en.xlsx,https://www.oireachtas.ie/en/debates/question/2026-01-22/483/
2024,New Zealand,38,data/raw/pq_attachments/2026-01-22_pq-482-483b-22-01-2026_en.xlsx,https://data.oireachtas.ie/ie/oireachtas/debates/questions/supportingDocumentation/2026-01-22_pq-482-483b-22-01-2026_en.xlsx,https://www.oireachtas.ie/en/debates/question/2026-01-22/483/
2024,Czech Republic,37,data/raw/pq_attachments/2026-01-22_pq-482-483b-22-01-2026_en.xlsx,https://data.oireachtas.ie/ie/oireachtas/debates/questions/supportingDocumentation/2026-01-22_pq-482-483b-22-01-2026_en.xlsx,https://www.oireachtas.ie/en/debates/question/2026-01-22/483/
2024,Angola,35,data/raw/pq_attachments/2026-01-22_pq-482-483b-22-01-2026_en.xlsx,https://data.oireachtas.ie/ie/oireachtas/debates/questions/supportingDocumentation/2026-01-22_pq-482-483b-22-01-2026_en.xlsx,https://www.oireachtas.ie/en/debates/question/2026-01-22/483/
2024,Botswana,34,data/raw/pq_attachments/2026-01-22_pq-482-483b-22-01-2026_en.xlsx,https://data.oireachtas.ie/ie/oireachtas/debates/questions/supportingDocumentation/2026-01-22_pq-482-483b-22-01-2026_en.xlsx,https://www.oireachtas.ie/en/debates/question/2026-01-22/483/
2024,Estonia,33,data/raw/pq_attachments/2026-01-22_pq-482-483b-22-01-2026_en.xlsx,https://data.oireachtas.ie/ie/oireachtas/debates/questions/supportingDocumentation/2026-01-22_pq-482-483b-22-01-2026_en.xlsx,https://www.oireachtas.ie/en/debates/question/2026-01-22/483/
2024,Lebanon,32,data/raw/pq_attachments/2026-01-22_pq-482-483b-22-01-2026_en.xlsx,https://data.oireachtas.ie/ie/oireachtas/debates/questions/supportingDocumentation/2026-01-22_pq-482-483b-22-01-2026_en.xlsx,https://www.oireachtas.ie/en/debates/question/2026-01-22/483/
2024,Tunisia,32,data/raw/pq_attachments/2026-01-22_pq-482-483b-22-01-2026_en.xlsx,https://data.oireachtas.ie/ie/oireachtas/debates/questions/supportingDocumentation/2026-01-22_pq-482-483b-22-01-2026_en.xlsx,https://www.oireachtas.ie/en/debates/question/2026-01-22/483/
2024,Taiwan,31,data/raw/pq_attachments/2026-01-22_pq-482-483b-22-01-2026_en.xlsx,https://data.oireachtas.ie/ie/oireachtas/debates/questions/supportingDocumentation/2026-01-22_pq-482-483b-22-01-2026_en.xlsx,https://www.oireachtas.ie/en/debates/question/2026-01-22/483/
2024,Kosovo / UNSCR 1244,28,data/raw/pq_attachments/2026-01-22_pq-482-483b-22-01-2026_en.xlsx,https://data.oireachtas.ie/ie/oireachtas/debates/questions/supportingDocumentation/2026-01-22_pq-482-483b-22-01-2026_en.xlsx,https://www.oireachtas.ie/en/debates/question/2026-01-22/483/
2024,Bolivia,26,data/raw/pq_attachments/2026-01-22_pq-482-483b-22-01-2026_en.xlsx,https://data.oireachtas.ie/ie/oireachtas/debates/questions/supportingDocumentation/2026-01-22_pq-482-483b-22-01-2026_en.xlsx,https://www.oireachtas.ie/en/debates/question/2026-01-22/483/
2024,Sierra Leone,26,data/raw/pq_attachments/2026-01-22_pq-482-483b-22-01-2026_en.xlsx,https://data.oireachtas.ie/ie/oireachtas/debates/questions/supportingDocumentation/2026-01-22_pq-482-483b-22-01-2026_en.xlsx,https://www.oireachtas.ie/en/debates/question/2026-01-22/483/
2024,Chile,25,data/raw/pq_attachments/2026-01-22_pq-482-483b-22-01-2026_en.xlsx,https://data.oireachtas.ie/ie/oireachtas/debates/questions/supportingDocumentation/2026-01-22_pq-482-483b-22-01-2026_en.xlsx,https://www.oireachtas.ie/en/debates/question/2026-01-22/483/
2024,Indonesia,23,data/raw/pq_attachments/2026-01-22_pq-482-483b-22-01-2026_en.xlsx,https://data.oireachtas.ie/ie/oireachtas/debates/questions/supportingDocumentation/2026-01-22_pq-482-483b-22-01-2026_en.xlsx,https://www.oireachtas.ie/en/debates/question/2026-01-22/483/
2024,Bosnia And Herzegovina,22,data/raw/pq_attachments/2026-01-22_pq-482-483b-22-01-2026_en.xlsx,https://data.oireachtas.ie/ie/oireachtas/debates/questions/supportingDocumentation/2026-01-22_pq-482-483b-22-01-2026_en.xlsx,https://www.oireachtas.ie/en/debates/question/2026-01-22/483/
2024,Kuwait,22,data/raw/pq_attachments/2026-01-22_pq-482-483b-22-01-2026_en.xlsx,https://data.oireachtas.ie/ie/oireachtas/debates/questions/supportingDocumentation/2026-01-22_pq-482-483b-22-01-2026_en.xlsx,https://www.oireachtas.ie/en/debates/question/2026-01-22/483/
2024,Armenia,21,data/raw/pq_attachments/2026-01-22_pq-482-483b-22-01-2026_en.xlsx,https://data.oireachtas.ie/ie/oireachtas/debates/questions/supportingDocumentation/2026-01-22_pq-482-483b-22-01-2026_en.xlsx,https://www.oireachtas.ie/en/debates/question/2026-01-22/483/
2024,Togo,21,data/raw/pq_attachments/2026-01-22_pq-482-483b-22-01-2026_en.xlsx,https://data.oireachtas.ie/ie/oireachtas/debates/questions/supportingDocumentation/2026-01-22_pq-482-483b-22-01-2026_en.xlsx,https://www.oireachtas.ie/en/debates/question/2026-01-22/483/
2024,Netherlands,20,data/raw/pq_attachments/2026-01-22_pq-482-483b-22-01-2026_en.xlsx,https://data.oireachtas.ie/ie/oireachtas/debates/questions/supportingDocumentation/2026-01-22_pq-482-483b-22-01-2026_en.xlsx,https://www.oireachtas.ie/en/debates/question/2026-01-22/483/
2024,Peru,20,data/raw/pq_attachments/2026-01-22_pq-482-483b-22-01-2026_en.xlsx,https://data.oireachtas.ie/ie/oireachtas/debates/questions/supportingDocumentation/2026-01-22_pq-482-483b-22-01-2026_en.xlsx,https://www.oireachtas.ie/en/debates/question/2026-01-22/483/
2024,El Salvador,18,data/raw/pq_attachments/2026-01-22_pq-482-483b-22-01-2026_en.xlsx,https://data.oireachtas.ie/ie/oireachtas/debates/questions/supportingDocumentation/2026-01-22_pq-482-483b-22-01-2026_en.xlsx,https://www.oireachtas.ie/en/debates/question/2026-01-22/483/
2024,Kazakhstan,18,data/raw/pq_attachments/2026-01-22_pq-482-483b-22-01-2026_en.xlsx,https://data.oireachtas.ie/ie/oireachtas/debates/questions/supportingDocumentation/2026-01-22_pq-482-483b-22-01-2026_en.xlsx,https://www.oireachtas.ie/en/debates/question/2026-01-22/483/
2024,"Tanzania, United Republic Of",18,data/raw/pq_attachments/2026-01-22_pq-482-483b-22-01-2026_en.xlsx,https://data.oireachtas.ie/ie/oireachtas/debates/questions/supportingDocumentation/2026-01-22_pq-482-483b-22-01-2026_en.xlsx,https://www.oireachtas.ie/en/debates/question/2026-01-22/483/
2024,Cote D'Ivoire,17,data/raw/pq_attachments/2026-01-22_pq-482-483b-22-01-2026_en.xlsx,https://data.oireachtas.ie/ie/oireachtas/debates/questions/supportingDocumentation/2026-01-22_pq-482-483b-22-01-2026_en.xlsx,https://www.oireachtas.ie/en/debates/question/2026-01-22/483/
2024,Sweden,16,data/raw/pq_attachments/2026-01-22_pq-482-483b-22-01-2026_en.xlsx,https://data.oireachtas.ie/ie/oireachtas/debates/questions/supportingDocumentation/2026-01-22_pq-482-483b-22-01-2026_en.xlsx,https://www.oireachtas.ie/en/debates/question/2026-01-22/483/
2024,Zambia,16,data/raw/pq_attachments/2026-01-22_pq-482-483b-22-01-2026_en.xlsx,https://data.oireachtas.ie/ie/oireachtas/debates/questions/supportingDocumentation/2026-01-22_pq-482-483b-22-01-2026_en.xlsx,https://www.oireachtas.ie/en/debates/question/2026-01-22/483/
2024,Azerbaijan,15,data/raw/pq_attachments/2026-01-22_pq-482-483b-22-01-2026_en.xlsx,https://data.oireachtas.ie/ie/oireachtas/debates/questions/supportingDocumentation/2026-01-22_pq-482-483b-22-01-2026_en.xlsx,https://www.oireachtas.ie/en/debates/question/2026-01-22/483/
2024,Guinea,15,data/raw/pq_attachments/2026-01-22_pq-482-483b-22-01-2026_en.xlsx,https://data.oireachtas.ie/ie/oireachtas/debates/questions/supportingDocumentation/2026-01-22_pq-482-483b-22-01-2026_en.xlsx,https://www.oireachtas.ie/en/debates/question/2026-01-22/483/
2024,Japan,15,data/raw/pq_attachments/2026-01-22_pq-482-483b-22-01-2026_en.xlsx,https://data.oireachtas.ie/ie/oireachtas/debates/questions/supportingDocumentation/2026-01-22_pq-482-483b-22-01-2026_en.xlsx,https://www.oireachtas.ie/en/debates/question/2026-01-22/483/
2024,Cyprus,14,data/raw/pq_attachments/2026-01-22_pq-482-483b-22-01-2026_en.xlsx,https://data.oireachtas.ie/ie/oireachtas/debates/questions/supportingDocumentation/2026-01-22_pq-482-483b-22-01-2026_en.xlsx,https://www.oireachtas.ie/en/debates/question/2026-01-22/483/
2024,Myanmar,14,data/raw/pq_attachments/2026-01-22_pq-482-483b-22-01-2026_en.xlsx,https://data.oireachtas.ie/ie/oireachtas/debates/questions/supportingDocumentation/2026-01-22_pq-482-483b-22-01-2026_en.xlsx,https://www.oireachtas.ie/en/debates/question/2026-01-22/483/
2024,Jamaica,13,data/raw/pq_attachments/2026-01-22_pq-482-483b-22-01-2026_en.xlsx,https://data.oireachtas.ie/ie/oireachtas/debates/questions/supportingDocumentation/2026-01-22_pq-482-483b-22-01-2026_en.xlsx,https://www.oireachtas.ie/en/debates/question/2026-01-22/483/
2024,"Korea, Republic Of (South Korea)",13,data/raw/pq_attachments/2026-01-22_pq-482-483b-22-01-2026_en.xlsx,https://data.oireachtas.ie/ie/oireachtas/debates/questions/supportingDocumentation/2026-01-22_pq-482-483b-22-01-2026_en.xlsx,https://www.oireachtas.ie/en/debates/question/2026-01-22/483/
2024,"Congo, The Republic Of The",11,data/raw/pq_attachments/2026-01-22_pq-482-483b-22-01-2026_en.xlsx,https://data.oireachtas.ie/ie/oireachtas/debates/questions/supportingDocumentation/2026-01-22_pq-482-483b-22-01-2026_en.xlsx,https://www.oireachtas.ie/en/debates/question/2026-01-22/483/
2024,Liberia,11,data/raw/pq_attachments/2026-01-22_pq-482-483b-22-01-2026_en.xlsx,https://data.oireachtas.ie/ie/oireachtas/debates/questions/supportingDocumentation/2026-01-22_pq-482-483b-22-01-2026_en.xlsx,https://www.oireachtas.ie/en/debates/question/2026-01-22/483/
2024,Uzbekistan,11,data/raw/pq_attachments/2026-01-22_pq-482-483b-22-01-2026_en.xlsx,https://data.oireachtas.ie/ie/oireachtas/debates/questions/supportingDocumentation/2026-01-22_pq-482-483b-22-01-2026_en.xlsx,https://www.oireachtas.ie/en/debates/question/2026-01-22/483/
2024,British Overseas Citizens (etc),10,data/raw/pq_attachments/2026-01-22_pq-482-483b-22-01-2026_en.xlsx,https://data.oireachtas.ie/ie/oireachtas/debates/questions/supportingDocumentation/2026-01-22_pq-482-483b-22-01-2026_en.xlsx,https://www.oireachtas.ie/en/debates/question/2026-01-22/483/
2024,Switzerland,10,data/raw/pq_attachments/2026-01-22_pq-482-483b-22-01-2026_en.xlsx,https://data.oireachtas.ie/ie/oireachtas/debates/questions/supportingDocumentation/2026-01-22_pq-482-483b-22-01-2026_en.xlsx,https://www.oireachtas.ie/en/debates/question/2026-01-22/483/
2024,Yemen,10,data/raw/pq_attachments/2026-01-22_pq-482-483b-22-01-2026_en.xlsx,https://data.oireachtas.ie/ie/oireachtas/debates/questions/supportingDocumentation/2026-01-22_pq-482-483b-22-01-2026_en.xlsx,https://www.oireachtas.ie/en/debates/question/2026-01-22/483/
2024,Rest of the World,252,data/raw/pq_attachments/2026-01-22_pq-482-483b-22-01-2026_en.xlsx,https://data.oireachtas.ie/ie/oireachtas/debates/questions/supportingDocumentation/2026-01-22_pq-482-483b-22-01-2026_en.xlsx,https://www.oireachtas.ie/en/debates/question/2026-01-22/483/
2025,India,6298,data/raw/pq_attachments/2026-01-22_pq-482-483b-22-01-2026_en.xlsx,https://data.oireachtas.ie/ie/oireachtas/debates/questions/supportingDocumentation/2026-01-22_pq-482-483b-22-01-2026_en.xlsx,https://www.oireachtas.ie/en/debates/question/2026-01-22/483/
2025,Brazil,2353,data/raw/pq_attachments/2026-01-22_pq-482-483b-22-01-2026_en.xlsx,https://data.oireachtas.ie/ie/oireachtas/debates/questions/supportingDocumentation/2026-01-22_pq-482-483b-22-01-2026_en.xlsx,https://www.oireachtas.ie/en/debates/question/2026-01-22/483/
2025,Romania,1752,data/raw/pq_attachments/2026-01-22_pq-482-483b-22-01-2026_en.xlsx,https://data.oireachtas.ie/ie/oireachtas/debates/questions/supportingDocumentation/2026-01-22_pq-482-483b-22-01-2026_en.xlsx,https://www.oireachtas.ie/en/debates/question/2026-01-22/483/
2025,United Kingdom,1605,data/raw/pq_attachments/2026-01-22_pq-482-483b-22-01-2026_en.xlsx,https://data.oireachtas.ie/ie/oireachtas/debates/questions/supportingDocumentation/2026-01-22_pq-482-483b-22-01-2026_en.xlsx,https://www.oireachtas.ie/en/debates/question/2026-01-22/483/
2025,Poland,1386,data/raw/pq_attachments/2026-01-22_pq-482-483b-22-01-2026_en.xlsx,https://data.oireachtas.ie/ie/oireachtas/debates/questions/supportingDocumentation/2026-01-22_pq-482-483b-22-01-2026_en.xlsx,https://www.oireachtas.ie/en/debates/question/2026-01-22/483/
2025,Philippines,1374,data/raw/pq_attachments/2026-01-22_pq-482-483b-22-01-2026_en.xlsx,https://data.oireachtas.ie/ie/oireachtas/debates/questions/supportingDocumentation/2026-01-22_pq-482-483b-22-01-2026_en.xlsx,https://www.oireachtas.ie/en/debates/question/2026-01-22/483/
2025,Nigeria,1074,data/raw/pq_attachments/2026-01-22_pq-482-483b-22-01-2026_en.xlsx,https://data.oireachtas.ie/ie/oireachtas/debates/questions/supportingDocumentation/2026-01-22_pq-482-483b-22-01-2026_en.xlsx,https://www.oireachtas.ie/en/debates/question/2026-01-22/483/
2025,China (Including Hong Kong),1073,data/raw/pq_attachments/2026-01-22_pq-482-483b-22-01-2026_en.xlsx,https://data.oireachtas.ie/ie/oireachtas/debates/questions/supportingDocumentation/2026-01-22_pq-482-483b-22-01-2026_en.xlsx,https://www.oireachtas.ie/en/debates/question/2026-01-22/483/
2025,South Africa,1038,data/raw/pq_attachments/2026-01-22_pq-482-483b-22-01-2026_en.xlsx,https://data.oireachtas.ie/ie/oireachtas/debates/questions/supportingDocumentation/2026-01-22_pq-482-483b-22-01-2026_en.xlsx,https://www.oireachtas.ie/en/debates/question/2026-01-22/483/
2025,Pakistan,839,data/raw/pq_attachments/2026-01-22_pq-482-483b-22-01-2026_en.xlsx,https://data.oireachtas.ie/ie/oireachtas/debates/questions/supportingDocumentation/2026-01-22_pq-482-483b-22-01-2026_en.xlsx,https://www.oireachtas.ie/en/debates/question/2026-01-22/483/
2025,United States Of America,685,data/raw/pq_attachments/2026-01-22_pq-482-483b-22-01-2026_en.xlsx,https://data.oireachtas.ie/ie/oireachtas/debates/questions/supportingDocumentation/2026-01-22_pq-482-483b-22-01-2026_en.xlsx,https://www.oireachtas.ie/en/debates/question/2026-01-22/483/
2025,Egypt,579,data/raw/pq_attachments/2026-01-22_pq-482-483b-22-01-2026_en.xlsx,https://data.oireachtas.ie/ie/oireachtas/debates/questions/supportingDocumentation/2026-01-22_pq-482-483b-22-01-2026_en.xlsx,https://www.oireachtas.ie/en/debates/question/2026-01-22/483/
2025,Mauritius,567,data/raw/pq_attachments/2026-01-22_pq-482-483b-22-01-2026_en.xlsx,https://data.oireachtas.ie/ie/oireachtas/debates/questions/supportingDocumentation/2026-01-22_pq-482-483b-22-01-2026_en.xlsx,https://www.oireachtas.ie/en/debates/question/2026-01-22/483/
2025,Italy,491,data/raw/pq_attachments/2026-01-22_pq-482-483b-22-01-2026_en.xlsx,https://data.oireachtas.ie/ie/oireachtas/debates/questions/supportingDocumentation/2026-01-22_pq-482-483b-22-01-2026_en.xlsx,https://www.oireachtas.ie/en/debates/question/2026-01-22/483/
2025,Syrian Arab Republic,420,data/raw/pq_attachments/2026-01-22_pq-482-483b-22-01-2026_en.xlsx,https://data.oireachtas.ie/ie/oireachtas/debates/questions/supportingDocumentation/2026-01-22_pq-482-483b-22-01-2026_en.xlsx,https://www.oireachtas.ie/en/debates/question/2026-01-22/483/
2025,Latvia,411,data/raw/pq_attachments/2026-01-22_pq-482-483b-22-01-2026_en.xlsx,https://data.oireachtas.ie/ie/oireachtas/debates/questions/supportingDocumentation/2026-01-22_pq-482-483b-22-01-2026_en.xlsx,https://www.oireachtas.ie/en/debates/question/2026-01-22/483/
2025,Russian Federation,399,data/raw/pq_attachments/2026-01-22_pq-482-483b-22-01-2026_en.xlsx,https://data.oireachtas.ie/ie/oireachtas/debates/questions/supportingDocumentation/2026-01-22_pq-482-483b-22-01-2026_en.xlsx,https://www.oireachtas.ie/en/debates/question/2026-01-22/483/
2025,Zimbabwe,376,data/raw/pq_attachments/2026-01-22_pq-482-483b-22-01-2026_en.xlsx,https://data.oireachtas.ie/ie/oireachtas/debates/questions/supportingDocumentation/2026-01-22_pq-482-483b-22-01-2026_en.xlsx,https://www.oireachtas.ie/en/debates/question/2026-01-22/483/
2025,Türkiye,362,data/raw/pq_attachments/2026-01-22_pq-482-483b-22-01-2026_en.xlsx,https://data.oireachtas.ie/ie/oireachtas/debates/questions/supportingDocumentation/2026-01-22_pq-482-483b-22-01-2026_en.xlsx,https://www.oireachtas.ie/en/debates/question/2026-01-22/483/
2025,Ukraine,354,data/raw/pq_attachments/2026-01-22_pq-482-483b-22-01-2026_en.xlsx,https://data.oireachtas.ie/ie/oireachtas/debates/questions/supportingDocumentation/2026-01-22_pq-482-483b-22-01-2026_en.xlsx,https://www.oireachtas.ie/en/debates/question/2026-01-22/483/
2025,Lithuania,288,data/raw/pq_attachments/2026-01-22_pq-482-483b-22-01-2026_en.xlsx,https://data.oireachtas.ie/ie/oireachtas/debates/questions/supportingDocumentation/2026-01-22_pq-482-483b-22-01-2026_en.xlsx,https://www.oireachtas.ie/en/debates/question/2026-01-22/483/
2025,Sudan,278,data/raw/pq_attachments/2026-01-22_pq-482-483b-22-01-2026_en.xlsx,https://data.oireachtas.ie/ie/oireachtas/debates/questions/supportingDocumentation/2026-01-22_pq-482-483b-22-01-2026_en.xlsx,https://www.oireachtas.ie/en/debates/question/2026-01-22/483/
2025,Croatia,262,data/raw/pq_attachments/2026-01-22_pq-482-483b-22-01-2026_en.xlsx,https://data.oireachtas.ie/ie/oireachtas/debates/questions/supportingDocumentation/2026-01-22_pq-482-483b-22-01-2026_en.xlsx,https://www.oireachtas.ie/en/debates/question/2026-01-22/483/
2025,Hungary,260,data/raw/pq_attachments/2026-01-22_pq-482-483b-22-01-2026_en.xlsx,https://data.oireachtas.ie/ie/oireachtas/debates/questions/supportingDocumentation/2026-01-22_pq-482-483b-22-01-2026_en.xlsx,https://www.oireachtas.ie/en/debates/question/2026-01-22/483/
2025,Bangladesh,244,data/raw/pq_attachments/2026-01-22_pq-482-483b-22-01-2026_en.xlsx,https://data.oireachtas.ie/ie/oireachtas/debates/questions/supportingDocumentation/2026-01-22_pq-482-483b-22-01-2026_en.xlsx,https://www.oireachtas.ie/en/debates/question/2026-01-22/483/
2025,"Congo, The Democratic Republic Of The",215,data/raw/pq_attachments/2026-01-22_pq-482-483b-22-01-2026_en.xlsx,https://data.oireachtas.ie/ie/oireachtas/debates/questions/supportingDocumentation/2026-01-22_pq-482-483b-22-01-2026_en.xlsx,https://www.oireachtas.ie/en/debates/question/2026-01-22/483/
2025,Venezuela,179,data/raw/pq_attachments/2026-01-22_pq-482-483b-22-01-2026_en.xlsx,https://data.oireachtas.ie/ie/oireachtas/debates/questions/supportingDocumentation/2026-01-22_pq-482-483b-22-01-2026_en.xlsx,https://www.oireachtas.ie/en/debates/question/2026-01-22/483/
2025,Mexico,177,data/raw/pq_attachments/2026-01-22_pq-482-483b-22-01-2026_en.xlsx,https://data.oireachtas.ie/ie/oireachtas/debates/questions/supportingDocumentation/2026-01-22_pq-482-483b-22-01-2026_en.xlsx,https://www.oireachtas.ie/en/debates/question/2026-01-22/483/
2025,France,176,data/raw/pq_attachments/2026-01-22_pq-482-483b-22-01-2026_en.xlsx,https://data.oireachtas.ie/ie/oireachtas/debates/questions/supportingDocumentation/2026-01-22_pq-482-483b-22-01-2026_en.xlsx,https://www.oireachtas.ie/en/debates/question/2026-01-22/483/
2025,Germany,168,data/raw/pq_attachments/2026-01-22_pq-482-483b-22-01-2026_en.xlsx,https://data.oireachtas.ie/ie/oireachtas/debates/questions/supportingDocumentation/2026-01-22_pq-482-483b-22-01-2026_en.xlsx,https://www.oireachtas.ie/en/debates/question/2026-01-22/483/
2025,Spain,161,data/raw/pq_attachments/2026-01-22_pq-482-483b-22-01-2026_en.xlsx,https://data.oireachtas.ie/ie/oireachtas/debates/questions/supportingDocumentation/2026-01-22_pq-482-483b-22-01-2026_en.xlsx,https://www.oireachtas.ie/en/debates/question/2026-01-22/483/
2025,Bulgaria,153,data/raw/pq_attachments/2026-01-22_pq-482-483b-22-01-2026_en.xlsx,https://data.oireachtas.ie/ie/oireachtas/debates/questions/supportingDocumentation/2026-01-22_pq-482-483b-22-01-2026_en.xlsx,https://www.oireachtas.ie/en/debates/question/2026-01-22/483/
2025,Slovak Republic,149,data/raw/pq_attachments/2026-01-22_pq-482-483b-22-01-2026_en.xlsx,https://data.oireachtas.ie/ie/oireachtas/debates/questions/supportingDocumentation/2026-01-22_pq-482-483b-22-01-2026_en.xlsx,https://www.oireachtas.ie/en/debates/question/2026-01-22/483/
2025,Malaysia,142,data/raw/pq_attachments/2026-01-22_pq-482-483b-22-01-2026_en.xlsx,https://data.oireachtas.ie/ie/oireachtas/debates/questions/supportingDocumentation/2026-01-22_pq-482-483b-22-01-2026_en.xlsx,https://www.oireachtas.ie/en/debates/question/2026-01-22/483/
2025,Canada,139,data/raw/pq_attachments/2026-01-22_pq-482-483b-22-01-2026_en.xlsx,https://data.oireachtas.ie/ie/oireachtas/debates/questions/supportingDocumentation/2026-01-22_pq-482-483b-22-01-2026_en.xlsx,https://www.oireachtas.ie/en/debates/question/2026-01-22/483/
2025,Afghanistan,138,data/raw/pq_attachments/2026-01-22_pq-482-483b-22-01-2026_en.xlsx,https://data.oireachtas.ie/ie/oireachtas/debates/questions/supportingDocumentation/2026-01-22_pq-482-483b-22-01-2026_en.xlsx,https://www.oireachtas.ie/en/debates/question/2026-01-22/483/
2025,Nepal,138,data/raw/pq_attachments/2026-01-22_pq-482-483b-22-01-2026_en.xlsx,https://data.oireachtas.ie/ie/oireachtas/debates/questions/supportingDocumentation/2026-01-22_pq-482-483b-22-01-2026_en.xlsx,https://www.oireachtas.ie/en/debates/question/2026-01-22/483/
2025,Portugal,132,data/raw/pq_attachments/2026-01-22_pq-482-483b-22-01-2026_en.xlsx,https://data.oireachtas.ie/ie/oireachtas/debates/questions/supportingDocumentation/2026-01-22_pq-482-483b-22-01-2026_en.xlsx,https://www.oireachtas.ie/en/debates/question/2026-01-22/483/
2025,Malawi,126,data/raw/pq_attachments/2026-01-22_pq-482-483b-22-01-2026_en.xlsx,https://data.oireachtas.ie/ie/oireachtas/debates/questions/supportingDocumentation/2026-01-22_pq-482-483b-22-01-2026_en.xlsx,https://www.oireachtas.ie/en/debates/question/2026-01-22/483/
2025,Albania,125,data/raw/pq_attachments/2026-01-22_pq-482-483b-22-01-2026_en.xlsx,https://data.oireachtas.ie/ie/oireachtas/debates/questions/supportingDocumentation/2026-01-22_pq-482-483b-22-01-2026_en.xlsx,https://www.oireachtas.ie/en/debates/question/2026-01-22/483/
2025,Australia,114,data/raw/pq_attachments/2026-01-22_pq-482-483b-22-01-2026_en.xlsx,https://data.oireachtas.ie/ie/oireachtas/debates/questions/supportingDocumentation/2026-01-22_pq-482-483b-22-01-2026_en.xlsx,https://www.oireachtas.ie/en/debates/question/2026-01-22/483/
2025,Georgia,102,data/raw/pq_attachments/2026-01-22_pq-482-483b-22-01-2026_en.xlsx,https://data.oireachtas.ie/ie/oireachtas/debates/questions/supportingDocumentation/2026-01-22_pq-482-483b-22-01-2026_en.xlsx,https://www.oireachtas.ie/en/debates/question/2026-01-22/483/
2025,Somalia,97,data/raw/pq_attachments/2026-01-22_pq-482-483b-22-01-2026_en.xlsx,https://data.oireachtas.ie/ie/oireachtas/debates/questions/supportingDocumentation/2026-01-22_pq-482-483b-22-01-2026_en.xlsx,https://www.oireachtas.ie/en/debates/question/2026-01-22/483/
2025,Thailand,93,data/raw/pq_attachments/2026-01-22_pq-482-483b-22-01-2026_en.xlsx,https://data.oireachtas.ie/ie/oireachtas/debates/questions/supportingDocumentation/2026-01-22_pq-482-483b-22-01-2026_en.xlsx,https://www.oireachtas.ie/en/debates/question/2026-01-22/483/
2025,Argentina,92,data/raw/pq_attachments/2026-01-22_pq-482-483b-22-01-2026_en.xlsx,https://data.oireachtas.ie/ie/oireachtas/debates/questions/supportingDocumentation/2026-01-22_pq-482-483b-22-01-2026_en.xlsx,https://www.oireachtas.ie/en/debates/question/2026-01-22/483/
2025,Viet Nam,92,data/raw/pq_attachments/2026-01-22_pq-482-483b-22-01-2026_en.xlsx,https://data.oireachtas.ie/ie/oireachtas/debates/questions/supportingDocumentation/2026-01-22_pq-482-483b-22-01-2026_en.xlsx,https://www.oireachtas.ie/en/debates/question/2026-01-22/483/
2025,Iraq,87,data/raw/pq_attachments/2026-01-22_pq-482-483b-22-01-2026_en.xlsx,https://data.oireachtas.ie/ie/oireachtas/debates/questions/supportingDocumentation/2026-01-22_pq-482-483b-22-01-2026_en.xlsx,https://www.oireachtas.ie/en/debates/question/2026-01-22/483/
2025,Ghana,85,data/raw/pq_attachments/2026-01-22_pq-482-483b-22-01-2026_en.xlsx,https://data.oireachtas.ie/ie/oireachtas/debates/questions/supportingDocumentation/2026-01-22_pq-482-483b-22-01-2026_en.xlsx,https://www.oireachtas.ie/en/debates/question/2026-01-22/483/
2025,Libyan Arab Jamahiriya,78,data/raw/pq_attachments/2026-01-22_pq-482-483b-22-01-2026_en.xlsx,https://data.oireachtas.ie/ie/oireachtas/debates/questions/supportingDocumentation/2026-01-22_pq-482-483b-22-01-2026_en.xlsx,https://www.oireachtas.ie/en/debates/question/2026-01-22/483/
2025,Greece,68,data/raw/pq_attachments/2026-01-22_pq-482-483b-22-01-2026_en.xlsx,https://data.oireachtas.ie/ie/oireachtas/debates/questions/supportingDocumentation/2026-01-22_pq-482-483b-22-01-2026_en.xlsx,https://www.oireachtas.ie/en/debates/question/2026-01-22/483/
2025,Mongolia,67,data/raw/pq_attachments/2026-01-22_pq-482-483b-22-01-2026_en.xlsx,https://data.oireachtas.ie/ie/oireachtas/debates/questions/supportingDocumentation/2026-01-22_pq-482-483b-22-01-2026_en.xlsx,https://www.oireachtas.ie/en/debates/question/2026-01-22/483/
2025,Sri Lanka,66,data/raw/pq_attachments/2026-01-22_pq-482-483b-22-01-2026_en.xlsx,https://data.oireachtas.ie/ie/oireachtas/debates/questions/supportingDocumentation/2026-01-22_pq-482-483b-22-01-2026_en.xlsx,https://www.oireachtas.ie/en/debates/question/2026-01-22/483/
2025,Colombia,59,data/raw/pq_attachments/2026-01-22_pq-482-483b-22-01-2026_en.xlsx,https://data.oireachtas.ie/ie/oireachtas/debates/questions/supportingDocumentation/2026-01-22_pq-482-483b-22-01-2026_en.xlsx,https://www.oireachtas.ie/en/debates/question/2026-01-22/483/
2025,Israel,59,data/raw/pq_attachments/2026-01-22_pq-482-483b-22-01-2026_en.xlsx,https://data.oireachtas.ie/ie/oireachtas/debates/questions/supportingDocumentation/2026-01-22_pq-482-483b-22-01-2026_en.xlsx,https://www.oireachtas.ie/en/debates/question/2026-01-22/483/
2025,Iran (Islamic Republic Of),58,data/raw/pq_attachments/2026-01-22_pq-482-483b-22-01-2026_en.xlsx,https://data.oireachtas.ie/ie/oireachtas/debates/questions/supportingDocumentation/2026-01-22_pq-482-483b-22-01-2026_en.xlsx,https://www.oireachtas.ie/en/debates/question/2026-01-22/483/
2025,New Zealand,57,data/raw/pq_attachments/2026-01-22_pq-482-483b-22-01-2026_en.xlsx,https://data.oireachtas.ie/ie/oireachtas/debates/questions/supportingDocumentation/2026-01-22_pq-482-483b-22-01-2026_en.xlsx,https://www.oireachtas.ie/en/debates/question/2026-01-22/483/
2025,Czech Republic,56,data/raw/pq_attachments/2026-01-22_pq-482-483b-22-01-2026_en.xlsx,https://data.oireachtas.ie/ie/oireachtas/debates/questions/supportingDocumentation/2026-01-22_pq-482-483b-22-01-2026_en.xlsx,https://www.oireachtas.ie/en/debates/question/2026-01-22/483/
2025,Serbia,55,data/raw/pq_attachments/2026-01-22_pq-482-483b-22-01-2026_en.xlsx,https://data.oireachtas.ie/ie/oireachtas/debates/questions/supportingDocumentation/2026-01-22_pq-482-483b-22-01-2026_en.xlsx,https://www.oireachtas.ie/en/debates/question/2026-01-22/483/
2025,Algeria,53,data/raw/pq_attachments/2026-01-22_pq-482-483b-22-01-2026_en.xlsx,https://data.oireachtas.ie/ie/oireachtas/debates/questions/supportingDocumentation/2026-01-22_pq-482-483b-22-01-2026_en.xlsx,https://www.oireachtas.ie/en/debates/question/2026-01-22/483/
2025,Botswana,51,data/raw/pq_attachments/2026-01-22_pq-482-483b-22-01-2026_en.xlsx,https://data.oireachtas.ie/ie/oireachtas/debates/questions/supportingDocumentation/2026-01-22_pq-482-483b-22-01-2026_en.xlsx,https://www.oireachtas.ie/en/debates/question/2026-01-22/483/
2025,Cameroon,49,data/raw/pq_attachments/2026-01-22_pq-482-483b-22-01-2026_en.xlsx,https://data.oireachtas.ie/ie/oireachtas/debates/questions/supportingDocumentation/2026-01-22_pq-482-483b-22-01-2026_en.xlsx,https://www.oireachtas.ie/en/debates/question/2026-01-22/483/
2025,"Palestinian Territory, Occupied",48,data/raw/pq_attachments/2026-01-22_pq-482-483b-22-01-2026_en.xlsx,https://data.oireachtas.ie/ie/oireachtas/debates/questions/supportingDocumentation/2026-01-22_pq-482-483b-22-01-2026_en.xlsx,https://www.oireachtas.ie/en/debates/question/2026-01-22/483/
2025,Tunisia,47,data/raw/pq_attachments/2026-01-22_pq-482-483b-22-01-2026_en.xlsx,https://data.oireachtas.ie/ie/oireachtas/debates/questions/supportingDocumentation/2026-01-22_pq-482-483b-22-01-2026_en.xlsx,https://www.oireachtas.ie/en/debates/question/2026-01-22/483/
2025,Belarus,45,data/raw/pq_attachments/2026-01-22_pq-482-483b-22-01-2026_en.xlsx,https://data.oireachtas.ie/ie/oireachtas/debates/questions/supportingDocumentation/2026-01-22_pq-482-483b-22-01-2026_en.xlsx,https://www.oireachtas.ie/en/debates/question/2026-01-22/483/
2025,Jordan,43,data/raw/pq_attachments/2026-01-22_pq-482-483b-22-01-2026_en.xlsx,https://data.oireachtas.ie/ie/oireachtas/debates/questions/supportingDocumentation/2026-01-22_pq-482-483b-22-01-2026_en.xlsx,https://www.oireachtas.ie/en/debates/question/2026-01-22/483/
2025,"Moldova, Republic Of",42,data/raw/pq_attachments/2026-01-22_pq-482-483b-22-01-2026_en.xlsx,https://data.oireachtas.ie/ie/oireachtas/debates/questions/supportingDocumentation/2026-01-22_pq-482-483b-22-01-2026_en.xlsx,https://www.oireachtas.ie/en/debates/question/2026-01-22/483/
2025,Kenya,41,data/raw/pq_attachments/2026-01-22_pq-482-483b-22-01-2026_en.xlsx,https://data.oireachtas.ie/ie/oireachtas/debates/questions/supportingDocumentation/2026-01-22_pq-482-483b-22-01-2026_en.xlsx,https://www.oireachtas.ie/en/debates/question/2026-01-22/483/
2025,Lebanon,41,data/raw/pq_attachments/2026-01-22_pq-482-483b-22-01-2026_en.xlsx,https://data.oireachtas.ie/ie/oireachtas/debates/questions/supportingDocumentation/2026-01-22_pq-482-483b-22-01-2026_en.xlsx,https://www.oireachtas.ie/en/debates/question/2026-01-22/483/
2025,Chile,40,data/raw/pq_attachments/2026-01-22_pq-482-483b-22-01-2026_en.xlsx,https://data.oireachtas.ie/ie/oireachtas/debates/questions/supportingDocumentation/2026-01-22_pq-482-483b-22-01-2026_en.xlsx,https://www.oireachtas.ie/en/debates/question/2026-01-22/483/
2025,Taiwan,40,data/raw/pq_attachments/2026-01-22_pq-482-483b-22-01-2026_en.xlsx,https://data.oireachtas.ie/ie/oireachtas/debates/questions/supportingDocumentation/2026-01-22_pq-482-483b-22-01-2026_en.xlsx,https://www.oireachtas.ie/en/debates/question/2026-01-22/483/
2025,Morocco,39,data/raw/pq_attachments/2026-01-22_pq-482-483b-22-01-2026_en.xlsx,https://data.oireachtas.ie/ie/oireachtas/debates/questions/supportingDocumentation/2026-01-22_pq-482-483b-22-01-2026_en.xlsx,https://www.oireachtas.ie/en/debates/question/2026-01-22/483/
2025,Ethiopia,38,data/raw/pq_attachments/2026-01-22_pq-482-483b-22-01-2026_en.xlsx,https://data.oireachtas.ie/ie/oireachtas/debates/questions/supportingDocumentation/2026-01-22_pq-482-483b-22-01-2026_en.xlsx,https://www.oireachtas.ie/en/debates/question/2026-01-22/483/
2025,"Korea, Republic Of (South Korea)",32,data/raw/pq_attachments/2026-01-22_pq-482-483b-22-01-2026_en.xlsx,https://data.oireachtas.ie/ie/oireachtas/debates/questions/supportingDocumentation/2026-01-22_pq-482-483b-22-01-2026_en.xlsx,https://www.oireachtas.ie/en/debates/question/2026-01-22/483/
2025,Netherlands,32,data/raw/pq_attachments/2026-01-22_pq-482-483b-22-01-2026_en.xlsx,https://data.oireachtas.ie/ie/oireachtas/debates/questions/supportingDocumentation/2026-01-22_pq-482-483b-22-01-2026_en.xlsx,https://www.oireachtas.ie/en/debates/question/2026-01-22/483/
2025,Uganda,30,data/raw/pq_attachments/2026-01-22_pq-482-483b-22-01-2026_en.xlsx,https://data.oireachtas.ie/ie/oireachtas/debates/questions/supportingDocumentation/2026-01-22_pq-482-483b-22-01-2026_en.xlsx,https://www.oireachtas.ie/en/debates/question/2026-01-22/483/
2025,Bolivia,29,data/raw/pq_attachments/2026-01-22_pq-482-483b-22-01-2026_en.xlsx,https://data.oireachtas.ie/ie/oireachtas/debates/questions/supportingDocumentation/2026-01-22_pq-482-483b-22-01-2026_en.xlsx,https://www.oireachtas.ie/en/debates/question/2026-01-22/483/
2025,Indonesia,26,data/raw/pq_attachments/2026-01-22_pq-482-483b-22-01-2026_en.xlsx,https://data.oireachtas.ie/ie/oireachtas/debates/questions/supportingDocumentation/2026-01-22_pq-482-483b-22-01-2026_en.xlsx,https://www.oireachtas.ie/en/debates/question/2026-01-22/483/
2025,Bosnia And Herzegovina,24,data/raw/pq_attachments/2026-01-22_pq-482-483b-22-01-2026_en.xlsx,https://data.oireachtas.ie/ie/oireachtas/debates/questions/supportingDocumentation/2026-01-22_pq-482-483b-22-01-2026_en.xlsx,https://www.oireachtas.ie/en/debates/question/2026-01-22/483/
2025,Estonia,23,data/raw/pq_attachments/2026-01-22_pq-482-483b-22-01-2026_en.xlsx,https://data.oireachtas.ie/ie/oireachtas/debates/questions/supportingDocumentation/2026-01-22_pq-482-483b-22-01-2026_en.xlsx,https://www.oireachtas.ie/en/debates/question/2026-01-22/483/
2025,Kosovo / UNSCR 1244,23,data/raw/pq_attachments/2026-01-22_pq-482-483b-22-01-2026_en.xlsx,https://data.oireachtas.ie/ie/oireachtas/debates/questions/supportingDocumentation/2026-01-22_pq-482-483b-22-01-2026_en.xlsx,https://www.oireachtas.ie/en/debates/question/2026-01-22/483/
2025,Sweden,23,data/raw/pq_attachments/2026-01-22_pq-482-483b-22-01-2026_en.xlsx,https://data.oireachtas.ie/ie/oireachtas/debates/questions/supportingDocumentation/2026-01-22_pq-482-483b-22-01-2026_en.xlsx,https://www.oireachtas.ie/en/debates/question/2026-01-22/483/
2025,Kazakhstan,22,data/raw/pq_attachments/2026-01-22_pq-482-483b-22-01-2026_en.xlsx,https://data.oireachtas.ie/ie/oireachtas/debates/questions/supportingDocumentation/2026-01-22_pq-482-483b-22-01-2026_en.xlsx,https://www.oireachtas.ie/en/debates/question/2026-01-22/483/
2025,Angola,21,data/raw/pq_attachments/2026-01-22_pq-482-483b-22-01-2026_en.xlsx,https://data.oireachtas.ie/ie/oireachtas/debates/questions/supportingDocumentation/2026-01-22_pq-482-483b-22-01-2026_en.xlsx,https://www.oireachtas.ie/en/debates/question/2026-01-22/483/
2025,Armenia,20,data/raw/pq_attachments/2026-01-22_pq-482-483b-22-01-2026_en.xlsx,https://data.oireachtas.ie/ie/oireachtas/debates/questions/supportingDocumentation/2026-01-22_pq-482-483b-22-01-2026_en.xlsx,https://www.oireachtas.ie/en/debates/question/2026-01-22/483/
2025,Belgium,20,data/raw/pq_attachments/2026-01-22_pq-482-483b-22-01-2026_en.xlsx,https://data.oireachtas.ie/ie/oireachtas/debates/questions/supportingDocumentation/2026-01-22_pq-482-483b-22-01-2026_en.xlsx,https://www.oireachtas.ie/en/debates/question/2026-01-22/483/
2025,El Salvador,20,data/raw/pq_attachments/2026-01-22_pq-482-483b-22-01-2026_en.xlsx,https://data.oireachtas.ie/ie/oireachtas/debates/questions/supportingDocumentation/2026-01-22_pq-482-483b-22-01-2026_en.xlsx,https://www.oireachtas.ie/en/debates/question/2026-01-22/483/
2025,Sierra Leone,20,data/raw/pq_attachments/2026-01-22_pq-482-483b-22-01-2026_en.xlsx,https://data.oireachtas.ie/ie/oireachtas/debates/questions/supportingDocumentation/2026-01-22_pq-482-483b-22-01-2026_en.xlsx,https://www.oireachtas.ie/en/debates/question/2026-01-22/483/
2025,Togo,19,data/raw/pq_attachments/2026-01-22_pq-482-483b-22-01-2026_en.xlsx,https://data.oireachtas.ie/ie/oireachtas/debates/questions/supportingDocumentation/2026-01-22_pq-482-483b-22-01-2026_en.xlsx,https://www.oireachtas.ie/en/debates/question/2026-01-22/483/
2025,Peru,16,data/raw/pq_attachments/2026-01-22_pq-482-483b-22-01-2026_en.xlsx,https://data.oireachtas.ie/ie/oireachtas/debates/questions/supportingDocumentation/2026-01-22_pq-482-483b-22-01-2026_en.xlsx,https://www.oireachtas.ie/en/debates/question/2026-01-22/483/
2025,Cote D'Ivoire,15,data/raw/pq_attachments/2026-01-22_pq-482-483b-22-01-2026_en.xlsx,https://data.oireachtas.ie/ie/oireachtas/debates/questions/supportingDocumentation/2026-01-22_pq-482-483b-22-01-2026_en.xlsx,https://www.oireachtas.ie/en/debates/question/2026-01-22/483/
2025,Zambia,15,data/raw/pq_attachments/2026-01-22_pq-482-483b-22-01-2026_en.xlsx,https://data.oireachtas.ie/ie/oireachtas/debates/questions/supportingDocumentation/2026-01-22_pq-482-483b-22-01-2026_en.xlsx,https://www.oireachtas.ie/en/debates/question/2026-01-22/483/
2025,Denmark,14,data/raw/pq_attachments/2026-01-22_pq-482-483b-22-01-2026_en.xlsx,https://data.oireachtas.ie/ie/oireachtas/debates/questions/supportingDocumentation/2026-01-22_pq-482-483b-22-01-2026_en.xlsx,https://www.oireachtas.ie/en/debates/question/2026-01-22/483/
2025,Costa Rica,13,data/raw/pq_attachments/2026-01-22_pq-482-483b-22-01-2026_en.xlsx,https://data.oireachtas.ie/ie/oireachtas/debates/questions/supportingDocumentation/2026-01-22_pq-482-483b-22-01-2026_en.xlsx,https://www.oireachtas.ie/en/debates/question/2026-01-22/483/
2025,Eritrea,13,data/raw/pq_attachments/2026-01-22_pq-482-483b-22-01-2026_en.xlsx,https://data.oireachtas.ie/ie/oireachtas/debates/questions/supportingDocumentation/2026-01-22_pq-482-483b-22-01-2026_en.xlsx,https://www.oireachtas.ie/en/debates/question/2026-01-22/483/
2025,Cyprus,12,data/raw/pq_attachments/2026-01-22_pq-482-483b-22-01-2026_en.xlsx,https://data.oireachtas.ie/ie/oireachtas/debates/questions/supportingDocumentation/2026-01-22_pq-482-483b-22-01-2026_en.xlsx,https://www.oireachtas.ie/en/debates/question/2026-01-22/483/
2025,Finland,12,data/raw/pq_attachments/2026-01-22_pq-482-483b-22-01-2026_en.xlsx,https://data.oireachtas.ie/ie/oireachtas/debates/questions/supportingDocumentation/2026-01-22_pq-482-483b-22-01-2026_en.xlsx,https://www.oireachtas.ie/en/debates/question/2026-01-22/483/
2025,Japan,12,data/raw/pq_attachments/2026-01-22_pq-482-483b-22-01-2026_en.xlsx,https://data.oireachtas.ie/ie/oireachtas/debates/questions/supportingDocumentation/2026-01-22_pq-482-483b-22-01-2026_en.xlsx,https://www.oireachtas.ie/en/debates/question/2026-01-22/483/
2025,Trinidad And Tobago,12,data/raw/pq_attachments/2026-01-22_pq-482-483b-22-01-2026_en.xlsx,https://data.oireachtas.ie/ie/oireachtas/debates/questions/supportingDocumentation/2026-01-22_pq-482-483b-22-01-2026_en.xlsx,https://www.oireachtas.ie/en/debates/question/2026-01-22/483/
2025,British Overseas Citizens (etc),11,data/raw/pq_attachments/2026-01-22_pq-482-483b-22-01-2026_en.xlsx,https://data.oireachtas.ie/ie/oireachtas/debates/questions/supportingDocumentation/2026-01-22_pq-482-483b-22-01-2026_en.xlsx,https://www.oireachtas.ie/en/debates/question/2026-01-22/483/
2025,Cuba,11,data/raw/pq_attachments/2026-01-22_pq-482-483b-22-01-2026_en.xlsx,https://data.oireachtas.ie/ie/oireachtas/debates/questions/supportingDocumentation/2026-01-22_pq-482-483b-22-01-2026_en.xlsx,https://www.oireachtas.ie/en/debates/question/2026-01-22/483/
2025,Dominican Republic,11,data/raw/pq_attachments/2026-01-22_pq-482-483b-22-01-2026_en.xlsx,https://data.oireachtas.ie/ie/oireachtas/debates/questions/supportingDocumentation/2026-01-22_pq-482-483b-22-01-2026_en.xlsx,https://www.oireachtas.ie/en/debates/question/2026-01-22/483/
2025,Singapore,11,data/raw/pq_attachments/2026-01-22_pq-482-483b-22-01-2026_en.xlsx,https://data.oireachtas.ie/ie/oireachtas/debates/questions/supportingDocumentation/2026-01-22_pq-482-483b-22-01-2026_en.xlsx,https://www.oireachtas.ie/en/debates/question/2026-01-22/483/
2025,Uruguay,11,data/raw/pq_attachments/2026-01-22_pq-482-483b-22-01-2026_en.xlsx,https://data.oireachtas.ie/ie/oireachtas/debates/questions/supportingDocumentation/2026-01-22_pq-482-483b-22-01-2026_en.xlsx,https://www.oireachtas.ie/en/debates/question/2026-01-22/483/
2025,Kuwait,10,data/raw/pq_attachments/2026-01-22_pq-482-483b-22-01-2026_en.xlsx,https://data.oireachtas.ie/ie/oireachtas/debates/questions/supportingDocumentation/2026-01-22_pq-482-483b-22-01-2026_en.xlsx,https://www.oireachtas.ie/en/debates/question/2026-01-22/483/
2025,Nicaragua,10,data/raw/pq_attachments/2026-01-22_pq-482-483b-22-01-2026_en.xlsx,https://data.oireachtas.ie/ie/oireachtas/debates/questions/supportingDocumentation/2026-01-22_pq-482-483b-22-01-2026_en.xlsx,https://www.oireachtas.ie/en/debates/question/2026-01-22/483/
2025,Uzbekistan,10,data/raw/pq_attachments/2026-01-22_pq-482-483b-22-01-2026_en.xlsx,https://data.oireachtas.ie/ie/oireachtas/debates/questions/supportingDocumentation/2026-01-22_pq-482-483b-22-01-2026_en.xlsx,https://www.oireachtas.ie/en/debates/question/2026-01-22/483/
2025,Rest of World,228,data/raw/pq_attachments/2026-01-22_pq-482-483b-22-01-2026_en.xlsx,https://data.oireachtas.ie/ie/oireachtas/debates/questions/supportingDocumentation/2026-01-22_pq-482-483b-22-01-2026_en.xlsx,https://www.oireachtas.ie/en/debates/question/2026-01-22/483/
