Time frequency,Time frequency_code,Legal framework,Legal framework_code,Country of citizenship,Country of citizenship_code,Unit of measure,Unit of measure_code,Geopolitical entity (reporting),Geopolitical entity (reporting)_code,Time,Time_code,value
Annual,A,Total,TOTAL,Croatia,HR,Person,PER,Ireland,IE,2008,2008,27
Annual,A,Total,TOTAL,Croatia,HR,Person,PER,Ireland,IE,2009,2009,19
Annual,A,Total,TOTAL,Croatia,HR,Person,PER,Ireland,IE,2010,2010,14
Annual,A,Total,TOTAL,Croatia,HR,Person,PER,Ireland,IE,2011,2011,20
Annual,A,Total,TOTAL,Croatia,HR,Person,PER,Ireland,IE,2012,2012,19
Annual,A,Total,TOTAL,Croatia,HR,Person,PER,Ireland,IE,2013,2013,0
Annual,A,Total,TOTAL,Croatia,HR,Person,PER,Ireland,IE,2014,2014,0
Annual,A,Total,TOTAL,Croatia,HR,Person,PER,Ireland,IE,2021,2021,0
Annual,A,Total,TOTAL,Croatia,HR,Person,PER,Ireland,IE,2022,2022,0
Annual,A,Total,TOTAL,Croatia,HR,Person,PER,Ireland,IE,2023,2023,0
Annual,A,Total,TOTAL,Croatia,HR,Person,PER,Ireland,IE,2024,2024,0
Annual,A,Total,TOTAL,Croatia,HR,Person,PER,Ireland,IE,2025,2025,0
Annual,A,Total,TOTAL,Iceland,IS,Person,PER,Ireland,IE,2008,2008,0
Annual,A,Total,TOTAL,Iceland,IS,Person,PER,Ireland,IE,2009,2009,0
Annual,A,Total,TOTAL,Iceland,IS,Person,PER,Ireland,IE,2010,2010,0
Annual,A,Total,TOTAL,Iceland,IS,Person,PER,Ireland,IE,2011,2011,0
Annual,A,Total,TOTAL,Iceland,IS,Person,PER,Ireland,IE,2012,2012,0
Annual,A,Total,TOTAL,Iceland,IS,Person,PER,Ireland,IE,2013,2013,0
Annual,A,Total,TOTAL,Iceland,IS,Person,PER,Ireland,IE,2014,2014,0
Annual,A,Total,TOTAL,Iceland,IS,Person,PER,Ireland,IE,2015,2015,0
Annual,A,Total,TOTAL,Iceland,IS,Person,PER,Ireland,IE,2016,2016,0
Annual,A,Total,TOTAL,Iceland,IS,Person,PER,Ireland,IE,2017,2017,0
Annual,A,Total,TOTAL,Iceland,IS,Person,PER,Ireland,IE,2018,2018,0
Annual,A,Total,TOTAL,Iceland,IS,Person,PER,Ireland,IE,2019,2019,0
Annual,A,Total,TOTAL,Iceland,IS,Person,PER,Ireland,IE,2020,2020,0
Annual,A,Total,TOTAL,Iceland,IS,Person,PER,Ireland,IE,2021,2021,0
Annual,A,Total,TOTAL,Iceland,IS,Person,PER,Ireland,IE,2022,2022,0
Annual,A,Total,TOTAL,Iceland,IS,Person,PER,Ireland,IE,2023,2023,0
Annual,A,Total,TOTAL,Iceland,IS,Person,PER,Ireland,IE,2024,2024,0
Annual,A,Total,TOTAL,Iceland,IS,Person,PER,Ireland,IE,2025,2025,0
Annual,A,Total,TOTAL,Liechtenstein,LI,Person,PER,Ireland,IE,2008,2008,0
Annual,A,Total,TOTAL,Liechtenstein,LI,Person,PER,Ireland,IE,2009,2009,0
Annual,A,Total,TOTAL,Liechtenstein,LI,Person,PER,Ireland,IE,2010,2010,0
Annual,A,Total,TOTAL,Liechtenstein,LI,Person,PER,Ireland,IE,2011,2011,0
Annual,A,Total,TOTAL,Liechtenstein,LI,Person,PER,Ireland,IE,2012,2012,0
Annual,A,Total,TOTAL,Liechtenstein,LI,Person,PER,Ireland,IE,2013,2013,0
Annual,A,Total,TOTAL,Liechtenstein,LI,Person,PER,Ireland,IE,2014,2014,0
Annual,A,Total,TOTAL,Liechtenstein,LI,Person,PER,Ireland,IE,2015,2015,0
Annual,A,Total,TOTAL,Liechtenstein,LI,Person,PER,Ireland,IE,2016,2016,0
Annual,A,Total,TOTAL,Liechtenstein,LI,Person,PER,Ireland,IE,2017,2017,0
Annual,A,Total,TOTAL,Liechtenstein,LI,Person,PER,Ireland,IE,2018,2018,0
Annual,A,Total,TOTAL,Liechtenstein,LI,Person,PER,Ireland,IE,2019,2019,0
Annual,A,Total,TOTAL,Liechtenstein,LI,Person,PER,Ireland,IE,2020,2020,0
Annual,A,Total,TOTAL,Liechtenstein,LI,Person,PER,Ireland,IE,2021,2021,0
Annual,A,Total,TOTAL,Liechtenstein,LI,Person,PER,Ireland,IE,2022,2022,0
Annual,A,Total,TOTAL,Liechtenstein,LI,Person,PER,Ireland,IE,2023,2023,0
Annual,A,Total,TOTAL,Liechtenstein,LI,Person,PER,Ireland,IE,2024,2024,0
Annual,A,Total,TOTAL,Liechtenstein,LI,Person,PER,Ireland,IE,2025,2025,0
Annual,A,Total,TOTAL,Norway,NO,Person,PER,Ireland,IE,2008,2008,1
Annual,A,Total,TOTAL,Norway,NO,Person,PER,Ireland,IE,2009,2009,0
Annual,A,Total,TOTAL,Norway,NO,Person,PER,Ireland,IE,2010,2010,0
Annual,A,Total,TOTAL,Norway,NO,Person,PER,Ireland,IE,2011,2011,0
Annual,A,Total,TOTAL,Norway,NO,Person,PER,Ireland,IE,2012,2012,0
Annual,A,Total,TOTAL,Norway,NO,Person,PER,Ireland,IE,2013,2013,0
Annual,A,Total,TOTAL,Norway,NO,Person,PER,Ireland,IE,2014,2014,0
Annual,A,Total,TOTAL,Norway,NO,Person,PER,Ireland,IE,2015,2015,0
Annual,A,Total,TOTAL,Norway,NO,Person,PER,Ireland,IE,2016,2016,0
Annual,A,Total,TOTAL,Norway,NO,Person,PER,Ireland,IE,2017,2017,0
Annual,A,Total,TOTAL,Norway,NO,Person,PER,Ireland,IE,2018,2018,0
Annual,A,Total,TOTAL,Norway,NO,Person,PER,Ireland,IE,2019,2019,0
Annual,A,Total,TOTAL,Norway,NO,Person,PER,Ireland,IE,2020,2020,0
Annual,A,Total,TOTAL,Norway,NO,Person,PER,Ireland,IE,2021,2021,0
Annual,A,Total,TOTAL,Norway,NO,Person,PER,Ireland,IE,2022,2022,0
Annual,A,Total,TOTAL,Norway,NO,Person,PER,Ireland,IE,2023,2023,0
Annual,A,Total,TOTAL,Norway,NO,Person,PER,Ireland,IE,2024,2024,0
Annual,A,Total,TOTAL,Norway,NO,Person,PER,Ireland,IE,2025,2025,0
Annual,A,Total,TOTAL,Switzerland,CH,Person,PER,Ireland,IE,2008,2008,2
Annual,A,Total,TOTAL,Switzerland,CH,Person,PER,Ireland,IE,2009,2009,1
Annual,A,Total,TOTAL,Switzerland,CH,Person,PER,Ireland,IE,2010,2010,0
Annual,A,Total,TOTAL,Switzerland,CH,Person,PER,Ireland,IE,2011,2011,0
Annual,A,Total,TOTAL,Switzerland,CH,Person,PER,Ireland,IE,2012,2012,0
Annual,A,Total,TOTAL,Switzerland,CH,Person,PER,Ireland,IE,2013,2013,0
Annual,A,Total,TOTAL,Switzerland,CH,Person,PER,Ireland,IE,2014,2014,0
Annual,A,Total,TOTAL,Switzerland,CH,Person,PER,Ireland,IE,2015,2015,0
Annual,A,Total,TOTAL,Switzerland,CH,Person,PER,Ireland,IE,2016,2016,0
Annual,A,Total,TOTAL,Switzerland,CH,Person,PER,Ireland,IE,2017,2017,0
Annual,A,Total,TOTAL,Switzerland,CH,Person,PER,Ireland,IE,2018,2018,0
Annual,A,Total,TOTAL,Switzerland,CH,Person,PER,Ireland,IE,2019,2019,0
Annual,A,Total,TOTAL,Switzerland,CH,Person,PER,Ireland,IE,2020,2020,0
Annual,A,Total,TOTAL,Switzerland,CH,Person,PER,Ireland,IE,2021,2021,0
Annual,A,Total,TOTAL,Switzerland,CH,Person,PER,Ireland,IE,2022,2022,0
Annual,A,Total,TOTAL,Switzerland,CH,Person,PER,Ireland,IE,2023,2023,0
Annual,A,Total,TOTAL,Switzerland,CH,Person,PER,Ireland,IE,2024,2024,0
Annual,A,Total,TOTAL,Switzerland,CH,Person,PER,Ireland,IE,2025,2025,0
Annual,A,Total,TOTAL,United Kingdom,UK,Person,PER,Ireland,IE,2020,2020,0
Annual,A,Total,TOTAL,United Kingdom,UK,Person,PER,Ireland,IE,2021,2021,0
Annual,A,Total,TOTAL,United Kingdom,UK,Person,PER,Ireland,IE,2022,2022,0
Annual,A,Total,TOTAL,United Kingdom,UK,Person,PER,Ireland,IE,2023,2023,0
Annual,A,Total,TOTAL,United Kingdom,UK,Person,PER,Ireland,IE,2024,2024,0
Annual,A,Total,TOTAL,United Kingdom,UK,Person,PER,Ireland,IE,2025,2025,0
Annual,A,Total,TOTAL,British overseas countries and territories,UK_OCT,Person,PER,Ireland,IE,2008,2008,68
Annual,A,Total,TOTAL,British overseas countries and territories,UK_OCT,Person,PER,Ireland,IE,2009,2009,51
Annual,A,Total,TOTAL,British overseas countries and territories,UK_OCT,Person,PER,Ireland,IE,2010,2010,38
Annual,A,Total,TOTAL,British overseas countries and territories,UK_OCT,Person,PER,Ireland,IE,2011,2011,30
Annual,A,Total,TOTAL,British overseas countries and territories,UK_OCT,Person,PER,Ireland,IE,2012,2012,27
Annual,A,Total,TOTAL,British overseas countries and territories,UK_OCT,Person,PER,Ireland,IE,2013,2013,22
Annual,A,Total,TOTAL,British overseas countries and territories,UK_OCT,Person,PER,Ireland,IE,2014,2014,18
Annual,A,Total,TOTAL,British overseas countries and territories,UK_OCT,Person,PER,Ireland,IE,2015,2015,16
Annual,A,Total,TOTAL,British overseas countries and territories,UK_OCT,Person,PER,Ireland,IE,2016,2016,10
Annual,A,Total,TOTAL,British overseas countries and territories,UK_OCT,Person,PER,Ireland,IE,2017,2017,10
Annual,A,Total,TOTAL,British overseas countries and territories,UK_OCT,Person,PER,Ireland,IE,2018,2018,8
Annual,A,Total,TOTAL,British overseas countries and territories,UK_OCT,Person,PER,Ireland,IE,2019,2019,8
Annual,A,Total,TOTAL,British overseas countries and territories,UK_OCT,Person,PER,Ireland,IE,2020,2020,8
Annual,A,Total,TOTAL,British overseas countries and territories,UK_OCT,Person,PER,Ireland,IE,2021,2021,8
Annual,A,Total,TOTAL,British overseas countries and territories,UK_OCT,Person,PER,Ireland,IE,2022,2022,8
Annual,A,Total,TOTAL,British overseas countries and territories,UK_OCT,Person,PER,Ireland,IE,2023,2023,6
Annual,A,Total,TOTAL,British overseas countries and territories,UK_OCT,Person,PER,Ireland,IE,2024,2024,6
Annual,A,Total,TOTAL,British overseas countries and territories,UK_OCT,Person,PER,Ireland,IE,2025,2025,6
Annual,A,Total,TOTAL,Bosnia and Herzegovina,BA,Person,PER,Ireland,IE,2008,2008,1
Annual,A,Total,TOTAL,Bosnia and Herzegovina,BA,Person,PER,Ireland,IE,2009,2009,2
Annual,A,Total,TOTAL,Bosnia and Herzegovina,BA,Person,PER,Ireland,IE,2010,2010,21
Annual,A,Total,TOTAL,Bosnia and Herzegovina,BA,Person,PER,Ireland,IE,2011,2011,11
Annual,A,Total,TOTAL,Bosnia and Herzegovina,BA,Person,PER,Ireland,IE,2012,2012,5
Annual,A,Total,TOTAL,Bosnia and Herzegovina,BA,Person,PER,Ireland,IE,2013,2013,2
Annual,A,Total,TOTAL,Bosnia and Herzegovina,BA,Person,PER,Ireland,IE,2014,2014,1
Annual,A,Total,TOTAL,Bosnia and Herzegovina,BA,Person,PER,Ireland,IE,2015,2015,0
Annual,A,Total,TOTAL,Bosnia and Herzegovina,BA,Person,PER,Ireland,IE,2016,2016,0
Annual,A,Total,TOTAL,Bosnia and Herzegovina,BA,Person,PER,Ireland,IE,2017,2017,0
Annual,A,Total,TOTAL,Bosnia and Herzegovina,BA,Person,PER,Ireland,IE,2018,2018,0
Annual,A,Total,TOTAL,Bosnia and Herzegovina,BA,Person,PER,Ireland,IE,2019,2019,0
Annual,A,Total,TOTAL,Bosnia and Herzegovina,BA,Person,PER,Ireland,IE,2020,2020,0
Annual,A,Total,TOTAL,Bosnia and Herzegovina,BA,Person,PER,Ireland,IE,2021,2021,0
Annual,A,Total,TOTAL,Bosnia and Herzegovina,BA,Person,PER,Ireland,IE,2022,2022,0
Annual,A,Total,TOTAL,Bosnia and Herzegovina,BA,Person,PER,Ireland,IE,2023,2023,1
Annual,A,Total,TOTAL,Bosnia and Herzegovina,BA,Person,PER,Ireland,IE,2024,2024,1
Annual,A,Total,TOTAL,Bosnia and Herzegovina,BA,Person,PER,Ireland,IE,2025,2025,1
Annual,A,Total,TOTAL,Montenegro,ME,Person,PER,Ireland,IE,2008,2008,0
Annual,A,Total,TOTAL,Montenegro,ME,Person,PER,Ireland,IE,2009,2009,0
Annual,A,Total,TOTAL,Montenegro,ME,Person,PER,Ireland,IE,2010,2010,0
Annual,A,Total,TOTAL,Montenegro,ME,Person,PER,Ireland,IE,2011,2011,0
Annual,A,Total,TOTAL,Montenegro,ME,Person,PER,Ireland,IE,2012,2012,0
Annual,A,Total,TOTAL,Montenegro,ME,Person,PER,Ireland,IE,2013,2013,0
Annual,A,Total,TOTAL,Montenegro,ME,Person,PER,Ireland,IE,2014,2014,0
Annual,A,Total,TOTAL,Montenegro,ME,Person,PER,Ireland,IE,2015,2015,0
Annual,A,Total,TOTAL,Montenegro,ME,Person,PER,Ireland,IE,2016,2016,0
Annual,A,Total,TOTAL,Montenegro,ME,Person,PER,Ireland,IE,2017,2017,0
Annual,A,Total,TOTAL,Montenegro,ME,Person,PER,Ireland,IE,2018,2018,0
Annual,A,Total,TOTAL,Montenegro,ME,Person,PER,Ireland,IE,2019,2019,0
Annual,A,Total,TOTAL,Montenegro,ME,Person,PER,Ireland,IE,2020,2020,0
Annual,A,Total,TOTAL,Montenegro,ME,Person,PER,Ireland,IE,2021,2021,0
Annual,A,Total,TOTAL,Montenegro,ME,Person,PER,Ireland,IE,2022,2022,0
Annual,A,Total,TOTAL,Montenegro,ME,Person,PER,Ireland,IE,2023,2023,0
Annual,A,Total,TOTAL,Montenegro,ME,Person,PER,Ireland,IE,2024,2024,0
Annual,A,Total,TOTAL,Montenegro,ME,Person,PER,Ireland,IE,2025,2025,0
Annual,A,Total,TOTAL,Moldova,MD,Person,PER,Ireland,IE,2008,2008,123
Annual,A,Total,TOTAL,Moldova,MD,Person,PER,Ireland,IE,2009,2009,160
Annual,A,Total,TOTAL,Moldova,MD,Person,PER,Ireland,IE,2010,2010,300
Annual,A,Total,TOTAL,Moldova,MD,Person,PER,Ireland,IE,2011,2011,251
Annual,A,Total,TOTAL,Moldova,MD,Person,PER,Ireland,IE,2012,2012,155
Annual,A,Total,TOTAL,Moldova,MD,Person,PER,Ireland,IE,2013,2013,57
Annual,A,Total,TOTAL,Moldova,MD,Person,PER,Ireland,IE,2014,2014,30
Annual,A,Total,TOTAL,Moldova,MD,Person,PER,Ireland,IE,2015,2015,21
Annual,A,Total,TOTAL,Moldova,MD,Person,PER,Ireland,IE,2016,2016,12
Annual,A,Total,TOTAL,Moldova,MD,Person,PER,Ireland,IE,2017,2017,11
Annual,A,Total,TOTAL,Moldova,MD,Person,PER,Ireland,IE,2018,2018,7
Annual,A,Total,TOTAL,Moldova,MD,Person,PER,Ireland,IE,2019,2019,4
Annual,A,Total,TOTAL,Moldova,MD,Person,PER,Ireland,IE,2020,2020,4
Annual,A,Total,TOTAL,Moldova,MD,Person,PER,Ireland,IE,2021,2021,4
Annual,A,Total,TOTAL,Moldova,MD,Person,PER,Ireland,IE,2022,2022,6
Annual,A,Total,TOTAL,Moldova,MD,Person,PER,Ireland,IE,2023,2023,6
Annual,A,Total,TOTAL,Moldova,MD,Person,PER,Ireland,IE,2024,2024,6
Annual,A,Total,TOTAL,Moldova,MD,Person,PER,Ireland,IE,2025,2025,6
Annual,A,Total,TOTAL,North Macedonia,MK,Person,PER,Ireland,IE,2008,2008,17
Annual,A,Total,TOTAL,North Macedonia,MK,Person,PER,Ireland,IE,2009,2009,3
Annual,A,Total,TOTAL,North Macedonia,MK,Person,PER,Ireland,IE,2010,2010,0
Annual,A,Total,TOTAL,North Macedonia,MK,Person,PER,Ireland,IE,2011,2011,0
Annual,A,Total,TOTAL,North Macedonia,MK,Person,PER,Ireland,IE,2012,2012,1
Annual,A,Total,TOTAL,North Macedonia,MK,Person,PER,Ireland,IE,2013,2013,1
Annual,A,Total,TOTAL,North Macedonia,MK,Person,PER,Ireland,IE,2014,2014,1
Annual,A,Total,TOTAL,North Macedonia,MK,Person,PER,Ireland,IE,2015,2015,1
Annual,A,Total,TOTAL,North Macedonia,MK,Person,PER,Ireland,IE,2016,2016,1
Annual,A,Total,TOTAL,North Macedonia,MK,Person,PER,Ireland,IE,2017,2017,1
Annual,A,Total,TOTAL,North Macedonia,MK,Person,PER,Ireland,IE,2018,2018,0
Annual,A,Total,TOTAL,North Macedonia,MK,Person,PER,Ireland,IE,2019,2019,0
Annual,A,Total,TOTAL,North Macedonia,MK,Person,PER,Ireland,IE,2020,2020,0
Annual,A,Total,TOTAL,North Macedonia,MK,Person,PER,Ireland,IE,2021,2021,0
Annual,A,Total,TOTAL,North Macedonia,MK,Person,PER,Ireland,IE,2022,2022,0
Annual,A,Total,TOTAL,North Macedonia,MK,Person,PER,Ireland,IE,2023,2023,2
Annual,A,Total,TOTAL,North Macedonia,MK,Person,PER,Ireland,IE,2024,2024,2
Annual,A,Total,TOTAL,North Macedonia,MK,Person,PER,Ireland,IE,2025,2025,2
Annual,A,Total,TOTAL,Georgia,GE,Person,PER,Ireland,IE,2008,2008,22
Annual,A,Total,TOTAL,Georgia,GE,Person,PER,Ireland,IE,2009,2009,20
Annual,A,Total,TOTAL,Georgia,GE,Person,PER,Ireland,IE,2010,2010,1
Annual,A,Total,TOTAL,Georgia,GE,Person,PER,Ireland,IE,2011,2011,3
Annual,A,Total,TOTAL,Georgia,GE,Person,PER,Ireland,IE,2012,2012,3
Annual,A,Total,TOTAL,Georgia,GE,Person,PER,Ireland,IE,2013,2013,0
Annual,A,Total,TOTAL,Georgia,GE,Person,PER,Ireland,IE,2014,2014,0
Annual,A,Total,TOTAL,Georgia,GE,Person,PER,Ireland,IE,2015,2015,0
Annual,A,Total,TOTAL,Georgia,GE,Person,PER,Ireland,IE,2016,2016,0
Annual,A,Total,TOTAL,Georgia,GE,Person,PER,Ireland,IE,2017,2017,0
Annual,A,Total,TOTAL,Georgia,GE,Person,PER,Ireland,IE,2018,2018,0
Annual,A,Total,TOTAL,Georgia,GE,Person,PER,Ireland,IE,2019,2019,1
Annual,A,Total,TOTAL,Georgia,GE,Person,PER,Ireland,IE,2020,2020,1
Annual,A,Total,TOTAL,Georgia,GE,Person,PER,Ireland,IE,2021,2021,1
Annual,A,Total,TOTAL,Georgia,GE,Person,PER,Ireland,IE,2022,2022,1
Annual,A,Total,TOTAL,Georgia,GE,Person,PER,Ireland,IE,2023,2023,1
Annual,A,Total,TOTAL,Georgia,GE,Person,PER,Ireland,IE,2024,2024,2
Annual,A,Total,TOTAL,Georgia,GE,Person,PER,Ireland,IE,2025,2025,2
Annual,A,Total,TOTAL,Albania,AL,Person,PER,Ireland,IE,2008,2008,53
Annual,A,Total,TOTAL,Albania,AL,Person,PER,Ireland,IE,2009,2009,29
Annual,A,Total,TOTAL,Albania,AL,Person,PER,Ireland,IE,2010,2010,22
Annual,A,Total,TOTAL,Albania,AL,Person,PER,Ireland,IE,2011,2011,13
Annual,A,Total,TOTAL,Albania,AL,Person,PER,Ireland,IE,2012,2012,9
Annual,A,Total,TOTAL,Albania,AL,Person,PER,Ireland,IE,2013,2013,1
Annual,A,Total,TOTAL,Albania,AL,Person,PER,Ireland,IE,2014,2014,0
Annual,A,Total,TOTAL,Albania,AL,Person,PER,Ireland,IE,2015,2015,0
Annual,A,Total,TOTAL,Albania,AL,Person,PER,Ireland,IE,2016,2016,0
Annual,A,Total,TOTAL,Albania,AL,Person,PER,Ireland,IE,2017,2017,0
Annual,A,Total,TOTAL,Albania,AL,Person,PER,Ireland,IE,2018,2018,0
Annual,A,Total,TOTAL,Albania,AL,Person,PER,Ireland,IE,2019,2019,0
Annual,A,Total,TOTAL,Albania,AL,Person,PER,Ireland,IE,2020,2020,0
Annual,A,Total,TOTAL,Albania,AL,Person,PER,Ireland,IE,2021,2021,0
Annual,A,Total,TOTAL,Albania,AL,Person,PER,Ireland,IE,2022,2022,0
Annual,A,Total,TOTAL,Albania,AL,Person,PER,Ireland,IE,2023,2023,1
Annual,A,Total,TOTAL,Albania,AL,Person,PER,Ireland,IE,2024,2024,1
Annual,A,Total,TOTAL,Albania,AL,Person,PER,Ireland,IE,2025,2025,1
Annual,A,Total,TOTAL,Serbia,RS,Person,PER,Ireland,IE,2008,2008,4
Annual,A,Total,TOTAL,Serbia,RS,Person,PER,Ireland,IE,2009,2009,13
Annual,A,Total,TOTAL,Serbia,RS,Person,PER,Ireland,IE,2010,2010,28
Annual,A,Total,TOTAL,Serbia,RS,Person,PER,Ireland,IE,2011,2011,29
Annual,A,Total,TOTAL,Serbia,RS,Person,PER,Ireland,IE,2012,2012,24
Annual,A,Total,TOTAL,Serbia,RS,Person,PER,Ireland,IE,2013,2013,11
Annual,A,Total,TOTAL,Serbia,RS,Person,PER,Ireland,IE,2014,2014,7
Annual,A,Total,TOTAL,Serbia,RS,Person,PER,Ireland,IE,2015,2015,5
Annual,A,Total,TOTAL,Serbia,RS,Person,PER,Ireland,IE,2016,2016,3
Annual,A,Total,TOTAL,Serbia,RS,Person,PER,Ireland,IE,2017,2017,3
Annual,A,Total,TOTAL,Serbia,RS,Person,PER,Ireland,IE,2018,2018,3
Annual,A,Total,TOTAL,Serbia,RS,Person,PER,Ireland,IE,2019,2019,1
Annual,A,Total,TOTAL,Serbia,RS,Person,PER,Ireland,IE,2020,2020,0
Annual,A,Total,TOTAL,Serbia,RS,Person,PER,Ireland,IE,2021,2021,0
Annual,A,Total,TOTAL,Serbia,RS,Person,PER,Ireland,IE,2022,2022,0
Annual,A,Total,TOTAL,Serbia,RS,Person,PER,Ireland,IE,2023,2023,1
Annual,A,Total,TOTAL,Serbia,RS,Person,PER,Ireland,IE,2024,2024,3
Annual,A,Total,TOTAL,Serbia,RS,Person,PER,Ireland,IE,2025,2025,3
Annual,A,Total,TOTAL,Türkiye,TR,Person,PER,Ireland,IE,2008,2008,13
Annual,A,Total,TOTAL,Türkiye,TR,Person,PER,Ireland,IE,2009,2009,8
Annual,A,Total,TOTAL,Türkiye,TR,Person,PER,Ireland,IE,2010,2010,5
Annual,A,Total,TOTAL,Türkiye,TR,Person,PER,Ireland,IE,2011,2011,6
Annual,A,Total,TOTAL,Türkiye,TR,Person,PER,Ireland,IE,2012,2012,4
Annual,A,Total,TOTAL,Türkiye,TR,Person,PER,Ireland,IE,2013,2013,0
Annual,A,Total,TOTAL,Türkiye,TR,Person,PER,Ireland,IE,2014,2014,1
Annual,A,Total,TOTAL,Türkiye,TR,Person,PER,Ireland,IE,2015,2015,1
Annual,A,Total,TOTAL,Türkiye,TR,Person,PER,Ireland,IE,2016,2016,1
Annual,A,Total,TOTAL,Türkiye,TR,Person,PER,Ireland,IE,2017,2017,1
Annual,A,Total,TOTAL,Türkiye,TR,Person,PER,Ireland,IE,2018,2018,1
Annual,A,Total,TOTAL,Türkiye,TR,Person,PER,Ireland,IE,2019,2019,1
Annual,A,Total,TOTAL,Türkiye,TR,Person,PER,Ireland,IE,2020,2020,1
Annual,A,Total,TOTAL,Türkiye,TR,Person,PER,Ireland,IE,2021,2021,5
Annual,A,Total,TOTAL,Türkiye,TR,Person,PER,Ireland,IE,2022,2022,17
Annual,A,Total,TOTAL,Türkiye,TR,Person,PER,Ireland,IE,2023,2023,29
Annual,A,Total,TOTAL,Türkiye,TR,Person,PER,Ireland,IE,2024,2024,30
Annual,A,Total,TOTAL,Türkiye,TR,Person,PER,Ireland,IE,2025,2025,29
Annual,A,Total,TOTAL,Ukraine,UA,Person,PER,Ireland,IE,2008,2008,227
Annual,A,Total,TOTAL,Ukraine,UA,Person,PER,Ireland,IE,2009,2009,223
Annual,A,Total,TOTAL,Ukraine,UA,Person,PER,Ireland,IE,2010,2010,646
Annual,A,Total,TOTAL,Ukraine,UA,Person,PER,Ireland,IE,2011,2011,620
Annual,A,Total,TOTAL,Ukraine,UA,Person,PER,Ireland,IE,2012,2012,486
Annual,A,Total,TOTAL,Ukraine,UA,Person,PER,Ireland,IE,2013,2013,283
Annual,A,Total,TOTAL,Ukraine,UA,Person,PER,Ireland,IE,2014,2014,190
Annual,A,Total,TOTAL,Ukraine,UA,Person,PER,Ireland,IE,2015,2015,165
Annual,A,Total,TOTAL,Ukraine,UA,Person,PER,Ireland,IE,2016,2016,103
Annual,A,Total,TOTAL,Ukraine,UA,Person,PER,Ireland,IE,2017,2017,101
Annual,A,Total,TOTAL,Ukraine,UA,Person,PER,Ireland,IE,2018,2018,78
Annual,A,Total,TOTAL,Ukraine,UA,Person,PER,Ireland,IE,2019,2019,70
Annual,A,Total,TOTAL,Ukraine,UA,Person,PER,Ireland,IE,2020,2020,60
Annual,A,Total,TOTAL,Ukraine,UA,Person,PER,Ireland,IE,2021,2021,64
Annual,A,Total,TOTAL,Ukraine,UA,Person,PER,Ireland,IE,2022,2022,74
Annual,A,Total,TOTAL,Ukraine,UA,Person,PER,Ireland,IE,2023,2023,75
Annual,A,Total,TOTAL,Ukraine,UA,Person,PER,Ireland,IE,2024,2024,74
Annual,A,Total,TOTAL,Ukraine,UA,Person,PER,Ireland,IE,2025,2025,26
Annual,A,Total,TOTAL,Kosovo*,XK,Person,PER,Ireland,IE,2008,2008,57
Annual,A,Total,TOTAL,Kosovo*,XK,Person,PER,Ireland,IE,2009,2009,42
Annual,A,Total,TOTAL,Kosovo*,XK,Person,PER,Ireland,IE,2010,2010,19
Annual,A,Total,TOTAL,Kosovo*,XK,Person,PER,Ireland,IE,2011,2011,17
Annual,A,Total,TOTAL,Kosovo*,XK,Person,PER,Ireland,IE,2012,2012,8
Annual,A,Total,TOTAL,Kosovo*,XK,Person,PER,Ireland,IE,2013,2013,3
Annual,A,Total,TOTAL,Kosovo*,XK,Person,PER,Ireland,IE,2014,2014,2
Annual,A,Total,TOTAL,Kosovo*,XK,Person,PER,Ireland,IE,2015,2015,1
Annual,A,Total,TOTAL,Kosovo*,XK,Person,PER,Ireland,IE,2016,2016,1
Annual,A,Total,TOTAL,Kosovo*,XK,Person,PER,Ireland,IE,2017,2017,1
Annual,A,Total,TOTAL,Kosovo*,XK,Person,PER,Ireland,IE,2018,2018,1
Annual,A,Total,TOTAL,Kosovo*,XK,Person,PER,Ireland,IE,2019,2019,0
Annual,A,Total,TOTAL,Kosovo*,XK,Person,PER,Ireland,IE,2020,2020,0
Annual,A,Total,TOTAL,Kosovo*,XK,Person,PER,Ireland,IE,2021,2021,0
Annual,A,Total,TOTAL,Kosovo*,XK,Person,PER,Ireland,IE,2022,2022,0
Annual,A,Total,TOTAL,Kosovo*,XK,Person,PER,Ireland,IE,2023,2023,0
Annual,A,Total,TOTAL,Kosovo*,XK,Person,PER,Ireland,IE,2024,2024,0
Annual,A,Total,TOTAL,Kosovo*,XK,Person,PER,Ireland,IE,2025,2025,0
Annual,A,Total,TOTAL,Andorra,AD,Person,PER,Ireland,IE,2008,2008,0
Annual,A,Total,TOTAL,Andorra,AD,Person,PER,Ireland,IE,2009,2009,0
Annual,A,Total,TOTAL,Andorra,AD,Person,PER,Ireland,IE,2010,2010,0
Annual,A,Total,TOTAL,Andorra,AD,Person,PER,Ireland,IE,2011,2011,0
Annual,A,Total,TOTAL,Andorra,AD,Person,PER,Ireland,IE,2012,2012,0
Annual,A,Total,TOTAL,Andorra,AD,Person,PER,Ireland,IE,2013,2013,0
Annual,A,Total,TOTAL,Andorra,AD,Person,PER,Ireland,IE,2014,2014,0
Annual,A,Total,TOTAL,Andorra,AD,Person,PER,Ireland,IE,2015,2015,0
Annual,A,Total,TOTAL,Andorra,AD,Person,PER,Ireland,IE,2016,2016,0
Annual,A,Total,TOTAL,Andorra,AD,Person,PER,Ireland,IE,2017,2017,0
Annual,A,Total,TOTAL,Andorra,AD,Person,PER,Ireland,IE,2018,2018,0
Annual,A,Total,TOTAL,Andorra,AD,Person,PER,Ireland,IE,2019,2019,0
Annual,A,Total,TOTAL,Andorra,AD,Person,PER,Ireland,IE,2020,2020,0
Annual,A,Total,TOTAL,Andorra,AD,Person,PER,Ireland,IE,2021,2021,0
Annual,A,Total,TOTAL,Andorra,AD,Person,PER,Ireland,IE,2022,2022,0
Annual,A,Total,TOTAL,Andorra,AD,Person,PER,Ireland,IE,2023,2023,0
Annual,A,Total,TOTAL,Andorra,AD,Person,PER,Ireland,IE,2024,2024,0
Annual,A,Total,TOTAL,Andorra,AD,Person,PER,Ireland,IE,2025,2025,0
Annual,A,Total,TOTAL,Belarus,BY,Person,PER,Ireland,IE,2008,2008,101
Annual,A,Total,TOTAL,Belarus,BY,Person,PER,Ireland,IE,2009,2009,95
Annual,A,Total,TOTAL,Belarus,BY,Person,PER,Ireland,IE,2010,2010,209
Annual,A,Total,TOTAL,Belarus,BY,Person,PER,Ireland,IE,2011,2011,151
Annual,A,Total,TOTAL,Belarus,BY,Person,PER,Ireland,IE,2012,2012,99
Annual,A,Total,TOTAL,Belarus,BY,Person,PER,Ireland,IE,2013,2013,64
Annual,A,Total,TOTAL,Belarus,BY,Person,PER,Ireland,IE,2014,2014,32
Annual,A,Total,TOTAL,Belarus,BY,Person,PER,Ireland,IE,2015,2015,22
Annual,A,Total,TOTAL,Belarus,BY,Person,PER,Ireland,IE,2016,2016,16
Annual,A,Total,TOTAL,Belarus,BY,Person,PER,Ireland,IE,2017,2017,15
Annual,A,Total,TOTAL,Belarus,BY,Person,PER,Ireland,IE,2018,2018,13
Annual,A,Total,TOTAL,Belarus,BY,Person,PER,Ireland,IE,2019,2019,13
Annual,A,Total,TOTAL,Belarus,BY,Person,PER,Ireland,IE,2020,2020,12
Annual,A,Total,TOTAL,Belarus,BY,Person,PER,Ireland,IE,2021,2021,12
Annual,A,Total,TOTAL,Belarus,BY,Person,PER,Ireland,IE,2022,2022,12
Annual,A,Total,TOTAL,Belarus,BY,Person,PER,Ireland,IE,2023,2023,12
Annual,A,Total,TOTAL,Belarus,BY,Person,PER,Ireland,IE,2024,2024,11
Annual,A,Total,TOTAL,Belarus,BY,Person,PER,Ireland,IE,2025,2025,11
Annual,A,Total,TOTAL,Holy See,VA,Person,PER,Ireland,IE,2008,2008,0
Annual,A,Total,TOTAL,Holy See,VA,Person,PER,Ireland,IE,2009,2009,0
Annual,A,Total,TOTAL,Holy See,VA,Person,PER,Ireland,IE,2010,2010,0
Annual,A,Total,TOTAL,Holy See,VA,Person,PER,Ireland,IE,2011,2011,0
Annual,A,Total,TOTAL,Holy See,VA,Person,PER,Ireland,IE,2012,2012,0
Annual,A,Total,TOTAL,Holy See,VA,Person,PER,Ireland,IE,2013,2013,0
Annual,A,Total,TOTAL,Holy See,VA,Person,PER,Ireland,IE,2014,2014,0
Annual,A,Total,TOTAL,Holy See,VA,Person,PER,Ireland,IE,2015,2015,0
Annual,A,Total,TOTAL,Holy See,VA,Person,PER,Ireland,IE,2016,2016,0
Annual,A,Total,TOTAL,Holy See,VA,Person,PER,Ireland,IE,2017,2017,0
Annual,A,Total,TOTAL,Holy See,VA,Person,PER,Ireland,IE,2018,2018,0
Annual,A,Total,TOTAL,Holy See,VA,Person,PER,Ireland,IE,2019,2019,0
Annual,A,Total,TOTAL,Holy See,VA,Person,PER,Ireland,IE,2020,2020,0
Annual,A,Total,TOTAL,Holy See,VA,Person,PER,Ireland,IE,2021,2021,0
Annual,A,Total,TOTAL,Holy See,VA,Person,PER,Ireland,IE,2022,2022,0
Annual,A,Total,TOTAL,Holy See,VA,Person,PER,Ireland,IE,2023,2023,0
Annual,A,Total,TOTAL,Holy See,VA,Person,PER,Ireland,IE,2024,2024,0
Annual,A,Total,TOTAL,Holy See,VA,Person,PER,Ireland,IE,2025,2025,0
Annual,A,Total,TOTAL,Monaco,MC,Person,PER,Ireland,IE,2008,2008,0
Annual,A,Total,TOTAL,Monaco,MC,Person,PER,Ireland,IE,2009,2009,0
Annual,A,Total,TOTAL,Monaco,MC,Person,PER,Ireland,IE,2010,2010,0
Annual,A,Total,TOTAL,Monaco,MC,Person,PER,Ireland,IE,2011,2011,0
Annual,A,Total,TOTAL,Monaco,MC,Person,PER,Ireland,IE,2012,2012,0
Annual,A,Total,TOTAL,Monaco,MC,Person,PER,Ireland,IE,2013,2013,0
Annual,A,Total,TOTAL,Monaco,MC,Person,PER,Ireland,IE,2014,2014,0
Annual,A,Total,TOTAL,Monaco,MC,Person,PER,Ireland,IE,2015,2015,0
Annual,A,Total,TOTAL,Monaco,MC,Person,PER,Ireland,IE,2016,2016,0
Annual,A,Total,TOTAL,Monaco,MC,Person,PER,Ireland,IE,2017,2017,0
Annual,A,Total,TOTAL,Monaco,MC,Person,PER,Ireland,IE,2018,2018,0
Annual,A,Total,TOTAL,Monaco,MC,Person,PER,Ireland,IE,2019,2019,0
Annual,A,Total,TOTAL,Monaco,MC,Person,PER,Ireland,IE,2020,2020,0
Annual,A,Total,TOTAL,Monaco,MC,Person,PER,Ireland,IE,2021,2021,0
Annual,A,Total,TOTAL,Monaco,MC,Person,PER,Ireland,IE,2022,2022,0
Annual,A,Total,TOTAL,Monaco,MC,Person,PER,Ireland,IE,2023,2023,0
Annual,A,Total,TOTAL,Monaco,MC,Person,PER,Ireland,IE,2024,2024,0
Annual,A,Total,TOTAL,Monaco,MC,Person,PER,Ireland,IE,2025,2025,0
Annual,A,Total,TOTAL,Russia,RU,Person,PER,Ireland,IE,2008,2008,55
Annual,A,Total,TOTAL,Russia,RU,Person,PER,Ireland,IE,2009,2009,40
Annual,A,Total,TOTAL,Russia,RU,Person,PER,Ireland,IE,2010,2010,124
Annual,A,Total,TOTAL,Russia,RU,Person,PER,Ireland,IE,2011,2011,88
Annual,A,Total,TOTAL,Russia,RU,Person,PER,Ireland,IE,2012,2012,58
Annual,A,Total,TOTAL,Russia,RU,Person,PER,Ireland,IE,2013,2013,30
Annual,A,Total,TOTAL,Russia,RU,Person,PER,Ireland,IE,2014,2014,25
Annual,A,Total,TOTAL,Russia,RU,Person,PER,Ireland,IE,2015,2015,23
Annual,A,Total,TOTAL,Russia,RU,Person,PER,Ireland,IE,2016,2016,20
Annual,A,Total,TOTAL,Russia,RU,Person,PER,Ireland,IE,2017,2017,22
Annual,A,Total,TOTAL,Russia,RU,Person,PER,Ireland,IE,2018,2018,23
Annual,A,Total,TOTAL,Russia,RU,Person,PER,Ireland,IE,2019,2019,19
Annual,A,Total,TOTAL,Russia,RU,Person,PER,Ireland,IE,2020,2020,17
Annual,A,Total,TOTAL,Russia,RU,Person,PER,Ireland,IE,2021,2021,22
Annual,A,Total,TOTAL,Russia,RU,Person,PER,Ireland,IE,2022,2022,33
Annual,A,Total,TOTAL,Russia,RU,Person,PER,Ireland,IE,2023,2023,44
Annual,A,Total,TOTAL,Russia,RU,Person,PER,Ireland,IE,2024,2024,50
Annual,A,Total,TOTAL,Russia,RU,Person,PER,Ireland,IE,2025,2025,51
Annual,A,Total,TOTAL,San Marino,SM,Person,PER,Ireland,IE,2008,2008,0
Annual,A,Total,TOTAL,San Marino,SM,Person,PER,Ireland,IE,2009,2009,0
Annual,A,Total,TOTAL,San Marino,SM,Person,PER,Ireland,IE,2010,2010,0
Annual,A,Total,TOTAL,San Marino,SM,Person,PER,Ireland,IE,2011,2011,0
Annual,A,Total,TOTAL,San Marino,SM,Person,PER,Ireland,IE,2012,2012,0
Annual,A,Total,TOTAL,San Marino,SM,Person,PER,Ireland,IE,2013,2013,0
Annual,A,Total,TOTAL,San Marino,SM,Person,PER,Ireland,IE,2014,2014,0
Annual,A,Total,TOTAL,San Marino,SM,Person,PER,Ireland,IE,2015,2015,0
Annual,A,Total,TOTAL,San Marino,SM,Person,PER,Ireland,IE,2016,2016,0
Annual,A,Total,TOTAL,San Marino,SM,Person,PER,Ireland,IE,2017,2017,0
Annual,A,Total,TOTAL,San Marino,SM,Person,PER,Ireland,IE,2018,2018,0
Annual,A,Total,TOTAL,San Marino,SM,Person,PER,Ireland,IE,2019,2019,0
Annual,A,Total,TOTAL,San Marino,SM,Person,PER,Ireland,IE,2020,2020,0
Annual,A,Total,TOTAL,San Marino,SM,Person,PER,Ireland,IE,2021,2021,0
Annual,A,Total,TOTAL,San Marino,SM,Person,PER,Ireland,IE,2022,2022,0
Annual,A,Total,TOTAL,San Marino,SM,Person,PER,Ireland,IE,2023,2023,0
Annual,A,Total,TOTAL,San Marino,SM,Person,PER,Ireland,IE,2024,2024,0
Annual,A,Total,TOTAL,San Marino,SM,Person,PER,Ireland,IE,2025,2025,0
Annual,A,Total,TOTAL,Angola,AO,Person,PER,Ireland,IE,2008,2008,99
Annual,A,Total,TOTAL,Angola,AO,Person,PER,Ireland,IE,2009,2009,76
Annual,A,Total,TOTAL,Angola,AO,Person,PER,Ireland,IE,2010,2010,0
Annual,A,Total,TOTAL,Angola,AO,Person,PER,Ireland,IE,2011,2011,0
Annual,A,Total,TOTAL,Angola,AO,Person,PER,Ireland,IE,2012,2012,0
Annual,A,Total,TOTAL,Angola,AO,Person,PER,Ireland,IE,2013,2013,0
Annual,A,Total,TOTAL,Angola,AO,Person,PER,Ireland,IE,2014,2014,0
Annual,A,Total,TOTAL,Angola,AO,Person,PER,Ireland,IE,2015,2015,0
Annual,A,Total,TOTAL,Angola,AO,Person,PER,Ireland,IE,2016,2016,0
Annual,A,Total,TOTAL,Angola,AO,Person,PER,Ireland,IE,2017,2017,0
Annual,A,Total,TOTAL,Angola,AO,Person,PER,Ireland,IE,2018,2018,0
Annual,A,Total,TOTAL,Angola,AO,Person,PER,Ireland,IE,2019,2019,0
Annual,A,Total,TOTAL,Angola,AO,Person,PER,Ireland,IE,2020,2020,0
Annual,A,Total,TOTAL,Angola,AO,Person,PER,Ireland,IE,2021,2021,0
Annual,A,Total,TOTAL,Angola,AO,Person,PER,Ireland,IE,2022,2022,0
Annual,A,Total,TOTAL,Angola,AO,Person,PER,Ireland,IE,2023,2023,0
Annual,A,Total,TOTAL,Angola,AO,Person,PER,Ireland,IE,2024,2024,0
Annual,A,Total,TOTAL,Angola,AO,Person,PER,Ireland,IE,2025,2025,0
Annual,A,Total,TOTAL,Cameroon,CM,Person,PER,Ireland,IE,2008,2008,4
Annual,A,Total,TOTAL,Cameroon,CM,Person,PER,Ireland,IE,2009,2009,2
Annual,A,Total,TOTAL,Cameroon,CM,Person,PER,Ireland,IE,2010,2010,4
Annual,A,Total,TOTAL,Cameroon,CM,Person,PER,Ireland,IE,2011,2011,3
Annual,A,Total,TOTAL,Cameroon,CM,Person,PER,Ireland,IE,2012,2012,1
Annual,A,Total,TOTAL,Cameroon,CM,Person,PER,Ireland,IE,2013,2013,0
Annual,A,Total,TOTAL,Cameroon,CM,Person,PER,Ireland,IE,2014,2014,0
Annual,A,Total,TOTAL,Cameroon,CM,Person,PER,Ireland,IE,2015,2015,0
Annual,A,Total,TOTAL,Cameroon,CM,Person,PER,Ireland,IE,2016,2016,0
Annual,A,Total,TOTAL,Cameroon,CM,Person,PER,Ireland,IE,2017,2017,0
Annual,A,Total,TOTAL,Cameroon,CM,Person,PER,Ireland,IE,2018,2018,0
Annual,A,Total,TOTAL,Cameroon,CM,Person,PER,Ireland,IE,2019,2019,0
Annual,A,Total,TOTAL,Cameroon,CM,Person,PER,Ireland,IE,2020,2020,0
Annual,A,Total,TOTAL,Cameroon,CM,Person,PER,Ireland,IE,2021,2021,0
Annual,A,Total,TOTAL,Cameroon,CM,Person,PER,Ireland,IE,2022,2022,1
Annual,A,Total,TOTAL,Cameroon,CM,Person,PER,Ireland,IE,2023,2023,1
Annual,A,Total,TOTAL,Cameroon,CM,Person,PER,Ireland,IE,2024,2024,1
Annual,A,Total,TOTAL,Cameroon,CM,Person,PER,Ireland,IE,2025,2025,1
Annual,A,Total,TOTAL,Central African Republic,CF,Person,PER,Ireland,IE,2008,2008,0
Annual,A,Total,TOTAL,Central African Republic,CF,Person,PER,Ireland,IE,2009,2009,0
Annual,A,Total,TOTAL,Central African Republic,CF,Person,PER,Ireland,IE,2010,2010,0
Annual,A,Total,TOTAL,Central African Republic,CF,Person,PER,Ireland,IE,2011,2011,0
Annual,A,Total,TOTAL,Central African Republic,CF,Person,PER,Ireland,IE,2012,2012,0
Annual,A,Total,TOTAL,Central African Republic,CF,Person,PER,Ireland,IE,2013,2013,0
Annual,A,Total,TOTAL,Central African Republic,CF,Person,PER,Ireland,IE,2014,2014,0
Annual,A,Total,TOTAL,Central African Republic,CF,Person,PER,Ireland,IE,2015,2015,0
Annual,A,Total,TOTAL,Central African Republic,CF,Person,PER,Ireland,IE,2016,2016,0
Annual,A,Total,TOTAL,Central African Republic,CF,Person,PER,Ireland,IE,2017,2017,0
Annual,A,Total,TOTAL,Central African Republic,CF,Person,PER,Ireland,IE,2018,2018,0
Annual,A,Total,TOTAL,Central African Republic,CF,Person,PER,Ireland,IE,2019,2019,0
Annual,A,Total,TOTAL,Central African Republic,CF,Person,PER,Ireland,IE,2020,2020,0
Annual,A,Total,TOTAL,Central African Republic,CF,Person,PER,Ireland,IE,2021,2021,0
Annual,A,Total,TOTAL,Central African Republic,CF,Person,PER,Ireland,IE,2022,2022,0
Annual,A,Total,TOTAL,Central African Republic,CF,Person,PER,Ireland,IE,2023,2023,0
Annual,A,Total,TOTAL,Central African Republic,CF,Person,PER,Ireland,IE,2024,2024,0
Annual,A,Total,TOTAL,Central African Republic,CF,Person,PER,Ireland,IE,2025,2025,0
Annual,A,Total,TOTAL,Chad,TD,Person,PER,Ireland,IE,2008,2008,1
Annual,A,Total,TOTAL,Chad,TD,Person,PER,Ireland,IE,2009,2009,1
Annual,A,Total,TOTAL,Chad,TD,Person,PER,Ireland,IE,2010,2010,0
Annual,A,Total,TOTAL,Chad,TD,Person,PER,Ireland,IE,2011,2011,0
Annual,A,Total,TOTAL,Chad,TD,Person,PER,Ireland,IE,2012,2012,0
Annual,A,Total,TOTAL,Chad,TD,Person,PER,Ireland,IE,2013,2013,0
Annual,A,Total,TOTAL,Chad,TD,Person,PER,Ireland,IE,2014,2014,0
Annual,A,Total,TOTAL,Chad,TD,Person,PER,Ireland,IE,2015,2015,0
Annual,A,Total,TOTAL,Chad,TD,Person,PER,Ireland,IE,2016,2016,0
Annual,A,Total,TOTAL,Chad,TD,Person,PER,Ireland,IE,2017,2017,0
Annual,A,Total,TOTAL,Chad,TD,Person,PER,Ireland,IE,2018,2018,0
Annual,A,Total,TOTAL,Chad,TD,Person,PER,Ireland,IE,2019,2019,0
Annual,A,Total,TOTAL,Chad,TD,Person,PER,Ireland,IE,2020,2020,0
Annual,A,Total,TOTAL,Chad,TD,Person,PER,Ireland,IE,2021,2021,0
Annual,A,Total,TOTAL,Chad,TD,Person,PER,Ireland,IE,2022,2022,0
Annual,A,Total,TOTAL,Chad,TD,Person,PER,Ireland,IE,2023,2023,0
Annual,A,Total,TOTAL,Chad,TD,Person,PER,Ireland,IE,2024,2024,0
Annual,A,Total,TOTAL,Chad,TD,Person,PER,Ireland,IE,2025,2025,0
Annual,A,Total,TOTAL,Congo,CG,Person,PER,Ireland,IE,2008,2008,0
Annual,A,Total,TOTAL,Congo,CG,Person,PER,Ireland,IE,2009,2009,0
Annual,A,Total,TOTAL,Congo,CG,Person,PER,Ireland,IE,2010,2010,1
Annual,A,Total,TOTAL,Congo,CG,Person,PER,Ireland,IE,2011,2011,0
Annual,A,Total,TOTAL,Congo,CG,Person,PER,Ireland,IE,2012,2012,0
Annual,A,Total,TOTAL,Congo,CG,Person,PER,Ireland,IE,2013,2013,0
Annual,A,Total,TOTAL,Congo,CG,Person,PER,Ireland,IE,2014,2014,0
Annual,A,Total,TOTAL,Congo,CG,Person,PER,Ireland,IE,2015,2015,0
Annual,A,Total,TOTAL,Congo,CG,Person,PER,Ireland,IE,2016,2016,0
Annual,A,Total,TOTAL,Congo,CG,Person,PER,Ireland,IE,2017,2017,0
Annual,A,Total,TOTAL,Congo,CG,Person,PER,Ireland,IE,2018,2018,0
Annual,A,Total,TOTAL,Congo,CG,Person,PER,Ireland,IE,2019,2019,0
Annual,A,Total,TOTAL,Congo,CG,Person,PER,Ireland,IE,2020,2020,0
Annual,A,Total,TOTAL,Congo,CG,Person,PER,Ireland,IE,2021,2021,0
Annual,A,Total,TOTAL,Congo,CG,Person,PER,Ireland,IE,2022,2022,0
Annual,A,Total,TOTAL,Congo,CG,Person,PER,Ireland,IE,2023,2023,0
Annual,A,Total,TOTAL,Congo,CG,Person,PER,Ireland,IE,2024,2024,0
Annual,A,Total,TOTAL,Congo,CG,Person,PER,Ireland,IE,2025,2025,0
Annual,A,Total,TOTAL,Democratic Republic of the Congo,CD,Person,PER,Ireland,IE,2008,2008,40
Annual,A,Total,TOTAL,Democratic Republic of the Congo,CD,Person,PER,Ireland,IE,2009,2009,21
Annual,A,Total,TOTAL,Democratic Republic of the Congo,CD,Person,PER,Ireland,IE,2010,2010,0
Annual,A,Total,TOTAL,Democratic Republic of the Congo,CD,Person,PER,Ireland,IE,2011,2011,1
Annual,A,Total,TOTAL,Democratic Republic of the Congo,CD,Person,PER,Ireland,IE,2012,2012,1
Annual,A,Total,TOTAL,Democratic Republic of the Congo,CD,Person,PER,Ireland,IE,2013,2013,1
Annual,A,Total,TOTAL,Democratic Republic of the Congo,CD,Person,PER,Ireland,IE,2014,2014,0
Annual,A,Total,TOTAL,Democratic Republic of the Congo,CD,Person,PER,Ireland,IE,2015,2015,0
Annual,A,Total,TOTAL,Democratic Republic of the Congo,CD,Person,PER,Ireland,IE,2016,2016,0
Annual,A,Total,TOTAL,Democratic Republic of the Congo,CD,Person,PER,Ireland,IE,2017,2017,0
Annual,A,Total,TOTAL,Democratic Republic of the Congo,CD,Person,PER,Ireland,IE,2018,2018,0
Annual,A,Total,TOTAL,Democratic Republic of the Congo,CD,Person,PER,Ireland,IE,2019,2019,0
Annual,A,Total,TOTAL,Democratic Republic of the Congo,CD,Person,PER,Ireland,IE,2020,2020,0
Annual,A,Total,TOTAL,Democratic Republic of the Congo,CD,Person,PER,Ireland,IE,2021,2021,0
Annual,A,Total,TOTAL,Democratic Republic of the Congo,CD,Person,PER,Ireland,IE,2022,2022,0
Annual,A,Total,TOTAL,Democratic Republic of the Congo,CD,Person,PER,Ireland,IE,2023,2023,0
Annual,A,Total,TOTAL,Democratic Republic of the Congo,CD,Person,PER,Ireland,IE,2024,2024,0
Annual,A,Total,TOTAL,Democratic Republic of the Congo,CD,Person,PER,Ireland,IE,2025,2025,0
Annual,A,Total,TOTAL,Equatorial Guinea,GQ,Person,PER,Ireland,IE,2008,2008,0
Annual,A,Total,TOTAL,Equatorial Guinea,GQ,Person,PER,Ireland,IE,2009,2009,0
Annual,A,Total,TOTAL,Equatorial Guinea,GQ,Person,PER,Ireland,IE,2010,2010,0
Annual,A,Total,TOTAL,Equatorial Guinea,GQ,Person,PER,Ireland,IE,2011,2011,0
Annual,A,Total,TOTAL,Equatorial Guinea,GQ,Person,PER,Ireland,IE,2012,2012,0
Annual,A,Total,TOTAL,Equatorial Guinea,GQ,Person,PER,Ireland,IE,2013,2013,0
Annual,A,Total,TOTAL,Equatorial Guinea,GQ,Person,PER,Ireland,IE,2014,2014,0
Annual,A,Total,TOTAL,Equatorial Guinea,GQ,Person,PER,Ireland,IE,2015,2015,0
Annual,A,Total,TOTAL,Equatorial Guinea,GQ,Person,PER,Ireland,IE,2016,2016,0
Annual,A,Total,TOTAL,Equatorial Guinea,GQ,Person,PER,Ireland,IE,2017,2017,0
Annual,A,Total,TOTAL,Equatorial Guinea,GQ,Person,PER,Ireland,IE,2018,2018,0
Annual,A,Total,TOTAL,Equatorial Guinea,GQ,Person,PER,Ireland,IE,2019,2019,0
Annual,A,Total,TOTAL,Equatorial Guinea,GQ,Person,PER,Ireland,IE,2020,2020,0
Annual,A,Total,TOTAL,Equatorial Guinea,GQ,Person,PER,Ireland,IE,2021,2021,0
Annual,A,Total,TOTAL,Equatorial Guinea,GQ,Person,PER,Ireland,IE,2022,2022,0
Annual,A,Total,TOTAL,Equatorial Guinea,GQ,Person,PER,Ireland,IE,2023,2023,0
Annual,A,Total,TOTAL,Equatorial Guinea,GQ,Person,PER,Ireland,IE,2024,2024,0
Annual,A,Total,TOTAL,Equatorial Guinea,GQ,Person,PER,Ireland,IE,2025,2025,0
Annual,A,Total,TOTAL,Gabon,GA,Person,PER,Ireland,IE,2008,2008,0
Annual,A,Total,TOTAL,Gabon,GA,Person,PER,Ireland,IE,2009,2009,0
Annual,A,Total,TOTAL,Gabon,GA,Person,PER,Ireland,IE,2010,2010,0
Annual,A,Total,TOTAL,Gabon,GA,Person,PER,Ireland,IE,2011,2011,0
Annual,A,Total,TOTAL,Gabon,GA,Person,PER,Ireland,IE,2012,2012,0
Annual,A,Total,TOTAL,Gabon,GA,Person,PER,Ireland,IE,2013,2013,0
Annual,A,Total,TOTAL,Gabon,GA,Person,PER,Ireland,IE,2014,2014,0
Annual,A,Total,TOTAL,Gabon,GA,Person,PER,Ireland,IE,2015,2015,0
Annual,A,Total,TOTAL,Gabon,GA,Person,PER,Ireland,IE,2016,2016,0
Annual,A,Total,TOTAL,Gabon,GA,Person,PER,Ireland,IE,2017,2017,0
Annual,A,Total,TOTAL,Gabon,GA,Person,PER,Ireland,IE,2018,2018,0
Annual,A,Total,TOTAL,Gabon,GA,Person,PER,Ireland,IE,2019,2019,0
Annual,A,Total,TOTAL,Gabon,GA,Person,PER,Ireland,IE,2020,2020,0
Annual,A,Total,TOTAL,Gabon,GA,Person,PER,Ireland,IE,2021,2021,0
Annual,A,Total,TOTAL,Gabon,GA,Person,PER,Ireland,IE,2022,2022,0
Annual,A,Total,TOTAL,Gabon,GA,Person,PER,Ireland,IE,2023,2023,0
Annual,A,Total,TOTAL,Gabon,GA,Person,PER,Ireland,IE,2024,2024,0
Annual,A,Total,TOTAL,Gabon,GA,Person,PER,Ireland,IE,2025,2025,0
Annual,A,Total,TOTAL,São Tomé and Príncipe,ST,Person,PER,Ireland,IE,2008,2008,0
Annual,A,Total,TOTAL,São Tomé and Príncipe,ST,Person,PER,Ireland,IE,2009,2009,0
Annual,A,Total,TOTAL,São Tomé and Príncipe,ST,Person,PER,Ireland,IE,2010,2010,0
Annual,A,Total,TOTAL,São Tomé and Príncipe,ST,Person,PER,Ireland,IE,2011,2011,0
Annual,A,Total,TOTAL,São Tomé and Príncipe,ST,Person,PER,Ireland,IE,2012,2012,0
Annual,A,Total,TOTAL,São Tomé and Príncipe,ST,Person,PER,Ireland,IE,2013,2013,0
Annual,A,Total,TOTAL,São Tomé and Príncipe,ST,Person,PER,Ireland,IE,2014,2014,0
Annual,A,Total,TOTAL,São Tomé and Príncipe,ST,Person,PER,Ireland,IE,2015,2015,0
Annual,A,Total,TOTAL,São Tomé and Príncipe,ST,Person,PER,Ireland,IE,2016,2016,0
Annual,A,Total,TOTAL,São Tomé and Príncipe,ST,Person,PER,Ireland,IE,2017,2017,0
Annual,A,Total,TOTAL,São Tomé and Príncipe,ST,Person,PER,Ireland,IE,2018,2018,0
Annual,A,Total,TOTAL,São Tomé and Príncipe,ST,Person,PER,Ireland,IE,2019,2019,0
Annual,A,Total,TOTAL,São Tomé and Príncipe,ST,Person,PER,Ireland,IE,2020,2020,0
Annual,A,Total,TOTAL,São Tomé and Príncipe,ST,Person,PER,Ireland,IE,2021,2021,0
Annual,A,Total,TOTAL,São Tomé and Príncipe,ST,Person,PER,Ireland,IE,2022,2022,0
Annual,A,Total,TOTAL,São Tomé and Príncipe,ST,Person,PER,Ireland,IE,2023,2023,0
Annual,A,Total,TOTAL,São Tomé and Príncipe,ST,Person,PER,Ireland,IE,2024,2024,0
Annual,A,Total,TOTAL,São Tomé and Príncipe,ST,Person,PER,Ireland,IE,2025,2025,0
Annual,A,Total,TOTAL,Burundi,BI,Person,PER,Ireland,IE,2008,2008,1
Annual,A,Total,TOTAL,Burundi,BI,Person,PER,Ireland,IE,2009,2009,0
Annual,A,Total,TOTAL,Burundi,BI,Person,PER,Ireland,IE,2010,2010,0
Annual,A,Total,TOTAL,Burundi,BI,Person,PER,Ireland,IE,2011,2011,1
Annual,A,Total,TOTAL,Burundi,BI,Person,PER,Ireland,IE,2012,2012,0
Annual,A,Total,TOTAL,Burundi,BI,Person,PER,Ireland,IE,2013,2013,0
Annual,A,Total,TOTAL,Burundi,BI,Person,PER,Ireland,IE,2014,2014,0
Annual,A,Total,TOTAL,Burundi,BI,Person,PER,Ireland,IE,2015,2015,0
Annual,A,Total,TOTAL,Burundi,BI,Person,PER,Ireland,IE,2016,2016,0
Annual,A,Total,TOTAL,Burundi,BI,Person,PER,Ireland,IE,2017,2017,0
Annual,A,Total,TOTAL,Burundi,BI,Person,PER,Ireland,IE,2018,2018,0
Annual,A,Total,TOTAL,Burundi,BI,Person,PER,Ireland,IE,2019,2019,0
Annual,A,Total,TOTAL,Burundi,BI,Person,PER,Ireland,IE,2020,2020,0
Annual,A,Total,TOTAL,Burundi,BI,Person,PER,Ireland,IE,2021,2021,0
Annual,A,Total,TOTAL,Burundi,BI,Person,PER,Ireland,IE,2022,2022,0
Annual,A,Total,TOTAL,Burundi,BI,Person,PER,Ireland,IE,2023,2023,0
Annual,A,Total,TOTAL,Burundi,BI,Person,PER,Ireland,IE,2024,2024,0
Annual,A,Total,TOTAL,Burundi,BI,Person,PER,Ireland,IE,2025,2025,0
Annual,A,Total,TOTAL,Comoros,KM,Person,PER,Ireland,IE,2008,2008,0
Annual,A,Total,TOTAL,Comoros,KM,Person,PER,Ireland,IE,2009,2009,0
Annual,A,Total,TOTAL,Comoros,KM,Person,PER,Ireland,IE,2010,2010,0
Annual,A,Total,TOTAL,Comoros,KM,Person,PER,Ireland,IE,2011,2011,0
Annual,A,Total,TOTAL,Comoros,KM,Person,PER,Ireland,IE,2012,2012,0
Annual,A,Total,TOTAL,Comoros,KM,Person,PER,Ireland,IE,2013,2013,0
Annual,A,Total,TOTAL,Comoros,KM,Person,PER,Ireland,IE,2014,2014,0
Annual,A,Total,TOTAL,Comoros,KM,Person,PER,Ireland,IE,2015,2015,0
Annual,A,Total,TOTAL,Comoros,KM,Person,PER,Ireland,IE,2016,2016,0
Annual,A,Total,TOTAL,Comoros,KM,Person,PER,Ireland,IE,2017,2017,0
Annual,A,Total,TOTAL,Comoros,KM,Person,PER,Ireland,IE,2018,2018,0
Annual,A,Total,TOTAL,Comoros,KM,Person,PER,Ireland,IE,2019,2019,0
Annual,A,Total,TOTAL,Comoros,KM,Person,PER,Ireland,IE,2020,2020,0
Annual,A,Total,TOTAL,Comoros,KM,Person,PER,Ireland,IE,2021,2021,0
Annual,A,Total,TOTAL,Comoros,KM,Person,PER,Ireland,IE,2022,2022,0
Annual,A,Total,TOTAL,Comoros,KM,Person,PER,Ireland,IE,2023,2023,0
Annual,A,Total,TOTAL,Comoros,KM,Person,PER,Ireland,IE,2024,2024,0
Annual,A,Total,TOTAL,Comoros,KM,Person,PER,Ireland,IE,2025,2025,0
Annual,A,Total,TOTAL,Djibouti,DJ,Person,PER,Ireland,IE,2008,2008,0
Annual,A,Total,TOTAL,Djibouti,DJ,Person,PER,Ireland,IE,2009,2009,0
Annual,A,Total,TOTAL,Djibouti,DJ,Person,PER,Ireland,IE,2010,2010,0
Annual,A,Total,TOTAL,Djibouti,DJ,Person,PER,Ireland,IE,2011,2011,0
Annual,A,Total,TOTAL,Djibouti,DJ,Person,PER,Ireland,IE,2012,2012,0
Annual,A,Total,TOTAL,Djibouti,DJ,Person,PER,Ireland,IE,2013,2013,0
Annual,A,Total,TOTAL,Djibouti,DJ,Person,PER,Ireland,IE,2014,2014,0
Annual,A,Total,TOTAL,Djibouti,DJ,Person,PER,Ireland,IE,2015,2015,0
Annual,A,Total,TOTAL,Djibouti,DJ,Person,PER,Ireland,IE,2016,2016,0
Annual,A,Total,TOTAL,Djibouti,DJ,Person,PER,Ireland,IE,2017,2017,0
Annual,A,Total,TOTAL,Djibouti,DJ,Person,PER,Ireland,IE,2018,2018,0
Annual,A,Total,TOTAL,Djibouti,DJ,Person,PER,Ireland,IE,2019,2019,0
Annual,A,Total,TOTAL,Djibouti,DJ,Person,PER,Ireland,IE,2020,2020,0
Annual,A,Total,TOTAL,Djibouti,DJ,Person,PER,Ireland,IE,2021,2021,0
Annual,A,Total,TOTAL,Djibouti,DJ,Person,PER,Ireland,IE,2022,2022,0
Annual,A,Total,TOTAL,Djibouti,DJ,Person,PER,Ireland,IE,2023,2023,0
Annual,A,Total,TOTAL,Djibouti,DJ,Person,PER,Ireland,IE,2024,2024,0
Annual,A,Total,TOTAL,Djibouti,DJ,Person,PER,Ireland,IE,2025,2025,0
Annual,A,Total,TOTAL,Eritrea,ER,Person,PER,Ireland,IE,2008,2008,1
Annual,A,Total,TOTAL,Eritrea,ER,Person,PER,Ireland,IE,2009,2009,0
Annual,A,Total,TOTAL,Eritrea,ER,Person,PER,Ireland,IE,2010,2010,0
Annual,A,Total,TOTAL,Eritrea,ER,Person,PER,Ireland,IE,2011,2011,0
Annual,A,Total,TOTAL,Eritrea,ER,Person,PER,Ireland,IE,2012,2012,0
Annual,A,Total,TOTAL,Eritrea,ER,Person,PER,Ireland,IE,2013,2013,0
Annual,A,Total,TOTAL,Eritrea,ER,Person,PER,Ireland,IE,2014,2014,0
Annual,A,Total,TOTAL,Eritrea,ER,Person,PER,Ireland,IE,2015,2015,0
Annual,A,Total,TOTAL,Eritrea,ER,Person,PER,Ireland,IE,2016,2016,0
Annual,A,Total,TOTAL,Eritrea,ER,Person,PER,Ireland,IE,2017,2017,0
Annual,A,Total,TOTAL,Eritrea,ER,Person,PER,Ireland,IE,2018,2018,0
Annual,A,Total,TOTAL,Eritrea,ER,Person,PER,Ireland,IE,2019,2019,0
Annual,A,Total,TOTAL,Eritrea,ER,Person,PER,Ireland,IE,2020,2020,0
Annual,A,Total,TOTAL,Eritrea,ER,Person,PER,Ireland,IE,2021,2021,0
Annual,A,Total,TOTAL,Eritrea,ER,Person,PER,Ireland,IE,2022,2022,0
Annual,A,Total,TOTAL,Eritrea,ER,Person,PER,Ireland,IE,2023,2023,0
Annual,A,Total,TOTAL,Eritrea,ER,Person,PER,Ireland,IE,2024,2024,0
Annual,A,Total,TOTAL,Eritrea,ER,Person,PER,Ireland,IE,2025,2025,0
Annual,A,Total,TOTAL,Ethiopia,ET,Person,PER,Ireland,IE,2008,2008,3
Annual,A,Total,TOTAL,Ethiopia,ET,Person,PER,Ireland,IE,2009,2009,3
Annual,A,Total,TOTAL,Ethiopia,ET,Person,PER,Ireland,IE,2010,2010,6
Annual,A,Total,TOTAL,Ethiopia,ET,Person,PER,Ireland,IE,2011,2011,5
Annual,A,Total,TOTAL,Ethiopia,ET,Person,PER,Ireland,IE,2012,2012,2
Annual,A,Total,TOTAL,Ethiopia,ET,Person,PER,Ireland,IE,2013,2013,1
Annual,A,Total,TOTAL,Ethiopia,ET,Person,PER,Ireland,IE,2014,2014,1
Annual,A,Total,TOTAL,Ethiopia,ET,Person,PER,Ireland,IE,2015,2015,1
Annual,A,Total,TOTAL,Ethiopia,ET,Person,PER,Ireland,IE,2016,2016,0
Annual,A,Total,TOTAL,Ethiopia,ET,Person,PER,Ireland,IE,2017,2017,0
Annual,A,Total,TOTAL,Ethiopia,ET,Person,PER,Ireland,IE,2018,2018,0
Annual,A,Total,TOTAL,Ethiopia,ET,Person,PER,Ireland,IE,2019,2019,0
Annual,A,Total,TOTAL,Ethiopia,ET,Person,PER,Ireland,IE,2020,2020,0
Annual,A,Total,TOTAL,Ethiopia,ET,Person,PER,Ireland,IE,2021,2021,0
Annual,A,Total,TOTAL,Ethiopia,ET,Person,PER,Ireland,IE,2022,2022,0
Annual,A,Total,TOTAL,Ethiopia,ET,Person,PER,Ireland,IE,2023,2023,0
Annual,A,Total,TOTAL,Ethiopia,ET,Person,PER,Ireland,IE,2024,2024,0
Annual,A,Total,TOTAL,Ethiopia,ET,Person,PER,Ireland,IE,2025,2025,0
Annual,A,Total,TOTAL,Kenya,KE,Person,PER,Ireland,IE,2008,2008,23
Annual,A,Total,TOTAL,Kenya,KE,Person,PER,Ireland,IE,2009,2009,16
Annual,A,Total,TOTAL,Kenya,KE,Person,PER,Ireland,IE,2010,2010,6
Annual,A,Total,TOTAL,Kenya,KE,Person,PER,Ireland,IE,2011,2011,6
Annual,A,Total,TOTAL,Kenya,KE,Person,PER,Ireland,IE,2012,2012,7
Annual,A,Total,TOTAL,Kenya,KE,Person,PER,Ireland,IE,2013,2013,2
Annual,A,Total,TOTAL,Kenya,KE,Person,PER,Ireland,IE,2014,2014,1
Annual,A,Total,TOTAL,Kenya,KE,Person,PER,Ireland,IE,2015,2015,1
Annual,A,Total,TOTAL,Kenya,KE,Person,PER,Ireland,IE,2016,2016,0
Annual,A,Total,TOTAL,Kenya,KE,Person,PER,Ireland,IE,2017,2017,0
Annual,A,Total,TOTAL,Kenya,KE,Person,PER,Ireland,IE,2018,2018,0
Annual,A,Total,TOTAL,Kenya,KE,Person,PER,Ireland,IE,2019,2019,0
Annual,A,Total,TOTAL,Kenya,KE,Person,PER,Ireland,IE,2020,2020,0
Annual,A,Total,TOTAL,Kenya,KE,Person,PER,Ireland,IE,2021,2021,0
Annual,A,Total,TOTAL,Kenya,KE,Person,PER,Ireland,IE,2022,2022,0
Annual,A,Total,TOTAL,Kenya,KE,Person,PER,Ireland,IE,2023,2023,1
Annual,A,Total,TOTAL,Kenya,KE,Person,PER,Ireland,IE,2024,2024,1
Annual,A,Total,TOTAL,Kenya,KE,Person,PER,Ireland,IE,2025,2025,1
Annual,A,Total,TOTAL,Madagascar,MG,Person,PER,Ireland,IE,2008,2008,0
Annual,A,Total,TOTAL,Madagascar,MG,Person,PER,Ireland,IE,2009,2009,0
Annual,A,Total,TOTAL,Madagascar,MG,Person,PER,Ireland,IE,2010,2010,0
Annual,A,Total,TOTAL,Madagascar,MG,Person,PER,Ireland,IE,2011,2011,0
Annual,A,Total,TOTAL,Madagascar,MG,Person,PER,Ireland,IE,2012,2012,0
Annual,A,Total,TOTAL,Madagascar,MG,Person,PER,Ireland,IE,2013,2013,0
Annual,A,Total,TOTAL,Madagascar,MG,Person,PER,Ireland,IE,2014,2014,0
Annual,A,Total,TOTAL,Madagascar,MG,Person,PER,Ireland,IE,2015,2015,0
Annual,A,Total,TOTAL,Madagascar,MG,Person,PER,Ireland,IE,2016,2016,0
Annual,A,Total,TOTAL,Madagascar,MG,Person,PER,Ireland,IE,2017,2017,0
Annual,A,Total,TOTAL,Madagascar,MG,Person,PER,Ireland,IE,2018,2018,0
Annual,A,Total,TOTAL,Madagascar,MG,Person,PER,Ireland,IE,2019,2019,0
Annual,A,Total,TOTAL,Madagascar,MG,Person,PER,Ireland,IE,2020,2020,0
Annual,A,Total,TOTAL,Madagascar,MG,Person,PER,Ireland,IE,2021,2021,0
Annual,A,Total,TOTAL,Madagascar,MG,Person,PER,Ireland,IE,2022,2022,0
Annual,A,Total,TOTAL,Madagascar,MG,Person,PER,Ireland,IE,2023,2023,0
Annual,A,Total,TOTAL,Madagascar,MG,Person,PER,Ireland,IE,2024,2024,0
Annual,A,Total,TOTAL,Madagascar,MG,Person,PER,Ireland,IE,2025,2025,0
Annual,A,Total,TOTAL,Malawi,MW,Person,PER,Ireland,IE,2008,2008,2
Annual,A,Total,TOTAL,Malawi,MW,Person,PER,Ireland,IE,2009,2009,2
Annual,A,Total,TOTAL,Malawi,MW,Person,PER,Ireland,IE,2010,2010,3
Annual,A,Total,TOTAL,Malawi,MW,Person,PER,Ireland,IE,2011,2011,3
Annual,A,Total,TOTAL,Malawi,MW,Person,PER,Ireland,IE,2012,2012,5
Annual,A,Total,TOTAL,Malawi,MW,Person,PER,Ireland,IE,2013,2013,4
Annual,A,Total,TOTAL,Malawi,MW,Person,PER,Ireland,IE,2014,2014,3
Annual,A,Total,TOTAL,Malawi,MW,Person,PER,Ireland,IE,2015,2015,3
Annual,A,Total,TOTAL,Malawi,MW,Person,PER,Ireland,IE,2016,2016,3
Annual,A,Total,TOTAL,Malawi,MW,Person,PER,Ireland,IE,2017,2017,3
Annual,A,Total,TOTAL,Malawi,MW,Person,PER,Ireland,IE,2018,2018,1
Annual,A,Total,TOTAL,Malawi,MW,Person,PER,Ireland,IE,2019,2019,0
Annual,A,Total,TOTAL,Malawi,MW,Person,PER,Ireland,IE,2020,2020,0
Annual,A,Total,TOTAL,Malawi,MW,Person,PER,Ireland,IE,2021,2021,0
Annual,A,Total,TOTAL,Malawi,MW,Person,PER,Ireland,IE,2022,2022,0
Annual,A,Total,TOTAL,Malawi,MW,Person,PER,Ireland,IE,2023,2023,0
Annual,A,Total,TOTAL,Malawi,MW,Person,PER,Ireland,IE,2024,2024,0
Annual,A,Total,TOTAL,Malawi,MW,Person,PER,Ireland,IE,2025,2025,0
Annual,A,Total,TOTAL,Mauritius,MU,Person,PER,Ireland,IE,2008,2008,19
Annual,A,Total,TOTAL,Mauritius,MU,Person,PER,Ireland,IE,2009,2009,9
Annual,A,Total,TOTAL,Mauritius,MU,Person,PER,Ireland,IE,2010,2010,9
Annual,A,Total,TOTAL,Mauritius,MU,Person,PER,Ireland,IE,2011,2011,12
Annual,A,Total,TOTAL,Mauritius,MU,Person,PER,Ireland,IE,2012,2012,6
Annual,A,Total,TOTAL,Mauritius,MU,Person,PER,Ireland,IE,2013,2013,2
Annual,A,Total,TOTAL,Mauritius,MU,Person,PER,Ireland,IE,2014,2014,1
Annual,A,Total,TOTAL,Mauritius,MU,Person,PER,Ireland,IE,2015,2015,0
Annual,A,Total,TOTAL,Mauritius,MU,Person,PER,Ireland,IE,2016,2016,0
Annual,A,Total,TOTAL,Mauritius,MU,Person,PER,Ireland,IE,2017,2017,0
Annual,A,Total,TOTAL,Mauritius,MU,Person,PER,Ireland,IE,2018,2018,0
Annual,A,Total,TOTAL,Mauritius,MU,Person,PER,Ireland,IE,2019,2019,1
Annual,A,Total,TOTAL,Mauritius,MU,Person,PER,Ireland,IE,2020,2020,1
Annual,A,Total,TOTAL,Mauritius,MU,Person,PER,Ireland,IE,2021,2021,4
Annual,A,Total,TOTAL,Mauritius,MU,Person,PER,Ireland,IE,2022,2022,4
Annual,A,Total,TOTAL,Mauritius,MU,Person,PER,Ireland,IE,2023,2023,3
Annual,A,Total,TOTAL,Mauritius,MU,Person,PER,Ireland,IE,2024,2024,2
Annual,A,Total,TOTAL,Mauritius,MU,Person,PER,Ireland,IE,2025,2025,2
Annual,A,Total,TOTAL,Mozambique,MZ,Person,PER,Ireland,IE,2008,2008,0
Annual,A,Total,TOTAL,Mozambique,MZ,Person,PER,Ireland,IE,2009,2009,0
Annual,A,Total,TOTAL,Mozambique,MZ,Person,PER,Ireland,IE,2010,2010,0
Annual,A,Total,TOTAL,Mozambique,MZ,Person,PER,Ireland,IE,2011,2011,0
Annual,A,Total,TOTAL,Mozambique,MZ,Person,PER,Ireland,IE,2012,2012,0
Annual,A,Total,TOTAL,Mozambique,MZ,Person,PER,Ireland,IE,2013,2013,0
Annual,A,Total,TOTAL,Mozambique,MZ,Person,PER,Ireland,IE,2014,2014,0
Annual,A,Total,TOTAL,Mozambique,MZ,Person,PER,Ireland,IE,2015,2015,0
Annual,A,Total,TOTAL,Mozambique,MZ,Person,PER,Ireland,IE,2016,2016,0
Annual,A,Total,TOTAL,Mozambique,MZ,Person,PER,Ireland,IE,2017,2017,0
Annual,A,Total,TOTAL,Mozambique,MZ,Person,PER,Ireland,IE,2018,2018,0
Annual,A,Total,TOTAL,Mozambique,MZ,Person,PER,Ireland,IE,2019,2019,0
Annual,A,Total,TOTAL,Mozambique,MZ,Person,PER,Ireland,IE,2020,2020,0
Annual,A,Total,TOTAL,Mozambique,MZ,Person,PER,Ireland,IE,2021,2021,0
Annual,A,Total,TOTAL,Mozambique,MZ,Person,PER,Ireland,IE,2022,2022,0
Annual,A,Total,TOTAL,Mozambique,MZ,Person,PER,Ireland,IE,2023,2023,0
Annual,A,Total,TOTAL,Mozambique,MZ,Person,PER,Ireland,IE,2024,2024,0
Annual,A,Total,TOTAL,Mozambique,MZ,Person,PER,Ireland,IE,2025,2025,0
Annual,A,Total,TOTAL,Rwanda,RW,Person,PER,Ireland,IE,2008,2008,2
Annual,A,Total,TOTAL,Rwanda,RW,Person,PER,Ireland,IE,2009,2009,2
Annual,A,Total,TOTAL,Rwanda,RW,Person,PER,Ireland,IE,2010,2010,0
Annual,A,Total,TOTAL,Rwanda,RW,Person,PER,Ireland,IE,2011,2011,0
Annual,A,Total,TOTAL,Rwanda,RW,Person,PER,Ireland,IE,2012,2012,0
Annual,A,Total,TOTAL,Rwanda,RW,Person,PER,Ireland,IE,2013,2013,0
Annual,A,Total,TOTAL,Rwanda,RW,Person,PER,Ireland,IE,2014,2014,0
Annual,A,Total,TOTAL,Rwanda,RW,Person,PER,Ireland,IE,2015,2015,0
Annual,A,Total,TOTAL,Rwanda,RW,Person,PER,Ireland,IE,2016,2016,0
Annual,A,Total,TOTAL,Rwanda,RW,Person,PER,Ireland,IE,2017,2017,0
Annual,A,Total,TOTAL,Rwanda,RW,Person,PER,Ireland,IE,2018,2018,0
Annual,A,Total,TOTAL,Rwanda,RW,Person,PER,Ireland,IE,2019,2019,0
Annual,A,Total,TOTAL,Rwanda,RW,Person,PER,Ireland,IE,2020,2020,0
Annual,A,Total,TOTAL,Rwanda,RW,Person,PER,Ireland,IE,2021,2021,0
Annual,A,Total,TOTAL,Rwanda,RW,Person,PER,Ireland,IE,2022,2022,0
Annual,A,Total,TOTAL,Rwanda,RW,Person,PER,Ireland,IE,2023,2023,0
Annual,A,Total,TOTAL,Rwanda,RW,Person,PER,Ireland,IE,2024,2024,0
Annual,A,Total,TOTAL,Rwanda,RW,Person,PER,Ireland,IE,2025,2025,0
Annual,A,Total,TOTAL,Seychelles,SC,Person,PER,Ireland,IE,2008,2008,0
Annual,A,Total,TOTAL,Seychelles,SC,Person,PER,Ireland,IE,2009,2009,0
Annual,A,Total,TOTAL,Seychelles,SC,Person,PER,Ireland,IE,2010,2010,0
Annual,A,Total,TOTAL,Seychelles,SC,Person,PER,Ireland,IE,2011,2011,0
Annual,A,Total,TOTAL,Seychelles,SC,Person,PER,Ireland,IE,2012,2012,0
Annual,A,Total,TOTAL,Seychelles,SC,Person,PER,Ireland,IE,2013,2013,0
Annual,A,Total,TOTAL,Seychelles,SC,Person,PER,Ireland,IE,2014,2014,0
Annual,A,Total,TOTAL,Seychelles,SC,Person,PER,Ireland,IE,2015,2015,0
Annual,A,Total,TOTAL,Seychelles,SC,Person,PER,Ireland,IE,2016,2016,0
Annual,A,Total,TOTAL,Seychelles,SC,Person,PER,Ireland,IE,2017,2017,0
Annual,A,Total,TOTAL,Seychelles,SC,Person,PER,Ireland,IE,2018,2018,0
Annual,A,Total,TOTAL,Seychelles,SC,Person,PER,Ireland,IE,2019,2019,0
Annual,A,Total,TOTAL,Seychelles,SC,Person,PER,Ireland,IE,2020,2020,0
Annual,A,Total,TOTAL,Seychelles,SC,Person,PER,Ireland,IE,2021,2021,0
Annual,A,Total,TOTAL,Seychelles,SC,Person,PER,Ireland,IE,2022,2022,0
Annual,A,Total,TOTAL,Seychelles,SC,Person,PER,Ireland,IE,2023,2023,0
Annual,A,Total,TOTAL,Seychelles,SC,Person,PER,Ireland,IE,2024,2024,0
Annual,A,Total,TOTAL,Seychelles,SC,Person,PER,Ireland,IE,2025,2025,0
Annual,A,Total,TOTAL,Somalia,SO,Person,PER,Ireland,IE,2008,2008,51
Annual,A,Total,TOTAL,Somalia,SO,Person,PER,Ireland,IE,2009,2009,35
Annual,A,Total,TOTAL,Somalia,SO,Person,PER,Ireland,IE,2010,2010,0
Annual,A,Total,TOTAL,Somalia,SO,Person,PER,Ireland,IE,2011,2011,0
Annual,A,Total,TOTAL,Somalia,SO,Person,PER,Ireland,IE,2012,2012,0
Annual,A,Total,TOTAL,Somalia,SO,Person,PER,Ireland,IE,2013,2013,0
Annual,A,Total,TOTAL,Somalia,SO,Person,PER,Ireland,IE,2014,2014,0
Annual,A,Total,TOTAL,Somalia,SO,Person,PER,Ireland,IE,2015,2015,0
Annual,A,Total,TOTAL,Somalia,SO,Person,PER,Ireland,IE,2016,2016,0
Annual,A,Total,TOTAL,Somalia,SO,Person,PER,Ireland,IE,2017,2017,0
Annual,A,Total,TOTAL,Somalia,SO,Person,PER,Ireland,IE,2018,2018,0
Annual,A,Total,TOTAL,Somalia,SO,Person,PER,Ireland,IE,2019,2019,0
Annual,A,Total,TOTAL,Somalia,SO,Person,PER,Ireland,IE,2020,2020,0
Annual,A,Total,TOTAL,Somalia,SO,Person,PER,Ireland,IE,2021,2021,0
Annual,A,Total,TOTAL,Somalia,SO,Person,PER,Ireland,IE,2022,2022,0
Annual,A,Total,TOTAL,Somalia,SO,Person,PER,Ireland,IE,2023,2023,0
Annual,A,Total,TOTAL,Somalia,SO,Person,PER,Ireland,IE,2024,2024,0
Annual,A,Total,TOTAL,Somalia,SO,Person,PER,Ireland,IE,2025,2025,0
Annual,A,Total,TOTAL,Uganda,UG,Person,PER,Ireland,IE,2008,2008,11
Annual,A,Total,TOTAL,Uganda,UG,Person,PER,Ireland,IE,2009,2009,4
Annual,A,Total,TOTAL,Uganda,UG,Person,PER,Ireland,IE,2010,2010,1
Annual,A,Total,TOTAL,Uganda,UG,Person,PER,Ireland,IE,2011,2011,1
Annual,A,Total,TOTAL,Uganda,UG,Person,PER,Ireland,IE,2012,2012,0
Annual,A,Total,TOTAL,Uganda,UG,Person,PER,Ireland,IE,2013,2013,0
Annual,A,Total,TOTAL,Uganda,UG,Person,PER,Ireland,IE,2014,2014,0
Annual,A,Total,TOTAL,Uganda,UG,Person,PER,Ireland,IE,2015,2015,0
Annual,A,Total,TOTAL,Uganda,UG,Person,PER,Ireland,IE,2016,2016,0
Annual,A,Total,TOTAL,Uganda,UG,Person,PER,Ireland,IE,2017,2017,0
Annual,A,Total,TOTAL,Uganda,UG,Person,PER,Ireland,IE,2018,2018,0
Annual,A,Total,TOTAL,Uganda,UG,Person,PER,Ireland,IE,2019,2019,0
Annual,A,Total,TOTAL,Uganda,UG,Person,PER,Ireland,IE,2020,2020,0
Annual,A,Total,TOTAL,Uganda,UG,Person,PER,Ireland,IE,2021,2021,0
Annual,A,Total,TOTAL,Uganda,UG,Person,PER,Ireland,IE,2022,2022,0
Annual,A,Total,TOTAL,Uganda,UG,Person,PER,Ireland,IE,2023,2023,0
Annual,A,Total,TOTAL,Uganda,UG,Person,PER,Ireland,IE,2024,2024,0
Annual,A,Total,TOTAL,Uganda,UG,Person,PER,Ireland,IE,2025,2025,0
Annual,A,Total,TOTAL,Tanzania,TZ,Person,PER,Ireland,IE,2008,2008,13
Annual,A,Total,TOTAL,Tanzania,TZ,Person,PER,Ireland,IE,2009,2009,6
Annual,A,Total,TOTAL,Tanzania,TZ,Person,PER,Ireland,IE,2010,2010,4
Annual,A,Total,TOTAL,Tanzania,TZ,Person,PER,Ireland,IE,2011,2011,2
Annual,A,Total,TOTAL,Tanzania,TZ,Person,PER,Ireland,IE,2012,2012,4
Annual,A,Total,TOTAL,Tanzania,TZ,Person,PER,Ireland,IE,2013,2013,0
Annual,A,Total,TOTAL,Tanzania,TZ,Person,PER,Ireland,IE,2014,2014,0
Annual,A,Total,TOTAL,Tanzania,TZ,Person,PER,Ireland,IE,2015,2015,0
Annual,A,Total,TOTAL,Tanzania,TZ,Person,PER,Ireland,IE,2016,2016,0
Annual,A,Total,TOTAL,Tanzania,TZ,Person,PER,Ireland,IE,2017,2017,0
Annual,A,Total,TOTAL,Tanzania,TZ,Person,PER,Ireland,IE,2018,2018,0
Annual,A,Total,TOTAL,Tanzania,TZ,Person,PER,Ireland,IE,2019,2019,0
Annual,A,Total,TOTAL,Tanzania,TZ,Person,PER,Ireland,IE,2020,2020,0
Annual,A,Total,TOTAL,Tanzania,TZ,Person,PER,Ireland,IE,2021,2021,0
Annual,A,Total,TOTAL,Tanzania,TZ,Person,PER,Ireland,IE,2022,2022,1
Annual,A,Total,TOTAL,Tanzania,TZ,Person,PER,Ireland,IE,2023,2023,1
Annual,A,Total,TOTAL,Tanzania,TZ,Person,PER,Ireland,IE,2024,2024,1
Annual,A,Total,TOTAL,Tanzania,TZ,Person,PER,Ireland,IE,2025,2025,1
Annual,A,Total,TOTAL,Zambia,ZM,Person,PER,Ireland,IE,2008,2008,8
Annual,A,Total,TOTAL,Zambia,ZM,Person,PER,Ireland,IE,2009,2009,7
Annual,A,Total,TOTAL,Zambia,ZM,Person,PER,Ireland,IE,2010,2010,5
Annual,A,Total,TOTAL,Zambia,ZM,Person,PER,Ireland,IE,2011,2011,8
Annual,A,Total,TOTAL,Zambia,ZM,Person,PER,Ireland,IE,2012,2012,7
Annual,A,Total,TOTAL,Zambia,ZM,Person,PER,Ireland,IE,2013,2013,4
Annual,A,Total,TOTAL,Zambia,ZM,Person,PER,Ireland,IE,2014,2014,3
Annual,A,Total,TOTAL,Zambia,ZM,Person,PER,Ireland,IE,2015,2015,2
Annual,A,Total,TOTAL,Zambia,ZM,Person,PER,Ireland,IE,2016,2016,1
Annual,A,Total,TOTAL,Zambia,ZM,Person,PER,Ireland,IE,2017,2017,1
Annual,A,Total,TOTAL,Zambia,ZM,Person,PER,Ireland,IE,2018,2018,1
Annual,A,Total,TOTAL,Zambia,ZM,Person,PER,Ireland,IE,2019,2019,1
Annual,A,Total,TOTAL,Zambia,ZM,Person,PER,Ireland,IE,2020,2020,1
Annual,A,Total,TOTAL,Zambia,ZM,Person,PER,Ireland,IE,2021,2021,1
Annual,A,Total,TOTAL,Zambia,ZM,Person,PER,Ireland,IE,2022,2022,1
Annual,A,Total,TOTAL,Zambia,ZM,Person,PER,Ireland,IE,2023,2023,0
Annual,A,Total,TOTAL,Zambia,ZM,Person,PER,Ireland,IE,2024,2024,0
Annual,A,Total,TOTAL,Zambia,ZM,Person,PER,Ireland,IE,2025,2025,0
Annual,A,Total,TOTAL,Zimbabwe,ZW,Person,PER,Ireland,IE,2008,2008,43
Annual,A,Total,TOTAL,Zimbabwe,ZW,Person,PER,Ireland,IE,2009,2009,33
Annual,A,Total,TOTAL,Zimbabwe,ZW,Person,PER,Ireland,IE,2010,2010,94
Annual,A,Total,TOTAL,Zimbabwe,ZW,Person,PER,Ireland,IE,2011,2011,81
Annual,A,Total,TOTAL,Zimbabwe,ZW,Person,PER,Ireland,IE,2012,2012,69
Annual,A,Total,TOTAL,Zimbabwe,ZW,Person,PER,Ireland,IE,2013,2013,34
Annual,A,Total,TOTAL,Zimbabwe,ZW,Person,PER,Ireland,IE,2014,2014,23
Annual,A,Total,TOTAL,Zimbabwe,ZW,Person,PER,Ireland,IE,2015,2015,21
Annual,A,Total,TOTAL,Zimbabwe,ZW,Person,PER,Ireland,IE,2016,2016,10
Annual,A,Total,TOTAL,Zimbabwe,ZW,Person,PER,Ireland,IE,2017,2017,9
Annual,A,Total,TOTAL,Zimbabwe,ZW,Person,PER,Ireland,IE,2018,2018,3
Annual,A,Total,TOTAL,Zimbabwe,ZW,Person,PER,Ireland,IE,2019,2019,2
Annual,A,Total,TOTAL,Zimbabwe,ZW,Person,PER,Ireland,IE,2020,2020,2
Annual,A,Total,TOTAL,Zimbabwe,ZW,Person,PER,Ireland,IE,2021,2021,2
Annual,A,Total,TOTAL,Zimbabwe,ZW,Person,PER,Ireland,IE,2022,2022,3
Annual,A,Total,TOTAL,Zimbabwe,ZW,Person,PER,Ireland,IE,2023,2023,4
Annual,A,Total,TOTAL,Zimbabwe,ZW,Person,PER,Ireland,IE,2024,2024,3
Annual,A,Total,TOTAL,Zimbabwe,ZW,Person,PER,Ireland,IE,2025,2025,3
Annual,A,Total,TOTAL,Algeria,DZ,Person,PER,Ireland,IE,2008,2008,19
Annual,A,Total,TOTAL,Algeria,DZ,Person,PER,Ireland,IE,2009,2009,9
Annual,A,Total,TOTAL,Algeria,DZ,Person,PER,Ireland,IE,2010,2010,35
Annual,A,Total,TOTAL,Algeria,DZ,Person,PER,Ireland,IE,2011,2011,32
Annual,A,Total,TOTAL,Algeria,DZ,Person,PER,Ireland,IE,2012,2012,22
Annual,A,Total,TOTAL,Algeria,DZ,Person,PER,Ireland,IE,2013,2013,14
Annual,A,Total,TOTAL,Algeria,DZ,Person,PER,Ireland,IE,2014,2014,8
Annual,A,Total,TOTAL,Algeria,DZ,Person,PER,Ireland,IE,2015,2015,2
Annual,A,Total,TOTAL,Algeria,DZ,Person,PER,Ireland,IE,2016,2016,2
Annual,A,Total,TOTAL,Algeria,DZ,Person,PER,Ireland,IE,2017,2017,2
Annual,A,Total,TOTAL,Algeria,DZ,Person,PER,Ireland,IE,2018,2018,2
Annual,A,Total,TOTAL,Algeria,DZ,Person,PER,Ireland,IE,2019,2019,2
Annual,A,Total,TOTAL,Algeria,DZ,Person,PER,Ireland,IE,2020,2020,1
Annual,A,Total,TOTAL,Algeria,DZ,Person,PER,Ireland,IE,2021,2021,2
Annual,A,Total,TOTAL,Algeria,DZ,Person,PER,Ireland,IE,2022,2022,3
Annual,A,Total,TOTAL,Algeria,DZ,Person,PER,Ireland,IE,2023,2023,4
Annual,A,Total,TOTAL,Algeria,DZ,Person,PER,Ireland,IE,2024,2024,3
Annual,A,Total,TOTAL,Algeria,DZ,Person,PER,Ireland,IE,2025,2025,3
Annual,A,Total,TOTAL,Egypt,EG,Person,PER,Ireland,IE,2008,2008,51
Annual,A,Total,TOTAL,Egypt,EG,Person,PER,Ireland,IE,2009,2009,32
Annual,A,Total,TOTAL,Egypt,EG,Person,PER,Ireland,IE,2010,2010,100
Annual,A,Total,TOTAL,Egypt,EG,Person,PER,Ireland,IE,2011,2011,69
Annual,A,Total,TOTAL,Egypt,EG,Person,PER,Ireland,IE,2012,2012,35
Annual,A,Total,TOTAL,Egypt,EG,Person,PER,Ireland,IE,2013,2013,21
Annual,A,Total,TOTAL,Egypt,EG,Person,PER,Ireland,IE,2014,2014,7
Annual,A,Total,TOTAL,Egypt,EG,Person,PER,Ireland,IE,2015,2015,7
Annual,A,Total,TOTAL,Egypt,EG,Person,PER,Ireland,IE,2016,2016,6
Annual,A,Total,TOTAL,Egypt,EG,Person,PER,Ireland,IE,2017,2017,6
Annual,A,Total,TOTAL,Egypt,EG,Person,PER,Ireland,IE,2018,2018,6
Annual,A,Total,TOTAL,Egypt,EG,Person,PER,Ireland,IE,2019,2019,8
Annual,A,Total,TOTAL,Egypt,EG,Person,PER,Ireland,IE,2020,2020,7
Annual,A,Total,TOTAL,Egypt,EG,Person,PER,Ireland,IE,2021,2021,22
Annual,A,Total,TOTAL,Egypt,EG,Person,PER,Ireland,IE,2022,2022,59
Annual,A,Total,TOTAL,Egypt,EG,Person,PER,Ireland,IE,2023,2023,70
Annual,A,Total,TOTAL,Egypt,EG,Person,PER,Ireland,IE,2024,2024,72
Annual,A,Total,TOTAL,Egypt,EG,Person,PER,Ireland,IE,2025,2025,74
Annual,A,Total,TOTAL,Libya,LY,Person,PER,Ireland,IE,2008,2008,2
Annual,A,Total,TOTAL,Libya,LY,Person,PER,Ireland,IE,2009,2009,1
Annual,A,Total,TOTAL,Libya,LY,Person,PER,Ireland,IE,2010,2010,2
Annual,A,Total,TOTAL,Libya,LY,Person,PER,Ireland,IE,2011,2011,2
Annual,A,Total,TOTAL,Libya,LY,Person,PER,Ireland,IE,2012,2012,1
Annual,A,Total,TOTAL,Libya,LY,Person,PER,Ireland,IE,2013,2013,1
Annual,A,Total,TOTAL,Libya,LY,Person,PER,Ireland,IE,2014,2014,0
Annual,A,Total,TOTAL,Libya,LY,Person,PER,Ireland,IE,2015,2015,0
Annual,A,Total,TOTAL,Libya,LY,Person,PER,Ireland,IE,2016,2016,0
Annual,A,Total,TOTAL,Libya,LY,Person,PER,Ireland,IE,2017,2017,0
Annual,A,Total,TOTAL,Libya,LY,Person,PER,Ireland,IE,2018,2018,0
Annual,A,Total,TOTAL,Libya,LY,Person,PER,Ireland,IE,2019,2019,0
Annual,A,Total,TOTAL,Libya,LY,Person,PER,Ireland,IE,2020,2020,0
Annual,A,Total,TOTAL,Libya,LY,Person,PER,Ireland,IE,2021,2021,0
Annual,A,Total,TOTAL,Libya,LY,Person,PER,Ireland,IE,2022,2022,0
Annual,A,Total,TOTAL,Libya,LY,Person,PER,Ireland,IE,2023,2023,0
Annual,A,Total,TOTAL,Libya,LY,Person,PER,Ireland,IE,2024,2024,0
Annual,A,Total,TOTAL,Libya,LY,Person,PER,Ireland,IE,2025,2025,0
Annual,A,Total,TOTAL,Morocco,MA,Person,PER,Ireland,IE,2008,2008,24
Annual,A,Total,TOTAL,Morocco,MA,Person,PER,Ireland,IE,2009,2009,15
Annual,A,Total,TOTAL,Morocco,MA,Person,PER,Ireland,IE,2010,2010,56
Annual,A,Total,TOTAL,Morocco,MA,Person,PER,Ireland,IE,2011,2011,45
Annual,A,Total,TOTAL,Morocco,MA,Person,PER,Ireland,IE,2012,2012,36
Annual,A,Total,TOTAL,Morocco,MA,Person,PER,Ireland,IE,2013,2013,12
Annual,A,Total,TOTAL,Morocco,MA,Person,PER,Ireland,IE,2014,2014,8
Annual,A,Total,TOTAL,Morocco,MA,Person,PER,Ireland,IE,2015,2015,8
Annual,A,Total,TOTAL,Morocco,MA,Person,PER,Ireland,IE,2016,2016,7
Annual,A,Total,TOTAL,Morocco,MA,Person,PER,Ireland,IE,2017,2017,5
Annual,A,Total,TOTAL,Morocco,MA,Person,PER,Ireland,IE,2018,2018,3
Annual,A,Total,TOTAL,Morocco,MA,Person,PER,Ireland,IE,2019,2019,1
Annual,A,Total,TOTAL,Morocco,MA,Person,PER,Ireland,IE,2020,2020,2
Annual,A,Total,TOTAL,Morocco,MA,Person,PER,Ireland,IE,2021,2021,3
Annual,A,Total,TOTAL,Morocco,MA,Person,PER,Ireland,IE,2022,2022,4
Annual,A,Total,TOTAL,Morocco,MA,Person,PER,Ireland,IE,2023,2023,4
Annual,A,Total,TOTAL,Morocco,MA,Person,PER,Ireland,IE,2024,2024,5
Annual,A,Total,TOTAL,Morocco,MA,Person,PER,Ireland,IE,2025,2025,8
Annual,A,Total,TOTAL,South Sudan,SS,Person,PER,Ireland,IE,2011,2011,0
Annual,A,Total,TOTAL,South Sudan,SS,Person,PER,Ireland,IE,2012,2012,0
Annual,A,Total,TOTAL,South Sudan,SS,Person,PER,Ireland,IE,2013,2013,0
Annual,A,Total,TOTAL,South Sudan,SS,Person,PER,Ireland,IE,2014,2014,0
Annual,A,Total,TOTAL,South Sudan,SS,Person,PER,Ireland,IE,2015,2015,0
Annual,A,Total,TOTAL,South Sudan,SS,Person,PER,Ireland,IE,2016,2016,0
Annual,A,Total,TOTAL,South Sudan,SS,Person,PER,Ireland,IE,2017,2017,0
Annual,A,Total,TOTAL,South Sudan,SS,Person,PER,Ireland,IE,2018,2018,0
Annual,A,Total,TOTAL,South Sudan,SS,Person,PER,Ireland,IE,2019,2019,0
Annual,A,Total,TOTAL,South Sudan,SS,Person,PER,Ireland,IE,2020,2020,0
Annual,A,Total,TOTAL,South Sudan,SS,Person,PER,Ireland,IE,2021,2021,0
Annual,A,Total,TOTAL,South Sudan,SS,Person,PER,Ireland,IE,2022,2022,0
Annual,A,Total,TOTAL,South Sudan,SS,Person,PER,Ireland,IE,2023,2023,0
Annual,A,Total,TOTAL,South Sudan,SS,Person,PER,Ireland,IE,2024,2024,0
Annual,A,Total,TOTAL,South Sudan,SS,Person,PER,Ireland,IE,2025,2025,0
Annual,A,Total,TOTAL,Sudan,SD,Person,PER,Ireland,IE,2008,2008,3
Annual,A,Total,TOTAL,Sudan,SD,Person,PER,Ireland,IE,2009,2009,0
Annual,A,Total,TOTAL,Sudan,SD,Person,PER,Ireland,IE,2010,2010,2
Annual,A,Total,TOTAL,Sudan,SD,Person,PER,Ireland,IE,2011,2011,3
Annual,A,Total,TOTAL,Sudan,SD,Person,PER,Ireland,IE,2012,2012,1
Annual,A,Total,TOTAL,Sudan,SD,Person,PER,Ireland,IE,2013,2013,0
Annual,A,Total,TOTAL,Sudan,SD,Person,PER,Ireland,IE,2014,2014,0
Annual,A,Total,TOTAL,Sudan,SD,Person,PER,Ireland,IE,2015,2015,0
Annual,A,Total,TOTAL,Sudan,SD,Person,PER,Ireland,IE,2016,2016,0
Annual,A,Total,TOTAL,Sudan,SD,Person,PER,Ireland,IE,2017,2017,2
Annual,A,Total,TOTAL,Sudan,SD,Person,PER,Ireland,IE,2018,2018,2
Annual,A,Total,TOTAL,Sudan,SD,Person,PER,Ireland,IE,2019,2019,3
Annual,A,Total,TOTAL,Sudan,SD,Person,PER,Ireland,IE,2020,2020,4
Annual,A,Total,TOTAL,Sudan,SD,Person,PER,Ireland,IE,2021,2021,5
Annual,A,Total,TOTAL,Sudan,SD,Person,PER,Ireland,IE,2022,2022,8
Annual,A,Total,TOTAL,Sudan,SD,Person,PER,Ireland,IE,2023,2023,8
Annual,A,Total,TOTAL,Sudan,SD,Person,PER,Ireland,IE,2024,2024,5
Annual,A,Total,TOTAL,Sudan,SD,Person,PER,Ireland,IE,2025,2025,4
Annual,A,Total,TOTAL,Tunisia,TN,Person,PER,Ireland,IE,2008,2008,0
Annual,A,Total,TOTAL,Tunisia,TN,Person,PER,Ireland,IE,2009,2009,0
Annual,A,Total,TOTAL,Tunisia,TN,Person,PER,Ireland,IE,2010,2010,23
Annual,A,Total,TOTAL,Tunisia,TN,Person,PER,Ireland,IE,2011,2011,11
Annual,A,Total,TOTAL,Tunisia,TN,Person,PER,Ireland,IE,2012,2012,6
Annual,A,Total,TOTAL,Tunisia,TN,Person,PER,Ireland,IE,2013,2013,5
Annual,A,Total,TOTAL,Tunisia,TN,Person,PER,Ireland,IE,2014,2014,3
Annual,A,Total,TOTAL,Tunisia,TN,Person,PER,Ireland,IE,2015,2015,2
Annual,A,Total,TOTAL,Tunisia,TN,Person,PER,Ireland,IE,2016,2016,1
Annual,A,Total,TOTAL,Tunisia,TN,Person,PER,Ireland,IE,2017,2017,1
Annual,A,Total,TOTAL,Tunisia,TN,Person,PER,Ireland,IE,2018,2018,1
Annual,A,Total,TOTAL,Tunisia,TN,Person,PER,Ireland,IE,2019,2019,1
Annual,A,Total,TOTAL,Tunisia,TN,Person,PER,Ireland,IE,2020,2020,1
Annual,A,Total,TOTAL,Tunisia,TN,Person,PER,Ireland,IE,2021,2021,1
Annual,A,Total,TOTAL,Tunisia,TN,Person,PER,Ireland,IE,2022,2022,1
Annual,A,Total,TOTAL,Tunisia,TN,Person,PER,Ireland,IE,2023,2023,2
Annual,A,Total,TOTAL,Tunisia,TN,Person,PER,Ireland,IE,2024,2024,2
Annual,A,Total,TOTAL,Tunisia,TN,Person,PER,Ireland,IE,2025,2025,2
Annual,A,Total,TOTAL,Western Sahara,EH,Person,PER,Ireland,IE,2008,2008,0
Annual,A,Total,TOTAL,Western Sahara,EH,Person,PER,Ireland,IE,2009,2009,0
Annual,A,Total,TOTAL,Western Sahara,EH,Person,PER,Ireland,IE,2010,2010,0
Annual,A,Total,TOTAL,Western Sahara,EH,Person,PER,Ireland,IE,2011,2011,0
Annual,A,Total,TOTAL,Western Sahara,EH,Person,PER,Ireland,IE,2012,2012,0
Annual,A,Total,TOTAL,Western Sahara,EH,Person,PER,Ireland,IE,2013,2013,0
Annual,A,Total,TOTAL,Western Sahara,EH,Person,PER,Ireland,IE,2014,2014,0
Annual,A,Total,TOTAL,Western Sahara,EH,Person,PER,Ireland,IE,2015,2015,0
Annual,A,Total,TOTAL,Western Sahara,EH,Person,PER,Ireland,IE,2016,2016,0
Annual,A,Total,TOTAL,Western Sahara,EH,Person,PER,Ireland,IE,2017,2017,0
Annual,A,Total,TOTAL,Western Sahara,EH,Person,PER,Ireland,IE,2018,2018,0
Annual,A,Total,TOTAL,Western Sahara,EH,Person,PER,Ireland,IE,2019,2019,0
Annual,A,Total,TOTAL,Western Sahara,EH,Person,PER,Ireland,IE,2020,2020,0
Annual,A,Total,TOTAL,Western Sahara,EH,Person,PER,Ireland,IE,2021,2021,0
Annual,A,Total,TOTAL,Western Sahara,EH,Person,PER,Ireland,IE,2022,2022,0
Annual,A,Total,TOTAL,Western Sahara,EH,Person,PER,Ireland,IE,2023,2023,0
Annual,A,Total,TOTAL,Western Sahara,EH,Person,PER,Ireland,IE,2024,2024,0
Annual,A,Total,TOTAL,Western Sahara,EH,Person,PER,Ireland,IE,2025,2025,0
Annual,A,Total,TOTAL,Botswana,BW,Person,PER,Ireland,IE,2008,2008,2
Annual,A,Total,TOTAL,Botswana,BW,Person,PER,Ireland,IE,2009,2009,1
Annual,A,Total,TOTAL,Botswana,BW,Person,PER,Ireland,IE,2010,2010,4
Annual,A,Total,TOTAL,Botswana,BW,Person,PER,Ireland,IE,2011,2011,5
Annual,A,Total,TOTAL,Botswana,BW,Person,PER,Ireland,IE,2012,2012,7
Annual,A,Total,TOTAL,Botswana,BW,Person,PER,Ireland,IE,2013,2013,7
Annual,A,Total,TOTAL,Botswana,BW,Person,PER,Ireland,IE,2014,2014,7
Annual,A,Total,TOTAL,Botswana,BW,Person,PER,Ireland,IE,2015,2015,7
Annual,A,Total,TOTAL,Botswana,BW,Person,PER,Ireland,IE,2016,2016,7
Annual,A,Total,TOTAL,Botswana,BW,Person,PER,Ireland,IE,2017,2017,7
Annual,A,Total,TOTAL,Botswana,BW,Person,PER,Ireland,IE,2018,2018,7
Annual,A,Total,TOTAL,Botswana,BW,Person,PER,Ireland,IE,2019,2019,9
Annual,A,Total,TOTAL,Botswana,BW,Person,PER,Ireland,IE,2020,2020,8
Annual,A,Total,TOTAL,Botswana,BW,Person,PER,Ireland,IE,2021,2021,8
Annual,A,Total,TOTAL,Botswana,BW,Person,PER,Ireland,IE,2022,2022,9
Annual,A,Total,TOTAL,Botswana,BW,Person,PER,Ireland,IE,2023,2023,9
Annual,A,Total,TOTAL,Botswana,BW,Person,PER,Ireland,IE,2024,2024,8
Annual,A,Total,TOTAL,Botswana,BW,Person,PER,Ireland,IE,2025,2025,6
Annual,A,Total,TOTAL,Lesotho,LS,Person,PER,Ireland,IE,2008,2008,0
Annual,A,Total,TOTAL,Lesotho,LS,Person,PER,Ireland,IE,2009,2009,0
Annual,A,Total,TOTAL,Lesotho,LS,Person,PER,Ireland,IE,2010,2010,0
Annual,A,Total,TOTAL,Lesotho,LS,Person,PER,Ireland,IE,2011,2011,0
Annual,A,Total,TOTAL,Lesotho,LS,Person,PER,Ireland,IE,2012,2012,0
Annual,A,Total,TOTAL,Lesotho,LS,Person,PER,Ireland,IE,2013,2013,0
Annual,A,Total,TOTAL,Lesotho,LS,Person,PER,Ireland,IE,2014,2014,0
Annual,A,Total,TOTAL,Lesotho,LS,Person,PER,Ireland,IE,2015,2015,0
Annual,A,Total,TOTAL,Lesotho,LS,Person,PER,Ireland,IE,2016,2016,0
Annual,A,Total,TOTAL,Lesotho,LS,Person,PER,Ireland,IE,2017,2017,0
Annual,A,Total,TOTAL,Lesotho,LS,Person,PER,Ireland,IE,2018,2018,0
Annual,A,Total,TOTAL,Lesotho,LS,Person,PER,Ireland,IE,2019,2019,0
Annual,A,Total,TOTAL,Lesotho,LS,Person,PER,Ireland,IE,2020,2020,0
Annual,A,Total,TOTAL,Lesotho,LS,Person,PER,Ireland,IE,2021,2021,0
Annual,A,Total,TOTAL,Lesotho,LS,Person,PER,Ireland,IE,2022,2022,0
Annual,A,Total,TOTAL,Lesotho,LS,Person,PER,Ireland,IE,2023,2023,0
Annual,A,Total,TOTAL,Lesotho,LS,Person,PER,Ireland,IE,2024,2024,0
Annual,A,Total,TOTAL,Lesotho,LS,Person,PER,Ireland,IE,2025,2025,0
Annual,A,Total,TOTAL,Namibia,NA,Person,PER,Ireland,IE,2008,2008,0
Annual,A,Total,TOTAL,Namibia,NA,Person,PER,Ireland,IE,2009,2009,0
Annual,A,Total,TOTAL,Namibia,NA,Person,PER,Ireland,IE,2010,2010,0
Annual,A,Total,TOTAL,Namibia,NA,Person,PER,Ireland,IE,2011,2011,0
Annual,A,Total,TOTAL,Namibia,NA,Person,PER,Ireland,IE,2012,2012,0
Annual,A,Total,TOTAL,Namibia,NA,Person,PER,Ireland,IE,2013,2013,0
Annual,A,Total,TOTAL,Namibia,NA,Person,PER,Ireland,IE,2014,2014,0
Annual,A,Total,TOTAL,Namibia,NA,Person,PER,Ireland,IE,2015,2015,0
Annual,A,Total,TOTAL,Namibia,NA,Person,PER,Ireland,IE,2016,2016,0
Annual,A,Total,TOTAL,Namibia,NA,Person,PER,Ireland,IE,2017,2017,0
Annual,A,Total,TOTAL,Namibia,NA,Person,PER,Ireland,IE,2018,2018,0
Annual,A,Total,TOTAL,Namibia,NA,Person,PER,Ireland,IE,2019,2019,0
Annual,A,Total,TOTAL,Namibia,NA,Person,PER,Ireland,IE,2020,2020,0
Annual,A,Total,TOTAL,Namibia,NA,Person,PER,Ireland,IE,2021,2021,0
Annual,A,Total,TOTAL,Namibia,NA,Person,PER,Ireland,IE,2022,2022,0
Annual,A,Total,TOTAL,Namibia,NA,Person,PER,Ireland,IE,2023,2023,0
Annual,A,Total,TOTAL,Namibia,NA,Person,PER,Ireland,IE,2024,2024,0
Annual,A,Total,TOTAL,Namibia,NA,Person,PER,Ireland,IE,2025,2025,0
Annual,A,Total,TOTAL,South Africa,ZA,Person,PER,Ireland,IE,2008,2008,282
Annual,A,Total,TOTAL,South Africa,ZA,Person,PER,Ireland,IE,2009,2009,198
Annual,A,Total,TOTAL,South Africa,ZA,Person,PER,Ireland,IE,2010,2010,442
Annual,A,Total,TOTAL,South Africa,ZA,Person,PER,Ireland,IE,2011,2011,382
Annual,A,Total,TOTAL,South Africa,ZA,Person,PER,Ireland,IE,2012,2012,272
Annual,A,Total,TOTAL,South Africa,ZA,Person,PER,Ireland,IE,2013,2013,196
Annual,A,Total,TOTAL,South Africa,ZA,Person,PER,Ireland,IE,2014,2014,131
Annual,A,Total,TOTAL,South Africa,ZA,Person,PER,Ireland,IE,2015,2015,111
Annual,A,Total,TOTAL,South Africa,ZA,Person,PER,Ireland,IE,2016,2016,83
Annual,A,Total,TOTAL,South Africa,ZA,Person,PER,Ireland,IE,2017,2017,82
Annual,A,Total,TOTAL,South Africa,ZA,Person,PER,Ireland,IE,2018,2018,69
Annual,A,Total,TOTAL,South Africa,ZA,Person,PER,Ireland,IE,2019,2019,53
Annual,A,Total,TOTAL,South Africa,ZA,Person,PER,Ireland,IE,2020,2020,46
Annual,A,Total,TOTAL,South Africa,ZA,Person,PER,Ireland,IE,2021,2021,44
Annual,A,Total,TOTAL,South Africa,ZA,Person,PER,Ireland,IE,2022,2022,51
Annual,A,Total,TOTAL,South Africa,ZA,Person,PER,Ireland,IE,2023,2023,58
Annual,A,Total,TOTAL,South Africa,ZA,Person,PER,Ireland,IE,2024,2024,64
Annual,A,Total,TOTAL,South Africa,ZA,Person,PER,Ireland,IE,2025,2025,59
Annual,A,Total,TOTAL,Eswatini,SZ,Person,PER,Ireland,IE,2008,2008,1
Annual,A,Total,TOTAL,Eswatini,SZ,Person,PER,Ireland,IE,2009,2009,1
Annual,A,Total,TOTAL,Eswatini,SZ,Person,PER,Ireland,IE,2010,2010,0
Annual,A,Total,TOTAL,Eswatini,SZ,Person,PER,Ireland,IE,2011,2011,0
Annual,A,Total,TOTAL,Eswatini,SZ,Person,PER,Ireland,IE,2012,2012,0
Annual,A,Total,TOTAL,Eswatini,SZ,Person,PER,Ireland,IE,2013,2013,0
Annual,A,Total,TOTAL,Eswatini,SZ,Person,PER,Ireland,IE,2014,2014,0
Annual,A,Total,TOTAL,Eswatini,SZ,Person,PER,Ireland,IE,2015,2015,0
Annual,A,Total,TOTAL,Eswatini,SZ,Person,PER,Ireland,IE,2016,2016,0
Annual,A,Total,TOTAL,Eswatini,SZ,Person,PER,Ireland,IE,2017,2017,0
Annual,A,Total,TOTAL,Eswatini,SZ,Person,PER,Ireland,IE,2018,2018,0
Annual,A,Total,TOTAL,Eswatini,SZ,Person,PER,Ireland,IE,2019,2019,0
Annual,A,Total,TOTAL,Eswatini,SZ,Person,PER,Ireland,IE,2020,2020,0
Annual,A,Total,TOTAL,Eswatini,SZ,Person,PER,Ireland,IE,2021,2021,0
Annual,A,Total,TOTAL,Eswatini,SZ,Person,PER,Ireland,IE,2022,2022,0
Annual,A,Total,TOTAL,Eswatini,SZ,Person,PER,Ireland,IE,2023,2023,0
Annual,A,Total,TOTAL,Eswatini,SZ,Person,PER,Ireland,IE,2024,2024,0
Annual,A,Total,TOTAL,Eswatini,SZ,Person,PER,Ireland,IE,2025,2025,0
Annual,A,Total,TOTAL,Benin,BJ,Person,PER,Ireland,IE,2008,2008,0
Annual,A,Total,TOTAL,Benin,BJ,Person,PER,Ireland,IE,2009,2009,0
Annual,A,Total,TOTAL,Benin,BJ,Person,PER,Ireland,IE,2010,2010,0
Annual,A,Total,TOTAL,Benin,BJ,Person,PER,Ireland,IE,2011,2011,0
Annual,A,Total,TOTAL,Benin,BJ,Person,PER,Ireland,IE,2012,2012,0
Annual,A,Total,TOTAL,Benin,BJ,Person,PER,Ireland,IE,2013,2013,0
Annual,A,Total,TOTAL,Benin,BJ,Person,PER,Ireland,IE,2014,2014,0
Annual,A,Total,TOTAL,Benin,BJ,Person,PER,Ireland,IE,2015,2015,0
Annual,A,Total,TOTAL,Benin,BJ,Person,PER,Ireland,IE,2016,2016,0
Annual,A,Total,TOTAL,Benin,BJ,Person,PER,Ireland,IE,2017,2017,0
Annual,A,Total,TOTAL,Benin,BJ,Person,PER,Ireland,IE,2018,2018,0
Annual,A,Total,TOTAL,Benin,BJ,Person,PER,Ireland,IE,2019,2019,0
Annual,A,Total,TOTAL,Benin,BJ,Person,PER,Ireland,IE,2020,2020,0
Annual,A,Total,TOTAL,Benin,BJ,Person,PER,Ireland,IE,2021,2021,0
Annual,A,Total,TOTAL,Benin,BJ,Person,PER,Ireland,IE,2022,2022,0
Annual,A,Total,TOTAL,Benin,BJ,Person,PER,Ireland,IE,2023,2023,0
Annual,A,Total,TOTAL,Benin,BJ,Person,PER,Ireland,IE,2024,2024,0
Annual,A,Total,TOTAL,Benin,BJ,Person,PER,Ireland,IE,2025,2025,0
Annual,A,Total,TOTAL,Burkina Faso,BF,Person,PER,Ireland,IE,2008,2008,0
Annual,A,Total,TOTAL,Burkina Faso,BF,Person,PER,Ireland,IE,2009,2009,0
Annual,A,Total,TOTAL,Burkina Faso,BF,Person,PER,Ireland,IE,2010,2010,0
Annual,A,Total,TOTAL,Burkina Faso,BF,Person,PER,Ireland,IE,2011,2011,0
Annual,A,Total,TOTAL,Burkina Faso,BF,Person,PER,Ireland,IE,2012,2012,0
Annual,A,Total,TOTAL,Burkina Faso,BF,Person,PER,Ireland,IE,2013,2013,0
Annual,A,Total,TOTAL,Burkina Faso,BF,Person,PER,Ireland,IE,2014,2014,0
Annual,A,Total,TOTAL,Burkina Faso,BF,Person,PER,Ireland,IE,2015,2015,0
Annual,A,Total,TOTAL,Burkina Faso,BF,Person,PER,Ireland,IE,2016,2016,0
Annual,A,Total,TOTAL,Burkina Faso,BF,Person,PER,Ireland,IE,2017,2017,0
Annual,A,Total,TOTAL,Burkina Faso,BF,Person,PER,Ireland,IE,2018,2018,0
Annual,A,Total,TOTAL,Burkina Faso,BF,Person,PER,Ireland,IE,2019,2019,0
Annual,A,Total,TOTAL,Burkina Faso,BF,Person,PER,Ireland,IE,2020,2020,0
Annual,A,Total,TOTAL,Burkina Faso,BF,Person,PER,Ireland,IE,2021,2021,0
Annual,A,Total,TOTAL,Burkina Faso,BF,Person,PER,Ireland,IE,2022,2022,0
Annual,A,Total,TOTAL,Burkina Faso,BF,Person,PER,Ireland,IE,2023,2023,0
Annual,A,Total,TOTAL,Burkina Faso,BF,Person,PER,Ireland,IE,2024,2024,0
Annual,A,Total,TOTAL,Burkina Faso,BF,Person,PER,Ireland,IE,2025,2025,0
Annual,A,Total,TOTAL,Cabo Verde,CV,Person,PER,Ireland,IE,2008,2008,0
Annual,A,Total,TOTAL,Cabo Verde,CV,Person,PER,Ireland,IE,2009,2009,0
Annual,A,Total,TOTAL,Cabo Verde,CV,Person,PER,Ireland,IE,2010,2010,0
Annual,A,Total,TOTAL,Cabo Verde,CV,Person,PER,Ireland,IE,2011,2011,0
Annual,A,Total,TOTAL,Cabo Verde,CV,Person,PER,Ireland,IE,2012,2012,0
Annual,A,Total,TOTAL,Cabo Verde,CV,Person,PER,Ireland,IE,2013,2013,0
Annual,A,Total,TOTAL,Cabo Verde,CV,Person,PER,Ireland,IE,2014,2014,0
Annual,A,Total,TOTAL,Cabo Verde,CV,Person,PER,Ireland,IE,2015,2015,0
Annual,A,Total,TOTAL,Cabo Verde,CV,Person,PER,Ireland,IE,2016,2016,0
Annual,A,Total,TOTAL,Cabo Verde,CV,Person,PER,Ireland,IE,2017,2017,0
Annual,A,Total,TOTAL,Cabo Verde,CV,Person,PER,Ireland,IE,2018,2018,0
Annual,A,Total,TOTAL,Cabo Verde,CV,Person,PER,Ireland,IE,2019,2019,0
Annual,A,Total,TOTAL,Cabo Verde,CV,Person,PER,Ireland,IE,2020,2020,0
Annual,A,Total,TOTAL,Cabo Verde,CV,Person,PER,Ireland,IE,2021,2021,0
Annual,A,Total,TOTAL,Cabo Verde,CV,Person,PER,Ireland,IE,2022,2022,0
Annual,A,Total,TOTAL,Cabo Verde,CV,Person,PER,Ireland,IE,2023,2023,0
Annual,A,Total,TOTAL,Cabo Verde,CV,Person,PER,Ireland,IE,2024,2024,0
Annual,A,Total,TOTAL,Cabo Verde,CV,Person,PER,Ireland,IE,2025,2025,0
Annual,A,Total,TOTAL,Côte d’Ivoire,CI,Person,PER,Ireland,IE,2008,2008,10
Annual,A,Total,TOTAL,Côte d’Ivoire,CI,Person,PER,Ireland,IE,2009,2009,4
Annual,A,Total,TOTAL,Côte d’Ivoire,CI,Person,PER,Ireland,IE,2010,2010,0
Annual,A,Total,TOTAL,Côte d’Ivoire,CI,Person,PER,Ireland,IE,2011,2011,0
Annual,A,Total,TOTAL,Côte d’Ivoire,CI,Person,PER,Ireland,IE,2012,2012,1
Annual,A,Total,TOTAL,Côte d’Ivoire,CI,Person,PER,Ireland,IE,2013,2013,1
Annual,A,Total,TOTAL,Côte d’Ivoire,CI,Person,PER,Ireland,IE,2014,2014,0
Annual,A,Total,TOTAL,Côte d’Ivoire,CI,Person,PER,Ireland,IE,2015,2015,0
Annual,A,Total,TOTAL,Côte d’Ivoire,CI,Person,PER,Ireland,IE,2016,2016,0
Annual,A,Total,TOTAL,Côte d’Ivoire,CI,Person,PER,Ireland,IE,2017,2017,0
Annual,A,Total,TOTAL,Côte d’Ivoire,CI,Person,PER,Ireland,IE,2018,2018,0
Annual,A,Total,TOTAL,Côte d’Ivoire,CI,Person,PER,Ireland,IE,2019,2019,0
Annual,A,Total,TOTAL,Côte d’Ivoire,CI,Person,PER,Ireland,IE,2020,2020,0
Annual,A,Total,TOTAL,Côte d’Ivoire,CI,Person,PER,Ireland,IE,2021,2021,0
Annual,A,Total,TOTAL,Côte d’Ivoire,CI,Person,PER,Ireland,IE,2022,2022,0
Annual,A,Total,TOTAL,Côte d’Ivoire,CI,Person,PER,Ireland,IE,2023,2023,0
Annual,A,Total,TOTAL,Côte d’Ivoire,CI,Person,PER,Ireland,IE,2024,2024,0
Annual,A,Total,TOTAL,Côte d’Ivoire,CI,Person,PER,Ireland,IE,2025,2025,0
Annual,A,Total,TOTAL,"Gambia, The",GM,Person,PER,Ireland,IE,2008,2008,0
Annual,A,Total,TOTAL,"Gambia, The",GM,Person,PER,Ireland,IE,2009,2009,0
Annual,A,Total,TOTAL,"Gambia, The",GM,Person,PER,Ireland,IE,2010,2010,0
Annual,A,Total,TOTAL,"Gambia, The",GM,Person,PER,Ireland,IE,2011,2011,1
Annual,A,Total,TOTAL,"Gambia, The",GM,Person,PER,Ireland,IE,2012,2012,0
Annual,A,Total,TOTAL,"Gambia, The",GM,Person,PER,Ireland,IE,2013,2013,0
Annual,A,Total,TOTAL,"Gambia, The",GM,Person,PER,Ireland,IE,2014,2014,0
Annual,A,Total,TOTAL,"Gambia, The",GM,Person,PER,Ireland,IE,2015,2015,0
Annual,A,Total,TOTAL,"Gambia, The",GM,Person,PER,Ireland,IE,2016,2016,0
Annual,A,Total,TOTAL,"Gambia, The",GM,Person,PER,Ireland,IE,2017,2017,0
Annual,A,Total,TOTAL,"Gambia, The",GM,Person,PER,Ireland,IE,2018,2018,0
Annual,A,Total,TOTAL,"Gambia, The",GM,Person,PER,Ireland,IE,2019,2019,0
Annual,A,Total,TOTAL,"Gambia, The",GM,Person,PER,Ireland,IE,2020,2020,0
Annual,A,Total,TOTAL,"Gambia, The",GM,Person,PER,Ireland,IE,2021,2021,0
Annual,A,Total,TOTAL,"Gambia, The",GM,Person,PER,Ireland,IE,2022,2022,0
Annual,A,Total,TOTAL,"Gambia, The",GM,Person,PER,Ireland,IE,2023,2023,0
Annual,A,Total,TOTAL,"Gambia, The",GM,Person,PER,Ireland,IE,2024,2024,0
Annual,A,Total,TOTAL,"Gambia, The",GM,Person,PER,Ireland,IE,2025,2025,0
Annual,A,Total,TOTAL,Ghana,GH,Person,PER,Ireland,IE,2008,2008,55
Annual,A,Total,TOTAL,Ghana,GH,Person,PER,Ireland,IE,2009,2009,27
Annual,A,Total,TOTAL,Ghana,GH,Person,PER,Ireland,IE,2010,2010,2
Annual,A,Total,TOTAL,Ghana,GH,Person,PER,Ireland,IE,2011,2011,2
Annual,A,Total,TOTAL,Ghana,GH,Person,PER,Ireland,IE,2012,2012,1
Annual,A,Total,TOTAL,Ghana,GH,Person,PER,Ireland,IE,2013,2013,0
Annual,A,Total,TOTAL,Ghana,GH,Person,PER,Ireland,IE,2014,2014,0
Annual,A,Total,TOTAL,Ghana,GH,Person,PER,Ireland,IE,2015,2015,0
Annual,A,Total,TOTAL,Ghana,GH,Person,PER,Ireland,IE,2016,2016,0
Annual,A,Total,TOTAL,Ghana,GH,Person,PER,Ireland,IE,2017,2017,0
Annual,A,Total,TOTAL,Ghana,GH,Person,PER,Ireland,IE,2018,2018,0
Annual,A,Total,TOTAL,Ghana,GH,Person,PER,Ireland,IE,2019,2019,0
Annual,A,Total,TOTAL,Ghana,GH,Person,PER,Ireland,IE,2020,2020,0
Annual,A,Total,TOTAL,Ghana,GH,Person,PER,Ireland,IE,2021,2021,0
Annual,A,Total,TOTAL,Ghana,GH,Person,PER,Ireland,IE,2022,2022,1
Annual,A,Total,TOTAL,Ghana,GH,Person,PER,Ireland,IE,2023,2023,1
Annual,A,Total,TOTAL,Ghana,GH,Person,PER,Ireland,IE,2024,2024,2
Annual,A,Total,TOTAL,Ghana,GH,Person,PER,Ireland,IE,2025,2025,2
Annual,A,Total,TOTAL,Guinea,GN,Person,PER,Ireland,IE,2008,2008,0
Annual,A,Total,TOTAL,Guinea,GN,Person,PER,Ireland,IE,2009,2009,0
Annual,A,Total,TOTAL,Guinea,GN,Person,PER,Ireland,IE,2010,2010,0
Annual,A,Total,TOTAL,Guinea,GN,Person,PER,Ireland,IE,2011,2011,0
Annual,A,Total,TOTAL,Guinea,GN,Person,PER,Ireland,IE,2012,2012,0
Annual,A,Total,TOTAL,Guinea,GN,Person,PER,Ireland,IE,2013,2013,0
Annual,A,Total,TOTAL,Guinea,GN,Person,PER,Ireland,IE,2014,2014,0
Annual,A,Total,TOTAL,Guinea,GN,Person,PER,Ireland,IE,2015,2015,0
Annual,A,Total,TOTAL,Guinea,GN,Person,PER,Ireland,IE,2016,2016,0
Annual,A,Total,TOTAL,Guinea,GN,Person,PER,Ireland,IE,2017,2017,0
Annual,A,Total,TOTAL,Guinea,GN,Person,PER,Ireland,IE,2018,2018,0
Annual,A,Total,TOTAL,Guinea,GN,Person,PER,Ireland,IE,2019,2019,0
Annual,A,Total,TOTAL,Guinea,GN,Person,PER,Ireland,IE,2020,2020,0
Annual,A,Total,TOTAL,Guinea,GN,Person,PER,Ireland,IE,2021,2021,0
Annual,A,Total,TOTAL,Guinea,GN,Person,PER,Ireland,IE,2022,2022,0
Annual,A,Total,TOTAL,Guinea,GN,Person,PER,Ireland,IE,2023,2023,0
Annual,A,Total,TOTAL,Guinea,GN,Person,PER,Ireland,IE,2024,2024,0
Annual,A,Total,TOTAL,Guinea,GN,Person,PER,Ireland,IE,2025,2025,0
Annual,A,Total,TOTAL,Guinea-Bissau,GW,Person,PER,Ireland,IE,2008,2008,0
Annual,A,Total,TOTAL,Guinea-Bissau,GW,Person,PER,Ireland,IE,2009,2009,0
Annual,A,Total,TOTAL,Guinea-Bissau,GW,Person,PER,Ireland,IE,2010,2010,0
Annual,A,Total,TOTAL,Guinea-Bissau,GW,Person,PER,Ireland,IE,2011,2011,0
Annual,A,Total,TOTAL,Guinea-Bissau,GW,Person,PER,Ireland,IE,2012,2012,0
Annual,A,Total,TOTAL,Guinea-Bissau,GW,Person,PER,Ireland,IE,2013,2013,0
Annual,A,Total,TOTAL,Guinea-Bissau,GW,Person,PER,Ireland,IE,2014,2014,0
Annual,A,Total,TOTAL,Guinea-Bissau,GW,Person,PER,Ireland,IE,2015,2015,0
Annual,A,Total,TOTAL,Guinea-Bissau,GW,Person,PER,Ireland,IE,2016,2016,0
Annual,A,Total,TOTAL,Guinea-Bissau,GW,Person,PER,Ireland,IE,2017,2017,0
Annual,A,Total,TOTAL,Guinea-Bissau,GW,Person,PER,Ireland,IE,2018,2018,0
Annual,A,Total,TOTAL,Guinea-Bissau,GW,Person,PER,Ireland,IE,2019,2019,0
Annual,A,Total,TOTAL,Guinea-Bissau,GW,Person,PER,Ireland,IE,2020,2020,0
Annual,A,Total,TOTAL,Guinea-Bissau,GW,Person,PER,Ireland,IE,2021,2021,0
Annual,A,Total,TOTAL,Guinea-Bissau,GW,Person,PER,Ireland,IE,2022,2022,0
Annual,A,Total,TOTAL,Guinea-Bissau,GW,Person,PER,Ireland,IE,2023,2023,0
Annual,A,Total,TOTAL,Guinea-Bissau,GW,Person,PER,Ireland,IE,2024,2024,0
Annual,A,Total,TOTAL,Guinea-Bissau,GW,Person,PER,Ireland,IE,2025,2025,0
Annual,A,Total,TOTAL,Liberia,LR,Person,PER,Ireland,IE,2008,2008,0
Annual,A,Total,TOTAL,Liberia,LR,Person,PER,Ireland,IE,2009,2009,0
Annual,A,Total,TOTAL,Liberia,LR,Person,PER,Ireland,IE,2010,2010,0
Annual,A,Total,TOTAL,Liberia,LR,Person,PER,Ireland,IE,2011,2011,0
Annual,A,Total,TOTAL,Liberia,LR,Person,PER,Ireland,IE,2012,2012,0
Annual,A,Total,TOTAL,Liberia,LR,Person,PER,Ireland,IE,2013,2013,0
Annual,A,Total,TOTAL,Liberia,LR,Person,PER,Ireland,IE,2014,2014,0
Annual,A,Total,TOTAL,Liberia,LR,Person,PER,Ireland,IE,2015,2015,0
Annual,A,Total,TOTAL,Liberia,LR,Person,PER,Ireland,IE,2016,2016,0
Annual,A,Total,TOTAL,Liberia,LR,Person,PER,Ireland,IE,2017,2017,0
Annual,A,Total,TOTAL,Liberia,LR,Person,PER,Ireland,IE,2018,2018,0
Annual,A,Total,TOTAL,Liberia,LR,Person,PER,Ireland,IE,2019,2019,0
Annual,A,Total,TOTAL,Liberia,LR,Person,PER,Ireland,IE,2020,2020,0
Annual,A,Total,TOTAL,Liberia,LR,Person,PER,Ireland,IE,2021,2021,0
Annual,A,Total,TOTAL,Liberia,LR,Person,PER,Ireland,IE,2022,2022,0
Annual,A,Total,TOTAL,Liberia,LR,Person,PER,Ireland,IE,2023,2023,0
Annual,A,Total,TOTAL,Liberia,LR,Person,PER,Ireland,IE,2024,2024,0
Annual,A,Total,TOTAL,Liberia,LR,Person,PER,Ireland,IE,2025,2025,0
Annual,A,Total,TOTAL,Mali,ML,Person,PER,Ireland,IE,2008,2008,0
Annual,A,Total,TOTAL,Mali,ML,Person,PER,Ireland,IE,2009,2009,0
Annual,A,Total,TOTAL,Mali,ML,Person,PER,Ireland,IE,2010,2010,0
Annual,A,Total,TOTAL,Mali,ML,Person,PER,Ireland,IE,2011,2011,0
Annual,A,Total,TOTAL,Mali,ML,Person,PER,Ireland,IE,2012,2012,0
Annual,A,Total,TOTAL,Mali,ML,Person,PER,Ireland,IE,2013,2013,0
Annual,A,Total,TOTAL,Mali,ML,Person,PER,Ireland,IE,2014,2014,0
Annual,A,Total,TOTAL,Mali,ML,Person,PER,Ireland,IE,2015,2015,0
Annual,A,Total,TOTAL,Mali,ML,Person,PER,Ireland,IE,2016,2016,0
Annual,A,Total,TOTAL,Mali,ML,Person,PER,Ireland,IE,2017,2017,0
Annual,A,Total,TOTAL,Mali,ML,Person,PER,Ireland,IE,2018,2018,0
Annual,A,Total,TOTAL,Mali,ML,Person,PER,Ireland,IE,2019,2019,0
Annual,A,Total,TOTAL,Mali,ML,Person,PER,Ireland,IE,2020,2020,0
Annual,A,Total,TOTAL,Mali,ML,Person,PER,Ireland,IE,2021,2021,0
Annual,A,Total,TOTAL,Mali,ML,Person,PER,Ireland,IE,2022,2022,0
Annual,A,Total,TOTAL,Mali,ML,Person,PER,Ireland,IE,2023,2023,0
Annual,A,Total,TOTAL,Mali,ML,Person,PER,Ireland,IE,2024,2024,0
Annual,A,Total,TOTAL,Mali,ML,Person,PER,Ireland,IE,2025,2025,0
Annual,A,Total,TOTAL,Mauritania,MR,Person,PER,Ireland,IE,2008,2008,1
Annual,A,Total,TOTAL,Mauritania,MR,Person,PER,Ireland,IE,2009,2009,0
Annual,A,Total,TOTAL,Mauritania,MR,Person,PER,Ireland,IE,2010,2010,0
Annual,A,Total,TOTAL,Mauritania,MR,Person,PER,Ireland,IE,2011,2011,0
Annual,A,Total,TOTAL,Mauritania,MR,Person,PER,Ireland,IE,2012,2012,0
Annual,A,Total,TOTAL,Mauritania,MR,Person,PER,Ireland,IE,2013,2013,0
Annual,A,Total,TOTAL,Mauritania,MR,Person,PER,Ireland,IE,2014,2014,0
Annual,A,Total,TOTAL,Mauritania,MR,Person,PER,Ireland,IE,2015,2015,0
Annual,A,Total,TOTAL,Mauritania,MR,Person,PER,Ireland,IE,2016,2016,0
Annual,A,Total,TOTAL,Mauritania,MR,Person,PER,Ireland,IE,2017,2017,0
Annual,A,Total,TOTAL,Mauritania,MR,Person,PER,Ireland,IE,2018,2018,0
Annual,A,Total,TOTAL,Mauritania,MR,Person,PER,Ireland,IE,2019,2019,0
Annual,A,Total,TOTAL,Mauritania,MR,Person,PER,Ireland,IE,2020,2020,0
Annual,A,Total,TOTAL,Mauritania,MR,Person,PER,Ireland,IE,2021,2021,0
Annual,A,Total,TOTAL,Mauritania,MR,Person,PER,Ireland,IE,2022,2022,0
Annual,A,Total,TOTAL,Mauritania,MR,Person,PER,Ireland,IE,2023,2023,0
Annual,A,Total,TOTAL,Mauritania,MR,Person,PER,Ireland,IE,2024,2024,0
Annual,A,Total,TOTAL,Mauritania,MR,Person,PER,Ireland,IE,2025,2025,0
Annual,A,Total,TOTAL,Niger,NE,Person,PER,Ireland,IE,2008,2008,0
Annual,A,Total,TOTAL,Niger,NE,Person,PER,Ireland,IE,2009,2009,0
Annual,A,Total,TOTAL,Niger,NE,Person,PER,Ireland,IE,2010,2010,0
Annual,A,Total,TOTAL,Niger,NE,Person,PER,Ireland,IE,2011,2011,0
Annual,A,Total,TOTAL,Niger,NE,Person,PER,Ireland,IE,2012,2012,0
Annual,A,Total,TOTAL,Niger,NE,Person,PER,Ireland,IE,2013,2013,0
Annual,A,Total,TOTAL,Niger,NE,Person,PER,Ireland,IE,2014,2014,0
Annual,A,Total,TOTAL,Niger,NE,Person,PER,Ireland,IE,2015,2015,0
Annual,A,Total,TOTAL,Niger,NE,Person,PER,Ireland,IE,2016,2016,0
Annual,A,Total,TOTAL,Niger,NE,Person,PER,Ireland,IE,2017,2017,0
Annual,A,Total,TOTAL,Niger,NE,Person,PER,Ireland,IE,2018,2018,0
Annual,A,Total,TOTAL,Niger,NE,Person,PER,Ireland,IE,2019,2019,0
Annual,A,Total,TOTAL,Niger,NE,Person,PER,Ireland,IE,2020,2020,0
Annual,A,Total,TOTAL,Niger,NE,Person,PER,Ireland,IE,2021,2021,0
Annual,A,Total,TOTAL,Niger,NE,Person,PER,Ireland,IE,2022,2022,0
Annual,A,Total,TOTAL,Niger,NE,Person,PER,Ireland,IE,2023,2023,0
Annual,A,Total,TOTAL,Niger,NE,Person,PER,Ireland,IE,2024,2024,0
Annual,A,Total,TOTAL,Niger,NE,Person,PER,Ireland,IE,2025,2025,0
Annual,A,Total,TOTAL,Nigeria,NG,Person,PER,Ireland,IE,2008,2008,1064
Annual,A,Total,TOTAL,Nigeria,NG,Person,PER,Ireland,IE,2009,2009,986
Annual,A,Total,TOTAL,Nigeria,NG,Person,PER,Ireland,IE,2010,2010,42
Annual,A,Total,TOTAL,Nigeria,NG,Person,PER,Ireland,IE,2011,2011,29
Annual,A,Total,TOTAL,Nigeria,NG,Person,PER,Ireland,IE,2012,2012,12
Annual,A,Total,TOTAL,Nigeria,NG,Person,PER,Ireland,IE,2013,2013,3
Annual,A,Total,TOTAL,Nigeria,NG,Person,PER,Ireland,IE,2014,2014,2
Annual,A,Total,TOTAL,Nigeria,NG,Person,PER,Ireland,IE,2015,2015,4
Annual,A,Total,TOTAL,Nigeria,NG,Person,PER,Ireland,IE,2016,2016,3
Annual,A,Total,TOTAL,Nigeria,NG,Person,PER,Ireland,IE,2017,2017,4
Annual,A,Total,TOTAL,Nigeria,NG,Person,PER,Ireland,IE,2018,2018,5
Annual,A,Total,TOTAL,Nigeria,NG,Person,PER,Ireland,IE,2019,2019,6
Annual,A,Total,TOTAL,Nigeria,NG,Person,PER,Ireland,IE,2020,2020,6
Annual,A,Total,TOTAL,Nigeria,NG,Person,PER,Ireland,IE,2021,2021,3
Annual,A,Total,TOTAL,Nigeria,NG,Person,PER,Ireland,IE,2022,2022,12
Annual,A,Total,TOTAL,Nigeria,NG,Person,PER,Ireland,IE,2023,2023,14
Annual,A,Total,TOTAL,Nigeria,NG,Person,PER,Ireland,IE,2024,2024,14
Annual,A,Total,TOTAL,Nigeria,NG,Person,PER,Ireland,IE,2025,2025,11
Annual,A,Total,TOTAL,Senegal,SN,Person,PER,Ireland,IE,2008,2008,0
Annual,A,Total,TOTAL,Senegal,SN,Person,PER,Ireland,IE,2009,2009,0
Annual,A,Total,TOTAL,Senegal,SN,Person,PER,Ireland,IE,2010,2010,0
Annual,A,Total,TOTAL,Senegal,SN,Person,PER,Ireland,IE,2011,2011,0
Annual,A,Total,TOTAL,Senegal,SN,Person,PER,Ireland,IE,2012,2012,0
Annual,A,Total,TOTAL,Senegal,SN,Person,PER,Ireland,IE,2013,2013,0
Annual,A,Total,TOTAL,Senegal,SN,Person,PER,Ireland,IE,2014,2014,0
Annual,A,Total,TOTAL,Senegal,SN,Person,PER,Ireland,IE,2015,2015,0
Annual,A,Total,TOTAL,Senegal,SN,Person,PER,Ireland,IE,2016,2016,0
Annual,A,Total,TOTAL,Senegal,SN,Person,PER,Ireland,IE,2017,2017,0
Annual,A,Total,TOTAL,Senegal,SN,Person,PER,Ireland,IE,2018,2018,0
Annual,A,Total,TOTAL,Senegal,SN,Person,PER,Ireland,IE,2019,2019,0
Annual,A,Total,TOTAL,Senegal,SN,Person,PER,Ireland,IE,2020,2020,0
Annual,A,Total,TOTAL,Senegal,SN,Person,PER,Ireland,IE,2021,2021,0
Annual,A,Total,TOTAL,Senegal,SN,Person,PER,Ireland,IE,2022,2022,1
Annual,A,Total,TOTAL,Senegal,SN,Person,PER,Ireland,IE,2023,2023,1
Annual,A,Total,TOTAL,Senegal,SN,Person,PER,Ireland,IE,2024,2024,1
Annual,A,Total,TOTAL,Senegal,SN,Person,PER,Ireland,IE,2025,2025,1
Annual,A,Total,TOTAL,Sierra Leone,SL,Person,PER,Ireland,IE,2008,2008,10
Annual,A,Total,TOTAL,Sierra Leone,SL,Person,PER,Ireland,IE,2009,2009,4
Annual,A,Total,TOTAL,Sierra Leone,SL,Person,PER,Ireland,IE,2010,2010,1
Annual,A,Total,TOTAL,Sierra Leone,SL,Person,PER,Ireland,IE,2011,2011,0
Annual,A,Total,TOTAL,Sierra Leone,SL,Person,PER,Ireland,IE,2012,2012,0
Annual,A,Total,TOTAL,Sierra Leone,SL,Person,PER,Ireland,IE,2013,2013,0
Annual,A,Total,TOTAL,Sierra Leone,SL,Person,PER,Ireland,IE,2014,2014,0
Annual,A,Total,TOTAL,Sierra Leone,SL,Person,PER,Ireland,IE,2015,2015,0
Annual,A,Total,TOTAL,Sierra Leone,SL,Person,PER,Ireland,IE,2016,2016,0
Annual,A,Total,TOTAL,Sierra Leone,SL,Person,PER,Ireland,IE,2017,2017,0
Annual,A,Total,TOTAL,Sierra Leone,SL,Person,PER,Ireland,IE,2018,2018,0
Annual,A,Total,TOTAL,Sierra Leone,SL,Person,PER,Ireland,IE,2019,2019,0
Annual,A,Total,TOTAL,Sierra Leone,SL,Person,PER,Ireland,IE,2020,2020,0
Annual,A,Total,TOTAL,Sierra Leone,SL,Person,PER,Ireland,IE,2021,2021,0
Annual,A,Total,TOTAL,Sierra Leone,SL,Person,PER,Ireland,IE,2022,2022,0
Annual,A,Total,TOTAL,Sierra Leone,SL,Person,PER,Ireland,IE,2023,2023,0
Annual,A,Total,TOTAL,Sierra Leone,SL,Person,PER,Ireland,IE,2024,2024,0
Annual,A,Total,TOTAL,Sierra Leone,SL,Person,PER,Ireland,IE,2025,2025,0
Annual,A,Total,TOTAL,Togo,TG,Person,PER,Ireland,IE,2008,2008,5
Annual,A,Total,TOTAL,Togo,TG,Person,PER,Ireland,IE,2009,2009,3
Annual,A,Total,TOTAL,Togo,TG,Person,PER,Ireland,IE,2010,2010,0
Annual,A,Total,TOTAL,Togo,TG,Person,PER,Ireland,IE,2011,2011,0
Annual,A,Total,TOTAL,Togo,TG,Person,PER,Ireland,IE,2012,2012,0
Annual,A,Total,TOTAL,Togo,TG,Person,PER,Ireland,IE,2013,2013,0
Annual,A,Total,TOTAL,Togo,TG,Person,PER,Ireland,IE,2014,2014,0
Annual,A,Total,TOTAL,Togo,TG,Person,PER,Ireland,IE,2015,2015,0
Annual,A,Total,TOTAL,Togo,TG,Person,PER,Ireland,IE,2016,2016,0
Annual,A,Total,TOTAL,Togo,TG,Person,PER,Ireland,IE,2017,2017,0
Annual,A,Total,TOTAL,Togo,TG,Person,PER,Ireland,IE,2018,2018,0
Annual,A,Total,TOTAL,Togo,TG,Person,PER,Ireland,IE,2019,2019,0
Annual,A,Total,TOTAL,Togo,TG,Person,PER,Ireland,IE,2020,2020,0
Annual,A,Total,TOTAL,Togo,TG,Person,PER,Ireland,IE,2021,2021,0
Annual,A,Total,TOTAL,Togo,TG,Person,PER,Ireland,IE,2022,2022,0
Annual,A,Total,TOTAL,Togo,TG,Person,PER,Ireland,IE,2023,2023,0
Annual,A,Total,TOTAL,Togo,TG,Person,PER,Ireland,IE,2024,2024,0
Annual,A,Total,TOTAL,Togo,TG,Person,PER,Ireland,IE,2025,2025,0
Annual,A,Total,TOTAL,Canada,CA,Person,PER,Ireland,IE,2008,2008,7
Annual,A,Total,TOTAL,Canada,CA,Person,PER,Ireland,IE,2009,2009,5
Annual,A,Total,TOTAL,Canada,CA,Person,PER,Ireland,IE,2010,2010,15
Annual,A,Total,TOTAL,Canada,CA,Person,PER,Ireland,IE,2011,2011,14
Annual,A,Total,TOTAL,Canada,CA,Person,PER,Ireland,IE,2012,2012,13
Annual,A,Total,TOTAL,Canada,CA,Person,PER,Ireland,IE,2013,2013,10
Annual,A,Total,TOTAL,Canada,CA,Person,PER,Ireland,IE,2014,2014,9
Annual,A,Total,TOTAL,Canada,CA,Person,PER,Ireland,IE,2015,2015,9
Annual,A,Total,TOTAL,Canada,CA,Person,PER,Ireland,IE,2016,2016,9
Annual,A,Total,TOTAL,Canada,CA,Person,PER,Ireland,IE,2017,2017,10
Annual,A,Total,TOTAL,Canada,CA,Person,PER,Ireland,IE,2018,2018,10
Annual,A,Total,TOTAL,Canada,CA,Person,PER,Ireland,IE,2019,2019,10
Annual,A,Total,TOTAL,Canada,CA,Person,PER,Ireland,IE,2020,2020,10
Annual,A,Total,TOTAL,Canada,CA,Person,PER,Ireland,IE,2021,2021,11
Annual,A,Total,TOTAL,Canada,CA,Person,PER,Ireland,IE,2022,2022,9
Annual,A,Total,TOTAL,Canada,CA,Person,PER,Ireland,IE,2023,2023,13
Annual,A,Total,TOTAL,Canada,CA,Person,PER,Ireland,IE,2024,2024,14
Annual,A,Total,TOTAL,Canada,CA,Person,PER,Ireland,IE,2025,2025,13
Annual,A,Total,TOTAL,United States,US,Person,PER,Ireland,IE,2008,2008,1073
Annual,A,Total,TOTAL,United States,US,Person,PER,Ireland,IE,2009,2009,481
Annual,A,Total,TOTAL,United States,US,Person,PER,Ireland,IE,2010,2010,33
Annual,A,Total,TOTAL,United States,US,Person,PER,Ireland,IE,2011,2011,33
Annual,A,Total,TOTAL,United States,US,Person,PER,Ireland,IE,2012,2012,30
Annual,A,Total,TOTAL,United States,US,Person,PER,Ireland,IE,2013,2013,20
Annual,A,Total,TOTAL,United States,US,Person,PER,Ireland,IE,2014,2014,20
Annual,A,Total,TOTAL,United States,US,Person,PER,Ireland,IE,2015,2015,20
Annual,A,Total,TOTAL,United States,US,Person,PER,Ireland,IE,2016,2016,15
Annual,A,Total,TOTAL,United States,US,Person,PER,Ireland,IE,2017,2017,17
Annual,A,Total,TOTAL,United States,US,Person,PER,Ireland,IE,2018,2018,11
Annual,A,Total,TOTAL,United States,US,Person,PER,Ireland,IE,2019,2019,9
Annual,A,Total,TOTAL,United States,US,Person,PER,Ireland,IE,2020,2020,8
Annual,A,Total,TOTAL,United States,US,Person,PER,Ireland,IE,2021,2021,13
Annual,A,Total,TOTAL,United States,US,Person,PER,Ireland,IE,2022,2022,21
Annual,A,Total,TOTAL,United States,US,Person,PER,Ireland,IE,2023,2023,29
Annual,A,Total,TOTAL,United States,US,Person,PER,Ireland,IE,2024,2024,34
Annual,A,Total,TOTAL,United States,US,Person,PER,Ireland,IE,2025,2025,39
Annual,A,Total,TOTAL,Antigua and Barbuda,AG,Person,PER,Ireland,IE,2008,2008,0
Annual,A,Total,TOTAL,Antigua and Barbuda,AG,Person,PER,Ireland,IE,2009,2009,0
Annual,A,Total,TOTAL,Antigua and Barbuda,AG,Person,PER,Ireland,IE,2010,2010,0
Annual,A,Total,TOTAL,Antigua and Barbuda,AG,Person,PER,Ireland,IE,2011,2011,0
Annual,A,Total,TOTAL,Antigua and Barbuda,AG,Person,PER,Ireland,IE,2012,2012,0
Annual,A,Total,TOTAL,Antigua and Barbuda,AG,Person,PER,Ireland,IE,2013,2013,0
Annual,A,Total,TOTAL,Antigua and Barbuda,AG,Person,PER,Ireland,IE,2014,2014,0
Annual,A,Total,TOTAL,Antigua and Barbuda,AG,Person,PER,Ireland,IE,2015,2015,0
Annual,A,Total,TOTAL,Antigua and Barbuda,AG,Person,PER,Ireland,IE,2016,2016,0
Annual,A,Total,TOTAL,Antigua and Barbuda,AG,Person,PER,Ireland,IE,2017,2017,0
Annual,A,Total,TOTAL,Antigua and Barbuda,AG,Person,PER,Ireland,IE,2018,2018,0
Annual,A,Total,TOTAL,Antigua and Barbuda,AG,Person,PER,Ireland,IE,2019,2019,0
Annual,A,Total,TOTAL,Antigua and Barbuda,AG,Person,PER,Ireland,IE,2020,2020,0
Annual,A,Total,TOTAL,Antigua and Barbuda,AG,Person,PER,Ireland,IE,2021,2021,0
Annual,A,Total,TOTAL,Antigua and Barbuda,AG,Person,PER,Ireland,IE,2022,2022,0
Annual,A,Total,TOTAL,Antigua and Barbuda,AG,Person,PER,Ireland,IE,2023,2023,0
Annual,A,Total,TOTAL,Antigua and Barbuda,AG,Person,PER,Ireland,IE,2024,2024,0
Annual,A,Total,TOTAL,Antigua and Barbuda,AG,Person,PER,Ireland,IE,2025,2025,0
Annual,A,Total,TOTAL,Bahamas,BS,Person,PER,Ireland,IE,2008,2008,0
Annual,A,Total,TOTAL,Bahamas,BS,Person,PER,Ireland,IE,2009,2009,0
Annual,A,Total,TOTAL,Bahamas,BS,Person,PER,Ireland,IE,2010,2010,0
Annual,A,Total,TOTAL,Bahamas,BS,Person,PER,Ireland,IE,2011,2011,0
Annual,A,Total,TOTAL,Bahamas,BS,Person,PER,Ireland,IE,2012,2012,0
Annual,A,Total,TOTAL,Bahamas,BS,Person,PER,Ireland,IE,2013,2013,0
Annual,A,Total,TOTAL,Bahamas,BS,Person,PER,Ireland,IE,2014,2014,0
Annual,A,Total,TOTAL,Bahamas,BS,Person,PER,Ireland,IE,2015,2015,0
Annual,A,Total,TOTAL,Bahamas,BS,Person,PER,Ireland,IE,2016,2016,0
Annual,A,Total,TOTAL,Bahamas,BS,Person,PER,Ireland,IE,2017,2017,0
Annual,A,Total,TOTAL,Bahamas,BS,Person,PER,Ireland,IE,2018,2018,0
Annual,A,Total,TOTAL,Bahamas,BS,Person,PER,Ireland,IE,2019,2019,0
Annual,A,Total,TOTAL,Bahamas,BS,Person,PER,Ireland,IE,2020,2020,0
Annual,A,Total,TOTAL,Bahamas,BS,Person,PER,Ireland,IE,2021,2021,0
Annual,A,Total,TOTAL,Bahamas,BS,Person,PER,Ireland,IE,2022,2022,0
Annual,A,Total,TOTAL,Bahamas,BS,Person,PER,Ireland,IE,2023,2023,0
Annual,A,Total,TOTAL,Bahamas,BS,Person,PER,Ireland,IE,2024,2024,0
Annual,A,Total,TOTAL,Bahamas,BS,Person,PER,Ireland,IE,2025,2025,0
Annual,A,Total,TOTAL,Barbados,BB,Person,PER,Ireland,IE,2008,2008,1
Annual,A,Total,TOTAL,Barbados,BB,Person,PER,Ireland,IE,2009,2009,1
Annual,A,Total,TOTAL,Barbados,BB,Person,PER,Ireland,IE,2010,2010,0
Annual,A,Total,TOTAL,Barbados,BB,Person,PER,Ireland,IE,2011,2011,0
Annual,A,Total,TOTAL,Barbados,BB,Person,PER,Ireland,IE,2012,2012,0
Annual,A,Total,TOTAL,Barbados,BB,Person,PER,Ireland,IE,2013,2013,0
Annual,A,Total,TOTAL,Barbados,BB,Person,PER,Ireland,IE,2014,2014,0
Annual,A,Total,TOTAL,Barbados,BB,Person,PER,Ireland,IE,2015,2015,0
Annual,A,Total,TOTAL,Barbados,BB,Person,PER,Ireland,IE,2016,2016,0
Annual,A,Total,TOTAL,Barbados,BB,Person,PER,Ireland,IE,2017,2017,0
Annual,A,Total,TOTAL,Barbados,BB,Person,PER,Ireland,IE,2018,2018,0
Annual,A,Total,TOTAL,Barbados,BB,Person,PER,Ireland,IE,2019,2019,0
Annual,A,Total,TOTAL,Barbados,BB,Person,PER,Ireland,IE,2020,2020,0
Annual,A,Total,TOTAL,Barbados,BB,Person,PER,Ireland,IE,2021,2021,0
Annual,A,Total,TOTAL,Barbados,BB,Person,PER,Ireland,IE,2022,2022,0
Annual,A,Total,TOTAL,Barbados,BB,Person,PER,Ireland,IE,2023,2023,0
Annual,A,Total,TOTAL,Barbados,BB,Person,PER,Ireland,IE,2024,2024,0
Annual,A,Total,TOTAL,Barbados,BB,Person,PER,Ireland,IE,2025,2025,0
Annual,A,Total,TOTAL,Cuba,CU,Person,PER,Ireland,IE,2008,2008,12
Annual,A,Total,TOTAL,Cuba,CU,Person,PER,Ireland,IE,2009,2009,9
Annual,A,Total,TOTAL,Cuba,CU,Person,PER,Ireland,IE,2010,2010,0
Annual,A,Total,TOTAL,Cuba,CU,Person,PER,Ireland,IE,2011,2011,0
Annual,A,Total,TOTAL,Cuba,CU,Person,PER,Ireland,IE,2012,2012,0
Annual,A,Total,TOTAL,Cuba,CU,Person,PER,Ireland,IE,2013,2013,0
Annual,A,Total,TOTAL,Cuba,CU,Person,PER,Ireland,IE,2014,2014,0
Annual,A,Total,TOTAL,Cuba,CU,Person,PER,Ireland,IE,2015,2015,0
Annual,A,Total,TOTAL,Cuba,CU,Person,PER,Ireland,IE,2016,2016,0
Annual,A,Total,TOTAL,Cuba,CU,Person,PER,Ireland,IE,2017,2017,0
Annual,A,Total,TOTAL,Cuba,CU,Person,PER,Ireland,IE,2018,2018,0
Annual,A,Total,TOTAL,Cuba,CU,Person,PER,Ireland,IE,2019,2019,0
Annual,A,Total,TOTAL,Cuba,CU,Person,PER,Ireland,IE,2020,2020,0
Annual,A,Total,TOTAL,Cuba,CU,Person,PER,Ireland,IE,2021,2021,0
Annual,A,Total,TOTAL,Cuba,CU,Person,PER,Ireland,IE,2022,2022,0
Annual,A,Total,TOTAL,Cuba,CU,Person,PER,Ireland,IE,2023,2023,0
Annual,A,Total,TOTAL,Cuba,CU,Person,PER,Ireland,IE,2024,2024,0
Annual,A,Total,TOTAL,Cuba,CU,Person,PER,Ireland,IE,2025,2025,0
Annual,A,Total,TOTAL,Dominica,DM,Person,PER,Ireland,IE,2008,2008,1
Annual,A,Total,TOTAL,Dominica,DM,Person,PER,Ireland,IE,2009,2009,0
Annual,A,Total,TOTAL,Dominica,DM,Person,PER,Ireland,IE,2010,2010,0
Annual,A,Total,TOTAL,Dominica,DM,Person,PER,Ireland,IE,2011,2011,0
Annual,A,Total,TOTAL,Dominica,DM,Person,PER,Ireland,IE,2012,2012,0
Annual,A,Total,TOTAL,Dominica,DM,Person,PER,Ireland,IE,2013,2013,0
Annual,A,Total,TOTAL,Dominica,DM,Person,PER,Ireland,IE,2014,2014,0
Annual,A,Total,TOTAL,Dominica,DM,Person,PER,Ireland,IE,2015,2015,0
Annual,A,Total,TOTAL,Dominica,DM,Person,PER,Ireland,IE,2016,2016,0
Annual,A,Total,TOTAL,Dominica,DM,Person,PER,Ireland,IE,2017,2017,0
Annual,A,Total,TOTAL,Dominica,DM,Person,PER,Ireland,IE,2018,2018,0
Annual,A,Total,TOTAL,Dominica,DM,Person,PER,Ireland,IE,2019,2019,0
Annual,A,Total,TOTAL,Dominica,DM,Person,PER,Ireland,IE,2020,2020,0
Annual,A,Total,TOTAL,Dominica,DM,Person,PER,Ireland,IE,2021,2021,0
Annual,A,Total,TOTAL,Dominica,DM,Person,PER,Ireland,IE,2022,2022,0
Annual,A,Total,TOTAL,Dominica,DM,Person,PER,Ireland,IE,2023,2023,0
Annual,A,Total,TOTAL,Dominica,DM,Person,PER,Ireland,IE,2024,2024,0
Annual,A,Total,TOTAL,Dominica,DM,Person,PER,Ireland,IE,2025,2025,0
Annual,A,Total,TOTAL,Dominican Republic,DO,Person,PER,Ireland,IE,2008,2008,0
Annual,A,Total,TOTAL,Dominican Republic,DO,Person,PER,Ireland,IE,2009,2009,0
Annual,A,Total,TOTAL,Dominican Republic,DO,Person,PER,Ireland,IE,2010,2010,0
Annual,A,Total,TOTAL,Dominican Republic,DO,Person,PER,Ireland,IE,2011,2011,0
Annual,A,Total,TOTAL,Dominican Republic,DO,Person,PER,Ireland,IE,2012,2012,0
Annual,A,Total,TOTAL,Dominican Republic,DO,Person,PER,Ireland,IE,2013,2013,0
Annual,A,Total,TOTAL,Dominican Republic,DO,Person,PER,Ireland,IE,2014,2014,0
Annual,A,Total,TOTAL,Dominican Republic,DO,Person,PER,Ireland,IE,2015,2015,0
Annual,A,Total,TOTAL,Dominican Republic,DO,Person,PER,Ireland,IE,2016,2016,0
Annual,A,Total,TOTAL,Dominican Republic,DO,Person,PER,Ireland,IE,2017,2017,0
Annual,A,Total,TOTAL,Dominican Republic,DO,Person,PER,Ireland,IE,2018,2018,0
Annual,A,Total,TOTAL,Dominican Republic,DO,Person,PER,Ireland,IE,2019,2019,0
Annual,A,Total,TOTAL,Dominican Republic,DO,Person,PER,Ireland,IE,2020,2020,0
Annual,A,Total,TOTAL,Dominican Republic,DO,Person,PER,Ireland,IE,2021,2021,0
Annual,A,Total,TOTAL,Dominican Republic,DO,Person,PER,Ireland,IE,2022,2022,0
Annual,A,Total,TOTAL,Dominican Republic,DO,Person,PER,Ireland,IE,2023,2023,0
Annual,A,Total,TOTAL,Dominican Republic,DO,Person,PER,Ireland,IE,2024,2024,0
Annual,A,Total,TOTAL,Dominican Republic,DO,Person,PER,Ireland,IE,2025,2025,0
Annual,A,Total,TOTAL,Grenada,GD,Person,PER,Ireland,IE,2008,2008,0
Annual,A,Total,TOTAL,Grenada,GD,Person,PER,Ireland,IE,2009,2009,0
Annual,A,Total,TOTAL,Grenada,GD,Person,PER,Ireland,IE,2010,2010,0
Annual,A,Total,TOTAL,Grenada,GD,Person,PER,Ireland,IE,2011,2011,0
Annual,A,Total,TOTAL,Grenada,GD,Person,PER,Ireland,IE,2012,2012,0
Annual,A,Total,TOTAL,Grenada,GD,Person,PER,Ireland,IE,2013,2013,0
Annual,A,Total,TOTAL,Grenada,GD,Person,PER,Ireland,IE,2014,2014,0
Annual,A,Total,TOTAL,Grenada,GD,Person,PER,Ireland,IE,2015,2015,0
Annual,A,Total,TOTAL,Grenada,GD,Person,PER,Ireland,IE,2016,2016,0
Annual,A,Total,TOTAL,Grenada,GD,Person,PER,Ireland,IE,2017,2017,0
Annual,A,Total,TOTAL,Grenada,GD,Person,PER,Ireland,IE,2018,2018,0
Annual,A,Total,TOTAL,Grenada,GD,Person,PER,Ireland,IE,2019,2019,0
Annual,A,Total,TOTAL,Grenada,GD,Person,PER,Ireland,IE,2020,2020,0
Annual,A,Total,TOTAL,Grenada,GD,Person,PER,Ireland,IE,2021,2021,0
Annual,A,Total,TOTAL,Grenada,GD,Person,PER,Ireland,IE,2022,2022,0
Annual,A,Total,TOTAL,Grenada,GD,Person,PER,Ireland,IE,2023,2023,0
Annual,A,Total,TOTAL,Grenada,GD,Person,PER,Ireland,IE,2024,2024,0
Annual,A,Total,TOTAL,Grenada,GD,Person,PER,Ireland,IE,2025,2025,0
Annual,A,Total,TOTAL,Haiti,HT,Person,PER,Ireland,IE,2008,2008,0
Annual,A,Total,TOTAL,Haiti,HT,Person,PER,Ireland,IE,2009,2009,0
Annual,A,Total,TOTAL,Haiti,HT,Person,PER,Ireland,IE,2010,2010,0
Annual,A,Total,TOTAL,Haiti,HT,Person,PER,Ireland,IE,2011,2011,0
Annual,A,Total,TOTAL,Haiti,HT,Person,PER,Ireland,IE,2012,2012,0
Annual,A,Total,TOTAL,Haiti,HT,Person,PER,Ireland,IE,2013,2013,0
Annual,A,Total,TOTAL,Haiti,HT,Person,PER,Ireland,IE,2014,2014,0
Annual,A,Total,TOTAL,Haiti,HT,Person,PER,Ireland,IE,2015,2015,0
Annual,A,Total,TOTAL,Haiti,HT,Person,PER,Ireland,IE,2016,2016,0
Annual,A,Total,TOTAL,Haiti,HT,Person,PER,Ireland,IE,2017,2017,0
Annual,A,Total,TOTAL,Haiti,HT,Person,PER,Ireland,IE,2018,2018,0
Annual,A,Total,TOTAL,Haiti,HT,Person,PER,Ireland,IE,2019,2019,0
Annual,A,Total,TOTAL,Haiti,HT,Person,PER,Ireland,IE,2020,2020,0
Annual,A,Total,TOTAL,Haiti,HT,Person,PER,Ireland,IE,2021,2021,0
Annual,A,Total,TOTAL,Haiti,HT,Person,PER,Ireland,IE,2022,2022,0
Annual,A,Total,TOTAL,Haiti,HT,Person,PER,Ireland,IE,2023,2023,0
Annual,A,Total,TOTAL,Haiti,HT,Person,PER,Ireland,IE,2024,2024,0
Annual,A,Total,TOTAL,Haiti,HT,Person,PER,Ireland,IE,2025,2025,0
Annual,A,Total,TOTAL,Jamaica,JM,Person,PER,Ireland,IE,2008,2008,16
Annual,A,Total,TOTAL,Jamaica,JM,Person,PER,Ireland,IE,2009,2009,12
Annual,A,Total,TOTAL,Jamaica,JM,Person,PER,Ireland,IE,2010,2010,4
Annual,A,Total,TOTAL,Jamaica,JM,Person,PER,Ireland,IE,2011,2011,3
Annual,A,Total,TOTAL,Jamaica,JM,Person,PER,Ireland,IE,2012,2012,2
Annual,A,Total,TOTAL,Jamaica,JM,Person,PER,Ireland,IE,2013,2013,1
Annual,A,Total,TOTAL,Jamaica,JM,Person,PER,Ireland,IE,2014,2014,0
Annual,A,Total,TOTAL,Jamaica,JM,Person,PER,Ireland,IE,2015,2015,0
Annual,A,Total,TOTAL,Jamaica,JM,Person,PER,Ireland,IE,2016,2016,0
Annual,A,Total,TOTAL,Jamaica,JM,Person,PER,Ireland,IE,2017,2017,0
Annual,A,Total,TOTAL,Jamaica,JM,Person,PER,Ireland,IE,2018,2018,0
Annual,A,Total,TOTAL,Jamaica,JM,Person,PER,Ireland,IE,2019,2019,0
Annual,A,Total,TOTAL,Jamaica,JM,Person,PER,Ireland,IE,2020,2020,0
Annual,A,Total,TOTAL,Jamaica,JM,Person,PER,Ireland,IE,2021,2021,0
Annual,A,Total,TOTAL,Jamaica,JM,Person,PER,Ireland,IE,2022,2022,0
Annual,A,Total,TOTAL,Jamaica,JM,Person,PER,Ireland,IE,2023,2023,0
Annual,A,Total,TOTAL,Jamaica,JM,Person,PER,Ireland,IE,2024,2024,0
Annual,A,Total,TOTAL,Jamaica,JM,Person,PER,Ireland,IE,2025,2025,0
Annual,A,Total,TOTAL,Saint Kitts and Nevis,KN,Person,PER,Ireland,IE,2008,2008,0
Annual,A,Total,TOTAL,Saint Kitts and Nevis,KN,Person,PER,Ireland,IE,2009,2009,0
Annual,A,Total,TOTAL,Saint Kitts and Nevis,KN,Person,PER,Ireland,IE,2010,2010,0
Annual,A,Total,TOTAL,Saint Kitts and Nevis,KN,Person,PER,Ireland,IE,2011,2011,0
Annual,A,Total,TOTAL,Saint Kitts and Nevis,KN,Person,PER,Ireland,IE,2012,2012,0
Annual,A,Total,TOTAL,Saint Kitts and Nevis,KN,Person,PER,Ireland,IE,2013,2013,0
Annual,A,Total,TOTAL,Saint Kitts and Nevis,KN,Person,PER,Ireland,IE,2014,2014,0
Annual,A,Total,TOTAL,Saint Kitts and Nevis,KN,Person,PER,Ireland,IE,2015,2015,0
Annual,A,Total,TOTAL,Saint Kitts and Nevis,KN,Person,PER,Ireland,IE,2016,2016,0
Annual,A,Total,TOTAL,Saint Kitts and Nevis,KN,Person,PER,Ireland,IE,2017,2017,0
Annual,A,Total,TOTAL,Saint Kitts and Nevis,KN,Person,PER,Ireland,IE,2018,2018,0
Annual,A,Total,TOTAL,Saint Kitts and Nevis,KN,Person,PER,Ireland,IE,2019,2019,0
Annual,A,Total,TOTAL,Saint Kitts and Nevis,KN,Person,PER,Ireland,IE,2020,2020,0
Annual,A,Total,TOTAL,Saint Kitts and Nevis,KN,Person,PER,Ireland,IE,2021,2021,0
Annual,A,Total,TOTAL,Saint Kitts and Nevis,KN,Person,PER,Ireland,IE,2022,2022,0
Annual,A,Total,TOTAL,Saint Kitts and Nevis,KN,Person,PER,Ireland,IE,2023,2023,0
Annual,A,Total,TOTAL,Saint Kitts and Nevis,KN,Person,PER,Ireland,IE,2024,2024,0
Annual,A,Total,TOTAL,Saint Kitts and Nevis,KN,Person,PER,Ireland,IE,2025,2025,0
Annual,A,Total,TOTAL,Saint Lucia,LC,Person,PER,Ireland,IE,2008,2008,0
Annual,A,Total,TOTAL,Saint Lucia,LC,Person,PER,Ireland,IE,2009,2009,0
Annual,A,Total,TOTAL,Saint Lucia,LC,Person,PER,Ireland,IE,2010,2010,0
Annual,A,Total,TOTAL,Saint Lucia,LC,Person,PER,Ireland,IE,2011,2011,0
Annual,A,Total,TOTAL,Saint Lucia,LC,Person,PER,Ireland,IE,2012,2012,0
Annual,A,Total,TOTAL,Saint Lucia,LC,Person,PER,Ireland,IE,2013,2013,0
Annual,A,Total,TOTAL,Saint Lucia,LC,Person,PER,Ireland,IE,2014,2014,0
Annual,A,Total,TOTAL,Saint Lucia,LC,Person,PER,Ireland,IE,2015,2015,0
Annual,A,Total,TOTAL,Saint Lucia,LC,Person,PER,Ireland,IE,2016,2016,0
Annual,A,Total,TOTAL,Saint Lucia,LC,Person,PER,Ireland,IE,2017,2017,0
Annual,A,Total,TOTAL,Saint Lucia,LC,Person,PER,Ireland,IE,2018,2018,0
Annual,A,Total,TOTAL,Saint Lucia,LC,Person,PER,Ireland,IE,2019,2019,0
Annual,A,Total,TOTAL,Saint Lucia,LC,Person,PER,Ireland,IE,2020,2020,0
Annual,A,Total,TOTAL,Saint Lucia,LC,Person,PER,Ireland,IE,2021,2021,0
Annual,A,Total,TOTAL,Saint Lucia,LC,Person,PER,Ireland,IE,2022,2022,0
Annual,A,Total,TOTAL,Saint Lucia,LC,Person,PER,Ireland,IE,2023,2023,0
Annual,A,Total,TOTAL,Saint Lucia,LC,Person,PER,Ireland,IE,2024,2024,0
Annual,A,Total,TOTAL,Saint Lucia,LC,Person,PER,Ireland,IE,2025,2025,0
Annual,A,Total,TOTAL,Saint Vincent and the Grenadines,VC,Person,PER,Ireland,IE,2008,2008,0
Annual,A,Total,TOTAL,Saint Vincent and the Grenadines,VC,Person,PER,Ireland,IE,2009,2009,0
Annual,A,Total,TOTAL,Saint Vincent and the Grenadines,VC,Person,PER,Ireland,IE,2010,2010,0
Annual,A,Total,TOTAL,Saint Vincent and the Grenadines,VC,Person,PER,Ireland,IE,2011,2011,0
Annual,A,Total,TOTAL,Saint Vincent and the Grenadines,VC,Person,PER,Ireland,IE,2012,2012,0
Annual,A,Total,TOTAL,Saint Vincent and the Grenadines,VC,Person,PER,Ireland,IE,2013,2013,0
Annual,A,Total,TOTAL,Saint Vincent and the Grenadines,VC,Person,PER,Ireland,IE,2014,2014,0
Annual,A,Total,TOTAL,Saint Vincent and the Grenadines,VC,Person,PER,Ireland,IE,2015,2015,0
Annual,A,Total,TOTAL,Saint Vincent and the Grenadines,VC,Person,PER,Ireland,IE,2016,2016,0
Annual,A,Total,TOTAL,Saint Vincent and the Grenadines,VC,Person,PER,Ireland,IE,2017,2017,0
Annual,A,Total,TOTAL,Saint Vincent and the Grenadines,VC,Person,PER,Ireland,IE,2018,2018,0
Annual,A,Total,TOTAL,Saint Vincent and the Grenadines,VC,Person,PER,Ireland,IE,2019,2019,0
Annual,A,Total,TOTAL,Saint Vincent and the Grenadines,VC,Person,PER,Ireland,IE,2020,2020,0
Annual,A,Total,TOTAL,Saint Vincent and the Grenadines,VC,Person,PER,Ireland,IE,2021,2021,0
Annual,A,Total,TOTAL,Saint Vincent and the Grenadines,VC,Person,PER,Ireland,IE,2022,2022,0
Annual,A,Total,TOTAL,Saint Vincent and the Grenadines,VC,Person,PER,Ireland,IE,2023,2023,0
Annual,A,Total,TOTAL,Saint Vincent and the Grenadines,VC,Person,PER,Ireland,IE,2024,2024,0
Annual,A,Total,TOTAL,Saint Vincent and the Grenadines,VC,Person,PER,Ireland,IE,2025,2025,0
Annual,A,Total,TOTAL,Trinidad and Tobago,TT,Person,PER,Ireland,IE,2008,2008,2
Annual,A,Total,TOTAL,Trinidad and Tobago,TT,Person,PER,Ireland,IE,2009,2009,2
Annual,A,Total,TOTAL,Trinidad and Tobago,TT,Person,PER,Ireland,IE,2010,2010,1
Annual,A,Total,TOTAL,Trinidad and Tobago,TT,Person,PER,Ireland,IE,2011,2011,1
Annual,A,Total,TOTAL,Trinidad and Tobago,TT,Person,PER,Ireland,IE,2012,2012,1
Annual,A,Total,TOTAL,Trinidad and Tobago,TT,Person,PER,Ireland,IE,2013,2013,1
Annual,A,Total,TOTAL,Trinidad and Tobago,TT,Person,PER,Ireland,IE,2014,2014,1
Annual,A,Total,TOTAL,Trinidad and Tobago,TT,Person,PER,Ireland,IE,2015,2015,0
Annual,A,Total,TOTAL,Trinidad and Tobago,TT,Person,PER,Ireland,IE,2016,2016,0
Annual,A,Total,TOTAL,Trinidad and Tobago,TT,Person,PER,Ireland,IE,2017,2017,0
Annual,A,Total,TOTAL,Trinidad and Tobago,TT,Person,PER,Ireland,IE,2018,2018,0
Annual,A,Total,TOTAL,Trinidad and Tobago,TT,Person,PER,Ireland,IE,2019,2019,0
Annual,A,Total,TOTAL,Trinidad and Tobago,TT,Person,PER,Ireland,IE,2020,2020,0
Annual,A,Total,TOTAL,Trinidad and Tobago,TT,Person,PER,Ireland,IE,2021,2021,0
Annual,A,Total,TOTAL,Trinidad and Tobago,TT,Person,PER,Ireland,IE,2022,2022,0
Annual,A,Total,TOTAL,Trinidad and Tobago,TT,Person,PER,Ireland,IE,2023,2023,0
Annual,A,Total,TOTAL,Trinidad and Tobago,TT,Person,PER,Ireland,IE,2024,2024,0
Annual,A,Total,TOTAL,Trinidad and Tobago,TT,Person,PER,Ireland,IE,2025,2025,0
Annual,A,Total,TOTAL,Belize,BZ,Person,PER,Ireland,IE,2008,2008,0
Annual,A,Total,TOTAL,Belize,BZ,Person,PER,Ireland,IE,2009,2009,0
Annual,A,Total,TOTAL,Belize,BZ,Person,PER,Ireland,IE,2010,2010,0
Annual,A,Total,TOTAL,Belize,BZ,Person,PER,Ireland,IE,2011,2011,0
Annual,A,Total,TOTAL,Belize,BZ,Person,PER,Ireland,IE,2012,2012,0
Annual,A,Total,TOTAL,Belize,BZ,Person,PER,Ireland,IE,2013,2013,0
Annual,A,Total,TOTAL,Belize,BZ,Person,PER,Ireland,IE,2014,2014,0
Annual,A,Total,TOTAL,Belize,BZ,Person,PER,Ireland,IE,2015,2015,0
Annual,A,Total,TOTAL,Belize,BZ,Person,PER,Ireland,IE,2016,2016,0
Annual,A,Total,TOTAL,Belize,BZ,Person,PER,Ireland,IE,2017,2017,0
Annual,A,Total,TOTAL,Belize,BZ,Person,PER,Ireland,IE,2018,2018,0
Annual,A,Total,TOTAL,Belize,BZ,Person,PER,Ireland,IE,2019,2019,0
Annual,A,Total,TOTAL,Belize,BZ,Person,PER,Ireland,IE,2020,2020,0
Annual,A,Total,TOTAL,Belize,BZ,Person,PER,Ireland,IE,2021,2021,0
Annual,A,Total,TOTAL,Belize,BZ,Person,PER,Ireland,IE,2022,2022,0
Annual,A,Total,TOTAL,Belize,BZ,Person,PER,Ireland,IE,2023,2023,0
Annual,A,Total,TOTAL,Belize,BZ,Person,PER,Ireland,IE,2024,2024,0
Annual,A,Total,TOTAL,Belize,BZ,Person,PER,Ireland,IE,2025,2025,0
Annual,A,Total,TOTAL,Costa Rica,CR,Person,PER,Ireland,IE,2008,2008,0
Annual,A,Total,TOTAL,Costa Rica,CR,Person,PER,Ireland,IE,2009,2009,0
Annual,A,Total,TOTAL,Costa Rica,CR,Person,PER,Ireland,IE,2010,2010,1
Annual,A,Total,TOTAL,Costa Rica,CR,Person,PER,Ireland,IE,2011,2011,2
Annual,A,Total,TOTAL,Costa Rica,CR,Person,PER,Ireland,IE,2012,2012,2
Annual,A,Total,TOTAL,Costa Rica,CR,Person,PER,Ireland,IE,2013,2013,2
Annual,A,Total,TOTAL,Costa Rica,CR,Person,PER,Ireland,IE,2014,2014,2
Annual,A,Total,TOTAL,Costa Rica,CR,Person,PER,Ireland,IE,2015,2015,2
Annual,A,Total,TOTAL,Costa Rica,CR,Person,PER,Ireland,IE,2016,2016,2
Annual,A,Total,TOTAL,Costa Rica,CR,Person,PER,Ireland,IE,2017,2017,2
Annual,A,Total,TOTAL,Costa Rica,CR,Person,PER,Ireland,IE,2018,2018,2
Annual,A,Total,TOTAL,Costa Rica,CR,Person,PER,Ireland,IE,2019,2019,2
Annual,A,Total,TOTAL,Costa Rica,CR,Person,PER,Ireland,IE,2020,2020,2
Annual,A,Total,TOTAL,Costa Rica,CR,Person,PER,Ireland,IE,2021,2021,2
Annual,A,Total,TOTAL,Costa Rica,CR,Person,PER,Ireland,IE,2022,2022,2
Annual,A,Total,TOTAL,Costa Rica,CR,Person,PER,Ireland,IE,2023,2023,2
Annual,A,Total,TOTAL,Costa Rica,CR,Person,PER,Ireland,IE,2024,2024,2
Annual,A,Total,TOTAL,Costa Rica,CR,Person,PER,Ireland,IE,2025,2025,2
Annual,A,Total,TOTAL,El Salvador,SV,Person,PER,Ireland,IE,2008,2008,1
Annual,A,Total,TOTAL,El Salvador,SV,Person,PER,Ireland,IE,2009,2009,0
Annual,A,Total,TOTAL,El Salvador,SV,Person,PER,Ireland,IE,2010,2010,1
Annual,A,Total,TOTAL,El Salvador,SV,Person,PER,Ireland,IE,2011,2011,1
Annual,A,Total,TOTAL,El Salvador,SV,Person,PER,Ireland,IE,2012,2012,1
Annual,A,Total,TOTAL,El Salvador,SV,Person,PER,Ireland,IE,2013,2013,1
Annual,A,Total,TOTAL,El Salvador,SV,Person,PER,Ireland,IE,2014,2014,0
Annual,A,Total,TOTAL,El Salvador,SV,Person,PER,Ireland,IE,2015,2015,0
Annual,A,Total,TOTAL,El Salvador,SV,Person,PER,Ireland,IE,2016,2016,0
Annual,A,Total,TOTAL,El Salvador,SV,Person,PER,Ireland,IE,2017,2017,0
Annual,A,Total,TOTAL,El Salvador,SV,Person,PER,Ireland,IE,2018,2018,0
Annual,A,Total,TOTAL,El Salvador,SV,Person,PER,Ireland,IE,2019,2019,0
Annual,A,Total,TOTAL,El Salvador,SV,Person,PER,Ireland,IE,2020,2020,0
Annual,A,Total,TOTAL,El Salvador,SV,Person,PER,Ireland,IE,2021,2021,0
Annual,A,Total,TOTAL,El Salvador,SV,Person,PER,Ireland,IE,2022,2022,0
Annual,A,Total,TOTAL,El Salvador,SV,Person,PER,Ireland,IE,2023,2023,0
Annual,A,Total,TOTAL,El Salvador,SV,Person,PER,Ireland,IE,2024,2024,0
Annual,A,Total,TOTAL,El Salvador,SV,Person,PER,Ireland,IE,2025,2025,0
Annual,A,Total,TOTAL,Guatemala,GT,Person,PER,Ireland,IE,2008,2008,0
Annual,A,Total,TOTAL,Guatemala,GT,Person,PER,Ireland,IE,2009,2009,0
Annual,A,Total,TOTAL,Guatemala,GT,Person,PER,Ireland,IE,2010,2010,0
Annual,A,Total,TOTAL,Guatemala,GT,Person,PER,Ireland,IE,2011,2011,0
Annual,A,Total,TOTAL,Guatemala,GT,Person,PER,Ireland,IE,2012,2012,0
Annual,A,Total,TOTAL,Guatemala,GT,Person,PER,Ireland,IE,2013,2013,0
Annual,A,Total,TOTAL,Guatemala,GT,Person,PER,Ireland,IE,2014,2014,0
Annual,A,Total,TOTAL,Guatemala,GT,Person,PER,Ireland,IE,2015,2015,0
Annual,A,Total,TOTAL,Guatemala,GT,Person,PER,Ireland,IE,2016,2016,0
Annual,A,Total,TOTAL,Guatemala,GT,Person,PER,Ireland,IE,2017,2017,0
Annual,A,Total,TOTAL,Guatemala,GT,Person,PER,Ireland,IE,2018,2018,0
Annual,A,Total,TOTAL,Guatemala,GT,Person,PER,Ireland,IE,2019,2019,0
Annual,A,Total,TOTAL,Guatemala,GT,Person,PER,Ireland,IE,2020,2020,0
Annual,A,Total,TOTAL,Guatemala,GT,Person,PER,Ireland,IE,2021,2021,0
Annual,A,Total,TOTAL,Guatemala,GT,Person,PER,Ireland,IE,2022,2022,0
Annual,A,Total,TOTAL,Guatemala,GT,Person,PER,Ireland,IE,2023,2023,0
Annual,A,Total,TOTAL,Guatemala,GT,Person,PER,Ireland,IE,2024,2024,0
Annual,A,Total,TOTAL,Guatemala,GT,Person,PER,Ireland,IE,2025,2025,0
Annual,A,Total,TOTAL,Honduras,HN,Person,PER,Ireland,IE,2008,2008,2
Annual,A,Total,TOTAL,Honduras,HN,Person,PER,Ireland,IE,2009,2009,2
Annual,A,Total,TOTAL,Honduras,HN,Person,PER,Ireland,IE,2010,2010,1
Annual,A,Total,TOTAL,Honduras,HN,Person,PER,Ireland,IE,2011,2011,0
Annual,A,Total,TOTAL,Honduras,HN,Person,PER,Ireland,IE,2012,2012,0
Annual,A,Total,TOTAL,Honduras,HN,Person,PER,Ireland,IE,2013,2013,0
Annual,A,Total,TOTAL,Honduras,HN,Person,PER,Ireland,IE,2014,2014,0
Annual,A,Total,TOTAL,Honduras,HN,Person,PER,Ireland,IE,2015,2015,0
Annual,A,Total,TOTAL,Honduras,HN,Person,PER,Ireland,IE,2016,2016,0
Annual,A,Total,TOTAL,Honduras,HN,Person,PER,Ireland,IE,2017,2017,0
Annual,A,Total,TOTAL,Honduras,HN,Person,PER,Ireland,IE,2018,2018,0
Annual,A,Total,TOTAL,Honduras,HN,Person,PER,Ireland,IE,2019,2019,0
Annual,A,Total,TOTAL,Honduras,HN,Person,PER,Ireland,IE,2020,2020,0
Annual,A,Total,TOTAL,Honduras,HN,Person,PER,Ireland,IE,2021,2021,0
Annual,A,Total,TOTAL,Honduras,HN,Person,PER,Ireland,IE,2022,2022,0
Annual,A,Total,TOTAL,Honduras,HN,Person,PER,Ireland,IE,2023,2023,0
Annual,A,Total,TOTAL,Honduras,HN,Person,PER,Ireland,IE,2024,2024,0
Annual,A,Total,TOTAL,Honduras,HN,Person,PER,Ireland,IE,2025,2025,0
Annual,A,Total,TOTAL,Mexico,MX,Person,PER,Ireland,IE,2008,2008,14
Annual,A,Total,TOTAL,Mexico,MX,Person,PER,Ireland,IE,2009,2009,10
Annual,A,Total,TOTAL,Mexico,MX,Person,PER,Ireland,IE,2010,2010,6
Annual,A,Total,TOTAL,Mexico,MX,Person,PER,Ireland,IE,2011,2011,3
Annual,A,Total,TOTAL,Mexico,MX,Person,PER,Ireland,IE,2012,2012,1
Annual,A,Total,TOTAL,Mexico,MX,Person,PER,Ireland,IE,2013,2013,0
Annual,A,Total,TOTAL,Mexico,MX,Person,PER,Ireland,IE,2014,2014,0
Annual,A,Total,TOTAL,Mexico,MX,Person,PER,Ireland,IE,2015,2015,0
Annual,A,Total,TOTAL,Mexico,MX,Person,PER,Ireland,IE,2016,2016,0
Annual,A,Total,TOTAL,Mexico,MX,Person,PER,Ireland,IE,2017,2017,0
Annual,A,Total,TOTAL,Mexico,MX,Person,PER,Ireland,IE,2018,2018,1
Annual,A,Total,TOTAL,Mexico,MX,Person,PER,Ireland,IE,2019,2019,1
Annual,A,Total,TOTAL,Mexico,MX,Person,PER,Ireland,IE,2020,2020,1
Annual,A,Total,TOTAL,Mexico,MX,Person,PER,Ireland,IE,2021,2021,3
Annual,A,Total,TOTAL,Mexico,MX,Person,PER,Ireland,IE,2022,2022,3
Annual,A,Total,TOTAL,Mexico,MX,Person,PER,Ireland,IE,2023,2023,4
Annual,A,Total,TOTAL,Mexico,MX,Person,PER,Ireland,IE,2024,2024,6
Annual,A,Total,TOTAL,Mexico,MX,Person,PER,Ireland,IE,2025,2025,6
Annual,A,Total,TOTAL,Nicaragua,NI,Person,PER,Ireland,IE,2008,2008,1
Annual,A,Total,TOTAL,Nicaragua,NI,Person,PER,Ireland,IE,2009,2009,0
Annual,A,Total,TOTAL,Nicaragua,NI,Person,PER,Ireland,IE,2010,2010,0
Annual,A,Total,TOTAL,Nicaragua,NI,Person,PER,Ireland,IE,2011,2011,0
Annual,A,Total,TOTAL,Nicaragua,NI,Person,PER,Ireland,IE,2012,2012,0
Annual,A,Total,TOTAL,Nicaragua,NI,Person,PER,Ireland,IE,2013,2013,0
Annual,A,Total,TOTAL,Nicaragua,NI,Person,PER,Ireland,IE,2014,2014,0
Annual,A,Total,TOTAL,Nicaragua,NI,Person,PER,Ireland,IE,2015,2015,0
Annual,A,Total,TOTAL,Nicaragua,NI,Person,PER,Ireland,IE,2016,2016,0
Annual,A,Total,TOTAL,Nicaragua,NI,Person,PER,Ireland,IE,2017,2017,0
Annual,A,Total,TOTAL,Nicaragua,NI,Person,PER,Ireland,IE,2018,2018,0
Annual,A,Total,TOTAL,Nicaragua,NI,Person,PER,Ireland,IE,2019,2019,0
Annual,A,Total,TOTAL,Nicaragua,NI,Person,PER,Ireland,IE,2020,2020,0
Annual,A,Total,TOTAL,Nicaragua,NI,Person,PER,Ireland,IE,2021,2021,0
Annual,A,Total,TOTAL,Nicaragua,NI,Person,PER,Ireland,IE,2022,2022,0
Annual,A,Total,TOTAL,Nicaragua,NI,Person,PER,Ireland,IE,2023,2023,0
Annual,A,Total,TOTAL,Nicaragua,NI,Person,PER,Ireland,IE,2024,2024,0
Annual,A,Total,TOTAL,Nicaragua,NI,Person,PER,Ireland,IE,2025,2025,0
Annual,A,Total,TOTAL,Panama,PA,Person,PER,Ireland,IE,2008,2008,0
Annual,A,Total,TOTAL,Panama,PA,Person,PER,Ireland,IE,2009,2009,0
Annual,A,Total,TOTAL,Panama,PA,Person,PER,Ireland,IE,2010,2010,0
Annual,A,Total,TOTAL,Panama,PA,Person,PER,Ireland,IE,2011,2011,0
Annual,A,Total,TOTAL,Panama,PA,Person,PER,Ireland,IE,2012,2012,0
Annual,A,Total,TOTAL,Panama,PA,Person,PER,Ireland,IE,2013,2013,0
Annual,A,Total,TOTAL,Panama,PA,Person,PER,Ireland,IE,2014,2014,0
Annual,A,Total,TOTAL,Panama,PA,Person,PER,Ireland,IE,2015,2015,0
Annual,A,Total,TOTAL,Panama,PA,Person,PER,Ireland,IE,2016,2016,0
Annual,A,Total,TOTAL,Panama,PA,Person,PER,Ireland,IE,2017,2017,0
Annual,A,Total,TOTAL,Panama,PA,Person,PER,Ireland,IE,2018,2018,0
Annual,A,Total,TOTAL,Panama,PA,Person,PER,Ireland,IE,2019,2019,0
Annual,A,Total,TOTAL,Panama,PA,Person,PER,Ireland,IE,2020,2020,0
Annual,A,Total,TOTAL,Panama,PA,Person,PER,Ireland,IE,2021,2021,0
Annual,A,Total,TOTAL,Panama,PA,Person,PER,Ireland,IE,2022,2022,0
Annual,A,Total,TOTAL,Panama,PA,Person,PER,Ireland,IE,2023,2023,0
Annual,A,Total,TOTAL,Panama,PA,Person,PER,Ireland,IE,2024,2024,0
Annual,A,Total,TOTAL,Panama,PA,Person,PER,Ireland,IE,2025,2025,0
Annual,A,Total,TOTAL,Argentina,AR,Person,PER,Ireland,IE,2008,2008,5
Annual,A,Total,TOTAL,Argentina,AR,Person,PER,Ireland,IE,2009,2009,3
Annual,A,Total,TOTAL,Argentina,AR,Person,PER,Ireland,IE,2010,2010,10
Annual,A,Total,TOTAL,Argentina,AR,Person,PER,Ireland,IE,2011,2011,9
Annual,A,Total,TOTAL,Argentina,AR,Person,PER,Ireland,IE,2012,2012,6
Annual,A,Total,TOTAL,Argentina,AR,Person,PER,Ireland,IE,2013,2013,4
Annual,A,Total,TOTAL,Argentina,AR,Person,PER,Ireland,IE,2014,2014,2
Annual,A,Total,TOTAL,Argentina,AR,Person,PER,Ireland,IE,2015,2015,2
Annual,A,Total,TOTAL,Argentina,AR,Person,PER,Ireland,IE,2016,2016,1
Annual,A,Total,TOTAL,Argentina,AR,Person,PER,Ireland,IE,2017,2017,1
Annual,A,Total,TOTAL,Argentina,AR,Person,PER,Ireland,IE,2018,2018,2
Annual,A,Total,TOTAL,Argentina,AR,Person,PER,Ireland,IE,2019,2019,2
Annual,A,Total,TOTAL,Argentina,AR,Person,PER,Ireland,IE,2020,2020,2
Annual,A,Total,TOTAL,Argentina,AR,Person,PER,Ireland,IE,2021,2021,2
Annual,A,Total,TOTAL,Argentina,AR,Person,PER,Ireland,IE,2022,2022,1
Annual,A,Total,TOTAL,Argentina,AR,Person,PER,Ireland,IE,2023,2023,1
Annual,A,Total,TOTAL,Argentina,AR,Person,PER,Ireland,IE,2024,2024,3
Annual,A,Total,TOTAL,Argentina,AR,Person,PER,Ireland,IE,2025,2025,4
Annual,A,Total,TOTAL,Bolivia,BO,Person,PER,Ireland,IE,2008,2008,3
Annual,A,Total,TOTAL,Bolivia,BO,Person,PER,Ireland,IE,2009,2009,2
Annual,A,Total,TOTAL,Bolivia,BO,Person,PER,Ireland,IE,2010,2010,0
Annual,A,Total,TOTAL,Bolivia,BO,Person,PER,Ireland,IE,2011,2011,0
Annual,A,Total,TOTAL,Bolivia,BO,Person,PER,Ireland,IE,2012,2012,1
Annual,A,Total,TOTAL,Bolivia,BO,Person,PER,Ireland,IE,2013,2013,1
Annual,A,Total,TOTAL,Bolivia,BO,Person,PER,Ireland,IE,2014,2014,0
Annual,A,Total,TOTAL,Bolivia,BO,Person,PER,Ireland,IE,2015,2015,0
Annual,A,Total,TOTAL,Bolivia,BO,Person,PER,Ireland,IE,2016,2016,0
Annual,A,Total,TOTAL,Bolivia,BO,Person,PER,Ireland,IE,2017,2017,0
Annual,A,Total,TOTAL,Bolivia,BO,Person,PER,Ireland,IE,2018,2018,0
Annual,A,Total,TOTAL,Bolivia,BO,Person,PER,Ireland,IE,2019,2019,0
Annual,A,Total,TOTAL,Bolivia,BO,Person,PER,Ireland,IE,2020,2020,0
Annual,A,Total,TOTAL,Bolivia,BO,Person,PER,Ireland,IE,2021,2021,0
Annual,A,Total,TOTAL,Bolivia,BO,Person,PER,Ireland,IE,2022,2022,0
Annual,A,Total,TOTAL,Bolivia,BO,Person,PER,Ireland,IE,2023,2023,0
Annual,A,Total,TOTAL,Bolivia,BO,Person,PER,Ireland,IE,2024,2024,1
Annual,A,Total,TOTAL,Bolivia,BO,Person,PER,Ireland,IE,2025,2025,1
Annual,A,Total,TOTAL,Brazil,BR,Person,PER,Ireland,IE,2008,2008,7
Annual,A,Total,TOTAL,Brazil,BR,Person,PER,Ireland,IE,2009,2009,10
Annual,A,Total,TOTAL,Brazil,BR,Person,PER,Ireland,IE,2010,2010,348
Annual,A,Total,TOTAL,Brazil,BR,Person,PER,Ireland,IE,2011,2011,429
Annual,A,Total,TOTAL,Brazil,BR,Person,PER,Ireland,IE,2012,2012,419
Annual,A,Total,TOTAL,Brazil,BR,Person,PER,Ireland,IE,2013,2013,312
Annual,A,Total,TOTAL,Brazil,BR,Person,PER,Ireland,IE,2014,2014,184
Annual,A,Total,TOTAL,Brazil,BR,Person,PER,Ireland,IE,2015,2015,146
Annual,A,Total,TOTAL,Brazil,BR,Person,PER,Ireland,IE,2016,2016,105
Annual,A,Total,TOTAL,Brazil,BR,Person,PER,Ireland,IE,2017,2017,103
Annual,A,Total,TOTAL,Brazil,BR,Person,PER,Ireland,IE,2018,2018,83
Annual,A,Total,TOTAL,Brazil,BR,Person,PER,Ireland,IE,2019,2019,61
Annual,A,Total,TOTAL,Brazil,BR,Person,PER,Ireland,IE,2020,2020,61
Annual,A,Total,TOTAL,Brazil,BR,Person,PER,Ireland,IE,2021,2021,70
Annual,A,Total,TOTAL,Brazil,BR,Person,PER,Ireland,IE,2022,2022,78
Annual,A,Total,TOTAL,Brazil,BR,Person,PER,Ireland,IE,2023,2023,89
Annual,A,Total,TOTAL,Brazil,BR,Person,PER,Ireland,IE,2024,2024,93
Annual,A,Total,TOTAL,Brazil,BR,Person,PER,Ireland,IE,2025,2025,101
Annual,A,Total,TOTAL,Chile,CL,Person,PER,Ireland,IE,2008,2008,1
Annual,A,Total,TOTAL,Chile,CL,Person,PER,Ireland,IE,2009,2009,1
Annual,A,Total,TOTAL,Chile,CL,Person,PER,Ireland,IE,2010,2010,2
Annual,A,Total,TOTAL,Chile,CL,Person,PER,Ireland,IE,2011,2011,3
Annual,A,Total,TOTAL,Chile,CL,Person,PER,Ireland,IE,2012,2012,2
Annual,A,Total,TOTAL,Chile,CL,Person,PER,Ireland,IE,2013,2013,2
Annual,A,Total,TOTAL,Chile,CL,Person,PER,Ireland,IE,2014,2014,2
Annual,A,Total,TOTAL,Chile,CL,Person,PER,Ireland,IE,2015,2015,1
Annual,A,Total,TOTAL,Chile,CL,Person,PER,Ireland,IE,2016,2016,0
Annual,A,Total,TOTAL,Chile,CL,Person,PER,Ireland,IE,2017,2017,0
Annual,A,Total,TOTAL,Chile,CL,Person,PER,Ireland,IE,2018,2018,0
Annual,A,Total,TOTAL,Chile,CL,Person,PER,Ireland,IE,2019,2019,0
Annual,A,Total,TOTAL,Chile,CL,Person,PER,Ireland,IE,2020,2020,0
Annual,A,Total,TOTAL,Chile,CL,Person,PER,Ireland,IE,2021,2021,0
Annual,A,Total,TOTAL,Chile,CL,Person,PER,Ireland,IE,2022,2022,1
Annual,A,Total,TOTAL,Chile,CL,Person,PER,Ireland,IE,2023,2023,1
Annual,A,Total,TOTAL,Chile,CL,Person,PER,Ireland,IE,2024,2024,1
Annual,A,Total,TOTAL,Chile,CL,Person,PER,Ireland,IE,2025,2025,1
Annual,A,Total,TOTAL,Colombia,CO,Person,PER,Ireland,IE,2008,2008,27
Annual,A,Total,TOTAL,Colombia,CO,Person,PER,Ireland,IE,2009,2009,8
Annual,A,Total,TOTAL,Colombia,CO,Person,PER,Ireland,IE,2010,2010,8
Annual,A,Total,TOTAL,Colombia,CO,Person,PER,Ireland,IE,2011,2011,5
Annual,A,Total,TOTAL,Colombia,CO,Person,PER,Ireland,IE,2012,2012,4
Annual,A,Total,TOTAL,Colombia,CO,Person,PER,Ireland,IE,2013,2013,2
Annual,A,Total,TOTAL,Colombia,CO,Person,PER,Ireland,IE,2014,2014,1
Annual,A,Total,TOTAL,Colombia,CO,Person,PER,Ireland,IE,2015,2015,1
Annual,A,Total,TOTAL,Colombia,CO,Person,PER,Ireland,IE,2016,2016,0
Annual,A,Total,TOTAL,Colombia,CO,Person,PER,Ireland,IE,2017,2017,0
Annual,A,Total,TOTAL,Colombia,CO,Person,PER,Ireland,IE,2018,2018,0
Annual,A,Total,TOTAL,Colombia,CO,Person,PER,Ireland,IE,2019,2019,0
Annual,A,Total,TOTAL,Colombia,CO,Person,PER,Ireland,IE,2020,2020,0
Annual,A,Total,TOTAL,Colombia,CO,Person,PER,Ireland,IE,2021,2021,0
Annual,A,Total,TOTAL,Colombia,CO,Person,PER,Ireland,IE,2022,2022,1
Annual,A,Total,TOTAL,Colombia,CO,Person,PER,Ireland,IE,2023,2023,1
Annual,A,Total,TOTAL,Colombia,CO,Person,PER,Ireland,IE,2024,2024,1
Annual,A,Total,TOTAL,Colombia,CO,Person,PER,Ireland,IE,2025,2025,1
Annual,A,Total,TOTAL,Ecuador,EC,Person,PER,Ireland,IE,2008,2008,8
Annual,A,Total,TOTAL,Ecuador,EC,Person,PER,Ireland,IE,2009,2009,3
Annual,A,Total,TOTAL,Ecuador,EC,Person,PER,Ireland,IE,2010,2010,1
Annual,A,Total,TOTAL,Ecuador,EC,Person,PER,Ireland,IE,2011,2011,1
Annual,A,Total,TOTAL,Ecuador,EC,Person,PER,Ireland,IE,2012,2012,1
Annual,A,Total,TOTAL,Ecuador,EC,Person,PER,Ireland,IE,2013,2013,1
Annual,A,Total,TOTAL,Ecuador,EC,Person,PER,Ireland,IE,2014,2014,1
Annual,A,Total,TOTAL,Ecuador,EC,Person,PER,Ireland,IE,2015,2015,1
Annual,A,Total,TOTAL,Ecuador,EC,Person,PER,Ireland,IE,2016,2016,1
Annual,A,Total,TOTAL,Ecuador,EC,Person,PER,Ireland,IE,2017,2017,1
Annual,A,Total,TOTAL,Ecuador,EC,Person,PER,Ireland,IE,2018,2018,0
Annual,A,Total,TOTAL,Ecuador,EC,Person,PER,Ireland,IE,2019,2019,1
Annual,A,Total,TOTAL,Ecuador,EC,Person,PER,Ireland,IE,2020,2020,1
Annual,A,Total,TOTAL,Ecuador,EC,Person,PER,Ireland,IE,2021,2021,1
Annual,A,Total,TOTAL,Ecuador,EC,Person,PER,Ireland,IE,2022,2022,1
Annual,A,Total,TOTAL,Ecuador,EC,Person,PER,Ireland,IE,2023,2023,1
Annual,A,Total,TOTAL,Ecuador,EC,Person,PER,Ireland,IE,2024,2024,0
Annual,A,Total,TOTAL,Ecuador,EC,Person,PER,Ireland,IE,2025,2025,1
Annual,A,Total,TOTAL,Guyana,GY,Person,PER,Ireland,IE,2008,2008,0
Annual,A,Total,TOTAL,Guyana,GY,Person,PER,Ireland,IE,2009,2009,0
Annual,A,Total,TOTAL,Guyana,GY,Person,PER,Ireland,IE,2010,2010,0
Annual,A,Total,TOTAL,Guyana,GY,Person,PER,Ireland,IE,2011,2011,1
Annual,A,Total,TOTAL,Guyana,GY,Person,PER,Ireland,IE,2012,2012,0
Annual,A,Total,TOTAL,Guyana,GY,Person,PER,Ireland,IE,2013,2013,0
Annual,A,Total,TOTAL,Guyana,GY,Person,PER,Ireland,IE,2014,2014,0
Annual,A,Total,TOTAL,Guyana,GY,Person,PER,Ireland,IE,2015,2015,0
Annual,A,Total,TOTAL,Guyana,GY,Person,PER,Ireland,IE,2016,2016,0
Annual,A,Total,TOTAL,Guyana,GY,Person,PER,Ireland,IE,2017,2017,0
Annual,A,Total,TOTAL,Guyana,GY,Person,PER,Ireland,IE,2018,2018,0
Annual,A,Total,TOTAL,Guyana,GY,Person,PER,Ireland,IE,2019,2019,0
Annual,A,Total,TOTAL,Guyana,GY,Person,PER,Ireland,IE,2020,2020,0
Annual,A,Total,TOTAL,Guyana,GY,Person,PER,Ireland,IE,2021,2021,0
Annual,A,Total,TOTAL,Guyana,GY,Person,PER,Ireland,IE,2022,2022,0
Annual,A,Total,TOTAL,Guyana,GY,Person,PER,Ireland,IE,2023,2023,0
Annual,A,Total,TOTAL,Guyana,GY,Person,PER,Ireland,IE,2024,2024,0
Annual,A,Total,TOTAL,Guyana,GY,Person,PER,Ireland,IE,2025,2025,0
Annual,A,Total,TOTAL,Paraguay,PY,Person,PER,Ireland,IE,2008,2008,0
Annual,A,Total,TOTAL,Paraguay,PY,Person,PER,Ireland,IE,2009,2009,0
Annual,A,Total,TOTAL,Paraguay,PY,Person,PER,Ireland,IE,2010,2010,1
Annual,A,Total,TOTAL,Paraguay,PY,Person,PER,Ireland,IE,2011,2011,1
Annual,A,Total,TOTAL,Paraguay,PY,Person,PER,Ireland,IE,2012,2012,1
Annual,A,Total,TOTAL,Paraguay,PY,Person,PER,Ireland,IE,2013,2013,1
Annual,A,Total,TOTAL,Paraguay,PY,Person,PER,Ireland,IE,2014,2014,2
Annual,A,Total,TOTAL,Paraguay,PY,Person,PER,Ireland,IE,2015,2015,1
Annual,A,Total,TOTAL,Paraguay,PY,Person,PER,Ireland,IE,2016,2016,0
Annual,A,Total,TOTAL,Paraguay,PY,Person,PER,Ireland,IE,2017,2017,0
Annual,A,Total,TOTAL,Paraguay,PY,Person,PER,Ireland,IE,2018,2018,0
Annual,A,Total,TOTAL,Paraguay,PY,Person,PER,Ireland,IE,2019,2019,0
Annual,A,Total,TOTAL,Paraguay,PY,Person,PER,Ireland,IE,2020,2020,0
Annual,A,Total,TOTAL,Paraguay,PY,Person,PER,Ireland,IE,2021,2021,0
Annual,A,Total,TOTAL,Paraguay,PY,Person,PER,Ireland,IE,2022,2022,0
Annual,A,Total,TOTAL,Paraguay,PY,Person,PER,Ireland,IE,2023,2023,0
Annual,A,Total,TOTAL,Paraguay,PY,Person,PER,Ireland,IE,2024,2024,0
Annual,A,Total,TOTAL,Paraguay,PY,Person,PER,Ireland,IE,2025,2025,0
Annual,A,Total,TOTAL,Peru,PE,Person,PER,Ireland,IE,2008,2008,1
Annual,A,Total,TOTAL,Peru,PE,Person,PER,Ireland,IE,2009,2009,1
Annual,A,Total,TOTAL,Peru,PE,Person,PER,Ireland,IE,2010,2010,8
Annual,A,Total,TOTAL,Peru,PE,Person,PER,Ireland,IE,2011,2011,5
Annual,A,Total,TOTAL,Peru,PE,Person,PER,Ireland,IE,2012,2012,3
Annual,A,Total,TOTAL,Peru,PE,Person,PER,Ireland,IE,2013,2013,2
Annual,A,Total,TOTAL,Peru,PE,Person,PER,Ireland,IE,2014,2014,2
Annual,A,Total,TOTAL,Peru,PE,Person,PER,Ireland,IE,2015,2015,2
Annual,A,Total,TOTAL,Peru,PE,Person,PER,Ireland,IE,2016,2016,2
Annual,A,Total,TOTAL,Peru,PE,Person,PER,Ireland,IE,2017,2017,2
Annual,A,Total,TOTAL,Peru,PE,Person,PER,Ireland,IE,2018,2018,1
Annual,A,Total,TOTAL,Peru,PE,Person,PER,Ireland,IE,2019,2019,1
Annual,A,Total,TOTAL,Peru,PE,Person,PER,Ireland,IE,2020,2020,1
Annual,A,Total,TOTAL,Peru,PE,Person,PER,Ireland,IE,2021,2021,1
Annual,A,Total,TOTAL,Peru,PE,Person,PER,Ireland,IE,2022,2022,1
Annual,A,Total,TOTAL,Peru,PE,Person,PER,Ireland,IE,2023,2023,2
Annual,A,Total,TOTAL,Peru,PE,Person,PER,Ireland,IE,2024,2024,2
Annual,A,Total,TOTAL,Peru,PE,Person,PER,Ireland,IE,2025,2025,2
Annual,A,Total,TOTAL,Suriname,SR,Person,PER,Ireland,IE,2008,2008,0
Annual,A,Total,TOTAL,Suriname,SR,Person,PER,Ireland,IE,2009,2009,0
Annual,A,Total,TOTAL,Suriname,SR,Person,PER,Ireland,IE,2010,2010,0
Annual,A,Total,TOTAL,Suriname,SR,Person,PER,Ireland,IE,2011,2011,0
Annual,A,Total,TOTAL,Suriname,SR,Person,PER,Ireland,IE,2012,2012,0
Annual,A,Total,TOTAL,Suriname,SR,Person,PER,Ireland,IE,2013,2013,0
Annual,A,Total,TOTAL,Suriname,SR,Person,PER,Ireland,IE,2014,2014,0
Annual,A,Total,TOTAL,Suriname,SR,Person,PER,Ireland,IE,2015,2015,0
Annual,A,Total,TOTAL,Suriname,SR,Person,PER,Ireland,IE,2016,2016,0
Annual,A,Total,TOTAL,Suriname,SR,Person,PER,Ireland,IE,2017,2017,0
Annual,A,Total,TOTAL,Suriname,SR,Person,PER,Ireland,IE,2018,2018,0
Annual,A,Total,TOTAL,Suriname,SR,Person,PER,Ireland,IE,2019,2019,0
Annual,A,Total,TOTAL,Suriname,SR,Person,PER,Ireland,IE,2020,2020,0
Annual,A,Total,TOTAL,Suriname,SR,Person,PER,Ireland,IE,2021,2021,0
Annual,A,Total,TOTAL,Suriname,SR,Person,PER,Ireland,IE,2022,2022,0
Annual,A,Total,TOTAL,Suriname,SR,Person,PER,Ireland,IE,2023,2023,0
Annual,A,Total,TOTAL,Suriname,SR,Person,PER,Ireland,IE,2024,2024,0
Annual,A,Total,TOTAL,Suriname,SR,Person,PER,Ireland,IE,2025,2025,0
Annual,A,Total,TOTAL,Uruguay,UY,Person,PER,Ireland,IE,2008,2008,0
Annual,A,Total,TOTAL,Uruguay,UY,Person,PER,Ireland,IE,2009,2009,0
Annual,A,Total,TOTAL,Uruguay,UY,Person,PER,Ireland,IE,2010,2010,0
Annual,A,Total,TOTAL,Uruguay,UY,Person,PER,Ireland,IE,2011,2011,0
Annual,A,Total,TOTAL,Uruguay,UY,Person,PER,Ireland,IE,2012,2012,1
Annual,A,Total,TOTAL,Uruguay,UY,Person,PER,Ireland,IE,2013,2013,1
Annual,A,Total,TOTAL,Uruguay,UY,Person,PER,Ireland,IE,2014,2014,1
Annual,A,Total,TOTAL,Uruguay,UY,Person,PER,Ireland,IE,2015,2015,1
Annual,A,Total,TOTAL,Uruguay,UY,Person,PER,Ireland,IE,2016,2016,1
Annual,A,Total,TOTAL,Uruguay,UY,Person,PER,Ireland,IE,2017,2017,1
Annual,A,Total,TOTAL,Uruguay,UY,Person,PER,Ireland,IE,2018,2018,0
Annual,A,Total,TOTAL,Uruguay,UY,Person,PER,Ireland,IE,2019,2019,1
Annual,A,Total,TOTAL,Uruguay,UY,Person,PER,Ireland,IE,2020,2020,1
Annual,A,Total,TOTAL,Uruguay,UY,Person,PER,Ireland,IE,2021,2021,1
Annual,A,Total,TOTAL,Uruguay,UY,Person,PER,Ireland,IE,2022,2022,1
Annual,A,Total,TOTAL,Uruguay,UY,Person,PER,Ireland,IE,2023,2023,1
Annual,A,Total,TOTAL,Uruguay,UY,Person,PER,Ireland,IE,2024,2024,1
Annual,A,Total,TOTAL,Uruguay,UY,Person,PER,Ireland,IE,2025,2025,1
Annual,A,Total,TOTAL,Venezuela,VE,Person,PER,Ireland,IE,2008,2008,1
Annual,A,Total,TOTAL,Venezuela,VE,Person,PER,Ireland,IE,2009,2009,0
Annual,A,Total,TOTAL,Venezuela,VE,Person,PER,Ireland,IE,2010,2010,6
Annual,A,Total,TOTAL,Venezuela,VE,Person,PER,Ireland,IE,2011,2011,3
Annual,A,Total,TOTAL,Venezuela,VE,Person,PER,Ireland,IE,2012,2012,1
Annual,A,Total,TOTAL,Venezuela,VE,Person,PER,Ireland,IE,2013,2013,1
Annual,A,Total,TOTAL,Venezuela,VE,Person,PER,Ireland,IE,2014,2014,1
Annual,A,Total,TOTAL,Venezuela,VE,Person,PER,Ireland,IE,2015,2015,1
Annual,A,Total,TOTAL,Venezuela,VE,Person,PER,Ireland,IE,2016,2016,0
Annual,A,Total,TOTAL,Venezuela,VE,Person,PER,Ireland,IE,2017,2017,0
Annual,A,Total,TOTAL,Venezuela,VE,Person,PER,Ireland,IE,2018,2018,0
Annual,A,Total,TOTAL,Venezuela,VE,Person,PER,Ireland,IE,2019,2019,0
Annual,A,Total,TOTAL,Venezuela,VE,Person,PER,Ireland,IE,2020,2020,0
Annual,A,Total,TOTAL,Venezuela,VE,Person,PER,Ireland,IE,2021,2021,1
Annual,A,Total,TOTAL,Venezuela,VE,Person,PER,Ireland,IE,2022,2022,3
Annual,A,Total,TOTAL,Venezuela,VE,Person,PER,Ireland,IE,2023,2023,2
Annual,A,Total,TOTAL,Venezuela,VE,Person,PER,Ireland,IE,2024,2024,3
Annual,A,Total,TOTAL,Venezuela,VE,Person,PER,Ireland,IE,2025,2025,2
Annual,A,Total,TOTAL,Kazakhstan,KZ,Person,PER,Ireland,IE,2008,2008,18
Annual,A,Total,TOTAL,Kazakhstan,KZ,Person,PER,Ireland,IE,2009,2009,15
Annual,A,Total,TOTAL,Kazakhstan,KZ,Person,PER,Ireland,IE,2010,2010,12
Annual,A,Total,TOTAL,Kazakhstan,KZ,Person,PER,Ireland,IE,2011,2011,10
Annual,A,Total,TOTAL,Kazakhstan,KZ,Person,PER,Ireland,IE,2012,2012,8
Annual,A,Total,TOTAL,Kazakhstan,KZ,Person,PER,Ireland,IE,2013,2013,2
Annual,A,Total,TOTAL,Kazakhstan,KZ,Person,PER,Ireland,IE,2014,2014,1
Annual,A,Total,TOTAL,Kazakhstan,KZ,Person,PER,Ireland,IE,2015,2015,1
Annual,A,Total,TOTAL,Kazakhstan,KZ,Person,PER,Ireland,IE,2016,2016,1
Annual,A,Total,TOTAL,Kazakhstan,KZ,Person,PER,Ireland,IE,2017,2017,1
Annual,A,Total,TOTAL,Kazakhstan,KZ,Person,PER,Ireland,IE,2018,2018,1
Annual,A,Total,TOTAL,Kazakhstan,KZ,Person,PER,Ireland,IE,2019,2019,0
Annual,A,Total,TOTAL,Kazakhstan,KZ,Person,PER,Ireland,IE,2020,2020,0
Annual,A,Total,TOTAL,Kazakhstan,KZ,Person,PER,Ireland,IE,2021,2021,0
Annual,A,Total,TOTAL,Kazakhstan,KZ,Person,PER,Ireland,IE,2022,2022,0
Annual,A,Total,TOTAL,Kazakhstan,KZ,Person,PER,Ireland,IE,2023,2023,1
Annual,A,Total,TOTAL,Kazakhstan,KZ,Person,PER,Ireland,IE,2024,2024,2
Annual,A,Total,TOTAL,Kazakhstan,KZ,Person,PER,Ireland,IE,2025,2025,2
Annual,A,Total,TOTAL,Kyrgyzstan,KG,Person,PER,Ireland,IE,2008,2008,9
Annual,A,Total,TOTAL,Kyrgyzstan,KG,Person,PER,Ireland,IE,2009,2009,6
Annual,A,Total,TOTAL,Kyrgyzstan,KG,Person,PER,Ireland,IE,2010,2010,3
Annual,A,Total,TOTAL,Kyrgyzstan,KG,Person,PER,Ireland,IE,2011,2011,0
Annual,A,Total,TOTAL,Kyrgyzstan,KG,Person,PER,Ireland,IE,2012,2012,0
Annual,A,Total,TOTAL,Kyrgyzstan,KG,Person,PER,Ireland,IE,2013,2013,0
Annual,A,Total,TOTAL,Kyrgyzstan,KG,Person,PER,Ireland,IE,2014,2014,0
Annual,A,Total,TOTAL,Kyrgyzstan,KG,Person,PER,Ireland,IE,2015,2015,0
Annual,A,Total,TOTAL,Kyrgyzstan,KG,Person,PER,Ireland,IE,2016,2016,0
Annual,A,Total,TOTAL,Kyrgyzstan,KG,Person,PER,Ireland,IE,2017,2017,0
Annual,A,Total,TOTAL,Kyrgyzstan,KG,Person,PER,Ireland,IE,2018,2018,0
Annual,A,Total,TOTAL,Kyrgyzstan,KG,Person,PER,Ireland,IE,2019,2019,0
Annual,A,Total,TOTAL,Kyrgyzstan,KG,Person,PER,Ireland,IE,2020,2020,0
Annual,A,Total,TOTAL,Kyrgyzstan,KG,Person,PER,Ireland,IE,2021,2021,0
Annual,A,Total,TOTAL,Kyrgyzstan,KG,Person,PER,Ireland,IE,2022,2022,0
Annual,A,Total,TOTAL,Kyrgyzstan,KG,Person,PER,Ireland,IE,2023,2023,0
Annual,A,Total,TOTAL,Kyrgyzstan,KG,Person,PER,Ireland,IE,2024,2024,0
Annual,A,Total,TOTAL,Kyrgyzstan,KG,Person,PER,Ireland,IE,2025,2025,0
Annual,A,Total,TOTAL,Tajikistan,TJ,Person,PER,Ireland,IE,2008,2008,3
Annual,A,Total,TOTAL,Tajikistan,TJ,Person,PER,Ireland,IE,2009,2009,3
Annual,A,Total,TOTAL,Tajikistan,TJ,Person,PER,Ireland,IE,2010,2010,0
Annual,A,Total,TOTAL,Tajikistan,TJ,Person,PER,Ireland,IE,2011,2011,0
Annual,A,Total,TOTAL,Tajikistan,TJ,Person,PER,Ireland,IE,2012,2012,0
Annual,A,Total,TOTAL,Tajikistan,TJ,Person,PER,Ireland,IE,2013,2013,0
Annual,A,Total,TOTAL,Tajikistan,TJ,Person,PER,Ireland,IE,2014,2014,0
Annual,A,Total,TOTAL,Tajikistan,TJ,Person,PER,Ireland,IE,2015,2015,0
Annual,A,Total,TOTAL,Tajikistan,TJ,Person,PER,Ireland,IE,2016,2016,0
Annual,A,Total,TOTAL,Tajikistan,TJ,Person,PER,Ireland,IE,2017,2017,0
Annual,A,Total,TOTAL,Tajikistan,TJ,Person,PER,Ireland,IE,2018,2018,0
Annual,A,Total,TOTAL,Tajikistan,TJ,Person,PER,Ireland,IE,2019,2019,0
Annual,A,Total,TOTAL,Tajikistan,TJ,Person,PER,Ireland,IE,2020,2020,0
Annual,A,Total,TOTAL,Tajikistan,TJ,Person,PER,Ireland,IE,2021,2021,0
Annual,A,Total,TOTAL,Tajikistan,TJ,Person,PER,Ireland,IE,2022,2022,0
Annual,A,Total,TOTAL,Tajikistan,TJ,Person,PER,Ireland,IE,2023,2023,0
Annual,A,Total,TOTAL,Tajikistan,TJ,Person,PER,Ireland,IE,2024,2024,0
Annual,A,Total,TOTAL,Tajikistan,TJ,Person,PER,Ireland,IE,2025,2025,0
Annual,A,Total,TOTAL,Turkmenistan,TM,Person,PER,Ireland,IE,2008,2008,1
Annual,A,Total,TOTAL,Turkmenistan,TM,Person,PER,Ireland,IE,2009,2009,1
Annual,A,Total,TOTAL,Turkmenistan,TM,Person,PER,Ireland,IE,2010,2010,0
Annual,A,Total,TOTAL,Turkmenistan,TM,Person,PER,Ireland,IE,2011,2011,0
Annual,A,Total,TOTAL,Turkmenistan,TM,Person,PER,Ireland,IE,2012,2012,0
Annual,A,Total,TOTAL,Turkmenistan,TM,Person,PER,Ireland,IE,2013,2013,0
Annual,A,Total,TOTAL,Turkmenistan,TM,Person,PER,Ireland,IE,2014,2014,0
Annual,A,Total,TOTAL,Turkmenistan,TM,Person,PER,Ireland,IE,2015,2015,0
Annual,A,Total,TOTAL,Turkmenistan,TM,Person,PER,Ireland,IE,2016,2016,0
Annual,A,Total,TOTAL,Turkmenistan,TM,Person,PER,Ireland,IE,2017,2017,0
Annual,A,Total,TOTAL,Turkmenistan,TM,Person,PER,Ireland,IE,2018,2018,0
Annual,A,Total,TOTAL,Turkmenistan,TM,Person,PER,Ireland,IE,2019,2019,0
Annual,A,Total,TOTAL,Turkmenistan,TM,Person,PER,Ireland,IE,2020,2020,0
Annual,A,Total,TOTAL,Turkmenistan,TM,Person,PER,Ireland,IE,2021,2021,0
Annual,A,Total,TOTAL,Turkmenistan,TM,Person,PER,Ireland,IE,2022,2022,0
Annual,A,Total,TOTAL,Turkmenistan,TM,Person,PER,Ireland,IE,2023,2023,0
Annual,A,Total,TOTAL,Turkmenistan,TM,Person,PER,Ireland,IE,2024,2024,0
Annual,A,Total,TOTAL,Turkmenistan,TM,Person,PER,Ireland,IE,2025,2025,0
Annual,A,Total,TOTAL,Uzbekistan,UZ,Person,PER,Ireland,IE,2008,2008,14
Annual,A,Total,TOTAL,Uzbekistan,UZ,Person,PER,Ireland,IE,2009,2009,15
Annual,A,Total,TOTAL,Uzbekistan,UZ,Person,PER,Ireland,IE,2010,2010,4
Annual,A,Total,TOTAL,Uzbekistan,UZ,Person,PER,Ireland,IE,2011,2011,1
Annual,A,Total,TOTAL,Uzbekistan,UZ,Person,PER,Ireland,IE,2012,2012,1
Annual,A,Total,TOTAL,Uzbekistan,UZ,Person,PER,Ireland,IE,2013,2013,1
Annual,A,Total,TOTAL,Uzbekistan,UZ,Person,PER,Ireland,IE,2014,2014,1
Annual,A,Total,TOTAL,Uzbekistan,UZ,Person,PER,Ireland,IE,2015,2015,2
Annual,A,Total,TOTAL,Uzbekistan,UZ,Person,PER,Ireland,IE,2016,2016,1
Annual,A,Total,TOTAL,Uzbekistan,UZ,Person,PER,Ireland,IE,2017,2017,2
Annual,A,Total,TOTAL,Uzbekistan,UZ,Person,PER,Ireland,IE,2018,2018,2
Annual,A,Total,TOTAL,Uzbekistan,UZ,Person,PER,Ireland,IE,2019,2019,1
Annual,A,Total,TOTAL,Uzbekistan,UZ,Person,PER,Ireland,IE,2020,2020,1
Annual,A,Total,TOTAL,Uzbekistan,UZ,Person,PER,Ireland,IE,2021,2021,1
Annual,A,Total,TOTAL,Uzbekistan,UZ,Person,PER,Ireland,IE,2022,2022,1
Annual,A,Total,TOTAL,Uzbekistan,UZ,Person,PER,Ireland,IE,2023,2023,1
Annual,A,Total,TOTAL,Uzbekistan,UZ,Person,PER,Ireland,IE,2024,2024,1
Annual,A,Total,TOTAL,Uzbekistan,UZ,Person,PER,Ireland,IE,2025,2025,1
Annual,A,Total,TOTAL,China,CN,Person,PER,Ireland,IE,2008,2008,196
Annual,A,Total,TOTAL,China,CN,Person,PER,Ireland,IE,2009,2009,302
Annual,A,Total,TOTAL,China,CN,Person,PER,Ireland,IE,2010,2010,491
Annual,A,Total,TOTAL,China,CN,Person,PER,Ireland,IE,2011,2011,551
Annual,A,Total,TOTAL,China,CN,Person,PER,Ireland,IE,2012,2012,473
Annual,A,Total,TOTAL,China,CN,Person,PER,Ireland,IE,2013,2013,362
Annual,A,Total,TOTAL,China,CN,Person,PER,Ireland,IE,2014,2014,327
Annual,A,Total,TOTAL,China,CN,Person,PER,Ireland,IE,2015,2015,316
Annual,A,Total,TOTAL,China,CN,Person,PER,Ireland,IE,2016,2016,245
Annual,A,Total,TOTAL,China,CN,Person,PER,Ireland,IE,2017,2017,253
Annual,A,Total,TOTAL,China,CN,Person,PER,Ireland,IE,2018,2018,225
Annual,A,Total,TOTAL,China,CN,Person,PER,Ireland,IE,2019,2019,211
Annual,A,Total,TOTAL,China,CN,Person,PER,Ireland,IE,2020,2020,200
Annual,A,Total,TOTAL,China,CN,Person,PER,Ireland,IE,2021,2021,236
Annual,A,Total,TOTAL,China,CN,Person,PER,Ireland,IE,2022,2022,259
Annual,A,Total,TOTAL,China,CN,Person,PER,Ireland,IE,2023,2023,284
Annual,A,Total,TOTAL,China,CN,Person,PER,Ireland,IE,2024,2024,306
Annual,A,Total,TOTAL,China,CN,Person,PER,Ireland,IE,2025,2025,325
Annual,A,Total,TOTAL,Japan,JP,Person,PER,Ireland,IE,2008,2008,136
Annual,A,Total,TOTAL,Japan,JP,Person,PER,Ireland,IE,2009,2009,99
Annual,A,Total,TOTAL,Japan,JP,Person,PER,Ireland,IE,2010,2010,18
Annual,A,Total,TOTAL,Japan,JP,Person,PER,Ireland,IE,2011,2011,26
Annual,A,Total,TOTAL,Japan,JP,Person,PER,Ireland,IE,2012,2012,30
Annual,A,Total,TOTAL,Japan,JP,Person,PER,Ireland,IE,2013,2013,25
Annual,A,Total,TOTAL,Japan,JP,Person,PER,Ireland,IE,2014,2014,24
Annual,A,Total,TOTAL,Japan,JP,Person,PER,Ireland,IE,2015,2015,25
Annual,A,Total,TOTAL,Japan,JP,Person,PER,Ireland,IE,2016,2016,23
Annual,A,Total,TOTAL,Japan,JP,Person,PER,Ireland,IE,2017,2017,22
Annual,A,Total,TOTAL,Japan,JP,Person,PER,Ireland,IE,2018,2018,22
Annual,A,Total,TOTAL,Japan,JP,Person,PER,Ireland,IE,2019,2019,24
Annual,A,Total,TOTAL,Japan,JP,Person,PER,Ireland,IE,2020,2020,25
Annual,A,Total,TOTAL,Japan,JP,Person,PER,Ireland,IE,2021,2021,34
Annual,A,Total,TOTAL,Japan,JP,Person,PER,Ireland,IE,2022,2022,39
Annual,A,Total,TOTAL,Japan,JP,Person,PER,Ireland,IE,2023,2023,44
Annual,A,Total,TOTAL,Japan,JP,Person,PER,Ireland,IE,2024,2024,47
Annual,A,Total,TOTAL,Japan,JP,Person,PER,Ireland,IE,2025,2025,46
Annual,A,Total,TOTAL,Mongolia,MN,Person,PER,Ireland,IE,2008,2008,2
Annual,A,Total,TOTAL,Mongolia,MN,Person,PER,Ireland,IE,2009,2009,3
Annual,A,Total,TOTAL,Mongolia,MN,Person,PER,Ireland,IE,2010,2010,6
Annual,A,Total,TOTAL,Mongolia,MN,Person,PER,Ireland,IE,2011,2011,6
Annual,A,Total,TOTAL,Mongolia,MN,Person,PER,Ireland,IE,2012,2012,4
Annual,A,Total,TOTAL,Mongolia,MN,Person,PER,Ireland,IE,2013,2013,3
Annual,A,Total,TOTAL,Mongolia,MN,Person,PER,Ireland,IE,2014,2014,1
Annual,A,Total,TOTAL,Mongolia,MN,Person,PER,Ireland,IE,2015,2015,1
Annual,A,Total,TOTAL,Mongolia,MN,Person,PER,Ireland,IE,2016,2016,1
Annual,A,Total,TOTAL,Mongolia,MN,Person,PER,Ireland,IE,2017,2017,1
Annual,A,Total,TOTAL,Mongolia,MN,Person,PER,Ireland,IE,2018,2018,1
Annual,A,Total,TOTAL,Mongolia,MN,Person,PER,Ireland,IE,2019,2019,0
Annual,A,Total,TOTAL,Mongolia,MN,Person,PER,Ireland,IE,2020,2020,0
Annual,A,Total,TOTAL,Mongolia,MN,Person,PER,Ireland,IE,2021,2021,0
Annual,A,Total,TOTAL,Mongolia,MN,Person,PER,Ireland,IE,2022,2022,0
Annual,A,Total,TOTAL,Mongolia,MN,Person,PER,Ireland,IE,2023,2023,0
Annual,A,Total,TOTAL,Mongolia,MN,Person,PER,Ireland,IE,2024,2024,0
Annual,A,Total,TOTAL,Mongolia,MN,Person,PER,Ireland,IE,2025,2025,0
Annual,A,Total,TOTAL,North Korea,KP,Person,PER,Ireland,IE,2008,2008,0
Annual,A,Total,TOTAL,North Korea,KP,Person,PER,Ireland,IE,2009,2009,0
Annual,A,Total,TOTAL,North Korea,KP,Person,PER,Ireland,IE,2010,2010,0
Annual,A,Total,TOTAL,North Korea,KP,Person,PER,Ireland,IE,2011,2011,0
Annual,A,Total,TOTAL,North Korea,KP,Person,PER,Ireland,IE,2012,2012,0
Annual,A,Total,TOTAL,North Korea,KP,Person,PER,Ireland,IE,2013,2013,0
Annual,A,Total,TOTAL,North Korea,KP,Person,PER,Ireland,IE,2014,2014,0
Annual,A,Total,TOTAL,North Korea,KP,Person,PER,Ireland,IE,2015,2015,0
Annual,A,Total,TOTAL,North Korea,KP,Person,PER,Ireland,IE,2016,2016,0
Annual,A,Total,TOTAL,North Korea,KP,Person,PER,Ireland,IE,2017,2017,0
Annual,A,Total,TOTAL,North Korea,KP,Person,PER,Ireland,IE,2018,2018,0
Annual,A,Total,TOTAL,North Korea,KP,Person,PER,Ireland,IE,2019,2019,0
Annual,A,Total,TOTAL,North Korea,KP,Person,PER,Ireland,IE,2020,2020,0
Annual,A,Total,TOTAL,North Korea,KP,Person,PER,Ireland,IE,2021,2021,0
Annual,A,Total,TOTAL,North Korea,KP,Person,PER,Ireland,IE,2022,2022,0
Annual,A,Total,TOTAL,North Korea,KP,Person,PER,Ireland,IE,2023,2023,0
Annual,A,Total,TOTAL,North Korea,KP,Person,PER,Ireland,IE,2024,2024,0
Annual,A,Total,TOTAL,North Korea,KP,Person,PER,Ireland,IE,2025,2025,0
Annual,A,Total,TOTAL,South Korea,KR,Person,PER,Ireland,IE,2008,2008,17
Annual,A,Total,TOTAL,South Korea,KR,Person,PER,Ireland,IE,2009,2009,16
Annual,A,Total,TOTAL,South Korea,KR,Person,PER,Ireland,IE,2010,2010,10
Annual,A,Total,TOTAL,South Korea,KR,Person,PER,Ireland,IE,2011,2011,9
Annual,A,Total,TOTAL,South Korea,KR,Person,PER,Ireland,IE,2012,2012,9
Annual,A,Total,TOTAL,South Korea,KR,Person,PER,Ireland,IE,2013,2013,6
Annual,A,Total,TOTAL,South Korea,KR,Person,PER,Ireland,IE,2014,2014,3
Annual,A,Total,TOTAL,South Korea,KR,Person,PER,Ireland,IE,2015,2015,5
Annual,A,Total,TOTAL,South Korea,KR,Person,PER,Ireland,IE,2016,2016,5
Annual,A,Total,TOTAL,South Korea,KR,Person,PER,Ireland,IE,2017,2017,5
Annual,A,Total,TOTAL,South Korea,KR,Person,PER,Ireland,IE,2018,2018,4
Annual,A,Total,TOTAL,South Korea,KR,Person,PER,Ireland,IE,2019,2019,4
Annual,A,Total,TOTAL,South Korea,KR,Person,PER,Ireland,IE,2020,2020,4
Annual,A,Total,TOTAL,South Korea,KR,Person,PER,Ireland,IE,2021,2021,7
Annual,A,Total,TOTAL,South Korea,KR,Person,PER,Ireland,IE,2022,2022,10
Annual,A,Total,TOTAL,South Korea,KR,Person,PER,Ireland,IE,2023,2023,12
Annual,A,Total,TOTAL,South Korea,KR,Person,PER,Ireland,IE,2024,2024,13
Annual,A,Total,TOTAL,South Korea,KR,Person,PER,Ireland,IE,2025,2025,13
Annual,A,Total,TOTAL,Taiwan,TW,Person,PER,Ireland,IE,2008,2008,3
Annual,A,Total,TOTAL,Taiwan,TW,Person,PER,Ireland,IE,2009,2009,1
Annual,A,Total,TOTAL,Taiwan,TW,Person,PER,Ireland,IE,2010,2010,0
Annual,A,Total,TOTAL,Taiwan,TW,Person,PER,Ireland,IE,2011,2011,1
Annual,A,Total,TOTAL,Taiwan,TW,Person,PER,Ireland,IE,2012,2012,0
Annual,A,Total,TOTAL,Taiwan,TW,Person,PER,Ireland,IE,2013,2013,0
Annual,A,Total,TOTAL,Taiwan,TW,Person,PER,Ireland,IE,2014,2014,0
Annual,A,Total,TOTAL,Taiwan,TW,Person,PER,Ireland,IE,2015,2015,0
Annual,A,Total,TOTAL,Taiwan,TW,Person,PER,Ireland,IE,2016,2016,0
Annual,A,Total,TOTAL,Taiwan,TW,Person,PER,Ireland,IE,2017,2017,0
Annual,A,Total,TOTAL,Taiwan,TW,Person,PER,Ireland,IE,2018,2018,0
Annual,A,Total,TOTAL,Taiwan,TW,Person,PER,Ireland,IE,2019,2019,0
Annual,A,Total,TOTAL,Taiwan,TW,Person,PER,Ireland,IE,2020,2020,0
Annual,A,Total,TOTAL,Taiwan,TW,Person,PER,Ireland,IE,2021,2021,0
Annual,A,Total,TOTAL,Taiwan,TW,Person,PER,Ireland,IE,2022,2022,1
Annual,A,Total,TOTAL,Taiwan,TW,Person,PER,Ireland,IE,2023,2023,1
Annual,A,Total,TOTAL,Taiwan,TW,Person,PER,Ireland,IE,2024,2024,3
Annual,A,Total,TOTAL,Taiwan,TW,Person,PER,Ireland,IE,2025,2025,3
Annual,A,Total,TOTAL,Afghanistan,AF,Person,PER,Ireland,IE,2008,2008,4
Annual,A,Total,TOTAL,Afghanistan,AF,Person,PER,Ireland,IE,2009,2009,3
Annual,A,Total,TOTAL,Afghanistan,AF,Person,PER,Ireland,IE,2010,2010,0
Annual,A,Total,TOTAL,Afghanistan,AF,Person,PER,Ireland,IE,2011,2011,0
Annual,A,Total,TOTAL,Afghanistan,AF,Person,PER,Ireland,IE,2012,2012,0
Annual,A,Total,TOTAL,Afghanistan,AF,Person,PER,Ireland,IE,2013,2013,0
Annual,A,Total,TOTAL,Afghanistan,AF,Person,PER,Ireland,IE,2014,2014,0
Annual,A,Total,TOTAL,Afghanistan,AF,Person,PER,Ireland,IE,2015,2015,0
Annual,A,Total,TOTAL,Afghanistan,AF,Person,PER,Ireland,IE,2016,2016,0
Annual,A,Total,TOTAL,Afghanistan,AF,Person,PER,Ireland,IE,2017,2017,0
Annual,A,Total,TOTAL,Afghanistan,AF,Person,PER,Ireland,IE,2018,2018,0
Annual,A,Total,TOTAL,Afghanistan,AF,Person,PER,Ireland,IE,2019,2019,0
Annual,A,Total,TOTAL,Afghanistan,AF,Person,PER,Ireland,IE,2020,2020,0
Annual,A,Total,TOTAL,Afghanistan,AF,Person,PER,Ireland,IE,2021,2021,0
Annual,A,Total,TOTAL,Afghanistan,AF,Person,PER,Ireland,IE,2022,2022,0
Annual,A,Total,TOTAL,Afghanistan,AF,Person,PER,Ireland,IE,2023,2023,0
Annual,A,Total,TOTAL,Afghanistan,AF,Person,PER,Ireland,IE,2024,2024,0
Annual,A,Total,TOTAL,Afghanistan,AF,Person,PER,Ireland,IE,2025,2025,0
Annual,A,Total,TOTAL,Bangladesh,BD,Person,PER,Ireland,IE,2008,2008,20
Annual,A,Total,TOTAL,Bangladesh,BD,Person,PER,Ireland,IE,2009,2009,31
Annual,A,Total,TOTAL,Bangladesh,BD,Person,PER,Ireland,IE,2010,2010,437
Annual,A,Total,TOTAL,Bangladesh,BD,Person,PER,Ireland,IE,2011,2011,171
Annual,A,Total,TOTAL,Bangladesh,BD,Person,PER,Ireland,IE,2012,2012,73
Annual,A,Total,TOTAL,Bangladesh,BD,Person,PER,Ireland,IE,2013,2013,24
Annual,A,Total,TOTAL,Bangladesh,BD,Person,PER,Ireland,IE,2014,2014,9
Annual,A,Total,TOTAL,Bangladesh,BD,Person,PER,Ireland,IE,2015,2015,3
Annual,A,Total,TOTAL,Bangladesh,BD,Person,PER,Ireland,IE,2016,2016,2
Annual,A,Total,TOTAL,Bangladesh,BD,Person,PER,Ireland,IE,2017,2017,3
Annual,A,Total,TOTAL,Bangladesh,BD,Person,PER,Ireland,IE,2018,2018,4
Annual,A,Total,TOTAL,Bangladesh,BD,Person,PER,Ireland,IE,2019,2019,4
Annual,A,Total,TOTAL,Bangladesh,BD,Person,PER,Ireland,IE,2020,2020,4
Annual,A,Total,TOTAL,Bangladesh,BD,Person,PER,Ireland,IE,2021,2021,4
Annual,A,Total,TOTAL,Bangladesh,BD,Person,PER,Ireland,IE,2022,2022,5
Annual,A,Total,TOTAL,Bangladesh,BD,Person,PER,Ireland,IE,2023,2023,4
Annual,A,Total,TOTAL,Bangladesh,BD,Person,PER,Ireland,IE,2024,2024,4
Annual,A,Total,TOTAL,Bangladesh,BD,Person,PER,Ireland,IE,2025,2025,4
Annual,A,Total,TOTAL,Bhutan,BT,Person,PER,Ireland,IE,2008,2008,0
Annual,A,Total,TOTAL,Bhutan,BT,Person,PER,Ireland,IE,2009,2009,0
Annual,A,Total,TOTAL,Bhutan,BT,Person,PER,Ireland,IE,2010,2010,1
Annual,A,Total,TOTAL,Bhutan,BT,Person,PER,Ireland,IE,2011,2011,1
Annual,A,Total,TOTAL,Bhutan,BT,Person,PER,Ireland,IE,2012,2012,1
Annual,A,Total,TOTAL,Bhutan,BT,Person,PER,Ireland,IE,2013,2013,1
Annual,A,Total,TOTAL,Bhutan,BT,Person,PER,Ireland,IE,2014,2014,1
Annual,A,Total,TOTAL,Bhutan,BT,Person,PER,Ireland,IE,2015,2015,1
Annual,A,Total,TOTAL,Bhutan,BT,Person,PER,Ireland,IE,2016,2016,1
Annual,A,Total,TOTAL,Bhutan,BT,Person,PER,Ireland,IE,2017,2017,1
Annual,A,Total,TOTAL,Bhutan,BT,Person,PER,Ireland,IE,2018,2018,1
Annual,A,Total,TOTAL,Bhutan,BT,Person,PER,Ireland,IE,2019,2019,1
Annual,A,Total,TOTAL,Bhutan,BT,Person,PER,Ireland,IE,2020,2020,1
Annual,A,Total,TOTAL,Bhutan,BT,Person,PER,Ireland,IE,2021,2021,1
Annual,A,Total,TOTAL,Bhutan,BT,Person,PER,Ireland,IE,2022,2022,1
Annual,A,Total,TOTAL,Bhutan,BT,Person,PER,Ireland,IE,2023,2023,1
Annual,A,Total,TOTAL,Bhutan,BT,Person,PER,Ireland,IE,2024,2024,1
Annual,A,Total,TOTAL,Bhutan,BT,Person,PER,Ireland,IE,2025,2025,1
Annual,A,Total,TOTAL,India,IN,Person,PER,Ireland,IE,2008,2008,141
Annual,A,Total,TOTAL,India,IN,Person,PER,Ireland,IE,2009,2009,163
Annual,A,Total,TOTAL,India,IN,Person,PER,Ireland,IE,2010,2010,833
Annual,A,Total,TOTAL,India,IN,Person,PER,Ireland,IE,2011,2011,878
Annual,A,Total,TOTAL,India,IN,Person,PER,Ireland,IE,2012,2012,655
Annual,A,Total,TOTAL,India,IN,Person,PER,Ireland,IE,2013,2013,348
Annual,A,Total,TOTAL,India,IN,Person,PER,Ireland,IE,2014,2014,244
Annual,A,Total,TOTAL,India,IN,Person,PER,Ireland,IE,2015,2015,203
Annual,A,Total,TOTAL,India,IN,Person,PER,Ireland,IE,2016,2016,119
Annual,A,Total,TOTAL,India,IN,Person,PER,Ireland,IE,2017,2017,115
Annual,A,Total,TOTAL,India,IN,Person,PER,Ireland,IE,2018,2018,104
Annual,A,Total,TOTAL,India,IN,Person,PER,Ireland,IE,2019,2019,95
Annual,A,Total,TOTAL,India,IN,Person,PER,Ireland,IE,2020,2020,94
Annual,A,Total,TOTAL,India,IN,Person,PER,Ireland,IE,2021,2021,129
Annual,A,Total,TOTAL,India,IN,Person,PER,Ireland,IE,2022,2022,175
Annual,A,Total,TOTAL,India,IN,Person,PER,Ireland,IE,2023,2023,211
Annual,A,Total,TOTAL,India,IN,Person,PER,Ireland,IE,2024,2024,255
Annual,A,Total,TOTAL,India,IN,Person,PER,Ireland,IE,2025,2025,271
Annual,A,Total,TOTAL,Iran,IR,Person,PER,Ireland,IE,2008,2008,4
Annual,A,Total,TOTAL,Iran,IR,Person,PER,Ireland,IE,2009,2009,2
Annual,A,Total,TOTAL,Iran,IR,Person,PER,Ireland,IE,2010,2010,15
Annual,A,Total,TOTAL,Iran,IR,Person,PER,Ireland,IE,2011,2011,11
Annual,A,Total,TOTAL,Iran,IR,Person,PER,Ireland,IE,2012,2012,8
Annual,A,Total,TOTAL,Iran,IR,Person,PER,Ireland,IE,2013,2013,3
Annual,A,Total,TOTAL,Iran,IR,Person,PER,Ireland,IE,2014,2014,4
Annual,A,Total,TOTAL,Iran,IR,Person,PER,Ireland,IE,2015,2015,3
Annual,A,Total,TOTAL,Iran,IR,Person,PER,Ireland,IE,2016,2016,1
Annual,A,Total,TOTAL,Iran,IR,Person,PER,Ireland,IE,2017,2017,1
Annual,A,Total,TOTAL,Iran,IR,Person,PER,Ireland,IE,2018,2018,2
Annual,A,Total,TOTAL,Iran,IR,Person,PER,Ireland,IE,2019,2019,1
Annual,A,Total,TOTAL,Iran,IR,Person,PER,Ireland,IE,2020,2020,1
Annual,A,Total,TOTAL,Iran,IR,Person,PER,Ireland,IE,2021,2021,3
Annual,A,Total,TOTAL,Iran,IR,Person,PER,Ireland,IE,2022,2022,3
Annual,A,Total,TOTAL,Iran,IR,Person,PER,Ireland,IE,2023,2023,4
Annual,A,Total,TOTAL,Iran,IR,Person,PER,Ireland,IE,2024,2024,8
Annual,A,Total,TOTAL,Iran,IR,Person,PER,Ireland,IE,2025,2025,9
Annual,A,Total,TOTAL,Maldives,MV,Person,PER,Ireland,IE,2008,2008,0
Annual,A,Total,TOTAL,Maldives,MV,Person,PER,Ireland,IE,2009,2009,0
Annual,A,Total,TOTAL,Maldives,MV,Person,PER,Ireland,IE,2010,2010,0
Annual,A,Total,TOTAL,Maldives,MV,Person,PER,Ireland,IE,2011,2011,0
Annual,A,Total,TOTAL,Maldives,MV,Person,PER,Ireland,IE,2012,2012,0
Annual,A,Total,TOTAL,Maldives,MV,Person,PER,Ireland,IE,2013,2013,0
Annual,A,Total,TOTAL,Maldives,MV,Person,PER,Ireland,IE,2014,2014,0
Annual,A,Total,TOTAL,Maldives,MV,Person,PER,Ireland,IE,2015,2015,0
Annual,A,Total,TOTAL,Maldives,MV,Person,PER,Ireland,IE,2016,2016,0
Annual,A,Total,TOTAL,Maldives,MV,Person,PER,Ireland,IE,2017,2017,0
Annual,A,Total,TOTAL,Maldives,MV,Person,PER,Ireland,IE,2018,2018,0
Annual,A,Total,TOTAL,Maldives,MV,Person,PER,Ireland,IE,2019,2019,0
Annual,A,Total,TOTAL,Maldives,MV,Person,PER,Ireland,IE,2020,2020,0
Annual,A,Total,TOTAL,Maldives,MV,Person,PER,Ireland,IE,2021,2021,0
Annual,A,Total,TOTAL,Maldives,MV,Person,PER,Ireland,IE,2022,2022,0
Annual,A,Total,TOTAL,Maldives,MV,Person,PER,Ireland,IE,2023,2023,0
Annual,A,Total,TOTAL,Maldives,MV,Person,PER,Ireland,IE,2024,2024,0
Annual,A,Total,TOTAL,Maldives,MV,Person,PER,Ireland,IE,2025,2025,0
Annual,A,Total,TOTAL,Nepal,NP,Person,PER,Ireland,IE,2008,2008,7
Annual,A,Total,TOTAL,Nepal,NP,Person,PER,Ireland,IE,2009,2009,10
Annual,A,Total,TOTAL,Nepal,NP,Person,PER,Ireland,IE,2010,2010,19
Annual,A,Total,TOTAL,Nepal,NP,Person,PER,Ireland,IE,2011,2011,29
Annual,A,Total,TOTAL,Nepal,NP,Person,PER,Ireland,IE,2012,2012,19
Annual,A,Total,TOTAL,Nepal,NP,Person,PER,Ireland,IE,2013,2013,3
Annual,A,Total,TOTAL,Nepal,NP,Person,PER,Ireland,IE,2014,2014,2
Annual,A,Total,TOTAL,Nepal,NP,Person,PER,Ireland,IE,2015,2015,1
Annual,A,Total,TOTAL,Nepal,NP,Person,PER,Ireland,IE,2016,2016,1
Annual,A,Total,TOTAL,Nepal,NP,Person,PER,Ireland,IE,2017,2017,1
Annual,A,Total,TOTAL,Nepal,NP,Person,PER,Ireland,IE,2018,2018,1
Annual,A,Total,TOTAL,Nepal,NP,Person,PER,Ireland,IE,2019,2019,1
Annual,A,Total,TOTAL,Nepal,NP,Person,PER,Ireland,IE,2020,2020,1
Annual,A,Total,TOTAL,Nepal,NP,Person,PER,Ireland,IE,2021,2021,0
Annual,A,Total,TOTAL,Nepal,NP,Person,PER,Ireland,IE,2022,2022,1
Annual,A,Total,TOTAL,Nepal,NP,Person,PER,Ireland,IE,2023,2023,3
Annual,A,Total,TOTAL,Nepal,NP,Person,PER,Ireland,IE,2024,2024,7
Annual,A,Total,TOTAL,Nepal,NP,Person,PER,Ireland,IE,2025,2025,9
Annual,A,Total,TOTAL,Pakistan,PK,Person,PER,Ireland,IE,2008,2008,20
Annual,A,Total,TOTAL,Pakistan,PK,Person,PER,Ireland,IE,2009,2009,19
Annual,A,Total,TOTAL,Pakistan,PK,Person,PER,Ireland,IE,2010,2010,379
Annual,A,Total,TOTAL,Pakistan,PK,Person,PER,Ireland,IE,2011,2011,377
Annual,A,Total,TOTAL,Pakistan,PK,Person,PER,Ireland,IE,2012,2012,307
Annual,A,Total,TOTAL,Pakistan,PK,Person,PER,Ireland,IE,2013,2013,98
Annual,A,Total,TOTAL,Pakistan,PK,Person,PER,Ireland,IE,2014,2014,35
Annual,A,Total,TOTAL,Pakistan,PK,Person,PER,Ireland,IE,2015,2015,32
Annual,A,Total,TOTAL,Pakistan,PK,Person,PER,Ireland,IE,2016,2016,21
Annual,A,Total,TOTAL,Pakistan,PK,Person,PER,Ireland,IE,2017,2017,21
Annual,A,Total,TOTAL,Pakistan,PK,Person,PER,Ireland,IE,2018,2018,19
Annual,A,Total,TOTAL,Pakistan,PK,Person,PER,Ireland,IE,2019,2019,19
Annual,A,Total,TOTAL,Pakistan,PK,Person,PER,Ireland,IE,2020,2020,22
Annual,A,Total,TOTAL,Pakistan,PK,Person,PER,Ireland,IE,2021,2021,51
Annual,A,Total,TOTAL,Pakistan,PK,Person,PER,Ireland,IE,2022,2022,70
Annual,A,Total,TOTAL,Pakistan,PK,Person,PER,Ireland,IE,2023,2023,75
Annual,A,Total,TOTAL,Pakistan,PK,Person,PER,Ireland,IE,2024,2024,73
Annual,A,Total,TOTAL,Pakistan,PK,Person,PER,Ireland,IE,2025,2025,74
Annual,A,Total,TOTAL,Sri Lanka,LK,Person,PER,Ireland,IE,2008,2008,6
Annual,A,Total,TOTAL,Sri Lanka,LK,Person,PER,Ireland,IE,2009,2009,7
Annual,A,Total,TOTAL,Sri Lanka,LK,Person,PER,Ireland,IE,2010,2010,71
Annual,A,Total,TOTAL,Sri Lanka,LK,Person,PER,Ireland,IE,2011,2011,58
Annual,A,Total,TOTAL,Sri Lanka,LK,Person,PER,Ireland,IE,2012,2012,28
Annual,A,Total,TOTAL,Sri Lanka,LK,Person,PER,Ireland,IE,2013,2013,14
Annual,A,Total,TOTAL,Sri Lanka,LK,Person,PER,Ireland,IE,2014,2014,9
Annual,A,Total,TOTAL,Sri Lanka,LK,Person,PER,Ireland,IE,2015,2015,10
Annual,A,Total,TOTAL,Sri Lanka,LK,Person,PER,Ireland,IE,2016,2016,8
Annual,A,Total,TOTAL,Sri Lanka,LK,Person,PER,Ireland,IE,2017,2017,9
Annual,A,Total,TOTAL,Sri Lanka,LK,Person,PER,Ireland,IE,2018,2018,8
Annual,A,Total,TOTAL,Sri Lanka,LK,Person,PER,Ireland,IE,2019,2019,8
Annual,A,Total,TOTAL,Sri Lanka,LK,Person,PER,Ireland,IE,2020,2020,9
Annual,A,Total,TOTAL,Sri Lanka,LK,Person,PER,Ireland,IE,2021,2021,9
Annual,A,Total,TOTAL,Sri Lanka,LK,Person,PER,Ireland,IE,2022,2022,8
Annual,A,Total,TOTAL,Sri Lanka,LK,Person,PER,Ireland,IE,2023,2023,9
Annual,A,Total,TOTAL,Sri Lanka,LK,Person,PER,Ireland,IE,2024,2024,8
Annual,A,Total,TOTAL,Sri Lanka,LK,Person,PER,Ireland,IE,2025,2025,7
Annual,A,Total,TOTAL,Brunei Darussalam,BN,Person,PER,Ireland,IE,2008,2008,0
Annual,A,Total,TOTAL,Brunei Darussalam,BN,Person,PER,Ireland,IE,2009,2009,0
Annual,A,Total,TOTAL,Brunei Darussalam,BN,Person,PER,Ireland,IE,2010,2010,1
Annual,A,Total,TOTAL,Brunei Darussalam,BN,Person,PER,Ireland,IE,2011,2011,1
Annual,A,Total,TOTAL,Brunei Darussalam,BN,Person,PER,Ireland,IE,2012,2012,1
Annual,A,Total,TOTAL,Brunei Darussalam,BN,Person,PER,Ireland,IE,2013,2013,1
Annual,A,Total,TOTAL,Brunei Darussalam,BN,Person,PER,Ireland,IE,2014,2014,0
Annual,A,Total,TOTAL,Brunei Darussalam,BN,Person,PER,Ireland,IE,2015,2015,0
Annual,A,Total,TOTAL,Brunei Darussalam,BN,Person,PER,Ireland,IE,2016,2016,0
Annual,A,Total,TOTAL,Brunei Darussalam,BN,Person,PER,Ireland,IE,2017,2017,0
Annual,A,Total,TOTAL,Brunei Darussalam,BN,Person,PER,Ireland,IE,2018,2018,0
Annual,A,Total,TOTAL,Brunei Darussalam,BN,Person,PER,Ireland,IE,2019,2019,0
Annual,A,Total,TOTAL,Brunei Darussalam,BN,Person,PER,Ireland,IE,2020,2020,0
Annual,A,Total,TOTAL,Brunei Darussalam,BN,Person,PER,Ireland,IE,2021,2021,0
Annual,A,Total,TOTAL,Brunei Darussalam,BN,Person,PER,Ireland,IE,2022,2022,0
Annual,A,Total,TOTAL,Brunei Darussalam,BN,Person,PER,Ireland,IE,2023,2023,0
Annual,A,Total,TOTAL,Brunei Darussalam,BN,Person,PER,Ireland,IE,2024,2024,0
Annual,A,Total,TOTAL,Brunei Darussalam,BN,Person,PER,Ireland,IE,2025,2025,0
Annual,A,Total,TOTAL,Cambodia,KH,Person,PER,Ireland,IE,2008,2008,0
Annual,A,Total,TOTAL,Cambodia,KH,Person,PER,Ireland,IE,2009,2009,0
Annual,A,Total,TOTAL,Cambodia,KH,Person,PER,Ireland,IE,2010,2010,0
Annual,A,Total,TOTAL,Cambodia,KH,Person,PER,Ireland,IE,2011,2011,0
Annual,A,Total,TOTAL,Cambodia,KH,Person,PER,Ireland,IE,2012,2012,0
Annual,A,Total,TOTAL,Cambodia,KH,Person,PER,Ireland,IE,2013,2013,0
Annual,A,Total,TOTAL,Cambodia,KH,Person,PER,Ireland,IE,2014,2014,0
Annual,A,Total,TOTAL,Cambodia,KH,Person,PER,Ireland,IE,2015,2015,0
Annual,A,Total,TOTAL,Cambodia,KH,Person,PER,Ireland,IE,2016,2016,0
Annual,A,Total,TOTAL,Cambodia,KH,Person,PER,Ireland,IE,2017,2017,0
Annual,A,Total,TOTAL,Cambodia,KH,Person,PER,Ireland,IE,2018,2018,0
Annual,A,Total,TOTAL,Cambodia,KH,Person,PER,Ireland,IE,2019,2019,0
Annual,A,Total,TOTAL,Cambodia,KH,Person,PER,Ireland,IE,2020,2020,0
Annual,A,Total,TOTAL,Cambodia,KH,Person,PER,Ireland,IE,2021,2021,0
Annual,A,Total,TOTAL,Cambodia,KH,Person,PER,Ireland,IE,2022,2022,0
Annual,A,Total,TOTAL,Cambodia,KH,Person,PER,Ireland,IE,2023,2023,0
Annual,A,Total,TOTAL,Cambodia,KH,Person,PER,Ireland,IE,2024,2024,0
Annual,A,Total,TOTAL,Cambodia,KH,Person,PER,Ireland,IE,2025,2025,0
Annual,A,Total,TOTAL,Indonesia,ID,Person,PER,Ireland,IE,2008,2008,2
Annual,A,Total,TOTAL,Indonesia,ID,Person,PER,Ireland,IE,2009,2009,2
Annual,A,Total,TOTAL,Indonesia,ID,Person,PER,Ireland,IE,2010,2010,20
Annual,A,Total,TOTAL,Indonesia,ID,Person,PER,Ireland,IE,2011,2011,22
Annual,A,Total,TOTAL,Indonesia,ID,Person,PER,Ireland,IE,2012,2012,19
Annual,A,Total,TOTAL,Indonesia,ID,Person,PER,Ireland,IE,2013,2013,16
Annual,A,Total,TOTAL,Indonesia,ID,Person,PER,Ireland,IE,2014,2014,13
Annual,A,Total,TOTAL,Indonesia,ID,Person,PER,Ireland,IE,2015,2015,10
Annual,A,Total,TOTAL,Indonesia,ID,Person,PER,Ireland,IE,2016,2016,9
Annual,A,Total,TOTAL,Indonesia,ID,Person,PER,Ireland,IE,2017,2017,11
Annual,A,Total,TOTAL,Indonesia,ID,Person,PER,Ireland,IE,2018,2018,11
Annual,A,Total,TOTAL,Indonesia,ID,Person,PER,Ireland,IE,2019,2019,10
Annual,A,Total,TOTAL,Indonesia,ID,Person,PER,Ireland,IE,2020,2020,9
Annual,A,Total,TOTAL,Indonesia,ID,Person,PER,Ireland,IE,2021,2021,9
Annual,A,Total,TOTAL,Indonesia,ID,Person,PER,Ireland,IE,2022,2022,9
Annual,A,Total,TOTAL,Indonesia,ID,Person,PER,Ireland,IE,2023,2023,10
Annual,A,Total,TOTAL,Indonesia,ID,Person,PER,Ireland,IE,2024,2024,12
Annual,A,Total,TOTAL,Indonesia,ID,Person,PER,Ireland,IE,2025,2025,13
Annual,A,Total,TOTAL,Laos,LA,Person,PER,Ireland,IE,2008,2008,0
Annual,A,Total,TOTAL,Laos,LA,Person,PER,Ireland,IE,2009,2009,0
Annual,A,Total,TOTAL,Laos,LA,Person,PER,Ireland,IE,2010,2010,0
Annual,A,Total,TOTAL,Laos,LA,Person,PER,Ireland,IE,2011,2011,0
Annual,A,Total,TOTAL,Laos,LA,Person,PER,Ireland,IE,2012,2012,0
Annual,A,Total,TOTAL,Laos,LA,Person,PER,Ireland,IE,2013,2013,0
Annual,A,Total,TOTAL,Laos,LA,Person,PER,Ireland,IE,2014,2014,0
Annual,A,Total,TOTAL,Laos,LA,Person,PER,Ireland,IE,2015,2015,0
Annual,A,Total,TOTAL,Laos,LA,Person,PER,Ireland,IE,2016,2016,0
Annual,A,Total,TOTAL,Laos,LA,Person,PER,Ireland,IE,2017,2017,0
Annual,A,Total,TOTAL,Laos,LA,Person,PER,Ireland,IE,2018,2018,0
Annual,A,Total,TOTAL,Laos,LA,Person,PER,Ireland,IE,2019,2019,0
Annual,A,Total,TOTAL,Laos,LA,Person,PER,Ireland,IE,2020,2020,0
Annual,A,Total,TOTAL,Laos,LA,Person,PER,Ireland,IE,2021,2021,0
Annual,A,Total,TOTAL,Laos,LA,Person,PER,Ireland,IE,2022,2022,0
Annual,A,Total,TOTAL,Laos,LA,Person,PER,Ireland,IE,2023,2023,0
Annual,A,Total,TOTAL,Laos,LA,Person,PER,Ireland,IE,2024,2024,0
Annual,A,Total,TOTAL,Laos,LA,Person,PER,Ireland,IE,2025,2025,0
Annual,A,Total,TOTAL,Malaysia,MY,Person,PER,Ireland,IE,2008,2008,31
Annual,A,Total,TOTAL,Malaysia,MY,Person,PER,Ireland,IE,2009,2009,36
Annual,A,Total,TOTAL,Malaysia,MY,Person,PER,Ireland,IE,2010,2010,298
Annual,A,Total,TOTAL,Malaysia,MY,Person,PER,Ireland,IE,2011,2011,330
Annual,A,Total,TOTAL,Malaysia,MY,Person,PER,Ireland,IE,2012,2012,333
Annual,A,Total,TOTAL,Malaysia,MY,Person,PER,Ireland,IE,2013,2013,288
Annual,A,Total,TOTAL,Malaysia,MY,Person,PER,Ireland,IE,2014,2014,246
Annual,A,Total,TOTAL,Malaysia,MY,Person,PER,Ireland,IE,2015,2015,233
Annual,A,Total,TOTAL,Malaysia,MY,Person,PER,Ireland,IE,2016,2016,189
Annual,A,Total,TOTAL,Malaysia,MY,Person,PER,Ireland,IE,2017,2017,194
Annual,A,Total,TOTAL,Malaysia,MY,Person,PER,Ireland,IE,2018,2018,168
Annual,A,Total,TOTAL,Malaysia,MY,Person,PER,Ireland,IE,2019,2019,158
Annual,A,Total,TOTAL,Malaysia,MY,Person,PER,Ireland,IE,2020,2020,142
Annual,A,Total,TOTAL,Malaysia,MY,Person,PER,Ireland,IE,2021,2021,154
Annual,A,Total,TOTAL,Malaysia,MY,Person,PER,Ireland,IE,2022,2022,163
Annual,A,Total,TOTAL,Malaysia,MY,Person,PER,Ireland,IE,2023,2023,165
Annual,A,Total,TOTAL,Malaysia,MY,Person,PER,Ireland,IE,2024,2024,175
Annual,A,Total,TOTAL,Malaysia,MY,Person,PER,Ireland,IE,2025,2025,167
Annual,A,Total,TOTAL,Myanmar/Burma,MM,Person,PER,Ireland,IE,2008,2008,0
Annual,A,Total,TOTAL,Myanmar/Burma,MM,Person,PER,Ireland,IE,2009,2009,0
Annual,A,Total,TOTAL,Myanmar/Burma,MM,Person,PER,Ireland,IE,2010,2010,21
Annual,A,Total,TOTAL,Myanmar/Burma,MM,Person,PER,Ireland,IE,2011,2011,17
Annual,A,Total,TOTAL,Myanmar/Burma,MM,Person,PER,Ireland,IE,2012,2012,4
Annual,A,Total,TOTAL,Myanmar/Burma,MM,Person,PER,Ireland,IE,2013,2013,1
Annual,A,Total,TOTAL,Myanmar/Burma,MM,Person,PER,Ireland,IE,2014,2014,1
Annual,A,Total,TOTAL,Myanmar/Burma,MM,Person,PER,Ireland,IE,2015,2015,1
Annual,A,Total,TOTAL,Myanmar/Burma,MM,Person,PER,Ireland,IE,2016,2016,1
Annual,A,Total,TOTAL,Myanmar/Burma,MM,Person,PER,Ireland,IE,2017,2017,1
Annual,A,Total,TOTAL,Myanmar/Burma,MM,Person,PER,Ireland,IE,2018,2018,0
Annual,A,Total,TOTAL,Myanmar/Burma,MM,Person,PER,Ireland,IE,2019,2019,0
Annual,A,Total,TOTAL,Myanmar/Burma,MM,Person,PER,Ireland,IE,2020,2020,0
Annual,A,Total,TOTAL,Myanmar/Burma,MM,Person,PER,Ireland,IE,2021,2021,0
Annual,A,Total,TOTAL,Myanmar/Burma,MM,Person,PER,Ireland,IE,2022,2022,0
Annual,A,Total,TOTAL,Myanmar/Burma,MM,Person,PER,Ireland,IE,2023,2023,0
Annual,A,Total,TOTAL,Myanmar/Burma,MM,Person,PER,Ireland,IE,2024,2024,0
Annual,A,Total,TOTAL,Myanmar/Burma,MM,Person,PER,Ireland,IE,2025,2025,0
Annual,A,Total,TOTAL,Philippines,PH,Person,PER,Ireland,IE,2008,2008,25
Annual,A,Total,TOTAL,Philippines,PH,Person,PER,Ireland,IE,2009,2009,31
Annual,A,Total,TOTAL,Philippines,PH,Person,PER,Ireland,IE,2010,2010,2674
Annual,A,Total,TOTAL,Philippines,PH,Person,PER,Ireland,IE,2011,2011,2377
Annual,A,Total,TOTAL,Philippines,PH,Person,PER,Ireland,IE,2012,2012,1579
Annual,A,Total,TOTAL,Philippines,PH,Person,PER,Ireland,IE,2013,2013,821
Annual,A,Total,TOTAL,Philippines,PH,Person,PER,Ireland,IE,2014,2014,496
Annual,A,Total,TOTAL,Philippines,PH,Person,PER,Ireland,IE,2015,2015,434
Annual,A,Total,TOTAL,Philippines,PH,Person,PER,Ireland,IE,2016,2016,338
Annual,A,Total,TOTAL,Philippines,PH,Person,PER,Ireland,IE,2017,2017,340
Annual,A,Total,TOTAL,Philippines,PH,Person,PER,Ireland,IE,2018,2018,284
Annual,A,Total,TOTAL,Philippines,PH,Person,PER,Ireland,IE,2019,2019,234
Annual,A,Total,TOTAL,Philippines,PH,Person,PER,Ireland,IE,2020,2020,214
Annual,A,Total,TOTAL,Philippines,PH,Person,PER,Ireland,IE,2021,2021,206
Annual,A,Total,TOTAL,Philippines,PH,Person,PER,Ireland,IE,2022,2022,211
Annual,A,Total,TOTAL,Philippines,PH,Person,PER,Ireland,IE,2023,2023,212
Annual,A,Total,TOTAL,Philippines,PH,Person,PER,Ireland,IE,2024,2024,202
Annual,A,Total,TOTAL,Philippines,PH,Person,PER,Ireland,IE,2025,2025,188
Annual,A,Total,TOTAL,Singapore,SG,Person,PER,Ireland,IE,2008,2008,9
Annual,A,Total,TOTAL,Singapore,SG,Person,PER,Ireland,IE,2009,2009,7
Annual,A,Total,TOTAL,Singapore,SG,Person,PER,Ireland,IE,2010,2010,2
Annual,A,Total,TOTAL,Singapore,SG,Person,PER,Ireland,IE,2011,2011,2
Annual,A,Total,TOTAL,Singapore,SG,Person,PER,Ireland,IE,2012,2012,2
Annual,A,Total,TOTAL,Singapore,SG,Person,PER,Ireland,IE,2013,2013,2
Annual,A,Total,TOTAL,Singapore,SG,Person,PER,Ireland,IE,2014,2014,1
Annual,A,Total,TOTAL,Singapore,SG,Person,PER,Ireland,IE,2015,2015,2
Annual,A,Total,TOTAL,Singapore,SG,Person,PER,Ireland,IE,2016,2016,2
Annual,A,Total,TOTAL,Singapore,SG,Person,PER,Ireland,IE,2017,2017,3
Annual,A,Total,TOTAL,Singapore,SG,Person,PER,Ireland,IE,2018,2018,3
Annual,A,Total,TOTAL,Singapore,SG,Person,PER,Ireland,IE,2019,2019,2
Annual,A,Total,TOTAL,Singapore,SG,Person,PER,Ireland,IE,2020,2020,2
Annual,A,Total,TOTAL,Singapore,SG,Person,PER,Ireland,IE,2021,2021,4
Annual,A,Total,TOTAL,Singapore,SG,Person,PER,Ireland,IE,2022,2022,4
Annual,A,Total,TOTAL,Singapore,SG,Person,PER,Ireland,IE,2023,2023,5
Annual,A,Total,TOTAL,Singapore,SG,Person,PER,Ireland,IE,2024,2024,7
Annual,A,Total,TOTAL,Singapore,SG,Person,PER,Ireland,IE,2025,2025,8
Annual,A,Total,TOTAL,Thailand,TH,Person,PER,Ireland,IE,2008,2008,10
Annual,A,Total,TOTAL,Thailand,TH,Person,PER,Ireland,IE,2009,2009,8
Annual,A,Total,TOTAL,Thailand,TH,Person,PER,Ireland,IE,2010,2010,199
Annual,A,Total,TOTAL,Thailand,TH,Person,PER,Ireland,IE,2011,2011,253
Annual,A,Total,TOTAL,Thailand,TH,Person,PER,Ireland,IE,2012,2012,244
Annual,A,Total,TOTAL,Thailand,TH,Person,PER,Ireland,IE,2013,2013,171
Annual,A,Total,TOTAL,Thailand,TH,Person,PER,Ireland,IE,2014,2014,110
Annual,A,Total,TOTAL,Thailand,TH,Person,PER,Ireland,IE,2015,2015,86
Annual,A,Total,TOTAL,Thailand,TH,Person,PER,Ireland,IE,2016,2016,46
Annual,A,Total,TOTAL,Thailand,TH,Person,PER,Ireland,IE,2017,2017,42
Annual,A,Total,TOTAL,Thailand,TH,Person,PER,Ireland,IE,2018,2018,36
Annual,A,Total,TOTAL,Thailand,TH,Person,PER,Ireland,IE,2019,2019,32
Annual,A,Total,TOTAL,Thailand,TH,Person,PER,Ireland,IE,2020,2020,26
Annual,A,Total,TOTAL,Thailand,TH,Person,PER,Ireland,IE,2021,2021,23
Annual,A,Total,TOTAL,Thailand,TH,Person,PER,Ireland,IE,2022,2022,21
Annual,A,Total,TOTAL,Thailand,TH,Person,PER,Ireland,IE,2023,2023,21
Annual,A,Total,TOTAL,Thailand,TH,Person,PER,Ireland,IE,2024,2024,19
Annual,A,Total,TOTAL,Thailand,TH,Person,PER,Ireland,IE,2025,2025,63
Annual,A,Total,TOTAL,Timor-Leste,TL,Person,PER,Ireland,IE,2008,2008,0
Annual,A,Total,TOTAL,Timor-Leste,TL,Person,PER,Ireland,IE,2009,2009,0
Annual,A,Total,TOTAL,Timor-Leste,TL,Person,PER,Ireland,IE,2010,2010,0
Annual,A,Total,TOTAL,Timor-Leste,TL,Person,PER,Ireland,IE,2011,2011,0
Annual,A,Total,TOTAL,Timor-Leste,TL,Person,PER,Ireland,IE,2012,2012,0
Annual,A,Total,TOTAL,Timor-Leste,TL,Person,PER,Ireland,IE,2013,2013,0
Annual,A,Total,TOTAL,Timor-Leste,TL,Person,PER,Ireland,IE,2014,2014,0
Annual,A,Total,TOTAL,Timor-Leste,TL,Person,PER,Ireland,IE,2015,2015,0
Annual,A,Total,TOTAL,Timor-Leste,TL,Person,PER,Ireland,IE,2016,2016,0
Annual,A,Total,TOTAL,Timor-Leste,TL,Person,PER,Ireland,IE,2017,2017,0
Annual,A,Total,TOTAL,Timor-Leste,TL,Person,PER,Ireland,IE,2018,2018,0
Annual,A,Total,TOTAL,Timor-Leste,TL,Person,PER,Ireland,IE,2019,2019,0
Annual,A,Total,TOTAL,Timor-Leste,TL,Person,PER,Ireland,IE,2020,2020,0
Annual,A,Total,TOTAL,Timor-Leste,TL,Person,PER,Ireland,IE,2021,2021,0
Annual,A,Total,TOTAL,Timor-Leste,TL,Person,PER,Ireland,IE,2022,2022,0
Annual,A,Total,TOTAL,Timor-Leste,TL,Person,PER,Ireland,IE,2023,2023,0
Annual,A,Total,TOTAL,Timor-Leste,TL,Person,PER,Ireland,IE,2024,2024,0
Annual,A,Total,TOTAL,Timor-Leste,TL,Person,PER,Ireland,IE,2025,2025,0
Annual,A,Total,TOTAL,Viet Nam,VN,Person,PER,Ireland,IE,2008,2008,20
Annual,A,Total,TOTAL,Viet Nam,VN,Person,PER,Ireland,IE,2009,2009,25
Annual,A,Total,TOTAL,Viet Nam,VN,Person,PER,Ireland,IE,2010,2010,21
Annual,A,Total,TOTAL,Viet Nam,VN,Person,PER,Ireland,IE,2011,2011,22
Annual,A,Total,TOTAL,Viet Nam,VN,Person,PER,Ireland,IE,2012,2012,8
Annual,A,Total,TOTAL,Viet Nam,VN,Person,PER,Ireland,IE,2013,2013,1
Annual,A,Total,TOTAL,Viet Nam,VN,Person,PER,Ireland,IE,2014,2014,2
Annual,A,Total,TOTAL,Viet Nam,VN,Person,PER,Ireland,IE,2015,2015,2
Annual,A,Total,TOTAL,Viet Nam,VN,Person,PER,Ireland,IE,2016,2016,1
Annual,A,Total,TOTAL,Viet Nam,VN,Person,PER,Ireland,IE,2017,2017,1
Annual,A,Total,TOTAL,Viet Nam,VN,Person,PER,Ireland,IE,2018,2018,2
Annual,A,Total,TOTAL,Viet Nam,VN,Person,PER,Ireland,IE,2019,2019,2
Annual,A,Total,TOTAL,Viet Nam,VN,Person,PER,Ireland,IE,2020,2020,2
Annual,A,Total,TOTAL,Viet Nam,VN,Person,PER,Ireland,IE,2021,2021,2
Annual,A,Total,TOTAL,Viet Nam,VN,Person,PER,Ireland,IE,2022,2022,3
Annual,A,Total,TOTAL,Viet Nam,VN,Person,PER,Ireland,IE,2023,2023,3
Annual,A,Total,TOTAL,Viet Nam,VN,Person,PER,Ireland,IE,2024,2024,3
Annual,A,Total,TOTAL,Viet Nam,VN,Person,PER,Ireland,IE,2025,2025,2
Annual,A,Total,TOTAL,Armenia,AM,Person,PER,Ireland,IE,2008,2008,6
Annual,A,Total,TOTAL,Armenia,AM,Person,PER,Ireland,IE,2009,2009,3
Annual,A,Total,TOTAL,Armenia,AM,Person,PER,Ireland,IE,2010,2010,2
Annual,A,Total,TOTAL,Armenia,AM,Person,PER,Ireland,IE,2011,2011,1
Annual,A,Total,TOTAL,Armenia,AM,Person,PER,Ireland,IE,2012,2012,0
Annual,A,Total,TOTAL,Armenia,AM,Person,PER,Ireland,IE,2013,2013,0
Annual,A,Total,TOTAL,Armenia,AM,Person,PER,Ireland,IE,2014,2014,0
Annual,A,Total,TOTAL,Armenia,AM,Person,PER,Ireland,IE,2015,2015,0
Annual,A,Total,TOTAL,Armenia,AM,Person,PER,Ireland,IE,2016,2016,0
Annual,A,Total,TOTAL,Armenia,AM,Person,PER,Ireland,IE,2017,2017,0
Annual,A,Total,TOTAL,Armenia,AM,Person,PER,Ireland,IE,2018,2018,0
Annual,A,Total,TOTAL,Armenia,AM,Person,PER,Ireland,IE,2019,2019,0
Annual,A,Total,TOTAL,Armenia,AM,Person,PER,Ireland,IE,2020,2020,0
Annual,A,Total,TOTAL,Armenia,AM,Person,PER,Ireland,IE,2021,2021,0
Annual,A,Total,TOTAL,Armenia,AM,Person,PER,Ireland,IE,2022,2022,0
Annual,A,Total,TOTAL,Armenia,AM,Person,PER,Ireland,IE,2023,2023,0
Annual,A,Total,TOTAL,Armenia,AM,Person,PER,Ireland,IE,2024,2024,0
Annual,A,Total,TOTAL,Armenia,AM,Person,PER,Ireland,IE,2025,2025,0
Annual,A,Total,TOTAL,Azerbaijan,AZ,Person,PER,Ireland,IE,2008,2008,2
Annual,A,Total,TOTAL,Azerbaijan,AZ,Person,PER,Ireland,IE,2009,2009,3
Annual,A,Total,TOTAL,Azerbaijan,AZ,Person,PER,Ireland,IE,2010,2010,0
Annual,A,Total,TOTAL,Azerbaijan,AZ,Person,PER,Ireland,IE,2011,2011,0
Annual,A,Total,TOTAL,Azerbaijan,AZ,Person,PER,Ireland,IE,2012,2012,0
Annual,A,Total,TOTAL,Azerbaijan,AZ,Person,PER,Ireland,IE,2013,2013,0
Annual,A,Total,TOTAL,Azerbaijan,AZ,Person,PER,Ireland,IE,2014,2014,0
Annual,A,Total,TOTAL,Azerbaijan,AZ,Person,PER,Ireland,IE,2015,2015,0
Annual,A,Total,TOTAL,Azerbaijan,AZ,Person,PER,Ireland,IE,2016,2016,0
Annual,A,Total,TOTAL,Azerbaijan,AZ,Person,PER,Ireland,IE,2017,2017,0
Annual,A,Total,TOTAL,Azerbaijan,AZ,Person,PER,Ireland,IE,2018,2018,0
Annual,A,Total,TOTAL,Azerbaijan,AZ,Person,PER,Ireland,IE,2019,2019,0
Annual,A,Total,TOTAL,Azerbaijan,AZ,Person,PER,Ireland,IE,2020,2020,0
Annual,A,Total,TOTAL,Azerbaijan,AZ,Person,PER,Ireland,IE,2021,2021,0
Annual,A,Total,TOTAL,Azerbaijan,AZ,Person,PER,Ireland,IE,2022,2022,1
Annual,A,Total,TOTAL,Azerbaijan,AZ,Person,PER,Ireland,IE,2023,2023,1
Annual,A,Total,TOTAL,Azerbaijan,AZ,Person,PER,Ireland,IE,2024,2024,1
Annual,A,Total,TOTAL,Azerbaijan,AZ,Person,PER,Ireland,IE,2025,2025,1
Annual,A,Total,TOTAL,Bahrain,BH,Person,PER,Ireland,IE,2008,2008,2
Annual,A,Total,TOTAL,Bahrain,BH,Person,PER,Ireland,IE,2009,2009,1
Annual,A,Total,TOTAL,Bahrain,BH,Person,PER,Ireland,IE,2010,2010,1
Annual,A,Total,TOTAL,Bahrain,BH,Person,PER,Ireland,IE,2011,2011,1
Annual,A,Total,TOTAL,Bahrain,BH,Person,PER,Ireland,IE,2012,2012,2
Annual,A,Total,TOTAL,Bahrain,BH,Person,PER,Ireland,IE,2013,2013,2
Annual,A,Total,TOTAL,Bahrain,BH,Person,PER,Ireland,IE,2014,2014,1
Annual,A,Total,TOTAL,Bahrain,BH,Person,PER,Ireland,IE,2015,2015,1
Annual,A,Total,TOTAL,Bahrain,BH,Person,PER,Ireland,IE,2016,2016,1
Annual,A,Total,TOTAL,Bahrain,BH,Person,PER,Ireland,IE,2017,2017,1
Annual,A,Total,TOTAL,Bahrain,BH,Person,PER,Ireland,IE,2018,2018,1
Annual,A,Total,TOTAL,Bahrain,BH,Person,PER,Ireland,IE,2019,2019,1
Annual,A,Total,TOTAL,Bahrain,BH,Person,PER,Ireland,IE,2020,2020,1
Annual,A,Total,TOTAL,Bahrain,BH,Person,PER,Ireland,IE,2021,2021,1
Annual,A,Total,TOTAL,Bahrain,BH,Person,PER,Ireland,IE,2022,2022,1
Annual,A,Total,TOTAL,Bahrain,BH,Person,PER,Ireland,IE,2023,2023,1
Annual,A,Total,TOTAL,Bahrain,BH,Person,PER,Ireland,IE,2024,2024,1
Annual,A,Total,TOTAL,Bahrain,BH,Person,PER,Ireland,IE,2025,2025,1
Annual,A,Total,TOTAL,Iraq,IQ,Person,PER,Ireland,IE,2008,2008,26
Annual,A,Total,TOTAL,Iraq,IQ,Person,PER,Ireland,IE,2009,2009,15
Annual,A,Total,TOTAL,Iraq,IQ,Person,PER,Ireland,IE,2010,2010,0
Annual,A,Total,TOTAL,Iraq,IQ,Person,PER,Ireland,IE,2011,2011,1
Annual,A,Total,TOTAL,Iraq,IQ,Person,PER,Ireland,IE,2012,2012,0
Annual,A,Total,TOTAL,Iraq,IQ,Person,PER,Ireland,IE,2013,2013,0
Annual,A,Total,TOTAL,Iraq,IQ,Person,PER,Ireland,IE,2014,2014,0
Annual,A,Total,TOTAL,Iraq,IQ,Person,PER,Ireland,IE,2015,2015,0
Annual,A,Total,TOTAL,Iraq,IQ,Person,PER,Ireland,IE,2016,2016,0
Annual,A,Total,TOTAL,Iraq,IQ,Person,PER,Ireland,IE,2017,2017,1
Annual,A,Total,TOTAL,Iraq,IQ,Person,PER,Ireland,IE,2018,2018,1
Annual,A,Total,TOTAL,Iraq,IQ,Person,PER,Ireland,IE,2019,2019,0
Annual,A,Total,TOTAL,Iraq,IQ,Person,PER,Ireland,IE,2020,2020,0
Annual,A,Total,TOTAL,Iraq,IQ,Person,PER,Ireland,IE,2021,2021,1
Annual,A,Total,TOTAL,Iraq,IQ,Person,PER,Ireland,IE,2022,2022,1
Annual,A,Total,TOTAL,Iraq,IQ,Person,PER,Ireland,IE,2023,2023,1
Annual,A,Total,TOTAL,Iraq,IQ,Person,PER,Ireland,IE,2024,2024,1
Annual,A,Total,TOTAL,Iraq,IQ,Person,PER,Ireland,IE,2025,2025,2
Annual,A,Total,TOTAL,Israel,IL,Person,PER,Ireland,IE,2008,2008,13
Annual,A,Total,TOTAL,Israel,IL,Person,PER,Ireland,IE,2009,2009,10
Annual,A,Total,TOTAL,Israel,IL,Person,PER,Ireland,IE,2010,2010,1
Annual,A,Total,TOTAL,Israel,IL,Person,PER,Ireland,IE,2011,2011,5
Annual,A,Total,TOTAL,Israel,IL,Person,PER,Ireland,IE,2012,2012,1
Annual,A,Total,TOTAL,Israel,IL,Person,PER,Ireland,IE,2013,2013,1
Annual,A,Total,TOTAL,Israel,IL,Person,PER,Ireland,IE,2014,2014,0
Annual,A,Total,TOTAL,Israel,IL,Person,PER,Ireland,IE,2015,2015,0
Annual,A,Total,TOTAL,Israel,IL,Person,PER,Ireland,IE,2016,2016,0
Annual,A,Total,TOTAL,Israel,IL,Person,PER,Ireland,IE,2017,2017,0
Annual,A,Total,TOTAL,Israel,IL,Person,PER,Ireland,IE,2018,2018,1
Annual,A,Total,TOTAL,Israel,IL,Person,PER,Ireland,IE,2019,2019,0
Annual,A,Total,TOTAL,Israel,IL,Person,PER,Ireland,IE,2020,2020,0
Annual,A,Total,TOTAL,Israel,IL,Person,PER,Ireland,IE,2021,2021,0
Annual,A,Total,TOTAL,Israel,IL,Person,PER,Ireland,IE,2022,2022,1
Annual,A,Total,TOTAL,Israel,IL,Person,PER,Ireland,IE,2023,2023,0
Annual,A,Total,TOTAL,Israel,IL,Person,PER,Ireland,IE,2024,2024,1
Annual,A,Total,TOTAL,Israel,IL,Person,PER,Ireland,IE,2025,2025,1
Annual,A,Total,TOTAL,Jordan,JO,Person,PER,Ireland,IE,2008,2008,0
Annual,A,Total,TOTAL,Jordan,JO,Person,PER,Ireland,IE,2009,2009,0
Annual,A,Total,TOTAL,Jordan,JO,Person,PER,Ireland,IE,2010,2010,8
Annual,A,Total,TOTAL,Jordan,JO,Person,PER,Ireland,IE,2011,2011,4
Annual,A,Total,TOTAL,Jordan,JO,Person,PER,Ireland,IE,2012,2012,0
Annual,A,Total,TOTAL,Jordan,JO,Person,PER,Ireland,IE,2013,2013,0
Annual,A,Total,TOTAL,Jordan,JO,Person,PER,Ireland,IE,2014,2014,0
Annual,A,Total,TOTAL,Jordan,JO,Person,PER,Ireland,IE,2015,2015,0
Annual,A,Total,TOTAL,Jordan,JO,Person,PER,Ireland,IE,2016,2016,0
Annual,A,Total,TOTAL,Jordan,JO,Person,PER,Ireland,IE,2017,2017,0
Annual,A,Total,TOTAL,Jordan,JO,Person,PER,Ireland,IE,2018,2018,0
Annual,A,Total,TOTAL,Jordan,JO,Person,PER,Ireland,IE,2019,2019,0
Annual,A,Total,TOTAL,Jordan,JO,Person,PER,Ireland,IE,2020,2020,0
Annual,A,Total,TOTAL,Jordan,JO,Person,PER,Ireland,IE,2021,2021,0
Annual,A,Total,TOTAL,Jordan,JO,Person,PER,Ireland,IE,2022,2022,0
Annual,A,Total,TOTAL,Jordan,JO,Person,PER,Ireland,IE,2023,2023,0
Annual,A,Total,TOTAL,Jordan,JO,Person,PER,Ireland,IE,2024,2024,0
Annual,A,Total,TOTAL,Jordan,JO,Person,PER,Ireland,IE,2025,2025,0
Annual,A,Total,TOTAL,Kuwait,KW,Person,PER,Ireland,IE,2008,2008,2
Annual,A,Total,TOTAL,Kuwait,KW,Person,PER,Ireland,IE,2009,2009,0
Annual,A,Total,TOTAL,Kuwait,KW,Person,PER,Ireland,IE,2010,2010,0
Annual,A,Total,TOTAL,Kuwait,KW,Person,PER,Ireland,IE,2011,2011,0
Annual,A,Total,TOTAL,Kuwait,KW,Person,PER,Ireland,IE,2012,2012,0
Annual,A,Total,TOTAL,Kuwait,KW,Person,PER,Ireland,IE,2013,2013,0
Annual,A,Total,TOTAL,Kuwait,KW,Person,PER,Ireland,IE,2014,2014,0
Annual,A,Total,TOTAL,Kuwait,KW,Person,PER,Ireland,IE,2015,2015,0
Annual,A,Total,TOTAL,Kuwait,KW,Person,PER,Ireland,IE,2016,2016,0
Annual,A,Total,TOTAL,Kuwait,KW,Person,PER,Ireland,IE,2017,2017,0
Annual,A,Total,TOTAL,Kuwait,KW,Person,PER,Ireland,IE,2018,2018,0
Annual,A,Total,TOTAL,Kuwait,KW,Person,PER,Ireland,IE,2019,2019,0
Annual,A,Total,TOTAL,Kuwait,KW,Person,PER,Ireland,IE,2020,2020,0
Annual,A,Total,TOTAL,Kuwait,KW,Person,PER,Ireland,IE,2021,2021,0
Annual,A,Total,TOTAL,Kuwait,KW,Person,PER,Ireland,IE,2022,2022,0
Annual,A,Total,TOTAL,Kuwait,KW,Person,PER,Ireland,IE,2023,2023,0
Annual,A,Total,TOTAL,Kuwait,KW,Person,PER,Ireland,IE,2024,2024,0
Annual,A,Total,TOTAL,Kuwait,KW,Person,PER,Ireland,IE,2025,2025,0
Annual,A,Total,TOTAL,Lebanon,LB,Person,PER,Ireland,IE,2008,2008,3
Annual,A,Total,TOTAL,Lebanon,LB,Person,PER,Ireland,IE,2009,2009,2
Annual,A,Total,TOTAL,Lebanon,LB,Person,PER,Ireland,IE,2010,2010,5
Annual,A,Total,TOTAL,Lebanon,LB,Person,PER,Ireland,IE,2011,2011,1
Annual,A,Total,TOTAL,Lebanon,LB,Person,PER,Ireland,IE,2012,2012,2
Annual,A,Total,TOTAL,Lebanon,LB,Person,PER,Ireland,IE,2013,2013,1
Annual,A,Total,TOTAL,Lebanon,LB,Person,PER,Ireland,IE,2014,2014,1
Annual,A,Total,TOTAL,Lebanon,LB,Person,PER,Ireland,IE,2015,2015,1
Annual,A,Total,TOTAL,Lebanon,LB,Person,PER,Ireland,IE,2016,2016,1
Annual,A,Total,TOTAL,Lebanon,LB,Person,PER,Ireland,IE,2017,2017,0
Annual,A,Total,TOTAL,Lebanon,LB,Person,PER,Ireland,IE,2018,2018,0
Annual,A,Total,TOTAL,Lebanon,LB,Person,PER,Ireland,IE,2019,2019,0
Annual,A,Total,TOTAL,Lebanon,LB,Person,PER,Ireland,IE,2020,2020,0
Annual,A,Total,TOTAL,Lebanon,LB,Person,PER,Ireland,IE,2021,2021,1
Annual,A,Total,TOTAL,Lebanon,LB,Person,PER,Ireland,IE,2022,2022,1
Annual,A,Total,TOTAL,Lebanon,LB,Person,PER,Ireland,IE,2023,2023,2
Annual,A,Total,TOTAL,Lebanon,LB,Person,PER,Ireland,IE,2024,2024,2
Annual,A,Total,TOTAL,Lebanon,LB,Person,PER,Ireland,IE,2025,2025,2
Annual,A,Total,TOTAL,Palestine*,PS,Person,PER,Ireland,IE,2008,2008,4
Annual,A,Total,TOTAL,Palestine*,PS,Person,PER,Ireland,IE,2009,2009,3
Annual,A,Total,TOTAL,Palestine*,PS,Person,PER,Ireland,IE,2010,2010,0
Annual,A,Total,TOTAL,Palestine*,PS,Person,PER,Ireland,IE,2011,2011,1
Annual,A,Total,TOTAL,Palestine*,PS,Person,PER,Ireland,IE,2012,2012,0
Annual,A,Total,TOTAL,Palestine*,PS,Person,PER,Ireland,IE,2013,2013,0
Annual,A,Total,TOTAL,Palestine*,PS,Person,PER,Ireland,IE,2014,2014,0
Annual,A,Total,TOTAL,Palestine*,PS,Person,PER,Ireland,IE,2015,2015,0
Annual,A,Total,TOTAL,Palestine*,PS,Person,PER,Ireland,IE,2016,2016,0
Annual,A,Total,TOTAL,Palestine*,PS,Person,PER,Ireland,IE,2017,2017,0
Annual,A,Total,TOTAL,Palestine*,PS,Person,PER,Ireland,IE,2018,2018,0
Annual,A,Total,TOTAL,Palestine*,PS,Person,PER,Ireland,IE,2019,2019,0
Annual,A,Total,TOTAL,Palestine*,PS,Person,PER,Ireland,IE,2020,2020,0
Annual,A,Total,TOTAL,Palestine*,PS,Person,PER,Ireland,IE,2021,2021,0
Annual,A,Total,TOTAL,Palestine*,PS,Person,PER,Ireland,IE,2022,2022,1
Annual,A,Total,TOTAL,Palestine*,PS,Person,PER,Ireland,IE,2023,2023,1
Annual,A,Total,TOTAL,Palestine*,PS,Person,PER,Ireland,IE,2024,2024,1
Annual,A,Total,TOTAL,Palestine*,PS,Person,PER,Ireland,IE,2025,2025,1
Annual,A,Total,TOTAL,Oman,OM,Person,PER,Ireland,IE,2008,2008,1
Annual,A,Total,TOTAL,Oman,OM,Person,PER,Ireland,IE,2009,2009,0
Annual,A,Total,TOTAL,Oman,OM,Person,PER,Ireland,IE,2010,2010,0
Annual,A,Total,TOTAL,Oman,OM,Person,PER,Ireland,IE,2011,2011,0
Annual,A,Total,TOTAL,Oman,OM,Person,PER,Ireland,IE,2012,2012,0
Annual,A,Total,TOTAL,Oman,OM,Person,PER,Ireland,IE,2013,2013,0
Annual,A,Total,TOTAL,Oman,OM,Person,PER,Ireland,IE,2014,2014,0
Annual,A,Total,TOTAL,Oman,OM,Person,PER,Ireland,IE,2015,2015,0
Annual,A,Total,TOTAL,Oman,OM,Person,PER,Ireland,IE,2016,2016,0
Annual,A,Total,TOTAL,Oman,OM,Person,PER,Ireland,IE,2017,2017,0
Annual,A,Total,TOTAL,Oman,OM,Person,PER,Ireland,IE,2018,2018,0
Annual,A,Total,TOTAL,Oman,OM,Person,PER,Ireland,IE,2019,2019,0
Annual,A,Total,TOTAL,Oman,OM,Person,PER,Ireland,IE,2020,2020,0
Annual,A,Total,TOTAL,Oman,OM,Person,PER,Ireland,IE,2021,2021,0
Annual,A,Total,TOTAL,Oman,OM,Person,PER,Ireland,IE,2022,2022,0
Annual,A,Total,TOTAL,Oman,OM,Person,PER,Ireland,IE,2023,2023,0
Annual,A,Total,TOTAL,Oman,OM,Person,PER,Ireland,IE,2024,2024,0
Annual,A,Total,TOTAL,Oman,OM,Person,PER,Ireland,IE,2025,2025,0
Annual,A,Total,TOTAL,Qatar,QA,Person,PER,Ireland,IE,2008,2008,0
Annual,A,Total,TOTAL,Qatar,QA,Person,PER,Ireland,IE,2009,2009,0
Annual,A,Total,TOTAL,Qatar,QA,Person,PER,Ireland,IE,2010,2010,0
Annual,A,Total,TOTAL,Qatar,QA,Person,PER,Ireland,IE,2011,2011,0
Annual,A,Total,TOTAL,Qatar,QA,Person,PER,Ireland,IE,2012,2012,0
Annual,A,Total,TOTAL,Qatar,QA,Person,PER,Ireland,IE,2013,2013,0
Annual,A,Total,TOTAL,Qatar,QA,Person,PER,Ireland,IE,2014,2014,0
Annual,A,Total,TOTAL,Qatar,QA,Person,PER,Ireland,IE,2015,2015,0
Annual,A,Total,TOTAL,Qatar,QA,Person,PER,Ireland,IE,2016,2016,0
Annual,A,Total,TOTAL,Qatar,QA,Person,PER,Ireland,IE,2017,2017,0
Annual,A,Total,TOTAL,Qatar,QA,Person,PER,Ireland,IE,2018,2018,0
Annual,A,Total,TOTAL,Qatar,QA,Person,PER,Ireland,IE,2019,2019,0
Annual,A,Total,TOTAL,Qatar,QA,Person,PER,Ireland,IE,2020,2020,0
Annual,A,Total,TOTAL,Qatar,QA,Person,PER,Ireland,IE,2021,2021,0
Annual,A,Total,TOTAL,Qatar,QA,Person,PER,Ireland,IE,2022,2022,0
Annual,A,Total,TOTAL,Qatar,QA,Person,PER,Ireland,IE,2023,2023,0
Annual,A,Total,TOTAL,Qatar,QA,Person,PER,Ireland,IE,2024,2024,0
Annual,A,Total,TOTAL,Qatar,QA,Person,PER,Ireland,IE,2025,2025,0
Annual,A,Total,TOTAL,Saudi Arabia,SA,Person,PER,Ireland,IE,2008,2008,0
Annual,A,Total,TOTAL,Saudi Arabia,SA,Person,PER,Ireland,IE,2009,2009,0
Annual,A,Total,TOTAL,Saudi Arabia,SA,Person,PER,Ireland,IE,2010,2010,0
Annual,A,Total,TOTAL,Saudi Arabia,SA,Person,PER,Ireland,IE,2011,2011,0
Annual,A,Total,TOTAL,Saudi Arabia,SA,Person,PER,Ireland,IE,2012,2012,0
Annual,A,Total,TOTAL,Saudi Arabia,SA,Person,PER,Ireland,IE,2013,2013,0
Annual,A,Total,TOTAL,Saudi Arabia,SA,Person,PER,Ireland,IE,2014,2014,0
Annual,A,Total,TOTAL,Saudi Arabia,SA,Person,PER,Ireland,IE,2015,2015,0
Annual,A,Total,TOTAL,Saudi Arabia,SA,Person,PER,Ireland,IE,2016,2016,0
Annual,A,Total,TOTAL,Saudi Arabia,SA,Person,PER,Ireland,IE,2017,2017,0
Annual,A,Total,TOTAL,Saudi Arabia,SA,Person,PER,Ireland,IE,2018,2018,0
Annual,A,Total,TOTAL,Saudi Arabia,SA,Person,PER,Ireland,IE,2019,2019,0
Annual,A,Total,TOTAL,Saudi Arabia,SA,Person,PER,Ireland,IE,2020,2020,0
Annual,A,Total,TOTAL,Saudi Arabia,SA,Person,PER,Ireland,IE,2021,2021,0
Annual,A,Total,TOTAL,Saudi Arabia,SA,Person,PER,Ireland,IE,2022,2022,0
Annual,A,Total,TOTAL,Saudi Arabia,SA,Person,PER,Ireland,IE,2023,2023,1
Annual,A,Total,TOTAL,Saudi Arabia,SA,Person,PER,Ireland,IE,2024,2024,1
Annual,A,Total,TOTAL,Saudi Arabia,SA,Person,PER,Ireland,IE,2025,2025,1
Annual,A,Total,TOTAL,Syria,SY,Person,PER,Ireland,IE,2008,2008,9
Annual,A,Total,TOTAL,Syria,SY,Person,PER,Ireland,IE,2009,2009,7
Annual,A,Total,TOTAL,Syria,SY,Person,PER,Ireland,IE,2010,2010,12
Annual,A,Total,TOTAL,Syria,SY,Person,PER,Ireland,IE,2011,2011,11
Annual,A,Total,TOTAL,Syria,SY,Person,PER,Ireland,IE,2012,2012,8
Annual,A,Total,TOTAL,Syria,SY,Person,PER,Ireland,IE,2013,2013,4
Annual,A,Total,TOTAL,Syria,SY,Person,PER,Ireland,IE,2014,2014,2
Annual,A,Total,TOTAL,Syria,SY,Person,PER,Ireland,IE,2015,2015,2
Annual,A,Total,TOTAL,Syria,SY,Person,PER,Ireland,IE,2016,2016,2
Annual,A,Total,TOTAL,Syria,SY,Person,PER,Ireland,IE,2017,2017,2
Annual,A,Total,TOTAL,Syria,SY,Person,PER,Ireland,IE,2018,2018,1
Annual,A,Total,TOTAL,Syria,SY,Person,PER,Ireland,IE,2019,2019,1
Annual,A,Total,TOTAL,Syria,SY,Person,PER,Ireland,IE,2020,2020,1
Annual,A,Total,TOTAL,Syria,SY,Person,PER,Ireland,IE,2021,2021,2
Annual,A,Total,TOTAL,Syria,SY,Person,PER,Ireland,IE,2022,2022,4
Annual,A,Total,TOTAL,Syria,SY,Person,PER,Ireland,IE,2023,2023,4
Annual,A,Total,TOTAL,Syria,SY,Person,PER,Ireland,IE,2024,2024,3
Annual,A,Total,TOTAL,Syria,SY,Person,PER,Ireland,IE,2025,2025,3
Annual,A,Total,TOTAL,United Arab Emirates,AE,Person,PER,Ireland,IE,2008,2008,0
Annual,A,Total,TOTAL,United Arab Emirates,AE,Person,PER,Ireland,IE,2009,2009,0
Annual,A,Total,TOTAL,United Arab Emirates,AE,Person,PER,Ireland,IE,2010,2010,0
Annual,A,Total,TOTAL,United Arab Emirates,AE,Person,PER,Ireland,IE,2011,2011,0
Annual,A,Total,TOTAL,United Arab Emirates,AE,Person,PER,Ireland,IE,2012,2012,0
Annual,A,Total,TOTAL,United Arab Emirates,AE,Person,PER,Ireland,IE,2013,2013,0
Annual,A,Total,TOTAL,United Arab Emirates,AE,Person,PER,Ireland,IE,2014,2014,0
Annual,A,Total,TOTAL,United Arab Emirates,AE,Person,PER,Ireland,IE,2015,2015,0
Annual,A,Total,TOTAL,United Arab Emirates,AE,Person,PER,Ireland,IE,2016,2016,0
Annual,A,Total,TOTAL,United Arab Emirates,AE,Person,PER,Ireland,IE,2017,2017,0
Annual,A,Total,TOTAL,United Arab Emirates,AE,Person,PER,Ireland,IE,2018,2018,0
Annual,A,Total,TOTAL,United Arab Emirates,AE,Person,PER,Ireland,IE,2019,2019,0
Annual,A,Total,TOTAL,United Arab Emirates,AE,Person,PER,Ireland,IE,2020,2020,0
Annual,A,Total,TOTAL,United Arab Emirates,AE,Person,PER,Ireland,IE,2021,2021,0
Annual,A,Total,TOTAL,United Arab Emirates,AE,Person,PER,Ireland,IE,2022,2022,0
Annual,A,Total,TOTAL,United Arab Emirates,AE,Person,PER,Ireland,IE,2023,2023,0
Annual,A,Total,TOTAL,United Arab Emirates,AE,Person,PER,Ireland,IE,2024,2024,0
Annual,A,Total,TOTAL,United Arab Emirates,AE,Person,PER,Ireland,IE,2025,2025,0
Annual,A,Total,TOTAL,Yemen,YE,Person,PER,Ireland,IE,2008,2008,2
Annual,A,Total,TOTAL,Yemen,YE,Person,PER,Ireland,IE,2009,2009,1
Annual,A,Total,TOTAL,Yemen,YE,Person,PER,Ireland,IE,2010,2010,0
Annual,A,Total,TOTAL,Yemen,YE,Person,PER,Ireland,IE,2011,2011,0
Annual,A,Total,TOTAL,Yemen,YE,Person,PER,Ireland,IE,2012,2012,0
Annual,A,Total,TOTAL,Yemen,YE,Person,PER,Ireland,IE,2013,2013,1
Annual,A,Total,TOTAL,Yemen,YE,Person,PER,Ireland,IE,2014,2014,0
Annual,A,Total,TOTAL,Yemen,YE,Person,PER,Ireland,IE,2015,2015,0
Annual,A,Total,TOTAL,Yemen,YE,Person,PER,Ireland,IE,2016,2016,0
Annual,A,Total,TOTAL,Yemen,YE,Person,PER,Ireland,IE,2017,2017,0
Annual,A,Total,TOTAL,Yemen,YE,Person,PER,Ireland,IE,2018,2018,0
Annual,A,Total,TOTAL,Yemen,YE,Person,PER,Ireland,IE,2019,2019,0
Annual,A,Total,TOTAL,Yemen,YE,Person,PER,Ireland,IE,2020,2020,0
Annual,A,Total,TOTAL,Yemen,YE,Person,PER,Ireland,IE,2021,2021,0
Annual,A,Total,TOTAL,Yemen,YE,Person,PER,Ireland,IE,2022,2022,0
Annual,A,Total,TOTAL,Yemen,YE,Person,PER,Ireland,IE,2023,2023,0
Annual,A,Total,TOTAL,Yemen,YE,Person,PER,Ireland,IE,2024,2024,1
Annual,A,Total,TOTAL,Yemen,YE,Person,PER,Ireland,IE,2025,2025,1
Annual,A,Total,TOTAL,Australia,AU,Person,PER,Ireland,IE,2008,2008,457
Annual,A,Total,TOTAL,Australia,AU,Person,PER,Ireland,IE,2009,2009,285
Annual,A,Total,TOTAL,Australia,AU,Person,PER,Ireland,IE,2010,2010,43
Annual,A,Total,TOTAL,Australia,AU,Person,PER,Ireland,IE,2011,2011,47
Annual,A,Total,TOTAL,Australia,AU,Person,PER,Ireland,IE,2012,2012,42
Annual,A,Total,TOTAL,Australia,AU,Person,PER,Ireland,IE,2013,2013,33
Annual,A,Total,TOTAL,Australia,AU,Person,PER,Ireland,IE,2014,2014,26
Annual,A,Total,TOTAL,Australia,AU,Person,PER,Ireland,IE,2015,2015,19
Annual,A,Total,TOTAL,Australia,AU,Person,PER,Ireland,IE,2016,2016,18
Annual,A,Total,TOTAL,Australia,AU,Person,PER,Ireland,IE,2017,2017,17
Annual,A,Total,TOTAL,Australia,AU,Person,PER,Ireland,IE,2018,2018,16
Annual,A,Total,TOTAL,Australia,AU,Person,PER,Ireland,IE,2019,2019,14
Annual,A,Total,TOTAL,Australia,AU,Person,PER,Ireland,IE,2020,2020,15
Annual,A,Total,TOTAL,Australia,AU,Person,PER,Ireland,IE,2021,2021,13
Annual,A,Total,TOTAL,Australia,AU,Person,PER,Ireland,IE,2022,2022,13
Annual,A,Total,TOTAL,Australia,AU,Person,PER,Ireland,IE,2023,2023,14
Annual,A,Total,TOTAL,Australia,AU,Person,PER,Ireland,IE,2024,2024,16
Annual,A,Total,TOTAL,Australia,AU,Person,PER,Ireland,IE,2025,2025,12
Annual,A,Total,TOTAL,New Zealand,NZ,Person,PER,Ireland,IE,2008,2008,123
Annual,A,Total,TOTAL,New Zealand,NZ,Person,PER,Ireland,IE,2009,2009,55
Annual,A,Total,TOTAL,New Zealand,NZ,Person,PER,Ireland,IE,2010,2010,44
Annual,A,Total,TOTAL,New Zealand,NZ,Person,PER,Ireland,IE,2011,2011,38
Annual,A,Total,TOTAL,New Zealand,NZ,Person,PER,Ireland,IE,2012,2012,26
Annual,A,Total,TOTAL,New Zealand,NZ,Person,PER,Ireland,IE,2013,2013,14
Annual,A,Total,TOTAL,New Zealand,NZ,Person,PER,Ireland,IE,2014,2014,15
Annual,A,Total,TOTAL,New Zealand,NZ,Person,PER,Ireland,IE,2015,2015,13
Annual,A,Total,TOTAL,New Zealand,NZ,Person,PER,Ireland,IE,2016,2016,9
Annual,A,Total,TOTAL,New Zealand,NZ,Person,PER,Ireland,IE,2017,2017,11
Annual,A,Total,TOTAL,New Zealand,NZ,Person,PER,Ireland,IE,2018,2018,9
Annual,A,Total,TOTAL,New Zealand,NZ,Person,PER,Ireland,IE,2019,2019,9
Annual,A,Total,TOTAL,New Zealand,NZ,Person,PER,Ireland,IE,2020,2020,8
Annual,A,Total,TOTAL,New Zealand,NZ,Person,PER,Ireland,IE,2021,2021,12
Annual,A,Total,TOTAL,New Zealand,NZ,Person,PER,Ireland,IE,2022,2022,11
Annual,A,Total,TOTAL,New Zealand,NZ,Person,PER,Ireland,IE,2023,2023,10
Annual,A,Total,TOTAL,New Zealand,NZ,Person,PER,Ireland,IE,2024,2024,11
Annual,A,Total,TOTAL,New Zealand,NZ,Person,PER,Ireland,IE,2025,2025,9
Annual,A,Total,TOTAL,Fiji,FJ,Person,PER,Ireland,IE,2008,2008,1
Annual,A,Total,TOTAL,Fiji,FJ,Person,PER,Ireland,IE,2009,2009,1
Annual,A,Total,TOTAL,Fiji,FJ,Person,PER,Ireland,IE,2010,2010,0
Annual,A,Total,TOTAL,Fiji,FJ,Person,PER,Ireland,IE,2011,2011,0
Annual,A,Total,TOTAL,Fiji,FJ,Person,PER,Ireland,IE,2012,2012,0
Annual,A,Total,TOTAL,Fiji,FJ,Person,PER,Ireland,IE,2013,2013,0
Annual,A,Total,TOTAL,Fiji,FJ,Person,PER,Ireland,IE,2014,2014,0
Annual,A,Total,TOTAL,Fiji,FJ,Person,PER,Ireland,IE,2015,2015,0
Annual,A,Total,TOTAL,Fiji,FJ,Person,PER,Ireland,IE,2016,2016,0
Annual,A,Total,TOTAL,Fiji,FJ,Person,PER,Ireland,IE,2017,2017,0
Annual,A,Total,TOTAL,Fiji,FJ,Person,PER,Ireland,IE,2018,2018,0
Annual,A,Total,TOTAL,Fiji,FJ,Person,PER,Ireland,IE,2019,2019,0
Annual,A,Total,TOTAL,Fiji,FJ,Person,PER,Ireland,IE,2020,2020,0
Annual,A,Total,TOTAL,Fiji,FJ,Person,PER,Ireland,IE,2021,2021,0
Annual,A,Total,TOTAL,Fiji,FJ,Person,PER,Ireland,IE,2022,2022,0
Annual,A,Total,TOTAL,Fiji,FJ,Person,PER,Ireland,IE,2023,2023,0
Annual,A,Total,TOTAL,Fiji,FJ,Person,PER,Ireland,IE,2024,2024,0
Annual,A,Total,TOTAL,Fiji,FJ,Person,PER,Ireland,IE,2025,2025,0
Annual,A,Total,TOTAL,Papua New Guinea,PG,Person,PER,Ireland,IE,2008,2008,1
Annual,A,Total,TOTAL,Papua New Guinea,PG,Person,PER,Ireland,IE,2009,2009,1
Annual,A,Total,TOTAL,Papua New Guinea,PG,Person,PER,Ireland,IE,2010,2010,0
Annual,A,Total,TOTAL,Papua New Guinea,PG,Person,PER,Ireland,IE,2011,2011,0
Annual,A,Total,TOTAL,Papua New Guinea,PG,Person,PER,Ireland,IE,2012,2012,0
Annual,A,Total,TOTAL,Papua New Guinea,PG,Person,PER,Ireland,IE,2013,2013,0
Annual,A,Total,TOTAL,Papua New Guinea,PG,Person,PER,Ireland,IE,2014,2014,0
Annual,A,Total,TOTAL,Papua New Guinea,PG,Person,PER,Ireland,IE,2015,2015,0
Annual,A,Total,TOTAL,Papua New Guinea,PG,Person,PER,Ireland,IE,2016,2016,0
Annual,A,Total,TOTAL,Papua New Guinea,PG,Person,PER,Ireland,IE,2017,2017,0
Annual,A,Total,TOTAL,Papua New Guinea,PG,Person,PER,Ireland,IE,2018,2018,0
Annual,A,Total,TOTAL,Papua New Guinea,PG,Person,PER,Ireland,IE,2019,2019,0
Annual,A,Total,TOTAL,Papua New Guinea,PG,Person,PER,Ireland,IE,2020,2020,0
Annual,A,Total,TOTAL,Papua New Guinea,PG,Person,PER,Ireland,IE,2021,2021,0
Annual,A,Total,TOTAL,Papua New Guinea,PG,Person,PER,Ireland,IE,2022,2022,0
Annual,A,Total,TOTAL,Papua New Guinea,PG,Person,PER,Ireland,IE,2023,2023,0
Annual,A,Total,TOTAL,Papua New Guinea,PG,Person,PER,Ireland,IE,2024,2024,0
Annual,A,Total,TOTAL,Papua New Guinea,PG,Person,PER,Ireland,IE,2025,2025,0
Annual,A,Total,TOTAL,Solomon Islands,SB,Person,PER,Ireland,IE,2008,2008,0
Annual,A,Total,TOTAL,Solomon Islands,SB,Person,PER,Ireland,IE,2009,2009,0
Annual,A,Total,TOTAL,Solomon Islands,SB,Person,PER,Ireland,IE,2010,2010,0
Annual,A,Total,TOTAL,Solomon Islands,SB,Person,PER,Ireland,IE,2011,2011,0
Annual,A,Total,TOTAL,Solomon Islands,SB,Person,PER,Ireland,IE,2012,2012,0
Annual,A,Total,TOTAL,Solomon Islands,SB,Person,PER,Ireland,IE,2013,2013,0
Annual,A,Total,TOTAL,Solomon Islands,SB,Person,PER,Ireland,IE,2014,2014,0
Annual,A,Total,TOTAL,Solomon Islands,SB,Person,PER,Ireland,IE,2015,2015,0
Annual,A,Total,TOTAL,Solomon Islands,SB,Person,PER,Ireland,IE,2016,2016,0
Annual,A,Total,TOTAL,Solomon Islands,SB,Person,PER,Ireland,IE,2017,2017,0
Annual,A,Total,TOTAL,Solomon Islands,SB,Person,PER,Ireland,IE,2018,2018,0
Annual,A,Total,TOTAL,Solomon Islands,SB,Person,PER,Ireland,IE,2019,2019,0
Annual,A,Total,TOTAL,Solomon Islands,SB,Person,PER,Ireland,IE,2020,2020,0
Annual,A,Total,TOTAL,Solomon Islands,SB,Person,PER,Ireland,IE,2021,2021,0
Annual,A,Total,TOTAL,Solomon Islands,SB,Person,PER,Ireland,IE,2022,2022,0
Annual,A,Total,TOTAL,Solomon Islands,SB,Person,PER,Ireland,IE,2023,2023,0
Annual,A,Total,TOTAL,Solomon Islands,SB,Person,PER,Ireland,IE,2024,2024,0
Annual,A,Total,TOTAL,Solomon Islands,SB,Person,PER,Ireland,IE,2025,2025,0
Annual,A,Total,TOTAL,Vanuatu,VU,Person,PER,Ireland,IE,2008,2008,0
Annual,A,Total,TOTAL,Vanuatu,VU,Person,PER,Ireland,IE,2009,2009,0
Annual,A,Total,TOTAL,Vanuatu,VU,Person,PER,Ireland,IE,2010,2010,0
Annual,A,Total,TOTAL,Vanuatu,VU,Person,PER,Ireland,IE,2011,2011,0
Annual,A,Total,TOTAL,Vanuatu,VU,Person,PER,Ireland,IE,2012,2012,0
Annual,A,Total,TOTAL,Vanuatu,VU,Person,PER,Ireland,IE,2013,2013,0
Annual,A,Total,TOTAL,Vanuatu,VU,Person,PER,Ireland,IE,2014,2014,0
Annual,A,Total,TOTAL,Vanuatu,VU,Person,PER,Ireland,IE,2015,2015,0
Annual,A,Total,TOTAL,Vanuatu,VU,Person,PER,Ireland,IE,2016,2016,0
Annual,A,Total,TOTAL,Vanuatu,VU,Person,PER,Ireland,IE,2017,2017,0
Annual,A,Total,TOTAL,Vanuatu,VU,Person,PER,Ireland,IE,2018,2018,0
Annual,A,Total,TOTAL,Vanuatu,VU,Person,PER,Ireland,IE,2019,2019,0
Annual,A,Total,TOTAL,Vanuatu,VU,Person,PER,Ireland,IE,2020,2020,0
Annual,A,Total,TOTAL,Vanuatu,VU,Person,PER,Ireland,IE,2021,2021,0
Annual,A,Total,TOTAL,Vanuatu,VU,Person,PER,Ireland,IE,2022,2022,0
Annual,A,Total,TOTAL,Vanuatu,VU,Person,PER,Ireland,IE,2023,2023,0
Annual,A,Total,TOTAL,Vanuatu,VU,Person,PER,Ireland,IE,2024,2024,1
Annual,A,Total,TOTAL,Vanuatu,VU,Person,PER,Ireland,IE,2025,2025,0
Annual,A,Total,TOTAL,Kiribati,KI,Person,PER,Ireland,IE,2008,2008,0
Annual,A,Total,TOTAL,Kiribati,KI,Person,PER,Ireland,IE,2009,2009,0
Annual,A,Total,TOTAL,Kiribati,KI,Person,PER,Ireland,IE,2010,2010,0
Annual,A,Total,TOTAL,Kiribati,KI,Person,PER,Ireland,IE,2011,2011,0
Annual,A,Total,TOTAL,Kiribati,KI,Person,PER,Ireland,IE,2012,2012,0
Annual,A,Total,TOTAL,Kiribati,KI,Person,PER,Ireland,IE,2013,2013,0
Annual,A,Total,TOTAL,Kiribati,KI,Person,PER,Ireland,IE,2014,2014,0
Annual,A,Total,TOTAL,Kiribati,KI,Person,PER,Ireland,IE,2015,2015,0
Annual,A,Total,TOTAL,Kiribati,KI,Person,PER,Ireland,IE,2016,2016,0
Annual,A,Total,TOTAL,Kiribati,KI,Person,PER,Ireland,IE,2017,2017,0
Annual,A,Total,TOTAL,Kiribati,KI,Person,PER,Ireland,IE,2018,2018,0
Annual,A,Total,TOTAL,Kiribati,KI,Person,PER,Ireland,IE,2019,2019,0
Annual,A,Total,TOTAL,Kiribati,KI,Person,PER,Ireland,IE,2020,2020,0
Annual,A,Total,TOTAL,Kiribati,KI,Person,PER,Ireland,IE,2021,2021,0
Annual,A,Total,TOTAL,Kiribati,KI,Person,PER,Ireland,IE,2022,2022,0
Annual,A,Total,TOTAL,Kiribati,KI,Person,PER,Ireland,IE,2023,2023,0
Annual,A,Total,TOTAL,Kiribati,KI,Person,PER,Ireland,IE,2024,2024,0
Annual,A,Total,TOTAL,Kiribati,KI,Person,PER,Ireland,IE,2025,2025,0
Annual,A,Total,TOTAL,Marshall Islands,MH,Person,PER,Ireland,IE,2008,2008,0
Annual,A,Total,TOTAL,Marshall Islands,MH,Person,PER,Ireland,IE,2009,2009,0
Annual,A,Total,TOTAL,Marshall Islands,MH,Person,PER,Ireland,IE,2010,2010,0
Annual,A,Total,TOTAL,Marshall Islands,MH,Person,PER,Ireland,IE,2011,2011,0
Annual,A,Total,TOTAL,Marshall Islands,MH,Person,PER,Ireland,IE,2012,2012,0
Annual,A,Total,TOTAL,Marshall Islands,MH,Person,PER,Ireland,IE,2013,2013,0
Annual,A,Total,TOTAL,Marshall Islands,MH,Person,PER,Ireland,IE,2014,2014,0
Annual,A,Total,TOTAL,Marshall Islands,MH,Person,PER,Ireland,IE,2015,2015,0
Annual,A,Total,TOTAL,Marshall Islands,MH,Person,PER,Ireland,IE,2016,2016,0
Annual,A,Total,TOTAL,Marshall Islands,MH,Person,PER,Ireland,IE,2017,2017,0
Annual,A,Total,TOTAL,Marshall Islands,MH,Person,PER,Ireland,IE,2018,2018,0
Annual,A,Total,TOTAL,Marshall Islands,MH,Person,PER,Ireland,IE,2019,2019,0
Annual,A,Total,TOTAL,Marshall Islands,MH,Person,PER,Ireland,IE,2020,2020,0
Annual,A,Total,TOTAL,Marshall Islands,MH,Person,PER,Ireland,IE,2021,2021,0
Annual,A,Total,TOTAL,Marshall Islands,MH,Person,PER,Ireland,IE,2022,2022,0
Annual,A,Total,TOTAL,Marshall Islands,MH,Person,PER,Ireland,IE,2023,2023,0
Annual,A,Total,TOTAL,Marshall Islands,MH,Person,PER,Ireland,IE,2024,2024,0
Annual,A,Total,TOTAL,Marshall Islands,MH,Person,PER,Ireland,IE,2025,2025,0
Annual,A,Total,TOTAL,Federated States of Micronesia,FM,Person,PER,Ireland,IE,2008,2008,0
Annual,A,Total,TOTAL,Federated States of Micronesia,FM,Person,PER,Ireland,IE,2009,2009,0
Annual,A,Total,TOTAL,Federated States of Micronesia,FM,Person,PER,Ireland,IE,2010,2010,0
Annual,A,Total,TOTAL,Federated States of Micronesia,FM,Person,PER,Ireland,IE,2011,2011,0
Annual,A,Total,TOTAL,Federated States of Micronesia,FM,Person,PER,Ireland,IE,2012,2012,0
Annual,A,Total,TOTAL,Federated States of Micronesia,FM,Person,PER,Ireland,IE,2013,2013,0
Annual,A,Total,TOTAL,Federated States of Micronesia,FM,Person,PER,Ireland,IE,2014,2014,0
Annual,A,Total,TOTAL,Federated States of Micronesia,FM,Person,PER,Ireland,IE,2015,2015,0
Annual,A,Total,TOTAL,Federated States of Micronesia,FM,Person,PER,Ireland,IE,2016,2016,0
Annual,A,Total,TOTAL,Federated States of Micronesia,FM,Person,PER,Ireland,IE,2017,2017,0
Annual,A,Total,TOTAL,Federated States of Micronesia,FM,Person,PER,Ireland,IE,2018,2018,0
Annual,A,Total,TOTAL,Federated States of Micronesia,FM,Person,PER,Ireland,IE,2019,2019,0
Annual,A,Total,TOTAL,Federated States of Micronesia,FM,Person,PER,Ireland,IE,2020,2020,0
Annual,A,Total,TOTAL,Federated States of Micronesia,FM,Person,PER,Ireland,IE,2021,2021,0
Annual,A,Total,TOTAL,Federated States of Micronesia,FM,Person,PER,Ireland,IE,2022,2022,0
Annual,A,Total,TOTAL,Federated States of Micronesia,FM,Person,PER,Ireland,IE,2023,2023,0
Annual,A,Total,TOTAL,Federated States of Micronesia,FM,Person,PER,Ireland,IE,2024,2024,0
Annual,A,Total,TOTAL,Federated States of Micronesia,FM,Person,PER,Ireland,IE,2025,2025,0
Annual,A,Total,TOTAL,Nauru,NR,Person,PER,Ireland,IE,2008,2008,0
Annual,A,Total,TOTAL,Nauru,NR,Person,PER,Ireland,IE,2009,2009,0
Annual,A,Total,TOTAL,Nauru,NR,Person,PER,Ireland,IE,2010,2010,0
Annual,A,Total,TOTAL,Nauru,NR,Person,PER,Ireland,IE,2011,2011,0
Annual,A,Total,TOTAL,Nauru,NR,Person,PER,Ireland,IE,2012,2012,0
Annual,A,Total,TOTAL,Nauru,NR,Person,PER,Ireland,IE,2013,2013,0
Annual,A,Total,TOTAL,Nauru,NR,Person,PER,Ireland,IE,2014,2014,0
Annual,A,Total,TOTAL,Nauru,NR,Person,PER,Ireland,IE,2015,2015,0
Annual,A,Total,TOTAL,Nauru,NR,Person,PER,Ireland,IE,2016,2016,0
Annual,A,Total,TOTAL,Nauru,NR,Person,PER,Ireland,IE,2017,2017,0
Annual,A,Total,TOTAL,Nauru,NR,Person,PER,Ireland,IE,2018,2018,0
Annual,A,Total,TOTAL,Nauru,NR,Person,PER,Ireland,IE,2019,2019,0
Annual,A,Total,TOTAL,Nauru,NR,Person,PER,Ireland,IE,2020,2020,0
Annual,A,Total,TOTAL,Nauru,NR,Person,PER,Ireland,IE,2021,2021,0
Annual,A,Total,TOTAL,Nauru,NR,Person,PER,Ireland,IE,2022,2022,0
Annual,A,Total,TOTAL,Nauru,NR,Person,PER,Ireland,IE,2023,2023,0
Annual,A,Total,TOTAL,Nauru,NR,Person,PER,Ireland,IE,2024,2024,0
Annual,A,Total,TOTAL,Nauru,NR,Person,PER,Ireland,IE,2025,2025,0
Annual,A,Total,TOTAL,Palau,PW,Person,PER,Ireland,IE,2008,2008,0
Annual,A,Total,TOTAL,Palau,PW,Person,PER,Ireland,IE,2009,2009,0
Annual,A,Total,TOTAL,Palau,PW,Person,PER,Ireland,IE,2010,2010,0
Annual,A,Total,TOTAL,Palau,PW,Person,PER,Ireland,IE,2011,2011,0
Annual,A,Total,TOTAL,Palau,PW,Person,PER,Ireland,IE,2012,2012,0
Annual,A,Total,TOTAL,Palau,PW,Person,PER,Ireland,IE,2013,2013,0
Annual,A,Total,TOTAL,Palau,PW,Person,PER,Ireland,IE,2014,2014,0
Annual,A,Total,TOTAL,Palau,PW,Person,PER,Ireland,IE,2015,2015,0
Annual,A,Total,TOTAL,Palau,PW,Person,PER,Ireland,IE,2016,2016,0
Annual,A,Total,TOTAL,Palau,PW,Person,PER,Ireland,IE,2017,2017,0
Annual,A,Total,TOTAL,Palau,PW,Person,PER,Ireland,IE,2018,2018,0
Annual,A,Total,TOTAL,Palau,PW,Person,PER,Ireland,IE,2019,2019,0
Annual,A,Total,TOTAL,Palau,PW,Person,PER,Ireland,IE,2020,2020,0
Annual,A,Total,TOTAL,Palau,PW,Person,PER,Ireland,IE,2021,2021,0
Annual,A,Total,TOTAL,Palau,PW,Person,PER,Ireland,IE,2022,2022,0
Annual,A,Total,TOTAL,Palau,PW,Person,PER,Ireland,IE,2023,2023,0
Annual,A,Total,TOTAL,Palau,PW,Person,PER,Ireland,IE,2024,2024,0
Annual,A,Total,TOTAL,Palau,PW,Person,PER,Ireland,IE,2025,2025,0
Annual,A,Total,TOTAL,Cook Islands,CK,Person,PER,Ireland,IE,2008,2008,0
Annual,A,Total,TOTAL,Cook Islands,CK,Person,PER,Ireland,IE,2009,2009,0
Annual,A,Total,TOTAL,Cook Islands,CK,Person,PER,Ireland,IE,2010,2010,0
Annual,A,Total,TOTAL,Cook Islands,CK,Person,PER,Ireland,IE,2011,2011,0
Annual,A,Total,TOTAL,Cook Islands,CK,Person,PER,Ireland,IE,2012,2012,0
Annual,A,Total,TOTAL,Cook Islands,CK,Person,PER,Ireland,IE,2013,2013,0
Annual,A,Total,TOTAL,Cook Islands,CK,Person,PER,Ireland,IE,2014,2014,0
Annual,A,Total,TOTAL,Cook Islands,CK,Person,PER,Ireland,IE,2015,2015,0
Annual,A,Total,TOTAL,Cook Islands,CK,Person,PER,Ireland,IE,2016,2016,0
Annual,A,Total,TOTAL,Cook Islands,CK,Person,PER,Ireland,IE,2017,2017,0
Annual,A,Total,TOTAL,Cook Islands,CK,Person,PER,Ireland,IE,2018,2018,0
Annual,A,Total,TOTAL,Cook Islands,CK,Person,PER,Ireland,IE,2019,2019,0
Annual,A,Total,TOTAL,Cook Islands,CK,Person,PER,Ireland,IE,2020,2020,0
Annual,A,Total,TOTAL,Cook Islands,CK,Person,PER,Ireland,IE,2021,2021,0
Annual,A,Total,TOTAL,Cook Islands,CK,Person,PER,Ireland,IE,2022,2022,0
Annual,A,Total,TOTAL,Cook Islands,CK,Person,PER,Ireland,IE,2023,2023,0
Annual,A,Total,TOTAL,Cook Islands,CK,Person,PER,Ireland,IE,2024,2024,0
Annual,A,Total,TOTAL,Cook Islands,CK,Person,PER,Ireland,IE,2025,2025,0
Annual,A,Total,TOTAL,Samoa,WS,Person,PER,Ireland,IE,2008,2008,1
Annual,A,Total,TOTAL,Samoa,WS,Person,PER,Ireland,IE,2009,2009,0
Annual,A,Total,TOTAL,Samoa,WS,Person,PER,Ireland,IE,2010,2010,0
Annual,A,Total,TOTAL,Samoa,WS,Person,PER,Ireland,IE,2011,2011,0
Annual,A,Total,TOTAL,Samoa,WS,Person,PER,Ireland,IE,2012,2012,0
Annual,A,Total,TOTAL,Samoa,WS,Person,PER,Ireland,IE,2013,2013,0
Annual,A,Total,TOTAL,Samoa,WS,Person,PER,Ireland,IE,2014,2014,0
Annual,A,Total,TOTAL,Samoa,WS,Person,PER,Ireland,IE,2015,2015,0
Annual,A,Total,TOTAL,Samoa,WS,Person,PER,Ireland,IE,2016,2016,0
Annual,A,Total,TOTAL,Samoa,WS,Person,PER,Ireland,IE,2017,2017,0
Annual,A,Total,TOTAL,Samoa,WS,Person,PER,Ireland,IE,2018,2018,0
Annual,A,Total,TOTAL,Samoa,WS,Person,PER,Ireland,IE,2019,2019,0
Annual,A,Total,TOTAL,Samoa,WS,Person,PER,Ireland,IE,2020,2020,0
Annual,A,Total,TOTAL,Samoa,WS,Person,PER,Ireland,IE,2021,2021,0
Annual,A,Total,TOTAL,Samoa,WS,Person,PER,Ireland,IE,2022,2022,0
Annual,A,Total,TOTAL,Samoa,WS,Person,PER,Ireland,IE,2023,2023,0
Annual,A,Total,TOTAL,Samoa,WS,Person,PER,Ireland,IE,2024,2024,0
Annual,A,Total,TOTAL,Samoa,WS,Person,PER,Ireland,IE,2025,2025,0
Annual,A,Total,TOTAL,Tonga,TO,Person,PER,Ireland,IE,2008,2008,0
Annual,A,Total,TOTAL,Tonga,TO,Person,PER,Ireland,IE,2009,2009,0
Annual,A,Total,TOTAL,Tonga,TO,Person,PER,Ireland,IE,2010,2010,0
Annual,A,Total,TOTAL,Tonga,TO,Person,PER,Ireland,IE,2011,2011,0
Annual,A,Total,TOTAL,Tonga,TO,Person,PER,Ireland,IE,2012,2012,0
Annual,A,Total,TOTAL,Tonga,TO,Person,PER,Ireland,IE,2013,2013,0
Annual,A,Total,TOTAL,Tonga,TO,Person,PER,Ireland,IE,2014,2014,0
Annual,A,Total,TOTAL,Tonga,TO,Person,PER,Ireland,IE,2015,2015,0
Annual,A,Total,TOTAL,Tonga,TO,Person,PER,Ireland,IE,2016,2016,0
Annual,A,Total,TOTAL,Tonga,TO,Person,PER,Ireland,IE,2017,2017,0
Annual,A,Total,TOTAL,Tonga,TO,Person,PER,Ireland,IE,2018,2018,0
Annual,A,Total,TOTAL,Tonga,TO,Person,PER,Ireland,IE,2019,2019,0
Annual,A,Total,TOTAL,Tonga,TO,Person,PER,Ireland,IE,2020,2020,0
Annual,A,Total,TOTAL,Tonga,TO,Person,PER,Ireland,IE,2021,2021,0
Annual,A,Total,TOTAL,Tonga,TO,Person,PER,Ireland,IE,2022,2022,0
Annual,A,Total,TOTAL,Tonga,TO,Person,PER,Ireland,IE,2023,2023,0
Annual,A,Total,TOTAL,Tonga,TO,Person,PER,Ireland,IE,2024,2024,0
Annual,A,Total,TOTAL,Tonga,TO,Person,PER,Ireland,IE,2025,2025,0
Annual,A,Total,TOTAL,Tuvalu,TV,Person,PER,Ireland,IE,2008,2008,0
Annual,A,Total,TOTAL,Tuvalu,TV,Person,PER,Ireland,IE,2009,2009,0
Annual,A,Total,TOTAL,Tuvalu,TV,Person,PER,Ireland,IE,2010,2010,0
Annual,A,Total,TOTAL,Tuvalu,TV,Person,PER,Ireland,IE,2011,2011,0
Annual,A,Total,TOTAL,Tuvalu,TV,Person,PER,Ireland,IE,2012,2012,0
Annual,A,Total,TOTAL,Tuvalu,TV,Person,PER,Ireland,IE,2013,2013,0
Annual,A,Total,TOTAL,Tuvalu,TV,Person,PER,Ireland,IE,2014,2014,0
Annual,A,Total,TOTAL,Tuvalu,TV,Person,PER,Ireland,IE,2015,2015,0
Annual,A,Total,TOTAL,Tuvalu,TV,Person,PER,Ireland,IE,2016,2016,0
Annual,A,Total,TOTAL,Tuvalu,TV,Person,PER,Ireland,IE,2017,2017,0
Annual,A,Total,TOTAL,Tuvalu,TV,Person,PER,Ireland,IE,2018,2018,0
Annual,A,Total,TOTAL,Tuvalu,TV,Person,PER,Ireland,IE,2019,2019,0
Annual,A,Total,TOTAL,Tuvalu,TV,Person,PER,Ireland,IE,2020,2020,0
Annual,A,Total,TOTAL,Tuvalu,TV,Person,PER,Ireland,IE,2021,2021,0
Annual,A,Total,TOTAL,Tuvalu,TV,Person,PER,Ireland,IE,2022,2022,0
Annual,A,Total,TOTAL,Tuvalu,TV,Person,PER,Ireland,IE,2023,2023,0
Annual,A,Total,TOTAL,Tuvalu,TV,Person,PER,Ireland,IE,2024,2024,0
Annual,A,Total,TOTAL,Tuvalu,TV,Person,PER,Ireland,IE,2025,2025,0
Annual,A,Total,TOTAL,Recognised non-citizens,RNC,Person,PER,Ireland,IE,2008,2008,0
Annual,A,Total,TOTAL,Recognised non-citizens,RNC,Person,PER,Ireland,IE,2009,2009,0
Annual,A,Total,TOTAL,Recognised non-citizens,RNC,Person,PER,Ireland,IE,2013,2013,0
Annual,A,Total,TOTAL,Recognised non-citizens,RNC,Person,PER,Ireland,IE,2014,2014,0
Annual,A,Total,TOTAL,Recognised non-citizens,RNC,Person,PER,Ireland,IE,2015,2015,0
Annual,A,Total,TOTAL,Recognised non-citizens,RNC,Person,PER,Ireland,IE,2016,2016,0
Annual,A,Total,TOTAL,Recognised non-citizens,RNC,Person,PER,Ireland,IE,2017,2017,0
Annual,A,Total,TOTAL,Recognised non-citizens,RNC,Person,PER,Ireland,IE,2018,2018,0
Annual,A,Total,TOTAL,Recognised non-citizens,RNC,Person,PER,Ireland,IE,2019,2019,0
Annual,A,Total,TOTAL,Recognised non-citizens,RNC,Person,PER,Ireland,IE,2020,2020,0
Annual,A,Total,TOTAL,Recognised non-citizens,RNC,Person,PER,Ireland,IE,2021,2021,0
Annual,A,Total,TOTAL,Recognised non-citizens,RNC,Person,PER,Ireland,IE,2022,2022,0
Annual,A,Total,TOTAL,Recognised non-citizens,RNC,Person,PER,Ireland,IE,2023,2023,0
Annual,A,Total,TOTAL,Recognised non-citizens,RNC,Person,PER,Ireland,IE,2024,2024,0
Annual,A,Total,TOTAL,Recognised non-citizens,RNC,Person,PER,Ireland,IE,2025,2025,0
Annual,A,Total,TOTAL,Stateless,STLS,Person,PER,Ireland,IE,2008,2008,0
Annual,A,Total,TOTAL,Stateless,STLS,Person,PER,Ireland,IE,2009,2009,0
Annual,A,Total,TOTAL,Stateless,STLS,Person,PER,Ireland,IE,2010,2010,0
Annual,A,Total,TOTAL,Stateless,STLS,Person,PER,Ireland,IE,2011,2011,0
Annual,A,Total,TOTAL,Stateless,STLS,Person,PER,Ireland,IE,2012,2012,0
Annual,A,Total,TOTAL,Stateless,STLS,Person,PER,Ireland,IE,2013,2013,0
Annual,A,Total,TOTAL,Stateless,STLS,Person,PER,Ireland,IE,2014,2014,0
Annual,A,Total,TOTAL,Stateless,STLS,Person,PER,Ireland,IE,2015,2015,0
Annual,A,Total,TOTAL,Stateless,STLS,Person,PER,Ireland,IE,2016,2016,0
Annual,A,Total,TOTAL,Stateless,STLS,Person,PER,Ireland,IE,2017,2017,0
Annual,A,Total,TOTAL,Stateless,STLS,Person,PER,Ireland,IE,2018,2018,0
Annual,A,Total,TOTAL,Stateless,STLS,Person,PER,Ireland,IE,2019,2019,0
Annual,A,Total,TOTAL,Stateless,STLS,Person,PER,Ireland,IE,2020,2020,0
Annual,A,Total,TOTAL,Stateless,STLS,Person,PER,Ireland,IE,2021,2021,0
Annual,A,Total,TOTAL,Stateless,STLS,Person,PER,Ireland,IE,2022,2022,0
Annual,A,Total,TOTAL,Stateless,STLS,Person,PER,Ireland,IE,2023,2023,0
Annual,A,Total,TOTAL,Stateless,STLS,Person,PER,Ireland,IE,2024,2024,0
Annual,A,Total,TOTAL,Stateless,STLS,Person,PER,Ireland,IE,2025,2025,0
Annual,A,Total,TOTAL,Total,TOTAL,Person,PER,Ireland,IE,2008,2008,5155
Annual,A,Total,TOTAL,Total,TOTAL,Person,PER,Ireland,IE,2009,2009,3946
Annual,A,Total,TOTAL,Total,TOTAL,Person,PER,Ireland,IE,2010,2010,8367
Annual,A,Total,TOTAL,Total,TOTAL,Person,PER,Ireland,IE,2011,2011,7721
Annual,A,Total,TOTAL,Total,TOTAL,Person,PER,Ireland,IE,2012,2012,5771
Annual,A,Total,TOTAL,Total,TOTAL,Person,PER,Ireland,IE,2013,2013,3392
Annual,A,Total,TOTAL,Total,TOTAL,Person,PER,Ireland,IE,2014,2014,2309
Annual,A,Total,TOTAL,Total,TOTAL,Person,PER,Ireland,IE,2015,2015,2019
Annual,A,Total,TOTAL,Total,TOTAL,Person,PER,Ireland,IE,2016,2016,1473
Annual,A,Total,TOTAL,Total,TOTAL,Person,PER,Ireland,IE,2017,2017,1484
Annual,A,Total,TOTAL,Total,TOTAL,Person,PER,Ireland,IE,2018,2018,1272
Annual,A,Total,TOTAL,Total,TOTAL,Person,PER,Ireland,IE,2019,2019,1125
Annual,A,Total,TOTAL,Total,TOTAL,Person,PER,Ireland,IE,2020,2020,1051
Annual,A,Total,TOTAL,Total,TOTAL,Person,PER,Ireland,IE,2021,2021,1219
Annual,A,Total,TOTAL,Total,TOTAL,Person,PER,Ireland,IE,2022,2022,1450
Annual,A,Total,TOTAL,Total,TOTAL,Person,PER,Ireland,IE,2023,2023,1606
Annual,A,Total,TOTAL,Total,TOTAL,Person,PER,Ireland,IE,2024,2024,1717
Annual,A,Total,TOTAL,Total,TOTAL,Person,PER,Ireland,IE,2025,2025,1731
Annual,A,Total,TOTAL,Unknown,UNK,Person,PER,Ireland,IE,2008,2008,0
Annual,A,Total,TOTAL,Unknown,UNK,Person,PER,Ireland,IE,2009,2009,0
Annual,A,Total,TOTAL,Unknown,UNK,Person,PER,Ireland,IE,2010,2010,1
Annual,A,Total,TOTAL,Unknown,UNK,Person,PER,Ireland,IE,2011,2011,1
Annual,A,Total,TOTAL,Unknown,UNK,Person,PER,Ireland,IE,2012,2012,1
Annual,A,Total,TOTAL,Unknown,UNK,Person,PER,Ireland,IE,2013,2013,1
Annual,A,Total,TOTAL,Unknown,UNK,Person,PER,Ireland,IE,2014,2014,1
Annual,A,Total,TOTAL,Unknown,UNK,Person,PER,Ireland,IE,2015,2015,1
Annual,A,Total,TOTAL,Unknown,UNK,Person,PER,Ireland,IE,2016,2016,1
Annual,A,Total,TOTAL,Unknown,UNK,Person,PER,Ireland,IE,2017,2017,1
Annual,A,Total,TOTAL,Unknown,UNK,Person,PER,Ireland,IE,2018,2018,1
Annual,A,Total,TOTAL,Unknown,UNK,Person,PER,Ireland,IE,2019,2019,1
Annual,A,Total,TOTAL,Unknown,UNK,Person,PER,Ireland,IE,2020,2020,0
Annual,A,Total,TOTAL,Unknown,UNK,Person,PER,Ireland,IE,2021,2021,0
Annual,A,Total,TOTAL,Unknown,UNK,Person,PER,Ireland,IE,2022,2022,0
Annual,A,Total,TOTAL,Unknown,UNK,Person,PER,Ireland,IE,2023,2023,0
Annual,A,Total,TOTAL,Unknown,UNK,Person,PER,Ireland,IE,2024,2024,0
Annual,A,Total,TOTAL,Unknown,UNK,Person,PER,Ireland,IE,2025,2025,1
Annual,A,EU framework,EU,Croatia,HR,Person,PER,Ireland,IE,2008,2008,27
Annual,A,EU framework,EU,Croatia,HR,Person,PER,Ireland,IE,2009,2009,19
Annual,A,EU framework,EU,Croatia,HR,Person,PER,Ireland,IE,2012,2012,0
Annual,A,EU framework,EU,Croatia,HR,Person,PER,Ireland,IE,2013,2013,0
Annual,A,EU framework,EU,Croatia,HR,Person,PER,Ireland,IE,2014,2014,0
Annual,A,EU framework,EU,Croatia,HR,Person,PER,Ireland,IE,2021,2021,0
Annual,A,EU framework,EU,Croatia,HR,Person,PER,Ireland,IE,2022,2022,0
Annual,A,EU framework,EU,Croatia,HR,Person,PER,Ireland,IE,2023,2023,0
Annual,A,EU framework,EU,Croatia,HR,Person,PER,Ireland,IE,2024,2024,0
Annual,A,EU framework,EU,Croatia,HR,Person,PER,Ireland,IE,2025,2025,0
Annual,A,EU framework,EU,Iceland,IS,Person,PER,Ireland,IE,2008,2008,0
Annual,A,EU framework,EU,Iceland,IS,Person,PER,Ireland,IE,2009,2009,0
Annual,A,EU framework,EU,Iceland,IS,Person,PER,Ireland,IE,2012,2012,0
Annual,A,EU framework,EU,Iceland,IS,Person,PER,Ireland,IE,2013,2013,0
Annual,A,EU framework,EU,Iceland,IS,Person,PER,Ireland,IE,2014,2014,0
Annual,A,EU framework,EU,Iceland,IS,Person,PER,Ireland,IE,2016,2016,0
Annual,A,EU framework,EU,Iceland,IS,Person,PER,Ireland,IE,2017,2017,0
Annual,A,EU framework,EU,Iceland,IS,Person,PER,Ireland,IE,2018,2018,0
Annual,A,EU framework,EU,Iceland,IS,Person,PER,Ireland,IE,2019,2019,0
Annual,A,EU framework,EU,Iceland,IS,Person,PER,Ireland,IE,2020,2020,0
Annual,A,EU framework,EU,Iceland,IS,Person,PER,Ireland,IE,2021,2021,0
Annual,A,EU framework,EU,Iceland,IS,Person,PER,Ireland,IE,2022,2022,0
Annual,A,EU framework,EU,Iceland,IS,Person,PER,Ireland,IE,2023,2023,0
Annual,A,EU framework,EU,Iceland,IS,Person,PER,Ireland,IE,2024,2024,0
Annual,A,EU framework,EU,Iceland,IS,Person,PER,Ireland,IE,2025,2025,0
Annual,A,EU framework,EU,Liechtenstein,LI,Person,PER,Ireland,IE,2008,2008,0
Annual,A,EU framework,EU,Liechtenstein,LI,Person,PER,Ireland,IE,2009,2009,0
Annual,A,EU framework,EU,Liechtenstein,LI,Person,PER,Ireland,IE,2012,2012,0
Annual,A,EU framework,EU,Liechtenstein,LI,Person,PER,Ireland,IE,2013,2013,0
Annual,A,EU framework,EU,Liechtenstein,LI,Person,PER,Ireland,IE,2014,2014,0
Annual,A,EU framework,EU,Liechtenstein,LI,Person,PER,Ireland,IE,2016,2016,0
Annual,A,EU framework,EU,Liechtenstein,LI,Person,PER,Ireland,IE,2017,2017,0
Annual,A,EU framework,EU,Liechtenstein,LI,Person,PER,Ireland,IE,2018,2018,0
Annual,A,EU framework,EU,Liechtenstein,LI,Person,PER,Ireland,IE,2019,2019,0
Annual,A,EU framework,EU,Liechtenstein,LI,Person,PER,Ireland,IE,2020,2020,0
Annual,A,EU framework,EU,Liechtenstein,LI,Person,PER,Ireland,IE,2021,2021,0
Annual,A,EU framework,EU,Liechtenstein,LI,Person,PER,Ireland,IE,2022,2022,0
Annual,A,EU framework,EU,Liechtenstein,LI,Person,PER,Ireland,IE,2023,2023,0
Annual,A,EU framework,EU,Liechtenstein,LI,Person,PER,Ireland,IE,2024,2024,0
Annual,A,EU framework,EU,Liechtenstein,LI,Person,PER,Ireland,IE,2025,2025,0
Annual,A,EU framework,EU,Norway,NO,Person,PER,Ireland,IE,2008,2008,1
Annual,A,EU framework,EU,Norway,NO,Person,PER,Ireland,IE,2009,2009,0
Annual,A,EU framework,EU,Norway,NO,Person,PER,Ireland,IE,2012,2012,0
Annual,A,EU framework,EU,Norway,NO,Person,PER,Ireland,IE,2013,2013,0
Annual,A,EU framework,EU,Norway,NO,Person,PER,Ireland,IE,2014,2014,0
Annual,A,EU framework,EU,Norway,NO,Person,PER,Ireland,IE,2016,2016,0
Annual,A,EU framework,EU,Norway,NO,Person,PER,Ireland,IE,2017,2017,0
Annual,A,EU framework,EU,Norway,NO,Person,PER,Ireland,IE,2018,2018,0
Annual,A,EU framework,EU,Norway,NO,Person,PER,Ireland,IE,2019,2019,0
Annual,A,EU framework,EU,Norway,NO,Person,PER,Ireland,IE,2020,2020,0
Annual,A,EU framework,EU,Norway,NO,Person,PER,Ireland,IE,2021,2021,0
Annual,A,EU framework,EU,Norway,NO,Person,PER,Ireland,IE,2022,2022,0
Annual,A,EU framework,EU,Norway,NO,Person,PER,Ireland,IE,2023,2023,0
Annual,A,EU framework,EU,Norway,NO,Person,PER,Ireland,IE,2024,2024,0
Annual,A,EU framework,EU,Norway,NO,Person,PER,Ireland,IE,2025,2025,0
Annual,A,EU framework,EU,Switzerland,CH,Person,PER,Ireland,IE,2008,2008,2
Annual,A,EU framework,EU,Switzerland,CH,Person,PER,Ireland,IE,2009,2009,1
Annual,A,EU framework,EU,Switzerland,CH,Person,PER,Ireland,IE,2012,2012,0
Annual,A,EU framework,EU,Switzerland,CH,Person,PER,Ireland,IE,2013,2013,0
Annual,A,EU framework,EU,Switzerland,CH,Person,PER,Ireland,IE,2014,2014,0
Annual,A,EU framework,EU,Switzerland,CH,Person,PER,Ireland,IE,2016,2016,0
Annual,A,EU framework,EU,Switzerland,CH,Person,PER,Ireland,IE,2017,2017,0
Annual,A,EU framework,EU,Switzerland,CH,Person,PER,Ireland,IE,2018,2018,0
Annual,A,EU framework,EU,Switzerland,CH,Person,PER,Ireland,IE,2019,2019,0
Annual,A,EU framework,EU,Switzerland,CH,Person,PER,Ireland,IE,2020,2020,0
Annual,A,EU framework,EU,Switzerland,CH,Person,PER,Ireland,IE,2021,2021,0
Annual,A,EU framework,EU,Switzerland,CH,Person,PER,Ireland,IE,2022,2022,0
Annual,A,EU framework,EU,Switzerland,CH,Person,PER,Ireland,IE,2023,2023,0
Annual,A,EU framework,EU,Switzerland,CH,Person,PER,Ireland,IE,2024,2024,0
Annual,A,EU framework,EU,Switzerland,CH,Person,PER,Ireland,IE,2025,2025,0
Annual,A,EU framework,EU,United Kingdom,UK,Person,PER,Ireland,IE,2020,2020,0
Annual,A,EU framework,EU,United Kingdom,UK,Person,PER,Ireland,IE,2021,2021,0
Annual,A,EU framework,EU,United Kingdom,UK,Person,PER,Ireland,IE,2022,2022,0
Annual,A,EU framework,EU,United Kingdom,UK,Person,PER,Ireland,IE,2023,2023,0
Annual,A,EU framework,EU,United Kingdom,UK,Person,PER,Ireland,IE,2024,2024,0
Annual,A,EU framework,EU,United Kingdom,UK,Person,PER,Ireland,IE,2025,2025,0
Annual,A,EU framework,EU,British overseas countries and territories,UK_OCT,Person,PER,Ireland,IE,2008,2008,68
Annual,A,EU framework,EU,British overseas countries and territories,UK_OCT,Person,PER,Ireland,IE,2009,2009,51
Annual,A,EU framework,EU,British overseas countries and territories,UK_OCT,Person,PER,Ireland,IE,2012,2012,0
Annual,A,EU framework,EU,British overseas countries and territories,UK_OCT,Person,PER,Ireland,IE,2013,2013,0
Annual,A,EU framework,EU,British overseas countries and territories,UK_OCT,Person,PER,Ireland,IE,2014,2014,0
Annual,A,EU framework,EU,British overseas countries and territories,UK_OCT,Person,PER,Ireland,IE,2016,2016,0
Annual,A,EU framework,EU,British overseas countries and territories,UK_OCT,Person,PER,Ireland,IE,2017,2017,0
Annual,A,EU framework,EU,British overseas countries and territories,UK_OCT,Person,PER,Ireland,IE,2018,2018,0
Annual,A,EU framework,EU,British overseas countries and territories,UK_OCT,Person,PER,Ireland,IE,2019,2019,0
Annual,A,EU framework,EU,British overseas countries and territories,UK_OCT,Person,PER,Ireland,IE,2020,2020,0
Annual,A,EU framework,EU,British overseas countries and territories,UK_OCT,Person,PER,Ireland,IE,2021,2021,0
Annual,A,EU framework,EU,British overseas countries and territories,UK_OCT,Person,PER,Ireland,IE,2022,2022,0
Annual,A,EU framework,EU,British overseas countries and territories,UK_OCT,Person,PER,Ireland,IE,2023,2023,0
Annual,A,EU framework,EU,British overseas countries and territories,UK_OCT,Person,PER,Ireland,IE,2024,2024,0
Annual,A,EU framework,EU,British overseas countries and territories,UK_OCT,Person,PER,Ireland,IE,2025,2025,0
Annual,A,EU framework,EU,Bosnia and Herzegovina,BA,Person,PER,Ireland,IE,2008,2008,1
Annual,A,EU framework,EU,Bosnia and Herzegovina,BA,Person,PER,Ireland,IE,2009,2009,2
Annual,A,EU framework,EU,Bosnia and Herzegovina,BA,Person,PER,Ireland,IE,2012,2012,0
Annual,A,EU framework,EU,Bosnia and Herzegovina,BA,Person,PER,Ireland,IE,2013,2013,0
Annual,A,EU framework,EU,Bosnia and Herzegovina,BA,Person,PER,Ireland,IE,2014,2014,0
Annual,A,EU framework,EU,Bosnia and Herzegovina,BA,Person,PER,Ireland,IE,2016,2016,0
Annual,A,EU framework,EU,Bosnia and Herzegovina,BA,Person,PER,Ireland,IE,2017,2017,0
Annual,A,EU framework,EU,Bosnia and Herzegovina,BA,Person,PER,Ireland,IE,2018,2018,0
Annual,A,EU framework,EU,Bosnia and Herzegovina,BA,Person,PER,Ireland,IE,2019,2019,0
Annual,A,EU framework,EU,Bosnia and Herzegovina,BA,Person,PER,Ireland,IE,2020,2020,0
Annual,A,EU framework,EU,Bosnia and Herzegovina,BA,Person,PER,Ireland,IE,2021,2021,0
Annual,A,EU framework,EU,Bosnia and Herzegovina,BA,Person,PER,Ireland,IE,2022,2022,0
Annual,A,EU framework,EU,Bosnia and Herzegovina,BA,Person,PER,Ireland,IE,2023,2023,0
Annual,A,EU framework,EU,Bosnia and Herzegovina,BA,Person,PER,Ireland,IE,2024,2024,0
Annual,A,EU framework,EU,Bosnia and Herzegovina,BA,Person,PER,Ireland,IE,2025,2025,0
Annual,A,EU framework,EU,Montenegro,ME,Person,PER,Ireland,IE,2008,2008,0
Annual,A,EU framework,EU,Montenegro,ME,Person,PER,Ireland,IE,2009,2009,0
Annual,A,EU framework,EU,Montenegro,ME,Person,PER,Ireland,IE,2012,2012,0
Annual,A,EU framework,EU,Montenegro,ME,Person,PER,Ireland,IE,2013,2013,0
Annual,A,EU framework,EU,Montenegro,ME,Person,PER,Ireland,IE,2014,2014,0
Annual,A,EU framework,EU,Montenegro,ME,Person,PER,Ireland,IE,2016,2016,0
Annual,A,EU framework,EU,Montenegro,ME,Person,PER,Ireland,IE,2017,2017,0
Annual,A,EU framework,EU,Montenegro,ME,Person,PER,Ireland,IE,2018,2018,0
Annual,A,EU framework,EU,Montenegro,ME,Person,PER,Ireland,IE,2019,2019,0
Annual,A,EU framework,EU,Montenegro,ME,Person,PER,Ireland,IE,2020,2020,0
Annual,A,EU framework,EU,Montenegro,ME,Person,PER,Ireland,IE,2021,2021,0
Annual,A,EU framework,EU,Montenegro,ME,Person,PER,Ireland,IE,2022,2022,0
Annual,A,EU framework,EU,Montenegro,ME,Person,PER,Ireland,IE,2023,2023,0
Annual,A,EU framework,EU,Montenegro,ME,Person,PER,Ireland,IE,2024,2024,0
Annual,A,EU framework,EU,Montenegro,ME,Person,PER,Ireland,IE,2025,2025,0
Annual,A,EU framework,EU,Moldova,MD,Person,PER,Ireland,IE,2008,2008,123
Annual,A,EU framework,EU,Moldova,MD,Person,PER,Ireland,IE,2009,2009,160
Annual,A,EU framework,EU,Moldova,MD,Person,PER,Ireland,IE,2012,2012,0
Annual,A,EU framework,EU,Moldova,MD,Person,PER,Ireland,IE,2013,2013,0
Annual,A,EU framework,EU,Moldova,MD,Person,PER,Ireland,IE,2014,2014,0
Annual,A,EU framework,EU,Moldova,MD,Person,PER,Ireland,IE,2016,2016,0
Annual,A,EU framework,EU,Moldova,MD,Person,PER,Ireland,IE,2017,2017,0
Annual,A,EU framework,EU,Moldova,MD,Person,PER,Ireland,IE,2018,2018,0
Annual,A,EU framework,EU,Moldova,MD,Person,PER,Ireland,IE,2019,2019,0
Annual,A,EU framework,EU,Moldova,MD,Person,PER,Ireland,IE,2020,2020,0
Annual,A,EU framework,EU,Moldova,MD,Person,PER,Ireland,IE,2021,2021,0
Annual,A,EU framework,EU,Moldova,MD,Person,PER,Ireland,IE,2022,2022,0
Annual,A,EU framework,EU,Moldova,MD,Person,PER,Ireland,IE,2023,2023,0
Annual,A,EU framework,EU,Moldova,MD,Person,PER,Ireland,IE,2024,2024,0
Annual,A,EU framework,EU,Moldova,MD,Person,PER,Ireland,IE,2025,2025,0
Annual,A,EU framework,EU,North Macedonia,MK,Person,PER,Ireland,IE,2008,2008,17
Annual,A,EU framework,EU,North Macedonia,MK,Person,PER,Ireland,IE,2009,2009,3
Annual,A,EU framework,EU,North Macedonia,MK,Person,PER,Ireland,IE,2012,2012,0
Annual,A,EU framework,EU,North Macedonia,MK,Person,PER,Ireland,IE,2013,2013,0
Annual,A,EU framework,EU,North Macedonia,MK,Person,PER,Ireland,IE,2014,2014,0
Annual,A,EU framework,EU,North Macedonia,MK,Person,PER,Ireland,IE,2016,2016,0
Annual,A,EU framework,EU,North Macedonia,MK,Person,PER,Ireland,IE,2017,2017,0
Annual,A,EU framework,EU,North Macedonia,MK,Person,PER,Ireland,IE,2018,2018,0
Annual,A,EU framework,EU,North Macedonia,MK,Person,PER,Ireland,IE,2019,2019,0
Annual,A,EU framework,EU,North Macedonia,MK,Person,PER,Ireland,IE,2020,2020,0
Annual,A,EU framework,EU,North Macedonia,MK,Person,PER,Ireland,IE,2021,2021,0
Annual,A,EU framework,EU,North Macedonia,MK,Person,PER,Ireland,IE,2022,2022,0
Annual,A,EU framework,EU,North Macedonia,MK,Person,PER,Ireland,IE,2023,2023,0
Annual,A,EU framework,EU,North Macedonia,MK,Person,PER,Ireland,IE,2024,2024,0
Annual,A,EU framework,EU,North Macedonia,MK,Person,PER,Ireland,IE,2025,2025,0
Annual,A,EU framework,EU,Georgia,GE,Person,PER,Ireland,IE,2008,2008,22
Annual,A,EU framework,EU,Georgia,GE,Person,PER,Ireland,IE,2009,2009,20
Annual,A,EU framework,EU,Georgia,GE,Person,PER,Ireland,IE,2012,2012,0
Annual,A,EU framework,EU,Georgia,GE,Person,PER,Ireland,IE,2013,2013,0
Annual,A,EU framework,EU,Georgia,GE,Person,PER,Ireland,IE,2014,2014,0
Annual,A,EU framework,EU,Georgia,GE,Person,PER,Ireland,IE,2016,2016,0
Annual,A,EU framework,EU,Georgia,GE,Person,PER,Ireland,IE,2017,2017,0
Annual,A,EU framework,EU,Georgia,GE,Person,PER,Ireland,IE,2018,2018,0
Annual,A,EU framework,EU,Georgia,GE,Person,PER,Ireland,IE,2019,2019,0
Annual,A,EU framework,EU,Georgia,GE,Person,PER,Ireland,IE,2020,2020,0
Annual,A,EU framework,EU,Georgia,GE,Person,PER,Ireland,IE,2021,2021,0
Annual,A,EU framework,EU,Georgia,GE,Person,PER,Ireland,IE,2022,2022,0
Annual,A,EU framework,EU,Georgia,GE,Person,PER,Ireland,IE,2023,2023,0
Annual,A,EU framework,EU,Georgia,GE,Person,PER,Ireland,IE,2024,2024,0
Annual,A,EU framework,EU,Georgia,GE,Person,PER,Ireland,IE,2025,2025,0
Annual,A,EU framework,EU,Albania,AL,Person,PER,Ireland,IE,2008,2008,53
Annual,A,EU framework,EU,Albania,AL,Person,PER,Ireland,IE,2009,2009,29
Annual,A,EU framework,EU,Albania,AL,Person,PER,Ireland,IE,2012,2012,0
Annual,A,EU framework,EU,Albania,AL,Person,PER,Ireland,IE,2013,2013,0
Annual,A,EU framework,EU,Albania,AL,Person,PER,Ireland,IE,2014,2014,0
Annual,A,EU framework,EU,Albania,AL,Person,PER,Ireland,IE,2016,2016,0
Annual,A,EU framework,EU,Albania,AL,Person,PER,Ireland,IE,2017,2017,0
Annual,A,EU framework,EU,Albania,AL,Person,PER,Ireland,IE,2018,2018,0
Annual,A,EU framework,EU,Albania,AL,Person,PER,Ireland,IE,2019,2019,0
Annual,A,EU framework,EU,Albania,AL,Person,PER,Ireland,IE,2020,2020,0
Annual,A,EU framework,EU,Albania,AL,Person,PER,Ireland,IE,2021,2021,0
Annual,A,EU framework,EU,Albania,AL,Person,PER,Ireland,IE,2022,2022,0
Annual,A,EU framework,EU,Albania,AL,Person,PER,Ireland,IE,2023,2023,0
Annual,A,EU framework,EU,Albania,AL,Person,PER,Ireland,IE,2024,2024,0
Annual,A,EU framework,EU,Albania,AL,Person,PER,Ireland,IE,2025,2025,0
Annual,A,EU framework,EU,Serbia,RS,Person,PER,Ireland,IE,2008,2008,4
Annual,A,EU framework,EU,Serbia,RS,Person,PER,Ireland,IE,2009,2009,13
Annual,A,EU framework,EU,Serbia,RS,Person,PER,Ireland,IE,2012,2012,0
Annual,A,EU framework,EU,Serbia,RS,Person,PER,Ireland,IE,2013,2013,0
Annual,A,EU framework,EU,Serbia,RS,Person,PER,Ireland,IE,2014,2014,0
Annual,A,EU framework,EU,Serbia,RS,Person,PER,Ireland,IE,2016,2016,0
Annual,A,EU framework,EU,Serbia,RS,Person,PER,Ireland,IE,2017,2017,0
Annual,A,EU framework,EU,Serbia,RS,Person,PER,Ireland,IE,2018,2018,0
Annual,A,EU framework,EU,Serbia,RS,Person,PER,Ireland,IE,2019,2019,0
Annual,A,EU framework,EU,Serbia,RS,Person,PER,Ireland,IE,2020,2020,0
Annual,A,EU framework,EU,Serbia,RS,Person,PER,Ireland,IE,2021,2021,0
Annual,A,EU framework,EU,Serbia,RS,Person,PER,Ireland,IE,2022,2022,0
Annual,A,EU framework,EU,Serbia,RS,Person,PER,Ireland,IE,2023,2023,0
Annual,A,EU framework,EU,Serbia,RS,Person,PER,Ireland,IE,2024,2024,0
Annual,A,EU framework,EU,Serbia,RS,Person,PER,Ireland,IE,2025,2025,0
Annual,A,EU framework,EU,Türkiye,TR,Person,PER,Ireland,IE,2008,2008,13
Annual,A,EU framework,EU,Türkiye,TR,Person,PER,Ireland,IE,2009,2009,8
Annual,A,EU framework,EU,Türkiye,TR,Person,PER,Ireland,IE,2012,2012,0
Annual,A,EU framework,EU,Türkiye,TR,Person,PER,Ireland,IE,2013,2013,0
Annual,A,EU framework,EU,Türkiye,TR,Person,PER,Ireland,IE,2014,2014,0
Annual,A,EU framework,EU,Türkiye,TR,Person,PER,Ireland,IE,2016,2016,0
Annual,A,EU framework,EU,Türkiye,TR,Person,PER,Ireland,IE,2017,2017,0
Annual,A,EU framework,EU,Türkiye,TR,Person,PER,Ireland,IE,2018,2018,0
Annual,A,EU framework,EU,Türkiye,TR,Person,PER,Ireland,IE,2019,2019,0
Annual,A,EU framework,EU,Türkiye,TR,Person,PER,Ireland,IE,2020,2020,0
Annual,A,EU framework,EU,Türkiye,TR,Person,PER,Ireland,IE,2021,2021,0
Annual,A,EU framework,EU,Türkiye,TR,Person,PER,Ireland,IE,2022,2022,0
Annual,A,EU framework,EU,Türkiye,TR,Person,PER,Ireland,IE,2023,2023,0
Annual,A,EU framework,EU,Türkiye,TR,Person,PER,Ireland,IE,2024,2024,0
Annual,A,EU framework,EU,Türkiye,TR,Person,PER,Ireland,IE,2025,2025,0
Annual,A,EU framework,EU,Ukraine,UA,Person,PER,Ireland,IE,2008,2008,227
Annual,A,EU framework,EU,Ukraine,UA,Person,PER,Ireland,IE,2009,2009,223
Annual,A,EU framework,EU,Ukraine,UA,Person,PER,Ireland,IE,2012,2012,0
Annual,A,EU framework,EU,Ukraine,UA,Person,PER,Ireland,IE,2013,2013,0
Annual,A,EU framework,EU,Ukraine,UA,Person,PER,Ireland,IE,2014,2014,0
Annual,A,EU framework,EU,Ukraine,UA,Person,PER,Ireland,IE,2016,2016,0
Annual,A,EU framework,EU,Ukraine,UA,Person,PER,Ireland,IE,2017,2017,0
Annual,A,EU framework,EU,Ukraine,UA,Person,PER,Ireland,IE,2018,2018,0
Annual,A,EU framework,EU,Ukraine,UA,Person,PER,Ireland,IE,2019,2019,0
Annual,A,EU framework,EU,Ukraine,UA,Person,PER,Ireland,IE,2020,2020,0
Annual,A,EU framework,EU,Ukraine,UA,Person,PER,Ireland,IE,2021,2021,0
Annual,A,EU framework,EU,Ukraine,UA,Person,PER,Ireland,IE,2022,2022,0
Annual,A,EU framework,EU,Ukraine,UA,Person,PER,Ireland,IE,2023,2023,0
Annual,A,EU framework,EU,Ukraine,UA,Person,PER,Ireland,IE,2024,2024,0
Annual,A,EU framework,EU,Ukraine,UA,Person,PER,Ireland,IE,2025,2025,0
Annual,A,EU framework,EU,Kosovo*,XK,Person,PER,Ireland,IE,2008,2008,57
Annual,A,EU framework,EU,Kosovo*,XK,Person,PER,Ireland,IE,2009,2009,42
Annual,A,EU framework,EU,Kosovo*,XK,Person,PER,Ireland,IE,2012,2012,0
Annual,A,EU framework,EU,Kosovo*,XK,Person,PER,Ireland,IE,2013,2013,0
Annual,A,EU framework,EU,Kosovo*,XK,Person,PER,Ireland,IE,2014,2014,0
Annual,A,EU framework,EU,Kosovo*,XK,Person,PER,Ireland,IE,2016,2016,0
Annual,A,EU framework,EU,Kosovo*,XK,Person,PER,Ireland,IE,2017,2017,0
Annual,A,EU framework,EU,Kosovo*,XK,Person,PER,Ireland,IE,2018,2018,0
Annual,A,EU framework,EU,Kosovo*,XK,Person,PER,Ireland,IE,2019,2019,0
Annual,A,EU framework,EU,Kosovo*,XK,Person,PER,Ireland,IE,2020,2020,0
Annual,A,EU framework,EU,Kosovo*,XK,Person,PER,Ireland,IE,2021,2021,0
Annual,A,EU framework,EU,Kosovo*,XK,Person,PER,Ireland,IE,2022,2022,0
Annual,A,EU framework,EU,Kosovo*,XK,Person,PER,Ireland,IE,2023,2023,0
Annual,A,EU framework,EU,Kosovo*,XK,Person,PER,Ireland,IE,2024,2024,0
Annual,A,EU framework,EU,Kosovo*,XK,Person,PER,Ireland,IE,2025,2025,0
Annual,A,EU framework,EU,Andorra,AD,Person,PER,Ireland,IE,2008,2008,0
Annual,A,EU framework,EU,Andorra,AD,Person,PER,Ireland,IE,2009,2009,0
Annual,A,EU framework,EU,Andorra,AD,Person,PER,Ireland,IE,2012,2012,0
Annual,A,EU framework,EU,Andorra,AD,Person,PER,Ireland,IE,2013,2013,0
Annual,A,EU framework,EU,Andorra,AD,Person,PER,Ireland,IE,2014,2014,0
Annual,A,EU framework,EU,Andorra,AD,Person,PER,Ireland,IE,2016,2016,0
Annual,A,EU framework,EU,Andorra,AD,Person,PER,Ireland,IE,2017,2017,0
Annual,A,EU framework,EU,Andorra,AD,Person,PER,Ireland,IE,2018,2018,0
Annual,A,EU framework,EU,Andorra,AD,Person,PER,Ireland,IE,2019,2019,0
Annual,A,EU framework,EU,Andorra,AD,Person,PER,Ireland,IE,2020,2020,0
Annual,A,EU framework,EU,Andorra,AD,Person,PER,Ireland,IE,2021,2021,0
Annual,A,EU framework,EU,Andorra,AD,Person,PER,Ireland,IE,2022,2022,0
Annual,A,EU framework,EU,Andorra,AD,Person,PER,Ireland,IE,2023,2023,0
Annual,A,EU framework,EU,Andorra,AD,Person,PER,Ireland,IE,2024,2024,0
Annual,A,EU framework,EU,Andorra,AD,Person,PER,Ireland,IE,2025,2025,0
Annual,A,EU framework,EU,Belarus,BY,Person,PER,Ireland,IE,2008,2008,101
Annual,A,EU framework,EU,Belarus,BY,Person,PER,Ireland,IE,2009,2009,95
Annual,A,EU framework,EU,Belarus,BY,Person,PER,Ireland,IE,2012,2012,0
Annual,A,EU framework,EU,Belarus,BY,Person,PER,Ireland,IE,2013,2013,0
Annual,A,EU framework,EU,Belarus,BY,Person,PER,Ireland,IE,2014,2014,0
Annual,A,EU framework,EU,Belarus,BY,Person,PER,Ireland,IE,2016,2016,0
Annual,A,EU framework,EU,Belarus,BY,Person,PER,Ireland,IE,2017,2017,0
Annual,A,EU framework,EU,Belarus,BY,Person,PER,Ireland,IE,2018,2018,0
Annual,A,EU framework,EU,Belarus,BY,Person,PER,Ireland,IE,2019,2019,0
Annual,A,EU framework,EU,Belarus,BY,Person,PER,Ireland,IE,2020,2020,0
Annual,A,EU framework,EU,Belarus,BY,Person,PER,Ireland,IE,2021,2021,0
Annual,A,EU framework,EU,Belarus,BY,Person,PER,Ireland,IE,2022,2022,0
Annual,A,EU framework,EU,Belarus,BY,Person,PER,Ireland,IE,2023,2023,0
Annual,A,EU framework,EU,Belarus,BY,Person,PER,Ireland,IE,2024,2024,0
Annual,A,EU framework,EU,Belarus,BY,Person,PER,Ireland,IE,2025,2025,0
Annual,A,EU framework,EU,Holy See,VA,Person,PER,Ireland,IE,2008,2008,0
Annual,A,EU framework,EU,Holy See,VA,Person,PER,Ireland,IE,2009,2009,0
Annual,A,EU framework,EU,Holy See,VA,Person,PER,Ireland,IE,2012,2012,0
Annual,A,EU framework,EU,Holy See,VA,Person,PER,Ireland,IE,2013,2013,0
Annual,A,EU framework,EU,Holy See,VA,Person,PER,Ireland,IE,2014,2014,0
Annual,A,EU framework,EU,Holy See,VA,Person,PER,Ireland,IE,2016,2016,0
Annual,A,EU framework,EU,Holy See,VA,Person,PER,Ireland,IE,2017,2017,0
Annual,A,EU framework,EU,Holy See,VA,Person,PER,Ireland,IE,2018,2018,0
Annual,A,EU framework,EU,Holy See,VA,Person,PER,Ireland,IE,2019,2019,0
Annual,A,EU framework,EU,Holy See,VA,Person,PER,Ireland,IE,2020,2020,0
Annual,A,EU framework,EU,Holy See,VA,Person,PER,Ireland,IE,2021,2021,0
Annual,A,EU framework,EU,Holy See,VA,Person,PER,Ireland,IE,2022,2022,0
Annual,A,EU framework,EU,Holy See,VA,Person,PER,Ireland,IE,2023,2023,0
Annual,A,EU framework,EU,Holy See,VA,Person,PER,Ireland,IE,2024,2024,0
Annual,A,EU framework,EU,Holy See,VA,Person,PER,Ireland,IE,2025,2025,0
Annual,A,EU framework,EU,Monaco,MC,Person,PER,Ireland,IE,2008,2008,0
Annual,A,EU framework,EU,Monaco,MC,Person,PER,Ireland,IE,2009,2009,0
Annual,A,EU framework,EU,Monaco,MC,Person,PER,Ireland,IE,2012,2012,0
Annual,A,EU framework,EU,Monaco,MC,Person,PER,Ireland,IE,2013,2013,0
Annual,A,EU framework,EU,Monaco,MC,Person,PER,Ireland,IE,2014,2014,0
Annual,A,EU framework,EU,Monaco,MC,Person,PER,Ireland,IE,2016,2016,0
Annual,A,EU framework,EU,Monaco,MC,Person,PER,Ireland,IE,2017,2017,0
Annual,A,EU framework,EU,Monaco,MC,Person,PER,Ireland,IE,2018,2018,0
Annual,A,EU framework,EU,Monaco,MC,Person,PER,Ireland,IE,2019,2019,0
Annual,A,EU framework,EU,Monaco,MC,Person,PER,Ireland,IE,2020,2020,0
Annual,A,EU framework,EU,Monaco,MC,Person,PER,Ireland,IE,2021,2021,0
Annual,A,EU framework,EU,Monaco,MC,Person,PER,Ireland,IE,2022,2022,0
Annual,A,EU framework,EU,Monaco,MC,Person,PER,Ireland,IE,2023,2023,0
Annual,A,EU framework,EU,Monaco,MC,Person,PER,Ireland,IE,2024,2024,0
Annual,A,EU framework,EU,Monaco,MC,Person,PER,Ireland,IE,2025,2025,0
Annual,A,EU framework,EU,Russia,RU,Person,PER,Ireland,IE,2008,2008,55
Annual,A,EU framework,EU,Russia,RU,Person,PER,Ireland,IE,2009,2009,40
Annual,A,EU framework,EU,Russia,RU,Person,PER,Ireland,IE,2012,2012,0
Annual,A,EU framework,EU,Russia,RU,Person,PER,Ireland,IE,2013,2013,0
Annual,A,EU framework,EU,Russia,RU,Person,PER,Ireland,IE,2014,2014,0
Annual,A,EU framework,EU,Russia,RU,Person,PER,Ireland,IE,2016,2016,0
Annual,A,EU framework,EU,Russia,RU,Person,PER,Ireland,IE,2017,2017,0
Annual,A,EU framework,EU,Russia,RU,Person,PER,Ireland,IE,2018,2018,0
Annual,A,EU framework,EU,Russia,RU,Person,PER,Ireland,IE,2019,2019,0
Annual,A,EU framework,EU,Russia,RU,Person,PER,Ireland,IE,2020,2020,0
Annual,A,EU framework,EU,Russia,RU,Person,PER,Ireland,IE,2021,2021,0
Annual,A,EU framework,EU,Russia,RU,Person,PER,Ireland,IE,2022,2022,0
Annual,A,EU framework,EU,Russia,RU,Person,PER,Ireland,IE,2023,2023,0
Annual,A,EU framework,EU,Russia,RU,Person,PER,Ireland,IE,2024,2024,0
Annual,A,EU framework,EU,Russia,RU,Person,PER,Ireland,IE,2025,2025,0
Annual,A,EU framework,EU,San Marino,SM,Person,PER,Ireland,IE,2008,2008,0
Annual,A,EU framework,EU,San Marino,SM,Person,PER,Ireland,IE,2009,2009,0
Annual,A,EU framework,EU,San Marino,SM,Person,PER,Ireland,IE,2012,2012,0
Annual,A,EU framework,EU,San Marino,SM,Person,PER,Ireland,IE,2013,2013,0
Annual,A,EU framework,EU,San Marino,SM,Person,PER,Ireland,IE,2014,2014,0
Annual,A,EU framework,EU,San Marino,SM,Person,PER,Ireland,IE,2016,2016,0
Annual,A,EU framework,EU,San Marino,SM,Person,PER,Ireland,IE,2017,2017,0
Annual,A,EU framework,EU,San Marino,SM,Person,PER,Ireland,IE,2018,2018,0
Annual,A,EU framework,EU,San Marino,SM,Person,PER,Ireland,IE,2019,2019,0
Annual,A,EU framework,EU,San Marino,SM,Person,PER,Ireland,IE,2020,2020,0
Annual,A,EU framework,EU,San Marino,SM,Person,PER,Ireland,IE,2021,2021,0
Annual,A,EU framework,EU,San Marino,SM,Person,PER,Ireland,IE,2022,2022,0
Annual,A,EU framework,EU,San Marino,SM,Person,PER,Ireland,IE,2023,2023,0
Annual,A,EU framework,EU,San Marino,SM,Person,PER,Ireland,IE,2024,2024,0
Annual,A,EU framework,EU,San Marino,SM,Person,PER,Ireland,IE,2025,2025,0
Annual,A,EU framework,EU,Angola,AO,Person,PER,Ireland,IE,2008,2008,99
Annual,A,EU framework,EU,Angola,AO,Person,PER,Ireland,IE,2009,2009,76
Annual,A,EU framework,EU,Angola,AO,Person,PER,Ireland,IE,2012,2012,0
Annual,A,EU framework,EU,Angola,AO,Person,PER,Ireland,IE,2013,2013,0
Annual,A,EU framework,EU,Angola,AO,Person,PER,Ireland,IE,2014,2014,0
Annual,A,EU framework,EU,Angola,AO,Person,PER,Ireland,IE,2016,2016,0
Annual,A,EU framework,EU,Angola,AO,Person,PER,Ireland,IE,2017,2017,0
Annual,A,EU framework,EU,Angola,AO,Person,PER,Ireland,IE,2018,2018,0
Annual,A,EU framework,EU,Angola,AO,Person,PER,Ireland,IE,2019,2019,0
Annual,A,EU framework,EU,Angola,AO,Person,PER,Ireland,IE,2020,2020,0
Annual,A,EU framework,EU,Angola,AO,Person,PER,Ireland,IE,2021,2021,0
Annual,A,EU framework,EU,Angola,AO,Person,PER,Ireland,IE,2022,2022,0
Annual,A,EU framework,EU,Angola,AO,Person,PER,Ireland,IE,2023,2023,0
Annual,A,EU framework,EU,Angola,AO,Person,PER,Ireland,IE,2024,2024,0
Annual,A,EU framework,EU,Angola,AO,Person,PER,Ireland,IE,2025,2025,0
Annual,A,EU framework,EU,Cameroon,CM,Person,PER,Ireland,IE,2008,2008,4
Annual,A,EU framework,EU,Cameroon,CM,Person,PER,Ireland,IE,2009,2009,2
Annual,A,EU framework,EU,Cameroon,CM,Person,PER,Ireland,IE,2012,2012,0
Annual,A,EU framework,EU,Cameroon,CM,Person,PER,Ireland,IE,2013,2013,0
Annual,A,EU framework,EU,Cameroon,CM,Person,PER,Ireland,IE,2014,2014,0
Annual,A,EU framework,EU,Cameroon,CM,Person,PER,Ireland,IE,2016,2016,0
Annual,A,EU framework,EU,Cameroon,CM,Person,PER,Ireland,IE,2017,2017,0
Annual,A,EU framework,EU,Cameroon,CM,Person,PER,Ireland,IE,2018,2018,0
Annual,A,EU framework,EU,Cameroon,CM,Person,PER,Ireland,IE,2019,2019,0
Annual,A,EU framework,EU,Cameroon,CM,Person,PER,Ireland,IE,2020,2020,0
Annual,A,EU framework,EU,Cameroon,CM,Person,PER,Ireland,IE,2021,2021,0
Annual,A,EU framework,EU,Cameroon,CM,Person,PER,Ireland,IE,2022,2022,0
Annual,A,EU framework,EU,Cameroon,CM,Person,PER,Ireland,IE,2023,2023,0
Annual,A,EU framework,EU,Cameroon,CM,Person,PER,Ireland,IE,2024,2024,0
Annual,A,EU framework,EU,Cameroon,CM,Person,PER,Ireland,IE,2025,2025,0
Annual,A,EU framework,EU,Central African Republic,CF,Person,PER,Ireland,IE,2008,2008,0
Annual,A,EU framework,EU,Central African Republic,CF,Person,PER,Ireland,IE,2009,2009,0
Annual,A,EU framework,EU,Central African Republic,CF,Person,PER,Ireland,IE,2012,2012,0
Annual,A,EU framework,EU,Central African Republic,CF,Person,PER,Ireland,IE,2013,2013,0
Annual,A,EU framework,EU,Central African Republic,CF,Person,PER,Ireland,IE,2014,2014,0
Annual,A,EU framework,EU,Central African Republic,CF,Person,PER,Ireland,IE,2016,2016,0
Annual,A,EU framework,EU,Central African Republic,CF,Person,PER,Ireland,IE,2017,2017,0
Annual,A,EU framework,EU,Central African Republic,CF,Person,PER,Ireland,IE,2018,2018,0
Annual,A,EU framework,EU,Central African Republic,CF,Person,PER,Ireland,IE,2019,2019,0
Annual,A,EU framework,EU,Central African Republic,CF,Person,PER,Ireland,IE,2020,2020,0
Annual,A,EU framework,EU,Central African Republic,CF,Person,PER,Ireland,IE,2021,2021,0
Annual,A,EU framework,EU,Central African Republic,CF,Person,PER,Ireland,IE,2022,2022,0
Annual,A,EU framework,EU,Central African Republic,CF,Person,PER,Ireland,IE,2023,2023,0
Annual,A,EU framework,EU,Central African Republic,CF,Person,PER,Ireland,IE,2024,2024,0
Annual,A,EU framework,EU,Central African Republic,CF,Person,PER,Ireland,IE,2025,2025,0
Annual,A,EU framework,EU,Chad,TD,Person,PER,Ireland,IE,2008,2008,1
Annual,A,EU framework,EU,Chad,TD,Person,PER,Ireland,IE,2009,2009,1
Annual,A,EU framework,EU,Chad,TD,Person,PER,Ireland,IE,2012,2012,0
Annual,A,EU framework,EU,Chad,TD,Person,PER,Ireland,IE,2013,2013,0
Annual,A,EU framework,EU,Chad,TD,Person,PER,Ireland,IE,2014,2014,0
Annual,A,EU framework,EU,Chad,TD,Person,PER,Ireland,IE,2016,2016,0
Annual,A,EU framework,EU,Chad,TD,Person,PER,Ireland,IE,2017,2017,0
Annual,A,EU framework,EU,Chad,TD,Person,PER,Ireland,IE,2018,2018,0
Annual,A,EU framework,EU,Chad,TD,Person,PER,Ireland,IE,2019,2019,0
Annual,A,EU framework,EU,Chad,TD,Person,PER,Ireland,IE,2020,2020,0
Annual,A,EU framework,EU,Chad,TD,Person,PER,Ireland,IE,2021,2021,0
Annual,A,EU framework,EU,Chad,TD,Person,PER,Ireland,IE,2022,2022,0
Annual,A,EU framework,EU,Chad,TD,Person,PER,Ireland,IE,2023,2023,0
Annual,A,EU framework,EU,Chad,TD,Person,PER,Ireland,IE,2024,2024,0
Annual,A,EU framework,EU,Chad,TD,Person,PER,Ireland,IE,2025,2025,0
Annual,A,EU framework,EU,Congo,CG,Person,PER,Ireland,IE,2008,2008,0
Annual,A,EU framework,EU,Congo,CG,Person,PER,Ireland,IE,2009,2009,0
Annual,A,EU framework,EU,Congo,CG,Person,PER,Ireland,IE,2012,2012,0
Annual,A,EU framework,EU,Congo,CG,Person,PER,Ireland,IE,2013,2013,0
Annual,A,EU framework,EU,Congo,CG,Person,PER,Ireland,IE,2014,2014,0
Annual,A,EU framework,EU,Congo,CG,Person,PER,Ireland,IE,2016,2016,0
Annual,A,EU framework,EU,Congo,CG,Person,PER,Ireland,IE,2017,2017,0
Annual,A,EU framework,EU,Congo,CG,Person,PER,Ireland,IE,2018,2018,0
Annual,A,EU framework,EU,Congo,CG,Person,PER,Ireland,IE,2019,2019,0
Annual,A,EU framework,EU,Congo,CG,Person,PER,Ireland,IE,2020,2020,0
Annual,A,EU framework,EU,Congo,CG,Person,PER,Ireland,IE,2021,2021,0
Annual,A,EU framework,EU,Congo,CG,Person,PER,Ireland,IE,2022,2022,0
Annual,A,EU framework,EU,Congo,CG,Person,PER,Ireland,IE,2023,2023,0
Annual,A,EU framework,EU,Congo,CG,Person,PER,Ireland,IE,2024,2024,0
Annual,A,EU framework,EU,Congo,CG,Person,PER,Ireland,IE,2025,2025,0
Annual,A,EU framework,EU,Democratic Republic of the Congo,CD,Person,PER,Ireland,IE,2008,2008,40
Annual,A,EU framework,EU,Democratic Republic of the Congo,CD,Person,PER,Ireland,IE,2009,2009,21
Annual,A,EU framework,EU,Democratic Republic of the Congo,CD,Person,PER,Ireland,IE,2012,2012,0
Annual,A,EU framework,EU,Democratic Republic of the Congo,CD,Person,PER,Ireland,IE,2013,2013,0
Annual,A,EU framework,EU,Democratic Republic of the Congo,CD,Person,PER,Ireland,IE,2014,2014,0
Annual,A,EU framework,EU,Democratic Republic of the Congo,CD,Person,PER,Ireland,IE,2016,2016,0
Annual,A,EU framework,EU,Democratic Republic of the Congo,CD,Person,PER,Ireland,IE,2017,2017,0
Annual,A,EU framework,EU,Democratic Republic of the Congo,CD,Person,PER,Ireland,IE,2018,2018,0
Annual,A,EU framework,EU,Democratic Republic of the Congo,CD,Person,PER,Ireland,IE,2019,2019,0
Annual,A,EU framework,EU,Democratic Republic of the Congo,CD,Person,PER,Ireland,IE,2020,2020,0
Annual,A,EU framework,EU,Democratic Republic of the Congo,CD,Person,PER,Ireland,IE,2021,2021,0
Annual,A,EU framework,EU,Democratic Republic of the Congo,CD,Person,PER,Ireland,IE,2022,2022,0
Annual,A,EU framework,EU,Democratic Republic of the Congo,CD,Person,PER,Ireland,IE,2023,2023,0
Annual,A,EU framework,EU,Democratic Republic of the Congo,CD,Person,PER,Ireland,IE,2024,2024,0
Annual,A,EU framework,EU,Democratic Republic of the Congo,CD,Person,PER,Ireland,IE,2025,2025,0
Annual,A,EU framework,EU,Equatorial Guinea,GQ,Person,PER,Ireland,IE,2008,2008,0
Annual,A,EU framework,EU,Equatorial Guinea,GQ,Person,PER,Ireland,IE,2009,2009,0
Annual,A,EU framework,EU,Equatorial Guinea,GQ,Person,PER,Ireland,IE,2012,2012,0
Annual,A,EU framework,EU,Equatorial Guinea,GQ,Person,PER,Ireland,IE,2013,2013,0
Annual,A,EU framework,EU,Equatorial Guinea,GQ,Person,PER,Ireland,IE,2014,2014,0
Annual,A,EU framework,EU,Equatorial Guinea,GQ,Person,PER,Ireland,IE,2016,2016,0
Annual,A,EU framework,EU,Equatorial Guinea,GQ,Person,PER,Ireland,IE,2017,2017,0
Annual,A,EU framework,EU,Equatorial Guinea,GQ,Person,PER,Ireland,IE,2018,2018,0
Annual,A,EU framework,EU,Equatorial Guinea,GQ,Person,PER,Ireland,IE,2019,2019,0
Annual,A,EU framework,EU,Equatorial Guinea,GQ,Person,PER,Ireland,IE,2020,2020,0
Annual,A,EU framework,EU,Equatorial Guinea,GQ,Person,PER,Ireland,IE,2021,2021,0
Annual,A,EU framework,EU,Equatorial Guinea,GQ,Person,PER,Ireland,IE,2022,2022,0
Annual,A,EU framework,EU,Equatorial Guinea,GQ,Person,PER,Ireland,IE,2023,2023,0
Annual,A,EU framework,EU,Equatorial Guinea,GQ,Person,PER,Ireland,IE,2024,2024,0
Annual,A,EU framework,EU,Equatorial Guinea,GQ,Person,PER,Ireland,IE,2025,2025,0
Annual,A,EU framework,EU,Gabon,GA,Person,PER,Ireland,IE,2008,2008,0
Annual,A,EU framework,EU,Gabon,GA,Person,PER,Ireland,IE,2009,2009,0
Annual,A,EU framework,EU,Gabon,GA,Person,PER,Ireland,IE,2012,2012,0
Annual,A,EU framework,EU,Gabon,GA,Person,PER,Ireland,IE,2013,2013,0
Annual,A,EU framework,EU,Gabon,GA,Person,PER,Ireland,IE,2014,2014,0
Annual,A,EU framework,EU,Gabon,GA,Person,PER,Ireland,IE,2016,2016,0
Annual,A,EU framework,EU,Gabon,GA,Person,PER,Ireland,IE,2017,2017,0
Annual,A,EU framework,EU,Gabon,GA,Person,PER,Ireland,IE,2018,2018,0
Annual,A,EU framework,EU,Gabon,GA,Person,PER,Ireland,IE,2019,2019,0
Annual,A,EU framework,EU,Gabon,GA,Person,PER,Ireland,IE,2020,2020,0
Annual,A,EU framework,EU,Gabon,GA,Person,PER,Ireland,IE,2021,2021,0
Annual,A,EU framework,EU,Gabon,GA,Person,PER,Ireland,IE,2022,2022,0
Annual,A,EU framework,EU,Gabon,GA,Person,PER,Ireland,IE,2023,2023,0
Annual,A,EU framework,EU,Gabon,GA,Person,PER,Ireland,IE,2024,2024,0
Annual,A,EU framework,EU,Gabon,GA,Person,PER,Ireland,IE,2025,2025,0
Annual,A,EU framework,EU,São Tomé and Príncipe,ST,Person,PER,Ireland,IE,2008,2008,0
Annual,A,EU framework,EU,São Tomé and Príncipe,ST,Person,PER,Ireland,IE,2009,2009,0
Annual,A,EU framework,EU,São Tomé and Príncipe,ST,Person,PER,Ireland,IE,2012,2012,0
Annual,A,EU framework,EU,São Tomé and Príncipe,ST,Person,PER,Ireland,IE,2013,2013,0
Annual,A,EU framework,EU,São Tomé and Príncipe,ST,Person,PER,Ireland,IE,2014,2014,0
Annual,A,EU framework,EU,São Tomé and Príncipe,ST,Person,PER,Ireland,IE,2016,2016,0
Annual,A,EU framework,EU,São Tomé and Príncipe,ST,Person,PER,Ireland,IE,2017,2017,0
Annual,A,EU framework,EU,São Tomé and Príncipe,ST,Person,PER,Ireland,IE,2018,2018,0
Annual,A,EU framework,EU,São Tomé and Príncipe,ST,Person,PER,Ireland,IE,2019,2019,0
Annual,A,EU framework,EU,São Tomé and Príncipe,ST,Person,PER,Ireland,IE,2020,2020,0
Annual,A,EU framework,EU,São Tomé and Príncipe,ST,Person,PER,Ireland,IE,2021,2021,0
Annual,A,EU framework,EU,São Tomé and Príncipe,ST,Person,PER,Ireland,IE,2022,2022,0
Annual,A,EU framework,EU,São Tomé and Príncipe,ST,Person,PER,Ireland,IE,2023,2023,0
Annual,A,EU framework,EU,São Tomé and Príncipe,ST,Person,PER,Ireland,IE,2024,2024,0
Annual,A,EU framework,EU,São Tomé and Príncipe,ST,Person,PER,Ireland,IE,2025,2025,0
Annual,A,EU framework,EU,Burundi,BI,Person,PER,Ireland,IE,2008,2008,1
Annual,A,EU framework,EU,Burundi,BI,Person,PER,Ireland,IE,2009,2009,0
Annual,A,EU framework,EU,Burundi,BI,Person,PER,Ireland,IE,2012,2012,0
Annual,A,EU framework,EU,Burundi,BI,Person,PER,Ireland,IE,2013,2013,0
Annual,A,EU framework,EU,Burundi,BI,Person,PER,Ireland,IE,2014,2014,0
Annual,A,EU framework,EU,Burundi,BI,Person,PER,Ireland,IE,2016,2016,0
Annual,A,EU framework,EU,Burundi,BI,Person,PER,Ireland,IE,2017,2017,0
Annual,A,EU framework,EU,Burundi,BI,Person,PER,Ireland,IE,2018,2018,0
Annual,A,EU framework,EU,Burundi,BI,Person,PER,Ireland,IE,2019,2019,0
Annual,A,EU framework,EU,Burundi,BI,Person,PER,Ireland,IE,2020,2020,0
Annual,A,EU framework,EU,Burundi,BI,Person,PER,Ireland,IE,2021,2021,0
Annual,A,EU framework,EU,Burundi,BI,Person,PER,Ireland,IE,2022,2022,0
Annual,A,EU framework,EU,Burundi,BI,Person,PER,Ireland,IE,2023,2023,0
Annual,A,EU framework,EU,Burundi,BI,Person,PER,Ireland,IE,2024,2024,0
Annual,A,EU framework,EU,Burundi,BI,Person,PER,Ireland,IE,2025,2025,0
Annual,A,EU framework,EU,Comoros,KM,Person,PER,Ireland,IE,2008,2008,0
Annual,A,EU framework,EU,Comoros,KM,Person,PER,Ireland,IE,2009,2009,0
Annual,A,EU framework,EU,Comoros,KM,Person,PER,Ireland,IE,2012,2012,0
Annual,A,EU framework,EU,Comoros,KM,Person,PER,Ireland,IE,2013,2013,0
Annual,A,EU framework,EU,Comoros,KM,Person,PER,Ireland,IE,2014,2014,0
Annual,A,EU framework,EU,Comoros,KM,Person,PER,Ireland,IE,2016,2016,0
Annual,A,EU framework,EU,Comoros,KM,Person,PER,Ireland,IE,2017,2017,0
Annual,A,EU framework,EU,Comoros,KM,Person,PER,Ireland,IE,2018,2018,0
Annual,A,EU framework,EU,Comoros,KM,Person,PER,Ireland,IE,2019,2019,0
Annual,A,EU framework,EU,Comoros,KM,Person,PER,Ireland,IE,2020,2020,0
Annual,A,EU framework,EU,Comoros,KM,Person,PER,Ireland,IE,2021,2021,0
Annual,A,EU framework,EU,Comoros,KM,Person,PER,Ireland,IE,2022,2022,0
Annual,A,EU framework,EU,Comoros,KM,Person,PER,Ireland,IE,2023,2023,0
Annual,A,EU framework,EU,Comoros,KM,Person,PER,Ireland,IE,2024,2024,0
Annual,A,EU framework,EU,Comoros,KM,Person,PER,Ireland,IE,2025,2025,0
Annual,A,EU framework,EU,Djibouti,DJ,Person,PER,Ireland,IE,2008,2008,0
Annual,A,EU framework,EU,Djibouti,DJ,Person,PER,Ireland,IE,2009,2009,0
Annual,A,EU framework,EU,Djibouti,DJ,Person,PER,Ireland,IE,2012,2012,0
Annual,A,EU framework,EU,Djibouti,DJ,Person,PER,Ireland,IE,2013,2013,0
Annual,A,EU framework,EU,Djibouti,DJ,Person,PER,Ireland,IE,2014,2014,0
Annual,A,EU framework,EU,Djibouti,DJ,Person,PER,Ireland,IE,2016,2016,0
Annual,A,EU framework,EU,Djibouti,DJ,Person,PER,Ireland,IE,2017,2017,0
Annual,A,EU framework,EU,Djibouti,DJ,Person,PER,Ireland,IE,2018,2018,0
Annual,A,EU framework,EU,Djibouti,DJ,Person,PER,Ireland,IE,2019,2019,0
Annual,A,EU framework,EU,Djibouti,DJ,Person,PER,Ireland,IE,2020,2020,0
Annual,A,EU framework,EU,Djibouti,DJ,Person,PER,Ireland,IE,2021,2021,0
Annual,A,EU framework,EU,Djibouti,DJ,Person,PER,Ireland,IE,2022,2022,0
Annual,A,EU framework,EU,Djibouti,DJ,Person,PER,Ireland,IE,2023,2023,0
Annual,A,EU framework,EU,Djibouti,DJ,Person,PER,Ireland,IE,2024,2024,0
Annual,A,EU framework,EU,Djibouti,DJ,Person,PER,Ireland,IE,2025,2025,0
Annual,A,EU framework,EU,Eritrea,ER,Person,PER,Ireland,IE,2008,2008,1
Annual,A,EU framework,EU,Eritrea,ER,Person,PER,Ireland,IE,2009,2009,0
Annual,A,EU framework,EU,Eritrea,ER,Person,PER,Ireland,IE,2012,2012,0
Annual,A,EU framework,EU,Eritrea,ER,Person,PER,Ireland,IE,2013,2013,0
Annual,A,EU framework,EU,Eritrea,ER,Person,PER,Ireland,IE,2014,2014,0
Annual,A,EU framework,EU,Eritrea,ER,Person,PER,Ireland,IE,2016,2016,0
Annual,A,EU framework,EU,Eritrea,ER,Person,PER,Ireland,IE,2017,2017,0
Annual,A,EU framework,EU,Eritrea,ER,Person,PER,Ireland,IE,2018,2018,0
Annual,A,EU framework,EU,Eritrea,ER,Person,PER,Ireland,IE,2019,2019,0
Annual,A,EU framework,EU,Eritrea,ER,Person,PER,Ireland,IE,2020,2020,0
Annual,A,EU framework,EU,Eritrea,ER,Person,PER,Ireland,IE,2021,2021,0
Annual,A,EU framework,EU,Eritrea,ER,Person,PER,Ireland,IE,2022,2022,0
Annual,A,EU framework,EU,Eritrea,ER,Person,PER,Ireland,IE,2023,2023,0
Annual,A,EU framework,EU,Eritrea,ER,Person,PER,Ireland,IE,2024,2024,0
Annual,A,EU framework,EU,Eritrea,ER,Person,PER,Ireland,IE,2025,2025,0
Annual,A,EU framework,EU,Ethiopia,ET,Person,PER,Ireland,IE,2008,2008,3
Annual,A,EU framework,EU,Ethiopia,ET,Person,PER,Ireland,IE,2009,2009,3
Annual,A,EU framework,EU,Ethiopia,ET,Person,PER,Ireland,IE,2012,2012,0
Annual,A,EU framework,EU,Ethiopia,ET,Person,PER,Ireland,IE,2013,2013,0
Annual,A,EU framework,EU,Ethiopia,ET,Person,PER,Ireland,IE,2014,2014,0
Annual,A,EU framework,EU,Ethiopia,ET,Person,PER,Ireland,IE,2016,2016,0
Annual,A,EU framework,EU,Ethiopia,ET,Person,PER,Ireland,IE,2017,2017,0
Annual,A,EU framework,EU,Ethiopia,ET,Person,PER,Ireland,IE,2018,2018,0
Annual,A,EU framework,EU,Ethiopia,ET,Person,PER,Ireland,IE,2019,2019,0
Annual,A,EU framework,EU,Ethiopia,ET,Person,PER,Ireland,IE,2020,2020,0
Annual,A,EU framework,EU,Ethiopia,ET,Person,PER,Ireland,IE,2021,2021,0
Annual,A,EU framework,EU,Ethiopia,ET,Person,PER,Ireland,IE,2022,2022,0
Annual,A,EU framework,EU,Ethiopia,ET,Person,PER,Ireland,IE,2023,2023,0
Annual,A,EU framework,EU,Ethiopia,ET,Person,PER,Ireland,IE,2024,2024,0
Annual,A,EU framework,EU,Ethiopia,ET,Person,PER,Ireland,IE,2025,2025,0
Annual,A,EU framework,EU,Kenya,KE,Person,PER,Ireland,IE,2008,2008,23
Annual,A,EU framework,EU,Kenya,KE,Person,PER,Ireland,IE,2009,2009,16
Annual,A,EU framework,EU,Kenya,KE,Person,PER,Ireland,IE,2012,2012,0
Annual,A,EU framework,EU,Kenya,KE,Person,PER,Ireland,IE,2013,2013,0
Annual,A,EU framework,EU,Kenya,KE,Person,PER,Ireland,IE,2014,2014,0
Annual,A,EU framework,EU,Kenya,KE,Person,PER,Ireland,IE,2016,2016,0
Annual,A,EU framework,EU,Kenya,KE,Person,PER,Ireland,IE,2017,2017,0
Annual,A,EU framework,EU,Kenya,KE,Person,PER,Ireland,IE,2018,2018,0
Annual,A,EU framework,EU,Kenya,KE,Person,PER,Ireland,IE,2019,2019,0
Annual,A,EU framework,EU,Kenya,KE,Person,PER,Ireland,IE,2020,2020,0
Annual,A,EU framework,EU,Kenya,KE,Person,PER,Ireland,IE,2021,2021,0
Annual,A,EU framework,EU,Kenya,KE,Person,PER,Ireland,IE,2022,2022,0
Annual,A,EU framework,EU,Kenya,KE,Person,PER,Ireland,IE,2023,2023,0
Annual,A,EU framework,EU,Kenya,KE,Person,PER,Ireland,IE,2024,2024,0
Annual,A,EU framework,EU,Kenya,KE,Person,PER,Ireland,IE,2025,2025,0
Annual,A,EU framework,EU,Madagascar,MG,Person,PER,Ireland,IE,2008,2008,0
Annual,A,EU framework,EU,Madagascar,MG,Person,PER,Ireland,IE,2009,2009,0
Annual,A,EU framework,EU,Madagascar,MG,Person,PER,Ireland,IE,2012,2012,0
Annual,A,EU framework,EU,Madagascar,MG,Person,PER,Ireland,IE,2013,2013,0
Annual,A,EU framework,EU,Madagascar,MG,Person,PER,Ireland,IE,2014,2014,0
Annual,A,EU framework,EU,Madagascar,MG,Person,PER,Ireland,IE,2016,2016,0
Annual,A,EU framework,EU,Madagascar,MG,Person,PER,Ireland,IE,2017,2017,0
Annual,A,EU framework,EU,Madagascar,MG,Person,PER,Ireland,IE,2018,2018,0
Annual,A,EU framework,EU,Madagascar,MG,Person,PER,Ireland,IE,2019,2019,0
Annual,A,EU framework,EU,Madagascar,MG,Person,PER,Ireland,IE,2020,2020,0
Annual,A,EU framework,EU,Madagascar,MG,Person,PER,Ireland,IE,2021,2021,0
Annual,A,EU framework,EU,Madagascar,MG,Person,PER,Ireland,IE,2022,2022,0
Annual,A,EU framework,EU,Madagascar,MG,Person,PER,Ireland,IE,2023,2023,0
Annual,A,EU framework,EU,Madagascar,MG,Person,PER,Ireland,IE,2024,2024,0
Annual,A,EU framework,EU,Madagascar,MG,Person,PER,Ireland,IE,2025,2025,0
Annual,A,EU framework,EU,Malawi,MW,Person,PER,Ireland,IE,2008,2008,2
Annual,A,EU framework,EU,Malawi,MW,Person,PER,Ireland,IE,2009,2009,2
Annual,A,EU framework,EU,Malawi,MW,Person,PER,Ireland,IE,2012,2012,0
Annual,A,EU framework,EU,Malawi,MW,Person,PER,Ireland,IE,2013,2013,0
Annual,A,EU framework,EU,Malawi,MW,Person,PER,Ireland,IE,2014,2014,0
Annual,A,EU framework,EU,Malawi,MW,Person,PER,Ireland,IE,2016,2016,0
Annual,A,EU framework,EU,Malawi,MW,Person,PER,Ireland,IE,2017,2017,0
Annual,A,EU framework,EU,Malawi,MW,Person,PER,Ireland,IE,2018,2018,0
Annual,A,EU framework,EU,Malawi,MW,Person,PER,Ireland,IE,2019,2019,0
Annual,A,EU framework,EU,Malawi,MW,Person,PER,Ireland,IE,2020,2020,0
Annual,A,EU framework,EU,Malawi,MW,Person,PER,Ireland,IE,2021,2021,0
Annual,A,EU framework,EU,Malawi,MW,Person,PER,Ireland,IE,2022,2022,0
Annual,A,EU framework,EU,Malawi,MW,Person,PER,Ireland,IE,2023,2023,0
Annual,A,EU framework,EU,Malawi,MW,Person,PER,Ireland,IE,2024,2024,0
Annual,A,EU framework,EU,Malawi,MW,Person,PER,Ireland,IE,2025,2025,0
Annual,A,EU framework,EU,Mauritius,MU,Person,PER,Ireland,IE,2008,2008,19
Annual,A,EU framework,EU,Mauritius,MU,Person,PER,Ireland,IE,2009,2009,9
Annual,A,EU framework,EU,Mauritius,MU,Person,PER,Ireland,IE,2012,2012,0
Annual,A,EU framework,EU,Mauritius,MU,Person,PER,Ireland,IE,2013,2013,0
Annual,A,EU framework,EU,Mauritius,MU,Person,PER,Ireland,IE,2014,2014,0
Annual,A,EU framework,EU,Mauritius,MU,Person,PER,Ireland,IE,2016,2016,0
Annual,A,EU framework,EU,Mauritius,MU,Person,PER,Ireland,IE,2017,2017,0
Annual,A,EU framework,EU,Mauritius,MU,Person,PER,Ireland,IE,2018,2018,0
Annual,A,EU framework,EU,Mauritius,MU,Person,PER,Ireland,IE,2019,2019,0
Annual,A,EU framework,EU,Mauritius,MU,Person,PER,Ireland,IE,2020,2020,0
Annual,A,EU framework,EU,Mauritius,MU,Person,PER,Ireland,IE,2021,2021,0
Annual,A,EU framework,EU,Mauritius,MU,Person,PER,Ireland,IE,2022,2022,0
Annual,A,EU framework,EU,Mauritius,MU,Person,PER,Ireland,IE,2023,2023,0
Annual,A,EU framework,EU,Mauritius,MU,Person,PER,Ireland,IE,2024,2024,0
Annual,A,EU framework,EU,Mauritius,MU,Person,PER,Ireland,IE,2025,2025,0
Annual,A,EU framework,EU,Mozambique,MZ,Person,PER,Ireland,IE,2008,2008,0
Annual,A,EU framework,EU,Mozambique,MZ,Person,PER,Ireland,IE,2009,2009,0
Annual,A,EU framework,EU,Mozambique,MZ,Person,PER,Ireland,IE,2012,2012,0
Annual,A,EU framework,EU,Mozambique,MZ,Person,PER,Ireland,IE,2013,2013,0
Annual,A,EU framework,EU,Mozambique,MZ,Person,PER,Ireland,IE,2014,2014,0
Annual,A,EU framework,EU,Mozambique,MZ,Person,PER,Ireland,IE,2016,2016,0
Annual,A,EU framework,EU,Mozambique,MZ,Person,PER,Ireland,IE,2017,2017,0
Annual,A,EU framework,EU,Mozambique,MZ,Person,PER,Ireland,IE,2018,2018,0
Annual,A,EU framework,EU,Mozambique,MZ,Person,PER,Ireland,IE,2019,2019,0
Annual,A,EU framework,EU,Mozambique,MZ,Person,PER,Ireland,IE,2020,2020,0
Annual,A,EU framework,EU,Mozambique,MZ,Person,PER,Ireland,IE,2021,2021,0
Annual,A,EU framework,EU,Mozambique,MZ,Person,PER,Ireland,IE,2022,2022,0
Annual,A,EU framework,EU,Mozambique,MZ,Person,PER,Ireland,IE,2023,2023,0
Annual,A,EU framework,EU,Mozambique,MZ,Person,PER,Ireland,IE,2024,2024,0
Annual,A,EU framework,EU,Mozambique,MZ,Person,PER,Ireland,IE,2025,2025,0
Annual,A,EU framework,EU,Rwanda,RW,Person,PER,Ireland,IE,2008,2008,2
Annual,A,EU framework,EU,Rwanda,RW,Person,PER,Ireland,IE,2009,2009,2
Annual,A,EU framework,EU,Rwanda,RW,Person,PER,Ireland,IE,2012,2012,0
Annual,A,EU framework,EU,Rwanda,RW,Person,PER,Ireland,IE,2013,2013,0
Annual,A,EU framework,EU,Rwanda,RW,Person,PER,Ireland,IE,2014,2014,0
Annual,A,EU framework,EU,Rwanda,RW,Person,PER,Ireland,IE,2016,2016,0
Annual,A,EU framework,EU,Rwanda,RW,Person,PER,Ireland,IE,2017,2017,0
Annual,A,EU framework,EU,Rwanda,RW,Person,PER,Ireland,IE,2018,2018,0
Annual,A,EU framework,EU,Rwanda,RW,Person,PER,Ireland,IE,2019,2019,0
Annual,A,EU framework,EU,Rwanda,RW,Person,PER,Ireland,IE,2020,2020,0
Annual,A,EU framework,EU,Rwanda,RW,Person,PER,Ireland,IE,2021,2021,0
Annual,A,EU framework,EU,Rwanda,RW,Person,PER,Ireland,IE,2022,2022,0
Annual,A,EU framework,EU,Rwanda,RW,Person,PER,Ireland,IE,2023,2023,0
Annual,A,EU framework,EU,Rwanda,RW,Person,PER,Ireland,IE,2024,2024,0
Annual,A,EU framework,EU,Rwanda,RW,Person,PER,Ireland,IE,2025,2025,0
Annual,A,EU framework,EU,Seychelles,SC,Person,PER,Ireland,IE,2008,2008,0
Annual,A,EU framework,EU,Seychelles,SC,Person,PER,Ireland,IE,2009,2009,0
Annual,A,EU framework,EU,Seychelles,SC,Person,PER,Ireland,IE,2012,2012,0
Annual,A,EU framework,EU,Seychelles,SC,Person,PER,Ireland,IE,2013,2013,0
Annual,A,EU framework,EU,Seychelles,SC,Person,PER,Ireland,IE,2014,2014,0
Annual,A,EU framework,EU,Seychelles,SC,Person,PER,Ireland,IE,2016,2016,0
Annual,A,EU framework,EU,Seychelles,SC,Person,PER,Ireland,IE,2017,2017,0
Annual,A,EU framework,EU,Seychelles,SC,Person,PER,Ireland,IE,2018,2018,0
Annual,A,EU framework,EU,Seychelles,SC,Person,PER,Ireland,IE,2019,2019,0
Annual,A,EU framework,EU,Seychelles,SC,Person,PER,Ireland,IE,2020,2020,0
Annual,A,EU framework,EU,Seychelles,SC,Person,PER,Ireland,IE,2021,2021,0
Annual,A,EU framework,EU,Seychelles,SC,Person,PER,Ireland,IE,2022,2022,0
Annual,A,EU framework,EU,Seychelles,SC,Person,PER,Ireland,IE,2023,2023,0
Annual,A,EU framework,EU,Seychelles,SC,Person,PER,Ireland,IE,2024,2024,0
Annual,A,EU framework,EU,Seychelles,SC,Person,PER,Ireland,IE,2025,2025,0
Annual,A,EU framework,EU,Somalia,SO,Person,PER,Ireland,IE,2008,2008,51
Annual,A,EU framework,EU,Somalia,SO,Person,PER,Ireland,IE,2009,2009,35
Annual,A,EU framework,EU,Somalia,SO,Person,PER,Ireland,IE,2012,2012,0
Annual,A,EU framework,EU,Somalia,SO,Person,PER,Ireland,IE,2013,2013,0
Annual,A,EU framework,EU,Somalia,SO,Person,PER,Ireland,IE,2014,2014,0
Annual,A,EU framework,EU,Somalia,SO,Person,PER,Ireland,IE,2016,2016,0
Annual,A,EU framework,EU,Somalia,SO,Person,PER,Ireland,IE,2017,2017,0
Annual,A,EU framework,EU,Somalia,SO,Person,PER,Ireland,IE,2018,2018,0
Annual,A,EU framework,EU,Somalia,SO,Person,PER,Ireland,IE,2019,2019,0
Annual,A,EU framework,EU,Somalia,SO,Person,PER,Ireland,IE,2020,2020,0
Annual,A,EU framework,EU,Somalia,SO,Person,PER,Ireland,IE,2021,2021,0
Annual,A,EU framework,EU,Somalia,SO,Person,PER,Ireland,IE,2022,2022,0
Annual,A,EU framework,EU,Somalia,SO,Person,PER,Ireland,IE,2023,2023,0
Annual,A,EU framework,EU,Somalia,SO,Person,PER,Ireland,IE,2024,2024,0
Annual,A,EU framework,EU,Somalia,SO,Person,PER,Ireland,IE,2025,2025,0
Annual,A,EU framework,EU,Uganda,UG,Person,PER,Ireland,IE,2008,2008,11
Annual,A,EU framework,EU,Uganda,UG,Person,PER,Ireland,IE,2009,2009,4
Annual,A,EU framework,EU,Uganda,UG,Person,PER,Ireland,IE,2012,2012,0
Annual,A,EU framework,EU,Uganda,UG,Person,PER,Ireland,IE,2013,2013,0
Annual,A,EU framework,EU,Uganda,UG,Person,PER,Ireland,IE,2014,2014,0
Annual,A,EU framework,EU,Uganda,UG,Person,PER,Ireland,IE,2016,2016,0
Annual,A,EU framework,EU,Uganda,UG,Person,PER,Ireland,IE,2017,2017,0
Annual,A,EU framework,EU,Uganda,UG,Person,PER,Ireland,IE,2018,2018,0
Annual,A,EU framework,EU,Uganda,UG,Person,PER,Ireland,IE,2019,2019,0
Annual,A,EU framework,EU,Uganda,UG,Person,PER,Ireland,IE,2020,2020,0
Annual,A,EU framework,EU,Uganda,UG,Person,PER,Ireland,IE,2021,2021,0
Annual,A,EU framework,EU,Uganda,UG,Person,PER,Ireland,IE,2022,2022,0
Annual,A,EU framework,EU,Uganda,UG,Person,PER,Ireland,IE,2023,2023,0
Annual,A,EU framework,EU,Uganda,UG,Person,PER,Ireland,IE,2024,2024,0
Annual,A,EU framework,EU,Uganda,UG,Person,PER,Ireland,IE,2025,2025,0
Annual,A,EU framework,EU,Tanzania,TZ,Person,PER,Ireland,IE,2008,2008,13
Annual,A,EU framework,EU,Tanzania,TZ,Person,PER,Ireland,IE,2009,2009,6
Annual,A,EU framework,EU,Tanzania,TZ,Person,PER,Ireland,IE,2012,2012,0
Annual,A,EU framework,EU,Tanzania,TZ,Person,PER,Ireland,IE,2013,2013,0
Annual,A,EU framework,EU,Tanzania,TZ,Person,PER,Ireland,IE,2014,2014,0
Annual,A,EU framework,EU,Tanzania,TZ,Person,PER,Ireland,IE,2016,2016,0
Annual,A,EU framework,EU,Tanzania,TZ,Person,PER,Ireland,IE,2017,2017,0
Annual,A,EU framework,EU,Tanzania,TZ,Person,PER,Ireland,IE,2018,2018,0
Annual,A,EU framework,EU,Tanzania,TZ,Person,PER,Ireland,IE,2019,2019,0
Annual,A,EU framework,EU,Tanzania,TZ,Person,PER,Ireland,IE,2020,2020,0
Annual,A,EU framework,EU,Tanzania,TZ,Person,PER,Ireland,IE,2021,2021,0
Annual,A,EU framework,EU,Tanzania,TZ,Person,PER,Ireland,IE,2022,2022,0
Annual,A,EU framework,EU,Tanzania,TZ,Person,PER,Ireland,IE,2023,2023,0
Annual,A,EU framework,EU,Tanzania,TZ,Person,PER,Ireland,IE,2024,2024,0
Annual,A,EU framework,EU,Tanzania,TZ,Person,PER,Ireland,IE,2025,2025,0
Annual,A,EU framework,EU,Zambia,ZM,Person,PER,Ireland,IE,2008,2008,8
Annual,A,EU framework,EU,Zambia,ZM,Person,PER,Ireland,IE,2009,2009,7
Annual,A,EU framework,EU,Zambia,ZM,Person,PER,Ireland,IE,2012,2012,0
Annual,A,EU framework,EU,Zambia,ZM,Person,PER,Ireland,IE,2013,2013,0
Annual,A,EU framework,EU,Zambia,ZM,Person,PER,Ireland,IE,2014,2014,0
Annual,A,EU framework,EU,Zambia,ZM,Person,PER,Ireland,IE,2016,2016,0
Annual,A,EU framework,EU,Zambia,ZM,Person,PER,Ireland,IE,2017,2017,0
Annual,A,EU framework,EU,Zambia,ZM,Person,PER,Ireland,IE,2018,2018,0
Annual,A,EU framework,EU,Zambia,ZM,Person,PER,Ireland,IE,2019,2019,0
Annual,A,EU framework,EU,Zambia,ZM,Person,PER,Ireland,IE,2020,2020,0
Annual,A,EU framework,EU,Zambia,ZM,Person,PER,Ireland,IE,2021,2021,0
Annual,A,EU framework,EU,Zambia,ZM,Person,PER,Ireland,IE,2022,2022,0
Annual,A,EU framework,EU,Zambia,ZM,Person,PER,Ireland,IE,2023,2023,0
Annual,A,EU framework,EU,Zambia,ZM,Person,PER,Ireland,IE,2024,2024,0
Annual,A,EU framework,EU,Zambia,ZM,Person,PER,Ireland,IE,2025,2025,0
Annual,A,EU framework,EU,Zimbabwe,ZW,Person,PER,Ireland,IE,2008,2008,43
Annual,A,EU framework,EU,Zimbabwe,ZW,Person,PER,Ireland,IE,2009,2009,33
Annual,A,EU framework,EU,Zimbabwe,ZW,Person,PER,Ireland,IE,2012,2012,0
Annual,A,EU framework,EU,Zimbabwe,ZW,Person,PER,Ireland,IE,2013,2013,0
Annual,A,EU framework,EU,Zimbabwe,ZW,Person,PER,Ireland,IE,2014,2014,0
Annual,A,EU framework,EU,Zimbabwe,ZW,Person,PER,Ireland,IE,2016,2016,0
Annual,A,EU framework,EU,Zimbabwe,ZW,Person,PER,Ireland,IE,2017,2017,0
Annual,A,EU framework,EU,Zimbabwe,ZW,Person,PER,Ireland,IE,2018,2018,0
Annual,A,EU framework,EU,Zimbabwe,ZW,Person,PER,Ireland,IE,2019,2019,0
Annual,A,EU framework,EU,Zimbabwe,ZW,Person,PER,Ireland,IE,2020,2020,0
Annual,A,EU framework,EU,Zimbabwe,ZW,Person,PER,Ireland,IE,2021,2021,0
Annual,A,EU framework,EU,Zimbabwe,ZW,Person,PER,Ireland,IE,2022,2022,0
Annual,A,EU framework,EU,Zimbabwe,ZW,Person,PER,Ireland,IE,2023,2023,0
Annual,A,EU framework,EU,Zimbabwe,ZW,Person,PER,Ireland,IE,2024,2024,0
Annual,A,EU framework,EU,Zimbabwe,ZW,Person,PER,Ireland,IE,2025,2025,0
Annual,A,EU framework,EU,Algeria,DZ,Person,PER,Ireland,IE,2008,2008,19
Annual,A,EU framework,EU,Algeria,DZ,Person,PER,Ireland,IE,2009,2009,9
Annual,A,EU framework,EU,Algeria,DZ,Person,PER,Ireland,IE,2012,2012,0
Annual,A,EU framework,EU,Algeria,DZ,Person,PER,Ireland,IE,2013,2013,0
Annual,A,EU framework,EU,Algeria,DZ,Person,PER,Ireland,IE,2014,2014,0
Annual,A,EU framework,EU,Algeria,DZ,Person,PER,Ireland,IE,2016,2016,0
Annual,A,EU framework,EU,Algeria,DZ,Person,PER,Ireland,IE,2017,2017,0
Annual,A,EU framework,EU,Algeria,DZ,Person,PER,Ireland,IE,2018,2018,0
Annual,A,EU framework,EU,Algeria,DZ,Person,PER,Ireland,IE,2019,2019,0
Annual,A,EU framework,EU,Algeria,DZ,Person,PER,Ireland,IE,2020,2020,0
Annual,A,EU framework,EU,Algeria,DZ,Person,PER,Ireland,IE,2021,2021,0
Annual,A,EU framework,EU,Algeria,DZ,Person,PER,Ireland,IE,2022,2022,0
Annual,A,EU framework,EU,Algeria,DZ,Person,PER,Ireland,IE,2023,2023,0
Annual,A,EU framework,EU,Algeria,DZ,Person,PER,Ireland,IE,2024,2024,0
Annual,A,EU framework,EU,Algeria,DZ,Person,PER,Ireland,IE,2025,2025,0
Annual,A,EU framework,EU,Egypt,EG,Person,PER,Ireland,IE,2008,2008,51
Annual,A,EU framework,EU,Egypt,EG,Person,PER,Ireland,IE,2009,2009,32
Annual,A,EU framework,EU,Egypt,EG,Person,PER,Ireland,IE,2012,2012,0
Annual,A,EU framework,EU,Egypt,EG,Person,PER,Ireland,IE,2013,2013,0
Annual,A,EU framework,EU,Egypt,EG,Person,PER,Ireland,IE,2014,2014,0
Annual,A,EU framework,EU,Egypt,EG,Person,PER,Ireland,IE,2016,2016,0
Annual,A,EU framework,EU,Egypt,EG,Person,PER,Ireland,IE,2017,2017,0
Annual,A,EU framework,EU,Egypt,EG,Person,PER,Ireland,IE,2018,2018,0
Annual,A,EU framework,EU,Egypt,EG,Person,PER,Ireland,IE,2019,2019,0
Annual,A,EU framework,EU,Egypt,EG,Person,PER,Ireland,IE,2020,2020,0
Annual,A,EU framework,EU,Egypt,EG,Person,PER,Ireland,IE,2021,2021,0
Annual,A,EU framework,EU,Egypt,EG,Person,PER,Ireland,IE,2022,2022,0
Annual,A,EU framework,EU,Egypt,EG,Person,PER,Ireland,IE,2023,2023,0
Annual,A,EU framework,EU,Egypt,EG,Person,PER,Ireland,IE,2024,2024,0
Annual,A,EU framework,EU,Egypt,EG,Person,PER,Ireland,IE,2025,2025,0
Annual,A,EU framework,EU,Libya,LY,Person,PER,Ireland,IE,2008,2008,2
Annual,A,EU framework,EU,Libya,LY,Person,PER,Ireland,IE,2009,2009,1
Annual,A,EU framework,EU,Libya,LY,Person,PER,Ireland,IE,2012,2012,0
Annual,A,EU framework,EU,Libya,LY,Person,PER,Ireland,IE,2013,2013,0
Annual,A,EU framework,EU,Libya,LY,Person,PER,Ireland,IE,2014,2014,0
Annual,A,EU framework,EU,Libya,LY,Person,PER,Ireland,IE,2016,2016,0
Annual,A,EU framework,EU,Libya,LY,Person,PER,Ireland,IE,2017,2017,0
Annual,A,EU framework,EU,Libya,LY,Person,PER,Ireland,IE,2018,2018,0
Annual,A,EU framework,EU,Libya,LY,Person,PER,Ireland,IE,2019,2019,0
Annual,A,EU framework,EU,Libya,LY,Person,PER,Ireland,IE,2020,2020,0
Annual,A,EU framework,EU,Libya,LY,Person,PER,Ireland,IE,2021,2021,0
Annual,A,EU framework,EU,Libya,LY,Person,PER,Ireland,IE,2022,2022,0
Annual,A,EU framework,EU,Libya,LY,Person,PER,Ireland,IE,2023,2023,0
Annual,A,EU framework,EU,Libya,LY,Person,PER,Ireland,IE,2024,2024,0
Annual,A,EU framework,EU,Libya,LY,Person,PER,Ireland,IE,2025,2025,0
Annual,A,EU framework,EU,Morocco,MA,Person,PER,Ireland,IE,2008,2008,24
Annual,A,EU framework,EU,Morocco,MA,Person,PER,Ireland,IE,2009,2009,15
Annual,A,EU framework,EU,Morocco,MA,Person,PER,Ireland,IE,2012,2012,0
Annual,A,EU framework,EU,Morocco,MA,Person,PER,Ireland,IE,2013,2013,0
Annual,A,EU framework,EU,Morocco,MA,Person,PER,Ireland,IE,2014,2014,0
Annual,A,EU framework,EU,Morocco,MA,Person,PER,Ireland,IE,2016,2016,0
Annual,A,EU framework,EU,Morocco,MA,Person,PER,Ireland,IE,2017,2017,0
Annual,A,EU framework,EU,Morocco,MA,Person,PER,Ireland,IE,2018,2018,0
Annual,A,EU framework,EU,Morocco,MA,Person,PER,Ireland,IE,2019,2019,0
Annual,A,EU framework,EU,Morocco,MA,Person,PER,Ireland,IE,2020,2020,0
Annual,A,EU framework,EU,Morocco,MA,Person,PER,Ireland,IE,2021,2021,0
Annual,A,EU framework,EU,Morocco,MA,Person,PER,Ireland,IE,2022,2022,0
Annual,A,EU framework,EU,Morocco,MA,Person,PER,Ireland,IE,2023,2023,0
Annual,A,EU framework,EU,Morocco,MA,Person,PER,Ireland,IE,2024,2024,0
Annual,A,EU framework,EU,Morocco,MA,Person,PER,Ireland,IE,2025,2025,0
Annual,A,EU framework,EU,South Sudan,SS,Person,PER,Ireland,IE,2012,2012,0
Annual,A,EU framework,EU,South Sudan,SS,Person,PER,Ireland,IE,2013,2013,0
Annual,A,EU framework,EU,South Sudan,SS,Person,PER,Ireland,IE,2014,2014,0
Annual,A,EU framework,EU,South Sudan,SS,Person,PER,Ireland,IE,2016,2016,0
Annual,A,EU framework,EU,South Sudan,SS,Person,PER,Ireland,IE,2017,2017,0
Annual,A,EU framework,EU,South Sudan,SS,Person,PER,Ireland,IE,2018,2018,0
Annual,A,EU framework,EU,South Sudan,SS,Person,PER,Ireland,IE,2019,2019,0
Annual,A,EU framework,EU,South Sudan,SS,Person,PER,Ireland,IE,2020,2020,0
Annual,A,EU framework,EU,South Sudan,SS,Person,PER,Ireland,IE,2021,2021,0
Annual,A,EU framework,EU,South Sudan,SS,Person,PER,Ireland,IE,2022,2022,0
Annual,A,EU framework,EU,South Sudan,SS,Person,PER,Ireland,IE,2023,2023,0
Annual,A,EU framework,EU,South Sudan,SS,Person,PER,Ireland,IE,2024,2024,0
Annual,A,EU framework,EU,South Sudan,SS,Person,PER,Ireland,IE,2025,2025,0
Annual,A,EU framework,EU,Sudan,SD,Person,PER,Ireland,IE,2008,2008,3
Annual,A,EU framework,EU,Sudan,SD,Person,PER,Ireland,IE,2009,2009,0
Annual,A,EU framework,EU,Sudan,SD,Person,PER,Ireland,IE,2012,2012,0
Annual,A,EU framework,EU,Sudan,SD,Person,PER,Ireland,IE,2013,2013,0
Annual,A,EU framework,EU,Sudan,SD,Person,PER,Ireland,IE,2014,2014,0
Annual,A,EU framework,EU,Sudan,SD,Person,PER,Ireland,IE,2016,2016,0
Annual,A,EU framework,EU,Sudan,SD,Person,PER,Ireland,IE,2017,2017,0
Annual,A,EU framework,EU,Sudan,SD,Person,PER,Ireland,IE,2018,2018,0
Annual,A,EU framework,EU,Sudan,SD,Person,PER,Ireland,IE,2019,2019,0
Annual,A,EU framework,EU,Sudan,SD,Person,PER,Ireland,IE,2020,2020,0
Annual,A,EU framework,EU,Sudan,SD,Person,PER,Ireland,IE,2021,2021,0
Annual,A,EU framework,EU,Sudan,SD,Person,PER,Ireland,IE,2022,2022,0
Annual,A,EU framework,EU,Sudan,SD,Person,PER,Ireland,IE,2023,2023,0
Annual,A,EU framework,EU,Sudan,SD,Person,PER,Ireland,IE,2024,2024,0
Annual,A,EU framework,EU,Sudan,SD,Person,PER,Ireland,IE,2025,2025,0
Annual,A,EU framework,EU,Tunisia,TN,Person,PER,Ireland,IE,2008,2008,0
Annual,A,EU framework,EU,Tunisia,TN,Person,PER,Ireland,IE,2009,2009,0
Annual,A,EU framework,EU,Tunisia,TN,Person,PER,Ireland,IE,2012,2012,0
Annual,A,EU framework,EU,Tunisia,TN,Person,PER,Ireland,IE,2013,2013,0
Annual,A,EU framework,EU,Tunisia,TN,Person,PER,Ireland,IE,2014,2014,0
Annual,A,EU framework,EU,Tunisia,TN,Person,PER,Ireland,IE,2016,2016,0
Annual,A,EU framework,EU,Tunisia,TN,Person,PER,Ireland,IE,2017,2017,0
Annual,A,EU framework,EU,Tunisia,TN,Person,PER,Ireland,IE,2018,2018,0
Annual,A,EU framework,EU,Tunisia,TN,Person,PER,Ireland,IE,2019,2019,0
Annual,A,EU framework,EU,Tunisia,TN,Person,PER,Ireland,IE,2020,2020,0
Annual,A,EU framework,EU,Tunisia,TN,Person,PER,Ireland,IE,2021,2021,0
Annual,A,EU framework,EU,Tunisia,TN,Person,PER,Ireland,IE,2022,2022,0
Annual,A,EU framework,EU,Tunisia,TN,Person,PER,Ireland,IE,2023,2023,0
Annual,A,EU framework,EU,Tunisia,TN,Person,PER,Ireland,IE,2024,2024,0
Annual,A,EU framework,EU,Tunisia,TN,Person,PER,Ireland,IE,2025,2025,0
Annual,A,EU framework,EU,Western Sahara,EH,Person,PER,Ireland,IE,2008,2008,0
Annual,A,EU framework,EU,Western Sahara,EH,Person,PER,Ireland,IE,2009,2009,0
Annual,A,EU framework,EU,Western Sahara,EH,Person,PER,Ireland,IE,2012,2012,0
Annual,A,EU framework,EU,Western Sahara,EH,Person,PER,Ireland,IE,2013,2013,0
Annual,A,EU framework,EU,Western Sahara,EH,Person,PER,Ireland,IE,2014,2014,0
Annual,A,EU framework,EU,Western Sahara,EH,Person,PER,Ireland,IE,2016,2016,0
Annual,A,EU framework,EU,Western Sahara,EH,Person,PER,Ireland,IE,2017,2017,0
Annual,A,EU framework,EU,Western Sahara,EH,Person,PER,Ireland,IE,2018,2018,0
Annual,A,EU framework,EU,Western Sahara,EH,Person,PER,Ireland,IE,2019,2019,0
Annual,A,EU framework,EU,Western Sahara,EH,Person,PER,Ireland,IE,2020,2020,0
Annual,A,EU framework,EU,Western Sahara,EH,Person,PER,Ireland,IE,2021,2021,0
Annual,A,EU framework,EU,Western Sahara,EH,Person,PER,Ireland,IE,2022,2022,0
Annual,A,EU framework,EU,Western Sahara,EH,Person,PER,Ireland,IE,2023,2023,0
Annual,A,EU framework,EU,Western Sahara,EH,Person,PER,Ireland,IE,2024,2024,0
Annual,A,EU framework,EU,Western Sahara,EH,Person,PER,Ireland,IE,2025,2025,0
Annual,A,EU framework,EU,Botswana,BW,Person,PER,Ireland,IE,2008,2008,2
Annual,A,EU framework,EU,Botswana,BW,Person,PER,Ireland,IE,2009,2009,1
Annual,A,EU framework,EU,Botswana,BW,Person,PER,Ireland,IE,2012,2012,0
Annual,A,EU framework,EU,Botswana,BW,Person,PER,Ireland,IE,2013,2013,0
Annual,A,EU framework,EU,Botswana,BW,Person,PER,Ireland,IE,2014,2014,0
Annual,A,EU framework,EU,Botswana,BW,Person,PER,Ireland,IE,2016,2016,0
Annual,A,EU framework,EU,Botswana,BW,Person,PER,Ireland,IE,2017,2017,0
Annual,A,EU framework,EU,Botswana,BW,Person,PER,Ireland,IE,2018,2018,0
Annual,A,EU framework,EU,Botswana,BW,Person,PER,Ireland,IE,2019,2019,0
Annual,A,EU framework,EU,Botswana,BW,Person,PER,Ireland,IE,2020,2020,0
Annual,A,EU framework,EU,Botswana,BW,Person,PER,Ireland,IE,2021,2021,0
Annual,A,EU framework,EU,Botswana,BW,Person,PER,Ireland,IE,2022,2022,0
Annual,A,EU framework,EU,Botswana,BW,Person,PER,Ireland,IE,2023,2023,0
Annual,A,EU framework,EU,Botswana,BW,Person,PER,Ireland,IE,2024,2024,0
Annual,A,EU framework,EU,Botswana,BW,Person,PER,Ireland,IE,2025,2025,0
Annual,A,EU framework,EU,Lesotho,LS,Person,PER,Ireland,IE,2008,2008,0
Annual,A,EU framework,EU,Lesotho,LS,Person,PER,Ireland,IE,2009,2009,0
Annual,A,EU framework,EU,Lesotho,LS,Person,PER,Ireland,IE,2012,2012,0
Annual,A,EU framework,EU,Lesotho,LS,Person,PER,Ireland,IE,2013,2013,0
Annual,A,EU framework,EU,Lesotho,LS,Person,PER,Ireland,IE,2014,2014,0
Annual,A,EU framework,EU,Lesotho,LS,Person,PER,Ireland,IE,2016,2016,0
Annual,A,EU framework,EU,Lesotho,LS,Person,PER,Ireland,IE,2017,2017,0
Annual,A,EU framework,EU,Lesotho,LS,Person,PER,Ireland,IE,2018,2018,0
Annual,A,EU framework,EU,Lesotho,LS,Person,PER,Ireland,IE,2019,2019,0
Annual,A,EU framework,EU,Lesotho,LS,Person,PER,Ireland,IE,2020,2020,0
Annual,A,EU framework,EU,Lesotho,LS,Person,PER,Ireland,IE,2021,2021,0
Annual,A,EU framework,EU,Lesotho,LS,Person,PER,Ireland,IE,2022,2022,0
Annual,A,EU framework,EU,Lesotho,LS,Person,PER,Ireland,IE,2023,2023,0
Annual,A,EU framework,EU,Lesotho,LS,Person,PER,Ireland,IE,2024,2024,0
Annual,A,EU framework,EU,Lesotho,LS,Person,PER,Ireland,IE,2025,2025,0
Annual,A,EU framework,EU,Namibia,NA,Person,PER,Ireland,IE,2008,2008,0
Annual,A,EU framework,EU,Namibia,NA,Person,PER,Ireland,IE,2009,2009,0
Annual,A,EU framework,EU,Namibia,NA,Person,PER,Ireland,IE,2012,2012,0
Annual,A,EU framework,EU,Namibia,NA,Person,PER,Ireland,IE,2013,2013,0
Annual,A,EU framework,EU,Namibia,NA,Person,PER,Ireland,IE,2014,2014,0
Annual,A,EU framework,EU,Namibia,NA,Person,PER,Ireland,IE,2016,2016,0
Annual,A,EU framework,EU,Namibia,NA,Person,PER,Ireland,IE,2017,2017,0
Annual,A,EU framework,EU,Namibia,NA,Person,PER,Ireland,IE,2018,2018,0
Annual,A,EU framework,EU,Namibia,NA,Person,PER,Ireland,IE,2019,2019,0
Annual,A,EU framework,EU,Namibia,NA,Person,PER,Ireland,IE,2020,2020,0
Annual,A,EU framework,EU,Namibia,NA,Person,PER,Ireland,IE,2021,2021,0
Annual,A,EU framework,EU,Namibia,NA,Person,PER,Ireland,IE,2022,2022,0
Annual,A,EU framework,EU,Namibia,NA,Person,PER,Ireland,IE,2023,2023,0
Annual,A,EU framework,EU,Namibia,NA,Person,PER,Ireland,IE,2024,2024,0
Annual,A,EU framework,EU,Namibia,NA,Person,PER,Ireland,IE,2025,2025,0
Annual,A,EU framework,EU,South Africa,ZA,Person,PER,Ireland,IE,2008,2008,282
Annual,A,EU framework,EU,South Africa,ZA,Person,PER,Ireland,IE,2009,2009,198
Annual,A,EU framework,EU,South Africa,ZA,Person,PER,Ireland,IE,2012,2012,0
Annual,A,EU framework,EU,South Africa,ZA,Person,PER,Ireland,IE,2013,2013,0
Annual,A,EU framework,EU,South Africa,ZA,Person,PER,Ireland,IE,2014,2014,0
Annual,A,EU framework,EU,South Africa,ZA,Person,PER,Ireland,IE,2016,2016,0
Annual,A,EU framework,EU,South Africa,ZA,Person,PER,Ireland,IE,2017,2017,0
Annual,A,EU framework,EU,South Africa,ZA,Person,PER,Ireland,IE,2018,2018,0
Annual,A,EU framework,EU,South Africa,ZA,Person,PER,Ireland,IE,2019,2019,0
Annual,A,EU framework,EU,South Africa,ZA,Person,PER,Ireland,IE,2020,2020,0
Annual,A,EU framework,EU,South Africa,ZA,Person,PER,Ireland,IE,2021,2021,0
Annual,A,EU framework,EU,South Africa,ZA,Person,PER,Ireland,IE,2022,2022,0
Annual,A,EU framework,EU,South Africa,ZA,Person,PER,Ireland,IE,2023,2023,0
Annual,A,EU framework,EU,South Africa,ZA,Person,PER,Ireland,IE,2024,2024,0
Annual,A,EU framework,EU,South Africa,ZA,Person,PER,Ireland,IE,2025,2025,0
Annual,A,EU framework,EU,Eswatini,SZ,Person,PER,Ireland,IE,2008,2008,1
Annual,A,EU framework,EU,Eswatini,SZ,Person,PER,Ireland,IE,2009,2009,1
Annual,A,EU framework,EU,Eswatini,SZ,Person,PER,Ireland,IE,2012,2012,0
Annual,A,EU framework,EU,Eswatini,SZ,Person,PER,Ireland,IE,2013,2013,0
Annual,A,EU framework,EU,Eswatini,SZ,Person,PER,Ireland,IE,2014,2014,0
Annual,A,EU framework,EU,Eswatini,SZ,Person,PER,Ireland,IE,2016,2016,0
Annual,A,EU framework,EU,Eswatini,SZ,Person,PER,Ireland,IE,2017,2017,0
Annual,A,EU framework,EU,Eswatini,SZ,Person,PER,Ireland,IE,2018,2018,0
Annual,A,EU framework,EU,Eswatini,SZ,Person,PER,Ireland,IE,2019,2019,0
Annual,A,EU framework,EU,Eswatini,SZ,Person,PER,Ireland,IE,2020,2020,0
Annual,A,EU framework,EU,Eswatini,SZ,Person,PER,Ireland,IE,2021,2021,0
Annual,A,EU framework,EU,Eswatini,SZ,Person,PER,Ireland,IE,2022,2022,0
Annual,A,EU framework,EU,Eswatini,SZ,Person,PER,Ireland,IE,2023,2023,0
Annual,A,EU framework,EU,Eswatini,SZ,Person,PER,Ireland,IE,2024,2024,0
Annual,A,EU framework,EU,Eswatini,SZ,Person,PER,Ireland,IE,2025,2025,0
Annual,A,EU framework,EU,Benin,BJ,Person,PER,Ireland,IE,2008,2008,0
Annual,A,EU framework,EU,Benin,BJ,Person,PER,Ireland,IE,2009,2009,0
Annual,A,EU framework,EU,Benin,BJ,Person,PER,Ireland,IE,2012,2012,0
Annual,A,EU framework,EU,Benin,BJ,Person,PER,Ireland,IE,2013,2013,0
Annual,A,EU framework,EU,Benin,BJ,Person,PER,Ireland,IE,2014,2014,0
Annual,A,EU framework,EU,Benin,BJ,Person,PER,Ireland,IE,2016,2016,0
Annual,A,EU framework,EU,Benin,BJ,Person,PER,Ireland,IE,2017,2017,0
Annual,A,EU framework,EU,Benin,BJ,Person,PER,Ireland,IE,2018,2018,0
Annual,A,EU framework,EU,Benin,BJ,Person,PER,Ireland,IE,2019,2019,0
Annual,A,EU framework,EU,Benin,BJ,Person,PER,Ireland,IE,2020,2020,0
Annual,A,EU framework,EU,Benin,BJ,Person,PER,Ireland,IE,2021,2021,0
Annual,A,EU framework,EU,Benin,BJ,Person,PER,Ireland,IE,2022,2022,0
Annual,A,EU framework,EU,Benin,BJ,Person,PER,Ireland,IE,2023,2023,0
Annual,A,EU framework,EU,Benin,BJ,Person,PER,Ireland,IE,2024,2024,0
Annual,A,EU framework,EU,Benin,BJ,Person,PER,Ireland,IE,2025,2025,0
Annual,A,EU framework,EU,Burkina Faso,BF,Person,PER,Ireland,IE,2008,2008,0
Annual,A,EU framework,EU,Burkina Faso,BF,Person,PER,Ireland,IE,2009,2009,0
Annual,A,EU framework,EU,Burkina Faso,BF,Person,PER,Ireland,IE,2012,2012,0
Annual,A,EU framework,EU,Burkina Faso,BF,Person,PER,Ireland,IE,2013,2013,0
Annual,A,EU framework,EU,Burkina Faso,BF,Person,PER,Ireland,IE,2014,2014,0
Annual,A,EU framework,EU,Burkina Faso,BF,Person,PER,Ireland,IE,2016,2016,0
Annual,A,EU framework,EU,Burkina Faso,BF,Person,PER,Ireland,IE,2017,2017,0
Annual,A,EU framework,EU,Burkina Faso,BF,Person,PER,Ireland,IE,2018,2018,0
Annual,A,EU framework,EU,Burkina Faso,BF,Person,PER,Ireland,IE,2019,2019,0
Annual,A,EU framework,EU,Burkina Faso,BF,Person,PER,Ireland,IE,2020,2020,0
Annual,A,EU framework,EU,Burkina Faso,BF,Person,PER,Ireland,IE,2021,2021,0
Annual,A,EU framework,EU,Burkina Faso,BF,Person,PER,Ireland,IE,2022,2022,0
Annual,A,EU framework,EU,Burkina Faso,BF,Person,PER,Ireland,IE,2023,2023,0
Annual,A,EU framework,EU,Burkina Faso,BF,Person,PER,Ireland,IE,2024,2024,0
Annual,A,EU framework,EU,Burkina Faso,BF,Person,PER,Ireland,IE,2025,2025,0
Annual,A,EU framework,EU,Cabo Verde,CV,Person,PER,Ireland,IE,2008,2008,0
Annual,A,EU framework,EU,Cabo Verde,CV,Person,PER,Ireland,IE,2009,2009,0
Annual,A,EU framework,EU,Cabo Verde,CV,Person,PER,Ireland,IE,2012,2012,0
Annual,A,EU framework,EU,Cabo Verde,CV,Person,PER,Ireland,IE,2013,2013,0
Annual,A,EU framework,EU,Cabo Verde,CV,Person,PER,Ireland,IE,2014,2014,0
Annual,A,EU framework,EU,Cabo Verde,CV,Person,PER,Ireland,IE,2016,2016,0
Annual,A,EU framework,EU,Cabo Verde,CV,Person,PER,Ireland,IE,2017,2017,0
Annual,A,EU framework,EU,Cabo Verde,CV,Person,PER,Ireland,IE,2018,2018,0
Annual,A,EU framework,EU,Cabo Verde,CV,Person,PER,Ireland,IE,2019,2019,0
Annual,A,EU framework,EU,Cabo Verde,CV,Person,PER,Ireland,IE,2020,2020,0
Annual,A,EU framework,EU,Cabo Verde,CV,Person,PER,Ireland,IE,2021,2021,0
Annual,A,EU framework,EU,Cabo Verde,CV,Person,PER,Ireland,IE,2022,2022,0
Annual,A,EU framework,EU,Cabo Verde,CV,Person,PER,Ireland,IE,2023,2023,0
Annual,A,EU framework,EU,Cabo Verde,CV,Person,PER,Ireland,IE,2024,2024,0
Annual,A,EU framework,EU,Cabo Verde,CV,Person,PER,Ireland,IE,2025,2025,0
Annual,A,EU framework,EU,Côte d’Ivoire,CI,Person,PER,Ireland,IE,2008,2008,10
Annual,A,EU framework,EU,Côte d’Ivoire,CI,Person,PER,Ireland,IE,2009,2009,4
Annual,A,EU framework,EU,Côte d’Ivoire,CI,Person,PER,Ireland,IE,2012,2012,0
Annual,A,EU framework,EU,Côte d’Ivoire,CI,Person,PER,Ireland,IE,2013,2013,0
Annual,A,EU framework,EU,Côte d’Ivoire,CI,Person,PER,Ireland,IE,2014,2014,0
Annual,A,EU framework,EU,Côte d’Ivoire,CI,Person,PER,Ireland,IE,2016,2016,0
Annual,A,EU framework,EU,Côte d’Ivoire,CI,Person,PER,Ireland,IE,2017,2017,0
Annual,A,EU framework,EU,Côte d’Ivoire,CI,Person,PER,Ireland,IE,2018,2018,0
Annual,A,EU framework,EU,Côte d’Ivoire,CI,Person,PER,Ireland,IE,2019,2019,0
Annual,A,EU framework,EU,Côte d’Ivoire,CI,Person,PER,Ireland,IE,2020,2020,0
Annual,A,EU framework,EU,Côte d’Ivoire,CI,Person,PER,Ireland,IE,2021,2021,0
Annual,A,EU framework,EU,Côte d’Ivoire,CI,Person,PER,Ireland,IE,2022,2022,0
Annual,A,EU framework,EU,Côte d’Ivoire,CI,Person,PER,Ireland,IE,2023,2023,0
Annual,A,EU framework,EU,Côte d’Ivoire,CI,Person,PER,Ireland,IE,2024,2024,0
Annual,A,EU framework,EU,Côte d’Ivoire,CI,Person,PER,Ireland,IE,2025,2025,0
Annual,A,EU framework,EU,"Gambia, The",GM,Person,PER,Ireland,IE,2008,2008,0
Annual,A,EU framework,EU,"Gambia, The",GM,Person,PER,Ireland,IE,2009,2009,0
Annual,A,EU framework,EU,"Gambia, The",GM,Person,PER,Ireland,IE,2012,2012,0
Annual,A,EU framework,EU,"Gambia, The",GM,Person,PER,Ireland,IE,2013,2013,0
Annual,A,EU framework,EU,"Gambia, The",GM,Person,PER,Ireland,IE,2014,2014,0
Annual,A,EU framework,EU,"Gambia, The",GM,Person,PER,Ireland,IE,2016,2016,0
Annual,A,EU framework,EU,"Gambia, The",GM,Person,PER,Ireland,IE,2017,2017,0
Annual,A,EU framework,EU,"Gambia, The",GM,Person,PER,Ireland,IE,2018,2018,0
Annual,A,EU framework,EU,"Gambia, The",GM,Person,PER,Ireland,IE,2019,2019,0
Annual,A,EU framework,EU,"Gambia, The",GM,Person,PER,Ireland,IE,2020,2020,0
Annual,A,EU framework,EU,"Gambia, The",GM,Person,PER,Ireland,IE,2021,2021,0
Annual,A,EU framework,EU,"Gambia, The",GM,Person,PER,Ireland,IE,2022,2022,0
Annual,A,EU framework,EU,"Gambia, The",GM,Person,PER,Ireland,IE,2023,2023,0
Annual,A,EU framework,EU,"Gambia, The",GM,Person,PER,Ireland,IE,2024,2024,0
Annual,A,EU framework,EU,"Gambia, The",GM,Person,PER,Ireland,IE,2025,2025,0
Annual,A,EU framework,EU,Ghana,GH,Person,PER,Ireland,IE,2008,2008,55
Annual,A,EU framework,EU,Ghana,GH,Person,PER,Ireland,IE,2009,2009,27
Annual,A,EU framework,EU,Ghana,GH,Person,PER,Ireland,IE,2012,2012,0
Annual,A,EU framework,EU,Ghana,GH,Person,PER,Ireland,IE,2013,2013,0
Annual,A,EU framework,EU,Ghana,GH,Person,PER,Ireland,IE,2014,2014,0
Annual,A,EU framework,EU,Ghana,GH,Person,PER,Ireland,IE,2016,2016,0
Annual,A,EU framework,EU,Ghana,GH,Person,PER,Ireland,IE,2017,2017,0
Annual,A,EU framework,EU,Ghana,GH,Person,PER,Ireland,IE,2018,2018,0
Annual,A,EU framework,EU,Ghana,GH,Person,PER,Ireland,IE,2019,2019,0
Annual,A,EU framework,EU,Ghana,GH,Person,PER,Ireland,IE,2020,2020,0
Annual,A,EU framework,EU,Ghana,GH,Person,PER,Ireland,IE,2021,2021,0
Annual,A,EU framework,EU,Ghana,GH,Person,PER,Ireland,IE,2022,2022,0
Annual,A,EU framework,EU,Ghana,GH,Person,PER,Ireland,IE,2023,2023,0
Annual,A,EU framework,EU,Ghana,GH,Person,PER,Ireland,IE,2024,2024,0
Annual,A,EU framework,EU,Ghana,GH,Person,PER,Ireland,IE,2025,2025,0
Annual,A,EU framework,EU,Guinea,GN,Person,PER,Ireland,IE,2008,2008,0
Annual,A,EU framework,EU,Guinea,GN,Person,PER,Ireland,IE,2009,2009,0
Annual,A,EU framework,EU,Guinea,GN,Person,PER,Ireland,IE,2012,2012,0
Annual,A,EU framework,EU,Guinea,GN,Person,PER,Ireland,IE,2013,2013,0
Annual,A,EU framework,EU,Guinea,GN,Person,PER,Ireland,IE,2014,2014,0
Annual,A,EU framework,EU,Guinea,GN,Person,PER,Ireland,IE,2016,2016,0
Annual,A,EU framework,EU,Guinea,GN,Person,PER,Ireland,IE,2017,2017,0
Annual,A,EU framework,EU,Guinea,GN,Person,PER,Ireland,IE,2018,2018,0
Annual,A,EU framework,EU,Guinea,GN,Person,PER,Ireland,IE,2019,2019,0
Annual,A,EU framework,EU,Guinea,GN,Person,PER,Ireland,IE,2020,2020,0
Annual,A,EU framework,EU,Guinea,GN,Person,PER,Ireland,IE,2021,2021,0
Annual,A,EU framework,EU,Guinea,GN,Person,PER,Ireland,IE,2022,2022,0
Annual,A,EU framework,EU,Guinea,GN,Person,PER,Ireland,IE,2023,2023,0
Annual,A,EU framework,EU,Guinea,GN,Person,PER,Ireland,IE,2024,2024,0
Annual,A,EU framework,EU,Guinea,GN,Person,PER,Ireland,IE,2025,2025,0
Annual,A,EU framework,EU,Guinea-Bissau,GW,Person,PER,Ireland,IE,2008,2008,0
Annual,A,EU framework,EU,Guinea-Bissau,GW,Person,PER,Ireland,IE,2009,2009,0
Annual,A,EU framework,EU,Guinea-Bissau,GW,Person,PER,Ireland,IE,2012,2012,0
Annual,A,EU framework,EU,Guinea-Bissau,GW,Person,PER,Ireland,IE,2013,2013,0
Annual,A,EU framework,EU,Guinea-Bissau,GW,Person,PER,Ireland,IE,2014,2014,0
Annual,A,EU framework,EU,Guinea-Bissau,GW,Person,PER,Ireland,IE,2016,2016,0
Annual,A,EU framework,EU,Guinea-Bissau,GW,Person,PER,Ireland,IE,2017,2017,0
Annual,A,EU framework,EU,Guinea-Bissau,GW,Person,PER,Ireland,IE,2018,2018,0
Annual,A,EU framework,EU,Guinea-Bissau,GW,Person,PER,Ireland,IE,2019,2019,0
Annual,A,EU framework,EU,Guinea-Bissau,GW,Person,PER,Ireland,IE,2020,2020,0
Annual,A,EU framework,EU,Guinea-Bissau,GW,Person,PER,Ireland,IE,2021,2021,0
Annual,A,EU framework,EU,Guinea-Bissau,GW,Person,PER,Ireland,IE,2022,2022,0
Annual,A,EU framework,EU,Guinea-Bissau,GW,Person,PER,Ireland,IE,2023,2023,0
Annual,A,EU framework,EU,Guinea-Bissau,GW,Person,PER,Ireland,IE,2024,2024,0
Annual,A,EU framework,EU,Guinea-Bissau,GW,Person,PER,Ireland,IE,2025,2025,0
Annual,A,EU framework,EU,Liberia,LR,Person,PER,Ireland,IE,2008,2008,0
Annual,A,EU framework,EU,Liberia,LR,Person,PER,Ireland,IE,2009,2009,0
Annual,A,EU framework,EU,Liberia,LR,Person,PER,Ireland,IE,2012,2012,0
Annual,A,EU framework,EU,Liberia,LR,Person,PER,Ireland,IE,2013,2013,0
Annual,A,EU framework,EU,Liberia,LR,Person,PER,Ireland,IE,2014,2014,0
Annual,A,EU framework,EU,Liberia,LR,Person,PER,Ireland,IE,2016,2016,0
Annual,A,EU framework,EU,Liberia,LR,Person,PER,Ireland,IE,2017,2017,0
Annual,A,EU framework,EU,Liberia,LR,Person,PER,Ireland,IE,2018,2018,0
Annual,A,EU framework,EU,Liberia,LR,Person,PER,Ireland,IE,2019,2019,0
Annual,A,EU framework,EU,Liberia,LR,Person,PER,Ireland,IE,2020,2020,0
Annual,A,EU framework,EU,Liberia,LR,Person,PER,Ireland,IE,2021,2021,0
Annual,A,EU framework,EU,Liberia,LR,Person,PER,Ireland,IE,2022,2022,0
Annual,A,EU framework,EU,Liberia,LR,Person,PER,Ireland,IE,2023,2023,0
Annual,A,EU framework,EU,Liberia,LR,Person,PER,Ireland,IE,2024,2024,0
Annual,A,EU framework,EU,Liberia,LR,Person,PER,Ireland,IE,2025,2025,0
Annual,A,EU framework,EU,Mali,ML,Person,PER,Ireland,IE,2008,2008,0
Annual,A,EU framework,EU,Mali,ML,Person,PER,Ireland,IE,2009,2009,0
Annual,A,EU framework,EU,Mali,ML,Person,PER,Ireland,IE,2012,2012,0
Annual,A,EU framework,EU,Mali,ML,Person,PER,Ireland,IE,2013,2013,0
Annual,A,EU framework,EU,Mali,ML,Person,PER,Ireland,IE,2014,2014,0
Annual,A,EU framework,EU,Mali,ML,Person,PER,Ireland,IE,2016,2016,0
Annual,A,EU framework,EU,Mali,ML,Person,PER,Ireland,IE,2017,2017,0
Annual,A,EU framework,EU,Mali,ML,Person,PER,Ireland,IE,2018,2018,0
Annual,A,EU framework,EU,Mali,ML,Person,PER,Ireland,IE,2019,2019,0
Annual,A,EU framework,EU,Mali,ML,Person,PER,Ireland,IE,2020,2020,0
Annual,A,EU framework,EU,Mali,ML,Person,PER,Ireland,IE,2021,2021,0
Annual,A,EU framework,EU,Mali,ML,Person,PER,Ireland,IE,2022,2022,0
Annual,A,EU framework,EU,Mali,ML,Person,PER,Ireland,IE,2023,2023,0
Annual,A,EU framework,EU,Mali,ML,Person,PER,Ireland,IE,2024,2024,0
Annual,A,EU framework,EU,Mali,ML,Person,PER,Ireland,IE,2025,2025,0
Annual,A,EU framework,EU,Mauritania,MR,Person,PER,Ireland,IE,2008,2008,1
Annual,A,EU framework,EU,Mauritania,MR,Person,PER,Ireland,IE,2009,2009,0
Annual,A,EU framework,EU,Mauritania,MR,Person,PER,Ireland,IE,2012,2012,0
Annual,A,EU framework,EU,Mauritania,MR,Person,PER,Ireland,IE,2013,2013,0
Annual,A,EU framework,EU,Mauritania,MR,Person,PER,Ireland,IE,2014,2014,0
Annual,A,EU framework,EU,Mauritania,MR,Person,PER,Ireland,IE,2016,2016,0
Annual,A,EU framework,EU,Mauritania,MR,Person,PER,Ireland,IE,2017,2017,0
Annual,A,EU framework,EU,Mauritania,MR,Person,PER,Ireland,IE,2018,2018,0
Annual,A,EU framework,EU,Mauritania,MR,Person,PER,Ireland,IE,2019,2019,0
Annual,A,EU framework,EU,Mauritania,MR,Person,PER,Ireland,IE,2020,2020,0
Annual,A,EU framework,EU,Mauritania,MR,Person,PER,Ireland,IE,2021,2021,0
Annual,A,EU framework,EU,Mauritania,MR,Person,PER,Ireland,IE,2022,2022,0
Annual,A,EU framework,EU,Mauritania,MR,Person,PER,Ireland,IE,2023,2023,0
Annual,A,EU framework,EU,Mauritania,MR,Person,PER,Ireland,IE,2024,2024,0
Annual,A,EU framework,EU,Mauritania,MR,Person,PER,Ireland,IE,2025,2025,0
Annual,A,EU framework,EU,Niger,NE,Person,PER,Ireland,IE,2008,2008,0
Annual,A,EU framework,EU,Niger,NE,Person,PER,Ireland,IE,2009,2009,0
Annual,A,EU framework,EU,Niger,NE,Person,PER,Ireland,IE,2012,2012,0
Annual,A,EU framework,EU,Niger,NE,Person,PER,Ireland,IE,2013,2013,0
Annual,A,EU framework,EU,Niger,NE,Person,PER,Ireland,IE,2014,2014,0
Annual,A,EU framework,EU,Niger,NE,Person,PER,Ireland,IE,2016,2016,0
Annual,A,EU framework,EU,Niger,NE,Person,PER,Ireland,IE,2017,2017,0
Annual,A,EU framework,EU,Niger,NE,Person,PER,Ireland,IE,2018,2018,0
Annual,A,EU framework,EU,Niger,NE,Person,PER,Ireland,IE,2019,2019,0
Annual,A,EU framework,EU,Niger,NE,Person,PER,Ireland,IE,2020,2020,0
Annual,A,EU framework,EU,Niger,NE,Person,PER,Ireland,IE,2021,2021,0
Annual,A,EU framework,EU,Niger,NE,Person,PER,Ireland,IE,2022,2022,0
Annual,A,EU framework,EU,Niger,NE,Person,PER,Ireland,IE,2023,2023,0
Annual,A,EU framework,EU,Niger,NE,Person,PER,Ireland,IE,2024,2024,0
Annual,A,EU framework,EU,Niger,NE,Person,PER,Ireland,IE,2025,2025,0
Annual,A,EU framework,EU,Nigeria,NG,Person,PER,Ireland,IE,2008,2008,1064
Annual,A,EU framework,EU,Nigeria,NG,Person,PER,Ireland,IE,2009,2009,986
Annual,A,EU framework,EU,Nigeria,NG,Person,PER,Ireland,IE,2012,2012,0
Annual,A,EU framework,EU,Nigeria,NG,Person,PER,Ireland,IE,2013,2013,0
Annual,A,EU framework,EU,Nigeria,NG,Person,PER,Ireland,IE,2014,2014,0
Annual,A,EU framework,EU,Nigeria,NG,Person,PER,Ireland,IE,2016,2016,0
Annual,A,EU framework,EU,Nigeria,NG,Person,PER,Ireland,IE,2017,2017,0
Annual,A,EU framework,EU,Nigeria,NG,Person,PER,Ireland,IE,2018,2018,0
Annual,A,EU framework,EU,Nigeria,NG,Person,PER,Ireland,IE,2019,2019,0
Annual,A,EU framework,EU,Nigeria,NG,Person,PER,Ireland,IE,2020,2020,0
Annual,A,EU framework,EU,Nigeria,NG,Person,PER,Ireland,IE,2021,2021,0
Annual,A,EU framework,EU,Nigeria,NG,Person,PER,Ireland,IE,2022,2022,0
Annual,A,EU framework,EU,Nigeria,NG,Person,PER,Ireland,IE,2023,2023,0
Annual,A,EU framework,EU,Nigeria,NG,Person,PER,Ireland,IE,2024,2024,0
Annual,A,EU framework,EU,Nigeria,NG,Person,PER,Ireland,IE,2025,2025,0
Annual,A,EU framework,EU,Senegal,SN,Person,PER,Ireland,IE,2008,2008,0
Annual,A,EU framework,EU,Senegal,SN,Person,PER,Ireland,IE,2009,2009,0
Annual,A,EU framework,EU,Senegal,SN,Person,PER,Ireland,IE,2012,2012,0
Annual,A,EU framework,EU,Senegal,SN,Person,PER,Ireland,IE,2013,2013,0
Annual,A,EU framework,EU,Senegal,SN,Person,PER,Ireland,IE,2014,2014,0
Annual,A,EU framework,EU,Senegal,SN,Person,PER,Ireland,IE,2016,2016,0
Annual,A,EU framework,EU,Senegal,SN,Person,PER,Ireland,IE,2017,2017,0
Annual,A,EU framework,EU,Senegal,SN,Person,PER,Ireland,IE,2018,2018,0
Annual,A,EU framework,EU,Senegal,SN,Person,PER,Ireland,IE,2019,2019,0
Annual,A,EU framework,EU,Senegal,SN,Person,PER,Ireland,IE,2020,2020,0
Annual,A,EU framework,EU,Senegal,SN,Person,PER,Ireland,IE,2021,2021,0
Annual,A,EU framework,EU,Senegal,SN,Person,PER,Ireland,IE,2022,2022,0
Annual,A,EU framework,EU,Senegal,SN,Person,PER,Ireland,IE,2023,2023,0
Annual,A,EU framework,EU,Senegal,SN,Person,PER,Ireland,IE,2024,2024,0
Annual,A,EU framework,EU,Senegal,SN,Person,PER,Ireland,IE,2025,2025,0
Annual,A,EU framework,EU,Sierra Leone,SL,Person,PER,Ireland,IE,2008,2008,10
Annual,A,EU framework,EU,Sierra Leone,SL,Person,PER,Ireland,IE,2009,2009,4
Annual,A,EU framework,EU,Sierra Leone,SL,Person,PER,Ireland,IE,2012,2012,0
Annual,A,EU framework,EU,Sierra Leone,SL,Person,PER,Ireland,IE,2013,2013,0
Annual,A,EU framework,EU,Sierra Leone,SL,Person,PER,Ireland,IE,2014,2014,0
Annual,A,EU framework,EU,Sierra Leone,SL,Person,PER,Ireland,IE,2016,2016,0
Annual,A,EU framework,EU,Sierra Leone,SL,Person,PER,Ireland,IE,2017,2017,0
Annual,A,EU framework,EU,Sierra Leone,SL,Person,PER,Ireland,IE,2018,2018,0
Annual,A,EU framework,EU,Sierra Leone,SL,Person,PER,Ireland,IE,2019,2019,0
Annual,A,EU framework,EU,Sierra Leone,SL,Person,PER,Ireland,IE,2020,2020,0
Annual,A,EU framework,EU,Sierra Leone,SL,Person,PER,Ireland,IE,2021,2021,0
Annual,A,EU framework,EU,Sierra Leone,SL,Person,PER,Ireland,IE,2022,2022,0
Annual,A,EU framework,EU,Sierra Leone,SL,Person,PER,Ireland,IE,2023,2023,0
Annual,A,EU framework,EU,Sierra Leone,SL,Person,PER,Ireland,IE,2024,2024,0
Annual,A,EU framework,EU,Sierra Leone,SL,Person,PER,Ireland,IE,2025,2025,0
Annual,A,EU framework,EU,Togo,TG,Person,PER,Ireland,IE,2008,2008,5
Annual,A,EU framework,EU,Togo,TG,Person,PER,Ireland,IE,2009,2009,3
Annual,A,EU framework,EU,Togo,TG,Person,PER,Ireland,IE,2012,2012,0
Annual,A,EU framework,EU,Togo,TG,Person,PER,Ireland,IE,2013,2013,0
Annual,A,EU framework,EU,Togo,TG,Person,PER,Ireland,IE,2014,2014,0
Annual,A,EU framework,EU,Togo,TG,Person,PER,Ireland,IE,2016,2016,0
Annual,A,EU framework,EU,Togo,TG,Person,PER,Ireland,IE,2017,2017,0
Annual,A,EU framework,EU,Togo,TG,Person,PER,Ireland,IE,2018,2018,0
Annual,A,EU framework,EU,Togo,TG,Person,PER,Ireland,IE,2019,2019,0
Annual,A,EU framework,EU,Togo,TG,Person,PER,Ireland,IE,2020,2020,0
Annual,A,EU framework,EU,Togo,TG,Person,PER,Ireland,IE,2021,2021,0
Annual,A,EU framework,EU,Togo,TG,Person,PER,Ireland,IE,2022,2022,0
Annual,A,EU framework,EU,Togo,TG,Person,PER,Ireland,IE,2023,2023,0
Annual,A,EU framework,EU,Togo,TG,Person,PER,Ireland,IE,2024,2024,0
Annual,A,EU framework,EU,Togo,TG,Person,PER,Ireland,IE,2025,2025,0
Annual,A,EU framework,EU,Canada,CA,Person,PER,Ireland,IE,2008,2008,7
Annual,A,EU framework,EU,Canada,CA,Person,PER,Ireland,IE,2009,2009,5
Annual,A,EU framework,EU,Canada,CA,Person,PER,Ireland,IE,2012,2012,0
Annual,A,EU framework,EU,Canada,CA,Person,PER,Ireland,IE,2013,2013,0
Annual,A,EU framework,EU,Canada,CA,Person,PER,Ireland,IE,2014,2014,0
Annual,A,EU framework,EU,Canada,CA,Person,PER,Ireland,IE,2016,2016,0
Annual,A,EU framework,EU,Canada,CA,Person,PER,Ireland,IE,2017,2017,0
Annual,A,EU framework,EU,Canada,CA,Person,PER,Ireland,IE,2018,2018,0
Annual,A,EU framework,EU,Canada,CA,Person,PER,Ireland,IE,2019,2019,0
Annual,A,EU framework,EU,Canada,CA,Person,PER,Ireland,IE,2020,2020,0
Annual,A,EU framework,EU,Canada,CA,Person,PER,Ireland,IE,2021,2021,0
Annual,A,EU framework,EU,Canada,CA,Person,PER,Ireland,IE,2022,2022,0
Annual,A,EU framework,EU,Canada,CA,Person,PER,Ireland,IE,2023,2023,0
Annual,A,EU framework,EU,Canada,CA,Person,PER,Ireland,IE,2024,2024,0
Annual,A,EU framework,EU,Canada,CA,Person,PER,Ireland,IE,2025,2025,0
Annual,A,EU framework,EU,United States,US,Person,PER,Ireland,IE,2008,2008,1073
Annual,A,EU framework,EU,United States,US,Person,PER,Ireland,IE,2009,2009,481
Annual,A,EU framework,EU,United States,US,Person,PER,Ireland,IE,2012,2012,0
Annual,A,EU framework,EU,United States,US,Person,PER,Ireland,IE,2013,2013,0
Annual,A,EU framework,EU,United States,US,Person,PER,Ireland,IE,2014,2014,0
Annual,A,EU framework,EU,United States,US,Person,PER,Ireland,IE,2016,2016,0
Annual,A,EU framework,EU,United States,US,Person,PER,Ireland,IE,2017,2017,0
Annual,A,EU framework,EU,United States,US,Person,PER,Ireland,IE,2018,2018,0
Annual,A,EU framework,EU,United States,US,Person,PER,Ireland,IE,2019,2019,0
Annual,A,EU framework,EU,United States,US,Person,PER,Ireland,IE,2020,2020,0
Annual,A,EU framework,EU,United States,US,Person,PER,Ireland,IE,2021,2021,0
Annual,A,EU framework,EU,United States,US,Person,PER,Ireland,IE,2022,2022,0
Annual,A,EU framework,EU,United States,US,Person,PER,Ireland,IE,2023,2023,0
Annual,A,EU framework,EU,United States,US,Person,PER,Ireland,IE,2024,2024,0
Annual,A,EU framework,EU,United States,US,Person,PER,Ireland,IE,2025,2025,0
Annual,A,EU framework,EU,Antigua and Barbuda,AG,Person,PER,Ireland,IE,2008,2008,0
Annual,A,EU framework,EU,Antigua and Barbuda,AG,Person,PER,Ireland,IE,2009,2009,0
Annual,A,EU framework,EU,Antigua and Barbuda,AG,Person,PER,Ireland,IE,2012,2012,0
Annual,A,EU framework,EU,Antigua and Barbuda,AG,Person,PER,Ireland,IE,2013,2013,0
Annual,A,EU framework,EU,Antigua and Barbuda,AG,Person,PER,Ireland,IE,2014,2014,0
Annual,A,EU framework,EU,Antigua and Barbuda,AG,Person,PER,Ireland,IE,2016,2016,0
Annual,A,EU framework,EU,Antigua and Barbuda,AG,Person,PER,Ireland,IE,2017,2017,0
Annual,A,EU framework,EU,Antigua and Barbuda,AG,Person,PER,Ireland,IE,2018,2018,0
Annual,A,EU framework,EU,Antigua and Barbuda,AG,Person,PER,Ireland,IE,2019,2019,0
Annual,A,EU framework,EU,Antigua and Barbuda,AG,Person,PER,Ireland,IE,2020,2020,0
Annual,A,EU framework,EU,Antigua and Barbuda,AG,Person,PER,Ireland,IE,2021,2021,0
Annual,A,EU framework,EU,Antigua and Barbuda,AG,Person,PER,Ireland,IE,2022,2022,0
Annual,A,EU framework,EU,Antigua and Barbuda,AG,Person,PER,Ireland,IE,2023,2023,0
Annual,A,EU framework,EU,Antigua and Barbuda,AG,Person,PER,Ireland,IE,2024,2024,0
Annual,A,EU framework,EU,Antigua and Barbuda,AG,Person,PER,Ireland,IE,2025,2025,0
Annual,A,EU framework,EU,Bahamas,BS,Person,PER,Ireland,IE,2008,2008,0
Annual,A,EU framework,EU,Bahamas,BS,Person,PER,Ireland,IE,2009,2009,0
Annual,A,EU framework,EU,Bahamas,BS,Person,PER,Ireland,IE,2012,2012,0
Annual,A,EU framework,EU,Bahamas,BS,Person,PER,Ireland,IE,2013,2013,0
Annual,A,EU framework,EU,Bahamas,BS,Person,PER,Ireland,IE,2014,2014,0
Annual,A,EU framework,EU,Bahamas,BS,Person,PER,Ireland,IE,2016,2016,0
Annual,A,EU framework,EU,Bahamas,BS,Person,PER,Ireland,IE,2017,2017,0
Annual,A,EU framework,EU,Bahamas,BS,Person,PER,Ireland,IE,2018,2018,0
Annual,A,EU framework,EU,Bahamas,BS,Person,PER,Ireland,IE,2019,2019,0
Annual,A,EU framework,EU,Bahamas,BS,Person,PER,Ireland,IE,2020,2020,0
Annual,A,EU framework,EU,Bahamas,BS,Person,PER,Ireland,IE,2021,2021,0
Annual,A,EU framework,EU,Bahamas,BS,Person,PER,Ireland,IE,2022,2022,0
Annual,A,EU framework,EU,Bahamas,BS,Person,PER,Ireland,IE,2023,2023,0
Annual,A,EU framework,EU,Bahamas,BS,Person,PER,Ireland,IE,2024,2024,0
Annual,A,EU framework,EU,Bahamas,BS,Person,PER,Ireland,IE,2025,2025,0
Annual,A,EU framework,EU,Barbados,BB,Person,PER,Ireland,IE,2008,2008,1
Annual,A,EU framework,EU,Barbados,BB,Person,PER,Ireland,IE,2009,2009,1
Annual,A,EU framework,EU,Barbados,BB,Person,PER,Ireland,IE,2012,2012,0
Annual,A,EU framework,EU,Barbados,BB,Person,PER,Ireland,IE,2013,2013,0
Annual,A,EU framework,EU,Barbados,BB,Person,PER,Ireland,IE,2014,2014,0
Annual,A,EU framework,EU,Barbados,BB,Person,PER,Ireland,IE,2016,2016,0
Annual,A,EU framework,EU,Barbados,BB,Person,PER,Ireland,IE,2017,2017,0
Annual,A,EU framework,EU,Barbados,BB,Person,PER,Ireland,IE,2018,2018,0
Annual,A,EU framework,EU,Barbados,BB,Person,PER,Ireland,IE,2019,2019,0
Annual,A,EU framework,EU,Barbados,BB,Person,PER,Ireland,IE,2020,2020,0
Annual,A,EU framework,EU,Barbados,BB,Person,PER,Ireland,IE,2021,2021,0
Annual,A,EU framework,EU,Barbados,BB,Person,PER,Ireland,IE,2022,2022,0
Annual,A,EU framework,EU,Barbados,BB,Person,PER,Ireland,IE,2023,2023,0
Annual,A,EU framework,EU,Barbados,BB,Person,PER,Ireland,IE,2024,2024,0
Annual,A,EU framework,EU,Barbados,BB,Person,PER,Ireland,IE,2025,2025,0
Annual,A,EU framework,EU,Cuba,CU,Person,PER,Ireland,IE,2008,2008,12
Annual,A,EU framework,EU,Cuba,CU,Person,PER,Ireland,IE,2009,2009,9
Annual,A,EU framework,EU,Cuba,CU,Person,PER,Ireland,IE,2012,2012,0
Annual,A,EU framework,EU,Cuba,CU,Person,PER,Ireland,IE,2013,2013,0
Annual,A,EU framework,EU,Cuba,CU,Person,PER,Ireland,IE,2014,2014,0
Annual,A,EU framework,EU,Cuba,CU,Person,PER,Ireland,IE,2016,2016,0
Annual,A,EU framework,EU,Cuba,CU,Person,PER,Ireland,IE,2017,2017,0
Annual,A,EU framework,EU,Cuba,CU,Person,PER,Ireland,IE,2018,2018,0
Annual,A,EU framework,EU,Cuba,CU,Person,PER,Ireland,IE,2019,2019,0
Annual,A,EU framework,EU,Cuba,CU,Person,PER,Ireland,IE,2020,2020,0
Annual,A,EU framework,EU,Cuba,CU,Person,PER,Ireland,IE,2021,2021,0
Annual,A,EU framework,EU,Cuba,CU,Person,PER,Ireland,IE,2022,2022,0
Annual,A,EU framework,EU,Cuba,CU,Person,PER,Ireland,IE,2023,2023,0
Annual,A,EU framework,EU,Cuba,CU,Person,PER,Ireland,IE,2024,2024,0
Annual,A,EU framework,EU,Cuba,CU,Person,PER,Ireland,IE,2025,2025,0
Annual,A,EU framework,EU,Dominica,DM,Person,PER,Ireland,IE,2008,2008,1
Annual,A,EU framework,EU,Dominica,DM,Person,PER,Ireland,IE,2009,2009,0
Annual,A,EU framework,EU,Dominica,DM,Person,PER,Ireland,IE,2012,2012,0
Annual,A,EU framework,EU,Dominica,DM,Person,PER,Ireland,IE,2013,2013,0
Annual,A,EU framework,EU,Dominica,DM,Person,PER,Ireland,IE,2014,2014,0
Annual,A,EU framework,EU,Dominica,DM,Person,PER,Ireland,IE,2016,2016,0
Annual,A,EU framework,EU,Dominica,DM,Person,PER,Ireland,IE,2017,2017,0
Annual,A,EU framework,EU,Dominica,DM,Person,PER,Ireland,IE,2018,2018,0
Annual,A,EU framework,EU,Dominica,DM,Person,PER,Ireland,IE,2019,2019,0
Annual,A,EU framework,EU,Dominica,DM,Person,PER,Ireland,IE,2020,2020,0
Annual,A,EU framework,EU,Dominica,DM,Person,PER,Ireland,IE,2021,2021,0
Annual,A,EU framework,EU,Dominica,DM,Person,PER,Ireland,IE,2022,2022,0
Annual,A,EU framework,EU,Dominica,DM,Person,PER,Ireland,IE,2023,2023,0
Annual,A,EU framework,EU,Dominica,DM,Person,PER,Ireland,IE,2024,2024,0
Annual,A,EU framework,EU,Dominica,DM,Person,PER,Ireland,IE,2025,2025,0
Annual,A,EU framework,EU,Dominican Republic,DO,Person,PER,Ireland,IE,2008,2008,0
Annual,A,EU framework,EU,Dominican Republic,DO,Person,PER,Ireland,IE,2009,2009,0
Annual,A,EU framework,EU,Dominican Republic,DO,Person,PER,Ireland,IE,2012,2012,0
Annual,A,EU framework,EU,Dominican Republic,DO,Person,PER,Ireland,IE,2013,2013,0
Annual,A,EU framework,EU,Dominican Republic,DO,Person,PER,Ireland,IE,2014,2014,0
Annual,A,EU framework,EU,Dominican Republic,DO,Person,PER,Ireland,IE,2016,2016,0
Annual,A,EU framework,EU,Dominican Republic,DO,Person,PER,Ireland,IE,2017,2017,0
Annual,A,EU framework,EU,Dominican Republic,DO,Person,PER,Ireland,IE,2018,2018,0
Annual,A,EU framework,EU,Dominican Republic,DO,Person,PER,Ireland,IE,2019,2019,0
Annual,A,EU framework,EU,Dominican Republic,DO,Person,PER,Ireland,IE,2020,2020,0
Annual,A,EU framework,EU,Dominican Republic,DO,Person,PER,Ireland,IE,2021,2021,0
Annual,A,EU framework,EU,Dominican Republic,DO,Person,PER,Ireland,IE,2022,2022,0
Annual,A,EU framework,EU,Dominican Republic,DO,Person,PER,Ireland,IE,2023,2023,0
Annual,A,EU framework,EU,Dominican Republic,DO,Person,PER,Ireland,IE,2024,2024,0
Annual,A,EU framework,EU,Dominican Republic,DO,Person,PER,Ireland,IE,2025,2025,0
Annual,A,EU framework,EU,Grenada,GD,Person,PER,Ireland,IE,2008,2008,0
Annual,A,EU framework,EU,Grenada,GD,Person,PER,Ireland,IE,2009,2009,0
Annual,A,EU framework,EU,Grenada,GD,Person,PER,Ireland,IE,2012,2012,0
Annual,A,EU framework,EU,Grenada,GD,Person,PER,Ireland,IE,2013,2013,0
Annual,A,EU framework,EU,Grenada,GD,Person,PER,Ireland,IE,2014,2014,0
Annual,A,EU framework,EU,Grenada,GD,Person,PER,Ireland,IE,2016,2016,0
Annual,A,EU framework,EU,Grenada,GD,Person,PER,Ireland,IE,2017,2017,0
Annual,A,EU framework,EU,Grenada,GD,Person,PER,Ireland,IE,2018,2018,0
Annual,A,EU framework,EU,Grenada,GD,Person,PER,Ireland,IE,2019,2019,0
Annual,A,EU framework,EU,Grenada,GD,Person,PER,Ireland,IE,2020,2020,0
Annual,A,EU framework,EU,Grenada,GD,Person,PER,Ireland,IE,2021,2021,0
Annual,A,EU framework,EU,Grenada,GD,Person,PER,Ireland,IE,2022,2022,0
Annual,A,EU framework,EU,Grenada,GD,Person,PER,Ireland,IE,2023,2023,0
Annual,A,EU framework,EU,Grenada,GD,Person,PER,Ireland,IE,2024,2024,0
Annual,A,EU framework,EU,Grenada,GD,Person,PER,Ireland,IE,2025,2025,0
Annual,A,EU framework,EU,Haiti,HT,Person,PER,Ireland,IE,2008,2008,0
Annual,A,EU framework,EU,Haiti,HT,Person,PER,Ireland,IE,2009,2009,0
Annual,A,EU framework,EU,Haiti,HT,Person,PER,Ireland,IE,2012,2012,0
Annual,A,EU framework,EU,Haiti,HT,Person,PER,Ireland,IE,2013,2013,0
Annual,A,EU framework,EU,Haiti,HT,Person,PER,Ireland,IE,2014,2014,0
Annual,A,EU framework,EU,Haiti,HT,Person,PER,Ireland,IE,2016,2016,0
Annual,A,EU framework,EU,Haiti,HT,Person,PER,Ireland,IE,2017,2017,0
Annual,A,EU framework,EU,Haiti,HT,Person,PER,Ireland,IE,2018,2018,0
Annual,A,EU framework,EU,Haiti,HT,Person,PER,Ireland,IE,2019,2019,0
Annual,A,EU framework,EU,Haiti,HT,Person,PER,Ireland,IE,2020,2020,0
Annual,A,EU framework,EU,Haiti,HT,Person,PER,Ireland,IE,2021,2021,0
Annual,A,EU framework,EU,Haiti,HT,Person,PER,Ireland,IE,2022,2022,0
Annual,A,EU framework,EU,Haiti,HT,Person,PER,Ireland,IE,2023,2023,0
Annual,A,EU framework,EU,Haiti,HT,Person,PER,Ireland,IE,2024,2024,0
Annual,A,EU framework,EU,Haiti,HT,Person,PER,Ireland,IE,2025,2025,0
Annual,A,EU framework,EU,Jamaica,JM,Person,PER,Ireland,IE,2008,2008,16
Annual,A,EU framework,EU,Jamaica,JM,Person,PER,Ireland,IE,2009,2009,12
Annual,A,EU framework,EU,Jamaica,JM,Person,PER,Ireland,IE,2012,2012,0
Annual,A,EU framework,EU,Jamaica,JM,Person,PER,Ireland,IE,2013,2013,0
Annual,A,EU framework,EU,Jamaica,JM,Person,PER,Ireland,IE,2014,2014,0
Annual,A,EU framework,EU,Jamaica,JM,Person,PER,Ireland,IE,2016,2016,0
Annual,A,EU framework,EU,Jamaica,JM,Person,PER,Ireland,IE,2017,2017,0
Annual,A,EU framework,EU,Jamaica,JM,Person,PER,Ireland,IE,2018,2018,0
Annual,A,EU framework,EU,Jamaica,JM,Person,PER,Ireland,IE,2019,2019,0
Annual,A,EU framework,EU,Jamaica,JM,Person,PER,Ireland,IE,2020,2020,0
Annual,A,EU framework,EU,Jamaica,JM,Person,PER,Ireland,IE,2021,2021,0
Annual,A,EU framework,EU,Jamaica,JM,Person,PER,Ireland,IE,2022,2022,0
Annual,A,EU framework,EU,Jamaica,JM,Person,PER,Ireland,IE,2023,2023,0
Annual,A,EU framework,EU,Jamaica,JM,Person,PER,Ireland,IE,2024,2024,0
Annual,A,EU framework,EU,Jamaica,JM,Person,PER,Ireland,IE,2025,2025,0
Annual,A,EU framework,EU,Saint Kitts and Nevis,KN,Person,PER,Ireland,IE,2008,2008,0
Annual,A,EU framework,EU,Saint Kitts and Nevis,KN,Person,PER,Ireland,IE,2009,2009,0
Annual,A,EU framework,EU,Saint Kitts and Nevis,KN,Person,PER,Ireland,IE,2012,2012,0
Annual,A,EU framework,EU,Saint Kitts and Nevis,KN,Person,PER,Ireland,IE,2013,2013,0
Annual,A,EU framework,EU,Saint Kitts and Nevis,KN,Person,PER,Ireland,IE,2014,2014,0
Annual,A,EU framework,EU,Saint Kitts and Nevis,KN,Person,PER,Ireland,IE,2016,2016,0
Annual,A,EU framework,EU,Saint Kitts and Nevis,KN,Person,PER,Ireland,IE,2017,2017,0
Annual,A,EU framework,EU,Saint Kitts and Nevis,KN,Person,PER,Ireland,IE,2018,2018,0
Annual,A,EU framework,EU,Saint Kitts and Nevis,KN,Person,PER,Ireland,IE,2019,2019,0
Annual,A,EU framework,EU,Saint Kitts and Nevis,KN,Person,PER,Ireland,IE,2020,2020,0
Annual,A,EU framework,EU,Saint Kitts and Nevis,KN,Person,PER,Ireland,IE,2021,2021,0
Annual,A,EU framework,EU,Saint Kitts and Nevis,KN,Person,PER,Ireland,IE,2022,2022,0
Annual,A,EU framework,EU,Saint Kitts and Nevis,KN,Person,PER,Ireland,IE,2023,2023,0
Annual,A,EU framework,EU,Saint Kitts and Nevis,KN,Person,PER,Ireland,IE,2024,2024,0
Annual,A,EU framework,EU,Saint Kitts and Nevis,KN,Person,PER,Ireland,IE,2025,2025,0
Annual,A,EU framework,EU,Saint Lucia,LC,Person,PER,Ireland,IE,2008,2008,0
Annual,A,EU framework,EU,Saint Lucia,LC,Person,PER,Ireland,IE,2009,2009,0
Annual,A,EU framework,EU,Saint Lucia,LC,Person,PER,Ireland,IE,2012,2012,0
Annual,A,EU framework,EU,Saint Lucia,LC,Person,PER,Ireland,IE,2013,2013,0
Annual,A,EU framework,EU,Saint Lucia,LC,Person,PER,Ireland,IE,2014,2014,0
Annual,A,EU framework,EU,Saint Lucia,LC,Person,PER,Ireland,IE,2016,2016,0
Annual,A,EU framework,EU,Saint Lucia,LC,Person,PER,Ireland,IE,2017,2017,0
Annual,A,EU framework,EU,Saint Lucia,LC,Person,PER,Ireland,IE,2018,2018,0
Annual,A,EU framework,EU,Saint Lucia,LC,Person,PER,Ireland,IE,2019,2019,0
Annual,A,EU framework,EU,Saint Lucia,LC,Person,PER,Ireland,IE,2020,2020,0
Annual,A,EU framework,EU,Saint Lucia,LC,Person,PER,Ireland,IE,2021,2021,0
Annual,A,EU framework,EU,Saint Lucia,LC,Person,PER,Ireland,IE,2022,2022,0
Annual,A,EU framework,EU,Saint Lucia,LC,Person,PER,Ireland,IE,2023,2023,0
Annual,A,EU framework,EU,Saint Lucia,LC,Person,PER,Ireland,IE,2024,2024,0
Annual,A,EU framework,EU,Saint Lucia,LC,Person,PER,Ireland,IE,2025,2025,0
Annual,A,EU framework,EU,Saint Vincent and the Grenadines,VC,Person,PER,Ireland,IE,2008,2008,0
Annual,A,EU framework,EU,Saint Vincent and the Grenadines,VC,Person,PER,Ireland,IE,2009,2009,0
Annual,A,EU framework,EU,Saint Vincent and the Grenadines,VC,Person,PER,Ireland,IE,2012,2012,0
Annual,A,EU framework,EU,Saint Vincent and the Grenadines,VC,Person,PER,Ireland,IE,2013,2013,0
Annual,A,EU framework,EU,Saint Vincent and the Grenadines,VC,Person,PER,Ireland,IE,2014,2014,0
Annual,A,EU framework,EU,Saint Vincent and the Grenadines,VC,Person,PER,Ireland,IE,2016,2016,0
Annual,A,EU framework,EU,Saint Vincent and the Grenadines,VC,Person,PER,Ireland,IE,2017,2017,0
Annual,A,EU framework,EU,Saint Vincent and the Grenadines,VC,Person,PER,Ireland,IE,2018,2018,0
Annual,A,EU framework,EU,Saint Vincent and the Grenadines,VC,Person,PER,Ireland,IE,2019,2019,0
Annual,A,EU framework,EU,Saint Vincent and the Grenadines,VC,Person,PER,Ireland,IE,2020,2020,0
Annual,A,EU framework,EU,Saint Vincent and the Grenadines,VC,Person,PER,Ireland,IE,2021,2021,0
Annual,A,EU framework,EU,Saint Vincent and the Grenadines,VC,Person,PER,Ireland,IE,2022,2022,0
Annual,A,EU framework,EU,Saint Vincent and the Grenadines,VC,Person,PER,Ireland,IE,2023,2023,0
Annual,A,EU framework,EU,Saint Vincent and the Grenadines,VC,Person,PER,Ireland,IE,2024,2024,0
Annual,A,EU framework,EU,Saint Vincent and the Grenadines,VC,Person,PER,Ireland,IE,2025,2025,0
Annual,A,EU framework,EU,Trinidad and Tobago,TT,Person,PER,Ireland,IE,2008,2008,2
Annual,A,EU framework,EU,Trinidad and Tobago,TT,Person,PER,Ireland,IE,2009,2009,2
Annual,A,EU framework,EU,Trinidad and Tobago,TT,Person,PER,Ireland,IE,2012,2012,0
Annual,A,EU framework,EU,Trinidad and Tobago,TT,Person,PER,Ireland,IE,2013,2013,0
Annual,A,EU framework,EU,Trinidad and Tobago,TT,Person,PER,Ireland,IE,2014,2014,0
Annual,A,EU framework,EU,Trinidad and Tobago,TT,Person,PER,Ireland,IE,2016,2016,0
Annual,A,EU framework,EU,Trinidad and Tobago,TT,Person,PER,Ireland,IE,2017,2017,0
Annual,A,EU framework,EU,Trinidad and Tobago,TT,Person,PER,Ireland,IE,2018,2018,0
Annual,A,EU framework,EU,Trinidad and Tobago,TT,Person,PER,Ireland,IE,2019,2019,0
Annual,A,EU framework,EU,Trinidad and Tobago,TT,Person,PER,Ireland,IE,2020,2020,0
Annual,A,EU framework,EU,Trinidad and Tobago,TT,Person,PER,Ireland,IE,2021,2021,0
Annual,A,EU framework,EU,Trinidad and Tobago,TT,Person,PER,Ireland,IE,2022,2022,0
Annual,A,EU framework,EU,Trinidad and Tobago,TT,Person,PER,Ireland,IE,2023,2023,0
Annual,A,EU framework,EU,Trinidad and Tobago,TT,Person,PER,Ireland,IE,2024,2024,0
Annual,A,EU framework,EU,Trinidad and Tobago,TT,Person,PER,Ireland,IE,2025,2025,0
Annual,A,EU framework,EU,Belize,BZ,Person,PER,Ireland,IE,2008,2008,0
Annual,A,EU framework,EU,Belize,BZ,Person,PER,Ireland,IE,2009,2009,0
Annual,A,EU framework,EU,Belize,BZ,Person,PER,Ireland,IE,2012,2012,0
Annual,A,EU framework,EU,Belize,BZ,Person,PER,Ireland,IE,2013,2013,0
Annual,A,EU framework,EU,Belize,BZ,Person,PER,Ireland,IE,2014,2014,0
Annual,A,EU framework,EU,Belize,BZ,Person,PER,Ireland,IE,2016,2016,0
Annual,A,EU framework,EU,Belize,BZ,Person,PER,Ireland,IE,2017,2017,0
Annual,A,EU framework,EU,Belize,BZ,Person,PER,Ireland,IE,2018,2018,0
Annual,A,EU framework,EU,Belize,BZ,Person,PER,Ireland,IE,2019,2019,0
Annual,A,EU framework,EU,Belize,BZ,Person,PER,Ireland,IE,2020,2020,0
Annual,A,EU framework,EU,Belize,BZ,Person,PER,Ireland,IE,2021,2021,0
Annual,A,EU framework,EU,Belize,BZ,Person,PER,Ireland,IE,2022,2022,0
Annual,A,EU framework,EU,Belize,BZ,Person,PER,Ireland,IE,2023,2023,0
Annual,A,EU framework,EU,Belize,BZ,Person,PER,Ireland,IE,2024,2024,0
Annual,A,EU framework,EU,Belize,BZ,Person,PER,Ireland,IE,2025,2025,0
Annual,A,EU framework,EU,Costa Rica,CR,Person,PER,Ireland,IE,2008,2008,0
Annual,A,EU framework,EU,Costa Rica,CR,Person,PER,Ireland,IE,2009,2009,0
Annual,A,EU framework,EU,Costa Rica,CR,Person,PER,Ireland,IE,2012,2012,0
Annual,A,EU framework,EU,Costa Rica,CR,Person,PER,Ireland,IE,2013,2013,0
Annual,A,EU framework,EU,Costa Rica,CR,Person,PER,Ireland,IE,2014,2014,0
Annual,A,EU framework,EU,Costa Rica,CR,Person,PER,Ireland,IE,2016,2016,0
Annual,A,EU framework,EU,Costa Rica,CR,Person,PER,Ireland,IE,2017,2017,0
Annual,A,EU framework,EU,Costa Rica,CR,Person,PER,Ireland,IE,2018,2018,0
Annual,A,EU framework,EU,Costa Rica,CR,Person,PER,Ireland,IE,2019,2019,0
Annual,A,EU framework,EU,Costa Rica,CR,Person,PER,Ireland,IE,2020,2020,0
Annual,A,EU framework,EU,Costa Rica,CR,Person,PER,Ireland,IE,2021,2021,0
Annual,A,EU framework,EU,Costa Rica,CR,Person,PER,Ireland,IE,2022,2022,0
Annual,A,EU framework,EU,Costa Rica,CR,Person,PER,Ireland,IE,2023,2023,0
Annual,A,EU framework,EU,Costa Rica,CR,Person,PER,Ireland,IE,2024,2024,0
Annual,A,EU framework,EU,Costa Rica,CR,Person,PER,Ireland,IE,2025,2025,0
Annual,A,EU framework,EU,El Salvador,SV,Person,PER,Ireland,IE,2008,2008,1
Annual,A,EU framework,EU,El Salvador,SV,Person,PER,Ireland,IE,2009,2009,0
Annual,A,EU framework,EU,El Salvador,SV,Person,PER,Ireland,IE,2012,2012,0
Annual,A,EU framework,EU,El Salvador,SV,Person,PER,Ireland,IE,2013,2013,0
Annual,A,EU framework,EU,El Salvador,SV,Person,PER,Ireland,IE,2014,2014,0
Annual,A,EU framework,EU,El Salvador,SV,Person,PER,Ireland,IE,2016,2016,0
Annual,A,EU framework,EU,El Salvador,SV,Person,PER,Ireland,IE,2017,2017,0
Annual,A,EU framework,EU,El Salvador,SV,Person,PER,Ireland,IE,2018,2018,0
Annual,A,EU framework,EU,El Salvador,SV,Person,PER,Ireland,IE,2019,2019,0
Annual,A,EU framework,EU,El Salvador,SV,Person,PER,Ireland,IE,2020,2020,0
Annual,A,EU framework,EU,El Salvador,SV,Person,PER,Ireland,IE,2021,2021,0
Annual,A,EU framework,EU,El Salvador,SV,Person,PER,Ireland,IE,2022,2022,0
Annual,A,EU framework,EU,El Salvador,SV,Person,PER,Ireland,IE,2023,2023,0
Annual,A,EU framework,EU,El Salvador,SV,Person,PER,Ireland,IE,2024,2024,0
Annual,A,EU framework,EU,El Salvador,SV,Person,PER,Ireland,IE,2025,2025,0
Annual,A,EU framework,EU,Guatemala,GT,Person,PER,Ireland,IE,2008,2008,0
Annual,A,EU framework,EU,Guatemala,GT,Person,PER,Ireland,IE,2009,2009,0
Annual,A,EU framework,EU,Guatemala,GT,Person,PER,Ireland,IE,2012,2012,0
Annual,A,EU framework,EU,Guatemala,GT,Person,PER,Ireland,IE,2013,2013,0
Annual,A,EU framework,EU,Guatemala,GT,Person,PER,Ireland,IE,2014,2014,0
Annual,A,EU framework,EU,Guatemala,GT,Person,PER,Ireland,IE,2016,2016,0
Annual,A,EU framework,EU,Guatemala,GT,Person,PER,Ireland,IE,2017,2017,0
Annual,A,EU framework,EU,Guatemala,GT,Person,PER,Ireland,IE,2018,2018,0
Annual,A,EU framework,EU,Guatemala,GT,Person,PER,Ireland,IE,2019,2019,0
Annual,A,EU framework,EU,Guatemala,GT,Person,PER,Ireland,IE,2020,2020,0
Annual,A,EU framework,EU,Guatemala,GT,Person,PER,Ireland,IE,2021,2021,0
Annual,A,EU framework,EU,Guatemala,GT,Person,PER,Ireland,IE,2022,2022,0
Annual,A,EU framework,EU,Guatemala,GT,Person,PER,Ireland,IE,2023,2023,0
Annual,A,EU framework,EU,Guatemala,GT,Person,PER,Ireland,IE,2024,2024,0
Annual,A,EU framework,EU,Guatemala,GT,Person,PER,Ireland,IE,2025,2025,0
Annual,A,EU framework,EU,Honduras,HN,Person,PER,Ireland,IE,2008,2008,2
Annual,A,EU framework,EU,Honduras,HN,Person,PER,Ireland,IE,2009,2009,2
Annual,A,EU framework,EU,Honduras,HN,Person,PER,Ireland,IE,2012,2012,0
Annual,A,EU framework,EU,Honduras,HN,Person,PER,Ireland,IE,2013,2013,0
Annual,A,EU framework,EU,Honduras,HN,Person,PER,Ireland,IE,2014,2014,0
Annual,A,EU framework,EU,Honduras,HN,Person,PER,Ireland,IE,2016,2016,0
Annual,A,EU framework,EU,Honduras,HN,Person,PER,Ireland,IE,2017,2017,0
Annual,A,EU framework,EU,Honduras,HN,Person,PER,Ireland,IE,2018,2018,0
Annual,A,EU framework,EU,Honduras,HN,Person,PER,Ireland,IE,2019,2019,0
Annual,A,EU framework,EU,Honduras,HN,Person,PER,Ireland,IE,2020,2020,0
Annual,A,EU framework,EU,Honduras,HN,Person,PER,Ireland,IE,2021,2021,0
Annual,A,EU framework,EU,Honduras,HN,Person,PER,Ireland,IE,2022,2022,0
Annual,A,EU framework,EU,Honduras,HN,Person,PER,Ireland,IE,2023,2023,0
Annual,A,EU framework,EU,Honduras,HN,Person,PER,Ireland,IE,2024,2024,0
Annual,A,EU framework,EU,Honduras,HN,Person,PER,Ireland,IE,2025,2025,0
Annual,A,EU framework,EU,Mexico,MX,Person,PER,Ireland,IE,2008,2008,14
Annual,A,EU framework,EU,Mexico,MX,Person,PER,Ireland,IE,2009,2009,10
Annual,A,EU framework,EU,Mexico,MX,Person,PER,Ireland,IE,2012,2012,0
Annual,A,EU framework,EU,Mexico,MX,Person,PER,Ireland,IE,2013,2013,0
Annual,A,EU framework,EU,Mexico,MX,Person,PER,Ireland,IE,2014,2014,0
Annual,A,EU framework,EU,Mexico,MX,Person,PER,Ireland,IE,2016,2016,0
Annual,A,EU framework,EU,Mexico,MX,Person,PER,Ireland,IE,2017,2017,0
Annual,A,EU framework,EU,Mexico,MX,Person,PER,Ireland,IE,2018,2018,0
Annual,A,EU framework,EU,Mexico,MX,Person,PER,Ireland,IE,2019,2019,0
Annual,A,EU framework,EU,Mexico,MX,Person,PER,Ireland,IE,2020,2020,0
Annual,A,EU framework,EU,Mexico,MX,Person,PER,Ireland,IE,2021,2021,0
Annual,A,EU framework,EU,Mexico,MX,Person,PER,Ireland,IE,2022,2022,0
Annual,A,EU framework,EU,Mexico,MX,Person,PER,Ireland,IE,2023,2023,0
Annual,A,EU framework,EU,Mexico,MX,Person,PER,Ireland,IE,2024,2024,0
Annual,A,EU framework,EU,Mexico,MX,Person,PER,Ireland,IE,2025,2025,0
Annual,A,EU framework,EU,Nicaragua,NI,Person,PER,Ireland,IE,2008,2008,1
Annual,A,EU framework,EU,Nicaragua,NI,Person,PER,Ireland,IE,2009,2009,0
Annual,A,EU framework,EU,Nicaragua,NI,Person,PER,Ireland,IE,2012,2012,0
Annual,A,EU framework,EU,Nicaragua,NI,Person,PER,Ireland,IE,2013,2013,0
Annual,A,EU framework,EU,Nicaragua,NI,Person,PER,Ireland,IE,2014,2014,0
Annual,A,EU framework,EU,Nicaragua,NI,Person,PER,Ireland,IE,2016,2016,0
Annual,A,EU framework,EU,Nicaragua,NI,Person,PER,Ireland,IE,2017,2017,0
Annual,A,EU framework,EU,Nicaragua,NI,Person,PER,Ireland,IE,2018,2018,0
Annual,A,EU framework,EU,Nicaragua,NI,Person,PER,Ireland,IE,2019,2019,0
Annual,A,EU framework,EU,Nicaragua,NI,Person,PER,Ireland,IE,2020,2020,0
Annual,A,EU framework,EU,Nicaragua,NI,Person,PER,Ireland,IE,2021,2021,0
Annual,A,EU framework,EU,Nicaragua,NI,Person,PER,Ireland,IE,2022,2022,0
Annual,A,EU framework,EU,Nicaragua,NI,Person,PER,Ireland,IE,2023,2023,0
Annual,A,EU framework,EU,Nicaragua,NI,Person,PER,Ireland,IE,2024,2024,0
Annual,A,EU framework,EU,Nicaragua,NI,Person,PER,Ireland,IE,2025,2025,0
Annual,A,EU framework,EU,Panama,PA,Person,PER,Ireland,IE,2008,2008,0
Annual,A,EU framework,EU,Panama,PA,Person,PER,Ireland,IE,2009,2009,0
Annual,A,EU framework,EU,Panama,PA,Person,PER,Ireland,IE,2012,2012,0
Annual,A,EU framework,EU,Panama,PA,Person,PER,Ireland,IE,2013,2013,0
Annual,A,EU framework,EU,Panama,PA,Person,PER,Ireland,IE,2014,2014,0
Annual,A,EU framework,EU,Panama,PA,Person,PER,Ireland,IE,2016,2016,0
Annual,A,EU framework,EU,Panama,PA,Person,PER,Ireland,IE,2017,2017,0
Annual,A,EU framework,EU,Panama,PA,Person,PER,Ireland,IE,2018,2018,0
Annual,A,EU framework,EU,Panama,PA,Person,PER,Ireland,IE,2019,2019,0
Annual,A,EU framework,EU,Panama,PA,Person,PER,Ireland,IE,2020,2020,0
Annual,A,EU framework,EU,Panama,PA,Person,PER,Ireland,IE,2021,2021,0
Annual,A,EU framework,EU,Panama,PA,Person,PER,Ireland,IE,2022,2022,0
Annual,A,EU framework,EU,Panama,PA,Person,PER,Ireland,IE,2023,2023,0
Annual,A,EU framework,EU,Panama,PA,Person,PER,Ireland,IE,2024,2024,0
Annual,A,EU framework,EU,Panama,PA,Person,PER,Ireland,IE,2025,2025,0
Annual,A,EU framework,EU,Argentina,AR,Person,PER,Ireland,IE,2008,2008,5
Annual,A,EU framework,EU,Argentina,AR,Person,PER,Ireland,IE,2009,2009,3
Annual,A,EU framework,EU,Argentina,AR,Person,PER,Ireland,IE,2012,2012,0
Annual,A,EU framework,EU,Argentina,AR,Person,PER,Ireland,IE,2013,2013,0
Annual,A,EU framework,EU,Argentina,AR,Person,PER,Ireland,IE,2014,2014,0
Annual,A,EU framework,EU,Argentina,AR,Person,PER,Ireland,IE,2016,2016,0
Annual,A,EU framework,EU,Argentina,AR,Person,PER,Ireland,IE,2017,2017,0
Annual,A,EU framework,EU,Argentina,AR,Person,PER,Ireland,IE,2018,2018,0
Annual,A,EU framework,EU,Argentina,AR,Person,PER,Ireland,IE,2019,2019,0
Annual,A,EU framework,EU,Argentina,AR,Person,PER,Ireland,IE,2020,2020,0
Annual,A,EU framework,EU,Argentina,AR,Person,PER,Ireland,IE,2021,2021,0
Annual,A,EU framework,EU,Argentina,AR,Person,PER,Ireland,IE,2022,2022,0
Annual,A,EU framework,EU,Argentina,AR,Person,PER,Ireland,IE,2023,2023,0
Annual,A,EU framework,EU,Argentina,AR,Person,PER,Ireland,IE,2024,2024,0
Annual,A,EU framework,EU,Argentina,AR,Person,PER,Ireland,IE,2025,2025,0
Annual,A,EU framework,EU,Bolivia,BO,Person,PER,Ireland,IE,2008,2008,3
Annual,A,EU framework,EU,Bolivia,BO,Person,PER,Ireland,IE,2009,2009,2
Annual,A,EU framework,EU,Bolivia,BO,Person,PER,Ireland,IE,2012,2012,0
Annual,A,EU framework,EU,Bolivia,BO,Person,PER,Ireland,IE,2013,2013,0
Annual,A,EU framework,EU,Bolivia,BO,Person,PER,Ireland,IE,2014,2014,0
Annual,A,EU framework,EU,Bolivia,BO,Person,PER,Ireland,IE,2016,2016,0
Annual,A,EU framework,EU,Bolivia,BO,Person,PER,Ireland,IE,2017,2017,0
Annual,A,EU framework,EU,Bolivia,BO,Person,PER,Ireland,IE,2018,2018,0
Annual,A,EU framework,EU,Bolivia,BO,Person,PER,Ireland,IE,2019,2019,0
Annual,A,EU framework,EU,Bolivia,BO,Person,PER,Ireland,IE,2020,2020,0
Annual,A,EU framework,EU,Bolivia,BO,Person,PER,Ireland,IE,2021,2021,0
Annual,A,EU framework,EU,Bolivia,BO,Person,PER,Ireland,IE,2022,2022,0
Annual,A,EU framework,EU,Bolivia,BO,Person,PER,Ireland,IE,2023,2023,0
Annual,A,EU framework,EU,Bolivia,BO,Person,PER,Ireland,IE,2024,2024,0
Annual,A,EU framework,EU,Bolivia,BO,Person,PER,Ireland,IE,2025,2025,0
Annual,A,EU framework,EU,Brazil,BR,Person,PER,Ireland,IE,2008,2008,7
Annual,A,EU framework,EU,Brazil,BR,Person,PER,Ireland,IE,2009,2009,10
Annual,A,EU framework,EU,Brazil,BR,Person,PER,Ireland,IE,2012,2012,0
Annual,A,EU framework,EU,Brazil,BR,Person,PER,Ireland,IE,2013,2013,0
Annual,A,EU framework,EU,Brazil,BR,Person,PER,Ireland,IE,2014,2014,0
Annual,A,EU framework,EU,Brazil,BR,Person,PER,Ireland,IE,2016,2016,0
Annual,A,EU framework,EU,Brazil,BR,Person,PER,Ireland,IE,2017,2017,0
Annual,A,EU framework,EU,Brazil,BR,Person,PER,Ireland,IE,2018,2018,0
Annual,A,EU framework,EU,Brazil,BR,Person,PER,Ireland,IE,2019,2019,0
Annual,A,EU framework,EU,Brazil,BR,Person,PER,Ireland,IE,2020,2020,0
Annual,A,EU framework,EU,Brazil,BR,Person,PER,Ireland,IE,2021,2021,0
Annual,A,EU framework,EU,Brazil,BR,Person,PER,Ireland,IE,2022,2022,0
Annual,A,EU framework,EU,Brazil,BR,Person,PER,Ireland,IE,2023,2023,0
Annual,A,EU framework,EU,Brazil,BR,Person,PER,Ireland,IE,2024,2024,0
Annual,A,EU framework,EU,Brazil,BR,Person,PER,Ireland,IE,2025,2025,0
Annual,A,EU framework,EU,Chile,CL,Person,PER,Ireland,IE,2008,2008,1
Annual,A,EU framework,EU,Chile,CL,Person,PER,Ireland,IE,2009,2009,1
Annual,A,EU framework,EU,Chile,CL,Person,PER,Ireland,IE,2012,2012,0
Annual,A,EU framework,EU,Chile,CL,Person,PER,Ireland,IE,2013,2013,0
Annual,A,EU framework,EU,Chile,CL,Person,PER,Ireland,IE,2014,2014,0
Annual,A,EU framework,EU,Chile,CL,Person,PER,Ireland,IE,2016,2016,0
Annual,A,EU framework,EU,Chile,CL,Person,PER,Ireland,IE,2017,2017,0
Annual,A,EU framework,EU,Chile,CL,Person,PER,Ireland,IE,2018,2018,0
Annual,A,EU framework,EU,Chile,CL,Person,PER,Ireland,IE,2019,2019,0
Annual,A,EU framework,EU,Chile,CL,Person,PER,Ireland,IE,2020,2020,0
Annual,A,EU framework,EU,Chile,CL,Person,PER,Ireland,IE,2021,2021,0
Annual,A,EU framework,EU,Chile,CL,Person,PER,Ireland,IE,2022,2022,0
Annual,A,EU framework,EU,Chile,CL,Person,PER,Ireland,IE,2023,2023,0
Annual,A,EU framework,EU,Chile,CL,Person,PER,Ireland,IE,2024,2024,0
Annual,A,EU framework,EU,Chile,CL,Person,PER,Ireland,IE,2025,2025,0
Annual,A,EU framework,EU,Colombia,CO,Person,PER,Ireland,IE,2008,2008,27
Annual,A,EU framework,EU,Colombia,CO,Person,PER,Ireland,IE,2009,2009,8
Annual,A,EU framework,EU,Colombia,CO,Person,PER,Ireland,IE,2012,2012,0
Annual,A,EU framework,EU,Colombia,CO,Person,PER,Ireland,IE,2013,2013,0
Annual,A,EU framework,EU,Colombia,CO,Person,PER,Ireland,IE,2014,2014,0
Annual,A,EU framework,EU,Colombia,CO,Person,PER,Ireland,IE,2016,2016,0
Annual,A,EU framework,EU,Colombia,CO,Person,PER,Ireland,IE,2017,2017,0
Annual,A,EU framework,EU,Colombia,CO,Person,PER,Ireland,IE,2018,2018,0
Annual,A,EU framework,EU,Colombia,CO,Person,PER,Ireland,IE,2019,2019,0
Annual,A,EU framework,EU,Colombia,CO,Person,PER,Ireland,IE,2020,2020,0
Annual,A,EU framework,EU,Colombia,CO,Person,PER,Ireland,IE,2021,2021,0
Annual,A,EU framework,EU,Colombia,CO,Person,PER,Ireland,IE,2022,2022,0
Annual,A,EU framework,EU,Colombia,CO,Person,PER,Ireland,IE,2023,2023,0
Annual,A,EU framework,EU,Colombia,CO,Person,PER,Ireland,IE,2024,2024,0
Annual,A,EU framework,EU,Colombia,CO,Person,PER,Ireland,IE,2025,2025,0
Annual,A,EU framework,EU,Ecuador,EC,Person,PER,Ireland,IE,2008,2008,8
Annual,A,EU framework,EU,Ecuador,EC,Person,PER,Ireland,IE,2009,2009,3
Annual,A,EU framework,EU,Ecuador,EC,Person,PER,Ireland,IE,2012,2012,0
Annual,A,EU framework,EU,Ecuador,EC,Person,PER,Ireland,IE,2013,2013,0
Annual,A,EU framework,EU,Ecuador,EC,Person,PER,Ireland,IE,2014,2014,0
Annual,A,EU framework,EU,Ecuador,EC,Person,PER,Ireland,IE,2016,2016,0
Annual,A,EU framework,EU,Ecuador,EC,Person,PER,Ireland,IE,2017,2017,0
Annual,A,EU framework,EU,Ecuador,EC,Person,PER,Ireland,IE,2018,2018,0
Annual,A,EU framework,EU,Ecuador,EC,Person,PER,Ireland,IE,2019,2019,0
Annual,A,EU framework,EU,Ecuador,EC,Person,PER,Ireland,IE,2020,2020,0
Annual,A,EU framework,EU,Ecuador,EC,Person,PER,Ireland,IE,2021,2021,0
Annual,A,EU framework,EU,Ecuador,EC,Person,PER,Ireland,IE,2022,2022,0
Annual,A,EU framework,EU,Ecuador,EC,Person,PER,Ireland,IE,2023,2023,0
Annual,A,EU framework,EU,Ecuador,EC,Person,PER,Ireland,IE,2024,2024,0
Annual,A,EU framework,EU,Ecuador,EC,Person,PER,Ireland,IE,2025,2025,0
Annual,A,EU framework,EU,Guyana,GY,Person,PER,Ireland,IE,2008,2008,0
Annual,A,EU framework,EU,Guyana,GY,Person,PER,Ireland,IE,2009,2009,0
Annual,A,EU framework,EU,Guyana,GY,Person,PER,Ireland,IE,2012,2012,0
Annual,A,EU framework,EU,Guyana,GY,Person,PER,Ireland,IE,2013,2013,0
Annual,A,EU framework,EU,Guyana,GY,Person,PER,Ireland,IE,2014,2014,0
Annual,A,EU framework,EU,Guyana,GY,Person,PER,Ireland,IE,2016,2016,0
Annual,A,EU framework,EU,Guyana,GY,Person,PER,Ireland,IE,2017,2017,0
Annual,A,EU framework,EU,Guyana,GY,Person,PER,Ireland,IE,2018,2018,0
Annual,A,EU framework,EU,Guyana,GY,Person,PER,Ireland,IE,2019,2019,0
Annual,A,EU framework,EU,Guyana,GY,Person,PER,Ireland,IE,2020,2020,0
Annual,A,EU framework,EU,Guyana,GY,Person,PER,Ireland,IE,2021,2021,0
Annual,A,EU framework,EU,Guyana,GY,Person,PER,Ireland,IE,2022,2022,0
Annual,A,EU framework,EU,Guyana,GY,Person,PER,Ireland,IE,2023,2023,0
Annual,A,EU framework,EU,Guyana,GY,Person,PER,Ireland,IE,2024,2024,0
Annual,A,EU framework,EU,Guyana,GY,Person,PER,Ireland,IE,2025,2025,0
Annual,A,EU framework,EU,Paraguay,PY,Person,PER,Ireland,IE,2008,2008,0
Annual,A,EU framework,EU,Paraguay,PY,Person,PER,Ireland,IE,2009,2009,0
Annual,A,EU framework,EU,Paraguay,PY,Person,PER,Ireland,IE,2012,2012,0
Annual,A,EU framework,EU,Paraguay,PY,Person,PER,Ireland,IE,2013,2013,0
Annual,A,EU framework,EU,Paraguay,PY,Person,PER,Ireland,IE,2014,2014,0
Annual,A,EU framework,EU,Paraguay,PY,Person,PER,Ireland,IE,2016,2016,0
Annual,A,EU framework,EU,Paraguay,PY,Person,PER,Ireland,IE,2017,2017,0
Annual,A,EU framework,EU,Paraguay,PY,Person,PER,Ireland,IE,2018,2018,0
Annual,A,EU framework,EU,Paraguay,PY,Person,PER,Ireland,IE,2019,2019,0
Annual,A,EU framework,EU,Paraguay,PY,Person,PER,Ireland,IE,2020,2020,0
Annual,A,EU framework,EU,Paraguay,PY,Person,PER,Ireland,IE,2021,2021,0
Annual,A,EU framework,EU,Paraguay,PY,Person,PER,Ireland,IE,2022,2022,0
Annual,A,EU framework,EU,Paraguay,PY,Person,PER,Ireland,IE,2023,2023,0
Annual,A,EU framework,EU,Paraguay,PY,Person,PER,Ireland,IE,2024,2024,0
Annual,A,EU framework,EU,Paraguay,PY,Person,PER,Ireland,IE,2025,2025,0
Annual,A,EU framework,EU,Peru,PE,Person,PER,Ireland,IE,2008,2008,1
Annual,A,EU framework,EU,Peru,PE,Person,PER,Ireland,IE,2009,2009,1
Annual,A,EU framework,EU,Peru,PE,Person,PER,Ireland,IE,2012,2012,0
Annual,A,EU framework,EU,Peru,PE,Person,PER,Ireland,IE,2013,2013,0
Annual,A,EU framework,EU,Peru,PE,Person,PER,Ireland,IE,2014,2014,0
Annual,A,EU framework,EU,Peru,PE,Person,PER,Ireland,IE,2016,2016,0
Annual,A,EU framework,EU,Peru,PE,Person,PER,Ireland,IE,2017,2017,0
Annual,A,EU framework,EU,Peru,PE,Person,PER,Ireland,IE,2018,2018,0
Annual,A,EU framework,EU,Peru,PE,Person,PER,Ireland,IE,2019,2019,0
Annual,A,EU framework,EU,Peru,PE,Person,PER,Ireland,IE,2020,2020,0
Annual,A,EU framework,EU,Peru,PE,Person,PER,Ireland,IE,2021,2021,0
Annual,A,EU framework,EU,Peru,PE,Person,PER,Ireland,IE,2022,2022,0
Annual,A,EU framework,EU,Peru,PE,Person,PER,Ireland,IE,2023,2023,0
Annual,A,EU framework,EU,Peru,PE,Person,PER,Ireland,IE,2024,2024,0
Annual,A,EU framework,EU,Peru,PE,Person,PER,Ireland,IE,2025,2025,0
Annual,A,EU framework,EU,Suriname,SR,Person,PER,Ireland,IE,2008,2008,0
Annual,A,EU framework,EU,Suriname,SR,Person,PER,Ireland,IE,2009,2009,0
Annual,A,EU framework,EU,Suriname,SR,Person,PER,Ireland,IE,2012,2012,0
Annual,A,EU framework,EU,Suriname,SR,Person,PER,Ireland,IE,2013,2013,0
Annual,A,EU framework,EU,Suriname,SR,Person,PER,Ireland,IE,2014,2014,0
Annual,A,EU framework,EU,Suriname,SR,Person,PER,Ireland,IE,2016,2016,0
Annual,A,EU framework,EU,Suriname,SR,Person,PER,Ireland,IE,2017,2017,0
Annual,A,EU framework,EU,Suriname,SR,Person,PER,Ireland,IE,2018,2018,0
Annual,A,EU framework,EU,Suriname,SR,Person,PER,Ireland,IE,2019,2019,0
Annual,A,EU framework,EU,Suriname,SR,Person,PER,Ireland,IE,2020,2020,0
Annual,A,EU framework,EU,Suriname,SR,Person,PER,Ireland,IE,2021,2021,0
Annual,A,EU framework,EU,Suriname,SR,Person,PER,Ireland,IE,2022,2022,0
Annual,A,EU framework,EU,Suriname,SR,Person,PER,Ireland,IE,2023,2023,0
Annual,A,EU framework,EU,Suriname,SR,Person,PER,Ireland,IE,2024,2024,0
Annual,A,EU framework,EU,Suriname,SR,Person,PER,Ireland,IE,2025,2025,0
Annual,A,EU framework,EU,Uruguay,UY,Person,PER,Ireland,IE,2008,2008,0
Annual,A,EU framework,EU,Uruguay,UY,Person,PER,Ireland,IE,2009,2009,0
Annual,A,EU framework,EU,Uruguay,UY,Person,PER,Ireland,IE,2012,2012,0
Annual,A,EU framework,EU,Uruguay,UY,Person,PER,Ireland,IE,2013,2013,0
Annual,A,EU framework,EU,Uruguay,UY,Person,PER,Ireland,IE,2014,2014,0
Annual,A,EU framework,EU,Uruguay,UY,Person,PER,Ireland,IE,2016,2016,0
Annual,A,EU framework,EU,Uruguay,UY,Person,PER,Ireland,IE,2017,2017,0
Annual,A,EU framework,EU,Uruguay,UY,Person,PER,Ireland,IE,2018,2018,0
Annual,A,EU framework,EU,Uruguay,UY,Person,PER,Ireland,IE,2019,2019,0
Annual,A,EU framework,EU,Uruguay,UY,Person,PER,Ireland,IE,2020,2020,0
Annual,A,EU framework,EU,Uruguay,UY,Person,PER,Ireland,IE,2021,2021,0
Annual,A,EU framework,EU,Uruguay,UY,Person,PER,Ireland,IE,2022,2022,0
Annual,A,EU framework,EU,Uruguay,UY,Person,PER,Ireland,IE,2023,2023,0
Annual,A,EU framework,EU,Uruguay,UY,Person,PER,Ireland,IE,2024,2024,0
Annual,A,EU framework,EU,Uruguay,UY,Person,PER,Ireland,IE,2025,2025,0
Annual,A,EU framework,EU,Venezuela,VE,Person,PER,Ireland,IE,2008,2008,1
Annual,A,EU framework,EU,Venezuela,VE,Person,PER,Ireland,IE,2009,2009,0
Annual,A,EU framework,EU,Venezuela,VE,Person,PER,Ireland,IE,2012,2012,0
Annual,A,EU framework,EU,Venezuela,VE,Person,PER,Ireland,IE,2013,2013,0
Annual,A,EU framework,EU,Venezuela,VE,Person,PER,Ireland,IE,2014,2014,0
Annual,A,EU framework,EU,Venezuela,VE,Person,PER,Ireland,IE,2016,2016,0
Annual,A,EU framework,EU,Venezuela,VE,Person,PER,Ireland,IE,2017,2017,0
Annual,A,EU framework,EU,Venezuela,VE,Person,PER,Ireland,IE,2018,2018,0
Annual,A,EU framework,EU,Venezuela,VE,Person,PER,Ireland,IE,2019,2019,0
Annual,A,EU framework,EU,Venezuela,VE,Person,PER,Ireland,IE,2020,2020,0
Annual,A,EU framework,EU,Venezuela,VE,Person,PER,Ireland,IE,2021,2021,0
Annual,A,EU framework,EU,Venezuela,VE,Person,PER,Ireland,IE,2022,2022,0
Annual,A,EU framework,EU,Venezuela,VE,Person,PER,Ireland,IE,2023,2023,0
Annual,A,EU framework,EU,Venezuela,VE,Person,PER,Ireland,IE,2024,2024,0
Annual,A,EU framework,EU,Venezuela,VE,Person,PER,Ireland,IE,2025,2025,0
Annual,A,EU framework,EU,Kazakhstan,KZ,Person,PER,Ireland,IE,2008,2008,18
Annual,A,EU framework,EU,Kazakhstan,KZ,Person,PER,Ireland,IE,2009,2009,15
Annual,A,EU framework,EU,Kazakhstan,KZ,Person,PER,Ireland,IE,2012,2012,0
Annual,A,EU framework,EU,Kazakhstan,KZ,Person,PER,Ireland,IE,2013,2013,0
Annual,A,EU framework,EU,Kazakhstan,KZ,Person,PER,Ireland,IE,2014,2014,0
Annual,A,EU framework,EU,Kazakhstan,KZ,Person,PER,Ireland,IE,2016,2016,0
Annual,A,EU framework,EU,Kazakhstan,KZ,Person,PER,Ireland,IE,2017,2017,0
Annual,A,EU framework,EU,Kazakhstan,KZ,Person,PER,Ireland,IE,2018,2018,0
Annual,A,EU framework,EU,Kazakhstan,KZ,Person,PER,Ireland,IE,2019,2019,0
Annual,A,EU framework,EU,Kazakhstan,KZ,Person,PER,Ireland,IE,2020,2020,0
Annual,A,EU framework,EU,Kazakhstan,KZ,Person,PER,Ireland,IE,2021,2021,0
Annual,A,EU framework,EU,Kazakhstan,KZ,Person,PER,Ireland,IE,2022,2022,0
Annual,A,EU framework,EU,Kazakhstan,KZ,Person,PER,Ireland,IE,2023,2023,0
Annual,A,EU framework,EU,Kazakhstan,KZ,Person,PER,Ireland,IE,2024,2024,0
Annual,A,EU framework,EU,Kazakhstan,KZ,Person,PER,Ireland,IE,2025,2025,0
Annual,A,EU framework,EU,Kyrgyzstan,KG,Person,PER,Ireland,IE,2008,2008,9
Annual,A,EU framework,EU,Kyrgyzstan,KG,Person,PER,Ireland,IE,2009,2009,6
Annual,A,EU framework,EU,Kyrgyzstan,KG,Person,PER,Ireland,IE,2012,2012,0
Annual,A,EU framework,EU,Kyrgyzstan,KG,Person,PER,Ireland,IE,2013,2013,0
Annual,A,EU framework,EU,Kyrgyzstan,KG,Person,PER,Ireland,IE,2014,2014,0
Annual,A,EU framework,EU,Kyrgyzstan,KG,Person,PER,Ireland,IE,2016,2016,0
Annual,A,EU framework,EU,Kyrgyzstan,KG,Person,PER,Ireland,IE,2017,2017,0
Annual,A,EU framework,EU,Kyrgyzstan,KG,Person,PER,Ireland,IE,2018,2018,0
Annual,A,EU framework,EU,Kyrgyzstan,KG,Person,PER,Ireland,IE,2019,2019,0
Annual,A,EU framework,EU,Kyrgyzstan,KG,Person,PER,Ireland,IE,2020,2020,0
Annual,A,EU framework,EU,Kyrgyzstan,KG,Person,PER,Ireland,IE,2021,2021,0
Annual,A,EU framework,EU,Kyrgyzstan,KG,Person,PER,Ireland,IE,2022,2022,0
Annual,A,EU framework,EU,Kyrgyzstan,KG,Person,PER,Ireland,IE,2023,2023,0
Annual,A,EU framework,EU,Kyrgyzstan,KG,Person,PER,Ireland,IE,2024,2024,0
Annual,A,EU framework,EU,Kyrgyzstan,KG,Person,PER,Ireland,IE,2025,2025,0
Annual,A,EU framework,EU,Tajikistan,TJ,Person,PER,Ireland,IE,2008,2008,3
Annual,A,EU framework,EU,Tajikistan,TJ,Person,PER,Ireland,IE,2009,2009,3
Annual,A,EU framework,EU,Tajikistan,TJ,Person,PER,Ireland,IE,2012,2012,0
Annual,A,EU framework,EU,Tajikistan,TJ,Person,PER,Ireland,IE,2013,2013,0
Annual,A,EU framework,EU,Tajikistan,TJ,Person,PER,Ireland,IE,2014,2014,0
Annual,A,EU framework,EU,Tajikistan,TJ,Person,PER,Ireland,IE,2016,2016,0
Annual,A,EU framework,EU,Tajikistan,TJ,Person,PER,Ireland,IE,2017,2017,0
Annual,A,EU framework,EU,Tajikistan,TJ,Person,PER,Ireland,IE,2018,2018,0
Annual,A,EU framework,EU,Tajikistan,TJ,Person,PER,Ireland,IE,2019,2019,0
Annual,A,EU framework,EU,Tajikistan,TJ,Person,PER,Ireland,IE,2020,2020,0
Annual,A,EU framework,EU,Tajikistan,TJ,Person,PER,Ireland,IE,2021,2021,0
Annual,A,EU framework,EU,Tajikistan,TJ,Person,PER,Ireland,IE,2022,2022,0
Annual,A,EU framework,EU,Tajikistan,TJ,Person,PER,Ireland,IE,2023,2023,0
Annual,A,EU framework,EU,Tajikistan,TJ,Person,PER,Ireland,IE,2024,2024,0
Annual,A,EU framework,EU,Tajikistan,TJ,Person,PER,Ireland,IE,2025,2025,0
Annual,A,EU framework,EU,Turkmenistan,TM,Person,PER,Ireland,IE,2008,2008,1
Annual,A,EU framework,EU,Turkmenistan,TM,Person,PER,Ireland,IE,2009,2009,1
Annual,A,EU framework,EU,Turkmenistan,TM,Person,PER,Ireland,IE,2012,2012,0
Annual,A,EU framework,EU,Turkmenistan,TM,Person,PER,Ireland,IE,2013,2013,0
Annual,A,EU framework,EU,Turkmenistan,TM,Person,PER,Ireland,IE,2014,2014,0
Annual,A,EU framework,EU,Turkmenistan,TM,Person,PER,Ireland,IE,2016,2016,0
Annual,A,EU framework,EU,Turkmenistan,TM,Person,PER,Ireland,IE,2017,2017,0
Annual,A,EU framework,EU,Turkmenistan,TM,Person,PER,Ireland,IE,2018,2018,0
Annual,A,EU framework,EU,Turkmenistan,TM,Person,PER,Ireland,IE,2019,2019,0
Annual,A,EU framework,EU,Turkmenistan,TM,Person,PER,Ireland,IE,2020,2020,0
Annual,A,EU framework,EU,Turkmenistan,TM,Person,PER,Ireland,IE,2021,2021,0
Annual,A,EU framework,EU,Turkmenistan,TM,Person,PER,Ireland,IE,2022,2022,0
Annual,A,EU framework,EU,Turkmenistan,TM,Person,PER,Ireland,IE,2023,2023,0
Annual,A,EU framework,EU,Turkmenistan,TM,Person,PER,Ireland,IE,2024,2024,0
Annual,A,EU framework,EU,Turkmenistan,TM,Person,PER,Ireland,IE,2025,2025,0
Annual,A,EU framework,EU,Uzbekistan,UZ,Person,PER,Ireland,IE,2008,2008,14
Annual,A,EU framework,EU,Uzbekistan,UZ,Person,PER,Ireland,IE,2009,2009,15
Annual,A,EU framework,EU,Uzbekistan,UZ,Person,PER,Ireland,IE,2012,2012,0
Annual,A,EU framework,EU,Uzbekistan,UZ,Person,PER,Ireland,IE,2013,2013,0
Annual,A,EU framework,EU,Uzbekistan,UZ,Person,PER,Ireland,IE,2014,2014,0
Annual,A,EU framework,EU,Uzbekistan,UZ,Person,PER,Ireland,IE,2016,2016,0
Annual,A,EU framework,EU,Uzbekistan,UZ,Person,PER,Ireland,IE,2017,2017,0
Annual,A,EU framework,EU,Uzbekistan,UZ,Person,PER,Ireland,IE,2018,2018,0
Annual,A,EU framework,EU,Uzbekistan,UZ,Person,PER,Ireland,IE,2019,2019,0
Annual,A,EU framework,EU,Uzbekistan,UZ,Person,PER,Ireland,IE,2020,2020,0
Annual,A,EU framework,EU,Uzbekistan,UZ,Person,PER,Ireland,IE,2021,2021,0
Annual,A,EU framework,EU,Uzbekistan,UZ,Person,PER,Ireland,IE,2022,2022,0
Annual,A,EU framework,EU,Uzbekistan,UZ,Person,PER,Ireland,IE,2023,2023,0
Annual,A,EU framework,EU,Uzbekistan,UZ,Person,PER,Ireland,IE,2024,2024,0
Annual,A,EU framework,EU,Uzbekistan,UZ,Person,PER,Ireland,IE,2025,2025,0
Annual,A,EU framework,EU,China,CN,Person,PER,Ireland,IE,2008,2008,196
Annual,A,EU framework,EU,China,CN,Person,PER,Ireland,IE,2009,2009,302
Annual,A,EU framework,EU,China,CN,Person,PER,Ireland,IE,2012,2012,0
Annual,A,EU framework,EU,China,CN,Person,PER,Ireland,IE,2013,2013,0
Annual,A,EU framework,EU,China,CN,Person,PER,Ireland,IE,2014,2014,0
Annual,A,EU framework,EU,China,CN,Person,PER,Ireland,IE,2016,2016,0
Annual,A,EU framework,EU,China,CN,Person,PER,Ireland,IE,2017,2017,0
Annual,A,EU framework,EU,China,CN,Person,PER,Ireland,IE,2018,2018,0
Annual,A,EU framework,EU,China,CN,Person,PER,Ireland,IE,2019,2019,0
Annual,A,EU framework,EU,China,CN,Person,PER,Ireland,IE,2020,2020,0
Annual,A,EU framework,EU,China,CN,Person,PER,Ireland,IE,2021,2021,0
Annual,A,EU framework,EU,China,CN,Person,PER,Ireland,IE,2022,2022,0
Annual,A,EU framework,EU,China,CN,Person,PER,Ireland,IE,2023,2023,0
Annual,A,EU framework,EU,China,CN,Person,PER,Ireland,IE,2024,2024,0
Annual,A,EU framework,EU,China,CN,Person,PER,Ireland,IE,2025,2025,0
Annual,A,EU framework,EU,Japan,JP,Person,PER,Ireland,IE,2008,2008,136
Annual,A,EU framework,EU,Japan,JP,Person,PER,Ireland,IE,2009,2009,99
Annual,A,EU framework,EU,Japan,JP,Person,PER,Ireland,IE,2012,2012,0
Annual,A,EU framework,EU,Japan,JP,Person,PER,Ireland,IE,2013,2013,0
Annual,A,EU framework,EU,Japan,JP,Person,PER,Ireland,IE,2014,2014,0
Annual,A,EU framework,EU,Japan,JP,Person,PER,Ireland,IE,2016,2016,0
Annual,A,EU framework,EU,Japan,JP,Person,PER,Ireland,IE,2017,2017,0
Annual,A,EU framework,EU,Japan,JP,Person,PER,Ireland,IE,2018,2018,0
Annual,A,EU framework,EU,Japan,JP,Person,PER,Ireland,IE,2019,2019,0
Annual,A,EU framework,EU,Japan,JP,Person,PER,Ireland,IE,2020,2020,0
Annual,A,EU framework,EU,Japan,JP,Person,PER,Ireland,IE,2021,2021,0
Annual,A,EU framework,EU,Japan,JP,Person,PER,Ireland,IE,2022,2022,0
Annual,A,EU framework,EU,Japan,JP,Person,PER,Ireland,IE,2023,2023,0
Annual,A,EU framework,EU,Japan,JP,Person,PER,Ireland,IE,2024,2024,0
Annual,A,EU framework,EU,Japan,JP,Person,PER,Ireland,IE,2025,2025,0
Annual,A,EU framework,EU,Mongolia,MN,Person,PER,Ireland,IE,2008,2008,2
Annual,A,EU framework,EU,Mongolia,MN,Person,PER,Ireland,IE,2009,2009,3
Annual,A,EU framework,EU,Mongolia,MN,Person,PER,Ireland,IE,2012,2012,0
Annual,A,EU framework,EU,Mongolia,MN,Person,PER,Ireland,IE,2013,2013,0
Annual,A,EU framework,EU,Mongolia,MN,Person,PER,Ireland,IE,2014,2014,0
Annual,A,EU framework,EU,Mongolia,MN,Person,PER,Ireland,IE,2016,2016,0
Annual,A,EU framework,EU,Mongolia,MN,Person,PER,Ireland,IE,2017,2017,0
Annual,A,EU framework,EU,Mongolia,MN,Person,PER,Ireland,IE,2018,2018,0
Annual,A,EU framework,EU,Mongolia,MN,Person,PER,Ireland,IE,2019,2019,0
Annual,A,EU framework,EU,Mongolia,MN,Person,PER,Ireland,IE,2020,2020,0
Annual,A,EU framework,EU,Mongolia,MN,Person,PER,Ireland,IE,2021,2021,0
Annual,A,EU framework,EU,Mongolia,MN,Person,PER,Ireland,IE,2022,2022,0
Annual,A,EU framework,EU,Mongolia,MN,Person,PER,Ireland,IE,2023,2023,0
Annual,A,EU framework,EU,Mongolia,MN,Person,PER,Ireland,IE,2024,2024,0
Annual,A,EU framework,EU,Mongolia,MN,Person,PER,Ireland,IE,2025,2025,0
Annual,A,EU framework,EU,North Korea,KP,Person,PER,Ireland,IE,2008,2008,0
Annual,A,EU framework,EU,North Korea,KP,Person,PER,Ireland,IE,2009,2009,0
Annual,A,EU framework,EU,North Korea,KP,Person,PER,Ireland,IE,2012,2012,0
Annual,A,EU framework,EU,North Korea,KP,Person,PER,Ireland,IE,2013,2013,0
Annual,A,EU framework,EU,North Korea,KP,Person,PER,Ireland,IE,2014,2014,0
Annual,A,EU framework,EU,North Korea,KP,Person,PER,Ireland,IE,2016,2016,0
Annual,A,EU framework,EU,North Korea,KP,Person,PER,Ireland,IE,2017,2017,0
Annual,A,EU framework,EU,North Korea,KP,Person,PER,Ireland,IE,2018,2018,0
Annual,A,EU framework,EU,North Korea,KP,Person,PER,Ireland,IE,2019,2019,0
Annual,A,EU framework,EU,North Korea,KP,Person,PER,Ireland,IE,2020,2020,0
Annual,A,EU framework,EU,North Korea,KP,Person,PER,Ireland,IE,2021,2021,0
Annual,A,EU framework,EU,North Korea,KP,Person,PER,Ireland,IE,2022,2022,0
Annual,A,EU framework,EU,North Korea,KP,Person,PER,Ireland,IE,2023,2023,0
Annual,A,EU framework,EU,North Korea,KP,Person,PER,Ireland,IE,2024,2024,0
Annual,A,EU framework,EU,North Korea,KP,Person,PER,Ireland,IE,2025,2025,0
Annual,A,EU framework,EU,South Korea,KR,Person,PER,Ireland,IE,2008,2008,17
Annual,A,EU framework,EU,South Korea,KR,Person,PER,Ireland,IE,2009,2009,16
Annual,A,EU framework,EU,South Korea,KR,Person,PER,Ireland,IE,2012,2012,0
Annual,A,EU framework,EU,South Korea,KR,Person,PER,Ireland,IE,2013,2013,0
Annual,A,EU framework,EU,South Korea,KR,Person,PER,Ireland,IE,2014,2014,0
Annual,A,EU framework,EU,South Korea,KR,Person,PER,Ireland,IE,2016,2016,0
Annual,A,EU framework,EU,South Korea,KR,Person,PER,Ireland,IE,2017,2017,0
Annual,A,EU framework,EU,South Korea,KR,Person,PER,Ireland,IE,2018,2018,0
Annual,A,EU framework,EU,South Korea,KR,Person,PER,Ireland,IE,2019,2019,0
Annual,A,EU framework,EU,South Korea,KR,Person,PER,Ireland,IE,2020,2020,0
Annual,A,EU framework,EU,South Korea,KR,Person,PER,Ireland,IE,2021,2021,0
Annual,A,EU framework,EU,South Korea,KR,Person,PER,Ireland,IE,2022,2022,0
Annual,A,EU framework,EU,South Korea,KR,Person,PER,Ireland,IE,2023,2023,0
Annual,A,EU framework,EU,South Korea,KR,Person,PER,Ireland,IE,2024,2024,0
Annual,A,EU framework,EU,South Korea,KR,Person,PER,Ireland,IE,2025,2025,0
Annual,A,EU framework,EU,Taiwan,TW,Person,PER,Ireland,IE,2008,2008,3
Annual,A,EU framework,EU,Taiwan,TW,Person,PER,Ireland,IE,2009,2009,1
Annual,A,EU framework,EU,Taiwan,TW,Person,PER,Ireland,IE,2012,2012,0
Annual,A,EU framework,EU,Taiwan,TW,Person,PER,Ireland,IE,2013,2013,0
Annual,A,EU framework,EU,Taiwan,TW,Person,PER,Ireland,IE,2014,2014,0
Annual,A,EU framework,EU,Taiwan,TW,Person,PER,Ireland,IE,2016,2016,0
Annual,A,EU framework,EU,Taiwan,TW,Person,PER,Ireland,IE,2017,2017,0
Annual,A,EU framework,EU,Taiwan,TW,Person,PER,Ireland,IE,2018,2018,0
Annual,A,EU framework,EU,Taiwan,TW,Person,PER,Ireland,IE,2019,2019,0
Annual,A,EU framework,EU,Taiwan,TW,Person,PER,Ireland,IE,2020,2020,0
Annual,A,EU framework,EU,Taiwan,TW,Person,PER,Ireland,IE,2021,2021,0
Annual,A,EU framework,EU,Taiwan,TW,Person,PER,Ireland,IE,2022,2022,0
Annual,A,EU framework,EU,Taiwan,TW,Person,PER,Ireland,IE,2023,2023,0
Annual,A,EU framework,EU,Taiwan,TW,Person,PER,Ireland,IE,2024,2024,0
Annual,A,EU framework,EU,Taiwan,TW,Person,PER,Ireland,IE,2025,2025,0
Annual,A,EU framework,EU,Afghanistan,AF,Person,PER,Ireland,IE,2008,2008,4
Annual,A,EU framework,EU,Afghanistan,AF,Person,PER,Ireland,IE,2009,2009,3
Annual,A,EU framework,EU,Afghanistan,AF,Person,PER,Ireland,IE,2012,2012,0
Annual,A,EU framework,EU,Afghanistan,AF,Person,PER,Ireland,IE,2013,2013,0
Annual,A,EU framework,EU,Afghanistan,AF,Person,PER,Ireland,IE,2014,2014,0
Annual,A,EU framework,EU,Afghanistan,AF,Person,PER,Ireland,IE,2016,2016,0
Annual,A,EU framework,EU,Afghanistan,AF,Person,PER,Ireland,IE,2017,2017,0
Annual,A,EU framework,EU,Afghanistan,AF,Person,PER,Ireland,IE,2018,2018,0
Annual,A,EU framework,EU,Afghanistan,AF,Person,PER,Ireland,IE,2019,2019,0
Annual,A,EU framework,EU,Afghanistan,AF,Person,PER,Ireland,IE,2020,2020,0
Annual,A,EU framework,EU,Afghanistan,AF,Person,PER,Ireland,IE,2021,2021,0
Annual,A,EU framework,EU,Afghanistan,AF,Person,PER,Ireland,IE,2022,2022,0
Annual,A,EU framework,EU,Afghanistan,AF,Person,PER,Ireland,IE,2023,2023,0
Annual,A,EU framework,EU,Afghanistan,AF,Person,PER,Ireland,IE,2024,2024,0
Annual,A,EU framework,EU,Afghanistan,AF,Person,PER,Ireland,IE,2025,2025,0
Annual,A,EU framework,EU,Bangladesh,BD,Person,PER,Ireland,IE,2008,2008,20
Annual,A,EU framework,EU,Bangladesh,BD,Person,PER,Ireland,IE,2009,2009,31
Annual,A,EU framework,EU,Bangladesh,BD,Person,PER,Ireland,IE,2012,2012,0
Annual,A,EU framework,EU,Bangladesh,BD,Person,PER,Ireland,IE,2013,2013,0
Annual,A,EU framework,EU,Bangladesh,BD,Person,PER,Ireland,IE,2014,2014,0
Annual,A,EU framework,EU,Bangladesh,BD,Person,PER,Ireland,IE,2016,2016,0
Annual,A,EU framework,EU,Bangladesh,BD,Person,PER,Ireland,IE,2017,2017,0
Annual,A,EU framework,EU,Bangladesh,BD,Person,PER,Ireland,IE,2018,2018,0
Annual,A,EU framework,EU,Bangladesh,BD,Person,PER,Ireland,IE,2019,2019,0
Annual,A,EU framework,EU,Bangladesh,BD,Person,PER,Ireland,IE,2020,2020,0
Annual,A,EU framework,EU,Bangladesh,BD,Person,PER,Ireland,IE,2021,2021,0
Annual,A,EU framework,EU,Bangladesh,BD,Person,PER,Ireland,IE,2022,2022,0
Annual,A,EU framework,EU,Bangladesh,BD,Person,PER,Ireland,IE,2023,2023,0
Annual,A,EU framework,EU,Bangladesh,BD,Person,PER,Ireland,IE,2024,2024,0
Annual,A,EU framework,EU,Bangladesh,BD,Person,PER,Ireland,IE,2025,2025,0
Annual,A,EU framework,EU,Bhutan,BT,Person,PER,Ireland,IE,2008,2008,0
Annual,A,EU framework,EU,Bhutan,BT,Person,PER,Ireland,IE,2009,2009,0
Annual,A,EU framework,EU,Bhutan,BT,Person,PER,Ireland,IE,2012,2012,0
Annual,A,EU framework,EU,Bhutan,BT,Person,PER,Ireland,IE,2013,2013,0
Annual,A,EU framework,EU,Bhutan,BT,Person,PER,Ireland,IE,2014,2014,0
Annual,A,EU framework,EU,Bhutan,BT,Person,PER,Ireland,IE,2016,2016,0
Annual,A,EU framework,EU,Bhutan,BT,Person,PER,Ireland,IE,2017,2017,0
Annual,A,EU framework,EU,Bhutan,BT,Person,PER,Ireland,IE,2018,2018,0
Annual,A,EU framework,EU,Bhutan,BT,Person,PER,Ireland,IE,2019,2019,0
Annual,A,EU framework,EU,Bhutan,BT,Person,PER,Ireland,IE,2020,2020,0
Annual,A,EU framework,EU,Bhutan,BT,Person,PER,Ireland,IE,2021,2021,0
Annual,A,EU framework,EU,Bhutan,BT,Person,PER,Ireland,IE,2022,2022,0
Annual,A,EU framework,EU,Bhutan,BT,Person,PER,Ireland,IE,2023,2023,0
Annual,A,EU framework,EU,Bhutan,BT,Person,PER,Ireland,IE,2024,2024,0
Annual,A,EU framework,EU,Bhutan,BT,Person,PER,Ireland,IE,2025,2025,0
Annual,A,EU framework,EU,India,IN,Person,PER,Ireland,IE,2008,2008,141
Annual,A,EU framework,EU,India,IN,Person,PER,Ireland,IE,2009,2009,163
Annual,A,EU framework,EU,India,IN,Person,PER,Ireland,IE,2012,2012,0
Annual,A,EU framework,EU,India,IN,Person,PER,Ireland,IE,2013,2013,0
Annual,A,EU framework,EU,India,IN,Person,PER,Ireland,IE,2014,2014,0
Annual,A,EU framework,EU,India,IN,Person,PER,Ireland,IE,2016,2016,0
Annual,A,EU framework,EU,India,IN,Person,PER,Ireland,IE,2017,2017,0
Annual,A,EU framework,EU,India,IN,Person,PER,Ireland,IE,2018,2018,0
Annual,A,EU framework,EU,India,IN,Person,PER,Ireland,IE,2019,2019,0
Annual,A,EU framework,EU,India,IN,Person,PER,Ireland,IE,2020,2020,0
Annual,A,EU framework,EU,India,IN,Person,PER,Ireland,IE,2021,2021,0
Annual,A,EU framework,EU,India,IN,Person,PER,Ireland,IE,2022,2022,0
Annual,A,EU framework,EU,India,IN,Person,PER,Ireland,IE,2023,2023,0
Annual,A,EU framework,EU,India,IN,Person,PER,Ireland,IE,2024,2024,0
Annual,A,EU framework,EU,India,IN,Person,PER,Ireland,IE,2025,2025,0
Annual,A,EU framework,EU,Iran,IR,Person,PER,Ireland,IE,2008,2008,4
Annual,A,EU framework,EU,Iran,IR,Person,PER,Ireland,IE,2009,2009,2
Annual,A,EU framework,EU,Iran,IR,Person,PER,Ireland,IE,2012,2012,0
Annual,A,EU framework,EU,Iran,IR,Person,PER,Ireland,IE,2013,2013,0
Annual,A,EU framework,EU,Iran,IR,Person,PER,Ireland,IE,2014,2014,0
Annual,A,EU framework,EU,Iran,IR,Person,PER,Ireland,IE,2016,2016,0
Annual,A,EU framework,EU,Iran,IR,Person,PER,Ireland,IE,2017,2017,0
Annual,A,EU framework,EU,Iran,IR,Person,PER,Ireland,IE,2018,2018,0
Annual,A,EU framework,EU,Iran,IR,Person,PER,Ireland,IE,2019,2019,0
Annual,A,EU framework,EU,Iran,IR,Person,PER,Ireland,IE,2020,2020,0
Annual,A,EU framework,EU,Iran,IR,Person,PER,Ireland,IE,2021,2021,0
Annual,A,EU framework,EU,Iran,IR,Person,PER,Ireland,IE,2022,2022,0
Annual,A,EU framework,EU,Iran,IR,Person,PER,Ireland,IE,2023,2023,0
Annual,A,EU framework,EU,Iran,IR,Person,PER,Ireland,IE,2024,2024,0
Annual,A,EU framework,EU,Iran,IR,Person,PER,Ireland,IE,2025,2025,0
Annual,A,EU framework,EU,Maldives,MV,Person,PER,Ireland,IE,2008,2008,0
Annual,A,EU framework,EU,Maldives,MV,Person,PER,Ireland,IE,2009,2009,0
Annual,A,EU framework,EU,Maldives,MV,Person,PER,Ireland,IE,2012,2012,0
Annual,A,EU framework,EU,Maldives,MV,Person,PER,Ireland,IE,2013,2013,0
Annual,A,EU framework,EU,Maldives,MV,Person,PER,Ireland,IE,2014,2014,0
Annual,A,EU framework,EU,Maldives,MV,Person,PER,Ireland,IE,2016,2016,0
Annual,A,EU framework,EU,Maldives,MV,Person,PER,Ireland,IE,2017,2017,0
Annual,A,EU framework,EU,Maldives,MV,Person,PER,Ireland,IE,2018,2018,0
Annual,A,EU framework,EU,Maldives,MV,Person,PER,Ireland,IE,2019,2019,0
Annual,A,EU framework,EU,Maldives,MV,Person,PER,Ireland,IE,2020,2020,0
Annual,A,EU framework,EU,Maldives,MV,Person,PER,Ireland,IE,2021,2021,0
Annual,A,EU framework,EU,Maldives,MV,Person,PER,Ireland,IE,2022,2022,0
Annual,A,EU framework,EU,Maldives,MV,Person,PER,Ireland,IE,2023,2023,0
Annual,A,EU framework,EU,Maldives,MV,Person,PER,Ireland,IE,2024,2024,0
Annual,A,EU framework,EU,Maldives,MV,Person,PER,Ireland,IE,2025,2025,0
Annual,A,EU framework,EU,Nepal,NP,Person,PER,Ireland,IE,2008,2008,7
Annual,A,EU framework,EU,Nepal,NP,Person,PER,Ireland,IE,2009,2009,10
Annual,A,EU framework,EU,Nepal,NP,Person,PER,Ireland,IE,2012,2012,0
Annual,A,EU framework,EU,Nepal,NP,Person,PER,Ireland,IE,2013,2013,0
Annual,A,EU framework,EU,Nepal,NP,Person,PER,Ireland,IE,2014,2014,0
Annual,A,EU framework,EU,Nepal,NP,Person,PER,Ireland,IE,2016,2016,0
Annual,A,EU framework,EU,Nepal,NP,Person,PER,Ireland,IE,2017,2017,0
Annual,A,EU framework,EU,Nepal,NP,Person,PER,Ireland,IE,2018,2018,0
Annual,A,EU framework,EU,Nepal,NP,Person,PER,Ireland,IE,2019,2019,0
Annual,A,EU framework,EU,Nepal,NP,Person,PER,Ireland,IE,2020,2020,0
Annual,A,EU framework,EU,Nepal,NP,Person,PER,Ireland,IE,2021,2021,0
Annual,A,EU framework,EU,Nepal,NP,Person,PER,Ireland,IE,2022,2022,0
Annual,A,EU framework,EU,Nepal,NP,Person,PER,Ireland,IE,2023,2023,0
Annual,A,EU framework,EU,Nepal,NP,Person,PER,Ireland,IE,2024,2024,0
Annual,A,EU framework,EU,Nepal,NP,Person,PER,Ireland,IE,2025,2025,0
Annual,A,EU framework,EU,Pakistan,PK,Person,PER,Ireland,IE,2008,2008,20
Annual,A,EU framework,EU,Pakistan,PK,Person,PER,Ireland,IE,2009,2009,19
Annual,A,EU framework,EU,Pakistan,PK,Person,PER,Ireland,IE,2012,2012,0
Annual,A,EU framework,EU,Pakistan,PK,Person,PER,Ireland,IE,2013,2013,0
Annual,A,EU framework,EU,Pakistan,PK,Person,PER,Ireland,IE,2014,2014,0
Annual,A,EU framework,EU,Pakistan,PK,Person,PER,Ireland,IE,2016,2016,0
Annual,A,EU framework,EU,Pakistan,PK,Person,PER,Ireland,IE,2017,2017,0
Annual,A,EU framework,EU,Pakistan,PK,Person,PER,Ireland,IE,2018,2018,0
Annual,A,EU framework,EU,Pakistan,PK,Person,PER,Ireland,IE,2019,2019,0
Annual,A,EU framework,EU,Pakistan,PK,Person,PER,Ireland,IE,2020,2020,0
Annual,A,EU framework,EU,Pakistan,PK,Person,PER,Ireland,IE,2021,2021,0
Annual,A,EU framework,EU,Pakistan,PK,Person,PER,Ireland,IE,2022,2022,0
Annual,A,EU framework,EU,Pakistan,PK,Person,PER,Ireland,IE,2023,2023,0
Annual,A,EU framework,EU,Pakistan,PK,Person,PER,Ireland,IE,2024,2024,0
Annual,A,EU framework,EU,Pakistan,PK,Person,PER,Ireland,IE,2025,2025,0
Annual,A,EU framework,EU,Sri Lanka,LK,Person,PER,Ireland,IE,2008,2008,6
Annual,A,EU framework,EU,Sri Lanka,LK,Person,PER,Ireland,IE,2009,2009,7
Annual,A,EU framework,EU,Sri Lanka,LK,Person,PER,Ireland,IE,2012,2012,0
Annual,A,EU framework,EU,Sri Lanka,LK,Person,PER,Ireland,IE,2013,2013,0
Annual,A,EU framework,EU,Sri Lanka,LK,Person,PER,Ireland,IE,2014,2014,0
Annual,A,EU framework,EU,Sri Lanka,LK,Person,PER,Ireland,IE,2016,2016,0
Annual,A,EU framework,EU,Sri Lanka,LK,Person,PER,Ireland,IE,2017,2017,0
Annual,A,EU framework,EU,Sri Lanka,LK,Person,PER,Ireland,IE,2018,2018,0
Annual,A,EU framework,EU,Sri Lanka,LK,Person,PER,Ireland,IE,2019,2019,0
Annual,A,EU framework,EU,Sri Lanka,LK,Person,PER,Ireland,IE,2020,2020,0
Annual,A,EU framework,EU,Sri Lanka,LK,Person,PER,Ireland,IE,2021,2021,0
Annual,A,EU framework,EU,Sri Lanka,LK,Person,PER,Ireland,IE,2022,2022,0
Annual,A,EU framework,EU,Sri Lanka,LK,Person,PER,Ireland,IE,2023,2023,0
Annual,A,EU framework,EU,Sri Lanka,LK,Person,PER,Ireland,IE,2024,2024,0
Annual,A,EU framework,EU,Sri Lanka,LK,Person,PER,Ireland,IE,2025,2025,0
Annual,A,EU framework,EU,Brunei Darussalam,BN,Person,PER,Ireland,IE,2008,2008,0
Annual,A,EU framework,EU,Brunei Darussalam,BN,Person,PER,Ireland,IE,2009,2009,0
Annual,A,EU framework,EU,Brunei Darussalam,BN,Person,PER,Ireland,IE,2012,2012,0
Annual,A,EU framework,EU,Brunei Darussalam,BN,Person,PER,Ireland,IE,2013,2013,0
Annual,A,EU framework,EU,Brunei Darussalam,BN,Person,PER,Ireland,IE,2014,2014,0
Annual,A,EU framework,EU,Brunei Darussalam,BN,Person,PER,Ireland,IE,2016,2016,0
Annual,A,EU framework,EU,Brunei Darussalam,BN,Person,PER,Ireland,IE,2017,2017,0
Annual,A,EU framework,EU,Brunei Darussalam,BN,Person,PER,Ireland,IE,2018,2018,0
Annual,A,EU framework,EU,Brunei Darussalam,BN,Person,PER,Ireland,IE,2019,2019,0
Annual,A,EU framework,EU,Brunei Darussalam,BN,Person,PER,Ireland,IE,2020,2020,0
Annual,A,EU framework,EU,Brunei Darussalam,BN,Person,PER,Ireland,IE,2021,2021,0
Annual,A,EU framework,EU,Brunei Darussalam,BN,Person,PER,Ireland,IE,2022,2022,0
Annual,A,EU framework,EU,Brunei Darussalam,BN,Person,PER,Ireland,IE,2023,2023,0
Annual,A,EU framework,EU,Brunei Darussalam,BN,Person,PER,Ireland,IE,2024,2024,0
Annual,A,EU framework,EU,Brunei Darussalam,BN,Person,PER,Ireland,IE,2025,2025,0
Annual,A,EU framework,EU,Cambodia,KH,Person,PER,Ireland,IE,2008,2008,0
Annual,A,EU framework,EU,Cambodia,KH,Person,PER,Ireland,IE,2009,2009,0
Annual,A,EU framework,EU,Cambodia,KH,Person,PER,Ireland,IE,2012,2012,0
Annual,A,EU framework,EU,Cambodia,KH,Person,PER,Ireland,IE,2013,2013,0
Annual,A,EU framework,EU,Cambodia,KH,Person,PER,Ireland,IE,2014,2014,0
Annual,A,EU framework,EU,Cambodia,KH,Person,PER,Ireland,IE,2016,2016,0
Annual,A,EU framework,EU,Cambodia,KH,Person,PER,Ireland,IE,2017,2017,0
Annual,A,EU framework,EU,Cambodia,KH,Person,PER,Ireland,IE,2018,2018,0
Annual,A,EU framework,EU,Cambodia,KH,Person,PER,Ireland,IE,2019,2019,0
Annual,A,EU framework,EU,Cambodia,KH,Person,PER,Ireland,IE,2020,2020,0
Annual,A,EU framework,EU,Cambodia,KH,Person,PER,Ireland,IE,2021,2021,0
Annual,A,EU framework,EU,Cambodia,KH,Person,PER,Ireland,IE,2022,2022,0
Annual,A,EU framework,EU,Cambodia,KH,Person,PER,Ireland,IE,2023,2023,0
Annual,A,EU framework,EU,Cambodia,KH,Person,PER,Ireland,IE,2024,2024,0
Annual,A,EU framework,EU,Cambodia,KH,Person,PER,Ireland,IE,2025,2025,0
Annual,A,EU framework,EU,Indonesia,ID,Person,PER,Ireland,IE,2008,2008,2
Annual,A,EU framework,EU,Indonesia,ID,Person,PER,Ireland,IE,2009,2009,2
Annual,A,EU framework,EU,Indonesia,ID,Person,PER,Ireland,IE,2012,2012,0
Annual,A,EU framework,EU,Indonesia,ID,Person,PER,Ireland,IE,2013,2013,0
Annual,A,EU framework,EU,Indonesia,ID,Person,PER,Ireland,IE,2014,2014,0
Annual,A,EU framework,EU,Indonesia,ID,Person,PER,Ireland,IE,2016,2016,0
Annual,A,EU framework,EU,Indonesia,ID,Person,PER,Ireland,IE,2017,2017,0
Annual,A,EU framework,EU,Indonesia,ID,Person,PER,Ireland,IE,2018,2018,0
Annual,A,EU framework,EU,Indonesia,ID,Person,PER,Ireland,IE,2019,2019,0
Annual,A,EU framework,EU,Indonesia,ID,Person,PER,Ireland,IE,2020,2020,0
Annual,A,EU framework,EU,Indonesia,ID,Person,PER,Ireland,IE,2021,2021,0
Annual,A,EU framework,EU,Indonesia,ID,Person,PER,Ireland,IE,2022,2022,0
Annual,A,EU framework,EU,Indonesia,ID,Person,PER,Ireland,IE,2023,2023,0
Annual,A,EU framework,EU,Indonesia,ID,Person,PER,Ireland,IE,2024,2024,0
Annual,A,EU framework,EU,Indonesia,ID,Person,PER,Ireland,IE,2025,2025,0
Annual,A,EU framework,EU,Laos,LA,Person,PER,Ireland,IE,2008,2008,0
Annual,A,EU framework,EU,Laos,LA,Person,PER,Ireland,IE,2009,2009,0
Annual,A,EU framework,EU,Laos,LA,Person,PER,Ireland,IE,2012,2012,0
Annual,A,EU framework,EU,Laos,LA,Person,PER,Ireland,IE,2013,2013,0
Annual,A,EU framework,EU,Laos,LA,Person,PER,Ireland,IE,2014,2014,0
Annual,A,EU framework,EU,Laos,LA,Person,PER,Ireland,IE,2016,2016,0
Annual,A,EU framework,EU,Laos,LA,Person,PER,Ireland,IE,2017,2017,0
Annual,A,EU framework,EU,Laos,LA,Person,PER,Ireland,IE,2018,2018,0
Annual,A,EU framework,EU,Laos,LA,Person,PER,Ireland,IE,2019,2019,0
Annual,A,EU framework,EU,Laos,LA,Person,PER,Ireland,IE,2020,2020,0
Annual,A,EU framework,EU,Laos,LA,Person,PER,Ireland,IE,2021,2021,0
Annual,A,EU framework,EU,Laos,LA,Person,PER,Ireland,IE,2022,2022,0
Annual,A,EU framework,EU,Laos,LA,Person,PER,Ireland,IE,2023,2023,0
Annual,A,EU framework,EU,Laos,LA,Person,PER,Ireland,IE,2024,2024,0
Annual,A,EU framework,EU,Laos,LA,Person,PER,Ireland,IE,2025,2025,0
Annual,A,EU framework,EU,Malaysia,MY,Person,PER,Ireland,IE,2008,2008,31
Annual,A,EU framework,EU,Malaysia,MY,Person,PER,Ireland,IE,2009,2009,36
Annual,A,EU framework,EU,Malaysia,MY,Person,PER,Ireland,IE,2012,2012,0
Annual,A,EU framework,EU,Malaysia,MY,Person,PER,Ireland,IE,2013,2013,0
Annual,A,EU framework,EU,Malaysia,MY,Person,PER,Ireland,IE,2014,2014,0
Annual,A,EU framework,EU,Malaysia,MY,Person,PER,Ireland,IE,2016,2016,0
Annual,A,EU framework,EU,Malaysia,MY,Person,PER,Ireland,IE,2017,2017,0
Annual,A,EU framework,EU,Malaysia,MY,Person,PER,Ireland,IE,2018,2018,0
Annual,A,EU framework,EU,Malaysia,MY,Person,PER,Ireland,IE,2019,2019,0
Annual,A,EU framework,EU,Malaysia,MY,Person,PER,Ireland,IE,2020,2020,0
Annual,A,EU framework,EU,Malaysia,MY,Person,PER,Ireland,IE,2021,2021,0
Annual,A,EU framework,EU,Malaysia,MY,Person,PER,Ireland,IE,2022,2022,0
Annual,A,EU framework,EU,Malaysia,MY,Person,PER,Ireland,IE,2023,2023,0
Annual,A,EU framework,EU,Malaysia,MY,Person,PER,Ireland,IE,2024,2024,0
Annual,A,EU framework,EU,Malaysia,MY,Person,PER,Ireland,IE,2025,2025,0
Annual,A,EU framework,EU,Myanmar/Burma,MM,Person,PER,Ireland,IE,2008,2008,0
Annual,A,EU framework,EU,Myanmar/Burma,MM,Person,PER,Ireland,IE,2009,2009,0
Annual,A,EU framework,EU,Myanmar/Burma,MM,Person,PER,Ireland,IE,2012,2012,0
Annual,A,EU framework,EU,Myanmar/Burma,MM,Person,PER,Ireland,IE,2013,2013,0
Annual,A,EU framework,EU,Myanmar/Burma,MM,Person,PER,Ireland,IE,2014,2014,0
Annual,A,EU framework,EU,Myanmar/Burma,MM,Person,PER,Ireland,IE,2016,2016,0
Annual,A,EU framework,EU,Myanmar/Burma,MM,Person,PER,Ireland,IE,2017,2017,0
Annual,A,EU framework,EU,Myanmar/Burma,MM,Person,PER,Ireland,IE,2018,2018,0
Annual,A,EU framework,EU,Myanmar/Burma,MM,Person,PER,Ireland,IE,2019,2019,0
Annual,A,EU framework,EU,Myanmar/Burma,MM,Person,PER,Ireland,IE,2020,2020,0
Annual,A,EU framework,EU,Myanmar/Burma,MM,Person,PER,Ireland,IE,2021,2021,0
Annual,A,EU framework,EU,Myanmar/Burma,MM,Person,PER,Ireland,IE,2022,2022,0
Annual,A,EU framework,EU,Myanmar/Burma,MM,Person,PER,Ireland,IE,2023,2023,0
Annual,A,EU framework,EU,Myanmar/Burma,MM,Person,PER,Ireland,IE,2024,2024,0
Annual,A,EU framework,EU,Myanmar/Burma,MM,Person,PER,Ireland,IE,2025,2025,0
Annual,A,EU framework,EU,Philippines,PH,Person,PER,Ireland,IE,2008,2008,25
Annual,A,EU framework,EU,Philippines,PH,Person,PER,Ireland,IE,2009,2009,31
Annual,A,EU framework,EU,Philippines,PH,Person,PER,Ireland,IE,2012,2012,0
Annual,A,EU framework,EU,Philippines,PH,Person,PER,Ireland,IE,2013,2013,0
Annual,A,EU framework,EU,Philippines,PH,Person,PER,Ireland,IE,2014,2014,0
Annual,A,EU framework,EU,Philippines,PH,Person,PER,Ireland,IE,2016,2016,0
Annual,A,EU framework,EU,Philippines,PH,Person,PER,Ireland,IE,2017,2017,0
Annual,A,EU framework,EU,Philippines,PH,Person,PER,Ireland,IE,2018,2018,0
Annual,A,EU framework,EU,Philippines,PH,Person,PER,Ireland,IE,2019,2019,0
Annual,A,EU framework,EU,Philippines,PH,Person,PER,Ireland,IE,2020,2020,0
Annual,A,EU framework,EU,Philippines,PH,Person,PER,Ireland,IE,2021,2021,0
Annual,A,EU framework,EU,Philippines,PH,Person,PER,Ireland,IE,2022,2022,0
Annual,A,EU framework,EU,Philippines,PH,Person,PER,Ireland,IE,2023,2023,0
Annual,A,EU framework,EU,Philippines,PH,Person,PER,Ireland,IE,2024,2024,0
Annual,A,EU framework,EU,Philippines,PH,Person,PER,Ireland,IE,2025,2025,0
Annual,A,EU framework,EU,Singapore,SG,Person,PER,Ireland,IE,2008,2008,9
Annual,A,EU framework,EU,Singapore,SG,Person,PER,Ireland,IE,2009,2009,7
Annual,A,EU framework,EU,Singapore,SG,Person,PER,Ireland,IE,2012,2012,0
Annual,A,EU framework,EU,Singapore,SG,Person,PER,Ireland,IE,2013,2013,0
Annual,A,EU framework,EU,Singapore,SG,Person,PER,Ireland,IE,2014,2014,0
Annual,A,EU framework,EU,Singapore,SG,Person,PER,Ireland,IE,2016,2016,0
Annual,A,EU framework,EU,Singapore,SG,Person,PER,Ireland,IE,2017,2017,0
Annual,A,EU framework,EU,Singapore,SG,Person,PER,Ireland,IE,2018,2018,0
Annual,A,EU framework,EU,Singapore,SG,Person,PER,Ireland,IE,2019,2019,0
Annual,A,EU framework,EU,Singapore,SG,Person,PER,Ireland,IE,2020,2020,0
Annual,A,EU framework,EU,Singapore,SG,Person,PER,Ireland,IE,2021,2021,0
Annual,A,EU framework,EU,Singapore,SG,Person,PER,Ireland,IE,2022,2022,0
Annual,A,EU framework,EU,Singapore,SG,Person,PER,Ireland,IE,2023,2023,0
Annual,A,EU framework,EU,Singapore,SG,Person,PER,Ireland,IE,2024,2024,0
Annual,A,EU framework,EU,Singapore,SG,Person,PER,Ireland,IE,2025,2025,0
Annual,A,EU framework,EU,Thailand,TH,Person,PER,Ireland,IE,2008,2008,10
Annual,A,EU framework,EU,Thailand,TH,Person,PER,Ireland,IE,2009,2009,8
Annual,A,EU framework,EU,Thailand,TH,Person,PER,Ireland,IE,2012,2012,0
Annual,A,EU framework,EU,Thailand,TH,Person,PER,Ireland,IE,2013,2013,0
Annual,A,EU framework,EU,Thailand,TH,Person,PER,Ireland,IE,2014,2014,0
Annual,A,EU framework,EU,Thailand,TH,Person,PER,Ireland,IE,2016,2016,0
Annual,A,EU framework,EU,Thailand,TH,Person,PER,Ireland,IE,2017,2017,0
Annual,A,EU framework,EU,Thailand,TH,Person,PER,Ireland,IE,2018,2018,0
Annual,A,EU framework,EU,Thailand,TH,Person,PER,Ireland,IE,2019,2019,0
Annual,A,EU framework,EU,Thailand,TH,Person,PER,Ireland,IE,2020,2020,0
Annual,A,EU framework,EU,Thailand,TH,Person,PER,Ireland,IE,2021,2021,0
Annual,A,EU framework,EU,Thailand,TH,Person,PER,Ireland,IE,2022,2022,0
Annual,A,EU framework,EU,Thailand,TH,Person,PER,Ireland,IE,2023,2023,0
Annual,A,EU framework,EU,Thailand,TH,Person,PER,Ireland,IE,2024,2024,0
Annual,A,EU framework,EU,Thailand,TH,Person,PER,Ireland,IE,2025,2025,0
Annual,A,EU framework,EU,Timor-Leste,TL,Person,PER,Ireland,IE,2008,2008,0
Annual,A,EU framework,EU,Timor-Leste,TL,Person,PER,Ireland,IE,2009,2009,0
Annual,A,EU framework,EU,Timor-Leste,TL,Person,PER,Ireland,IE,2012,2012,0
Annual,A,EU framework,EU,Timor-Leste,TL,Person,PER,Ireland,IE,2013,2013,0
Annual,A,EU framework,EU,Timor-Leste,TL,Person,PER,Ireland,IE,2014,2014,0
Annual,A,EU framework,EU,Timor-Leste,TL,Person,PER,Ireland,IE,2016,2016,0
Annual,A,EU framework,EU,Timor-Leste,TL,Person,PER,Ireland,IE,2017,2017,0
Annual,A,EU framework,EU,Timor-Leste,TL,Person,PER,Ireland,IE,2018,2018,0
Annual,A,EU framework,EU,Timor-Leste,TL,Person,PER,Ireland,IE,2019,2019,0
Annual,A,EU framework,EU,Timor-Leste,TL,Person,PER,Ireland,IE,2020,2020,0
Annual,A,EU framework,EU,Timor-Leste,TL,Person,PER,Ireland,IE,2021,2021,0
Annual,A,EU framework,EU,Timor-Leste,TL,Person,PER,Ireland,IE,2022,2022,0
Annual,A,EU framework,EU,Timor-Leste,TL,Person,PER,Ireland,IE,2023,2023,0
Annual,A,EU framework,EU,Timor-Leste,TL,Person,PER,Ireland,IE,2024,2024,0
Annual,A,EU framework,EU,Timor-Leste,TL,Person,PER,Ireland,IE,2025,2025,0
Annual,A,EU framework,EU,Viet Nam,VN,Person,PER,Ireland,IE,2008,2008,20
Annual,A,EU framework,EU,Viet Nam,VN,Person,PER,Ireland,IE,2009,2009,25
Annual,A,EU framework,EU,Viet Nam,VN,Person,PER,Ireland,IE,2012,2012,0
Annual,A,EU framework,EU,Viet Nam,VN,Person,PER,Ireland,IE,2013,2013,0
Annual,A,EU framework,EU,Viet Nam,VN,Person,PER,Ireland,IE,2014,2014,0
Annual,A,EU framework,EU,Viet Nam,VN,Person,PER,Ireland,IE,2016,2016,0
Annual,A,EU framework,EU,Viet Nam,VN,Person,PER,Ireland,IE,2017,2017,0
Annual,A,EU framework,EU,Viet Nam,VN,Person,PER,Ireland,IE,2018,2018,0
Annual,A,EU framework,EU,Viet Nam,VN,Person,PER,Ireland,IE,2019,2019,0
Annual,A,EU framework,EU,Viet Nam,VN,Person,PER,Ireland,IE,2020,2020,0
Annual,A,EU framework,EU,Viet Nam,VN,Person,PER,Ireland,IE,2021,2021,0
Annual,A,EU framework,EU,Viet Nam,VN,Person,PER,Ireland,IE,2022,2022,0
Annual,A,EU framework,EU,Viet Nam,VN,Person,PER,Ireland,IE,2023,2023,0
Annual,A,EU framework,EU,Viet Nam,VN,Person,PER,Ireland,IE,2024,2024,0
Annual,A,EU framework,EU,Viet Nam,VN,Person,PER,Ireland,IE,2025,2025,0
Annual,A,EU framework,EU,Armenia,AM,Person,PER,Ireland,IE,2008,2008,6
Annual,A,EU framework,EU,Armenia,AM,Person,PER,Ireland,IE,2009,2009,3
Annual,A,EU framework,EU,Armenia,AM,Person,PER,Ireland,IE,2012,2012,0
Annual,A,EU framework,EU,Armenia,AM,Person,PER,Ireland,IE,2013,2013,0
Annual,A,EU framework,EU,Armenia,AM,Person,PER,Ireland,IE,2014,2014,0
Annual,A,EU framework,EU,Armenia,AM,Person,PER,Ireland,IE,2016,2016,0
Annual,A,EU framework,EU,Armenia,AM,Person,PER,Ireland,IE,2017,2017,0
Annual,A,EU framework,EU,Armenia,AM,Person,PER,Ireland,IE,2018,2018,0
Annual,A,EU framework,EU,Armenia,AM,Person,PER,Ireland,IE,2019,2019,0
Annual,A,EU framework,EU,Armenia,AM,Person,PER,Ireland,IE,2020,2020,0
Annual,A,EU framework,EU,Armenia,AM,Person,PER,Ireland,IE,2021,2021,0
Annual,A,EU framework,EU,Armenia,AM,Person,PER,Ireland,IE,2022,2022,0
Annual,A,EU framework,EU,Armenia,AM,Person,PER,Ireland,IE,2023,2023,0
Annual,A,EU framework,EU,Armenia,AM,Person,PER,Ireland,IE,2024,2024,0
Annual,A,EU framework,EU,Armenia,AM,Person,PER,Ireland,IE,2025,2025,0
Annual,A,EU framework,EU,Azerbaijan,AZ,Person,PER,Ireland,IE,2008,2008,2
Annual,A,EU framework,EU,Azerbaijan,AZ,Person,PER,Ireland,IE,2009,2009,3
Annual,A,EU framework,EU,Azerbaijan,AZ,Person,PER,Ireland,IE,2012,2012,0
Annual,A,EU framework,EU,Azerbaijan,AZ,Person,PER,Ireland,IE,2013,2013,0
Annual,A,EU framework,EU,Azerbaijan,AZ,Person,PER,Ireland,IE,2014,2014,0
Annual,A,EU framework,EU,Azerbaijan,AZ,Person,PER,Ireland,IE,2016,2016,0
Annual,A,EU framework,EU,Azerbaijan,AZ,Person,PER,Ireland,IE,2017,2017,0
Annual,A,EU framework,EU,Azerbaijan,AZ,Person,PER,Ireland,IE,2018,2018,0
Annual,A,EU framework,EU,Azerbaijan,AZ,Person,PER,Ireland,IE,2019,2019,0
Annual,A,EU framework,EU,Azerbaijan,AZ,Person,PER,Ireland,IE,2020,2020,0
Annual,A,EU framework,EU,Azerbaijan,AZ,Person,PER,Ireland,IE,2021,2021,0
Annual,A,EU framework,EU,Azerbaijan,AZ,Person,PER,Ireland,IE,2022,2022,0
Annual,A,EU framework,EU,Azerbaijan,AZ,Person,PER,Ireland,IE,2023,2023,0
Annual,A,EU framework,EU,Azerbaijan,AZ,Person,PER,Ireland,IE,2024,2024,0
Annual,A,EU framework,EU,Azerbaijan,AZ,Person,PER,Ireland,IE,2025,2025,0
Annual,A,EU framework,EU,Bahrain,BH,Person,PER,Ireland,IE,2008,2008,2
Annual,A,EU framework,EU,Bahrain,BH,Person,PER,Ireland,IE,2009,2009,1
Annual,A,EU framework,EU,Bahrain,BH,Person,PER,Ireland,IE,2012,2012,0
Annual,A,EU framework,EU,Bahrain,BH,Person,PER,Ireland,IE,2013,2013,0
Annual,A,EU framework,EU,Bahrain,BH,Person,PER,Ireland,IE,2014,2014,0
Annual,A,EU framework,EU,Bahrain,BH,Person,PER,Ireland,IE,2016,2016,0
Annual,A,EU framework,EU,Bahrain,BH,Person,PER,Ireland,IE,2017,2017,0
Annual,A,EU framework,EU,Bahrain,BH,Person,PER,Ireland,IE,2018,2018,0
Annual,A,EU framework,EU,Bahrain,BH,Person,PER,Ireland,IE,2019,2019,0
Annual,A,EU framework,EU,Bahrain,BH,Person,PER,Ireland,IE,2020,2020,0
Annual,A,EU framework,EU,Bahrain,BH,Person,PER,Ireland,IE,2021,2021,0
Annual,A,EU framework,EU,Bahrain,BH,Person,PER,Ireland,IE,2022,2022,0
Annual,A,EU framework,EU,Bahrain,BH,Person,PER,Ireland,IE,2023,2023,0
Annual,A,EU framework,EU,Bahrain,BH,Person,PER,Ireland,IE,2024,2024,0
Annual,A,EU framework,EU,Bahrain,BH,Person,PER,Ireland,IE,2025,2025,0
Annual,A,EU framework,EU,Iraq,IQ,Person,PER,Ireland,IE,2008,2008,26
Annual,A,EU framework,EU,Iraq,IQ,Person,PER,Ireland,IE,2009,2009,15
Annual,A,EU framework,EU,Iraq,IQ,Person,PER,Ireland,IE,2012,2012,0
Annual,A,EU framework,EU,Iraq,IQ,Person,PER,Ireland,IE,2013,2013,0
Annual,A,EU framework,EU,Iraq,IQ,Person,PER,Ireland,IE,2014,2014,0
Annual,A,EU framework,EU,Iraq,IQ,Person,PER,Ireland,IE,2016,2016,0
Annual,A,EU framework,EU,Iraq,IQ,Person,PER,Ireland,IE,2017,2017,0
Annual,A,EU framework,EU,Iraq,IQ,Person,PER,Ireland,IE,2018,2018,0
Annual,A,EU framework,EU,Iraq,IQ,Person,PER,Ireland,IE,2019,2019,0
Annual,A,EU framework,EU,Iraq,IQ,Person,PER,Ireland,IE,2020,2020,0
Annual,A,EU framework,EU,Iraq,IQ,Person,PER,Ireland,IE,2021,2021,0
Annual,A,EU framework,EU,Iraq,IQ,Person,PER,Ireland,IE,2022,2022,0
Annual,A,EU framework,EU,Iraq,IQ,Person,PER,Ireland,IE,2023,2023,0
Annual,A,EU framework,EU,Iraq,IQ,Person,PER,Ireland,IE,2024,2024,0
Annual,A,EU framework,EU,Iraq,IQ,Person,PER,Ireland,IE,2025,2025,0
Annual,A,EU framework,EU,Israel,IL,Person,PER,Ireland,IE,2008,2008,13
Annual,A,EU framework,EU,Israel,IL,Person,PER,Ireland,IE,2009,2009,10
Annual,A,EU framework,EU,Israel,IL,Person,PER,Ireland,IE,2012,2012,0
Annual,A,EU framework,EU,Israel,IL,Person,PER,Ireland,IE,2013,2013,0
Annual,A,EU framework,EU,Israel,IL,Person,PER,Ireland,IE,2014,2014,0
Annual,A,EU framework,EU,Israel,IL,Person,PER,Ireland,IE,2016,2016,0
Annual,A,EU framework,EU,Israel,IL,Person,PER,Ireland,IE,2017,2017,0
Annual,A,EU framework,EU,Israel,IL,Person,PER,Ireland,IE,2018,2018,0
Annual,A,EU framework,EU,Israel,IL,Person,PER,Ireland,IE,2019,2019,0
Annual,A,EU framework,EU,Israel,IL,Person,PER,Ireland,IE,2020,2020,0
Annual,A,EU framework,EU,Israel,IL,Person,PER,Ireland,IE,2021,2021,0
Annual,A,EU framework,EU,Israel,IL,Person,PER,Ireland,IE,2022,2022,0
Annual,A,EU framework,EU,Israel,IL,Person,PER,Ireland,IE,2023,2023,0
Annual,A,EU framework,EU,Israel,IL,Person,PER,Ireland,IE,2024,2024,0
Annual,A,EU framework,EU,Israel,IL,Person,PER,Ireland,IE,2025,2025,0
Annual,A,EU framework,EU,Jordan,JO,Person,PER,Ireland,IE,2008,2008,0
Annual,A,EU framework,EU,Jordan,JO,Person,PER,Ireland,IE,2009,2009,0
Annual,A,EU framework,EU,Jordan,JO,Person,PER,Ireland,IE,2012,2012,0
Annual,A,EU framework,EU,Jordan,JO,Person,PER,Ireland,IE,2013,2013,0
Annual,A,EU framework,EU,Jordan,JO,Person,PER,Ireland,IE,2014,2014,0
Annual,A,EU framework,EU,Jordan,JO,Person,PER,Ireland,IE,2016,2016,0
Annual,A,EU framework,EU,Jordan,JO,Person,PER,Ireland,IE,2017,2017,0
Annual,A,EU framework,EU,Jordan,JO,Person,PER,Ireland,IE,2018,2018,0
Annual,A,EU framework,EU,Jordan,JO,Person,PER,Ireland,IE,2019,2019,0
Annual,A,EU framework,EU,Jordan,JO,Person,PER,Ireland,IE,2020,2020,0
Annual,A,EU framework,EU,Jordan,JO,Person,PER,Ireland,IE,2021,2021,0
Annual,A,EU framework,EU,Jordan,JO,Person,PER,Ireland,IE,2022,2022,0
Annual,A,EU framework,EU,Jordan,JO,Person,PER,Ireland,IE,2023,2023,0
Annual,A,EU framework,EU,Jordan,JO,Person,PER,Ireland,IE,2024,2024,0
Annual,A,EU framework,EU,Jordan,JO,Person,PER,Ireland,IE,2025,2025,0
Annual,A,EU framework,EU,Kuwait,KW,Person,PER,Ireland,IE,2008,2008,2
Annual,A,EU framework,EU,Kuwait,KW,Person,PER,Ireland,IE,2009,2009,0
Annual,A,EU framework,EU,Kuwait,KW,Person,PER,Ireland,IE,2012,2012,0
Annual,A,EU framework,EU,Kuwait,KW,Person,PER,Ireland,IE,2013,2013,0
Annual,A,EU framework,EU,Kuwait,KW,Person,PER,Ireland,IE,2014,2014,0
Annual,A,EU framework,EU,Kuwait,KW,Person,PER,Ireland,IE,2016,2016,0
Annual,A,EU framework,EU,Kuwait,KW,Person,PER,Ireland,IE,2017,2017,0
Annual,A,EU framework,EU,Kuwait,KW,Person,PER,Ireland,IE,2018,2018,0
Annual,A,EU framework,EU,Kuwait,KW,Person,PER,Ireland,IE,2019,2019,0
Annual,A,EU framework,EU,Kuwait,KW,Person,PER,Ireland,IE,2020,2020,0
Annual,A,EU framework,EU,Kuwait,KW,Person,PER,Ireland,IE,2021,2021,0
Annual,A,EU framework,EU,Kuwait,KW,Person,PER,Ireland,IE,2022,2022,0
Annual,A,EU framework,EU,Kuwait,KW,Person,PER,Ireland,IE,2023,2023,0
Annual,A,EU framework,EU,Kuwait,KW,Person,PER,Ireland,IE,2024,2024,0
Annual,A,EU framework,EU,Kuwait,KW,Person,PER,Ireland,IE,2025,2025,0
Annual,A,EU framework,EU,Lebanon,LB,Person,PER,Ireland,IE,2008,2008,3
Annual,A,EU framework,EU,Lebanon,LB,Person,PER,Ireland,IE,2009,2009,2
Annual,A,EU framework,EU,Lebanon,LB,Person,PER,Ireland,IE,2012,2012,0
Annual,A,EU framework,EU,Lebanon,LB,Person,PER,Ireland,IE,2013,2013,0
Annual,A,EU framework,EU,Lebanon,LB,Person,PER,Ireland,IE,2014,2014,0
Annual,A,EU framework,EU,Lebanon,LB,Person,PER,Ireland,IE,2016,2016,0
Annual,A,EU framework,EU,Lebanon,LB,Person,PER,Ireland,IE,2017,2017,0
Annual,A,EU framework,EU,Lebanon,LB,Person,PER,Ireland,IE,2018,2018,0
Annual,A,EU framework,EU,Lebanon,LB,Person,PER,Ireland,IE,2019,2019,0
Annual,A,EU framework,EU,Lebanon,LB,Person,PER,Ireland,IE,2020,2020,0
Annual,A,EU framework,EU,Lebanon,LB,Person,PER,Ireland,IE,2021,2021,0
Annual,A,EU framework,EU,Lebanon,LB,Person,PER,Ireland,IE,2022,2022,0
Annual,A,EU framework,EU,Lebanon,LB,Person,PER,Ireland,IE,2023,2023,0
Annual,A,EU framework,EU,Lebanon,LB,Person,PER,Ireland,IE,2024,2024,0
Annual,A,EU framework,EU,Lebanon,LB,Person,PER,Ireland,IE,2025,2025,0
Annual,A,EU framework,EU,Palestine*,PS,Person,PER,Ireland,IE,2008,2008,4
Annual,A,EU framework,EU,Palestine*,PS,Person,PER,Ireland,IE,2009,2009,3
Annual,A,EU framework,EU,Palestine*,PS,Person,PER,Ireland,IE,2012,2012,0
Annual,A,EU framework,EU,Palestine*,PS,Person,PER,Ireland,IE,2013,2013,0
Annual,A,EU framework,EU,Palestine*,PS,Person,PER,Ireland,IE,2014,2014,0
Annual,A,EU framework,EU,Palestine*,PS,Person,PER,Ireland,IE,2016,2016,0
Annual,A,EU framework,EU,Palestine*,PS,Person,PER,Ireland,IE,2017,2017,0
Annual,A,EU framework,EU,Palestine*,PS,Person,PER,Ireland,IE,2018,2018,0
Annual,A,EU framework,EU,Palestine*,PS,Person,PER,Ireland,IE,2019,2019,0
Annual,A,EU framework,EU,Palestine*,PS,Person,PER,Ireland,IE,2020,2020,0
Annual,A,EU framework,EU,Palestine*,PS,Person,PER,Ireland,IE,2021,2021,0
Annual,A,EU framework,EU,Palestine*,PS,Person,PER,Ireland,IE,2022,2022,0
Annual,A,EU framework,EU,Palestine*,PS,Person,PER,Ireland,IE,2023,2023,0
Annual,A,EU framework,EU,Palestine*,PS,Person,PER,Ireland,IE,2024,2024,0
Annual,A,EU framework,EU,Palestine*,PS,Person,PER,Ireland,IE,2025,2025,0
Annual,A,EU framework,EU,Oman,OM,Person,PER,Ireland,IE,2008,2008,1
Annual,A,EU framework,EU,Oman,OM,Person,PER,Ireland,IE,2009,2009,0
Annual,A,EU framework,EU,Oman,OM,Person,PER,Ireland,IE,2012,2012,0
Annual,A,EU framework,EU,Oman,OM,Person,PER,Ireland,IE,2013,2013,0
Annual,A,EU framework,EU,Oman,OM,Person,PER,Ireland,IE,2014,2014,0
Annual,A,EU framework,EU,Oman,OM,Person,PER,Ireland,IE,2016,2016,0
Annual,A,EU framework,EU,Oman,OM,Person,PER,Ireland,IE,2017,2017,0
Annual,A,EU framework,EU,Oman,OM,Person,PER,Ireland,IE,2018,2018,0
Annual,A,EU framework,EU,Oman,OM,Person,PER,Ireland,IE,2019,2019,0
Annual,A,EU framework,EU,Oman,OM,Person,PER,Ireland,IE,2020,2020,0
Annual,A,EU framework,EU,Oman,OM,Person,PER,Ireland,IE,2021,2021,0
Annual,A,EU framework,EU,Oman,OM,Person,PER,Ireland,IE,2022,2022,0
Annual,A,EU framework,EU,Oman,OM,Person,PER,Ireland,IE,2023,2023,0
Annual,A,EU framework,EU,Oman,OM,Person,PER,Ireland,IE,2024,2024,0
Annual,A,EU framework,EU,Oman,OM,Person,PER,Ireland,IE,2025,2025,0
Annual,A,EU framework,EU,Qatar,QA,Person,PER,Ireland,IE,2008,2008,0
Annual,A,EU framework,EU,Qatar,QA,Person,PER,Ireland,IE,2009,2009,0
Annual,A,EU framework,EU,Qatar,QA,Person,PER,Ireland,IE,2012,2012,0
Annual,A,EU framework,EU,Qatar,QA,Person,PER,Ireland,IE,2013,2013,0
Annual,A,EU framework,EU,Qatar,QA,Person,PER,Ireland,IE,2014,2014,0
Annual,A,EU framework,EU,Qatar,QA,Person,PER,Ireland,IE,2016,2016,0
Annual,A,EU framework,EU,Qatar,QA,Person,PER,Ireland,IE,2017,2017,0
Annual,A,EU framework,EU,Qatar,QA,Person,PER,Ireland,IE,2018,2018,0
Annual,A,EU framework,EU,Qatar,QA,Person,PER,Ireland,IE,2019,2019,0
Annual,A,EU framework,EU,Qatar,QA,Person,PER,Ireland,IE,2020,2020,0
Annual,A,EU framework,EU,Qatar,QA,Person,PER,Ireland,IE,2021,2021,0
Annual,A,EU framework,EU,Qatar,QA,Person,PER,Ireland,IE,2022,2022,0
Annual,A,EU framework,EU,Qatar,QA,Person,PER,Ireland,IE,2023,2023,0
Annual,A,EU framework,EU,Qatar,QA,Person,PER,Ireland,IE,2024,2024,0
Annual,A,EU framework,EU,Qatar,QA,Person,PER,Ireland,IE,2025,2025,0
Annual,A,EU framework,EU,Saudi Arabia,SA,Person,PER,Ireland,IE,2008,2008,0
Annual,A,EU framework,EU,Saudi Arabia,SA,Person,PER,Ireland,IE,2009,2009,0
Annual,A,EU framework,EU,Saudi Arabia,SA,Person,PER,Ireland,IE,2012,2012,0
Annual,A,EU framework,EU,Saudi Arabia,SA,Person,PER,Ireland,IE,2013,2013,0
Annual,A,EU framework,EU,Saudi Arabia,SA,Person,PER,Ireland,IE,2014,2014,0
Annual,A,EU framework,EU,Saudi Arabia,SA,Person,PER,Ireland,IE,2016,2016,0
Annual,A,EU framework,EU,Saudi Arabia,SA,Person,PER,Ireland,IE,2017,2017,0
Annual,A,EU framework,EU,Saudi Arabia,SA,Person,PER,Ireland,IE,2018,2018,0
Annual,A,EU framework,EU,Saudi Arabia,SA,Person,PER,Ireland,IE,2019,2019,0
Annual,A,EU framework,EU,Saudi Arabia,SA,Person,PER,Ireland,IE,2020,2020,0
Annual,A,EU framework,EU,Saudi Arabia,SA,Person,PER,Ireland,IE,2021,2021,0
Annual,A,EU framework,EU,Saudi Arabia,SA,Person,PER,Ireland,IE,2022,2022,0
Annual,A,EU framework,EU,Saudi Arabia,SA,Person,PER,Ireland,IE,2023,2023,0
Annual,A,EU framework,EU,Saudi Arabia,SA,Person,PER,Ireland,IE,2024,2024,0
Annual,A,EU framework,EU,Saudi Arabia,SA,Person,PER,Ireland,IE,2025,2025,0
Annual,A,EU framework,EU,Syria,SY,Person,PER,Ireland,IE,2008,2008,9
Annual,A,EU framework,EU,Syria,SY,Person,PER,Ireland,IE,2009,2009,7
Annual,A,EU framework,EU,Syria,SY,Person,PER,Ireland,IE,2012,2012,0
Annual,A,EU framework,EU,Syria,SY,Person,PER,Ireland,IE,2013,2013,0
Annual,A,EU framework,EU,Syria,SY,Person,PER,Ireland,IE,2014,2014,0
Annual,A,EU framework,EU,Syria,SY,Person,PER,Ireland,IE,2016,2016,0
Annual,A,EU framework,EU,Syria,SY,Person,PER,Ireland,IE,2017,2017,0
Annual,A,EU framework,EU,Syria,SY,Person,PER,Ireland,IE,2018,2018,0
Annual,A,EU framework,EU,Syria,SY,Person,PER,Ireland,IE,2019,2019,0
Annual,A,EU framework,EU,Syria,SY,Person,PER,Ireland,IE,2020,2020,0
Annual,A,EU framework,EU,Syria,SY,Person,PER,Ireland,IE,2021,2021,0
Annual,A,EU framework,EU,Syria,SY,Person,PER,Ireland,IE,2022,2022,0
Annual,A,EU framework,EU,Syria,SY,Person,PER,Ireland,IE,2023,2023,0
Annual,A,EU framework,EU,Syria,SY,Person,PER,Ireland,IE,2024,2024,0
Annual,A,EU framework,EU,Syria,SY,Person,PER,Ireland,IE,2025,2025,0
Annual,A,EU framework,EU,United Arab Emirates,AE,Person,PER,Ireland,IE,2008,2008,0
Annual,A,EU framework,EU,United Arab Emirates,AE,Person,PER,Ireland,IE,2009,2009,0
Annual,A,EU framework,EU,United Arab Emirates,AE,Person,PER,Ireland,IE,2012,2012,0
Annual,A,EU framework,EU,United Arab Emirates,AE,Person,PER,Ireland,IE,2013,2013,0
Annual,A,EU framework,EU,United Arab Emirates,AE,Person,PER,Ireland,IE,2014,2014,0
Annual,A,EU framework,EU,United Arab Emirates,AE,Person,PER,Ireland,IE,2016,2016,0
Annual,A,EU framework,EU,United Arab Emirates,AE,Person,PER,Ireland,IE,2017,2017,0
Annual,A,EU framework,EU,United Arab Emirates,AE,Person,PER,Ireland,IE,2018,2018,0
Annual,A,EU framework,EU,United Arab Emirates,AE,Person,PER,Ireland,IE,2019,2019,0
Annual,A,EU framework,EU,United Arab Emirates,AE,Person,PER,Ireland,IE,2020,2020,0
Annual,A,EU framework,EU,United Arab Emirates,AE,Person,PER,Ireland,IE,2021,2021,0
Annual,A,EU framework,EU,United Arab Emirates,AE,Person,PER,Ireland,IE,2022,2022,0
Annual,A,EU framework,EU,United Arab Emirates,AE,Person,PER,Ireland,IE,2023,2023,0
Annual,A,EU framework,EU,United Arab Emirates,AE,Person,PER,Ireland,IE,2024,2024,0
Annual,A,EU framework,EU,United Arab Emirates,AE,Person,PER,Ireland,IE,2025,2025,0
Annual,A,EU framework,EU,Yemen,YE,Person,PER,Ireland,IE,2008,2008,2
Annual,A,EU framework,EU,Yemen,YE,Person,PER,Ireland,IE,2009,2009,1
Annual,A,EU framework,EU,Yemen,YE,Person,PER,Ireland,IE,2012,2012,0
Annual,A,EU framework,EU,Yemen,YE,Person,PER,Ireland,IE,2013,2013,0
Annual,A,EU framework,EU,Yemen,YE,Person,PER,Ireland,IE,2014,2014,0
Annual,A,EU framework,EU,Yemen,YE,Person,PER,Ireland,IE,2016,2016,0
Annual,A,EU framework,EU,Yemen,YE,Person,PER,Ireland,IE,2017,2017,0
Annual,A,EU framework,EU,Yemen,YE,Person,PER,Ireland,IE,2018,2018,0
Annual,A,EU framework,EU,Yemen,YE,Person,PER,Ireland,IE,2019,2019,0
Annual,A,EU framework,EU,Yemen,YE,Person,PER,Ireland,IE,2020,2020,0
Annual,A,EU framework,EU,Yemen,YE,Person,PER,Ireland,IE,2021,2021,0
Annual,A,EU framework,EU,Yemen,YE,Person,PER,Ireland,IE,2022,2022,0
Annual,A,EU framework,EU,Yemen,YE,Person,PER,Ireland,IE,2023,2023,0
Annual,A,EU framework,EU,Yemen,YE,Person,PER,Ireland,IE,2024,2024,0
Annual,A,EU framework,EU,Yemen,YE,Person,PER,Ireland,IE,2025,2025,0
Annual,A,EU framework,EU,Australia,AU,Person,PER,Ireland,IE,2008,2008,457
Annual,A,EU framework,EU,Australia,AU,Person,PER,Ireland,IE,2009,2009,285
Annual,A,EU framework,EU,Australia,AU,Person,PER,Ireland,IE,2012,2012,0
Annual,A,EU framework,EU,Australia,AU,Person,PER,Ireland,IE,2013,2013,0
Annual,A,EU framework,EU,Australia,AU,Person,PER,Ireland,IE,2014,2014,0
Annual,A,EU framework,EU,Australia,AU,Person,PER,Ireland,IE,2016,2016,0
Annual,A,EU framework,EU,Australia,AU,Person,PER,Ireland,IE,2017,2017,0
Annual,A,EU framework,EU,Australia,AU,Person,PER,Ireland,IE,2018,2018,0
Annual,A,EU framework,EU,Australia,AU,Person,PER,Ireland,IE,2019,2019,0
Annual,A,EU framework,EU,Australia,AU,Person,PER,Ireland,IE,2020,2020,0
Annual,A,EU framework,EU,Australia,AU,Person,PER,Ireland,IE,2021,2021,0
Annual,A,EU framework,EU,Australia,AU,Person,PER,Ireland,IE,2022,2022,0
Annual,A,EU framework,EU,Australia,AU,Person,PER,Ireland,IE,2023,2023,0
Annual,A,EU framework,EU,Australia,AU,Person,PER,Ireland,IE,2024,2024,0
Annual,A,EU framework,EU,Australia,AU,Person,PER,Ireland,IE,2025,2025,0
Annual,A,EU framework,EU,New Zealand,NZ,Person,PER,Ireland,IE,2008,2008,123
Annual,A,EU framework,EU,New Zealand,NZ,Person,PER,Ireland,IE,2009,2009,55
Annual,A,EU framework,EU,New Zealand,NZ,Person,PER,Ireland,IE,2012,2012,0
Annual,A,EU framework,EU,New Zealand,NZ,Person,PER,Ireland,IE,2013,2013,0
Annual,A,EU framework,EU,New Zealand,NZ,Person,PER,Ireland,IE,2014,2014,0
Annual,A,EU framework,EU,New Zealand,NZ,Person,PER,Ireland,IE,2016,2016,0
Annual,A,EU framework,EU,New Zealand,NZ,Person,PER,Ireland,IE,2017,2017,0
Annual,A,EU framework,EU,New Zealand,NZ,Person,PER,Ireland,IE,2018,2018,0
Annual,A,EU framework,EU,New Zealand,NZ,Person,PER,Ireland,IE,2019,2019,0
Annual,A,EU framework,EU,New Zealand,NZ,Person,PER,Ireland,IE,2020,2020,0
Annual,A,EU framework,EU,New Zealand,NZ,Person,PER,Ireland,IE,2021,2021,0
Annual,A,EU framework,EU,New Zealand,NZ,Person,PER,Ireland,IE,2022,2022,0
Annual,A,EU framework,EU,New Zealand,NZ,Person,PER,Ireland,IE,2023,2023,0
Annual,A,EU framework,EU,New Zealand,NZ,Person,PER,Ireland,IE,2024,2024,0
Annual,A,EU framework,EU,New Zealand,NZ,Person,PER,Ireland,IE,2025,2025,0
Annual,A,EU framework,EU,Fiji,FJ,Person,PER,Ireland,IE,2008,2008,1
Annual,A,EU framework,EU,Fiji,FJ,Person,PER,Ireland,IE,2009,2009,1
Annual,A,EU framework,EU,Fiji,FJ,Person,PER,Ireland,IE,2012,2012,0
Annual,A,EU framework,EU,Fiji,FJ,Person,PER,Ireland,IE,2013,2013,0
Annual,A,EU framework,EU,Fiji,FJ,Person,PER,Ireland,IE,2014,2014,0
Annual,A,EU framework,EU,Fiji,FJ,Person,PER,Ireland,IE,2016,2016,0
Annual,A,EU framework,EU,Fiji,FJ,Person,PER,Ireland,IE,2017,2017,0
Annual,A,EU framework,EU,Fiji,FJ,Person,PER,Ireland,IE,2018,2018,0
Annual,A,EU framework,EU,Fiji,FJ,Person,PER,Ireland,IE,2019,2019,0
Annual,A,EU framework,EU,Fiji,FJ,Person,PER,Ireland,IE,2020,2020,0
Annual,A,EU framework,EU,Fiji,FJ,Person,PER,Ireland,IE,2021,2021,0
Annual,A,EU framework,EU,Fiji,FJ,Person,PER,Ireland,IE,2022,2022,0
Annual,A,EU framework,EU,Fiji,FJ,Person,PER,Ireland,IE,2023,2023,0
Annual,A,EU framework,EU,Fiji,FJ,Person,PER,Ireland,IE,2024,2024,0
Annual,A,EU framework,EU,Fiji,FJ,Person,PER,Ireland,IE,2025,2025,0
Annual,A,EU framework,EU,Papua New Guinea,PG,Person,PER,Ireland,IE,2008,2008,1
Annual,A,EU framework,EU,Papua New Guinea,PG,Person,PER,Ireland,IE,2009,2009,1
Annual,A,EU framework,EU,Papua New Guinea,PG,Person,PER,Ireland,IE,2012,2012,0
Annual,A,EU framework,EU,Papua New Guinea,PG,Person,PER,Ireland,IE,2013,2013,0
Annual,A,EU framework,EU,Papua New Guinea,PG,Person,PER,Ireland,IE,2014,2014,0
Annual,A,EU framework,EU,Papua New Guinea,PG,Person,PER,Ireland,IE,2016,2016,0
Annual,A,EU framework,EU,Papua New Guinea,PG,Person,PER,Ireland,IE,2017,2017,0
Annual,A,EU framework,EU,Papua New Guinea,PG,Person,PER,Ireland,IE,2018,2018,0
Annual,A,EU framework,EU,Papua New Guinea,PG,Person,PER,Ireland,IE,2019,2019,0
Annual,A,EU framework,EU,Papua New Guinea,PG,Person,PER,Ireland,IE,2020,2020,0
Annual,A,EU framework,EU,Papua New Guinea,PG,Person,PER,Ireland,IE,2021,2021,0
Annual,A,EU framework,EU,Papua New Guinea,PG,Person,PER,Ireland,IE,2022,2022,0
Annual,A,EU framework,EU,Papua New Guinea,PG,Person,PER,Ireland,IE,2023,2023,0
Annual,A,EU framework,EU,Papua New Guinea,PG,Person,PER,Ireland,IE,2024,2024,0
Annual,A,EU framework,EU,Papua New Guinea,PG,Person,PER,Ireland,IE,2025,2025,0
Annual,A,EU framework,EU,Solomon Islands,SB,Person,PER,Ireland,IE,2008,2008,0
Annual,A,EU framework,EU,Solomon Islands,SB,Person,PER,Ireland,IE,2009,2009,0
Annual,A,EU framework,EU,Solomon Islands,SB,Person,PER,Ireland,IE,2012,2012,0
Annual,A,EU framework,EU,Solomon Islands,SB,Person,PER,Ireland,IE,2013,2013,0
Annual,A,EU framework,EU,Solomon Islands,SB,Person,PER,Ireland,IE,2014,2014,0
Annual,A,EU framework,EU,Solomon Islands,SB,Person,PER,Ireland,IE,2016,2016,0
Annual,A,EU framework,EU,Solomon Islands,SB,Person,PER,Ireland,IE,2017,2017,0
Annual,A,EU framework,EU,Solomon Islands,SB,Person,PER,Ireland,IE,2018,2018,0
Annual,A,EU framework,EU,Solomon Islands,SB,Person,PER,Ireland,IE,2019,2019,0
Annual,A,EU framework,EU,Solomon Islands,SB,Person,PER,Ireland,IE,2020,2020,0
Annual,A,EU framework,EU,Solomon Islands,SB,Person,PER,Ireland,IE,2021,2021,0
Annual,A,EU framework,EU,Solomon Islands,SB,Person,PER,Ireland,IE,2022,2022,0
Annual,A,EU framework,EU,Solomon Islands,SB,Person,PER,Ireland,IE,2023,2023,0
Annual,A,EU framework,EU,Solomon Islands,SB,Person,PER,Ireland,IE,2024,2024,0
Annual,A,EU framework,EU,Solomon Islands,SB,Person,PER,Ireland,IE,2025,2025,0
Annual,A,EU framework,EU,Vanuatu,VU,Person,PER,Ireland,IE,2008,2008,0
Annual,A,EU framework,EU,Vanuatu,VU,Person,PER,Ireland,IE,2009,2009,0
Annual,A,EU framework,EU,Vanuatu,VU,Person,PER,Ireland,IE,2012,2012,0
Annual,A,EU framework,EU,Vanuatu,VU,Person,PER,Ireland,IE,2013,2013,0
Annual,A,EU framework,EU,Vanuatu,VU,Person,PER,Ireland,IE,2014,2014,0
Annual,A,EU framework,EU,Vanuatu,VU,Person,PER,Ireland,IE,2016,2016,0
Annual,A,EU framework,EU,Vanuatu,VU,Person,PER,Ireland,IE,2017,2017,0
Annual,A,EU framework,EU,Vanuatu,VU,Person,PER,Ireland,IE,2018,2018,0
Annual,A,EU framework,EU,Vanuatu,VU,Person,PER,Ireland,IE,2019,2019,0
Annual,A,EU framework,EU,Vanuatu,VU,Person,PER,Ireland,IE,2020,2020,0
Annual,A,EU framework,EU,Vanuatu,VU,Person,PER,Ireland,IE,2021,2021,0
Annual,A,EU framework,EU,Vanuatu,VU,Person,PER,Ireland,IE,2022,2022,0
Annual,A,EU framework,EU,Vanuatu,VU,Person,PER,Ireland,IE,2023,2023,0
Annual,A,EU framework,EU,Vanuatu,VU,Person,PER,Ireland,IE,2024,2024,0
Annual,A,EU framework,EU,Vanuatu,VU,Person,PER,Ireland,IE,2025,2025,0
Annual,A,EU framework,EU,Kiribati,KI,Person,PER,Ireland,IE,2008,2008,0
Annual,A,EU framework,EU,Kiribati,KI,Person,PER,Ireland,IE,2009,2009,0
Annual,A,EU framework,EU,Kiribati,KI,Person,PER,Ireland,IE,2012,2012,0
Annual,A,EU framework,EU,Kiribati,KI,Person,PER,Ireland,IE,2013,2013,0
Annual,A,EU framework,EU,Kiribati,KI,Person,PER,Ireland,IE,2014,2014,0
Annual,A,EU framework,EU,Kiribati,KI,Person,PER,Ireland,IE,2016,2016,0
Annual,A,EU framework,EU,Kiribati,KI,Person,PER,Ireland,IE,2017,2017,0
Annual,A,EU framework,EU,Kiribati,KI,Person,PER,Ireland,IE,2018,2018,0
Annual,A,EU framework,EU,Kiribati,KI,Person,PER,Ireland,IE,2019,2019,0
Annual,A,EU framework,EU,Kiribati,KI,Person,PER,Ireland,IE,2020,2020,0
Annual,A,EU framework,EU,Kiribati,KI,Person,PER,Ireland,IE,2021,2021,0
Annual,A,EU framework,EU,Kiribati,KI,Person,PER,Ireland,IE,2022,2022,0
Annual,A,EU framework,EU,Kiribati,KI,Person,PER,Ireland,IE,2023,2023,0
Annual,A,EU framework,EU,Kiribati,KI,Person,PER,Ireland,IE,2024,2024,0
Annual,A,EU framework,EU,Kiribati,KI,Person,PER,Ireland,IE,2025,2025,0
Annual,A,EU framework,EU,Marshall Islands,MH,Person,PER,Ireland,IE,2008,2008,0
Annual,A,EU framework,EU,Marshall Islands,MH,Person,PER,Ireland,IE,2009,2009,0
Annual,A,EU framework,EU,Marshall Islands,MH,Person,PER,Ireland,IE,2012,2012,0
Annual,A,EU framework,EU,Marshall Islands,MH,Person,PER,Ireland,IE,2013,2013,0
Annual,A,EU framework,EU,Marshall Islands,MH,Person,PER,Ireland,IE,2014,2014,0
Annual,A,EU framework,EU,Marshall Islands,MH,Person,PER,Ireland,IE,2016,2016,0
Annual,A,EU framework,EU,Marshall Islands,MH,Person,PER,Ireland,IE,2017,2017,0
Annual,A,EU framework,EU,Marshall Islands,MH,Person,PER,Ireland,IE,2018,2018,0
Annual,A,EU framework,EU,Marshall Islands,MH,Person,PER,Ireland,IE,2019,2019,0
Annual,A,EU framework,EU,Marshall Islands,MH,Person,PER,Ireland,IE,2020,2020,0
Annual,A,EU framework,EU,Marshall Islands,MH,Person,PER,Ireland,IE,2021,2021,0
Annual,A,EU framework,EU,Marshall Islands,MH,Person,PER,Ireland,IE,2022,2022,0
Annual,A,EU framework,EU,Marshall Islands,MH,Person,PER,Ireland,IE,2023,2023,0
Annual,A,EU framework,EU,Marshall Islands,MH,Person,PER,Ireland,IE,2024,2024,0
Annual,A,EU framework,EU,Marshall Islands,MH,Person,PER,Ireland,IE,2025,2025,0
Annual,A,EU framework,EU,Federated States of Micronesia,FM,Person,PER,Ireland,IE,2008,2008,0
Annual,A,EU framework,EU,Federated States of Micronesia,FM,Person,PER,Ireland,IE,2009,2009,0
Annual,A,EU framework,EU,Federated States of Micronesia,FM,Person,PER,Ireland,IE,2012,2012,0
Annual,A,EU framework,EU,Federated States of Micronesia,FM,Person,PER,Ireland,IE,2013,2013,0
Annual,A,EU framework,EU,Federated States of Micronesia,FM,Person,PER,Ireland,IE,2014,2014,0
Annual,A,EU framework,EU,Federated States of Micronesia,FM,Person,PER,Ireland,IE,2016,2016,0
Annual,A,EU framework,EU,Federated States of Micronesia,FM,Person,PER,Ireland,IE,2017,2017,0
Annual,A,EU framework,EU,Federated States of Micronesia,FM,Person,PER,Ireland,IE,2018,2018,0
Annual,A,EU framework,EU,Federated States of Micronesia,FM,Person,PER,Ireland,IE,2019,2019,0
Annual,A,EU framework,EU,Federated States of Micronesia,FM,Person,PER,Ireland,IE,2020,2020,0
Annual,A,EU framework,EU,Federated States of Micronesia,FM,Person,PER,Ireland,IE,2021,2021,0
Annual,A,EU framework,EU,Federated States of Micronesia,FM,Person,PER,Ireland,IE,2022,2022,0
Annual,A,EU framework,EU,Federated States of Micronesia,FM,Person,PER,Ireland,IE,2023,2023,0
Annual,A,EU framework,EU,Federated States of Micronesia,FM,Person,PER,Ireland,IE,2024,2024,0
Annual,A,EU framework,EU,Federated States of Micronesia,FM,Person,PER,Ireland,IE,2025,2025,0
Annual,A,EU framework,EU,Nauru,NR,Person,PER,Ireland,IE,2008,2008,0
Annual,A,EU framework,EU,Nauru,NR,Person,PER,Ireland,IE,2009,2009,0
Annual,A,EU framework,EU,Nauru,NR,Person,PER,Ireland,IE,2012,2012,0
Annual,A,EU framework,EU,Nauru,NR,Person,PER,Ireland,IE,2013,2013,0
Annual,A,EU framework,EU,Nauru,NR,Person,PER,Ireland,IE,2014,2014,0
Annual,A,EU framework,EU,Nauru,NR,Person,PER,Ireland,IE,2016,2016,0
Annual,A,EU framework,EU,Nauru,NR,Person,PER,Ireland,IE,2017,2017,0
Annual,A,EU framework,EU,Nauru,NR,Person,PER,Ireland,IE,2018,2018,0
Annual,A,EU framework,EU,Nauru,NR,Person,PER,Ireland,IE,2019,2019,0
Annual,A,EU framework,EU,Nauru,NR,Person,PER,Ireland,IE,2020,2020,0
Annual,A,EU framework,EU,Nauru,NR,Person,PER,Ireland,IE,2021,2021,0
Annual,A,EU framework,EU,Nauru,NR,Person,PER,Ireland,IE,2022,2022,0
Annual,A,EU framework,EU,Nauru,NR,Person,PER,Ireland,IE,2023,2023,0
Annual,A,EU framework,EU,Nauru,NR,Person,PER,Ireland,IE,2024,2024,0
Annual,A,EU framework,EU,Nauru,NR,Person,PER,Ireland,IE,2025,2025,0
Annual,A,EU framework,EU,Palau,PW,Person,PER,Ireland,IE,2008,2008,0
Annual,A,EU framework,EU,Palau,PW,Person,PER,Ireland,IE,2009,2009,0
Annual,A,EU framework,EU,Palau,PW,Person,PER,Ireland,IE,2012,2012,0
Annual,A,EU framework,EU,Palau,PW,Person,PER,Ireland,IE,2013,2013,0
Annual,A,EU framework,EU,Palau,PW,Person,PER,Ireland,IE,2014,2014,0
Annual,A,EU framework,EU,Palau,PW,Person,PER,Ireland,IE,2016,2016,0
Annual,A,EU framework,EU,Palau,PW,Person,PER,Ireland,IE,2017,2017,0
Annual,A,EU framework,EU,Palau,PW,Person,PER,Ireland,IE,2018,2018,0
Annual,A,EU framework,EU,Palau,PW,Person,PER,Ireland,IE,2019,2019,0
Annual,A,EU framework,EU,Palau,PW,Person,PER,Ireland,IE,2020,2020,0
Annual,A,EU framework,EU,Palau,PW,Person,PER,Ireland,IE,2021,2021,0
Annual,A,EU framework,EU,Palau,PW,Person,PER,Ireland,IE,2022,2022,0
Annual,A,EU framework,EU,Palau,PW,Person,PER,Ireland,IE,2023,2023,0
Annual,A,EU framework,EU,Palau,PW,Person,PER,Ireland,IE,2024,2024,0
Annual,A,EU framework,EU,Palau,PW,Person,PER,Ireland,IE,2025,2025,0
Annual,A,EU framework,EU,Cook Islands,CK,Person,PER,Ireland,IE,2008,2008,0
Annual,A,EU framework,EU,Cook Islands,CK,Person,PER,Ireland,IE,2009,2009,0
Annual,A,EU framework,EU,Cook Islands,CK,Person,PER,Ireland,IE,2012,2012,0
Annual,A,EU framework,EU,Cook Islands,CK,Person,PER,Ireland,IE,2013,2013,0
Annual,A,EU framework,EU,Cook Islands,CK,Person,PER,Ireland,IE,2014,2014,0
Annual,A,EU framework,EU,Cook Islands,CK,Person,PER,Ireland,IE,2016,2016,0
Annual,A,EU framework,EU,Cook Islands,CK,Person,PER,Ireland,IE,2017,2017,0
Annual,A,EU framework,EU,Cook Islands,CK,Person,PER,Ireland,IE,2018,2018,0
Annual,A,EU framework,EU,Cook Islands,CK,Person,PER,Ireland,IE,2019,2019,0
Annual,A,EU framework,EU,Cook Islands,CK,Person,PER,Ireland,IE,2020,2020,0
Annual,A,EU framework,EU,Cook Islands,CK,Person,PER,Ireland,IE,2021,2021,0
Annual,A,EU framework,EU,Cook Islands,CK,Person,PER,Ireland,IE,2022,2022,0
Annual,A,EU framework,EU,Cook Islands,CK,Person,PER,Ireland,IE,2023,2023,0
Annual,A,EU framework,EU,Cook Islands,CK,Person,PER,Ireland,IE,2024,2024,0
Annual,A,EU framework,EU,Cook Islands,CK,Person,PER,Ireland,IE,2025,2025,0
Annual,A,EU framework,EU,Samoa,WS,Person,PER,Ireland,IE,2008,2008,1
Annual,A,EU framework,EU,Samoa,WS,Person,PER,Ireland,IE,2009,2009,0
Annual,A,EU framework,EU,Samoa,WS,Person,PER,Ireland,IE,2012,2012,0
Annual,A,EU framework,EU,Samoa,WS,Person,PER,Ireland,IE,2013,2013,0
Annual,A,EU framework,EU,Samoa,WS,Person,PER,Ireland,IE,2014,2014,0
Annual,A,EU framework,EU,Samoa,WS,Person,PER,Ireland,IE,2016,2016,0
Annual,A,EU framework,EU,Samoa,WS,Person,PER,Ireland,IE,2017,2017,0
Annual,A,EU framework,EU,Samoa,WS,Person,PER,Ireland,IE,2018,2018,0
Annual,A,EU framework,EU,Samoa,WS,Person,PER,Ireland,IE,2019,2019,0
Annual,A,EU framework,EU,Samoa,WS,Person,PER,Ireland,IE,2020,2020,0
Annual,A,EU framework,EU,Samoa,WS,Person,PER,Ireland,IE,2021,2021,0
Annual,A,EU framework,EU,Samoa,WS,Person,PER,Ireland,IE,2022,2022,0
Annual,A,EU framework,EU,Samoa,WS,Person,PER,Ireland,IE,2023,2023,0
Annual,A,EU framework,EU,Samoa,WS,Person,PER,Ireland,IE,2024,2024,0
Annual,A,EU framework,EU,Samoa,WS,Person,PER,Ireland,IE,2025,2025,0
Annual,A,EU framework,EU,Tonga,TO,Person,PER,Ireland,IE,2008,2008,0
Annual,A,EU framework,EU,Tonga,TO,Person,PER,Ireland,IE,2009,2009,0
Annual,A,EU framework,EU,Tonga,TO,Person,PER,Ireland,IE,2012,2012,0
Annual,A,EU framework,EU,Tonga,TO,Person,PER,Ireland,IE,2013,2013,0
Annual,A,EU framework,EU,Tonga,TO,Person,PER,Ireland,IE,2014,2014,0
Annual,A,EU framework,EU,Tonga,TO,Person,PER,Ireland,IE,2016,2016,0
Annual,A,EU framework,EU,Tonga,TO,Person,PER,Ireland,IE,2017,2017,0
Annual,A,EU framework,EU,Tonga,TO,Person,PER,Ireland,IE,2018,2018,0
Annual,A,EU framework,EU,Tonga,TO,Person,PER,Ireland,IE,2019,2019,0
Annual,A,EU framework,EU,Tonga,TO,Person,PER,Ireland,IE,2020,2020,0
Annual,A,EU framework,EU,Tonga,TO,Person,PER,Ireland,IE,2021,2021,0
Annual,A,EU framework,EU,Tonga,TO,Person,PER,Ireland,IE,2022,2022,0
Annual,A,EU framework,EU,Tonga,TO,Person,PER,Ireland,IE,2023,2023,0
Annual,A,EU framework,EU,Tonga,TO,Person,PER,Ireland,IE,2024,2024,0
Annual,A,EU framework,EU,Tonga,TO,Person,PER,Ireland,IE,2025,2025,0
Annual,A,EU framework,EU,Tuvalu,TV,Person,PER,Ireland,IE,2008,2008,0
Annual,A,EU framework,EU,Tuvalu,TV,Person,PER,Ireland,IE,2009,2009,0
Annual,A,EU framework,EU,Tuvalu,TV,Person,PER,Ireland,IE,2012,2012,0
Annual,A,EU framework,EU,Tuvalu,TV,Person,PER,Ireland,IE,2013,2013,0
Annual,A,EU framework,EU,Tuvalu,TV,Person,PER,Ireland,IE,2014,2014,0
Annual,A,EU framework,EU,Tuvalu,TV,Person,PER,Ireland,IE,2016,2016,0
Annual,A,EU framework,EU,Tuvalu,TV,Person,PER,Ireland,IE,2017,2017,0
Annual,A,EU framework,EU,Tuvalu,TV,Person,PER,Ireland,IE,2018,2018,0
Annual,A,EU framework,EU,Tuvalu,TV,Person,PER,Ireland,IE,2019,2019,0
Annual,A,EU framework,EU,Tuvalu,TV,Person,PER,Ireland,IE,2020,2020,0
Annual,A,EU framework,EU,Tuvalu,TV,Person,PER,Ireland,IE,2021,2021,0
Annual,A,EU framework,EU,Tuvalu,TV,Person,PER,Ireland,IE,2022,2022,0
Annual,A,EU framework,EU,Tuvalu,TV,Person,PER,Ireland,IE,2023,2023,0
Annual,A,EU framework,EU,Tuvalu,TV,Person,PER,Ireland,IE,2024,2024,0
Annual,A,EU framework,EU,Tuvalu,TV,Person,PER,Ireland,IE,2025,2025,0
Annual,A,EU framework,EU,Recognised non-citizens,RNC,Person,PER,Ireland,IE,2008,2008,0
Annual,A,EU framework,EU,Recognised non-citizens,RNC,Person,PER,Ireland,IE,2009,2009,0
Annual,A,EU framework,EU,Recognised non-citizens,RNC,Person,PER,Ireland,IE,2013,2013,0
Annual,A,EU framework,EU,Recognised non-citizens,RNC,Person,PER,Ireland,IE,2014,2014,0
Annual,A,EU framework,EU,Recognised non-citizens,RNC,Person,PER,Ireland,IE,2016,2016,0
Annual,A,EU framework,EU,Recognised non-citizens,RNC,Person,PER,Ireland,IE,2017,2017,0
Annual,A,EU framework,EU,Recognised non-citizens,RNC,Person,PER,Ireland,IE,2018,2018,0
Annual,A,EU framework,EU,Recognised non-citizens,RNC,Person,PER,Ireland,IE,2019,2019,0
Annual,A,EU framework,EU,Recognised non-citizens,RNC,Person,PER,Ireland,IE,2020,2020,0
Annual,A,EU framework,EU,Recognised non-citizens,RNC,Person,PER,Ireland,IE,2021,2021,0
Annual,A,EU framework,EU,Recognised non-citizens,RNC,Person,PER,Ireland,IE,2022,2022,0
Annual,A,EU framework,EU,Recognised non-citizens,RNC,Person,PER,Ireland,IE,2023,2023,0
Annual,A,EU framework,EU,Recognised non-citizens,RNC,Person,PER,Ireland,IE,2024,2024,0
Annual,A,EU framework,EU,Recognised non-citizens,RNC,Person,PER,Ireland,IE,2025,2025,0
Annual,A,EU framework,EU,Stateless,STLS,Person,PER,Ireland,IE,2008,2008,0
Annual,A,EU framework,EU,Stateless,STLS,Person,PER,Ireland,IE,2009,2009,0
Annual,A,EU framework,EU,Stateless,STLS,Person,PER,Ireland,IE,2012,2012,0
Annual,A,EU framework,EU,Stateless,STLS,Person,PER,Ireland,IE,2013,2013,0
Annual,A,EU framework,EU,Stateless,STLS,Person,PER,Ireland,IE,2014,2014,0
Annual,A,EU framework,EU,Stateless,STLS,Person,PER,Ireland,IE,2016,2016,0
Annual,A,EU framework,EU,Stateless,STLS,Person,PER,Ireland,IE,2017,2017,0
Annual,A,EU framework,EU,Stateless,STLS,Person,PER,Ireland,IE,2018,2018,0
Annual,A,EU framework,EU,Stateless,STLS,Person,PER,Ireland,IE,2019,2019,0
Annual,A,EU framework,EU,Stateless,STLS,Person,PER,Ireland,IE,2020,2020,0
Annual,A,EU framework,EU,Stateless,STLS,Person,PER,Ireland,IE,2021,2021,0
Annual,A,EU framework,EU,Stateless,STLS,Person,PER,Ireland,IE,2022,2022,0
Annual,A,EU framework,EU,Stateless,STLS,Person,PER,Ireland,IE,2023,2023,0
Annual,A,EU framework,EU,Stateless,STLS,Person,PER,Ireland,IE,2024,2024,0
Annual,A,EU framework,EU,Stateless,STLS,Person,PER,Ireland,IE,2025,2025,0
Annual,A,EU framework,EU,Total,TOTAL,Person,PER,Ireland,IE,2008,2008,5155
Annual,A,EU framework,EU,Total,TOTAL,Person,PER,Ireland,IE,2009,2009,3946
Annual,A,EU framework,EU,Total,TOTAL,Person,PER,Ireland,IE,2011,2011,0
Annual,A,EU framework,EU,Total,TOTAL,Person,PER,Ireland,IE,2012,2012,0
Annual,A,EU framework,EU,Total,TOTAL,Person,PER,Ireland,IE,2013,2013,0
Annual,A,EU framework,EU,Total,TOTAL,Person,PER,Ireland,IE,2014,2014,0
Annual,A,EU framework,EU,Total,TOTAL,Person,PER,Ireland,IE,2016,2016,0
Annual,A,EU framework,EU,Total,TOTAL,Person,PER,Ireland,IE,2017,2017,0
Annual,A,EU framework,EU,Total,TOTAL,Person,PER,Ireland,IE,2018,2018,0
Annual,A,EU framework,EU,Total,TOTAL,Person,PER,Ireland,IE,2019,2019,0
Annual,A,EU framework,EU,Total,TOTAL,Person,PER,Ireland,IE,2020,2020,0
Annual,A,EU framework,EU,Total,TOTAL,Person,PER,Ireland,IE,2021,2021,0
Annual,A,EU framework,EU,Total,TOTAL,Person,PER,Ireland,IE,2022,2022,0
Annual,A,EU framework,EU,Total,TOTAL,Person,PER,Ireland,IE,2023,2023,0
Annual,A,EU framework,EU,Total,TOTAL,Person,PER,Ireland,IE,2024,2024,0
Annual,A,EU framework,EU,Total,TOTAL,Person,PER,Ireland,IE,2025,2025,0
Annual,A,EU framework,EU,Unknown,UNK,Person,PER,Ireland,IE,2008,2008,0
Annual,A,EU framework,EU,Unknown,UNK,Person,PER,Ireland,IE,2009,2009,0
Annual,A,EU framework,EU,Unknown,UNK,Person,PER,Ireland,IE,2012,2012,0
Annual,A,EU framework,EU,Unknown,UNK,Person,PER,Ireland,IE,2013,2013,0
Annual,A,EU framework,EU,Unknown,UNK,Person,PER,Ireland,IE,2014,2014,0
Annual,A,EU framework,EU,Unknown,UNK,Person,PER,Ireland,IE,2016,2016,0
Annual,A,EU framework,EU,Unknown,UNK,Person,PER,Ireland,IE,2017,2017,0
Annual,A,EU framework,EU,Unknown,UNK,Person,PER,Ireland,IE,2018,2018,0
Annual,A,EU framework,EU,Unknown,UNK,Person,PER,Ireland,IE,2019,2019,0
Annual,A,EU framework,EU,Unknown,UNK,Person,PER,Ireland,IE,2020,2020,0
Annual,A,EU framework,EU,Unknown,UNK,Person,PER,Ireland,IE,2021,2021,0
Annual,A,EU framework,EU,Unknown,UNK,Person,PER,Ireland,IE,2022,2022,0
Annual,A,EU framework,EU,Unknown,UNK,Person,PER,Ireland,IE,2023,2023,0
Annual,A,EU framework,EU,Unknown,UNK,Person,PER,Ireland,IE,2024,2024,0
Annual,A,EU framework,EU,Unknown,UNK,Person,PER,Ireland,IE,2025,2025,0
Annual,A,National framework,NAT,Croatia,HR,Person,PER,Ireland,IE,2010,2010,14
Annual,A,National framework,NAT,Croatia,HR,Person,PER,Ireland,IE,2011,2011,20
Annual,A,National framework,NAT,Croatia,HR,Person,PER,Ireland,IE,2012,2012,19
Annual,A,National framework,NAT,Croatia,HR,Person,PER,Ireland,IE,2013,2013,0
Annual,A,National framework,NAT,Croatia,HR,Person,PER,Ireland,IE,2014,2014,0
Annual,A,National framework,NAT,Croatia,HR,Person,PER,Ireland,IE,2021,2021,0
Annual,A,National framework,NAT,Croatia,HR,Person,PER,Ireland,IE,2022,2022,0
Annual,A,National framework,NAT,Croatia,HR,Person,PER,Ireland,IE,2023,2023,0
Annual,A,National framework,NAT,Croatia,HR,Person,PER,Ireland,IE,2024,2024,0
Annual,A,National framework,NAT,Croatia,HR,Person,PER,Ireland,IE,2025,2025,0
Annual,A,National framework,NAT,Iceland,IS,Person,PER,Ireland,IE,2010,2010,0
Annual,A,National framework,NAT,Iceland,IS,Person,PER,Ireland,IE,2011,2011,0
Annual,A,National framework,NAT,Iceland,IS,Person,PER,Ireland,IE,2012,2012,0
Annual,A,National framework,NAT,Iceland,IS,Person,PER,Ireland,IE,2013,2013,0
Annual,A,National framework,NAT,Iceland,IS,Person,PER,Ireland,IE,2014,2014,0
Annual,A,National framework,NAT,Iceland,IS,Person,PER,Ireland,IE,2015,2015,0
Annual,A,National framework,NAT,Iceland,IS,Person,PER,Ireland,IE,2016,2016,0
Annual,A,National framework,NAT,Iceland,IS,Person,PER,Ireland,IE,2017,2017,0
Annual,A,National framework,NAT,Iceland,IS,Person,PER,Ireland,IE,2018,2018,0
Annual,A,National framework,NAT,Iceland,IS,Person,PER,Ireland,IE,2019,2019,0
Annual,A,National framework,NAT,Iceland,IS,Person,PER,Ireland,IE,2020,2020,0
Annual,A,National framework,NAT,Iceland,IS,Person,PER,Ireland,IE,2021,2021,0
Annual,A,National framework,NAT,Iceland,IS,Person,PER,Ireland,IE,2022,2022,0
Annual,A,National framework,NAT,Iceland,IS,Person,PER,Ireland,IE,2023,2023,0
Annual,A,National framework,NAT,Iceland,IS,Person,PER,Ireland,IE,2024,2024,0
Annual,A,National framework,NAT,Iceland,IS,Person,PER,Ireland,IE,2025,2025,0
Annual,A,National framework,NAT,Liechtenstein,LI,Person,PER,Ireland,IE,2010,2010,0
Annual,A,National framework,NAT,Liechtenstein,LI,Person,PER,Ireland,IE,2011,2011,0
Annual,A,National framework,NAT,Liechtenstein,LI,Person,PER,Ireland,IE,2012,2012,0
Annual,A,National framework,NAT,Liechtenstein,LI,Person,PER,Ireland,IE,2013,2013,0
Annual,A,National framework,NAT,Liechtenstein,LI,Person,PER,Ireland,IE,2014,2014,0
Annual,A,National framework,NAT,Liechtenstein,LI,Person,PER,Ireland,IE,2015,2015,0
Annual,A,National framework,NAT,Liechtenstein,LI,Person,PER,Ireland,IE,2016,2016,0
Annual,A,National framework,NAT,Liechtenstein,LI,Person,PER,Ireland,IE,2017,2017,0
Annual,A,National framework,NAT,Liechtenstein,LI,Person,PER,Ireland,IE,2018,2018,0
Annual,A,National framework,NAT,Liechtenstein,LI,Person,PER,Ireland,IE,2019,2019,0
Annual,A,National framework,NAT,Liechtenstein,LI,Person,PER,Ireland,IE,2020,2020,0
Annual,A,National framework,NAT,Liechtenstein,LI,Person,PER,Ireland,IE,2021,2021,0
Annual,A,National framework,NAT,Liechtenstein,LI,Person,PER,Ireland,IE,2022,2022,0
Annual,A,National framework,NAT,Liechtenstein,LI,Person,PER,Ireland,IE,2023,2023,0
Annual,A,National framework,NAT,Liechtenstein,LI,Person,PER,Ireland,IE,2024,2024,0
Annual,A,National framework,NAT,Liechtenstein,LI,Person,PER,Ireland,IE,2025,2025,0
Annual,A,National framework,NAT,Norway,NO,Person,PER,Ireland,IE,2010,2010,0
Annual,A,National framework,NAT,Norway,NO,Person,PER,Ireland,IE,2011,2011,0
Annual,A,National framework,NAT,Norway,NO,Person,PER,Ireland,IE,2012,2012,0
Annual,A,National framework,NAT,Norway,NO,Person,PER,Ireland,IE,2013,2013,0
Annual,A,National framework,NAT,Norway,NO,Person,PER,Ireland,IE,2014,2014,0
Annual,A,National framework,NAT,Norway,NO,Person,PER,Ireland,IE,2015,2015,0
Annual,A,National framework,NAT,Norway,NO,Person,PER,Ireland,IE,2016,2016,0
Annual,A,National framework,NAT,Norway,NO,Person,PER,Ireland,IE,2017,2017,0
Annual,A,National framework,NAT,Norway,NO,Person,PER,Ireland,IE,2018,2018,0
Annual,A,National framework,NAT,Norway,NO,Person,PER,Ireland,IE,2019,2019,0
Annual,A,National framework,NAT,Norway,NO,Person,PER,Ireland,IE,2020,2020,0
Annual,A,National framework,NAT,Norway,NO,Person,PER,Ireland,IE,2021,2021,0
Annual,A,National framework,NAT,Norway,NO,Person,PER,Ireland,IE,2022,2022,0
Annual,A,National framework,NAT,Norway,NO,Person,PER,Ireland,IE,2023,2023,0
Annual,A,National framework,NAT,Norway,NO,Person,PER,Ireland,IE,2024,2024,0
Annual,A,National framework,NAT,Norway,NO,Person,PER,Ireland,IE,2025,2025,0
Annual,A,National framework,NAT,Switzerland,CH,Person,PER,Ireland,IE,2010,2010,0
Annual,A,National framework,NAT,Switzerland,CH,Person,PER,Ireland,IE,2011,2011,0
Annual,A,National framework,NAT,Switzerland,CH,Person,PER,Ireland,IE,2012,2012,0
Annual,A,National framework,NAT,Switzerland,CH,Person,PER,Ireland,IE,2013,2013,0
Annual,A,National framework,NAT,Switzerland,CH,Person,PER,Ireland,IE,2014,2014,0
Annual,A,National framework,NAT,Switzerland,CH,Person,PER,Ireland,IE,2015,2015,0
Annual,A,National framework,NAT,Switzerland,CH,Person,PER,Ireland,IE,2016,2016,0
Annual,A,National framework,NAT,Switzerland,CH,Person,PER,Ireland,IE,2017,2017,0
Annual,A,National framework,NAT,Switzerland,CH,Person,PER,Ireland,IE,2018,2018,0
Annual,A,National framework,NAT,Switzerland,CH,Person,PER,Ireland,IE,2019,2019,0
Annual,A,National framework,NAT,Switzerland,CH,Person,PER,Ireland,IE,2020,2020,0
Annual,A,National framework,NAT,Switzerland,CH,Person,PER,Ireland,IE,2021,2021,0
Annual,A,National framework,NAT,Switzerland,CH,Person,PER,Ireland,IE,2022,2022,0
Annual,A,National framework,NAT,Switzerland,CH,Person,PER,Ireland,IE,2023,2023,0
Annual,A,National framework,NAT,Switzerland,CH,Person,PER,Ireland,IE,2024,2024,0
Annual,A,National framework,NAT,Switzerland,CH,Person,PER,Ireland,IE,2025,2025,0
Annual,A,National framework,NAT,United Kingdom,UK,Person,PER,Ireland,IE,2020,2020,0
Annual,A,National framework,NAT,United Kingdom,UK,Person,PER,Ireland,IE,2021,2021,0
Annual,A,National framework,NAT,United Kingdom,UK,Person,PER,Ireland,IE,2022,2022,0
Annual,A,National framework,NAT,United Kingdom,UK,Person,PER,Ireland,IE,2023,2023,0
Annual,A,National framework,NAT,United Kingdom,UK,Person,PER,Ireland,IE,2024,2024,0
Annual,A,National framework,NAT,United Kingdom,UK,Person,PER,Ireland,IE,2025,2025,0
Annual,A,National framework,NAT,British overseas countries and territories,UK_OCT,Person,PER,Ireland,IE,2010,2010,38
Annual,A,National framework,NAT,British overseas countries and territories,UK_OCT,Person,PER,Ireland,IE,2011,2011,30
Annual,A,National framework,NAT,British overseas countries and territories,UK_OCT,Person,PER,Ireland,IE,2012,2012,27
Annual,A,National framework,NAT,British overseas countries and territories,UK_OCT,Person,PER,Ireland,IE,2013,2013,22
Annual,A,National framework,NAT,British overseas countries and territories,UK_OCT,Person,PER,Ireland,IE,2014,2014,18
Annual,A,National framework,NAT,British overseas countries and territories,UK_OCT,Person,PER,Ireland,IE,2015,2015,16
Annual,A,National framework,NAT,British overseas countries and territories,UK_OCT,Person,PER,Ireland,IE,2016,2016,10
Annual,A,National framework,NAT,British overseas countries and territories,UK_OCT,Person,PER,Ireland,IE,2017,2017,10
Annual,A,National framework,NAT,British overseas countries and territories,UK_OCT,Person,PER,Ireland,IE,2018,2018,8
Annual,A,National framework,NAT,British overseas countries and territories,UK_OCT,Person,PER,Ireland,IE,2019,2019,8
Annual,A,National framework,NAT,British overseas countries and territories,UK_OCT,Person,PER,Ireland,IE,2020,2020,8
Annual,A,National framework,NAT,British overseas countries and territories,UK_OCT,Person,PER,Ireland,IE,2021,2021,8
Annual,A,National framework,NAT,British overseas countries and territories,UK_OCT,Person,PER,Ireland,IE,2022,2022,8
Annual,A,National framework,NAT,British overseas countries and territories,UK_OCT,Person,PER,Ireland,IE,2023,2023,6
Annual,A,National framework,NAT,British overseas countries and territories,UK_OCT,Person,PER,Ireland,IE,2024,2024,6
Annual,A,National framework,NAT,British overseas countries and territories,UK_OCT,Person,PER,Ireland,IE,2025,2025,6
Annual,A,National framework,NAT,Bosnia and Herzegovina,BA,Person,PER,Ireland,IE,2010,2010,21
Annual,A,National framework,NAT,Bosnia and Herzegovina,BA,Person,PER,Ireland,IE,2011,2011,11
Annual,A,National framework,NAT,Bosnia and Herzegovina,BA,Person,PER,Ireland,IE,2012,2012,5
Annual,A,National framework,NAT,Bosnia and Herzegovina,BA,Person,PER,Ireland,IE,2013,2013,2
Annual,A,National framework,NAT,Bosnia and Herzegovina,BA,Person,PER,Ireland,IE,2014,2014,1
Annual,A,National framework,NAT,Bosnia and Herzegovina,BA,Person,PER,Ireland,IE,2015,2015,0
Annual,A,National framework,NAT,Bosnia and Herzegovina,BA,Person,PER,Ireland,IE,2016,2016,0
Annual,A,National framework,NAT,Bosnia and Herzegovina,BA,Person,PER,Ireland,IE,2017,2017,0
Annual,A,National framework,NAT,Bosnia and Herzegovina,BA,Person,PER,Ireland,IE,2018,2018,0
Annual,A,National framework,NAT,Bosnia and Herzegovina,BA,Person,PER,Ireland,IE,2019,2019,0
Annual,A,National framework,NAT,Bosnia and Herzegovina,BA,Person,PER,Ireland,IE,2020,2020,0
Annual,A,National framework,NAT,Bosnia and Herzegovina,BA,Person,PER,Ireland,IE,2021,2021,0
Annual,A,National framework,NAT,Bosnia and Herzegovina,BA,Person,PER,Ireland,IE,2022,2022,0
Annual,A,National framework,NAT,Bosnia and Herzegovina,BA,Person,PER,Ireland,IE,2023,2023,1
Annual,A,National framework,NAT,Bosnia and Herzegovina,BA,Person,PER,Ireland,IE,2024,2024,1
Annual,A,National framework,NAT,Bosnia and Herzegovina,BA,Person,PER,Ireland,IE,2025,2025,1
Annual,A,National framework,NAT,Montenegro,ME,Person,PER,Ireland,IE,2010,2010,0
Annual,A,National framework,NAT,Montenegro,ME,Person,PER,Ireland,IE,2011,2011,0
Annual,A,National framework,NAT,Montenegro,ME,Person,PER,Ireland,IE,2012,2012,0
Annual,A,National framework,NAT,Montenegro,ME,Person,PER,Ireland,IE,2013,2013,0
Annual,A,National framework,NAT,Montenegro,ME,Person,PER,Ireland,IE,2014,2014,0
Annual,A,National framework,NAT,Montenegro,ME,Person,PER,Ireland,IE,2015,2015,0
Annual,A,National framework,NAT,Montenegro,ME,Person,PER,Ireland,IE,2016,2016,0
Annual,A,National framework,NAT,Montenegro,ME,Person,PER,Ireland,IE,2017,2017,0
Annual,A,National framework,NAT,Montenegro,ME,Person,PER,Ireland,IE,2018,2018,0
Annual,A,National framework,NAT,Montenegro,ME,Person,PER,Ireland,IE,2019,2019,0
Annual,A,National framework,NAT,Montenegro,ME,Person,PER,Ireland,IE,2020,2020,0
Annual,A,National framework,NAT,Montenegro,ME,Person,PER,Ireland,IE,2021,2021,0
Annual,A,National framework,NAT,Montenegro,ME,Person,PER,Ireland,IE,2022,2022,0
Annual,A,National framework,NAT,Montenegro,ME,Person,PER,Ireland,IE,2023,2023,0
Annual,A,National framework,NAT,Montenegro,ME,Person,PER,Ireland,IE,2024,2024,0
Annual,A,National framework,NAT,Montenegro,ME,Person,PER,Ireland,IE,2025,2025,0
Annual,A,National framework,NAT,Moldova,MD,Person,PER,Ireland,IE,2010,2010,300
Annual,A,National framework,NAT,Moldova,MD,Person,PER,Ireland,IE,2011,2011,251
Annual,A,National framework,NAT,Moldova,MD,Person,PER,Ireland,IE,2012,2012,155
Annual,A,National framework,NAT,Moldova,MD,Person,PER,Ireland,IE,2013,2013,57
Annual,A,National framework,NAT,Moldova,MD,Person,PER,Ireland,IE,2014,2014,30
Annual,A,National framework,NAT,Moldova,MD,Person,PER,Ireland,IE,2015,2015,21
Annual,A,National framework,NAT,Moldova,MD,Person,PER,Ireland,IE,2016,2016,12
Annual,A,National framework,NAT,Moldova,MD,Person,PER,Ireland,IE,2017,2017,11
Annual,A,National framework,NAT,Moldova,MD,Person,PER,Ireland,IE,2018,2018,7
Annual,A,National framework,NAT,Moldova,MD,Person,PER,Ireland,IE,2019,2019,4
Annual,A,National framework,NAT,Moldova,MD,Person,PER,Ireland,IE,2020,2020,4
Annual,A,National framework,NAT,Moldova,MD,Person,PER,Ireland,IE,2021,2021,4
Annual,A,National framework,NAT,Moldova,MD,Person,PER,Ireland,IE,2022,2022,6
Annual,A,National framework,NAT,Moldova,MD,Person,PER,Ireland,IE,2023,2023,6
Annual,A,National framework,NAT,Moldova,MD,Person,PER,Ireland,IE,2024,2024,6
Annual,A,National framework,NAT,Moldova,MD,Person,PER,Ireland,IE,2025,2025,6
Annual,A,National framework,NAT,North Macedonia,MK,Person,PER,Ireland,IE,2010,2010,0
Annual,A,National framework,NAT,North Macedonia,MK,Person,PER,Ireland,IE,2011,2011,0
Annual,A,National framework,NAT,North Macedonia,MK,Person,PER,Ireland,IE,2012,2012,1
Annual,A,National framework,NAT,North Macedonia,MK,Person,PER,Ireland,IE,2013,2013,1
Annual,A,National framework,NAT,North Macedonia,MK,Person,PER,Ireland,IE,2014,2014,1
Annual,A,National framework,NAT,North Macedonia,MK,Person,PER,Ireland,IE,2015,2015,1
Annual,A,National framework,NAT,North Macedonia,MK,Person,PER,Ireland,IE,2016,2016,1
Annual,A,National framework,NAT,North Macedonia,MK,Person,PER,Ireland,IE,2017,2017,1
Annual,A,National framework,NAT,North Macedonia,MK,Person,PER,Ireland,IE,2018,2018,0
Annual,A,National framework,NAT,North Macedonia,MK,Person,PER,Ireland,IE,2019,2019,0
Annual,A,National framework,NAT,North Macedonia,MK,Person,PER,Ireland,IE,2020,2020,0
Annual,A,National framework,NAT,North Macedonia,MK,Person,PER,Ireland,IE,2021,2021,0
Annual,A,National framework,NAT,North Macedonia,MK,Person,PER,Ireland,IE,2022,2022,0
Annual,A,National framework,NAT,North Macedonia,MK,Person,PER,Ireland,IE,2023,2023,2
Annual,A,National framework,NAT,North Macedonia,MK,Person,PER,Ireland,IE,2024,2024,2
Annual,A,National framework,NAT,North Macedonia,MK,Person,PER,Ireland,IE,2025,2025,2
Annual,A,National framework,NAT,Georgia,GE,Person,PER,Ireland,IE,2010,2010,1
Annual,A,National framework,NAT,Georgia,GE,Person,PER,Ireland,IE,2011,2011,3
Annual,A,National framework,NAT,Georgia,GE,Person,PER,Ireland,IE,2012,2012,3
Annual,A,National framework,NAT,Georgia,GE,Person,PER,Ireland,IE,2013,2013,0
Annual,A,National framework,NAT,Georgia,GE,Person,PER,Ireland,IE,2014,2014,0
Annual,A,National framework,NAT,Georgia,GE,Person,PER,Ireland,IE,2015,2015,0
Annual,A,National framework,NAT,Georgia,GE,Person,PER,Ireland,IE,2016,2016,0
Annual,A,National framework,NAT,Georgia,GE,Person,PER,Ireland,IE,2017,2017,0
Annual,A,National framework,NAT,Georgia,GE,Person,PER,Ireland,IE,2018,2018,0
Annual,A,National framework,NAT,Georgia,GE,Person,PER,Ireland,IE,2019,2019,1
Annual,A,National framework,NAT,Georgia,GE,Person,PER,Ireland,IE,2020,2020,1
Annual,A,National framework,NAT,Georgia,GE,Person,PER,Ireland,IE,2021,2021,1
Annual,A,National framework,NAT,Georgia,GE,Person,PER,Ireland,IE,2022,2022,1
Annual,A,National framework,NAT,Georgia,GE,Person,PER,Ireland,IE,2023,2023,1
Annual,A,National framework,NAT,Georgia,GE,Person,PER,Ireland,IE,2024,2024,2
Annual,A,National framework,NAT,Georgia,GE,Person,PER,Ireland,IE,2025,2025,2
Annual,A,National framework,NAT,Albania,AL,Person,PER,Ireland,IE,2010,2010,22
Annual,A,National framework,NAT,Albania,AL,Person,PER,Ireland,IE,2011,2011,13
Annual,A,National framework,NAT,Albania,AL,Person,PER,Ireland,IE,2012,2012,9
Annual,A,National framework,NAT,Albania,AL,Person,PER,Ireland,IE,2013,2013,1
Annual,A,National framework,NAT,Albania,AL,Person,PER,Ireland,IE,2014,2014,0
Annual,A,National framework,NAT,Albania,AL,Person,PER,Ireland,IE,2015,2015,0
Annual,A,National framework,NAT,Albania,AL,Person,PER,Ireland,IE,2016,2016,0
Annual,A,National framework,NAT,Albania,AL,Person,PER,Ireland,IE,2017,2017,0
Annual,A,National framework,NAT,Albania,AL,Person,PER,Ireland,IE,2018,2018,0
Annual,A,National framework,NAT,Albania,AL,Person,PER,Ireland,IE,2019,2019,0
Annual,A,National framework,NAT,Albania,AL,Person,PER,Ireland,IE,2020,2020,0
Annual,A,National framework,NAT,Albania,AL,Person,PER,Ireland,IE,2021,2021,0
Annual,A,National framework,NAT,Albania,AL,Person,PER,Ireland,IE,2022,2022,0
Annual,A,National framework,NAT,Albania,AL,Person,PER,Ireland,IE,2023,2023,1
Annual,A,National framework,NAT,Albania,AL,Person,PER,Ireland,IE,2024,2024,1
Annual,A,National framework,NAT,Albania,AL,Person,PER,Ireland,IE,2025,2025,1
Annual,A,National framework,NAT,Serbia,RS,Person,PER,Ireland,IE,2010,2010,28
Annual,A,National framework,NAT,Serbia,RS,Person,PER,Ireland,IE,2011,2011,29
Annual,A,National framework,NAT,Serbia,RS,Person,PER,Ireland,IE,2012,2012,24
Annual,A,National framework,NAT,Serbia,RS,Person,PER,Ireland,IE,2013,2013,11
Annual,A,National framework,NAT,Serbia,RS,Person,PER,Ireland,IE,2014,2014,7
Annual,A,National framework,NAT,Serbia,RS,Person,PER,Ireland,IE,2015,2015,5
Annual,A,National framework,NAT,Serbia,RS,Person,PER,Ireland,IE,2016,2016,3
Annual,A,National framework,NAT,Serbia,RS,Person,PER,Ireland,IE,2017,2017,3
Annual,A,National framework,NAT,Serbia,RS,Person,PER,Ireland,IE,2018,2018,3
Annual,A,National framework,NAT,Serbia,RS,Person,PER,Ireland,IE,2019,2019,1
Annual,A,National framework,NAT,Serbia,RS,Person,PER,Ireland,IE,2020,2020,0
Annual,A,National framework,NAT,Serbia,RS,Person,PER,Ireland,IE,2021,2021,0
Annual,A,National framework,NAT,Serbia,RS,Person,PER,Ireland,IE,2022,2022,0
Annual,A,National framework,NAT,Serbia,RS,Person,PER,Ireland,IE,2023,2023,1
Annual,A,National framework,NAT,Serbia,RS,Person,PER,Ireland,IE,2024,2024,3
Annual,A,National framework,NAT,Serbia,RS,Person,PER,Ireland,IE,2025,2025,3
Annual,A,National framework,NAT,Türkiye,TR,Person,PER,Ireland,IE,2010,2010,5
Annual,A,National framework,NAT,Türkiye,TR,Person,PER,Ireland,IE,2011,2011,6
Annual,A,National framework,NAT,Türkiye,TR,Person,PER,Ireland,IE,2012,2012,4
Annual,A,National framework,NAT,Türkiye,TR,Person,PER,Ireland,IE,2013,2013,0
Annual,A,National framework,NAT,Türkiye,TR,Person,PER,Ireland,IE,2014,2014,1
Annual,A,National framework,NAT,Türkiye,TR,Person,PER,Ireland,IE,2015,2015,1
Annual,A,National framework,NAT,Türkiye,TR,Person,PER,Ireland,IE,2016,2016,1
Annual,A,National framework,NAT,Türkiye,TR,Person,PER,Ireland,IE,2017,2017,1
Annual,A,National framework,NAT,Türkiye,TR,Person,PER,Ireland,IE,2018,2018,1
Annual,A,National framework,NAT,Türkiye,TR,Person,PER,Ireland,IE,2019,2019,1
Annual,A,National framework,NAT,Türkiye,TR,Person,PER,Ireland,IE,2020,2020,1
Annual,A,National framework,NAT,Türkiye,TR,Person,PER,Ireland,IE,2021,2021,5
Annual,A,National framework,NAT,Türkiye,TR,Person,PER,Ireland,IE,2022,2022,17
Annual,A,National framework,NAT,Türkiye,TR,Person,PER,Ireland,IE,2023,2023,29
Annual,A,National framework,NAT,Türkiye,TR,Person,PER,Ireland,IE,2024,2024,30
Annual,A,National framework,NAT,Türkiye,TR,Person,PER,Ireland,IE,2025,2025,29
Annual,A,National framework,NAT,Ukraine,UA,Person,PER,Ireland,IE,2010,2010,646
Annual,A,National framework,NAT,Ukraine,UA,Person,PER,Ireland,IE,2011,2011,620
Annual,A,National framework,NAT,Ukraine,UA,Person,PER,Ireland,IE,2012,2012,486
Annual,A,National framework,NAT,Ukraine,UA,Person,PER,Ireland,IE,2013,2013,283
Annual,A,National framework,NAT,Ukraine,UA,Person,PER,Ireland,IE,2014,2014,190
Annual,A,National framework,NAT,Ukraine,UA,Person,PER,Ireland,IE,2015,2015,165
Annual,A,National framework,NAT,Ukraine,UA,Person,PER,Ireland,IE,2016,2016,103
Annual,A,National framework,NAT,Ukraine,UA,Person,PER,Ireland,IE,2017,2017,101
Annual,A,National framework,NAT,Ukraine,UA,Person,PER,Ireland,IE,2018,2018,78
Annual,A,National framework,NAT,Ukraine,UA,Person,PER,Ireland,IE,2019,2019,70
Annual,A,National framework,NAT,Ukraine,UA,Person,PER,Ireland,IE,2020,2020,60
Annual,A,National framework,NAT,Ukraine,UA,Person,PER,Ireland,IE,2021,2021,64
Annual,A,National framework,NAT,Ukraine,UA,Person,PER,Ireland,IE,2022,2022,74
Annual,A,National framework,NAT,Ukraine,UA,Person,PER,Ireland,IE,2023,2023,75
Annual,A,National framework,NAT,Ukraine,UA,Person,PER,Ireland,IE,2024,2024,74
Annual,A,National framework,NAT,Ukraine,UA,Person,PER,Ireland,IE,2025,2025,26
Annual,A,National framework,NAT,Kosovo*,XK,Person,PER,Ireland,IE,2010,2010,19
Annual,A,National framework,NAT,Kosovo*,XK,Person,PER,Ireland,IE,2011,2011,17
Annual,A,National framework,NAT,Kosovo*,XK,Person,PER,Ireland,IE,2012,2012,8
Annual,A,National framework,NAT,Kosovo*,XK,Person,PER,Ireland,IE,2013,2013,3
Annual,A,National framework,NAT,Kosovo*,XK,Person,PER,Ireland,IE,2014,2014,2
Annual,A,National framework,NAT,Kosovo*,XK,Person,PER,Ireland,IE,2015,2015,1
Annual,A,National framework,NAT,Kosovo*,XK,Person,PER,Ireland,IE,2016,2016,1
Annual,A,National framework,NAT,Kosovo*,XK,Person,PER,Ireland,IE,2017,2017,1
Annual,A,National framework,NAT,Kosovo*,XK,Person,PER,Ireland,IE,2018,2018,1
Annual,A,National framework,NAT,Kosovo*,XK,Person,PER,Ireland,IE,2019,2019,0
Annual,A,National framework,NAT,Kosovo*,XK,Person,PER,Ireland,IE,2020,2020,0
Annual,A,National framework,NAT,Kosovo*,XK,Person,PER,Ireland,IE,2021,2021,0
Annual,A,National framework,NAT,Kosovo*,XK,Person,PER,Ireland,IE,2022,2022,0
Annual,A,National framework,NAT,Kosovo*,XK,Person,PER,Ireland,IE,2023,2023,0
Annual,A,National framework,NAT,Kosovo*,XK,Person,PER,Ireland,IE,2024,2024,0
Annual,A,National framework,NAT,Kosovo*,XK,Person,PER,Ireland,IE,2025,2025,0
Annual,A,National framework,NAT,Andorra,AD,Person,PER,Ireland,IE,2010,2010,0
Annual,A,National framework,NAT,Andorra,AD,Person,PER,Ireland,IE,2011,2011,0
Annual,A,National framework,NAT,Andorra,AD,Person,PER,Ireland,IE,2012,2012,0
Annual,A,National framework,NAT,Andorra,AD,Person,PER,Ireland,IE,2013,2013,0
Annual,A,National framework,NAT,Andorra,AD,Person,PER,Ireland,IE,2014,2014,0
Annual,A,National framework,NAT,Andorra,AD,Person,PER,Ireland,IE,2015,2015,0
Annual,A,National framework,NAT,Andorra,AD,Person,PER,Ireland,IE,2016,2016,0
Annual,A,National framework,NAT,Andorra,AD,Person,PER,Ireland,IE,2017,2017,0
Annual,A,National framework,NAT,Andorra,AD,Person,PER,Ireland,IE,2018,2018,0
Annual,A,National framework,NAT,Andorra,AD,Person,PER,Ireland,IE,2019,2019,0
Annual,A,National framework,NAT,Andorra,AD,Person,PER,Ireland,IE,2020,2020,0
Annual,A,National framework,NAT,Andorra,AD,Person,PER,Ireland,IE,2021,2021,0
Annual,A,National framework,NAT,Andorra,AD,Person,PER,Ireland,IE,2022,2022,0
Annual,A,National framework,NAT,Andorra,AD,Person,PER,Ireland,IE,2023,2023,0
Annual,A,National framework,NAT,Andorra,AD,Person,PER,Ireland,IE,2024,2024,0
Annual,A,National framework,NAT,Andorra,AD,Person,PER,Ireland,IE,2025,2025,0
Annual,A,National framework,NAT,Belarus,BY,Person,PER,Ireland,IE,2010,2010,209
Annual,A,National framework,NAT,Belarus,BY,Person,PER,Ireland,IE,2011,2011,151
Annual,A,National framework,NAT,Belarus,BY,Person,PER,Ireland,IE,2012,2012,99
Annual,A,National framework,NAT,Belarus,BY,Person,PER,Ireland,IE,2013,2013,64
Annual,A,National framework,NAT,Belarus,BY,Person,PER,Ireland,IE,2014,2014,32
Annual,A,National framework,NAT,Belarus,BY,Person,PER,Ireland,IE,2015,2015,22
Annual,A,National framework,NAT,Belarus,BY,Person,PER,Ireland,IE,2016,2016,16
Annual,A,National framework,NAT,Belarus,BY,Person,PER,Ireland,IE,2017,2017,15
Annual,A,National framework,NAT,Belarus,BY,Person,PER,Ireland,IE,2018,2018,13
Annual,A,National framework,NAT,Belarus,BY,Person,PER,Ireland,IE,2019,2019,13
Annual,A,National framework,NAT,Belarus,BY,Person,PER,Ireland,IE,2020,2020,12
Annual,A,National framework,NAT,Belarus,BY,Person,PER,Ireland,IE,2021,2021,12
Annual,A,National framework,NAT,Belarus,BY,Person,PER,Ireland,IE,2022,2022,12
Annual,A,National framework,NAT,Belarus,BY,Person,PER,Ireland,IE,2023,2023,12
Annual,A,National framework,NAT,Belarus,BY,Person,PER,Ireland,IE,2024,2024,11
Annual,A,National framework,NAT,Belarus,BY,Person,PER,Ireland,IE,2025,2025,11
Annual,A,National framework,NAT,Holy See,VA,Person,PER,Ireland,IE,2010,2010,0
Annual,A,National framework,NAT,Holy See,VA,Person,PER,Ireland,IE,2011,2011,0
Annual,A,National framework,NAT,Holy See,VA,Person,PER,Ireland,IE,2012,2012,0
Annual,A,National framework,NAT,Holy See,VA,Person,PER,Ireland,IE,2013,2013,0
Annual,A,National framework,NAT,Holy See,VA,Person,PER,Ireland,IE,2014,2014,0
Annual,A,National framework,NAT,Holy See,VA,Person,PER,Ireland,IE,2015,2015,0
Annual,A,National framework,NAT,Holy See,VA,Person,PER,Ireland,IE,2016,2016,0
Annual,A,National framework,NAT,Holy See,VA,Person,PER,Ireland,IE,2017,2017,0
Annual,A,National framework,NAT,Holy See,VA,Person,PER,Ireland,IE,2018,2018,0
Annual,A,National framework,NAT,Holy See,VA,Person,PER,Ireland,IE,2019,2019,0
Annual,A,National framework,NAT,Holy See,VA,Person,PER,Ireland,IE,2020,2020,0
Annual,A,National framework,NAT,Holy See,VA,Person,PER,Ireland,IE,2021,2021,0
Annual,A,National framework,NAT,Holy See,VA,Person,PER,Ireland,IE,2022,2022,0
Annual,A,National framework,NAT,Holy See,VA,Person,PER,Ireland,IE,2023,2023,0
Annual,A,National framework,NAT,Holy See,VA,Person,PER,Ireland,IE,2024,2024,0
Annual,A,National framework,NAT,Holy See,VA,Person,PER,Ireland,IE,2025,2025,0
Annual,A,National framework,NAT,Monaco,MC,Person,PER,Ireland,IE,2010,2010,0
Annual,A,National framework,NAT,Monaco,MC,Person,PER,Ireland,IE,2011,2011,0
Annual,A,National framework,NAT,Monaco,MC,Person,PER,Ireland,IE,2012,2012,0
Annual,A,National framework,NAT,Monaco,MC,Person,PER,Ireland,IE,2013,2013,0
Annual,A,National framework,NAT,Monaco,MC,Person,PER,Ireland,IE,2014,2014,0
Annual,A,National framework,NAT,Monaco,MC,Person,PER,Ireland,IE,2015,2015,0
Annual,A,National framework,NAT,Monaco,MC,Person,PER,Ireland,IE,2016,2016,0
Annual,A,National framework,NAT,Monaco,MC,Person,PER,Ireland,IE,2017,2017,0
Annual,A,National framework,NAT,Monaco,MC,Person,PER,Ireland,IE,2018,2018,0
Annual,A,National framework,NAT,Monaco,MC,Person,PER,Ireland,IE,2019,2019,0
Annual,A,National framework,NAT,Monaco,MC,Person,PER,Ireland,IE,2020,2020,0
Annual,A,National framework,NAT,Monaco,MC,Person,PER,Ireland,IE,2021,2021,0
Annual,A,National framework,NAT,Monaco,MC,Person,PER,Ireland,IE,2022,2022,0
Annual,A,National framework,NAT,Monaco,MC,Person,PER,Ireland,IE,2023,2023,0
Annual,A,National framework,NAT,Monaco,MC,Person,PER,Ireland,IE,2024,2024,0
Annual,A,National framework,NAT,Monaco,MC,Person,PER,Ireland,IE,2025,2025,0
Annual,A,National framework,NAT,Russia,RU,Person,PER,Ireland,IE,2010,2010,124
Annual,A,National framework,NAT,Russia,RU,Person,PER,Ireland,IE,2011,2011,88
Annual,A,National framework,NAT,Russia,RU,Person,PER,Ireland,IE,2012,2012,58
Annual,A,National framework,NAT,Russia,RU,Person,PER,Ireland,IE,2013,2013,30
Annual,A,National framework,NAT,Russia,RU,Person,PER,Ireland,IE,2014,2014,25
Annual,A,National framework,NAT,Russia,RU,Person,PER,Ireland,IE,2015,2015,23
Annual,A,National framework,NAT,Russia,RU,Person,PER,Ireland,IE,2016,2016,20
Annual,A,National framework,NAT,Russia,RU,Person,PER,Ireland,IE,2017,2017,22
Annual,A,National framework,NAT,Russia,RU,Person,PER,Ireland,IE,2018,2018,23
Annual,A,National framework,NAT,Russia,RU,Person,PER,Ireland,IE,2019,2019,19
Annual,A,National framework,NAT,Russia,RU,Person,PER,Ireland,IE,2020,2020,17
Annual,A,National framework,NAT,Russia,RU,Person,PER,Ireland,IE,2021,2021,22
Annual,A,National framework,NAT,Russia,RU,Person,PER,Ireland,IE,2022,2022,33
Annual,A,National framework,NAT,Russia,RU,Person,PER,Ireland,IE,2023,2023,44
Annual,A,National framework,NAT,Russia,RU,Person,PER,Ireland,IE,2024,2024,50
Annual,A,National framework,NAT,Russia,RU,Person,PER,Ireland,IE,2025,2025,51
Annual,A,National framework,NAT,San Marino,SM,Person,PER,Ireland,IE,2010,2010,0
Annual,A,National framework,NAT,San Marino,SM,Person,PER,Ireland,IE,2011,2011,0
Annual,A,National framework,NAT,San Marino,SM,Person,PER,Ireland,IE,2012,2012,0
Annual,A,National framework,NAT,San Marino,SM,Person,PER,Ireland,IE,2013,2013,0
Annual,A,National framework,NAT,San Marino,SM,Person,PER,Ireland,IE,2014,2014,0
Annual,A,National framework,NAT,San Marino,SM,Person,PER,Ireland,IE,2015,2015,0
Annual,A,National framework,NAT,San Marino,SM,Person,PER,Ireland,IE,2016,2016,0
Annual,A,National framework,NAT,San Marino,SM,Person,PER,Ireland,IE,2017,2017,0
Annual,A,National framework,NAT,San Marino,SM,Person,PER,Ireland,IE,2018,2018,0
Annual,A,National framework,NAT,San Marino,SM,Person,PER,Ireland,IE,2019,2019,0
Annual,A,National framework,NAT,San Marino,SM,Person,PER,Ireland,IE,2020,2020,0
Annual,A,National framework,NAT,San Marino,SM,Person,PER,Ireland,IE,2021,2021,0
Annual,A,National framework,NAT,San Marino,SM,Person,PER,Ireland,IE,2022,2022,0
Annual,A,National framework,NAT,San Marino,SM,Person,PER,Ireland,IE,2023,2023,0
Annual,A,National framework,NAT,San Marino,SM,Person,PER,Ireland,IE,2024,2024,0
Annual,A,National framework,NAT,San Marino,SM,Person,PER,Ireland,IE,2025,2025,0
Annual,A,National framework,NAT,Angola,AO,Person,PER,Ireland,IE,2010,2010,0
Annual,A,National framework,NAT,Angola,AO,Person,PER,Ireland,IE,2011,2011,0
Annual,A,National framework,NAT,Angola,AO,Person,PER,Ireland,IE,2012,2012,0
Annual,A,National framework,NAT,Angola,AO,Person,PER,Ireland,IE,2013,2013,0
Annual,A,National framework,NAT,Angola,AO,Person,PER,Ireland,IE,2014,2014,0
Annual,A,National framework,NAT,Angola,AO,Person,PER,Ireland,IE,2015,2015,0
Annual,A,National framework,NAT,Angola,AO,Person,PER,Ireland,IE,2016,2016,0
Annual,A,National framework,NAT,Angola,AO,Person,PER,Ireland,IE,2017,2017,0
Annual,A,National framework,NAT,Angola,AO,Person,PER,Ireland,IE,2018,2018,0
Annual,A,National framework,NAT,Angola,AO,Person,PER,Ireland,IE,2019,2019,0
Annual,A,National framework,NAT,Angola,AO,Person,PER,Ireland,IE,2020,2020,0
Annual,A,National framework,NAT,Angola,AO,Person,PER,Ireland,IE,2021,2021,0
Annual,A,National framework,NAT,Angola,AO,Person,PER,Ireland,IE,2022,2022,0
Annual,A,National framework,NAT,Angola,AO,Person,PER,Ireland,IE,2023,2023,0
Annual,A,National framework,NAT,Angola,AO,Person,PER,Ireland,IE,2024,2024,0
Annual,A,National framework,NAT,Angola,AO,Person,PER,Ireland,IE,2025,2025,0
Annual,A,National framework,NAT,Cameroon,CM,Person,PER,Ireland,IE,2010,2010,4
Annual,A,National framework,NAT,Cameroon,CM,Person,PER,Ireland,IE,2011,2011,3
Annual,A,National framework,NAT,Cameroon,CM,Person,PER,Ireland,IE,2012,2012,1
Annual,A,National framework,NAT,Cameroon,CM,Person,PER,Ireland,IE,2013,2013,0
Annual,A,National framework,NAT,Cameroon,CM,Person,PER,Ireland,IE,2014,2014,0
Annual,A,National framework,NAT,Cameroon,CM,Person,PER,Ireland,IE,2015,2015,0
Annual,A,National framework,NAT,Cameroon,CM,Person,PER,Ireland,IE,2016,2016,0
Annual,A,National framework,NAT,Cameroon,CM,Person,PER,Ireland,IE,2017,2017,0
Annual,A,National framework,NAT,Cameroon,CM,Person,PER,Ireland,IE,2018,2018,0
Annual,A,National framework,NAT,Cameroon,CM,Person,PER,Ireland,IE,2019,2019,0
Annual,A,National framework,NAT,Cameroon,CM,Person,PER,Ireland,IE,2020,2020,0
Annual,A,National framework,NAT,Cameroon,CM,Person,PER,Ireland,IE,2021,2021,0
Annual,A,National framework,NAT,Cameroon,CM,Person,PER,Ireland,IE,2022,2022,1
Annual,A,National framework,NAT,Cameroon,CM,Person,PER,Ireland,IE,2023,2023,1
Annual,A,National framework,NAT,Cameroon,CM,Person,PER,Ireland,IE,2024,2024,1
Annual,A,National framework,NAT,Cameroon,CM,Person,PER,Ireland,IE,2025,2025,1
Annual,A,National framework,NAT,Central African Republic,CF,Person,PER,Ireland,IE,2010,2010,0
Annual,A,National framework,NAT,Central African Republic,CF,Person,PER,Ireland,IE,2011,2011,0
Annual,A,National framework,NAT,Central African Republic,CF,Person,PER,Ireland,IE,2012,2012,0
Annual,A,National framework,NAT,Central African Republic,CF,Person,PER,Ireland,IE,2013,2013,0
Annual,A,National framework,NAT,Central African Republic,CF,Person,PER,Ireland,IE,2014,2014,0
Annual,A,National framework,NAT,Central African Republic,CF,Person,PER,Ireland,IE,2015,2015,0
Annual,A,National framework,NAT,Central African Republic,CF,Person,PER,Ireland,IE,2016,2016,0
Annual,A,National framework,NAT,Central African Republic,CF,Person,PER,Ireland,IE,2017,2017,0
Annual,A,National framework,NAT,Central African Republic,CF,Person,PER,Ireland,IE,2018,2018,0
Annual,A,National framework,NAT,Central African Republic,CF,Person,PER,Ireland,IE,2019,2019,0
Annual,A,National framework,NAT,Central African Republic,CF,Person,PER,Ireland,IE,2020,2020,0
Annual,A,National framework,NAT,Central African Republic,CF,Person,PER,Ireland,IE,2021,2021,0
Annual,A,National framework,NAT,Central African Republic,CF,Person,PER,Ireland,IE,2022,2022,0
Annual,A,National framework,NAT,Central African Republic,CF,Person,PER,Ireland,IE,2023,2023,0
Annual,A,National framework,NAT,Central African Republic,CF,Person,PER,Ireland,IE,2024,2024,0
Annual,A,National framework,NAT,Central African Republic,CF,Person,PER,Ireland,IE,2025,2025,0
Annual,A,National framework,NAT,Chad,TD,Person,PER,Ireland,IE,2010,2010,0
Annual,A,National framework,NAT,Chad,TD,Person,PER,Ireland,IE,2011,2011,0
Annual,A,National framework,NAT,Chad,TD,Person,PER,Ireland,IE,2012,2012,0
Annual,A,National framework,NAT,Chad,TD,Person,PER,Ireland,IE,2013,2013,0
Annual,A,National framework,NAT,Chad,TD,Person,PER,Ireland,IE,2014,2014,0
Annual,A,National framework,NAT,Chad,TD,Person,PER,Ireland,IE,2015,2015,0
Annual,A,National framework,NAT,Chad,TD,Person,PER,Ireland,IE,2016,2016,0
Annual,A,National framework,NAT,Chad,TD,Person,PER,Ireland,IE,2017,2017,0
Annual,A,National framework,NAT,Chad,TD,Person,PER,Ireland,IE,2018,2018,0
Annual,A,National framework,NAT,Chad,TD,Person,PER,Ireland,IE,2019,2019,0
Annual,A,National framework,NAT,Chad,TD,Person,PER,Ireland,IE,2020,2020,0
Annual,A,National framework,NAT,Chad,TD,Person,PER,Ireland,IE,2021,2021,0
Annual,A,National framework,NAT,Chad,TD,Person,PER,Ireland,IE,2022,2022,0
Annual,A,National framework,NAT,Chad,TD,Person,PER,Ireland,IE,2023,2023,0
Annual,A,National framework,NAT,Chad,TD,Person,PER,Ireland,IE,2024,2024,0
Annual,A,National framework,NAT,Chad,TD,Person,PER,Ireland,IE,2025,2025,0
Annual,A,National framework,NAT,Congo,CG,Person,PER,Ireland,IE,2010,2010,1
Annual,A,National framework,NAT,Congo,CG,Person,PER,Ireland,IE,2011,2011,0
Annual,A,National framework,NAT,Congo,CG,Person,PER,Ireland,IE,2012,2012,0
Annual,A,National framework,NAT,Congo,CG,Person,PER,Ireland,IE,2013,2013,0
Annual,A,National framework,NAT,Congo,CG,Person,PER,Ireland,IE,2014,2014,0
Annual,A,National framework,NAT,Congo,CG,Person,PER,Ireland,IE,2015,2015,0
Annual,A,National framework,NAT,Congo,CG,Person,PER,Ireland,IE,2016,2016,0
Annual,A,National framework,NAT,Congo,CG,Person,PER,Ireland,IE,2017,2017,0
Annual,A,National framework,NAT,Congo,CG,Person,PER,Ireland,IE,2018,2018,0
Annual,A,National framework,NAT,Congo,CG,Person,PER,Ireland,IE,2019,2019,0
Annual,A,National framework,NAT,Congo,CG,Person,PER,Ireland,IE,2020,2020,0
Annual,A,National framework,NAT,Congo,CG,Person,PER,Ireland,IE,2021,2021,0
Annual,A,National framework,NAT,Congo,CG,Person,PER,Ireland,IE,2022,2022,0
Annual,A,National framework,NAT,Congo,CG,Person,PER,Ireland,IE,2023,2023,0
Annual,A,National framework,NAT,Congo,CG,Person,PER,Ireland,IE,2024,2024,0
Annual,A,National framework,NAT,Congo,CG,Person,PER,Ireland,IE,2025,2025,0
Annual,A,National framework,NAT,Democratic Republic of the Congo,CD,Person,PER,Ireland,IE,2010,2010,0
Annual,A,National framework,NAT,Democratic Republic of the Congo,CD,Person,PER,Ireland,IE,2011,2011,1
Annual,A,National framework,NAT,Democratic Republic of the Congo,CD,Person,PER,Ireland,IE,2012,2012,1
Annual,A,National framework,NAT,Democratic Republic of the Congo,CD,Person,PER,Ireland,IE,2013,2013,1
Annual,A,National framework,NAT,Democratic Republic of the Congo,CD,Person,PER,Ireland,IE,2014,2014,0
Annual,A,National framework,NAT,Democratic Republic of the Congo,CD,Person,PER,Ireland,IE,2015,2015,0
Annual,A,National framework,NAT,Democratic Republic of the Congo,CD,Person,PER,Ireland,IE,2016,2016,0
Annual,A,National framework,NAT,Democratic Republic of the Congo,CD,Person,PER,Ireland,IE,2017,2017,0
Annual,A,National framework,NAT,Democratic Republic of the Congo,CD,Person,PER,Ireland,IE,2018,2018,0
Annual,A,National framework,NAT,Democratic Republic of the Congo,CD,Person,PER,Ireland,IE,2019,2019,0
Annual,A,National framework,NAT,Democratic Republic of the Congo,CD,Person,PER,Ireland,IE,2020,2020,0
Annual,A,National framework,NAT,Democratic Republic of the Congo,CD,Person,PER,Ireland,IE,2021,2021,0
Annual,A,National framework,NAT,Democratic Republic of the Congo,CD,Person,PER,Ireland,IE,2022,2022,0
Annual,A,National framework,NAT,Democratic Republic of the Congo,CD,Person,PER,Ireland,IE,2023,2023,0
Annual,A,National framework,NAT,Democratic Republic of the Congo,CD,Person,PER,Ireland,IE,2024,2024,0
Annual,A,National framework,NAT,Democratic Republic of the Congo,CD,Person,PER,Ireland,IE,2025,2025,0
Annual,A,National framework,NAT,Equatorial Guinea,GQ,Person,PER,Ireland,IE,2010,2010,0
Annual,A,National framework,NAT,Equatorial Guinea,GQ,Person,PER,Ireland,IE,2011,2011,0
Annual,A,National framework,NAT,Equatorial Guinea,GQ,Person,PER,Ireland,IE,2012,2012,0
Annual,A,National framework,NAT,Equatorial Guinea,GQ,Person,PER,Ireland,IE,2013,2013,0
Annual,A,National framework,NAT,Equatorial Guinea,GQ,Person,PER,Ireland,IE,2014,2014,0
Annual,A,National framework,NAT,Equatorial Guinea,GQ,Person,PER,Ireland,IE,2015,2015,0
Annual,A,National framework,NAT,Equatorial Guinea,GQ,Person,PER,Ireland,IE,2016,2016,0
Annual,A,National framework,NAT,Equatorial Guinea,GQ,Person,PER,Ireland,IE,2017,2017,0
Annual,A,National framework,NAT,Equatorial Guinea,GQ,Person,PER,Ireland,IE,2018,2018,0
Annual,A,National framework,NAT,Equatorial Guinea,GQ,Person,PER,Ireland,IE,2019,2019,0
Annual,A,National framework,NAT,Equatorial Guinea,GQ,Person,PER,Ireland,IE,2020,2020,0
Annual,A,National framework,NAT,Equatorial Guinea,GQ,Person,PER,Ireland,IE,2021,2021,0
Annual,A,National framework,NAT,Equatorial Guinea,GQ,Person,PER,Ireland,IE,2022,2022,0
Annual,A,National framework,NAT,Equatorial Guinea,GQ,Person,PER,Ireland,IE,2023,2023,0
Annual,A,National framework,NAT,Equatorial Guinea,GQ,Person,PER,Ireland,IE,2024,2024,0
Annual,A,National framework,NAT,Equatorial Guinea,GQ,Person,PER,Ireland,IE,2025,2025,0
Annual,A,National framework,NAT,Gabon,GA,Person,PER,Ireland,IE,2010,2010,0
Annual,A,National framework,NAT,Gabon,GA,Person,PER,Ireland,IE,2011,2011,0
Annual,A,National framework,NAT,Gabon,GA,Person,PER,Ireland,IE,2012,2012,0
Annual,A,National framework,NAT,Gabon,GA,Person,PER,Ireland,IE,2013,2013,0
Annual,A,National framework,NAT,Gabon,GA,Person,PER,Ireland,IE,2014,2014,0
Annual,A,National framework,NAT,Gabon,GA,Person,PER,Ireland,IE,2015,2015,0
Annual,A,National framework,NAT,Gabon,GA,Person,PER,Ireland,IE,2016,2016,0
Annual,A,National framework,NAT,Gabon,GA,Person,PER,Ireland,IE,2017,2017,0
Annual,A,National framework,NAT,Gabon,GA,Person,PER,Ireland,IE,2018,2018,0
Annual,A,National framework,NAT,Gabon,GA,Person,PER,Ireland,IE,2019,2019,0
Annual,A,National framework,NAT,Gabon,GA,Person,PER,Ireland,IE,2020,2020,0
Annual,A,National framework,NAT,Gabon,GA,Person,PER,Ireland,IE,2021,2021,0
Annual,A,National framework,NAT,Gabon,GA,Person,PER,Ireland,IE,2022,2022,0
Annual,A,National framework,NAT,Gabon,GA,Person,PER,Ireland,IE,2023,2023,0
Annual,A,National framework,NAT,Gabon,GA,Person,PER,Ireland,IE,2024,2024,0
Annual,A,National framework,NAT,Gabon,GA,Person,PER,Ireland,IE,2025,2025,0
Annual,A,National framework,NAT,São Tomé and Príncipe,ST,Person,PER,Ireland,IE,2010,2010,0
Annual,A,National framework,NAT,São Tomé and Príncipe,ST,Person,PER,Ireland,IE,2011,2011,0
Annual,A,National framework,NAT,São Tomé and Príncipe,ST,Person,PER,Ireland,IE,2012,2012,0
Annual,A,National framework,NAT,São Tomé and Príncipe,ST,Person,PER,Ireland,IE,2013,2013,0
Annual,A,National framework,NAT,São Tomé and Príncipe,ST,Person,PER,Ireland,IE,2014,2014,0
Annual,A,National framework,NAT,São Tomé and Príncipe,ST,Person,PER,Ireland,IE,2015,2015,0
Annual,A,National framework,NAT,São Tomé and Príncipe,ST,Person,PER,Ireland,IE,2016,2016,0
Annual,A,National framework,NAT,São Tomé and Príncipe,ST,Person,PER,Ireland,IE,2017,2017,0
Annual,A,National framework,NAT,São Tomé and Príncipe,ST,Person,PER,Ireland,IE,2018,2018,0
Annual,A,National framework,NAT,São Tomé and Príncipe,ST,Person,PER,Ireland,IE,2019,2019,0
Annual,A,National framework,NAT,São Tomé and Príncipe,ST,Person,PER,Ireland,IE,2020,2020,0
Annual,A,National framework,NAT,São Tomé and Príncipe,ST,Person,PER,Ireland,IE,2021,2021,0
Annual,A,National framework,NAT,São Tomé and Príncipe,ST,Person,PER,Ireland,IE,2022,2022,0
Annual,A,National framework,NAT,São Tomé and Príncipe,ST,Person,PER,Ireland,IE,2023,2023,0
Annual,A,National framework,NAT,São Tomé and Príncipe,ST,Person,PER,Ireland,IE,2024,2024,0
Annual,A,National framework,NAT,São Tomé and Príncipe,ST,Person,PER,Ireland,IE,2025,2025,0
Annual,A,National framework,NAT,Burundi,BI,Person,PER,Ireland,IE,2010,2010,0
Annual,A,National framework,NAT,Burundi,BI,Person,PER,Ireland,IE,2011,2011,1
Annual,A,National framework,NAT,Burundi,BI,Person,PER,Ireland,IE,2012,2012,0
Annual,A,National framework,NAT,Burundi,BI,Person,PER,Ireland,IE,2013,2013,0
Annual,A,National framework,NAT,Burundi,BI,Person,PER,Ireland,IE,2014,2014,0
Annual,A,National framework,NAT,Burundi,BI,Person,PER,Ireland,IE,2015,2015,0
Annual,A,National framework,NAT,Burundi,BI,Person,PER,Ireland,IE,2016,2016,0
Annual,A,National framework,NAT,Burundi,BI,Person,PER,Ireland,IE,2017,2017,0
Annual,A,National framework,NAT,Burundi,BI,Person,PER,Ireland,IE,2018,2018,0
Annual,A,National framework,NAT,Burundi,BI,Person,PER,Ireland,IE,2019,2019,0
Annual,A,National framework,NAT,Burundi,BI,Person,PER,Ireland,IE,2020,2020,0
Annual,A,National framework,NAT,Burundi,BI,Person,PER,Ireland,IE,2021,2021,0
Annual,A,National framework,NAT,Burundi,BI,Person,PER,Ireland,IE,2022,2022,0
Annual,A,National framework,NAT,Burundi,BI,Person,PER,Ireland,IE,2023,2023,0
Annual,A,National framework,NAT,Burundi,BI,Person,PER,Ireland,IE,2024,2024,0
Annual,A,National framework,NAT,Burundi,BI,Person,PER,Ireland,IE,2025,2025,0
Annual,A,National framework,NAT,Comoros,KM,Person,PER,Ireland,IE,2010,2010,0
Annual,A,National framework,NAT,Comoros,KM,Person,PER,Ireland,IE,2011,2011,0
Annual,A,National framework,NAT,Comoros,KM,Person,PER,Ireland,IE,2012,2012,0
Annual,A,National framework,NAT,Comoros,KM,Person,PER,Ireland,IE,2013,2013,0
Annual,A,National framework,NAT,Comoros,KM,Person,PER,Ireland,IE,2014,2014,0
Annual,A,National framework,NAT,Comoros,KM,Person,PER,Ireland,IE,2015,2015,0
Annual,A,National framework,NAT,Comoros,KM,Person,PER,Ireland,IE,2016,2016,0
Annual,A,National framework,NAT,Comoros,KM,Person,PER,Ireland,IE,2017,2017,0
Annual,A,National framework,NAT,Comoros,KM,Person,PER,Ireland,IE,2018,2018,0
Annual,A,National framework,NAT,Comoros,KM,Person,PER,Ireland,IE,2019,2019,0
Annual,A,National framework,NAT,Comoros,KM,Person,PER,Ireland,IE,2020,2020,0
Annual,A,National framework,NAT,Comoros,KM,Person,PER,Ireland,IE,2021,2021,0
Annual,A,National framework,NAT,Comoros,KM,Person,PER,Ireland,IE,2022,2022,0
Annual,A,National framework,NAT,Comoros,KM,Person,PER,Ireland,IE,2023,2023,0
Annual,A,National framework,NAT,Comoros,KM,Person,PER,Ireland,IE,2024,2024,0
Annual,A,National framework,NAT,Comoros,KM,Person,PER,Ireland,IE,2025,2025,0
Annual,A,National framework,NAT,Djibouti,DJ,Person,PER,Ireland,IE,2010,2010,0
Annual,A,National framework,NAT,Djibouti,DJ,Person,PER,Ireland,IE,2011,2011,0
Annual,A,National framework,NAT,Djibouti,DJ,Person,PER,Ireland,IE,2012,2012,0
Annual,A,National framework,NAT,Djibouti,DJ,Person,PER,Ireland,IE,2013,2013,0
Annual,A,National framework,NAT,Djibouti,DJ,Person,PER,Ireland,IE,2014,2014,0
Annual,A,National framework,NAT,Djibouti,DJ,Person,PER,Ireland,IE,2015,2015,0
Annual,A,National framework,NAT,Djibouti,DJ,Person,PER,Ireland,IE,2016,2016,0
Annual,A,National framework,NAT,Djibouti,DJ,Person,PER,Ireland,IE,2017,2017,0
Annual,A,National framework,NAT,Djibouti,DJ,Person,PER,Ireland,IE,2018,2018,0
Annual,A,National framework,NAT,Djibouti,DJ,Person,PER,Ireland,IE,2019,2019,0
Annual,A,National framework,NAT,Djibouti,DJ,Person,PER,Ireland,IE,2020,2020,0
Annual,A,National framework,NAT,Djibouti,DJ,Person,PER,Ireland,IE,2021,2021,0
Annual,A,National framework,NAT,Djibouti,DJ,Person,PER,Ireland,IE,2022,2022,0
Annual,A,National framework,NAT,Djibouti,DJ,Person,PER,Ireland,IE,2023,2023,0
Annual,A,National framework,NAT,Djibouti,DJ,Person,PER,Ireland,IE,2024,2024,0
Annual,A,National framework,NAT,Djibouti,DJ,Person,PER,Ireland,IE,2025,2025,0
Annual,A,National framework,NAT,Eritrea,ER,Person,PER,Ireland,IE,2010,2010,0
Annual,A,National framework,NAT,Eritrea,ER,Person,PER,Ireland,IE,2011,2011,0
Annual,A,National framework,NAT,Eritrea,ER,Person,PER,Ireland,IE,2012,2012,0
Annual,A,National framework,NAT,Eritrea,ER,Person,PER,Ireland,IE,2013,2013,0
Annual,A,National framework,NAT,Eritrea,ER,Person,PER,Ireland,IE,2014,2014,0
Annual,A,National framework,NAT,Eritrea,ER,Person,PER,Ireland,IE,2015,2015,0
Annual,A,National framework,NAT,Eritrea,ER,Person,PER,Ireland,IE,2016,2016,0
Annual,A,National framework,NAT,Eritrea,ER,Person,PER,Ireland,IE,2017,2017,0
Annual,A,National framework,NAT,Eritrea,ER,Person,PER,Ireland,IE,2018,2018,0
Annual,A,National framework,NAT,Eritrea,ER,Person,PER,Ireland,IE,2019,2019,0
Annual,A,National framework,NAT,Eritrea,ER,Person,PER,Ireland,IE,2020,2020,0
Annual,A,National framework,NAT,Eritrea,ER,Person,PER,Ireland,IE,2021,2021,0
Annual,A,National framework,NAT,Eritrea,ER,Person,PER,Ireland,IE,2022,2022,0
Annual,A,National framework,NAT,Eritrea,ER,Person,PER,Ireland,IE,2023,2023,0
Annual,A,National framework,NAT,Eritrea,ER,Person,PER,Ireland,IE,2024,2024,0
Annual,A,National framework,NAT,Eritrea,ER,Person,PER,Ireland,IE,2025,2025,0
Annual,A,National framework,NAT,Ethiopia,ET,Person,PER,Ireland,IE,2010,2010,6
Annual,A,National framework,NAT,Ethiopia,ET,Person,PER,Ireland,IE,2011,2011,5
Annual,A,National framework,NAT,Ethiopia,ET,Person,PER,Ireland,IE,2012,2012,2
Annual,A,National framework,NAT,Ethiopia,ET,Person,PER,Ireland,IE,2013,2013,1
Annual,A,National framework,NAT,Ethiopia,ET,Person,PER,Ireland,IE,2014,2014,1
Annual,A,National framework,NAT,Ethiopia,ET,Person,PER,Ireland,IE,2015,2015,1
Annual,A,National framework,NAT,Ethiopia,ET,Person,PER,Ireland,IE,2016,2016,0
Annual,A,National framework,NAT,Ethiopia,ET,Person,PER,Ireland,IE,2017,2017,0
Annual,A,National framework,NAT,Ethiopia,ET,Person,PER,Ireland,IE,2018,2018,0
Annual,A,National framework,NAT,Ethiopia,ET,Person,PER,Ireland,IE,2019,2019,0
Annual,A,National framework,NAT,Ethiopia,ET,Person,PER,Ireland,IE,2020,2020,0
Annual,A,National framework,NAT,Ethiopia,ET,Person,PER,Ireland,IE,2021,2021,0
Annual,A,National framework,NAT,Ethiopia,ET,Person,PER,Ireland,IE,2022,2022,0
Annual,A,National framework,NAT,Ethiopia,ET,Person,PER,Ireland,IE,2023,2023,0
Annual,A,National framework,NAT,Ethiopia,ET,Person,PER,Ireland,IE,2024,2024,0
Annual,A,National framework,NAT,Ethiopia,ET,Person,PER,Ireland,IE,2025,2025,0
Annual,A,National framework,NAT,Kenya,KE,Person,PER,Ireland,IE,2010,2010,6
Annual,A,National framework,NAT,Kenya,KE,Person,PER,Ireland,IE,2011,2011,6
Annual,A,National framework,NAT,Kenya,KE,Person,PER,Ireland,IE,2012,2012,7
Annual,A,National framework,NAT,Kenya,KE,Person,PER,Ireland,IE,2013,2013,2
Annual,A,National framework,NAT,Kenya,KE,Person,PER,Ireland,IE,2014,2014,1
Annual,A,National framework,NAT,Kenya,KE,Person,PER,Ireland,IE,2015,2015,1
Annual,A,National framework,NAT,Kenya,KE,Person,PER,Ireland,IE,2016,2016,0
Annual,A,National framework,NAT,Kenya,KE,Person,PER,Ireland,IE,2017,2017,0
Annual,A,National framework,NAT,Kenya,KE,Person,PER,Ireland,IE,2018,2018,0
Annual,A,National framework,NAT,Kenya,KE,Person,PER,Ireland,IE,2019,2019,0
Annual,A,National framework,NAT,Kenya,KE,Person,PER,Ireland,IE,2020,2020,0
Annual,A,National framework,NAT,Kenya,KE,Person,PER,Ireland,IE,2021,2021,0
Annual,A,National framework,NAT,Kenya,KE,Person,PER,Ireland,IE,2022,2022,0
Annual,A,National framework,NAT,Kenya,KE,Person,PER,Ireland,IE,2023,2023,1
Annual,A,National framework,NAT,Kenya,KE,Person,PER,Ireland,IE,2024,2024,1
Annual,A,National framework,NAT,Kenya,KE,Person,PER,Ireland,IE,2025,2025,1
Annual,A,National framework,NAT,Madagascar,MG,Person,PER,Ireland,IE,2010,2010,0
Annual,A,National framework,NAT,Madagascar,MG,Person,PER,Ireland,IE,2011,2011,0
Annual,A,National framework,NAT,Madagascar,MG,Person,PER,Ireland,IE,2012,2012,0
Annual,A,National framework,NAT,Madagascar,MG,Person,PER,Ireland,IE,2013,2013,0
Annual,A,National framework,NAT,Madagascar,MG,Person,PER,Ireland,IE,2014,2014,0
Annual,A,National framework,NAT,Madagascar,MG,Person,PER,Ireland,IE,2015,2015,0
Annual,A,National framework,NAT,Madagascar,MG,Person,PER,Ireland,IE,2016,2016,0
Annual,A,National framework,NAT,Madagascar,MG,Person,PER,Ireland,IE,2017,2017,0
Annual,A,National framework,NAT,Madagascar,MG,Person,PER,Ireland,IE,2018,2018,0
Annual,A,National framework,NAT,Madagascar,MG,Person,PER,Ireland,IE,2019,2019,0
Annual,A,National framework,NAT,Madagascar,MG,Person,PER,Ireland,IE,2020,2020,0
Annual,A,National framework,NAT,Madagascar,MG,Person,PER,Ireland,IE,2021,2021,0
Annual,A,National framework,NAT,Madagascar,MG,Person,PER,Ireland,IE,2022,2022,0
Annual,A,National framework,NAT,Madagascar,MG,Person,PER,Ireland,IE,2023,2023,0
Annual,A,National framework,NAT,Madagascar,MG,Person,PER,Ireland,IE,2024,2024,0
Annual,A,National framework,NAT,Madagascar,MG,Person,PER,Ireland,IE,2025,2025,0
Annual,A,National framework,NAT,Malawi,MW,Person,PER,Ireland,IE,2010,2010,3
Annual,A,National framework,NAT,Malawi,MW,Person,PER,Ireland,IE,2011,2011,3
Annual,A,National framework,NAT,Malawi,MW,Person,PER,Ireland,IE,2012,2012,5
Annual,A,National framework,NAT,Malawi,MW,Person,PER,Ireland,IE,2013,2013,4
Annual,A,National framework,NAT,Malawi,MW,Person,PER,Ireland,IE,2014,2014,3
Annual,A,National framework,NAT,Malawi,MW,Person,PER,Ireland,IE,2015,2015,3
Annual,A,National framework,NAT,Malawi,MW,Person,PER,Ireland,IE,2016,2016,3
Annual,A,National framework,NAT,Malawi,MW,Person,PER,Ireland,IE,2017,2017,3
Annual,A,National framework,NAT,Malawi,MW,Person,PER,Ireland,IE,2018,2018,1
Annual,A,National framework,NAT,Malawi,MW,Person,PER,Ireland,IE,2019,2019,0
Annual,A,National framework,NAT,Malawi,MW,Person,PER,Ireland,IE,2020,2020,0
Annual,A,National framework,NAT,Malawi,MW,Person,PER,Ireland,IE,2021,2021,0
Annual,A,National framework,NAT,Malawi,MW,Person,PER,Ireland,IE,2022,2022,0
Annual,A,National framework,NAT,Malawi,MW,Person,PER,Ireland,IE,2023,2023,0
Annual,A,National framework,NAT,Malawi,MW,Person,PER,Ireland,IE,2024,2024,0
Annual,A,National framework,NAT,Malawi,MW,Person,PER,Ireland,IE,2025,2025,0
Annual,A,National framework,NAT,Mauritius,MU,Person,PER,Ireland,IE,2010,2010,9
Annual,A,National framework,NAT,Mauritius,MU,Person,PER,Ireland,IE,2011,2011,12
Annual,A,National framework,NAT,Mauritius,MU,Person,PER,Ireland,IE,2012,2012,6
Annual,A,National framework,NAT,Mauritius,MU,Person,PER,Ireland,IE,2013,2013,2
Annual,A,National framework,NAT,Mauritius,MU,Person,PER,Ireland,IE,2014,2014,1
Annual,A,National framework,NAT,Mauritius,MU,Person,PER,Ireland,IE,2015,2015,0
Annual,A,National framework,NAT,Mauritius,MU,Person,PER,Ireland,IE,2016,2016,0
Annual,A,National framework,NAT,Mauritius,MU,Person,PER,Ireland,IE,2017,2017,0
Annual,A,National framework,NAT,Mauritius,MU,Person,PER,Ireland,IE,2018,2018,0
Annual,A,National framework,NAT,Mauritius,MU,Person,PER,Ireland,IE,2019,2019,1
Annual,A,National framework,NAT,Mauritius,MU,Person,PER,Ireland,IE,2020,2020,1
Annual,A,National framework,NAT,Mauritius,MU,Person,PER,Ireland,IE,2021,2021,4
Annual,A,National framework,NAT,Mauritius,MU,Person,PER,Ireland,IE,2022,2022,4
Annual,A,National framework,NAT,Mauritius,MU,Person,PER,Ireland,IE,2023,2023,3
Annual,A,National framework,NAT,Mauritius,MU,Person,PER,Ireland,IE,2024,2024,2
Annual,A,National framework,NAT,Mauritius,MU,Person,PER,Ireland,IE,2025,2025,2
Annual,A,National framework,NAT,Mozambique,MZ,Person,PER,Ireland,IE,2010,2010,0
Annual,A,National framework,NAT,Mozambique,MZ,Person,PER,Ireland,IE,2011,2011,0
Annual,A,National framework,NAT,Mozambique,MZ,Person,PER,Ireland,IE,2012,2012,0
Annual,A,National framework,NAT,Mozambique,MZ,Person,PER,Ireland,IE,2013,2013,0
Annual,A,National framework,NAT,Mozambique,MZ,Person,PER,Ireland,IE,2014,2014,0
Annual,A,National framework,NAT,Mozambique,MZ,Person,PER,Ireland,IE,2015,2015,0
Annual,A,National framework,NAT,Mozambique,MZ,Person,PER,Ireland,IE,2016,2016,0
Annual,A,National framework,NAT,Mozambique,MZ,Person,PER,Ireland,IE,2017,2017,0
Annual,A,National framework,NAT,Mozambique,MZ,Person,PER,Ireland,IE,2018,2018,0
Annual,A,National framework,NAT,Mozambique,MZ,Person,PER,Ireland,IE,2019,2019,0
Annual,A,National framework,NAT,Mozambique,MZ,Person,PER,Ireland,IE,2020,2020,0
Annual,A,National framework,NAT,Mozambique,MZ,Person,PER,Ireland,IE,2021,2021,0
Annual,A,National framework,NAT,Mozambique,MZ,Person,PER,Ireland,IE,2022,2022,0
Annual,A,National framework,NAT,Mozambique,MZ,Person,PER,Ireland,IE,2023,2023,0
Annual,A,National framework,NAT,Mozambique,MZ,Person,PER,Ireland,IE,2024,2024,0
Annual,A,National framework,NAT,Mozambique,MZ,Person,PER,Ireland,IE,2025,2025,0
Annual,A,National framework,NAT,Rwanda,RW,Person,PER,Ireland,IE,2010,2010,0
Annual,A,National framework,NAT,Rwanda,RW,Person,PER,Ireland,IE,2011,2011,0
Annual,A,National framework,NAT,Rwanda,RW,Person,PER,Ireland,IE,2012,2012,0
Annual,A,National framework,NAT,Rwanda,RW,Person,PER,Ireland,IE,2013,2013,0
Annual,A,National framework,NAT,Rwanda,RW,Person,PER,Ireland,IE,2014,2014,0
Annual,A,National framework,NAT,Rwanda,RW,Person,PER,Ireland,IE,2015,2015,0
Annual,A,National framework,NAT,Rwanda,RW,Person,PER,Ireland,IE,2016,2016,0
Annual,A,National framework,NAT,Rwanda,RW,Person,PER,Ireland,IE,2017,2017,0
Annual,A,National framework,NAT,Rwanda,RW,Person,PER,Ireland,IE,2018,2018,0
Annual,A,National framework,NAT,Rwanda,RW,Person,PER,Ireland,IE,2019,2019,0
Annual,A,National framework,NAT,Rwanda,RW,Person,PER,Ireland,IE,2020,2020,0
Annual,A,National framework,NAT,Rwanda,RW,Person,PER,Ireland,IE,2021,2021,0
Annual,A,National framework,NAT,Rwanda,RW,Person,PER,Ireland,IE,2022,2022,0
Annual,A,National framework,NAT,Rwanda,RW,Person,PER,Ireland,IE,2023,2023,0
Annual,A,National framework,NAT,Rwanda,RW,Person,PER,Ireland,IE,2024,2024,0
Annual,A,National framework,NAT,Rwanda,RW,Person,PER,Ireland,IE,2025,2025,0
Annual,A,National framework,NAT,Seychelles,SC,Person,PER,Ireland,IE,2010,2010,0
Annual,A,National framework,NAT,Seychelles,SC,Person,PER,Ireland,IE,2011,2011,0
Annual,A,National framework,NAT,Seychelles,SC,Person,PER,Ireland,IE,2012,2012,0
Annual,A,National framework,NAT,Seychelles,SC,Person,PER,Ireland,IE,2013,2013,0
Annual,A,National framework,NAT,Seychelles,SC,Person,PER,Ireland,IE,2014,2014,0
Annual,A,National framework,NAT,Seychelles,SC,Person,PER,Ireland,IE,2015,2015,0
Annual,A,National framework,NAT,Seychelles,SC,Person,PER,Ireland,IE,2016,2016,0
Annual,A,National framework,NAT,Seychelles,SC,Person,PER,Ireland,IE,2017,2017,0
Annual,A,National framework,NAT,Seychelles,SC,Person,PER,Ireland,IE,2018,2018,0
Annual,A,National framework,NAT,Seychelles,SC,Person,PER,Ireland,IE,2019,2019,0
Annual,A,National framework,NAT,Seychelles,SC,Person,PER,Ireland,IE,2020,2020,0
Annual,A,National framework,NAT,Seychelles,SC,Person,PER,Ireland,IE,2021,2021,0
Annual,A,National framework,NAT,Seychelles,SC,Person,PER,Ireland,IE,2022,2022,0
Annual,A,National framework,NAT,Seychelles,SC,Person,PER,Ireland,IE,2023,2023,0
Annual,A,National framework,NAT,Seychelles,SC,Person,PER,Ireland,IE,2024,2024,0
Annual,A,National framework,NAT,Seychelles,SC,Person,PER,Ireland,IE,2025,2025,0
Annual,A,National framework,NAT,Somalia,SO,Person,PER,Ireland,IE,2010,2010,0
Annual,A,National framework,NAT,Somalia,SO,Person,PER,Ireland,IE,2011,2011,0
Annual,A,National framework,NAT,Somalia,SO,Person,PER,Ireland,IE,2012,2012,0
Annual,A,National framework,NAT,Somalia,SO,Person,PER,Ireland,IE,2013,2013,0
Annual,A,National framework,NAT,Somalia,SO,Person,PER,Ireland,IE,2014,2014,0
Annual,A,National framework,NAT,Somalia,SO,Person,PER,Ireland,IE,2015,2015,0
Annual,A,National framework,NAT,Somalia,SO,Person,PER,Ireland,IE,2016,2016,0
Annual,A,National framework,NAT,Somalia,SO,Person,PER,Ireland,IE,2017,2017,0
Annual,A,National framework,NAT,Somalia,SO,Person,PER,Ireland,IE,2018,2018,0
Annual,A,National framework,NAT,Somalia,SO,Person,PER,Ireland,IE,2019,2019,0
Annual,A,National framework,NAT,Somalia,SO,Person,PER,Ireland,IE,2020,2020,0
Annual,A,National framework,NAT,Somalia,SO,Person,PER,Ireland,IE,2021,2021,0
Annual,A,National framework,NAT,Somalia,SO,Person,PER,Ireland,IE,2022,2022,0
Annual,A,National framework,NAT,Somalia,SO,Person,PER,Ireland,IE,2023,2023,0
Annual,A,National framework,NAT,Somalia,SO,Person,PER,Ireland,IE,2024,2024,0
Annual,A,National framework,NAT,Somalia,SO,Person,PER,Ireland,IE,2025,2025,0
Annual,A,National framework,NAT,Uganda,UG,Person,PER,Ireland,IE,2010,2010,1
Annual,A,National framework,NAT,Uganda,UG,Person,PER,Ireland,IE,2011,2011,1
Annual,A,National framework,NAT,Uganda,UG,Person,PER,Ireland,IE,2012,2012,0
Annual,A,National framework,NAT,Uganda,UG,Person,PER,Ireland,IE,2013,2013,0
Annual,A,National framework,NAT,Uganda,UG,Person,PER,Ireland,IE,2014,2014,0
Annual,A,National framework,NAT,Uganda,UG,Person,PER,Ireland,IE,2015,2015,0
Annual,A,National framework,NAT,Uganda,UG,Person,PER,Ireland,IE,2016,2016,0
Annual,A,National framework,NAT,Uganda,UG,Person,PER,Ireland,IE,2017,2017,0
Annual,A,National framework,NAT,Uganda,UG,Person,PER,Ireland,IE,2018,2018,0
Annual,A,National framework,NAT,Uganda,UG,Person,PER,Ireland,IE,2019,2019,0
Annual,A,National framework,NAT,Uganda,UG,Person,PER,Ireland,IE,2020,2020,0
Annual,A,National framework,NAT,Uganda,UG,Person,PER,Ireland,IE,2021,2021,0
Annual,A,National framework,NAT,Uganda,UG,Person,PER,Ireland,IE,2022,2022,0
Annual,A,National framework,NAT,Uganda,UG,Person,PER,Ireland,IE,2023,2023,0
Annual,A,National framework,NAT,Uganda,UG,Person,PER,Ireland,IE,2024,2024,0
Annual,A,National framework,NAT,Uganda,UG,Person,PER,Ireland,IE,2025,2025,0
Annual,A,National framework,NAT,Tanzania,TZ,Person,PER,Ireland,IE,2010,2010,4
Annual,A,National framework,NAT,Tanzania,TZ,Person,PER,Ireland,IE,2011,2011,2
Annual,A,National framework,NAT,Tanzania,TZ,Person,PER,Ireland,IE,2012,2012,4
Annual,A,National framework,NAT,Tanzania,TZ,Person,PER,Ireland,IE,2013,2013,0
Annual,A,National framework,NAT,Tanzania,TZ,Person,PER,Ireland,IE,2014,2014,0
Annual,A,National framework,NAT,Tanzania,TZ,Person,PER,Ireland,IE,2015,2015,0
Annual,A,National framework,NAT,Tanzania,TZ,Person,PER,Ireland,IE,2016,2016,0
Annual,A,National framework,NAT,Tanzania,TZ,Person,PER,Ireland,IE,2017,2017,0
Annual,A,National framework,NAT,Tanzania,TZ,Person,PER,Ireland,IE,2018,2018,0
Annual,A,National framework,NAT,Tanzania,TZ,Person,PER,Ireland,IE,2019,2019,0
Annual,A,National framework,NAT,Tanzania,TZ,Person,PER,Ireland,IE,2020,2020,0
Annual,A,National framework,NAT,Tanzania,TZ,Person,PER,Ireland,IE,2021,2021,0
Annual,A,National framework,NAT,Tanzania,TZ,Person,PER,Ireland,IE,2022,2022,1
Annual,A,National framework,NAT,Tanzania,TZ,Person,PER,Ireland,IE,2023,2023,1
Annual,A,National framework,NAT,Tanzania,TZ,Person,PER,Ireland,IE,2024,2024,1
Annual,A,National framework,NAT,Tanzania,TZ,Person,PER,Ireland,IE,2025,2025,1
Annual,A,National framework,NAT,Zambia,ZM,Person,PER,Ireland,IE,2010,2010,5
Annual,A,National framework,NAT,Zambia,ZM,Person,PER,Ireland,IE,2011,2011,8
Annual,A,National framework,NAT,Zambia,ZM,Person,PER,Ireland,IE,2012,2012,7
Annual,A,National framework,NAT,Zambia,ZM,Person,PER,Ireland,IE,2013,2013,4
Annual,A,National framework,NAT,Zambia,ZM,Person,PER,Ireland,IE,2014,2014,3
Annual,A,National framework,NAT,Zambia,ZM,Person,PER,Ireland,IE,2015,2015,2
Annual,A,National framework,NAT,Zambia,ZM,Person,PER,Ireland,IE,2016,2016,1
Annual,A,National framework,NAT,Zambia,ZM,Person,PER,Ireland,IE,2017,2017,1
Annual,A,National framework,NAT,Zambia,ZM,Person,PER,Ireland,IE,2018,2018,1
Annual,A,National framework,NAT,Zambia,ZM,Person,PER,Ireland,IE,2019,2019,1
Annual,A,National framework,NAT,Zambia,ZM,Person,PER,Ireland,IE,2020,2020,1
Annual,A,National framework,NAT,Zambia,ZM,Person,PER,Ireland,IE,2021,2021,1
Annual,A,National framework,NAT,Zambia,ZM,Person,PER,Ireland,IE,2022,2022,1
Annual,A,National framework,NAT,Zambia,ZM,Person,PER,Ireland,IE,2023,2023,0
Annual,A,National framework,NAT,Zambia,ZM,Person,PER,Ireland,IE,2024,2024,0
Annual,A,National framework,NAT,Zambia,ZM,Person,PER,Ireland,IE,2025,2025,0
Annual,A,National framework,NAT,Zimbabwe,ZW,Person,PER,Ireland,IE,2010,2010,94
Annual,A,National framework,NAT,Zimbabwe,ZW,Person,PER,Ireland,IE,2011,2011,81
Annual,A,National framework,NAT,Zimbabwe,ZW,Person,PER,Ireland,IE,2012,2012,69
Annual,A,National framework,NAT,Zimbabwe,ZW,Person,PER,Ireland,IE,2013,2013,34
Annual,A,National framework,NAT,Zimbabwe,ZW,Person,PER,Ireland,IE,2014,2014,23
Annual,A,National framework,NAT,Zimbabwe,ZW,Person,PER,Ireland,IE,2015,2015,21
Annual,A,National framework,NAT,Zimbabwe,ZW,Person,PER,Ireland,IE,2016,2016,10
Annual,A,National framework,NAT,Zimbabwe,ZW,Person,PER,Ireland,IE,2017,2017,9
Annual,A,National framework,NAT,Zimbabwe,ZW,Person,PER,Ireland,IE,2018,2018,3
Annual,A,National framework,NAT,Zimbabwe,ZW,Person,PER,Ireland,IE,2019,2019,2
Annual,A,National framework,NAT,Zimbabwe,ZW,Person,PER,Ireland,IE,2020,2020,2
Annual,A,National framework,NAT,Zimbabwe,ZW,Person,PER,Ireland,IE,2021,2021,2
Annual,A,National framework,NAT,Zimbabwe,ZW,Person,PER,Ireland,IE,2022,2022,3
Annual,A,National framework,NAT,Zimbabwe,ZW,Person,PER,Ireland,IE,2023,2023,4
Annual,A,National framework,NAT,Zimbabwe,ZW,Person,PER,Ireland,IE,2024,2024,3
Annual,A,National framework,NAT,Zimbabwe,ZW,Person,PER,Ireland,IE,2025,2025,3
Annual,A,National framework,NAT,Algeria,DZ,Person,PER,Ireland,IE,2010,2010,35
Annual,A,National framework,NAT,Algeria,DZ,Person,PER,Ireland,IE,2011,2011,32
Annual,A,National framework,NAT,Algeria,DZ,Person,PER,Ireland,IE,2012,2012,22
Annual,A,National framework,NAT,Algeria,DZ,Person,PER,Ireland,IE,2013,2013,14
Annual,A,National framework,NAT,Algeria,DZ,Person,PER,Ireland,IE,2014,2014,8
Annual,A,National framework,NAT,Algeria,DZ,Person,PER,Ireland,IE,2015,2015,2
Annual,A,National framework,NAT,Algeria,DZ,Person,PER,Ireland,IE,2016,2016,2
Annual,A,National framework,NAT,Algeria,DZ,Person,PER,Ireland,IE,2017,2017,2
Annual,A,National framework,NAT,Algeria,DZ,Person,PER,Ireland,IE,2018,2018,2
Annual,A,National framework,NAT,Algeria,DZ,Person,PER,Ireland,IE,2019,2019,2
Annual,A,National framework,NAT,Algeria,DZ,Person,PER,Ireland,IE,2020,2020,1
Annual,A,National framework,NAT,Algeria,DZ,Person,PER,Ireland,IE,2021,2021,2
Annual,A,National framework,NAT,Algeria,DZ,Person,PER,Ireland,IE,2022,2022,3
Annual,A,National framework,NAT,Algeria,DZ,Person,PER,Ireland,IE,2023,2023,4
Annual,A,National framework,NAT,Algeria,DZ,Person,PER,Ireland,IE,2024,2024,3
Annual,A,National framework,NAT,Algeria,DZ,Person,PER,Ireland,IE,2025,2025,3
Annual,A,National framework,NAT,Egypt,EG,Person,PER,Ireland,IE,2010,2010,100
Annual,A,National framework,NAT,Egypt,EG,Person,PER,Ireland,IE,2011,2011,69
Annual,A,National framework,NAT,Egypt,EG,Person,PER,Ireland,IE,2012,2012,35
Annual,A,National framework,NAT,Egypt,EG,Person,PER,Ireland,IE,2013,2013,21
Annual,A,National framework,NAT,Egypt,EG,Person,PER,Ireland,IE,2014,2014,7
Annual,A,National framework,NAT,Egypt,EG,Person,PER,Ireland,IE,2015,2015,7
Annual,A,National framework,NAT,Egypt,EG,Person,PER,Ireland,IE,2016,2016,6
Annual,A,National framework,NAT,Egypt,EG,Person,PER,Ireland,IE,2017,2017,6
Annual,A,National framework,NAT,Egypt,EG,Person,PER,Ireland,IE,2018,2018,6
Annual,A,National framework,NAT,Egypt,EG,Person,PER,Ireland,IE,2019,2019,8
Annual,A,National framework,NAT,Egypt,EG,Person,PER,Ireland,IE,2020,2020,7
Annual,A,National framework,NAT,Egypt,EG,Person,PER,Ireland,IE,2021,2021,22
Annual,A,National framework,NAT,Egypt,EG,Person,PER,Ireland,IE,2022,2022,59
Annual,A,National framework,NAT,Egypt,EG,Person,PER,Ireland,IE,2023,2023,70
Annual,A,National framework,NAT,Egypt,EG,Person,PER,Ireland,IE,2024,2024,72
Annual,A,National framework,NAT,Egypt,EG,Person,PER,Ireland,IE,2025,2025,74
Annual,A,National framework,NAT,Libya,LY,Person,PER,Ireland,IE,2010,2010,2
Annual,A,National framework,NAT,Libya,LY,Person,PER,Ireland,IE,2011,2011,2
Annual,A,National framework,NAT,Libya,LY,Person,PER,Ireland,IE,2012,2012,1
Annual,A,National framework,NAT,Libya,LY,Person,PER,Ireland,IE,2013,2013,1
Annual,A,National framework,NAT,Libya,LY,Person,PER,Ireland,IE,2014,2014,0
Annual,A,National framework,NAT,Libya,LY,Person,PER,Ireland,IE,2015,2015,0
Annual,A,National framework,NAT,Libya,LY,Person,PER,Ireland,IE,2016,2016,0
Annual,A,National framework,NAT,Libya,LY,Person,PER,Ireland,IE,2017,2017,0
Annual,A,National framework,NAT,Libya,LY,Person,PER,Ireland,IE,2018,2018,0
Annual,A,National framework,NAT,Libya,LY,Person,PER,Ireland,IE,2019,2019,0
Annual,A,National framework,NAT,Libya,LY,Person,PER,Ireland,IE,2020,2020,0
Annual,A,National framework,NAT,Libya,LY,Person,PER,Ireland,IE,2021,2021,0
Annual,A,National framework,NAT,Libya,LY,Person,PER,Ireland,IE,2022,2022,0
Annual,A,National framework,NAT,Libya,LY,Person,PER,Ireland,IE,2023,2023,0
Annual,A,National framework,NAT,Libya,LY,Person,PER,Ireland,IE,2024,2024,0
Annual,A,National framework,NAT,Libya,LY,Person,PER,Ireland,IE,2025,2025,0
Annual,A,National framework,NAT,Morocco,MA,Person,PER,Ireland,IE,2010,2010,56
Annual,A,National framework,NAT,Morocco,MA,Person,PER,Ireland,IE,2011,2011,45
Annual,A,National framework,NAT,Morocco,MA,Person,PER,Ireland,IE,2012,2012,36
Annual,A,National framework,NAT,Morocco,MA,Person,PER,Ireland,IE,2013,2013,12
Annual,A,National framework,NAT,Morocco,MA,Person,PER,Ireland,IE,2014,2014,8
Annual,A,National framework,NAT,Morocco,MA,Person,PER,Ireland,IE,2015,2015,8
Annual,A,National framework,NAT,Morocco,MA,Person,PER,Ireland,IE,2016,2016,7
Annual,A,National framework,NAT,Morocco,MA,Person,PER,Ireland,IE,2017,2017,5
Annual,A,National framework,NAT,Morocco,MA,Person,PER,Ireland,IE,2018,2018,3
Annual,A,National framework,NAT,Morocco,MA,Person,PER,Ireland,IE,2019,2019,1
Annual,A,National framework,NAT,Morocco,MA,Person,PER,Ireland,IE,2020,2020,2
Annual,A,National framework,NAT,Morocco,MA,Person,PER,Ireland,IE,2021,2021,3
Annual,A,National framework,NAT,Morocco,MA,Person,PER,Ireland,IE,2022,2022,4
Annual,A,National framework,NAT,Morocco,MA,Person,PER,Ireland,IE,2023,2023,4
Annual,A,National framework,NAT,Morocco,MA,Person,PER,Ireland,IE,2024,2024,5
Annual,A,National framework,NAT,Morocco,MA,Person,PER,Ireland,IE,2025,2025,8
Annual,A,National framework,NAT,South Sudan,SS,Person,PER,Ireland,IE,2011,2011,0
Annual,A,National framework,NAT,South Sudan,SS,Person,PER,Ireland,IE,2012,2012,0
Annual,A,National framework,NAT,South Sudan,SS,Person,PER,Ireland,IE,2013,2013,0
Annual,A,National framework,NAT,South Sudan,SS,Person,PER,Ireland,IE,2014,2014,0
Annual,A,National framework,NAT,South Sudan,SS,Person,PER,Ireland,IE,2015,2015,0
Annual,A,National framework,NAT,South Sudan,SS,Person,PER,Ireland,IE,2016,2016,0
Annual,A,National framework,NAT,South Sudan,SS,Person,PER,Ireland,IE,2017,2017,0
Annual,A,National framework,NAT,South Sudan,SS,Person,PER,Ireland,IE,2018,2018,0
Annual,A,National framework,NAT,South Sudan,SS,Person,PER,Ireland,IE,2019,2019,0
Annual,A,National framework,NAT,South Sudan,SS,Person,PER,Ireland,IE,2020,2020,0
Annual,A,National framework,NAT,South Sudan,SS,Person,PER,Ireland,IE,2021,2021,0
Annual,A,National framework,NAT,South Sudan,SS,Person,PER,Ireland,IE,2022,2022,0
Annual,A,National framework,NAT,South Sudan,SS,Person,PER,Ireland,IE,2023,2023,0
Annual,A,National framework,NAT,South Sudan,SS,Person,PER,Ireland,IE,2024,2024,0
Annual,A,National framework,NAT,South Sudan,SS,Person,PER,Ireland,IE,2025,2025,0
Annual,A,National framework,NAT,Sudan,SD,Person,PER,Ireland,IE,2010,2010,2
Annual,A,National framework,NAT,Sudan,SD,Person,PER,Ireland,IE,2011,2011,3
Annual,A,National framework,NAT,Sudan,SD,Person,PER,Ireland,IE,2012,2012,1
Annual,A,National framework,NAT,Sudan,SD,Person,PER,Ireland,IE,2013,2013,0
Annual,A,National framework,NAT,Sudan,SD,Person,PER,Ireland,IE,2014,2014,0
Annual,A,National framework,NAT,Sudan,SD,Person,PER,Ireland,IE,2015,2015,0
Annual,A,National framework,NAT,Sudan,SD,Person,PER,Ireland,IE,2016,2016,0
Annual,A,National framework,NAT,Sudan,SD,Person,PER,Ireland,IE,2017,2017,2
Annual,A,National framework,NAT,Sudan,SD,Person,PER,Ireland,IE,2018,2018,2
Annual,A,National framework,NAT,Sudan,SD,Person,PER,Ireland,IE,2019,2019,3
Annual,A,National framework,NAT,Sudan,SD,Person,PER,Ireland,IE,2020,2020,4
Annual,A,National framework,NAT,Sudan,SD,Person,PER,Ireland,IE,2021,2021,5
Annual,A,National framework,NAT,Sudan,SD,Person,PER,Ireland,IE,2022,2022,8
Annual,A,National framework,NAT,Sudan,SD,Person,PER,Ireland,IE,2023,2023,8
Annual,A,National framework,NAT,Sudan,SD,Person,PER,Ireland,IE,2024,2024,5
Annual,A,National framework,NAT,Sudan,SD,Person,PER,Ireland,IE,2025,2025,4
Annual,A,National framework,NAT,Tunisia,TN,Person,PER,Ireland,IE,2010,2010,23
Annual,A,National framework,NAT,Tunisia,TN,Person,PER,Ireland,IE,2011,2011,11
Annual,A,National framework,NAT,Tunisia,TN,Person,PER,Ireland,IE,2012,2012,6
Annual,A,National framework,NAT,Tunisia,TN,Person,PER,Ireland,IE,2013,2013,5
Annual,A,National framework,NAT,Tunisia,TN,Person,PER,Ireland,IE,2014,2014,3
Annual,A,National framework,NAT,Tunisia,TN,Person,PER,Ireland,IE,2015,2015,2
Annual,A,National framework,NAT,Tunisia,TN,Person,PER,Ireland,IE,2016,2016,1
Annual,A,National framework,NAT,Tunisia,TN,Person,PER,Ireland,IE,2017,2017,1
Annual,A,National framework,NAT,Tunisia,TN,Person,PER,Ireland,IE,2018,2018,1
Annual,A,National framework,NAT,Tunisia,TN,Person,PER,Ireland,IE,2019,2019,1
Annual,A,National framework,NAT,Tunisia,TN,Person,PER,Ireland,IE,2020,2020,1
Annual,A,National framework,NAT,Tunisia,TN,Person,PER,Ireland,IE,2021,2021,1
Annual,A,National framework,NAT,Tunisia,TN,Person,PER,Ireland,IE,2022,2022,1
Annual,A,National framework,NAT,Tunisia,TN,Person,PER,Ireland,IE,2023,2023,2
Annual,A,National framework,NAT,Tunisia,TN,Person,PER,Ireland,IE,2024,2024,2
Annual,A,National framework,NAT,Tunisia,TN,Person,PER,Ireland,IE,2025,2025,2
Annual,A,National framework,NAT,Western Sahara,EH,Person,PER,Ireland,IE,2010,2010,0
Annual,A,National framework,NAT,Western Sahara,EH,Person,PER,Ireland,IE,2011,2011,0
Annual,A,National framework,NAT,Western Sahara,EH,Person,PER,Ireland,IE,2012,2012,0
Annual,A,National framework,NAT,Western Sahara,EH,Person,PER,Ireland,IE,2013,2013,0
Annual,A,National framework,NAT,Western Sahara,EH,Person,PER,Ireland,IE,2014,2014,0
Annual,A,National framework,NAT,Western Sahara,EH,Person,PER,Ireland,IE,2015,2015,0
Annual,A,National framework,NAT,Western Sahara,EH,Person,PER,Ireland,IE,2016,2016,0
Annual,A,National framework,NAT,Western Sahara,EH,Person,PER,Ireland,IE,2017,2017,0
Annual,A,National framework,NAT,Western Sahara,EH,Person,PER,Ireland,IE,2018,2018,0
Annual,A,National framework,NAT,Western Sahara,EH,Person,PER,Ireland,IE,2019,2019,0
Annual,A,National framework,NAT,Western Sahara,EH,Person,PER,Ireland,IE,2020,2020,0
Annual,A,National framework,NAT,Western Sahara,EH,Person,PER,Ireland,IE,2021,2021,0
Annual,A,National framework,NAT,Western Sahara,EH,Person,PER,Ireland,IE,2022,2022,0
Annual,A,National framework,NAT,Western Sahara,EH,Person,PER,Ireland,IE,2023,2023,0
Annual,A,National framework,NAT,Western Sahara,EH,Person,PER,Ireland,IE,2024,2024,0
Annual,A,National framework,NAT,Western Sahara,EH,Person,PER,Ireland,IE,2025,2025,0
Annual,A,National framework,NAT,Botswana,BW,Person,PER,Ireland,IE,2010,2010,4
Annual,A,National framework,NAT,Botswana,BW,Person,PER,Ireland,IE,2011,2011,5
Annual,A,National framework,NAT,Botswana,BW,Person,PER,Ireland,IE,2012,2012,7
Annual,A,National framework,NAT,Botswana,BW,Person,PER,Ireland,IE,2013,2013,7
Annual,A,National framework,NAT,Botswana,BW,Person,PER,Ireland,IE,2014,2014,7
Annual,A,National framework,NAT,Botswana,BW,Person,PER,Ireland,IE,2015,2015,7
Annual,A,National framework,NAT,Botswana,BW,Person,PER,Ireland,IE,2016,2016,7
Annual,A,National framework,NAT,Botswana,BW,Person,PER,Ireland,IE,2017,2017,7
Annual,A,National framework,NAT,Botswana,BW,Person,PER,Ireland,IE,2018,2018,7
Annual,A,National framework,NAT,Botswana,BW,Person,PER,Ireland,IE,2019,2019,9
Annual,A,National framework,NAT,Botswana,BW,Person,PER,Ireland,IE,2020,2020,8
Annual,A,National framework,NAT,Botswana,BW,Person,PER,Ireland,IE,2021,2021,8
Annual,A,National framework,NAT,Botswana,BW,Person,PER,Ireland,IE,2022,2022,9
Annual,A,National framework,NAT,Botswana,BW,Person,PER,Ireland,IE,2023,2023,9
Annual,A,National framework,NAT,Botswana,BW,Person,PER,Ireland,IE,2024,2024,8
Annual,A,National framework,NAT,Botswana,BW,Person,PER,Ireland,IE,2025,2025,6
Annual,A,National framework,NAT,Lesotho,LS,Person,PER,Ireland,IE,2010,2010,0
Annual,A,National framework,NAT,Lesotho,LS,Person,PER,Ireland,IE,2011,2011,0
Annual,A,National framework,NAT,Lesotho,LS,Person,PER,Ireland,IE,2012,2012,0
Annual,A,National framework,NAT,Lesotho,LS,Person,PER,Ireland,IE,2013,2013,0
Annual,A,National framework,NAT,Lesotho,LS,Person,PER,Ireland,IE,2014,2014,0
Annual,A,National framework,NAT,Lesotho,LS,Person,PER,Ireland,IE,2015,2015,0
Annual,A,National framework,NAT,Lesotho,LS,Person,PER,Ireland,IE,2016,2016,0
Annual,A,National framework,NAT,Lesotho,LS,Person,PER,Ireland,IE,2017,2017,0
Annual,A,National framework,NAT,Lesotho,LS,Person,PER,Ireland,IE,2018,2018,0
Annual,A,National framework,NAT,Lesotho,LS,Person,PER,Ireland,IE,2019,2019,0
Annual,A,National framework,NAT,Lesotho,LS,Person,PER,Ireland,IE,2020,2020,0
Annual,A,National framework,NAT,Lesotho,LS,Person,PER,Ireland,IE,2021,2021,0
Annual,A,National framework,NAT,Lesotho,LS,Person,PER,Ireland,IE,2022,2022,0
Annual,A,National framework,NAT,Lesotho,LS,Person,PER,Ireland,IE,2023,2023,0
Annual,A,National framework,NAT,Lesotho,LS,Person,PER,Ireland,IE,2024,2024,0
Annual,A,National framework,NAT,Lesotho,LS,Person,PER,Ireland,IE,2025,2025,0
Annual,A,National framework,NAT,Namibia,NA,Person,PER,Ireland,IE,2010,2010,0
Annual,A,National framework,NAT,Namibia,NA,Person,PER,Ireland,IE,2011,2011,0
Annual,A,National framework,NAT,Namibia,NA,Person,PER,Ireland,IE,2012,2012,0
Annual,A,National framework,NAT,Namibia,NA,Person,PER,Ireland,IE,2013,2013,0
Annual,A,National framework,NAT,Namibia,NA,Person,PER,Ireland,IE,2014,2014,0
Annual,A,National framework,NAT,Namibia,NA,Person,PER,Ireland,IE,2015,2015,0
Annual,A,National framework,NAT,Namibia,NA,Person,PER,Ireland,IE,2016,2016,0
Annual,A,National framework,NAT,Namibia,NA,Person,PER,Ireland,IE,2017,2017,0
Annual,A,National framework,NAT,Namibia,NA,Person,PER,Ireland,IE,2018,2018,0
Annual,A,National framework,NAT,Namibia,NA,Person,PER,Ireland,IE,2019,2019,0
Annual,A,National framework,NAT,Namibia,NA,Person,PER,Ireland,IE,2020,2020,0
Annual,A,National framework,NAT,Namibia,NA,Person,PER,Ireland,IE,2021,2021,0
Annual,A,National framework,NAT,Namibia,NA,Person,PER,Ireland,IE,2022,2022,0
Annual,A,National framework,NAT,Namibia,NA,Person,PER,Ireland,IE,2023,2023,0
Annual,A,National framework,NAT,Namibia,NA,Person,PER,Ireland,IE,2024,2024,0
Annual,A,National framework,NAT,Namibia,NA,Person,PER,Ireland,IE,2025,2025,0
Annual,A,National framework,NAT,South Africa,ZA,Person,PER,Ireland,IE,2010,2010,442
Annual,A,National framework,NAT,South Africa,ZA,Person,PER,Ireland,IE,2011,2011,382
Annual,A,National framework,NAT,South Africa,ZA,Person,PER,Ireland,IE,2012,2012,272
Annual,A,National framework,NAT,South Africa,ZA,Person,PER,Ireland,IE,2013,2013,196
Annual,A,National framework,NAT,South Africa,ZA,Person,PER,Ireland,IE,2014,2014,131
Annual,A,National framework,NAT,South Africa,ZA,Person,PER,Ireland,IE,2015,2015,111
Annual,A,National framework,NAT,South Africa,ZA,Person,PER,Ireland,IE,2016,2016,83
Annual,A,National framework,NAT,South Africa,ZA,Person,PER,Ireland,IE,2017,2017,82
Annual,A,National framework,NAT,South Africa,ZA,Person,PER,Ireland,IE,2018,2018,69
Annual,A,National framework,NAT,South Africa,ZA,Person,PER,Ireland,IE,2019,2019,53
Annual,A,National framework,NAT,South Africa,ZA,Person,PER,Ireland,IE,2020,2020,46
Annual,A,National framework,NAT,South Africa,ZA,Person,PER,Ireland,IE,2021,2021,44
Annual,A,National framework,NAT,South Africa,ZA,Person,PER,Ireland,IE,2022,2022,51
Annual,A,National framework,NAT,South Africa,ZA,Person,PER,Ireland,IE,2023,2023,58
Annual,A,National framework,NAT,South Africa,ZA,Person,PER,Ireland,IE,2024,2024,64
Annual,A,National framework,NAT,South Africa,ZA,Person,PER,Ireland,IE,2025,2025,59
Annual,A,National framework,NAT,Eswatini,SZ,Person,PER,Ireland,IE,2010,2010,0
Annual,A,National framework,NAT,Eswatini,SZ,Person,PER,Ireland,IE,2011,2011,0
Annual,A,National framework,NAT,Eswatini,SZ,Person,PER,Ireland,IE,2012,2012,0
Annual,A,National framework,NAT,Eswatini,SZ,Person,PER,Ireland,IE,2013,2013,0
Annual,A,National framework,NAT,Eswatini,SZ,Person,PER,Ireland,IE,2014,2014,0
Annual,A,National framework,NAT,Eswatini,SZ,Person,PER,Ireland,IE,2015,2015,0
Annual,A,National framework,NAT,Eswatini,SZ,Person,PER,Ireland,IE,2016,2016,0
Annual,A,National framework,NAT,Eswatini,SZ,Person,PER,Ireland,IE,2017,2017,0
Annual,A,National framework,NAT,Eswatini,SZ,Person,PER,Ireland,IE,2018,2018,0
Annual,A,National framework,NAT,Eswatini,SZ,Person,PER,Ireland,IE,2019,2019,0
Annual,A,National framework,NAT,Eswatini,SZ,Person,PER,Ireland,IE,2020,2020,0
Annual,A,National framework,NAT,Eswatini,SZ,Person,PER,Ireland,IE,2021,2021,0
Annual,A,National framework,NAT,Eswatini,SZ,Person,PER,Ireland,IE,2022,2022,0
Annual,A,National framework,NAT,Eswatini,SZ,Person,PER,Ireland,IE,2023,2023,0
Annual,A,National framework,NAT,Eswatini,SZ,Person,PER,Ireland,IE,2024,2024,0
Annual,A,National framework,NAT,Eswatini,SZ,Person,PER,Ireland,IE,2025,2025,0
Annual,A,National framework,NAT,Benin,BJ,Person,PER,Ireland,IE,2010,2010,0
Annual,A,National framework,NAT,Benin,BJ,Person,PER,Ireland,IE,2011,2011,0
Annual,A,National framework,NAT,Benin,BJ,Person,PER,Ireland,IE,2012,2012,0
Annual,A,National framework,NAT,Benin,BJ,Person,PER,Ireland,IE,2013,2013,0
Annual,A,National framework,NAT,Benin,BJ,Person,PER,Ireland,IE,2014,2014,0
Annual,A,National framework,NAT,Benin,BJ,Person,PER,Ireland,IE,2015,2015,0
Annual,A,National framework,NAT,Benin,BJ,Person,PER,Ireland,IE,2016,2016,0
Annual,A,National framework,NAT,Benin,BJ,Person,PER,Ireland,IE,2017,2017,0
Annual,A,National framework,NAT,Benin,BJ,Person,PER,Ireland,IE,2018,2018,0
Annual,A,National framework,NAT,Benin,BJ,Person,PER,Ireland,IE,2019,2019,0
Annual,A,National framework,NAT,Benin,BJ,Person,PER,Ireland,IE,2020,2020,0
Annual,A,National framework,NAT,Benin,BJ,Person,PER,Ireland,IE,2021,2021,0
Annual,A,National framework,NAT,Benin,BJ,Person,PER,Ireland,IE,2022,2022,0
Annual,A,National framework,NAT,Benin,BJ,Person,PER,Ireland,IE,2023,2023,0
Annual,A,National framework,NAT,Benin,BJ,Person,PER,Ireland,IE,2024,2024,0
Annual,A,National framework,NAT,Benin,BJ,Person,PER,Ireland,IE,2025,2025,0
Annual,A,National framework,NAT,Burkina Faso,BF,Person,PER,Ireland,IE,2010,2010,0
Annual,A,National framework,NAT,Burkina Faso,BF,Person,PER,Ireland,IE,2011,2011,0
Annual,A,National framework,NAT,Burkina Faso,BF,Person,PER,Ireland,IE,2012,2012,0
Annual,A,National framework,NAT,Burkina Faso,BF,Person,PER,Ireland,IE,2013,2013,0
Annual,A,National framework,NAT,Burkina Faso,BF,Person,PER,Ireland,IE,2014,2014,0
Annual,A,National framework,NAT,Burkina Faso,BF,Person,PER,Ireland,IE,2015,2015,0
Annual,A,National framework,NAT,Burkina Faso,BF,Person,PER,Ireland,IE,2016,2016,0
Annual,A,National framework,NAT,Burkina Faso,BF,Person,PER,Ireland,IE,2017,2017,0
Annual,A,National framework,NAT,Burkina Faso,BF,Person,PER,Ireland,IE,2018,2018,0
Annual,A,National framework,NAT,Burkina Faso,BF,Person,PER,Ireland,IE,2019,2019,0
Annual,A,National framework,NAT,Burkina Faso,BF,Person,PER,Ireland,IE,2020,2020,0
Annual,A,National framework,NAT,Burkina Faso,BF,Person,PER,Ireland,IE,2021,2021,0
Annual,A,National framework,NAT,Burkina Faso,BF,Person,PER,Ireland,IE,2022,2022,0
Annual,A,National framework,NAT,Burkina Faso,BF,Person,PER,Ireland,IE,2023,2023,0
Annual,A,National framework,NAT,Burkina Faso,BF,Person,PER,Ireland,IE,2024,2024,0
Annual,A,National framework,NAT,Burkina Faso,BF,Person,PER,Ireland,IE,2025,2025,0
Annual,A,National framework,NAT,Cabo Verde,CV,Person,PER,Ireland,IE,2010,2010,0
Annual,A,National framework,NAT,Cabo Verde,CV,Person,PER,Ireland,IE,2011,2011,0
Annual,A,National framework,NAT,Cabo Verde,CV,Person,PER,Ireland,IE,2012,2012,0
Annual,A,National framework,NAT,Cabo Verde,CV,Person,PER,Ireland,IE,2013,2013,0
Annual,A,National framework,NAT,Cabo Verde,CV,Person,PER,Ireland,IE,2014,2014,0
Annual,A,National framework,NAT,Cabo Verde,CV,Person,PER,Ireland,IE,2015,2015,0
Annual,A,National framework,NAT,Cabo Verde,CV,Person,PER,Ireland,IE,2016,2016,0
Annual,A,National framework,NAT,Cabo Verde,CV,Person,PER,Ireland,IE,2017,2017,0
Annual,A,National framework,NAT,Cabo Verde,CV,Person,PER,Ireland,IE,2018,2018,0
Annual,A,National framework,NAT,Cabo Verde,CV,Person,PER,Ireland,IE,2019,2019,0
Annual,A,National framework,NAT,Cabo Verde,CV,Person,PER,Ireland,IE,2020,2020,0
Annual,A,National framework,NAT,Cabo Verde,CV,Person,PER,Ireland,IE,2021,2021,0
Annual,A,National framework,NAT,Cabo Verde,CV,Person,PER,Ireland,IE,2022,2022,0
Annual,A,National framework,NAT,Cabo Verde,CV,Person,PER,Ireland,IE,2023,2023,0
Annual,A,National framework,NAT,Cabo Verde,CV,Person,PER,Ireland,IE,2024,2024,0
Annual,A,National framework,NAT,Cabo Verde,CV,Person,PER,Ireland,IE,2025,2025,0
Annual,A,National framework,NAT,Côte d’Ivoire,CI,Person,PER,Ireland,IE,2010,2010,0
Annual,A,National framework,NAT,Côte d’Ivoire,CI,Person,PER,Ireland,IE,2011,2011,0
Annual,A,National framework,NAT,Côte d’Ivoire,CI,Person,PER,Ireland,IE,2012,2012,1
Annual,A,National framework,NAT,Côte d’Ivoire,CI,Person,PER,Ireland,IE,2013,2013,1
Annual,A,National framework,NAT,Côte d’Ivoire,CI,Person,PER,Ireland,IE,2014,2014,0
Annual,A,National framework,NAT,Côte d’Ivoire,CI,Person,PER,Ireland,IE,2015,2015,0
Annual,A,National framework,NAT,Côte d’Ivoire,CI,Person,PER,Ireland,IE,2016,2016,0
Annual,A,National framework,NAT,Côte d’Ivoire,CI,Person,PER,Ireland,IE,2017,2017,0
Annual,A,National framework,NAT,Côte d’Ivoire,CI,Person,PER,Ireland,IE,2018,2018,0
Annual,A,National framework,NAT,Côte d’Ivoire,CI,Person,PER,Ireland,IE,2019,2019,0
Annual,A,National framework,NAT,Côte d’Ivoire,CI,Person,PER,Ireland,IE,2020,2020,0
Annual,A,National framework,NAT,Côte d’Ivoire,CI,Person,PER,Ireland,IE,2021,2021,0
Annual,A,National framework,NAT,Côte d’Ivoire,CI,Person,PER,Ireland,IE,2022,2022,0
Annual,A,National framework,NAT,Côte d’Ivoire,CI,Person,PER,Ireland,IE,2023,2023,0
Annual,A,National framework,NAT,Côte d’Ivoire,CI,Person,PER,Ireland,IE,2024,2024,0
Annual,A,National framework,NAT,Côte d’Ivoire,CI,Person,PER,Ireland,IE,2025,2025,0
Annual,A,National framework,NAT,"Gambia, The",GM,Person,PER,Ireland,IE,2010,2010,0
Annual,A,National framework,NAT,"Gambia, The",GM,Person,PER,Ireland,IE,2011,2011,1
Annual,A,National framework,NAT,"Gambia, The",GM,Person,PER,Ireland,IE,2012,2012,0
Annual,A,National framework,NAT,"Gambia, The",GM,Person,PER,Ireland,IE,2013,2013,0
Annual,A,National framework,NAT,"Gambia, The",GM,Person,PER,Ireland,IE,2014,2014,0
Annual,A,National framework,NAT,"Gambia, The",GM,Person,PER,Ireland,IE,2015,2015,0
Annual,A,National framework,NAT,"Gambia, The",GM,Person,PER,Ireland,IE,2016,2016,0
Annual,A,National framework,NAT,"Gambia, The",GM,Person,PER,Ireland,IE,2017,2017,0
Annual,A,National framework,NAT,"Gambia, The",GM,Person,PER,Ireland,IE,2018,2018,0
Annual,A,National framework,NAT,"Gambia, The",GM,Person,PER,Ireland,IE,2019,2019,0
Annual,A,National framework,NAT,"Gambia, The",GM,Person,PER,Ireland,IE,2020,2020,0
Annual,A,National framework,NAT,"Gambia, The",GM,Person,PER,Ireland,IE,2021,2021,0
Annual,A,National framework,NAT,"Gambia, The",GM,Person,PER,Ireland,IE,2022,2022,0
Annual,A,National framework,NAT,"Gambia, The",GM,Person,PER,Ireland,IE,2023,2023,0
Annual,A,National framework,NAT,"Gambia, The",GM,Person,PER,Ireland,IE,2024,2024,0
Annual,A,National framework,NAT,"Gambia, The",GM,Person,PER,Ireland,IE,2025,2025,0
Annual,A,National framework,NAT,Ghana,GH,Person,PER,Ireland,IE,2010,2010,2
Annual,A,National framework,NAT,Ghana,GH,Person,PER,Ireland,IE,2011,2011,2
Annual,A,National framework,NAT,Ghana,GH,Person,PER,Ireland,IE,2012,2012,1
Annual,A,National framework,NAT,Ghana,GH,Person,PER,Ireland,IE,2013,2013,0
Annual,A,National framework,NAT,Ghana,GH,Person,PER,Ireland,IE,2014,2014,0
Annual,A,National framework,NAT,Ghana,GH,Person,PER,Ireland,IE,2015,2015,0
Annual,A,National framework,NAT,Ghana,GH,Person,PER,Ireland,IE,2016,2016,0
Annual,A,National framework,NAT,Ghana,GH,Person,PER,Ireland,IE,2017,2017,0
Annual,A,National framework,NAT,Ghana,GH,Person,PER,Ireland,IE,2018,2018,0
Annual,A,National framework,NAT,Ghana,GH,Person,PER,Ireland,IE,2019,2019,0
Annual,A,National framework,NAT,Ghana,GH,Person,PER,Ireland,IE,2020,2020,0
Annual,A,National framework,NAT,Ghana,GH,Person,PER,Ireland,IE,2021,2021,0
Annual,A,National framework,NAT,Ghana,GH,Person,PER,Ireland,IE,2022,2022,1
Annual,A,National framework,NAT,Ghana,GH,Person,PER,Ireland,IE,2023,2023,1
Annual,A,National framework,NAT,Ghana,GH,Person,PER,Ireland,IE,2024,2024,2
Annual,A,National framework,NAT,Ghana,GH,Person,PER,Ireland,IE,2025,2025,2
Annual,A,National framework,NAT,Guinea,GN,Person,PER,Ireland,IE,2010,2010,0
Annual,A,National framework,NAT,Guinea,GN,Person,PER,Ireland,IE,2011,2011,0
Annual,A,National framework,NAT,Guinea,GN,Person,PER,Ireland,IE,2012,2012,0
Annual,A,National framework,NAT,Guinea,GN,Person,PER,Ireland,IE,2013,2013,0
Annual,A,National framework,NAT,Guinea,GN,Person,PER,Ireland,IE,2014,2014,0
Annual,A,National framework,NAT,Guinea,GN,Person,PER,Ireland,IE,2015,2015,0
Annual,A,National framework,NAT,Guinea,GN,Person,PER,Ireland,IE,2016,2016,0
Annual,A,National framework,NAT,Guinea,GN,Person,PER,Ireland,IE,2017,2017,0
Annual,A,National framework,NAT,Guinea,GN,Person,PER,Ireland,IE,2018,2018,0
Annual,A,National framework,NAT,Guinea,GN,Person,PER,Ireland,IE,2019,2019,0
Annual,A,National framework,NAT,Guinea,GN,Person,PER,Ireland,IE,2020,2020,0
Annual,A,National framework,NAT,Guinea,GN,Person,PER,Ireland,IE,2021,2021,0
Annual,A,National framework,NAT,Guinea,GN,Person,PER,Ireland,IE,2022,2022,0
Annual,A,National framework,NAT,Guinea,GN,Person,PER,Ireland,IE,2023,2023,0
Annual,A,National framework,NAT,Guinea,GN,Person,PER,Ireland,IE,2024,2024,0
Annual,A,National framework,NAT,Guinea,GN,Person,PER,Ireland,IE,2025,2025,0
Annual,A,National framework,NAT,Guinea-Bissau,GW,Person,PER,Ireland,IE,2010,2010,0
Annual,A,National framework,NAT,Guinea-Bissau,GW,Person,PER,Ireland,IE,2011,2011,0
Annual,A,National framework,NAT,Guinea-Bissau,GW,Person,PER,Ireland,IE,2012,2012,0
Annual,A,National framework,NAT,Guinea-Bissau,GW,Person,PER,Ireland,IE,2013,2013,0
Annual,A,National framework,NAT,Guinea-Bissau,GW,Person,PER,Ireland,IE,2014,2014,0
Annual,A,National framework,NAT,Guinea-Bissau,GW,Person,PER,Ireland,IE,2015,2015,0
Annual,A,National framework,NAT,Guinea-Bissau,GW,Person,PER,Ireland,IE,2016,2016,0
Annual,A,National framework,NAT,Guinea-Bissau,GW,Person,PER,Ireland,IE,2017,2017,0
Annual,A,National framework,NAT,Guinea-Bissau,GW,Person,PER,Ireland,IE,2018,2018,0
Annual,A,National framework,NAT,Guinea-Bissau,GW,Person,PER,Ireland,IE,2019,2019,0
Annual,A,National framework,NAT,Guinea-Bissau,GW,Person,PER,Ireland,IE,2020,2020,0
Annual,A,National framework,NAT,Guinea-Bissau,GW,Person,PER,Ireland,IE,2021,2021,0
Annual,A,National framework,NAT,Guinea-Bissau,GW,Person,PER,Ireland,IE,2022,2022,0
Annual,A,National framework,NAT,Guinea-Bissau,GW,Person,PER,Ireland,IE,2023,2023,0
Annual,A,National framework,NAT,Guinea-Bissau,GW,Person,PER,Ireland,IE,2024,2024,0
Annual,A,National framework,NAT,Guinea-Bissau,GW,Person,PER,Ireland,IE,2025,2025,0
Annual,A,National framework,NAT,Liberia,LR,Person,PER,Ireland,IE,2010,2010,0
Annual,A,National framework,NAT,Liberia,LR,Person,PER,Ireland,IE,2011,2011,0
Annual,A,National framework,NAT,Liberia,LR,Person,PER,Ireland,IE,2012,2012,0
Annual,A,National framework,NAT,Liberia,LR,Person,PER,Ireland,IE,2013,2013,0
Annual,A,National framework,NAT,Liberia,LR,Person,PER,Ireland,IE,2014,2014,0
Annual,A,National framework,NAT,Liberia,LR,Person,PER,Ireland,IE,2015,2015,0
Annual,A,National framework,NAT,Liberia,LR,Person,PER,Ireland,IE,2016,2016,0
Annual,A,National framework,NAT,Liberia,LR,Person,PER,Ireland,IE,2017,2017,0
Annual,A,National framework,NAT,Liberia,LR,Person,PER,Ireland,IE,2018,2018,0
Annual,A,National framework,NAT,Liberia,LR,Person,PER,Ireland,IE,2019,2019,0
Annual,A,National framework,NAT,Liberia,LR,Person,PER,Ireland,IE,2020,2020,0
Annual,A,National framework,NAT,Liberia,LR,Person,PER,Ireland,IE,2021,2021,0
Annual,A,National framework,NAT,Liberia,LR,Person,PER,Ireland,IE,2022,2022,0
Annual,A,National framework,NAT,Liberia,LR,Person,PER,Ireland,IE,2023,2023,0
Annual,A,National framework,NAT,Liberia,LR,Person,PER,Ireland,IE,2024,2024,0
Annual,A,National framework,NAT,Liberia,LR,Person,PER,Ireland,IE,2025,2025,0
Annual,A,National framework,NAT,Mali,ML,Person,PER,Ireland,IE,2010,2010,0
Annual,A,National framework,NAT,Mali,ML,Person,PER,Ireland,IE,2011,2011,0
Annual,A,National framework,NAT,Mali,ML,Person,PER,Ireland,IE,2012,2012,0
Annual,A,National framework,NAT,Mali,ML,Person,PER,Ireland,IE,2013,2013,0
Annual,A,National framework,NAT,Mali,ML,Person,PER,Ireland,IE,2014,2014,0
Annual,A,National framework,NAT,Mali,ML,Person,PER,Ireland,IE,2015,2015,0
Annual,A,National framework,NAT,Mali,ML,Person,PER,Ireland,IE,2016,2016,0
Annual,A,National framework,NAT,Mali,ML,Person,PER,Ireland,IE,2017,2017,0
Annual,A,National framework,NAT,Mali,ML,Person,PER,Ireland,IE,2018,2018,0
Annual,A,National framework,NAT,Mali,ML,Person,PER,Ireland,IE,2019,2019,0
Annual,A,National framework,NAT,Mali,ML,Person,PER,Ireland,IE,2020,2020,0
Annual,A,National framework,NAT,Mali,ML,Person,PER,Ireland,IE,2021,2021,0
Annual,A,National framework,NAT,Mali,ML,Person,PER,Ireland,IE,2022,2022,0
Annual,A,National framework,NAT,Mali,ML,Person,PER,Ireland,IE,2023,2023,0
Annual,A,National framework,NAT,Mali,ML,Person,PER,Ireland,IE,2024,2024,0
Annual,A,National framework,NAT,Mali,ML,Person,PER,Ireland,IE,2025,2025,0
Annual,A,National framework,NAT,Mauritania,MR,Person,PER,Ireland,IE,2010,2010,0
Annual,A,National framework,NAT,Mauritania,MR,Person,PER,Ireland,IE,2011,2011,0
Annual,A,National framework,NAT,Mauritania,MR,Person,PER,Ireland,IE,2012,2012,0
Annual,A,National framework,NAT,Mauritania,MR,Person,PER,Ireland,IE,2013,2013,0
Annual,A,National framework,NAT,Mauritania,MR,Person,PER,Ireland,IE,2014,2014,0
Annual,A,National framework,NAT,Mauritania,MR,Person,PER,Ireland,IE,2015,2015,0
Annual,A,National framework,NAT,Mauritania,MR,Person,PER,Ireland,IE,2016,2016,0
Annual,A,National framework,NAT,Mauritania,MR,Person,PER,Ireland,IE,2017,2017,0
Annual,A,National framework,NAT,Mauritania,MR,Person,PER,Ireland,IE,2018,2018,0
Annual,A,National framework,NAT,Mauritania,MR,Person,PER,Ireland,IE,2019,2019,0
Annual,A,National framework,NAT,Mauritania,MR,Person,PER,Ireland,IE,2020,2020,0
Annual,A,National framework,NAT,Mauritania,MR,Person,PER,Ireland,IE,2021,2021,0
Annual,A,National framework,NAT,Mauritania,MR,Person,PER,Ireland,IE,2022,2022,0
Annual,A,National framework,NAT,Mauritania,MR,Person,PER,Ireland,IE,2023,2023,0
Annual,A,National framework,NAT,Mauritania,MR,Person,PER,Ireland,IE,2024,2024,0
Annual,A,National framework,NAT,Mauritania,MR,Person,PER,Ireland,IE,2025,2025,0
Annual,A,National framework,NAT,Niger,NE,Person,PER,Ireland,IE,2010,2010,0
Annual,A,National framework,NAT,Niger,NE,Person,PER,Ireland,IE,2011,2011,0
Annual,A,National framework,NAT,Niger,NE,Person,PER,Ireland,IE,2012,2012,0
Annual,A,National framework,NAT,Niger,NE,Person,PER,Ireland,IE,2013,2013,0
Annual,A,National framework,NAT,Niger,NE,Person,PER,Ireland,IE,2014,2014,0
Annual,A,National framework,NAT,Niger,NE,Person,PER,Ireland,IE,2015,2015,0
Annual,A,National framework,NAT,Niger,NE,Person,PER,Ireland,IE,2016,2016,0
Annual,A,National framework,NAT,Niger,NE,Person,PER,Ireland,IE,2017,2017,0
Annual,A,National framework,NAT,Niger,NE,Person,PER,Ireland,IE,2018,2018,0
Annual,A,National framework,NAT,Niger,NE,Person,PER,Ireland,IE,2019,2019,0
Annual,A,National framework,NAT,Niger,NE,Person,PER,Ireland,IE,2020,2020,0
Annual,A,National framework,NAT,Niger,NE,Person,PER,Ireland,IE,2021,2021,0
Annual,A,National framework,NAT,Niger,NE,Person,PER,Ireland,IE,2022,2022,0
Annual,A,National framework,NAT,Niger,NE,Person,PER,Ireland,IE,2023,2023,0
Annual,A,National framework,NAT,Niger,NE,Person,PER,Ireland,IE,2024,2024,0
Annual,A,National framework,NAT,Niger,NE,Person,PER,Ireland,IE,2025,2025,0
Annual,A,National framework,NAT,Nigeria,NG,Person,PER,Ireland,IE,2010,2010,42
Annual,A,National framework,NAT,Nigeria,NG,Person,PER,Ireland,IE,2011,2011,29
Annual,A,National framework,NAT,Nigeria,NG,Person,PER,Ireland,IE,2012,2012,12
Annual,A,National framework,NAT,Nigeria,NG,Person,PER,Ireland,IE,2013,2013,3
Annual,A,National framework,NAT,Nigeria,NG,Person,PER,Ireland,IE,2014,2014,2
Annual,A,National framework,NAT,Nigeria,NG,Person,PER,Ireland,IE,2015,2015,4
Annual,A,National framework,NAT,Nigeria,NG,Person,PER,Ireland,IE,2016,2016,3
Annual,A,National framework,NAT,Nigeria,NG,Person,PER,Ireland,IE,2017,2017,4
Annual,A,National framework,NAT,Nigeria,NG,Person,PER,Ireland,IE,2018,2018,5
Annual,A,National framework,NAT,Nigeria,NG,Person,PER,Ireland,IE,2019,2019,6
Annual,A,National framework,NAT,Nigeria,NG,Person,PER,Ireland,IE,2020,2020,6
Annual,A,National framework,NAT,Nigeria,NG,Person,PER,Ireland,IE,2021,2021,3
Annual,A,National framework,NAT,Nigeria,NG,Person,PER,Ireland,IE,2022,2022,12
Annual,A,National framework,NAT,Nigeria,NG,Person,PER,Ireland,IE,2023,2023,14
Annual,A,National framework,NAT,Nigeria,NG,Person,PER,Ireland,IE,2024,2024,14
Annual,A,National framework,NAT,Nigeria,NG,Person,PER,Ireland,IE,2025,2025,11
Annual,A,National framework,NAT,Senegal,SN,Person,PER,Ireland,IE,2010,2010,0
Annual,A,National framework,NAT,Senegal,SN,Person,PER,Ireland,IE,2011,2011,0
Annual,A,National framework,NAT,Senegal,SN,Person,PER,Ireland,IE,2012,2012,0
Annual,A,National framework,NAT,Senegal,SN,Person,PER,Ireland,IE,2013,2013,0
Annual,A,National framework,NAT,Senegal,SN,Person,PER,Ireland,IE,2014,2014,0
Annual,A,National framework,NAT,Senegal,SN,Person,PER,Ireland,IE,2015,2015,0
Annual,A,National framework,NAT,Senegal,SN,Person,PER,Ireland,IE,2016,2016,0
Annual,A,National framework,NAT,Senegal,SN,Person,PER,Ireland,IE,2017,2017,0
Annual,A,National framework,NAT,Senegal,SN,Person,PER,Ireland,IE,2018,2018,0
Annual,A,National framework,NAT,Senegal,SN,Person,PER,Ireland,IE,2019,2019,0
Annual,A,National framework,NAT,Senegal,SN,Person,PER,Ireland,IE,2020,2020,0
Annual,A,National framework,NAT,Senegal,SN,Person,PER,Ireland,IE,2021,2021,0
Annual,A,National framework,NAT,Senegal,SN,Person,PER,Ireland,IE,2022,2022,1
Annual,A,National framework,NAT,Senegal,SN,Person,PER,Ireland,IE,2023,2023,1
Annual,A,National framework,NAT,Senegal,SN,Person,PER,Ireland,IE,2024,2024,1
Annual,A,National framework,NAT,Senegal,SN,Person,PER,Ireland,IE,2025,2025,1
Annual,A,National framework,NAT,Sierra Leone,SL,Person,PER,Ireland,IE,2010,2010,1
Annual,A,National framework,NAT,Sierra Leone,SL,Person,PER,Ireland,IE,2011,2011,0
Annual,A,National framework,NAT,Sierra Leone,SL,Person,PER,Ireland,IE,2012,2012,0
Annual,A,National framework,NAT,Sierra Leone,SL,Person,PER,Ireland,IE,2013,2013,0
Annual,A,National framework,NAT,Sierra Leone,SL,Person,PER,Ireland,IE,2014,2014,0
Annual,A,National framework,NAT,Sierra Leone,SL,Person,PER,Ireland,IE,2015,2015,0
Annual,A,National framework,NAT,Sierra Leone,SL,Person,PER,Ireland,IE,2016,2016,0
Annual,A,National framework,NAT,Sierra Leone,SL,Person,PER,Ireland,IE,2017,2017,0
Annual,A,National framework,NAT,Sierra Leone,SL,Person,PER,Ireland,IE,2018,2018,0
Annual,A,National framework,NAT,Sierra Leone,SL,Person,PER,Ireland,IE,2019,2019,0
Annual,A,National framework,NAT,Sierra Leone,SL,Person,PER,Ireland,IE,2020,2020,0
Annual,A,National framework,NAT,Sierra Leone,SL,Person,PER,Ireland,IE,2021,2021,0
Annual,A,National framework,NAT,Sierra Leone,SL,Person,PER,Ireland,IE,2022,2022,0
Annual,A,National framework,NAT,Sierra Leone,SL,Person,PER,Ireland,IE,2023,2023,0
Annual,A,National framework,NAT,Sierra Leone,SL,Person,PER,Ireland,IE,2024,2024,0
Annual,A,National framework,NAT,Sierra Leone,SL,Person,PER,Ireland,IE,2025,2025,0
Annual,A,National framework,NAT,Togo,TG,Person,PER,Ireland,IE,2010,2010,0
Annual,A,National framework,NAT,Togo,TG,Person,PER,Ireland,IE,2011,2011,0
Annual,A,National framework,NAT,Togo,TG,Person,PER,Ireland,IE,2012,2012,0
Annual,A,National framework,NAT,Togo,TG,Person,PER,Ireland,IE,2013,2013,0
Annual,A,National framework,NAT,Togo,TG,Person,PER,Ireland,IE,2014,2014,0
Annual,A,National framework,NAT,Togo,TG,Person,PER,Ireland,IE,2015,2015,0
Annual,A,National framework,NAT,Togo,TG,Person,PER,Ireland,IE,2016,2016,0
Annual,A,National framework,NAT,Togo,TG,Person,PER,Ireland,IE,2017,2017,0
Annual,A,National framework,NAT,Togo,TG,Person,PER,Ireland,IE,2018,2018,0
Annual,A,National framework,NAT,Togo,TG,Person,PER,Ireland,IE,2019,2019,0
Annual,A,National framework,NAT,Togo,TG,Person,PER,Ireland,IE,2020,2020,0
Annual,A,National framework,NAT,Togo,TG,Person,PER,Ireland,IE,2021,2021,0
Annual,A,National framework,NAT,Togo,TG,Person,PER,Ireland,IE,2022,2022,0
Annual,A,National framework,NAT,Togo,TG,Person,PER,Ireland,IE,2023,2023,0
Annual,A,National framework,NAT,Togo,TG,Person,PER,Ireland,IE,2024,2024,0
Annual,A,National framework,NAT,Togo,TG,Person,PER,Ireland,IE,2025,2025,0
Annual,A,National framework,NAT,Canada,CA,Person,PER,Ireland,IE,2010,2010,15
Annual,A,National framework,NAT,Canada,CA,Person,PER,Ireland,IE,2011,2011,14
Annual,A,National framework,NAT,Canada,CA,Person,PER,Ireland,IE,2012,2012,13
Annual,A,National framework,NAT,Canada,CA,Person,PER,Ireland,IE,2013,2013,10
Annual,A,National framework,NAT,Canada,CA,Person,PER,Ireland,IE,2014,2014,9
Annual,A,National framework,NAT,Canada,CA,Person,PER,Ireland,IE,2015,2015,9
Annual,A,National framework,NAT,Canada,CA,Person,PER,Ireland,IE,2016,2016,9
Annual,A,National framework,NAT,Canada,CA,Person,PER,Ireland,IE,2017,2017,10
Annual,A,National framework,NAT,Canada,CA,Person,PER,Ireland,IE,2018,2018,10
Annual,A,National framework,NAT,Canada,CA,Person,PER,Ireland,IE,2019,2019,10
Annual,A,National framework,NAT,Canada,CA,Person,PER,Ireland,IE,2020,2020,10
Annual,A,National framework,NAT,Canada,CA,Person,PER,Ireland,IE,2021,2021,11
Annual,A,National framework,NAT,Canada,CA,Person,PER,Ireland,IE,2022,2022,9
Annual,A,National framework,NAT,Canada,CA,Person,PER,Ireland,IE,2023,2023,13
Annual,A,National framework,NAT,Canada,CA,Person,PER,Ireland,IE,2024,2024,14
Annual,A,National framework,NAT,Canada,CA,Person,PER,Ireland,IE,2025,2025,13
Annual,A,National framework,NAT,United States,US,Person,PER,Ireland,IE,2010,2010,33
Annual,A,National framework,NAT,United States,US,Person,PER,Ireland,IE,2011,2011,33
Annual,A,National framework,NAT,United States,US,Person,PER,Ireland,IE,2012,2012,30
Annual,A,National framework,NAT,United States,US,Person,PER,Ireland,IE,2013,2013,20
Annual,A,National framework,NAT,United States,US,Person,PER,Ireland,IE,2014,2014,20
Annual,A,National framework,NAT,United States,US,Person,PER,Ireland,IE,2015,2015,20
Annual,A,National framework,NAT,United States,US,Person,PER,Ireland,IE,2016,2016,15
Annual,A,National framework,NAT,United States,US,Person,PER,Ireland,IE,2017,2017,17
Annual,A,National framework,NAT,United States,US,Person,PER,Ireland,IE,2018,2018,11
Annual,A,National framework,NAT,United States,US,Person,PER,Ireland,IE,2019,2019,9
Annual,A,National framework,NAT,United States,US,Person,PER,Ireland,IE,2020,2020,8
Annual,A,National framework,NAT,United States,US,Person,PER,Ireland,IE,2021,2021,13
Annual,A,National framework,NAT,United States,US,Person,PER,Ireland,IE,2022,2022,21
Annual,A,National framework,NAT,United States,US,Person,PER,Ireland,IE,2023,2023,29
Annual,A,National framework,NAT,United States,US,Person,PER,Ireland,IE,2024,2024,34
Annual,A,National framework,NAT,United States,US,Person,PER,Ireland,IE,2025,2025,39
Annual,A,National framework,NAT,Antigua and Barbuda,AG,Person,PER,Ireland,IE,2010,2010,0
Annual,A,National framework,NAT,Antigua and Barbuda,AG,Person,PER,Ireland,IE,2011,2011,0
Annual,A,National framework,NAT,Antigua and Barbuda,AG,Person,PER,Ireland,IE,2012,2012,0
Annual,A,National framework,NAT,Antigua and Barbuda,AG,Person,PER,Ireland,IE,2013,2013,0
Annual,A,National framework,NAT,Antigua and Barbuda,AG,Person,PER,Ireland,IE,2014,2014,0
Annual,A,National framework,NAT,Antigua and Barbuda,AG,Person,PER,Ireland,IE,2015,2015,0
Annual,A,National framework,NAT,Antigua and Barbuda,AG,Person,PER,Ireland,IE,2016,2016,0
Annual,A,National framework,NAT,Antigua and Barbuda,AG,Person,PER,Ireland,IE,2017,2017,0
Annual,A,National framework,NAT,Antigua and Barbuda,AG,Person,PER,Ireland,IE,2018,2018,0
Annual,A,National framework,NAT,Antigua and Barbuda,AG,Person,PER,Ireland,IE,2019,2019,0
Annual,A,National framework,NAT,Antigua and Barbuda,AG,Person,PER,Ireland,IE,2020,2020,0
Annual,A,National framework,NAT,Antigua and Barbuda,AG,Person,PER,Ireland,IE,2021,2021,0
Annual,A,National framework,NAT,Antigua and Barbuda,AG,Person,PER,Ireland,IE,2022,2022,0
Annual,A,National framework,NAT,Antigua and Barbuda,AG,Person,PER,Ireland,IE,2023,2023,0
Annual,A,National framework,NAT,Antigua and Barbuda,AG,Person,PER,Ireland,IE,2024,2024,0
Annual,A,National framework,NAT,Antigua and Barbuda,AG,Person,PER,Ireland,IE,2025,2025,0
Annual,A,National framework,NAT,Bahamas,BS,Person,PER,Ireland,IE,2010,2010,0
Annual,A,National framework,NAT,Bahamas,BS,Person,PER,Ireland,IE,2011,2011,0
Annual,A,National framework,NAT,Bahamas,BS,Person,PER,Ireland,IE,2012,2012,0
Annual,A,National framework,NAT,Bahamas,BS,Person,PER,Ireland,IE,2013,2013,0
Annual,A,National framework,NAT,Bahamas,BS,Person,PER,Ireland,IE,2014,2014,0
Annual,A,National framework,NAT,Bahamas,BS,Person,PER,Ireland,IE,2015,2015,0
Annual,A,National framework,NAT,Bahamas,BS,Person,PER,Ireland,IE,2016,2016,0
Annual,A,National framework,NAT,Bahamas,BS,Person,PER,Ireland,IE,2017,2017,0
Annual,A,National framework,NAT,Bahamas,BS,Person,PER,Ireland,IE,2018,2018,0
Annual,A,National framework,NAT,Bahamas,BS,Person,PER,Ireland,IE,2019,2019,0
Annual,A,National framework,NAT,Bahamas,BS,Person,PER,Ireland,IE,2020,2020,0
Annual,A,National framework,NAT,Bahamas,BS,Person,PER,Ireland,IE,2021,2021,0
Annual,A,National framework,NAT,Bahamas,BS,Person,PER,Ireland,IE,2022,2022,0
Annual,A,National framework,NAT,Bahamas,BS,Person,PER,Ireland,IE,2023,2023,0
Annual,A,National framework,NAT,Bahamas,BS,Person,PER,Ireland,IE,2024,2024,0
Annual,A,National framework,NAT,Bahamas,BS,Person,PER,Ireland,IE,2025,2025,0
Annual,A,National framework,NAT,Barbados,BB,Person,PER,Ireland,IE,2010,2010,0
Annual,A,National framework,NAT,Barbados,BB,Person,PER,Ireland,IE,2011,2011,0
Annual,A,National framework,NAT,Barbados,BB,Person,PER,Ireland,IE,2012,2012,0
Annual,A,National framework,NAT,Barbados,BB,Person,PER,Ireland,IE,2013,2013,0
Annual,A,National framework,NAT,Barbados,BB,Person,PER,Ireland,IE,2014,2014,0
Annual,A,National framework,NAT,Barbados,BB,Person,PER,Ireland,IE,2015,2015,0
Annual,A,National framework,NAT,Barbados,BB,Person,PER,Ireland,IE,2016,2016,0
Annual,A,National framework,NAT,Barbados,BB,Person,PER,Ireland,IE,2017,2017,0
Annual,A,National framework,NAT,Barbados,BB,Person,PER,Ireland,IE,2018,2018,0
Annual,A,National framework,NAT,Barbados,BB,Person,PER,Ireland,IE,2019,2019,0
Annual,A,National framework,NAT,Barbados,BB,Person,PER,Ireland,IE,2020,2020,0
Annual,A,National framework,NAT,Barbados,BB,Person,PER,Ireland,IE,2021,2021,0
Annual,A,National framework,NAT,Barbados,BB,Person,PER,Ireland,IE,2022,2022,0
Annual,A,National framework,NAT,Barbados,BB,Person,PER,Ireland,IE,2023,2023,0
Annual,A,National framework,NAT,Barbados,BB,Person,PER,Ireland,IE,2024,2024,0
Annual,A,National framework,NAT,Barbados,BB,Person,PER,Ireland,IE,2025,2025,0
Annual,A,National framework,NAT,Cuba,CU,Person,PER,Ireland,IE,2010,2010,0
Annual,A,National framework,NAT,Cuba,CU,Person,PER,Ireland,IE,2011,2011,0
Annual,A,National framework,NAT,Cuba,CU,Person,PER,Ireland,IE,2012,2012,0
Annual,A,National framework,NAT,Cuba,CU,Person,PER,Ireland,IE,2013,2013,0
Annual,A,National framework,NAT,Cuba,CU,Person,PER,Ireland,IE,2014,2014,0
Annual,A,National framework,NAT,Cuba,CU,Person,PER,Ireland,IE,2015,2015,0
Annual,A,National framework,NAT,Cuba,CU,Person,PER,Ireland,IE,2016,2016,0
Annual,A,National framework,NAT,Cuba,CU,Person,PER,Ireland,IE,2017,2017,0
Annual,A,National framework,NAT,Cuba,CU,Person,PER,Ireland,IE,2018,2018,0
Annual,A,National framework,NAT,Cuba,CU,Person,PER,Ireland,IE,2019,2019,0
Annual,A,National framework,NAT,Cuba,CU,Person,PER,Ireland,IE,2020,2020,0
Annual,A,National framework,NAT,Cuba,CU,Person,PER,Ireland,IE,2021,2021,0
Annual,A,National framework,NAT,Cuba,CU,Person,PER,Ireland,IE,2022,2022,0
Annual,A,National framework,NAT,Cuba,CU,Person,PER,Ireland,IE,2023,2023,0
Annual,A,National framework,NAT,Cuba,CU,Person,PER,Ireland,IE,2024,2024,0
Annual,A,National framework,NAT,Cuba,CU,Person,PER,Ireland,IE,2025,2025,0
Annual,A,National framework,NAT,Dominica,DM,Person,PER,Ireland,IE,2010,2010,0
Annual,A,National framework,NAT,Dominica,DM,Person,PER,Ireland,IE,2011,2011,0
Annual,A,National framework,NAT,Dominica,DM,Person,PER,Ireland,IE,2012,2012,0
Annual,A,National framework,NAT,Dominica,DM,Person,PER,Ireland,IE,2013,2013,0
Annual,A,National framework,NAT,Dominica,DM,Person,PER,Ireland,IE,2014,2014,0
Annual,A,National framework,NAT,Dominica,DM,Person,PER,Ireland,IE,2015,2015,0
Annual,A,National framework,NAT,Dominica,DM,Person,PER,Ireland,IE,2016,2016,0
Annual,A,National framework,NAT,Dominica,DM,Person,PER,Ireland,IE,2017,2017,0
Annual,A,National framework,NAT,Dominica,DM,Person,PER,Ireland,IE,2018,2018,0
Annual,A,National framework,NAT,Dominica,DM,Person,PER,Ireland,IE,2019,2019,0
Annual,A,National framework,NAT,Dominica,DM,Person,PER,Ireland,IE,2020,2020,0
Annual,A,National framework,NAT,Dominica,DM,Person,PER,Ireland,IE,2021,2021,0
Annual,A,National framework,NAT,Dominica,DM,Person,PER,Ireland,IE,2022,2022,0
Annual,A,National framework,NAT,Dominica,DM,Person,PER,Ireland,IE,2023,2023,0
Annual,A,National framework,NAT,Dominica,DM,Person,PER,Ireland,IE,2024,2024,0
Annual,A,National framework,NAT,Dominica,DM,Person,PER,Ireland,IE,2025,2025,0
Annual,A,National framework,NAT,Dominican Republic,DO,Person,PER,Ireland,IE,2010,2010,0
Annual,A,National framework,NAT,Dominican Republic,DO,Person,PER,Ireland,IE,2011,2011,0
Annual,A,National framework,NAT,Dominican Republic,DO,Person,PER,Ireland,IE,2012,2012,0
Annual,A,National framework,NAT,Dominican Republic,DO,Person,PER,Ireland,IE,2013,2013,0
Annual,A,National framework,NAT,Dominican Republic,DO,Person,PER,Ireland,IE,2014,2014,0
Annual,A,National framework,NAT,Dominican Republic,DO,Person,PER,Ireland,IE,2015,2015,0
Annual,A,National framework,NAT,Dominican Republic,DO,Person,PER,Ireland,IE,2016,2016,0
Annual,A,National framework,NAT,Dominican Republic,DO,Person,PER,Ireland,IE,2017,2017,0
Annual,A,National framework,NAT,Dominican Republic,DO,Person,PER,Ireland,IE,2018,2018,0
Annual,A,National framework,NAT,Dominican Republic,DO,Person,PER,Ireland,IE,2019,2019,0
Annual,A,National framework,NAT,Dominican Republic,DO,Person,PER,Ireland,IE,2020,2020,0
Annual,A,National framework,NAT,Dominican Republic,DO,Person,PER,Ireland,IE,2021,2021,0
Annual,A,National framework,NAT,Dominican Republic,DO,Person,PER,Ireland,IE,2022,2022,0
Annual,A,National framework,NAT,Dominican Republic,DO,Person,PER,Ireland,IE,2023,2023,0
Annual,A,National framework,NAT,Dominican Republic,DO,Person,PER,Ireland,IE,2024,2024,0
Annual,A,National framework,NAT,Dominican Republic,DO,Person,PER,Ireland,IE,2025,2025,0
Annual,A,National framework,NAT,Grenada,GD,Person,PER,Ireland,IE,2010,2010,0
Annual,A,National framework,NAT,Grenada,GD,Person,PER,Ireland,IE,2011,2011,0
Annual,A,National framework,NAT,Grenada,GD,Person,PER,Ireland,IE,2012,2012,0
Annual,A,National framework,NAT,Grenada,GD,Person,PER,Ireland,IE,2013,2013,0
Annual,A,National framework,NAT,Grenada,GD,Person,PER,Ireland,IE,2014,2014,0
Annual,A,National framework,NAT,Grenada,GD,Person,PER,Ireland,IE,2015,2015,0
Annual,A,National framework,NAT,Grenada,GD,Person,PER,Ireland,IE,2016,2016,0
Annual,A,National framework,NAT,Grenada,GD,Person,PER,Ireland,IE,2017,2017,0
Annual,A,National framework,NAT,Grenada,GD,Person,PER,Ireland,IE,2018,2018,0
Annual,A,National framework,NAT,Grenada,GD,Person,PER,Ireland,IE,2019,2019,0
Annual,A,National framework,NAT,Grenada,GD,Person,PER,Ireland,IE,2020,2020,0
Annual,A,National framework,NAT,Grenada,GD,Person,PER,Ireland,IE,2021,2021,0
Annual,A,National framework,NAT,Grenada,GD,Person,PER,Ireland,IE,2022,2022,0
Annual,A,National framework,NAT,Grenada,GD,Person,PER,Ireland,IE,2023,2023,0
Annual,A,National framework,NAT,Grenada,GD,Person,PER,Ireland,IE,2024,2024,0
Annual,A,National framework,NAT,Grenada,GD,Person,PER,Ireland,IE,2025,2025,0
Annual,A,National framework,NAT,Haiti,HT,Person,PER,Ireland,IE,2010,2010,0
Annual,A,National framework,NAT,Haiti,HT,Person,PER,Ireland,IE,2011,2011,0
Annual,A,National framework,NAT,Haiti,HT,Person,PER,Ireland,IE,2012,2012,0
Annual,A,National framework,NAT,Haiti,HT,Person,PER,Ireland,IE,2013,2013,0
Annual,A,National framework,NAT,Haiti,HT,Person,PER,Ireland,IE,2014,2014,0
Annual,A,National framework,NAT,Haiti,HT,Person,PER,Ireland,IE,2015,2015,0
Annual,A,National framework,NAT,Haiti,HT,Person,PER,Ireland,IE,2016,2016,0
Annual,A,National framework,NAT,Haiti,HT,Person,PER,Ireland,IE,2017,2017,0
Annual,A,National framework,NAT,Haiti,HT,Person,PER,Ireland,IE,2018,2018,0
Annual,A,National framework,NAT,Haiti,HT,Person,PER,Ireland,IE,2019,2019,0
Annual,A,National framework,NAT,Haiti,HT,Person,PER,Ireland,IE,2020,2020,0
Annual,A,National framework,NAT,Haiti,HT,Person,PER,Ireland,IE,2021,2021,0
Annual,A,National framework,NAT,Haiti,HT,Person,PER,Ireland,IE,2022,2022,0
Annual,A,National framework,NAT,Haiti,HT,Person,PER,Ireland,IE,2023,2023,0
Annual,A,National framework,NAT,Haiti,HT,Person,PER,Ireland,IE,2024,2024,0
Annual,A,National framework,NAT,Haiti,HT,Person,PER,Ireland,IE,2025,2025,0
Annual,A,National framework,NAT,Jamaica,JM,Person,PER,Ireland,IE,2010,2010,4
Annual,A,National framework,NAT,Jamaica,JM,Person,PER,Ireland,IE,2011,2011,3
Annual,A,National framework,NAT,Jamaica,JM,Person,PER,Ireland,IE,2012,2012,2
Annual,A,National framework,NAT,Jamaica,JM,Person,PER,Ireland,IE,2013,2013,1
Annual,A,National framework,NAT,Jamaica,JM,Person,PER,Ireland,IE,2014,2014,0
Annual,A,National framework,NAT,Jamaica,JM,Person,PER,Ireland,IE,2015,2015,0
Annual,A,National framework,NAT,Jamaica,JM,Person,PER,Ireland,IE,2016,2016,0
Annual,A,National framework,NAT,Jamaica,JM,Person,PER,Ireland,IE,2017,2017,0
Annual,A,National framework,NAT,Jamaica,JM,Person,PER,Ireland,IE,2018,2018,0
Annual,A,National framework,NAT,Jamaica,JM,Person,PER,Ireland,IE,2019,2019,0
Annual,A,National framework,NAT,Jamaica,JM,Person,PER,Ireland,IE,2020,2020,0
Annual,A,National framework,NAT,Jamaica,JM,Person,PER,Ireland,IE,2021,2021,0
Annual,A,National framework,NAT,Jamaica,JM,Person,PER,Ireland,IE,2022,2022,0
Annual,A,National framework,NAT,Jamaica,JM,Person,PER,Ireland,IE,2023,2023,0
Annual,A,National framework,NAT,Jamaica,JM,Person,PER,Ireland,IE,2024,2024,0
Annual,A,National framework,NAT,Jamaica,JM,Person,PER,Ireland,IE,2025,2025,0
Annual,A,National framework,NAT,Saint Kitts and Nevis,KN,Person,PER,Ireland,IE,2010,2010,0
Annual,A,National framework,NAT,Saint Kitts and Nevis,KN,Person,PER,Ireland,IE,2011,2011,0
Annual,A,National framework,NAT,Saint Kitts and Nevis,KN,Person,PER,Ireland,IE,2012,2012,0
Annual,A,National framework,NAT,Saint Kitts and Nevis,KN,Person,PER,Ireland,IE,2013,2013,0
Annual,A,National framework,NAT,Saint Kitts and Nevis,KN,Person,PER,Ireland,IE,2014,2014,0
Annual,A,National framework,NAT,Saint Kitts and Nevis,KN,Person,PER,Ireland,IE,2015,2015,0
Annual,A,National framework,NAT,Saint Kitts and Nevis,KN,Person,PER,Ireland,IE,2016,2016,0
Annual,A,National framework,NAT,Saint Kitts and Nevis,KN,Person,PER,Ireland,IE,2017,2017,0
Annual,A,National framework,NAT,Saint Kitts and Nevis,KN,Person,PER,Ireland,IE,2018,2018,0
Annual,A,National framework,NAT,Saint Kitts and Nevis,KN,Person,PER,Ireland,IE,2019,2019,0
Annual,A,National framework,NAT,Saint Kitts and Nevis,KN,Person,PER,Ireland,IE,2020,2020,0
Annual,A,National framework,NAT,Saint Kitts and Nevis,KN,Person,PER,Ireland,IE,2021,2021,0
Annual,A,National framework,NAT,Saint Kitts and Nevis,KN,Person,PER,Ireland,IE,2022,2022,0
Annual,A,National framework,NAT,Saint Kitts and Nevis,KN,Person,PER,Ireland,IE,2023,2023,0
Annual,A,National framework,NAT,Saint Kitts and Nevis,KN,Person,PER,Ireland,IE,2024,2024,0
Annual,A,National framework,NAT,Saint Kitts and Nevis,KN,Person,PER,Ireland,IE,2025,2025,0
Annual,A,National framework,NAT,Saint Lucia,LC,Person,PER,Ireland,IE,2010,2010,0
Annual,A,National framework,NAT,Saint Lucia,LC,Person,PER,Ireland,IE,2011,2011,0
Annual,A,National framework,NAT,Saint Lucia,LC,Person,PER,Ireland,IE,2012,2012,0
Annual,A,National framework,NAT,Saint Lucia,LC,Person,PER,Ireland,IE,2013,2013,0
Annual,A,National framework,NAT,Saint Lucia,LC,Person,PER,Ireland,IE,2014,2014,0
Annual,A,National framework,NAT,Saint Lucia,LC,Person,PER,Ireland,IE,2015,2015,0
Annual,A,National framework,NAT,Saint Lucia,LC,Person,PER,Ireland,IE,2016,2016,0
Annual,A,National framework,NAT,Saint Lucia,LC,Person,PER,Ireland,IE,2017,2017,0
Annual,A,National framework,NAT,Saint Lucia,LC,Person,PER,Ireland,IE,2018,2018,0
Annual,A,National framework,NAT,Saint Lucia,LC,Person,PER,Ireland,IE,2019,2019,0
Annual,A,National framework,NAT,Saint Lucia,LC,Person,PER,Ireland,IE,2020,2020,0
Annual,A,National framework,NAT,Saint Lucia,LC,Person,PER,Ireland,IE,2021,2021,0
Annual,A,National framework,NAT,Saint Lucia,LC,Person,PER,Ireland,IE,2022,2022,0
Annual,A,National framework,NAT,Saint Lucia,LC,Person,PER,Ireland,IE,2023,2023,0
Annual,A,National framework,NAT,Saint Lucia,LC,Person,PER,Ireland,IE,2024,2024,0
Annual,A,National framework,NAT,Saint Lucia,LC,Person,PER,Ireland,IE,2025,2025,0
Annual,A,National framework,NAT,Saint Vincent and the Grenadines,VC,Person,PER,Ireland,IE,2010,2010,0
Annual,A,National framework,NAT,Saint Vincent and the Grenadines,VC,Person,PER,Ireland,IE,2011,2011,0
Annual,A,National framework,NAT,Saint Vincent and the Grenadines,VC,Person,PER,Ireland,IE,2012,2012,0
Annual,A,National framework,NAT,Saint Vincent and the Grenadines,VC,Person,PER,Ireland,IE,2013,2013,0
Annual,A,National framework,NAT,Saint Vincent and the Grenadines,VC,Person,PER,Ireland,IE,2014,2014,0
Annual,A,National framework,NAT,Saint Vincent and the Grenadines,VC,Person,PER,Ireland,IE,2015,2015,0
Annual,A,National framework,NAT,Saint Vincent and the Grenadines,VC,Person,PER,Ireland,IE,2016,2016,0
Annual,A,National framework,NAT,Saint Vincent and the Grenadines,VC,Person,PER,Ireland,IE,2017,2017,0
Annual,A,National framework,NAT,Saint Vincent and the Grenadines,VC,Person,PER,Ireland,IE,2018,2018,0
Annual,A,National framework,NAT,Saint Vincent and the Grenadines,VC,Person,PER,Ireland,IE,2019,2019,0
Annual,A,National framework,NAT,Saint Vincent and the Grenadines,VC,Person,PER,Ireland,IE,2020,2020,0
Annual,A,National framework,NAT,Saint Vincent and the Grenadines,VC,Person,PER,Ireland,IE,2021,2021,0
Annual,A,National framework,NAT,Saint Vincent and the Grenadines,VC,Person,PER,Ireland,IE,2022,2022,0
Annual,A,National framework,NAT,Saint Vincent and the Grenadines,VC,Person,PER,Ireland,IE,2023,2023,0
Annual,A,National framework,NAT,Saint Vincent and the Grenadines,VC,Person,PER,Ireland,IE,2024,2024,0
Annual,A,National framework,NAT,Saint Vincent and the Grenadines,VC,Person,PER,Ireland,IE,2025,2025,0
Annual,A,National framework,NAT,Trinidad and Tobago,TT,Person,PER,Ireland,IE,2010,2010,1
Annual,A,National framework,NAT,Trinidad and Tobago,TT,Person,PER,Ireland,IE,2011,2011,1
Annual,A,National framework,NAT,Trinidad and Tobago,TT,Person,PER,Ireland,IE,2012,2012,1
Annual,A,National framework,NAT,Trinidad and Tobago,TT,Person,PER,Ireland,IE,2013,2013,1
Annual,A,National framework,NAT,Trinidad and Tobago,TT,Person,PER,Ireland,IE,2014,2014,1
Annual,A,National framework,NAT,Trinidad and Tobago,TT,Person,PER,Ireland,IE,2015,2015,0
Annual,A,National framework,NAT,Trinidad and Tobago,TT,Person,PER,Ireland,IE,2016,2016,0
Annual,A,National framework,NAT,Trinidad and Tobago,TT,Person,PER,Ireland,IE,2017,2017,0
Annual,A,National framework,NAT,Trinidad and Tobago,TT,Person,PER,Ireland,IE,2018,2018,0
Annual,A,National framework,NAT,Trinidad and Tobago,TT,Person,PER,Ireland,IE,2019,2019,0
Annual,A,National framework,NAT,Trinidad and Tobago,TT,Person,PER,Ireland,IE,2020,2020,0
Annual,A,National framework,NAT,Trinidad and Tobago,TT,Person,PER,Ireland,IE,2021,2021,0
Annual,A,National framework,NAT,Trinidad and Tobago,TT,Person,PER,Ireland,IE,2022,2022,0
Annual,A,National framework,NAT,Trinidad and Tobago,TT,Person,PER,Ireland,IE,2023,2023,0
Annual,A,National framework,NAT,Trinidad and Tobago,TT,Person,PER,Ireland,IE,2024,2024,0
Annual,A,National framework,NAT,Trinidad and Tobago,TT,Person,PER,Ireland,IE,2025,2025,0
Annual,A,National framework,NAT,Belize,BZ,Person,PER,Ireland,IE,2010,2010,0
Annual,A,National framework,NAT,Belize,BZ,Person,PER,Ireland,IE,2011,2011,0
Annual,A,National framework,NAT,Belize,BZ,Person,PER,Ireland,IE,2012,2012,0
Annual,A,National framework,NAT,Belize,BZ,Person,PER,Ireland,IE,2013,2013,0
Annual,A,National framework,NAT,Belize,BZ,Person,PER,Ireland,IE,2014,2014,0
Annual,A,National framework,NAT,Belize,BZ,Person,PER,Ireland,IE,2015,2015,0
Annual,A,National framework,NAT,Belize,BZ,Person,PER,Ireland,IE,2016,2016,0
Annual,A,National framework,NAT,Belize,BZ,Person,PER,Ireland,IE,2017,2017,0
Annual,A,National framework,NAT,Belize,BZ,Person,PER,Ireland,IE,2018,2018,0
Annual,A,National framework,NAT,Belize,BZ,Person,PER,Ireland,IE,2019,2019,0
Annual,A,National framework,NAT,Belize,BZ,Person,PER,Ireland,IE,2020,2020,0
Annual,A,National framework,NAT,Belize,BZ,Person,PER,Ireland,IE,2021,2021,0
Annual,A,National framework,NAT,Belize,BZ,Person,PER,Ireland,IE,2022,2022,0
Annual,A,National framework,NAT,Belize,BZ,Person,PER,Ireland,IE,2023,2023,0
Annual,A,National framework,NAT,Belize,BZ,Person,PER,Ireland,IE,2024,2024,0
Annual,A,National framework,NAT,Belize,BZ,Person,PER,Ireland,IE,2025,2025,0
Annual,A,National framework,NAT,Costa Rica,CR,Person,PER,Ireland,IE,2010,2010,1
Annual,A,National framework,NAT,Costa Rica,CR,Person,PER,Ireland,IE,2011,2011,2
Annual,A,National framework,NAT,Costa Rica,CR,Person,PER,Ireland,IE,2012,2012,2
Annual,A,National framework,NAT,Costa Rica,CR,Person,PER,Ireland,IE,2013,2013,2
Annual,A,National framework,NAT,Costa Rica,CR,Person,PER,Ireland,IE,2014,2014,2
Annual,A,National framework,NAT,Costa Rica,CR,Person,PER,Ireland,IE,2015,2015,2
Annual,A,National framework,NAT,Costa Rica,CR,Person,PER,Ireland,IE,2016,2016,2
Annual,A,National framework,NAT,Costa Rica,CR,Person,PER,Ireland,IE,2017,2017,2
Annual,A,National framework,NAT,Costa Rica,CR,Person,PER,Ireland,IE,2018,2018,2
Annual,A,National framework,NAT,Costa Rica,CR,Person,PER,Ireland,IE,2019,2019,2
Annual,A,National framework,NAT,Costa Rica,CR,Person,PER,Ireland,IE,2020,2020,2
Annual,A,National framework,NAT,Costa Rica,CR,Person,PER,Ireland,IE,2021,2021,2
Annual,A,National framework,NAT,Costa Rica,CR,Person,PER,Ireland,IE,2022,2022,2
Annual,A,National framework,NAT,Costa Rica,CR,Person,PER,Ireland,IE,2023,2023,2
Annual,A,National framework,NAT,Costa Rica,CR,Person,PER,Ireland,IE,2024,2024,2
Annual,A,National framework,NAT,Costa Rica,CR,Person,PER,Ireland,IE,2025,2025,2
Annual,A,National framework,NAT,El Salvador,SV,Person,PER,Ireland,IE,2010,2010,1
Annual,A,National framework,NAT,El Salvador,SV,Person,PER,Ireland,IE,2011,2011,1
Annual,A,National framework,NAT,El Salvador,SV,Person,PER,Ireland,IE,2012,2012,1
Annual,A,National framework,NAT,El Salvador,SV,Person,PER,Ireland,IE,2013,2013,1
Annual,A,National framework,NAT,El Salvador,SV,Person,PER,Ireland,IE,2014,2014,0
Annual,A,National framework,NAT,El Salvador,SV,Person,PER,Ireland,IE,2015,2015,0
Annual,A,National framework,NAT,El Salvador,SV,Person,PER,Ireland,IE,2016,2016,0
Annual,A,National framework,NAT,El Salvador,SV,Person,PER,Ireland,IE,2017,2017,0
Annual,A,National framework,NAT,El Salvador,SV,Person,PER,Ireland,IE,2018,2018,0
Annual,A,National framework,NAT,El Salvador,SV,Person,PER,Ireland,IE,2019,2019,0
Annual,A,National framework,NAT,El Salvador,SV,Person,PER,Ireland,IE,2020,2020,0
Annual,A,National framework,NAT,El Salvador,SV,Person,PER,Ireland,IE,2021,2021,0
Annual,A,National framework,NAT,El Salvador,SV,Person,PER,Ireland,IE,2022,2022,0
Annual,A,National framework,NAT,El Salvador,SV,Person,PER,Ireland,IE,2023,2023,0
Annual,A,National framework,NAT,El Salvador,SV,Person,PER,Ireland,IE,2024,2024,0
Annual,A,National framework,NAT,El Salvador,SV,Person,PER,Ireland,IE,2025,2025,0
Annual,A,National framework,NAT,Guatemala,GT,Person,PER,Ireland,IE,2010,2010,0
Annual,A,National framework,NAT,Guatemala,GT,Person,PER,Ireland,IE,2011,2011,0
Annual,A,National framework,NAT,Guatemala,GT,Person,PER,Ireland,IE,2012,2012,0
Annual,A,National framework,NAT,Guatemala,GT,Person,PER,Ireland,IE,2013,2013,0
Annual,A,National framework,NAT,Guatemala,GT,Person,PER,Ireland,IE,2014,2014,0
Annual,A,National framework,NAT,Guatemala,GT,Person,PER,Ireland,IE,2015,2015,0
Annual,A,National framework,NAT,Guatemala,GT,Person,PER,Ireland,IE,2016,2016,0
Annual,A,National framework,NAT,Guatemala,GT,Person,PER,Ireland,IE,2017,2017,0
Annual,A,National framework,NAT,Guatemala,GT,Person,PER,Ireland,IE,2018,2018,0
Annual,A,National framework,NAT,Guatemala,GT,Person,PER,Ireland,IE,2019,2019,0
Annual,A,National framework,NAT,Guatemala,GT,Person,PER,Ireland,IE,2020,2020,0
Annual,A,National framework,NAT,Guatemala,GT,Person,PER,Ireland,IE,2021,2021,0
Annual,A,National framework,NAT,Guatemala,GT,Person,PER,Ireland,IE,2022,2022,0
Annual,A,National framework,NAT,Guatemala,GT,Person,PER,Ireland,IE,2023,2023,0
Annual,A,National framework,NAT,Guatemala,GT,Person,PER,Ireland,IE,2024,2024,0
Annual,A,National framework,NAT,Guatemala,GT,Person,PER,Ireland,IE,2025,2025,0
Annual,A,National framework,NAT,Honduras,HN,Person,PER,Ireland,IE,2010,2010,1
Annual,A,National framework,NAT,Honduras,HN,Person,PER,Ireland,IE,2011,2011,0
Annual,A,National framework,NAT,Honduras,HN,Person,PER,Ireland,IE,2012,2012,0
Annual,A,National framework,NAT,Honduras,HN,Person,PER,Ireland,IE,2013,2013,0
Annual,A,National framework,NAT,Honduras,HN,Person,PER,Ireland,IE,2014,2014,0
Annual,A,National framework,NAT,Honduras,HN,Person,PER,Ireland,IE,2015,2015,0
Annual,A,National framework,NAT,Honduras,HN,Person,PER,Ireland,IE,2016,2016,0
Annual,A,National framework,NAT,Honduras,HN,Person,PER,Ireland,IE,2017,2017,0
Annual,A,National framework,NAT,Honduras,HN,Person,PER,Ireland,IE,2018,2018,0
Annual,A,National framework,NAT,Honduras,HN,Person,PER,Ireland,IE,2019,2019,0
Annual,A,National framework,NAT,Honduras,HN,Person,PER,Ireland,IE,2020,2020,0
Annual,A,National framework,NAT,Honduras,HN,Person,PER,Ireland,IE,2021,2021,0
Annual,A,National framework,NAT,Honduras,HN,Person,PER,Ireland,IE,2022,2022,0
Annual,A,National framework,NAT,Honduras,HN,Person,PER,Ireland,IE,2023,2023,0
Annual,A,National framework,NAT,Honduras,HN,Person,PER,Ireland,IE,2024,2024,0
Annual,A,National framework,NAT,Honduras,HN,Person,PER,Ireland,IE,2025,2025,0
Annual,A,National framework,NAT,Mexico,MX,Person,PER,Ireland,IE,2010,2010,6
Annual,A,National framework,NAT,Mexico,MX,Person,PER,Ireland,IE,2011,2011,3
Annual,A,National framework,NAT,Mexico,MX,Person,PER,Ireland,IE,2012,2012,1
Annual,A,National framework,NAT,Mexico,MX,Person,PER,Ireland,IE,2013,2013,0
Annual,A,National framework,NAT,Mexico,MX,Person,PER,Ireland,IE,2014,2014,0
Annual,A,National framework,NAT,Mexico,MX,Person,PER,Ireland,IE,2015,2015,0
Annual,A,National framework,NAT,Mexico,MX,Person,PER,Ireland,IE,2016,2016,0
Annual,A,National framework,NAT,Mexico,MX,Person,PER,Ireland,IE,2017,2017,0
Annual,A,National framework,NAT,Mexico,MX,Person,PER,Ireland,IE,2018,2018,1
Annual,A,National framework,NAT,Mexico,MX,Person,PER,Ireland,IE,2019,2019,1
Annual,A,National framework,NAT,Mexico,MX,Person,PER,Ireland,IE,2020,2020,1
Annual,A,National framework,NAT,Mexico,MX,Person,PER,Ireland,IE,2021,2021,3
Annual,A,National framework,NAT,Mexico,MX,Person,PER,Ireland,IE,2022,2022,3
Annual,A,National framework,NAT,Mexico,MX,Person,PER,Ireland,IE,2023,2023,4
Annual,A,National framework,NAT,Mexico,MX,Person,PER,Ireland,IE,2024,2024,6
Annual,A,National framework,NAT,Mexico,MX,Person,PER,Ireland,IE,2025,2025,6
Annual,A,National framework,NAT,Nicaragua,NI,Person,PER,Ireland,IE,2010,2010,0
Annual,A,National framework,NAT,Nicaragua,NI,Person,PER,Ireland,IE,2011,2011,0
Annual,A,National framework,NAT,Nicaragua,NI,Person,PER,Ireland,IE,2012,2012,0
Annual,A,National framework,NAT,Nicaragua,NI,Person,PER,Ireland,IE,2013,2013,0
Annual,A,National framework,NAT,Nicaragua,NI,Person,PER,Ireland,IE,2014,2014,0
Annual,A,National framework,NAT,Nicaragua,NI,Person,PER,Ireland,IE,2015,2015,0
Annual,A,National framework,NAT,Nicaragua,NI,Person,PER,Ireland,IE,2016,2016,0
Annual,A,National framework,NAT,Nicaragua,NI,Person,PER,Ireland,IE,2017,2017,0
Annual,A,National framework,NAT,Nicaragua,NI,Person,PER,Ireland,IE,2018,2018,0
Annual,A,National framework,NAT,Nicaragua,NI,Person,PER,Ireland,IE,2019,2019,0
Annual,A,National framework,NAT,Nicaragua,NI,Person,PER,Ireland,IE,2020,2020,0
Annual,A,National framework,NAT,Nicaragua,NI,Person,PER,Ireland,IE,2021,2021,0
Annual,A,National framework,NAT,Nicaragua,NI,Person,PER,Ireland,IE,2022,2022,0
Annual,A,National framework,NAT,Nicaragua,NI,Person,PER,Ireland,IE,2023,2023,0
Annual,A,National framework,NAT,Nicaragua,NI,Person,PER,Ireland,IE,2024,2024,0
Annual,A,National framework,NAT,Nicaragua,NI,Person,PER,Ireland,IE,2025,2025,0
Annual,A,National framework,NAT,Panama,PA,Person,PER,Ireland,IE,2010,2010,0
Annual,A,National framework,NAT,Panama,PA,Person,PER,Ireland,IE,2011,2011,0
Annual,A,National framework,NAT,Panama,PA,Person,PER,Ireland,IE,2012,2012,0
Annual,A,National framework,NAT,Panama,PA,Person,PER,Ireland,IE,2013,2013,0
Annual,A,National framework,NAT,Panama,PA,Person,PER,Ireland,IE,2014,2014,0
Annual,A,National framework,NAT,Panama,PA,Person,PER,Ireland,IE,2015,2015,0
Annual,A,National framework,NAT,Panama,PA,Person,PER,Ireland,IE,2016,2016,0
Annual,A,National framework,NAT,Panama,PA,Person,PER,Ireland,IE,2017,2017,0
Annual,A,National framework,NAT,Panama,PA,Person,PER,Ireland,IE,2018,2018,0
Annual,A,National framework,NAT,Panama,PA,Person,PER,Ireland,IE,2019,2019,0
Annual,A,National framework,NAT,Panama,PA,Person,PER,Ireland,IE,2020,2020,0
Annual,A,National framework,NAT,Panama,PA,Person,PER,Ireland,IE,2021,2021,0
Annual,A,National framework,NAT,Panama,PA,Person,PER,Ireland,IE,2022,2022,0
Annual,A,National framework,NAT,Panama,PA,Person,PER,Ireland,IE,2023,2023,0
Annual,A,National framework,NAT,Panama,PA,Person,PER,Ireland,IE,2024,2024,0
Annual,A,National framework,NAT,Panama,PA,Person,PER,Ireland,IE,2025,2025,0
Annual,A,National framework,NAT,Argentina,AR,Person,PER,Ireland,IE,2010,2010,10
Annual,A,National framework,NAT,Argentina,AR,Person,PER,Ireland,IE,2011,2011,9
Annual,A,National framework,NAT,Argentina,AR,Person,PER,Ireland,IE,2012,2012,6
Annual,A,National framework,NAT,Argentina,AR,Person,PER,Ireland,IE,2013,2013,4
Annual,A,National framework,NAT,Argentina,AR,Person,PER,Ireland,IE,2014,2014,2
Annual,A,National framework,NAT,Argentina,AR,Person,PER,Ireland,IE,2015,2015,2
Annual,A,National framework,NAT,Argentina,AR,Person,PER,Ireland,IE,2016,2016,1
Annual,A,National framework,NAT,Argentina,AR,Person,PER,Ireland,IE,2017,2017,1
Annual,A,National framework,NAT,Argentina,AR,Person,PER,Ireland,IE,2018,2018,2
Annual,A,National framework,NAT,Argentina,AR,Person,PER,Ireland,IE,2019,2019,2
Annual,A,National framework,NAT,Argentina,AR,Person,PER,Ireland,IE,2020,2020,2
Annual,A,National framework,NAT,Argentina,AR,Person,PER,Ireland,IE,2021,2021,2
Annual,A,National framework,NAT,Argentina,AR,Person,PER,Ireland,IE,2022,2022,1
Annual,A,National framework,NAT,Argentina,AR,Person,PER,Ireland,IE,2023,2023,1
Annual,A,National framework,NAT,Argentina,AR,Person,PER,Ireland,IE,2024,2024,3
Annual,A,National framework,NAT,Argentina,AR,Person,PER,Ireland,IE,2025,2025,4
Annual,A,National framework,NAT,Bolivia,BO,Person,PER,Ireland,IE,2010,2010,0
Annual,A,National framework,NAT,Bolivia,BO,Person,PER,Ireland,IE,2011,2011,0
Annual,A,National framework,NAT,Bolivia,BO,Person,PER,Ireland,IE,2012,2012,1
Annual,A,National framework,NAT,Bolivia,BO,Person,PER,Ireland,IE,2013,2013,1
Annual,A,National framework,NAT,Bolivia,BO,Person,PER,Ireland,IE,2014,2014,0
Annual,A,National framework,NAT,Bolivia,BO,Person,PER,Ireland,IE,2015,2015,0
Annual,A,National framework,NAT,Bolivia,BO,Person,PER,Ireland,IE,2016,2016,0
Annual,A,National framework,NAT,Bolivia,BO,Person,PER,Ireland,IE,2017,2017,0
Annual,A,National framework,NAT,Bolivia,BO,Person,PER,Ireland,IE,2018,2018,0
Annual,A,National framework,NAT,Bolivia,BO,Person,PER,Ireland,IE,2019,2019,0
Annual,A,National framework,NAT,Bolivia,BO,Person,PER,Ireland,IE,2020,2020,0
Annual,A,National framework,NAT,Bolivia,BO,Person,PER,Ireland,IE,2021,2021,0
Annual,A,National framework,NAT,Bolivia,BO,Person,PER,Ireland,IE,2022,2022,0
Annual,A,National framework,NAT,Bolivia,BO,Person,PER,Ireland,IE,2023,2023,0
Annual,A,National framework,NAT,Bolivia,BO,Person,PER,Ireland,IE,2024,2024,1
Annual,A,National framework,NAT,Bolivia,BO,Person,PER,Ireland,IE,2025,2025,1
Annual,A,National framework,NAT,Brazil,BR,Person,PER,Ireland,IE,2010,2010,348
Annual,A,National framework,NAT,Brazil,BR,Person,PER,Ireland,IE,2011,2011,429
Annual,A,National framework,NAT,Brazil,BR,Person,PER,Ireland,IE,2012,2012,419
Annual,A,National framework,NAT,Brazil,BR,Person,PER,Ireland,IE,2013,2013,312
Annual,A,National framework,NAT,Brazil,BR,Person,PER,Ireland,IE,2014,2014,184
Annual,A,National framework,NAT,Brazil,BR,Person,PER,Ireland,IE,2015,2015,146
Annual,A,National framework,NAT,Brazil,BR,Person,PER,Ireland,IE,2016,2016,105
Annual,A,National framework,NAT,Brazil,BR,Person,PER,Ireland,IE,2017,2017,103
Annual,A,National framework,NAT,Brazil,BR,Person,PER,Ireland,IE,2018,2018,83
Annual,A,National framework,NAT,Brazil,BR,Person,PER,Ireland,IE,2019,2019,61
Annual,A,National framework,NAT,Brazil,BR,Person,PER,Ireland,IE,2020,2020,61
Annual,A,National framework,NAT,Brazil,BR,Person,PER,Ireland,IE,2021,2021,70
Annual,A,National framework,NAT,Brazil,BR,Person,PER,Ireland,IE,2022,2022,78
Annual,A,National framework,NAT,Brazil,BR,Person,PER,Ireland,IE,2023,2023,89
Annual,A,National framework,NAT,Brazil,BR,Person,PER,Ireland,IE,2024,2024,93
Annual,A,National framework,NAT,Brazil,BR,Person,PER,Ireland,IE,2025,2025,101
Annual,A,National framework,NAT,Chile,CL,Person,PER,Ireland,IE,2010,2010,2
Annual,A,National framework,NAT,Chile,CL,Person,PER,Ireland,IE,2011,2011,3
Annual,A,National framework,NAT,Chile,CL,Person,PER,Ireland,IE,2012,2012,2
Annual,A,National framework,NAT,Chile,CL,Person,PER,Ireland,IE,2013,2013,2
Annual,A,National framework,NAT,Chile,CL,Person,PER,Ireland,IE,2014,2014,2
Annual,A,National framework,NAT,Chile,CL,Person,PER,Ireland,IE,2015,2015,1
Annual,A,National framework,NAT,Chile,CL,Person,PER,Ireland,IE,2016,2016,0
Annual,A,National framework,NAT,Chile,CL,Person,PER,Ireland,IE,2017,2017,0
Annual,A,National framework,NAT,Chile,CL,Person,PER,Ireland,IE,2018,2018,0
Annual,A,National framework,NAT,Chile,CL,Person,PER,Ireland,IE,2019,2019,0
Annual,A,National framework,NAT,Chile,CL,Person,PER,Ireland,IE,2020,2020,0
Annual,A,National framework,NAT,Chile,CL,Person,PER,Ireland,IE,2021,2021,0
Annual,A,National framework,NAT,Chile,CL,Person,PER,Ireland,IE,2022,2022,1
Annual,A,National framework,NAT,Chile,CL,Person,PER,Ireland,IE,2023,2023,1
Annual,A,National framework,NAT,Chile,CL,Person,PER,Ireland,IE,2024,2024,1
Annual,A,National framework,NAT,Chile,CL,Person,PER,Ireland,IE,2025,2025,1
Annual,A,National framework,NAT,Colombia,CO,Person,PER,Ireland,IE,2010,2010,8
Annual,A,National framework,NAT,Colombia,CO,Person,PER,Ireland,IE,2011,2011,5
Annual,A,National framework,NAT,Colombia,CO,Person,PER,Ireland,IE,2012,2012,4
Annual,A,National framework,NAT,Colombia,CO,Person,PER,Ireland,IE,2013,2013,2
Annual,A,National framework,NAT,Colombia,CO,Person,PER,Ireland,IE,2014,2014,1
Annual,A,National framework,NAT,Colombia,CO,Person,PER,Ireland,IE,2015,2015,1
Annual,A,National framework,NAT,Colombia,CO,Person,PER,Ireland,IE,2016,2016,0
Annual,A,National framework,NAT,Colombia,CO,Person,PER,Ireland,IE,2017,2017,0
Annual,A,National framework,NAT,Colombia,CO,Person,PER,Ireland,IE,2018,2018,0
Annual,A,National framework,NAT,Colombia,CO,Person,PER,Ireland,IE,2019,2019,0
Annual,A,National framework,NAT,Colombia,CO,Person,PER,Ireland,IE,2020,2020,0
Annual,A,National framework,NAT,Colombia,CO,Person,PER,Ireland,IE,2021,2021,0
Annual,A,National framework,NAT,Colombia,CO,Person,PER,Ireland,IE,2022,2022,1
Annual,A,National framework,NAT,Colombia,CO,Person,PER,Ireland,IE,2023,2023,1
Annual,A,National framework,NAT,Colombia,CO,Person,PER,Ireland,IE,2024,2024,1
Annual,A,National framework,NAT,Colombia,CO,Person,PER,Ireland,IE,2025,2025,1
Annual,A,National framework,NAT,Ecuador,EC,Person,PER,Ireland,IE,2010,2010,1
Annual,A,National framework,NAT,Ecuador,EC,Person,PER,Ireland,IE,2011,2011,1
Annual,A,National framework,NAT,Ecuador,EC,Person,PER,Ireland,IE,2012,2012,1
Annual,A,National framework,NAT,Ecuador,EC,Person,PER,Ireland,IE,2013,2013,1
Annual,A,National framework,NAT,Ecuador,EC,Person,PER,Ireland,IE,2014,2014,1
Annual,A,National framework,NAT,Ecuador,EC,Person,PER,Ireland,IE,2015,2015,1
Annual,A,National framework,NAT,Ecuador,EC,Person,PER,Ireland,IE,2016,2016,1
Annual,A,National framework,NAT,Ecuador,EC,Person,PER,Ireland,IE,2017,2017,1
Annual,A,National framework,NAT,Ecuador,EC,Person,PER,Ireland,IE,2018,2018,0
Annual,A,National framework,NAT,Ecuador,EC,Person,PER,Ireland,IE,2019,2019,1
Annual,A,National framework,NAT,Ecuador,EC,Person,PER,Ireland,IE,2020,2020,1
Annual,A,National framework,NAT,Ecuador,EC,Person,PER,Ireland,IE,2021,2021,1
Annual,A,National framework,NAT,Ecuador,EC,Person,PER,Ireland,IE,2022,2022,1
Annual,A,National framework,NAT,Ecuador,EC,Person,PER,Ireland,IE,2023,2023,1
Annual,A,National framework,NAT,Ecuador,EC,Person,PER,Ireland,IE,2024,2024,0
Annual,A,National framework,NAT,Ecuador,EC,Person,PER,Ireland,IE,2025,2025,1
Annual,A,National framework,NAT,Guyana,GY,Person,PER,Ireland,IE,2010,2010,0
Annual,A,National framework,NAT,Guyana,GY,Person,PER,Ireland,IE,2011,2011,1
Annual,A,National framework,NAT,Guyana,GY,Person,PER,Ireland,IE,2012,2012,0
Annual,A,National framework,NAT,Guyana,GY,Person,PER,Ireland,IE,2013,2013,0
Annual,A,National framework,NAT,Guyana,GY,Person,PER,Ireland,IE,2014,2014,0
Annual,A,National framework,NAT,Guyana,GY,Person,PER,Ireland,IE,2015,2015,0
Annual,A,National framework,NAT,Guyana,GY,Person,PER,Ireland,IE,2016,2016,0
Annual,A,National framework,NAT,Guyana,GY,Person,PER,Ireland,IE,2017,2017,0
Annual,A,National framework,NAT,Guyana,GY,Person,PER,Ireland,IE,2018,2018,0
Annual,A,National framework,NAT,Guyana,GY,Person,PER,Ireland,IE,2019,2019,0
Annual,A,National framework,NAT,Guyana,GY,Person,PER,Ireland,IE,2020,2020,0
Annual,A,National framework,NAT,Guyana,GY,Person,PER,Ireland,IE,2021,2021,0
Annual,A,National framework,NAT,Guyana,GY,Person,PER,Ireland,IE,2022,2022,0
Annual,A,National framework,NAT,Guyana,GY,Person,PER,Ireland,IE,2023,2023,0
Annual,A,National framework,NAT,Guyana,GY,Person,PER,Ireland,IE,2024,2024,0
Annual,A,National framework,NAT,Guyana,GY,Person,PER,Ireland,IE,2025,2025,0
Annual,A,National framework,NAT,Paraguay,PY,Person,PER,Ireland,IE,2010,2010,1
Annual,A,National framework,NAT,Paraguay,PY,Person,PER,Ireland,IE,2011,2011,1
Annual,A,National framework,NAT,Paraguay,PY,Person,PER,Ireland,IE,2012,2012,1
Annual,A,National framework,NAT,Paraguay,PY,Person,PER,Ireland,IE,2013,2013,1
Annual,A,National framework,NAT,Paraguay,PY,Person,PER,Ireland,IE,2014,2014,2
Annual,A,National framework,NAT,Paraguay,PY,Person,PER,Ireland,IE,2015,2015,1
Annual,A,National framework,NAT,Paraguay,PY,Person,PER,Ireland,IE,2016,2016,0
Annual,A,National framework,NAT,Paraguay,PY,Person,PER,Ireland,IE,2017,2017,0
Annual,A,National framework,NAT,Paraguay,PY,Person,PER,Ireland,IE,2018,2018,0
Annual,A,National framework,NAT,Paraguay,PY,Person,PER,Ireland,IE,2019,2019,0
Annual,A,National framework,NAT,Paraguay,PY,Person,PER,Ireland,IE,2020,2020,0
Annual,A,National framework,NAT,Paraguay,PY,Person,PER,Ireland,IE,2021,2021,0
Annual,A,National framework,NAT,Paraguay,PY,Person,PER,Ireland,IE,2022,2022,0
Annual,A,National framework,NAT,Paraguay,PY,Person,PER,Ireland,IE,2023,2023,0
Annual,A,National framework,NAT,Paraguay,PY,Person,PER,Ireland,IE,2024,2024,0
Annual,A,National framework,NAT,Paraguay,PY,Person,PER,Ireland,IE,2025,2025,0
Annual,A,National framework,NAT,Peru,PE,Person,PER,Ireland,IE,2010,2010,8
Annual,A,National framework,NAT,Peru,PE,Person,PER,Ireland,IE,2011,2011,5
Annual,A,National framework,NAT,Peru,PE,Person,PER,Ireland,IE,2012,2012,3
Annual,A,National framework,NAT,Peru,PE,Person,PER,Ireland,IE,2013,2013,2
Annual,A,National framework,NAT,Peru,PE,Person,PER,Ireland,IE,2014,2014,2
Annual,A,National framework,NAT,Peru,PE,Person,PER,Ireland,IE,2015,2015,2
Annual,A,National framework,NAT,Peru,PE,Person,PER,Ireland,IE,2016,2016,2
Annual,A,National framework,NAT,Peru,PE,Person,PER,Ireland,IE,2017,2017,2
Annual,A,National framework,NAT,Peru,PE,Person,PER,Ireland,IE,2018,2018,1
Annual,A,National framework,NAT,Peru,PE,Person,PER,Ireland,IE,2019,2019,1
Annual,A,National framework,NAT,Peru,PE,Person,PER,Ireland,IE,2020,2020,1
Annual,A,National framework,NAT,Peru,PE,Person,PER,Ireland,IE,2021,2021,1
Annual,A,National framework,NAT,Peru,PE,Person,PER,Ireland,IE,2022,2022,1
Annual,A,National framework,NAT,Peru,PE,Person,PER,Ireland,IE,2023,2023,2
Annual,A,National framework,NAT,Peru,PE,Person,PER,Ireland,IE,2024,2024,2
Annual,A,National framework,NAT,Peru,PE,Person,PER,Ireland,IE,2025,2025,2
Annual,A,National framework,NAT,Suriname,SR,Person,PER,Ireland,IE,2010,2010,0
Annual,A,National framework,NAT,Suriname,SR,Person,PER,Ireland,IE,2011,2011,0
Annual,A,National framework,NAT,Suriname,SR,Person,PER,Ireland,IE,2012,2012,0
Annual,A,National framework,NAT,Suriname,SR,Person,PER,Ireland,IE,2013,2013,0
Annual,A,National framework,NAT,Suriname,SR,Person,PER,Ireland,IE,2014,2014,0
Annual,A,National framework,NAT,Suriname,SR,Person,PER,Ireland,IE,2015,2015,0
Annual,A,National framework,NAT,Suriname,SR,Person,PER,Ireland,IE,2016,2016,0
Annual,A,National framework,NAT,Suriname,SR,Person,PER,Ireland,IE,2017,2017,0
Annual,A,National framework,NAT,Suriname,SR,Person,PER,Ireland,IE,2018,2018,0
Annual,A,National framework,NAT,Suriname,SR,Person,PER,Ireland,IE,2019,2019,0
Annual,A,National framework,NAT,Suriname,SR,Person,PER,Ireland,IE,2020,2020,0
Annual,A,National framework,NAT,Suriname,SR,Person,PER,Ireland,IE,2021,2021,0
Annual,A,National framework,NAT,Suriname,SR,Person,PER,Ireland,IE,2022,2022,0
Annual,A,National framework,NAT,Suriname,SR,Person,PER,Ireland,IE,2023,2023,0
Annual,A,National framework,NAT,Suriname,SR,Person,PER,Ireland,IE,2024,2024,0
Annual,A,National framework,NAT,Suriname,SR,Person,PER,Ireland,IE,2025,2025,0
Annual,A,National framework,NAT,Uruguay,UY,Person,PER,Ireland,IE,2010,2010,0
Annual,A,National framework,NAT,Uruguay,UY,Person,PER,Ireland,IE,2011,2011,0
Annual,A,National framework,NAT,Uruguay,UY,Person,PER,Ireland,IE,2012,2012,1
Annual,A,National framework,NAT,Uruguay,UY,Person,PER,Ireland,IE,2013,2013,1
Annual,A,National framework,NAT,Uruguay,UY,Person,PER,Ireland,IE,2014,2014,1
Annual,A,National framework,NAT,Uruguay,UY,Person,PER,Ireland,IE,2015,2015,1
Annual,A,National framework,NAT,Uruguay,UY,Person,PER,Ireland,IE,2016,2016,1
Annual,A,National framework,NAT,Uruguay,UY,Person,PER,Ireland,IE,2017,2017,1
Annual,A,National framework,NAT,Uruguay,UY,Person,PER,Ireland,IE,2018,2018,0
Annual,A,National framework,NAT,Uruguay,UY,Person,PER,Ireland,IE,2019,2019,1
Annual,A,National framework,NAT,Uruguay,UY,Person,PER,Ireland,IE,2020,2020,1
Annual,A,National framework,NAT,Uruguay,UY,Person,PER,Ireland,IE,2021,2021,1
Annual,A,National framework,NAT,Uruguay,UY,Person,PER,Ireland,IE,2022,2022,1
Annual,A,National framework,NAT,Uruguay,UY,Person,PER,Ireland,IE,2023,2023,1
Annual,A,National framework,NAT,Uruguay,UY,Person,PER,Ireland,IE,2024,2024,1
Annual,A,National framework,NAT,Uruguay,UY,Person,PER,Ireland,IE,2025,2025,1
Annual,A,National framework,NAT,Venezuela,VE,Person,PER,Ireland,IE,2010,2010,6
Annual,A,National framework,NAT,Venezuela,VE,Person,PER,Ireland,IE,2011,2011,3
Annual,A,National framework,NAT,Venezuela,VE,Person,PER,Ireland,IE,2012,2012,1
Annual,A,National framework,NAT,Venezuela,VE,Person,PER,Ireland,IE,2013,2013,1
Annual,A,National framework,NAT,Venezuela,VE,Person,PER,Ireland,IE,2014,2014,1
Annual,A,National framework,NAT,Venezuela,VE,Person,PER,Ireland,IE,2015,2015,1
Annual,A,National framework,NAT,Venezuela,VE,Person,PER,Ireland,IE,2016,2016,0
Annual,A,National framework,NAT,Venezuela,VE,Person,PER,Ireland,IE,2017,2017,0
Annual,A,National framework,NAT,Venezuela,VE,Person,PER,Ireland,IE,2018,2018,0
Annual,A,National framework,NAT,Venezuela,VE,Person,PER,Ireland,IE,2019,2019,0
Annual,A,National framework,NAT,Venezuela,VE,Person,PER,Ireland,IE,2020,2020,0
Annual,A,National framework,NAT,Venezuela,VE,Person,PER,Ireland,IE,2021,2021,1
Annual,A,National framework,NAT,Venezuela,VE,Person,PER,Ireland,IE,2022,2022,3
Annual,A,National framework,NAT,Venezuela,VE,Person,PER,Ireland,IE,2023,2023,2
Annual,A,National framework,NAT,Venezuela,VE,Person,PER,Ireland,IE,2024,2024,3
Annual,A,National framework,NAT,Venezuela,VE,Person,PER,Ireland,IE,2025,2025,2
Annual,A,National framework,NAT,Kazakhstan,KZ,Person,PER,Ireland,IE,2010,2010,12
Annual,A,National framework,NAT,Kazakhstan,KZ,Person,PER,Ireland,IE,2011,2011,10
Annual,A,National framework,NAT,Kazakhstan,KZ,Person,PER,Ireland,IE,2012,2012,8
Annual,A,National framework,NAT,Kazakhstan,KZ,Person,PER,Ireland,IE,2013,2013,2
Annual,A,National framework,NAT,Kazakhstan,KZ,Person,PER,Ireland,IE,2014,2014,1
Annual,A,National framework,NAT,Kazakhstan,KZ,Person,PER,Ireland,IE,2015,2015,1
Annual,A,National framework,NAT,Kazakhstan,KZ,Person,PER,Ireland,IE,2016,2016,1
Annual,A,National framework,NAT,Kazakhstan,KZ,Person,PER,Ireland,IE,2017,2017,1
Annual,A,National framework,NAT,Kazakhstan,KZ,Person,PER,Ireland,IE,2018,2018,1
Annual,A,National framework,NAT,Kazakhstan,KZ,Person,PER,Ireland,IE,2019,2019,0
Annual,A,National framework,NAT,Kazakhstan,KZ,Person,PER,Ireland,IE,2020,2020,0
Annual,A,National framework,NAT,Kazakhstan,KZ,Person,PER,Ireland,IE,2021,2021,0
Annual,A,National framework,NAT,Kazakhstan,KZ,Person,PER,Ireland,IE,2022,2022,0
Annual,A,National framework,NAT,Kazakhstan,KZ,Person,PER,Ireland,IE,2023,2023,1
Annual,A,National framework,NAT,Kazakhstan,KZ,Person,PER,Ireland,IE,2024,2024,2
Annual,A,National framework,NAT,Kazakhstan,KZ,Person,PER,Ireland,IE,2025,2025,2
Annual,A,National framework,NAT,Kyrgyzstan,KG,Person,PER,Ireland,IE,2010,2010,3
Annual,A,National framework,NAT,Kyrgyzstan,KG,Person,PER,Ireland,IE,2011,2011,0
Annual,A,National framework,NAT,Kyrgyzstan,KG,Person,PER,Ireland,IE,2012,2012,0
Annual,A,National framework,NAT,Kyrgyzstan,KG,Person,PER,Ireland,IE,2013,2013,0
Annual,A,National framework,NAT,Kyrgyzstan,KG,Person,PER,Ireland,IE,2014,2014,0
Annual,A,National framework,NAT,Kyrgyzstan,KG,Person,PER,Ireland,IE,2015,2015,0
Annual,A,National framework,NAT,Kyrgyzstan,KG,Person,PER,Ireland,IE,2016,2016,0
Annual,A,National framework,NAT,Kyrgyzstan,KG,Person,PER,Ireland,IE,2017,2017,0
Annual,A,National framework,NAT,Kyrgyzstan,KG,Person,PER,Ireland,IE,2018,2018,0
Annual,A,National framework,NAT,Kyrgyzstan,KG,Person,PER,Ireland,IE,2019,2019,0
Annual,A,National framework,NAT,Kyrgyzstan,KG,Person,PER,Ireland,IE,2020,2020,0
Annual,A,National framework,NAT,Kyrgyzstan,KG,Person,PER,Ireland,IE,2021,2021,0
Annual,A,National framework,NAT,Kyrgyzstan,KG,Person,PER,Ireland,IE,2022,2022,0
Annual,A,National framework,NAT,Kyrgyzstan,KG,Person,PER,Ireland,IE,2023,2023,0
Annual,A,National framework,NAT,Kyrgyzstan,KG,Person,PER,Ireland,IE,2024,2024,0
Annual,A,National framework,NAT,Kyrgyzstan,KG,Person,PER,Ireland,IE,2025,2025,0
Annual,A,National framework,NAT,Tajikistan,TJ,Person,PER,Ireland,IE,2010,2010,0
Annual,A,National framework,NAT,Tajikistan,TJ,Person,PER,Ireland,IE,2011,2011,0
Annual,A,National framework,NAT,Tajikistan,TJ,Person,PER,Ireland,IE,2012,2012,0
Annual,A,National framework,NAT,Tajikistan,TJ,Person,PER,Ireland,IE,2013,2013,0
Annual,A,National framework,NAT,Tajikistan,TJ,Person,PER,Ireland,IE,2014,2014,0
Annual,A,National framework,NAT,Tajikistan,TJ,Person,PER,Ireland,IE,2015,2015,0
Annual,A,National framework,NAT,Tajikistan,TJ,Person,PER,Ireland,IE,2016,2016,0
Annual,A,National framework,NAT,Tajikistan,TJ,Person,PER,Ireland,IE,2017,2017,0
Annual,A,National framework,NAT,Tajikistan,TJ,Person,PER,Ireland,IE,2018,2018,0
Annual,A,National framework,NAT,Tajikistan,TJ,Person,PER,Ireland,IE,2019,2019,0
Annual,A,National framework,NAT,Tajikistan,TJ,Person,PER,Ireland,IE,2020,2020,0
Annual,A,National framework,NAT,Tajikistan,TJ,Person,PER,Ireland,IE,2021,2021,0
Annual,A,National framework,NAT,Tajikistan,TJ,Person,PER,Ireland,IE,2022,2022,0
Annual,A,National framework,NAT,Tajikistan,TJ,Person,PER,Ireland,IE,2023,2023,0
Annual,A,National framework,NAT,Tajikistan,TJ,Person,PER,Ireland,IE,2024,2024,0
Annual,A,National framework,NAT,Tajikistan,TJ,Person,PER,Ireland,IE,2025,2025,0
Annual,A,National framework,NAT,Turkmenistan,TM,Person,PER,Ireland,IE,2010,2010,0
Annual,A,National framework,NAT,Turkmenistan,TM,Person,PER,Ireland,IE,2011,2011,0
Annual,A,National framework,NAT,Turkmenistan,TM,Person,PER,Ireland,IE,2012,2012,0
Annual,A,National framework,NAT,Turkmenistan,TM,Person,PER,Ireland,IE,2013,2013,0
Annual,A,National framework,NAT,Turkmenistan,TM,Person,PER,Ireland,IE,2014,2014,0
Annual,A,National framework,NAT,Turkmenistan,TM,Person,PER,Ireland,IE,2015,2015,0
Annual,A,National framework,NAT,Turkmenistan,TM,Person,PER,Ireland,IE,2016,2016,0
Annual,A,National framework,NAT,Turkmenistan,TM,Person,PER,Ireland,IE,2017,2017,0
Annual,A,National framework,NAT,Turkmenistan,TM,Person,PER,Ireland,IE,2018,2018,0
Annual,A,National framework,NAT,Turkmenistan,TM,Person,PER,Ireland,IE,2019,2019,0
Annual,A,National framework,NAT,Turkmenistan,TM,Person,PER,Ireland,IE,2020,2020,0
Annual,A,National framework,NAT,Turkmenistan,TM,Person,PER,Ireland,IE,2021,2021,0
Annual,A,National framework,NAT,Turkmenistan,TM,Person,PER,Ireland,IE,2022,2022,0
Annual,A,National framework,NAT,Turkmenistan,TM,Person,PER,Ireland,IE,2023,2023,0
Annual,A,National framework,NAT,Turkmenistan,TM,Person,PER,Ireland,IE,2024,2024,0
Annual,A,National framework,NAT,Turkmenistan,TM,Person,PER,Ireland,IE,2025,2025,0
Annual,A,National framework,NAT,Uzbekistan,UZ,Person,PER,Ireland,IE,2010,2010,4
Annual,A,National framework,NAT,Uzbekistan,UZ,Person,PER,Ireland,IE,2011,2011,1
Annual,A,National framework,NAT,Uzbekistan,UZ,Person,PER,Ireland,IE,2012,2012,1
Annual,A,National framework,NAT,Uzbekistan,UZ,Person,PER,Ireland,IE,2013,2013,1
Annual,A,National framework,NAT,Uzbekistan,UZ,Person,PER,Ireland,IE,2014,2014,1
Annual,A,National framework,NAT,Uzbekistan,UZ,Person,PER,Ireland,IE,2015,2015,2
Annual,A,National framework,NAT,Uzbekistan,UZ,Person,PER,Ireland,IE,2016,2016,1
Annual,A,National framework,NAT,Uzbekistan,UZ,Person,PER,Ireland,IE,2017,2017,2
Annual,A,National framework,NAT,Uzbekistan,UZ,Person,PER,Ireland,IE,2018,2018,2
Annual,A,National framework,NAT,Uzbekistan,UZ,Person,PER,Ireland,IE,2019,2019,1
Annual,A,National framework,NAT,Uzbekistan,UZ,Person,PER,Ireland,IE,2020,2020,1
Annual,A,National framework,NAT,Uzbekistan,UZ,Person,PER,Ireland,IE,2021,2021,1
Annual,A,National framework,NAT,Uzbekistan,UZ,Person,PER,Ireland,IE,2022,2022,1
Annual,A,National framework,NAT,Uzbekistan,UZ,Person,PER,Ireland,IE,2023,2023,1
Annual,A,National framework,NAT,Uzbekistan,UZ,Person,PER,Ireland,IE,2024,2024,1
Annual,A,National framework,NAT,Uzbekistan,UZ,Person,PER,Ireland,IE,2025,2025,1
Annual,A,National framework,NAT,China,CN,Person,PER,Ireland,IE,2010,2010,491
Annual,A,National framework,NAT,China,CN,Person,PER,Ireland,IE,2011,2011,551
Annual,A,National framework,NAT,China,CN,Person,PER,Ireland,IE,2012,2012,473
Annual,A,National framework,NAT,China,CN,Person,PER,Ireland,IE,2013,2013,362
Annual,A,National framework,NAT,China,CN,Person,PER,Ireland,IE,2014,2014,327
Annual,A,National framework,NAT,China,CN,Person,PER,Ireland,IE,2015,2015,316
Annual,A,National framework,NAT,China,CN,Person,PER,Ireland,IE,2016,2016,245
Annual,A,National framework,NAT,China,CN,Person,PER,Ireland,IE,2017,2017,253
Annual,A,National framework,NAT,China,CN,Person,PER,Ireland,IE,2018,2018,225
Annual,A,National framework,NAT,China,CN,Person,PER,Ireland,IE,2019,2019,211
Annual,A,National framework,NAT,China,CN,Person,PER,Ireland,IE,2020,2020,200
Annual,A,National framework,NAT,China,CN,Person,PER,Ireland,IE,2021,2021,236
Annual,A,National framework,NAT,China,CN,Person,PER,Ireland,IE,2022,2022,259
Annual,A,National framework,NAT,China,CN,Person,PER,Ireland,IE,2023,2023,284
Annual,A,National framework,NAT,China,CN,Person,PER,Ireland,IE,2024,2024,306
Annual,A,National framework,NAT,China,CN,Person,PER,Ireland,IE,2025,2025,325
Annual,A,National framework,NAT,Japan,JP,Person,PER,Ireland,IE,2010,2010,18
Annual,A,National framework,NAT,Japan,JP,Person,PER,Ireland,IE,2011,2011,26
Annual,A,National framework,NAT,Japan,JP,Person,PER,Ireland,IE,2012,2012,30
Annual,A,National framework,NAT,Japan,JP,Person,PER,Ireland,IE,2013,2013,25
Annual,A,National framework,NAT,Japan,JP,Person,PER,Ireland,IE,2014,2014,24
Annual,A,National framework,NAT,Japan,JP,Person,PER,Ireland,IE,2015,2015,25
Annual,A,National framework,NAT,Japan,JP,Person,PER,Ireland,IE,2016,2016,23
Annual,A,National framework,NAT,Japan,JP,Person,PER,Ireland,IE,2017,2017,22
Annual,A,National framework,NAT,Japan,JP,Person,PER,Ireland,IE,2018,2018,22
Annual,A,National framework,NAT,Japan,JP,Person,PER,Ireland,IE,2019,2019,24
Annual,A,National framework,NAT,Japan,JP,Person,PER,Ireland,IE,2020,2020,25
Annual,A,National framework,NAT,Japan,JP,Person,PER,Ireland,IE,2021,2021,34
Annual,A,National framework,NAT,Japan,JP,Person,PER,Ireland,IE,2022,2022,39
Annual,A,National framework,NAT,Japan,JP,Person,PER,Ireland,IE,2023,2023,44
Annual,A,National framework,NAT,Japan,JP,Person,PER,Ireland,IE,2024,2024,47
Annual,A,National framework,NAT,Japan,JP,Person,PER,Ireland,IE,2025,2025,46
Annual,A,National framework,NAT,Mongolia,MN,Person,PER,Ireland,IE,2010,2010,6
Annual,A,National framework,NAT,Mongolia,MN,Person,PER,Ireland,IE,2011,2011,6
Annual,A,National framework,NAT,Mongolia,MN,Person,PER,Ireland,IE,2012,2012,4
Annual,A,National framework,NAT,Mongolia,MN,Person,PER,Ireland,IE,2013,2013,3
Annual,A,National framework,NAT,Mongolia,MN,Person,PER,Ireland,IE,2014,2014,1
Annual,A,National framework,NAT,Mongolia,MN,Person,PER,Ireland,IE,2015,2015,1
Annual,A,National framework,NAT,Mongolia,MN,Person,PER,Ireland,IE,2016,2016,1
Annual,A,National framework,NAT,Mongolia,MN,Person,PER,Ireland,IE,2017,2017,1
Annual,A,National framework,NAT,Mongolia,MN,Person,PER,Ireland,IE,2018,2018,1
Annual,A,National framework,NAT,Mongolia,MN,Person,PER,Ireland,IE,2019,2019,0
Annual,A,National framework,NAT,Mongolia,MN,Person,PER,Ireland,IE,2020,2020,0
Annual,A,National framework,NAT,Mongolia,MN,Person,PER,Ireland,IE,2021,2021,0
Annual,A,National framework,NAT,Mongolia,MN,Person,PER,Ireland,IE,2022,2022,0
Annual,A,National framework,NAT,Mongolia,MN,Person,PER,Ireland,IE,2023,2023,0
Annual,A,National framework,NAT,Mongolia,MN,Person,PER,Ireland,IE,2024,2024,0
Annual,A,National framework,NAT,Mongolia,MN,Person,PER,Ireland,IE,2025,2025,0
Annual,A,National framework,NAT,North Korea,KP,Person,PER,Ireland,IE,2010,2010,0
Annual,A,National framework,NAT,North Korea,KP,Person,PER,Ireland,IE,2011,2011,0
Annual,A,National framework,NAT,North Korea,KP,Person,PER,Ireland,IE,2012,2012,0
Annual,A,National framework,NAT,North Korea,KP,Person,PER,Ireland,IE,2013,2013,0
Annual,A,National framework,NAT,North Korea,KP,Person,PER,Ireland,IE,2014,2014,0
Annual,A,National framework,NAT,North Korea,KP,Person,PER,Ireland,IE,2015,2015,0
Annual,A,National framework,NAT,North Korea,KP,Person,PER,Ireland,IE,2016,2016,0
Annual,A,National framework,NAT,North Korea,KP,Person,PER,Ireland,IE,2017,2017,0
Annual,A,National framework,NAT,North Korea,KP,Person,PER,Ireland,IE,2018,2018,0
Annual,A,National framework,NAT,North Korea,KP,Person,PER,Ireland,IE,2019,2019,0
Annual,A,National framework,NAT,North Korea,KP,Person,PER,Ireland,IE,2020,2020,0
Annual,A,National framework,NAT,North Korea,KP,Person,PER,Ireland,IE,2021,2021,0
Annual,A,National framework,NAT,North Korea,KP,Person,PER,Ireland,IE,2022,2022,0
Annual,A,National framework,NAT,North Korea,KP,Person,PER,Ireland,IE,2023,2023,0
Annual,A,National framework,NAT,North Korea,KP,Person,PER,Ireland,IE,2024,2024,0
Annual,A,National framework,NAT,North Korea,KP,Person,PER,Ireland,IE,2025,2025,0
Annual,A,National framework,NAT,South Korea,KR,Person,PER,Ireland,IE,2010,2010,10
Annual,A,National framework,NAT,South Korea,KR,Person,PER,Ireland,IE,2011,2011,9
Annual,A,National framework,NAT,South Korea,KR,Person,PER,Ireland,IE,2012,2012,9
Annual,A,National framework,NAT,South Korea,KR,Person,PER,Ireland,IE,2013,2013,6
Annual,A,National framework,NAT,South Korea,KR,Person,PER,Ireland,IE,2014,2014,3
Annual,A,National framework,NAT,South Korea,KR,Person,PER,Ireland,IE,2015,2015,5
Annual,A,National framework,NAT,South Korea,KR,Person,PER,Ireland,IE,2016,2016,5
Annual,A,National framework,NAT,South Korea,KR,Person,PER,Ireland,IE,2017,2017,5
Annual,A,National framework,NAT,South Korea,KR,Person,PER,Ireland,IE,2018,2018,4
Annual,A,National framework,NAT,South Korea,KR,Person,PER,Ireland,IE,2019,2019,4
Annual,A,National framework,NAT,South Korea,KR,Person,PER,Ireland,IE,2020,2020,4
Annual,A,National framework,NAT,South Korea,KR,Person,PER,Ireland,IE,2021,2021,7
Annual,A,National framework,NAT,South Korea,KR,Person,PER,Ireland,IE,2022,2022,10
Annual,A,National framework,NAT,South Korea,KR,Person,PER,Ireland,IE,2023,2023,12
Annual,A,National framework,NAT,South Korea,KR,Person,PER,Ireland,IE,2024,2024,13
Annual,A,National framework,NAT,South Korea,KR,Person,PER,Ireland,IE,2025,2025,13
Annual,A,National framework,NAT,Taiwan,TW,Person,PER,Ireland,IE,2010,2010,0
Annual,A,National framework,NAT,Taiwan,TW,Person,PER,Ireland,IE,2011,2011,1
Annual,A,National framework,NAT,Taiwan,TW,Person,PER,Ireland,IE,2012,2012,0
Annual,A,National framework,NAT,Taiwan,TW,Person,PER,Ireland,IE,2013,2013,0
Annual,A,National framework,NAT,Taiwan,TW,Person,PER,Ireland,IE,2014,2014,0
Annual,A,National framework,NAT,Taiwan,TW,Person,PER,Ireland,IE,2015,2015,0
Annual,A,National framework,NAT,Taiwan,TW,Person,PER,Ireland,IE,2016,2016,0
Annual,A,National framework,NAT,Taiwan,TW,Person,PER,Ireland,IE,2017,2017,0
Annual,A,National framework,NAT,Taiwan,TW,Person,PER,Ireland,IE,2018,2018,0
Annual,A,National framework,NAT,Taiwan,TW,Person,PER,Ireland,IE,2019,2019,0
Annual,A,National framework,NAT,Taiwan,TW,Person,PER,Ireland,IE,2020,2020,0
Annual,A,National framework,NAT,Taiwan,TW,Person,PER,Ireland,IE,2021,2021,0
Annual,A,National framework,NAT,Taiwan,TW,Person,PER,Ireland,IE,2022,2022,1
Annual,A,National framework,NAT,Taiwan,TW,Person,PER,Ireland,IE,2023,2023,1
Annual,A,National framework,NAT,Taiwan,TW,Person,PER,Ireland,IE,2024,2024,3
Annual,A,National framework,NAT,Taiwan,TW,Person,PER,Ireland,IE,2025,2025,3
Annual,A,National framework,NAT,Afghanistan,AF,Person,PER,Ireland,IE,2010,2010,0
Annual,A,National framework,NAT,Afghanistan,AF,Person,PER,Ireland,IE,2011,2011,0
Annual,A,National framework,NAT,Afghanistan,AF,Person,PER,Ireland,IE,2012,2012,0
Annual,A,National framework,NAT,Afghanistan,AF,Person,PER,Ireland,IE,2013,2013,0
Annual,A,National framework,NAT,Afghanistan,AF,Person,PER,Ireland,IE,2014,2014,0
Annual,A,National framework,NAT,Afghanistan,AF,Person,PER,Ireland,IE,2015,2015,0
Annual,A,National framework,NAT,Afghanistan,AF,Person,PER,Ireland,IE,2016,2016,0
Annual,A,National framework,NAT,Afghanistan,AF,Person,PER,Ireland,IE,2017,2017,0
Annual,A,National framework,NAT,Afghanistan,AF,Person,PER,Ireland,IE,2018,2018,0
Annual,A,National framework,NAT,Afghanistan,AF,Person,PER,Ireland,IE,2019,2019,0
Annual,A,National framework,NAT,Afghanistan,AF,Person,PER,Ireland,IE,2020,2020,0
Annual,A,National framework,NAT,Afghanistan,AF,Person,PER,Ireland,IE,2021,2021,0
Annual,A,National framework,NAT,Afghanistan,AF,Person,PER,Ireland,IE,2022,2022,0
Annual,A,National framework,NAT,Afghanistan,AF,Person,PER,Ireland,IE,2023,2023,0
Annual,A,National framework,NAT,Afghanistan,AF,Person,PER,Ireland,IE,2024,2024,0
Annual,A,National framework,NAT,Afghanistan,AF,Person,PER,Ireland,IE,2025,2025,0
Annual,A,National framework,NAT,Bangladesh,BD,Person,PER,Ireland,IE,2010,2010,437
Annual,A,National framework,NAT,Bangladesh,BD,Person,PER,Ireland,IE,2011,2011,171
Annual,A,National framework,NAT,Bangladesh,BD,Person,PER,Ireland,IE,2012,2012,73
Annual,A,National framework,NAT,Bangladesh,BD,Person,PER,Ireland,IE,2013,2013,24
Annual,A,National framework,NAT,Bangladesh,BD,Person,PER,Ireland,IE,2014,2014,9
Annual,A,National framework,NAT,Bangladesh,BD,Person,PER,Ireland,IE,2015,2015,3
Annual,A,National framework,NAT,Bangladesh,BD,Person,PER,Ireland,IE,2016,2016,2
Annual,A,National framework,NAT,Bangladesh,BD,Person,PER,Ireland,IE,2017,2017,3
Annual,A,National framework,NAT,Bangladesh,BD,Person,PER,Ireland,IE,2018,2018,4
Annual,A,National framework,NAT,Bangladesh,BD,Person,PER,Ireland,IE,2019,2019,4
Annual,A,National framework,NAT,Bangladesh,BD,Person,PER,Ireland,IE,2020,2020,4
Annual,A,National framework,NAT,Bangladesh,BD,Person,PER,Ireland,IE,2021,2021,4
Annual,A,National framework,NAT,Bangladesh,BD,Person,PER,Ireland,IE,2022,2022,5
Annual,A,National framework,NAT,Bangladesh,BD,Person,PER,Ireland,IE,2023,2023,4
Annual,A,National framework,NAT,Bangladesh,BD,Person,PER,Ireland,IE,2024,2024,4
Annual,A,National framework,NAT,Bangladesh,BD,Person,PER,Ireland,IE,2025,2025,4
Annual,A,National framework,NAT,Bhutan,BT,Person,PER,Ireland,IE,2010,2010,1
Annual,A,National framework,NAT,Bhutan,BT,Person,PER,Ireland,IE,2011,2011,1
Annual,A,National framework,NAT,Bhutan,BT,Person,PER,Ireland,IE,2012,2012,1
Annual,A,National framework,NAT,Bhutan,BT,Person,PER,Ireland,IE,2013,2013,1
Annual,A,National framework,NAT,Bhutan,BT,Person,PER,Ireland,IE,2014,2014,1
Annual,A,National framework,NAT,Bhutan,BT,Person,PER,Ireland,IE,2015,2015,1
Annual,A,National framework,NAT,Bhutan,BT,Person,PER,Ireland,IE,2016,2016,1
Annual,A,National framework,NAT,Bhutan,BT,Person,PER,Ireland,IE,2017,2017,1
Annual,A,National framework,NAT,Bhutan,BT,Person,PER,Ireland,IE,2018,2018,1
Annual,A,National framework,NAT,Bhutan,BT,Person,PER,Ireland,IE,2019,2019,1
Annual,A,National framework,NAT,Bhutan,BT,Person,PER,Ireland,IE,2020,2020,1
Annual,A,National framework,NAT,Bhutan,BT,Person,PER,Ireland,IE,2021,2021,1
Annual,A,National framework,NAT,Bhutan,BT,Person,PER,Ireland,IE,2022,2022,1
Annual,A,National framework,NAT,Bhutan,BT,Person,PER,Ireland,IE,2023,2023,1
Annual,A,National framework,NAT,Bhutan,BT,Person,PER,Ireland,IE,2024,2024,1
Annual,A,National framework,NAT,Bhutan,BT,Person,PER,Ireland,IE,2025,2025,1
Annual,A,National framework,NAT,India,IN,Person,PER,Ireland,IE,2010,2010,833
Annual,A,National framework,NAT,India,IN,Person,PER,Ireland,IE,2011,2011,878
Annual,A,National framework,NAT,India,IN,Person,PER,Ireland,IE,2012,2012,655
Annual,A,National framework,NAT,India,IN,Person,PER,Ireland,IE,2013,2013,348
Annual,A,National framework,NAT,India,IN,Person,PER,Ireland,IE,2014,2014,244
Annual,A,National framework,NAT,India,IN,Person,PER,Ireland,IE,2015,2015,203
Annual,A,National framework,NAT,India,IN,Person,PER,Ireland,IE,2016,2016,119
Annual,A,National framework,NAT,India,IN,Person,PER,Ireland,IE,2017,2017,115
Annual,A,National framework,NAT,India,IN,Person,PER,Ireland,IE,2018,2018,104
Annual,A,National framework,NAT,India,IN,Person,PER,Ireland,IE,2019,2019,95
Annual,A,National framework,NAT,India,IN,Person,PER,Ireland,IE,2020,2020,94
Annual,A,National framework,NAT,India,IN,Person,PER,Ireland,IE,2021,2021,129
Annual,A,National framework,NAT,India,IN,Person,PER,Ireland,IE,2022,2022,175
Annual,A,National framework,NAT,India,IN,Person,PER,Ireland,IE,2023,2023,211
Annual,A,National framework,NAT,India,IN,Person,PER,Ireland,IE,2024,2024,255
Annual,A,National framework,NAT,India,IN,Person,PER,Ireland,IE,2025,2025,271
Annual,A,National framework,NAT,Iran,IR,Person,PER,Ireland,IE,2010,2010,15
Annual,A,National framework,NAT,Iran,IR,Person,PER,Ireland,IE,2011,2011,11
Annual,A,National framework,NAT,Iran,IR,Person,PER,Ireland,IE,2012,2012,8
Annual,A,National framework,NAT,Iran,IR,Person,PER,Ireland,IE,2013,2013,3
Annual,A,National framework,NAT,Iran,IR,Person,PER,Ireland,IE,2014,2014,4
Annual,A,National framework,NAT,Iran,IR,Person,PER,Ireland,IE,2015,2015,3
Annual,A,National framework,NAT,Iran,IR,Person,PER,Ireland,IE,2016,2016,1
Annual,A,National framework,NAT,Iran,IR,Person,PER,Ireland,IE,2017,2017,1
Annual,A,National framework,NAT,Iran,IR,Person,PER,Ireland,IE,2018,2018,2
Annual,A,National framework,NAT,Iran,IR,Person,PER,Ireland,IE,2019,2019,1
Annual,A,National framework,NAT,Iran,IR,Person,PER,Ireland,IE,2020,2020,1
Annual,A,National framework,NAT,Iran,IR,Person,PER,Ireland,IE,2021,2021,3
Annual,A,National framework,NAT,Iran,IR,Person,PER,Ireland,IE,2022,2022,3
Annual,A,National framework,NAT,Iran,IR,Person,PER,Ireland,IE,2023,2023,4
Annual,A,National framework,NAT,Iran,IR,Person,PER,Ireland,IE,2024,2024,8
Annual,A,National framework,NAT,Iran,IR,Person,PER,Ireland,IE,2025,2025,9
Annual,A,National framework,NAT,Maldives,MV,Person,PER,Ireland,IE,2010,2010,0
Annual,A,National framework,NAT,Maldives,MV,Person,PER,Ireland,IE,2011,2011,0
Annual,A,National framework,NAT,Maldives,MV,Person,PER,Ireland,IE,2012,2012,0
Annual,A,National framework,NAT,Maldives,MV,Person,PER,Ireland,IE,2013,2013,0
Annual,A,National framework,NAT,Maldives,MV,Person,PER,Ireland,IE,2014,2014,0
Annual,A,National framework,NAT,Maldives,MV,Person,PER,Ireland,IE,2015,2015,0
Annual,A,National framework,NAT,Maldives,MV,Person,PER,Ireland,IE,2016,2016,0
Annual,A,National framework,NAT,Maldives,MV,Person,PER,Ireland,IE,2017,2017,0
Annual,A,National framework,NAT,Maldives,MV,Person,PER,Ireland,IE,2018,2018,0
Annual,A,National framework,NAT,Maldives,MV,Person,PER,Ireland,IE,2019,2019,0
Annual,A,National framework,NAT,Maldives,MV,Person,PER,Ireland,IE,2020,2020,0
Annual,A,National framework,NAT,Maldives,MV,Person,PER,Ireland,IE,2021,2021,0
Annual,A,National framework,NAT,Maldives,MV,Person,PER,Ireland,IE,2022,2022,0
Annual,A,National framework,NAT,Maldives,MV,Person,PER,Ireland,IE,2023,2023,0
Annual,A,National framework,NAT,Maldives,MV,Person,PER,Ireland,IE,2024,2024,0
Annual,A,National framework,NAT,Maldives,MV,Person,PER,Ireland,IE,2025,2025,0
Annual,A,National framework,NAT,Nepal,NP,Person,PER,Ireland,IE,2010,2010,19
Annual,A,National framework,NAT,Nepal,NP,Person,PER,Ireland,IE,2011,2011,29
Annual,A,National framework,NAT,Nepal,NP,Person,PER,Ireland,IE,2012,2012,19
Annual,A,National framework,NAT,Nepal,NP,Person,PER,Ireland,IE,2013,2013,3
Annual,A,National framework,NAT,Nepal,NP,Person,PER,Ireland,IE,2014,2014,2
Annual,A,National framework,NAT,Nepal,NP,Person,PER,Ireland,IE,2015,2015,1
Annual,A,National framework,NAT,Nepal,NP,Person,PER,Ireland,IE,2016,2016,1
Annual,A,National framework,NAT,Nepal,NP,Person,PER,Ireland,IE,2017,2017,1
Annual,A,National framework,NAT,Nepal,NP,Person,PER,Ireland,IE,2018,2018,1
Annual,A,National framework,NAT,Nepal,NP,Person,PER,Ireland,IE,2019,2019,1
Annual,A,National framework,NAT,Nepal,NP,Person,PER,Ireland,IE,2020,2020,1
Annual,A,National framework,NAT,Nepal,NP,Person,PER,Ireland,IE,2021,2021,0
Annual,A,National framework,NAT,Nepal,NP,Person,PER,Ireland,IE,2022,2022,1
Annual,A,National framework,NAT,Nepal,NP,Person,PER,Ireland,IE,2023,2023,3
Annual,A,National framework,NAT,Nepal,NP,Person,PER,Ireland,IE,2024,2024,7
Annual,A,National framework,NAT,Nepal,NP,Person,PER,Ireland,IE,2025,2025,9
Annual,A,National framework,NAT,Pakistan,PK,Person,PER,Ireland,IE,2010,2010,379
Annual,A,National framework,NAT,Pakistan,PK,Person,PER,Ireland,IE,2011,2011,377
Annual,A,National framework,NAT,Pakistan,PK,Person,PER,Ireland,IE,2012,2012,307
Annual,A,National framework,NAT,Pakistan,PK,Person,PER,Ireland,IE,2013,2013,98
Annual,A,National framework,NAT,Pakistan,PK,Person,PER,Ireland,IE,2014,2014,35
Annual,A,National framework,NAT,Pakistan,PK,Person,PER,Ireland,IE,2015,2015,32
Annual,A,National framework,NAT,Pakistan,PK,Person,PER,Ireland,IE,2016,2016,21
Annual,A,National framework,NAT,Pakistan,PK,Person,PER,Ireland,IE,2017,2017,21
Annual,A,National framework,NAT,Pakistan,PK,Person,PER,Ireland,IE,2018,2018,19
Annual,A,National framework,NAT,Pakistan,PK,Person,PER,Ireland,IE,2019,2019,19
Annual,A,National framework,NAT,Pakistan,PK,Person,PER,Ireland,IE,2020,2020,22
Annual,A,National framework,NAT,Pakistan,PK,Person,PER,Ireland,IE,2021,2021,51
Annual,A,National framework,NAT,Pakistan,PK,Person,PER,Ireland,IE,2022,2022,70
Annual,A,National framework,NAT,Pakistan,PK,Person,PER,Ireland,IE,2023,2023,75
Annual,A,National framework,NAT,Pakistan,PK,Person,PER,Ireland,IE,2024,2024,73
Annual,A,National framework,NAT,Pakistan,PK,Person,PER,Ireland,IE,2025,2025,74
Annual,A,National framework,NAT,Sri Lanka,LK,Person,PER,Ireland,IE,2010,2010,71
Annual,A,National framework,NAT,Sri Lanka,LK,Person,PER,Ireland,IE,2011,2011,58
Annual,A,National framework,NAT,Sri Lanka,LK,Person,PER,Ireland,IE,2012,2012,28
Annual,A,National framework,NAT,Sri Lanka,LK,Person,PER,Ireland,IE,2013,2013,14
Annual,A,National framework,NAT,Sri Lanka,LK,Person,PER,Ireland,IE,2014,2014,9
Annual,A,National framework,NAT,Sri Lanka,LK,Person,PER,Ireland,IE,2015,2015,10
Annual,A,National framework,NAT,Sri Lanka,LK,Person,PER,Ireland,IE,2016,2016,8
Annual,A,National framework,NAT,Sri Lanka,LK,Person,PER,Ireland,IE,2017,2017,9
Annual,A,National framework,NAT,Sri Lanka,LK,Person,PER,Ireland,IE,2018,2018,8
Annual,A,National framework,NAT,Sri Lanka,LK,Person,PER,Ireland,IE,2019,2019,8
Annual,A,National framework,NAT,Sri Lanka,LK,Person,PER,Ireland,IE,2020,2020,9
Annual,A,National framework,NAT,Sri Lanka,LK,Person,PER,Ireland,IE,2021,2021,9
Annual,A,National framework,NAT,Sri Lanka,LK,Person,PER,Ireland,IE,2022,2022,8
Annual,A,National framework,NAT,Sri Lanka,LK,Person,PER,Ireland,IE,2023,2023,9
Annual,A,National framework,NAT,Sri Lanka,LK,Person,PER,Ireland,IE,2024,2024,8
Annual,A,National framework,NAT,Sri Lanka,LK,Person,PER,Ireland,IE,2025,2025,7
Annual,A,National framework,NAT,Brunei Darussalam,BN,Person,PER,Ireland,IE,2010,2010,1
Annual,A,National framework,NAT,Brunei Darussalam,BN,Person,PER,Ireland,IE,2011,2011,1
Annual,A,National framework,NAT,Brunei Darussalam,BN,Person,PER,Ireland,IE,2012,2012,1
Annual,A,National framework,NAT,Brunei Darussalam,BN,Person,PER,Ireland,IE,2013,2013,1
Annual,A,National framework,NAT,Brunei Darussalam,BN,Person,PER,Ireland,IE,2014,2014,0
Annual,A,National framework,NAT,Brunei Darussalam,BN,Person,PER,Ireland,IE,2015,2015,0
Annual,A,National framework,NAT,Brunei Darussalam,BN,Person,PER,Ireland,IE,2016,2016,0
Annual,A,National framework,NAT,Brunei Darussalam,BN,Person,PER,Ireland,IE,2017,2017,0
Annual,A,National framework,NAT,Brunei Darussalam,BN,Person,PER,Ireland,IE,2018,2018,0
Annual,A,National framework,NAT,Brunei Darussalam,BN,Person,PER,Ireland,IE,2019,2019,0
Annual,A,National framework,NAT,Brunei Darussalam,BN,Person,PER,Ireland,IE,2020,2020,0
Annual,A,National framework,NAT,Brunei Darussalam,BN,Person,PER,Ireland,IE,2021,2021,0
Annual,A,National framework,NAT,Brunei Darussalam,BN,Person,PER,Ireland,IE,2022,2022,0
Annual,A,National framework,NAT,Brunei Darussalam,BN,Person,PER,Ireland,IE,2023,2023,0
Annual,A,National framework,NAT,Brunei Darussalam,BN,Person,PER,Ireland,IE,2024,2024,0
Annual,A,National framework,NAT,Brunei Darussalam,BN,Person,PER,Ireland,IE,2025,2025,0
Annual,A,National framework,NAT,Cambodia,KH,Person,PER,Ireland,IE,2010,2010,0
Annual,A,National framework,NAT,Cambodia,KH,Person,PER,Ireland,IE,2011,2011,0
Annual,A,National framework,NAT,Cambodia,KH,Person,PER,Ireland,IE,2012,2012,0
Annual,A,National framework,NAT,Cambodia,KH,Person,PER,Ireland,IE,2013,2013,0
Annual,A,National framework,NAT,Cambodia,KH,Person,PER,Ireland,IE,2014,2014,0
Annual,A,National framework,NAT,Cambodia,KH,Person,PER,Ireland,IE,2015,2015,0
Annual,A,National framework,NAT,Cambodia,KH,Person,PER,Ireland,IE,2016,2016,0
Annual,A,National framework,NAT,Cambodia,KH,Person,PER,Ireland,IE,2017,2017,0
Annual,A,National framework,NAT,Cambodia,KH,Person,PER,Ireland,IE,2018,2018,0
Annual,A,National framework,NAT,Cambodia,KH,Person,PER,Ireland,IE,2019,2019,0
Annual,A,National framework,NAT,Cambodia,KH,Person,PER,Ireland,IE,2020,2020,0
Annual,A,National framework,NAT,Cambodia,KH,Person,PER,Ireland,IE,2021,2021,0
Annual,A,National framework,NAT,Cambodia,KH,Person,PER,Ireland,IE,2022,2022,0
Annual,A,National framework,NAT,Cambodia,KH,Person,PER,Ireland,IE,2023,2023,0
Annual,A,National framework,NAT,Cambodia,KH,Person,PER,Ireland,IE,2024,2024,0
Annual,A,National framework,NAT,Cambodia,KH,Person,PER,Ireland,IE,2025,2025,0
Annual,A,National framework,NAT,Indonesia,ID,Person,PER,Ireland,IE,2010,2010,20
Annual,A,National framework,NAT,Indonesia,ID,Person,PER,Ireland,IE,2011,2011,22
Annual,A,National framework,NAT,Indonesia,ID,Person,PER,Ireland,IE,2012,2012,19
Annual,A,National framework,NAT,Indonesia,ID,Person,PER,Ireland,IE,2013,2013,16
Annual,A,National framework,NAT,Indonesia,ID,Person,PER,Ireland,IE,2014,2014,13
Annual,A,National framework,NAT,Indonesia,ID,Person,PER,Ireland,IE,2015,2015,10
Annual,A,National framework,NAT,Indonesia,ID,Person,PER,Ireland,IE,2016,2016,9
Annual,A,National framework,NAT,Indonesia,ID,Person,PER,Ireland,IE,2017,2017,11
Annual,A,National framework,NAT,Indonesia,ID,Person,PER,Ireland,IE,2018,2018,11
Annual,A,National framework,NAT,Indonesia,ID,Person,PER,Ireland,IE,2019,2019,10
Annual,A,National framework,NAT,Indonesia,ID,Person,PER,Ireland,IE,2020,2020,9
Annual,A,National framework,NAT,Indonesia,ID,Person,PER,Ireland,IE,2021,2021,9
Annual,A,National framework,NAT,Indonesia,ID,Person,PER,Ireland,IE,2022,2022,9
Annual,A,National framework,NAT,Indonesia,ID,Person,PER,Ireland,IE,2023,2023,10
Annual,A,National framework,NAT,Indonesia,ID,Person,PER,Ireland,IE,2024,2024,12
Annual,A,National framework,NAT,Indonesia,ID,Person,PER,Ireland,IE,2025,2025,13
Annual,A,National framework,NAT,Laos,LA,Person,PER,Ireland,IE,2010,2010,0
Annual,A,National framework,NAT,Laos,LA,Person,PER,Ireland,IE,2011,2011,0
Annual,A,National framework,NAT,Laos,LA,Person,PER,Ireland,IE,2012,2012,0
Annual,A,National framework,NAT,Laos,LA,Person,PER,Ireland,IE,2013,2013,0
Annual,A,National framework,NAT,Laos,LA,Person,PER,Ireland,IE,2014,2014,0
Annual,A,National framework,NAT,Laos,LA,Person,PER,Ireland,IE,2015,2015,0
Annual,A,National framework,NAT,Laos,LA,Person,PER,Ireland,IE,2016,2016,0
Annual,A,National framework,NAT,Laos,LA,Person,PER,Ireland,IE,2017,2017,0
Annual,A,National framework,NAT,Laos,LA,Person,PER,Ireland,IE,2018,2018,0
Annual,A,National framework,NAT,Laos,LA,Person,PER,Ireland,IE,2019,2019,0
Annual,A,National framework,NAT,Laos,LA,Person,PER,Ireland,IE,2020,2020,0
Annual,A,National framework,NAT,Laos,LA,Person,PER,Ireland,IE,2021,2021,0
Annual,A,National framework,NAT,Laos,LA,Person,PER,Ireland,IE,2022,2022,0
Annual,A,National framework,NAT,Laos,LA,Person,PER,Ireland,IE,2023,2023,0
Annual,A,National framework,NAT,Laos,LA,Person,PER,Ireland,IE,2024,2024,0
Annual,A,National framework,NAT,Laos,LA,Person,PER,Ireland,IE,2025,2025,0
Annual,A,National framework,NAT,Malaysia,MY,Person,PER,Ireland,IE,2010,2010,298
Annual,A,National framework,NAT,Malaysia,MY,Person,PER,Ireland,IE,2011,2011,330
Annual,A,National framework,NAT,Malaysia,MY,Person,PER,Ireland,IE,2012,2012,333
Annual,A,National framework,NAT,Malaysia,MY,Person,PER,Ireland,IE,2013,2013,288
Annual,A,National framework,NAT,Malaysia,MY,Person,PER,Ireland,IE,2014,2014,246
Annual,A,National framework,NAT,Malaysia,MY,Person,PER,Ireland,IE,2015,2015,233
Annual,A,National framework,NAT,Malaysia,MY,Person,PER,Ireland,IE,2016,2016,189
Annual,A,National framework,NAT,Malaysia,MY,Person,PER,Ireland,IE,2017,2017,194
Annual,A,National framework,NAT,Malaysia,MY,Person,PER,Ireland,IE,2018,2018,168
Annual,A,National framework,NAT,Malaysia,MY,Person,PER,Ireland,IE,2019,2019,158
Annual,A,National framework,NAT,Malaysia,MY,Person,PER,Ireland,IE,2020,2020,142
Annual,A,National framework,NAT,Malaysia,MY,Person,PER,Ireland,IE,2021,2021,154
Annual,A,National framework,NAT,Malaysia,MY,Person,PER,Ireland,IE,2022,2022,163
Annual,A,National framework,NAT,Malaysia,MY,Person,PER,Ireland,IE,2023,2023,165
Annual,A,National framework,NAT,Malaysia,MY,Person,PER,Ireland,IE,2024,2024,175
Annual,A,National framework,NAT,Malaysia,MY,Person,PER,Ireland,IE,2025,2025,167
Annual,A,National framework,NAT,Myanmar/Burma,MM,Person,PER,Ireland,IE,2010,2010,21
Annual,A,National framework,NAT,Myanmar/Burma,MM,Person,PER,Ireland,IE,2011,2011,17
Annual,A,National framework,NAT,Myanmar/Burma,MM,Person,PER,Ireland,IE,2012,2012,4
Annual,A,National framework,NAT,Myanmar/Burma,MM,Person,PER,Ireland,IE,2013,2013,1
Annual,A,National framework,NAT,Myanmar/Burma,MM,Person,PER,Ireland,IE,2014,2014,1
Annual,A,National framework,NAT,Myanmar/Burma,MM,Person,PER,Ireland,IE,2015,2015,1
Annual,A,National framework,NAT,Myanmar/Burma,MM,Person,PER,Ireland,IE,2016,2016,1
Annual,A,National framework,NAT,Myanmar/Burma,MM,Person,PER,Ireland,IE,2017,2017,1
Annual,A,National framework,NAT,Myanmar/Burma,MM,Person,PER,Ireland,IE,2018,2018,0
Annual,A,National framework,NAT,Myanmar/Burma,MM,Person,PER,Ireland,IE,2019,2019,0
Annual,A,National framework,NAT,Myanmar/Burma,MM,Person,PER,Ireland,IE,2020,2020,0
Annual,A,National framework,NAT,Myanmar/Burma,MM,Person,PER,Ireland,IE,2021,2021,0
Annual,A,National framework,NAT,Myanmar/Burma,MM,Person,PER,Ireland,IE,2022,2022,0
Annual,A,National framework,NAT,Myanmar/Burma,MM,Person,PER,Ireland,IE,2023,2023,0
Annual,A,National framework,NAT,Myanmar/Burma,MM,Person,PER,Ireland,IE,2024,2024,0
Annual,A,National framework,NAT,Myanmar/Burma,MM,Person,PER,Ireland,IE,2025,2025,0
Annual,A,National framework,NAT,Philippines,PH,Person,PER,Ireland,IE,2010,2010,2674
Annual,A,National framework,NAT,Philippines,PH,Person,PER,Ireland,IE,2011,2011,2377
Annual,A,National framework,NAT,Philippines,PH,Person,PER,Ireland,IE,2012,2012,1579
Annual,A,National framework,NAT,Philippines,PH,Person,PER,Ireland,IE,2013,2013,821
Annual,A,National framework,NAT,Philippines,PH,Person,PER,Ireland,IE,2014,2014,496
Annual,A,National framework,NAT,Philippines,PH,Person,PER,Ireland,IE,2015,2015,434
Annual,A,National framework,NAT,Philippines,PH,Person,PER,Ireland,IE,2016,2016,338
Annual,A,National framework,NAT,Philippines,PH,Person,PER,Ireland,IE,2017,2017,340
Annual,A,National framework,NAT,Philippines,PH,Person,PER,Ireland,IE,2018,2018,284
Annual,A,National framework,NAT,Philippines,PH,Person,PER,Ireland,IE,2019,2019,234
Annual,A,National framework,NAT,Philippines,PH,Person,PER,Ireland,IE,2020,2020,214
Annual,A,National framework,NAT,Philippines,PH,Person,PER,Ireland,IE,2021,2021,206
Annual,A,National framework,NAT,Philippines,PH,Person,PER,Ireland,IE,2022,2022,211
Annual,A,National framework,NAT,Philippines,PH,Person,PER,Ireland,IE,2023,2023,212
Annual,A,National framework,NAT,Philippines,PH,Person,PER,Ireland,IE,2024,2024,202
Annual,A,National framework,NAT,Philippines,PH,Person,PER,Ireland,IE,2025,2025,188
Annual,A,National framework,NAT,Singapore,SG,Person,PER,Ireland,IE,2010,2010,2
Annual,A,National framework,NAT,Singapore,SG,Person,PER,Ireland,IE,2011,2011,2
Annual,A,National framework,NAT,Singapore,SG,Person,PER,Ireland,IE,2012,2012,2
Annual,A,National framework,NAT,Singapore,SG,Person,PER,Ireland,IE,2013,2013,2
Annual,A,National framework,NAT,Singapore,SG,Person,PER,Ireland,IE,2014,2014,1
Annual,A,National framework,NAT,Singapore,SG,Person,PER,Ireland,IE,2015,2015,2
Annual,A,National framework,NAT,Singapore,SG,Person,PER,Ireland,IE,2016,2016,2
Annual,A,National framework,NAT,Singapore,SG,Person,PER,Ireland,IE,2017,2017,3
Annual,A,National framework,NAT,Singapore,SG,Person,PER,Ireland,IE,2018,2018,3
Annual,A,National framework,NAT,Singapore,SG,Person,PER,Ireland,IE,2019,2019,2
Annual,A,National framework,NAT,Singapore,SG,Person,PER,Ireland,IE,2020,2020,2
Annual,A,National framework,NAT,Singapore,SG,Person,PER,Ireland,IE,2021,2021,4
Annual,A,National framework,NAT,Singapore,SG,Person,PER,Ireland,IE,2022,2022,4
Annual,A,National framework,NAT,Singapore,SG,Person,PER,Ireland,IE,2023,2023,5
Annual,A,National framework,NAT,Singapore,SG,Person,PER,Ireland,IE,2024,2024,7
Annual,A,National framework,NAT,Singapore,SG,Person,PER,Ireland,IE,2025,2025,8
Annual,A,National framework,NAT,Thailand,TH,Person,PER,Ireland,IE,2010,2010,199
Annual,A,National framework,NAT,Thailand,TH,Person,PER,Ireland,IE,2011,2011,253
Annual,A,National framework,NAT,Thailand,TH,Person,PER,Ireland,IE,2012,2012,244
Annual,A,National framework,NAT,Thailand,TH,Person,PER,Ireland,IE,2013,2013,171
Annual,A,National framework,NAT,Thailand,TH,Person,PER,Ireland,IE,2014,2014,110
Annual,A,National framework,NAT,Thailand,TH,Person,PER,Ireland,IE,2015,2015,86
Annual,A,National framework,NAT,Thailand,TH,Person,PER,Ireland,IE,2016,2016,46
Annual,A,National framework,NAT,Thailand,TH,Person,PER,Ireland,IE,2017,2017,42
Annual,A,National framework,NAT,Thailand,TH,Person,PER,Ireland,IE,2018,2018,36
Annual,A,National framework,NAT,Thailand,TH,Person,PER,Ireland,IE,2019,2019,32
Annual,A,National framework,NAT,Thailand,TH,Person,PER,Ireland,IE,2020,2020,26
Annual,A,National framework,NAT,Thailand,TH,Person,PER,Ireland,IE,2021,2021,23
Annual,A,National framework,NAT,Thailand,TH,Person,PER,Ireland,IE,2022,2022,21
Annual,A,National framework,NAT,Thailand,TH,Person,PER,Ireland,IE,2023,2023,21
Annual,A,National framework,NAT,Thailand,TH,Person,PER,Ireland,IE,2024,2024,19
Annual,A,National framework,NAT,Thailand,TH,Person,PER,Ireland,IE,2025,2025,63
Annual,A,National framework,NAT,Timor-Leste,TL,Person,PER,Ireland,IE,2010,2010,0
Annual,A,National framework,NAT,Timor-Leste,TL,Person,PER,Ireland,IE,2011,2011,0
Annual,A,National framework,NAT,Timor-Leste,TL,Person,PER,Ireland,IE,2012,2012,0
Annual,A,National framework,NAT,Timor-Leste,TL,Person,PER,Ireland,IE,2013,2013,0
Annual,A,National framework,NAT,Timor-Leste,TL,Person,PER,Ireland,IE,2014,2014,0
Annual,A,National framework,NAT,Timor-Leste,TL,Person,PER,Ireland,IE,2015,2015,0
Annual,A,National framework,NAT,Timor-Leste,TL,Person,PER,Ireland,IE,2016,2016,0
Annual,A,National framework,NAT,Timor-Leste,TL,Person,PER,Ireland,IE,2017,2017,0
Annual,A,National framework,NAT,Timor-Leste,TL,Person,PER,Ireland,IE,2018,2018,0
Annual,A,National framework,NAT,Timor-Leste,TL,Person,PER,Ireland,IE,2019,2019,0
Annual,A,National framework,NAT,Timor-Leste,TL,Person,PER,Ireland,IE,2020,2020,0
Annual,A,National framework,NAT,Timor-Leste,TL,Person,PER,Ireland,IE,2021,2021,0
Annual,A,National framework,NAT,Timor-Leste,TL,Person,PER,Ireland,IE,2022,2022,0
Annual,A,National framework,NAT,Timor-Leste,TL,Person,PER,Ireland,IE,2023,2023,0
Annual,A,National framework,NAT,Timor-Leste,TL,Person,PER,Ireland,IE,2024,2024,0
Annual,A,National framework,NAT,Timor-Leste,TL,Person,PER,Ireland,IE,2025,2025,0
Annual,A,National framework,NAT,Viet Nam,VN,Person,PER,Ireland,IE,2010,2010,21
Annual,A,National framework,NAT,Viet Nam,VN,Person,PER,Ireland,IE,2011,2011,22
Annual,A,National framework,NAT,Viet Nam,VN,Person,PER,Ireland,IE,2012,2012,8
Annual,A,National framework,NAT,Viet Nam,VN,Person,PER,Ireland,IE,2013,2013,1
Annual,A,National framework,NAT,Viet Nam,VN,Person,PER,Ireland,IE,2014,2014,2
Annual,A,National framework,NAT,Viet Nam,VN,Person,PER,Ireland,IE,2015,2015,2
Annual,A,National framework,NAT,Viet Nam,VN,Person,PER,Ireland,IE,2016,2016,1
Annual,A,National framework,NAT,Viet Nam,VN,Person,PER,Ireland,IE,2017,2017,1
Annual,A,National framework,NAT,Viet Nam,VN,Person,PER,Ireland,IE,2018,2018,2
Annual,A,National framework,NAT,Viet Nam,VN,Person,PER,Ireland,IE,2019,2019,2
Annual,A,National framework,NAT,Viet Nam,VN,Person,PER,Ireland,IE,2020,2020,2
Annual,A,National framework,NAT,Viet Nam,VN,Person,PER,Ireland,IE,2021,2021,2
Annual,A,National framework,NAT,Viet Nam,VN,Person,PER,Ireland,IE,2022,2022,3
Annual,A,National framework,NAT,Viet Nam,VN,Person,PER,Ireland,IE,2023,2023,3
Annual,A,National framework,NAT,Viet Nam,VN,Person,PER,Ireland,IE,2024,2024,3
Annual,A,National framework,NAT,Viet Nam,VN,Person,PER,Ireland,IE,2025,2025,2
Annual,A,National framework,NAT,Armenia,AM,Person,PER,Ireland,IE,2010,2010,2
Annual,A,National framework,NAT,Armenia,AM,Person,PER,Ireland,IE,2011,2011,1
Annual,A,National framework,NAT,Armenia,AM,Person,PER,Ireland,IE,2012,2012,0
Annual,A,National framework,NAT,Armenia,AM,Person,PER,Ireland,IE,2013,2013,0
Annual,A,National framework,NAT,Armenia,AM,Person,PER,Ireland,IE,2014,2014,0
Annual,A,National framework,NAT,Armenia,AM,Person,PER,Ireland,IE,2015,2015,0
Annual,A,National framework,NAT,Armenia,AM,Person,PER,Ireland,IE,2016,2016,0
Annual,A,National framework,NAT,Armenia,AM,Person,PER,Ireland,IE,2017,2017,0
Annual,A,National framework,NAT,Armenia,AM,Person,PER,Ireland,IE,2018,2018,0
Annual,A,National framework,NAT,Armenia,AM,Person,PER,Ireland,IE,2019,2019,0
Annual,A,National framework,NAT,Armenia,AM,Person,PER,Ireland,IE,2020,2020,0
Annual,A,National framework,NAT,Armenia,AM,Person,PER,Ireland,IE,2021,2021,0
Annual,A,National framework,NAT,Armenia,AM,Person,PER,Ireland,IE,2022,2022,0
Annual,A,National framework,NAT,Armenia,AM,Person,PER,Ireland,IE,2023,2023,0
Annual,A,National framework,NAT,Armenia,AM,Person,PER,Ireland,IE,2024,2024,0
Annual,A,National framework,NAT,Armenia,AM,Person,PER,Ireland,IE,2025,2025,0
Annual,A,National framework,NAT,Azerbaijan,AZ,Person,PER,Ireland,IE,2010,2010,0
Annual,A,National framework,NAT,Azerbaijan,AZ,Person,PER,Ireland,IE,2011,2011,0
Annual,A,National framework,NAT,Azerbaijan,AZ,Person,PER,Ireland,IE,2012,2012,0
Annual,A,National framework,NAT,Azerbaijan,AZ,Person,PER,Ireland,IE,2013,2013,0
Annual,A,National framework,NAT,Azerbaijan,AZ,Person,PER,Ireland,IE,2014,2014,0
Annual,A,National framework,NAT,Azerbaijan,AZ,Person,PER,Ireland,IE,2015,2015,0
Annual,A,National framework,NAT,Azerbaijan,AZ,Person,PER,Ireland,IE,2016,2016,0
Annual,A,National framework,NAT,Azerbaijan,AZ,Person,PER,Ireland,IE,2017,2017,0
Annual,A,National framework,NAT,Azerbaijan,AZ,Person,PER,Ireland,IE,2018,2018,0
Annual,A,National framework,NAT,Azerbaijan,AZ,Person,PER,Ireland,IE,2019,2019,0
Annual,A,National framework,NAT,Azerbaijan,AZ,Person,PER,Ireland,IE,2020,2020,0
Annual,A,National framework,NAT,Azerbaijan,AZ,Person,PER,Ireland,IE,2021,2021,0
Annual,A,National framework,NAT,Azerbaijan,AZ,Person,PER,Ireland,IE,2022,2022,1
Annual,A,National framework,NAT,Azerbaijan,AZ,Person,PER,Ireland,IE,2023,2023,1
Annual,A,National framework,NAT,Azerbaijan,AZ,Person,PER,Ireland,IE,2024,2024,1
Annual,A,National framework,NAT,Azerbaijan,AZ,Person,PER,Ireland,IE,2025,2025,1
Annual,A,National framework,NAT,Bahrain,BH,Person,PER,Ireland,IE,2010,2010,1
Annual,A,National framework,NAT,Bahrain,BH,Person,PER,Ireland,IE,2011,2011,1
Annual,A,National framework,NAT,Bahrain,BH,Person,PER,Ireland,IE,2012,2012,2
Annual,A,National framework,NAT,Bahrain,BH,Person,PER,Ireland,IE,2013,2013,2
Annual,A,National framework,NAT,Bahrain,BH,Person,PER,Ireland,IE,2014,2014,1
Annual,A,National framework,NAT,Bahrain,BH,Person,PER,Ireland,IE,2015,2015,1
Annual,A,National framework,NAT,Bahrain,BH,Person,PER,Ireland,IE,2016,2016,1
Annual,A,National framework,NAT,Bahrain,BH,Person,PER,Ireland,IE,2017,2017,1
Annual,A,National framework,NAT,Bahrain,BH,Person,PER,Ireland,IE,2018,2018,1
Annual,A,National framework,NAT,Bahrain,BH,Person,PER,Ireland,IE,2019,2019,1
Annual,A,National framework,NAT,Bahrain,BH,Person,PER,Ireland,IE,2020,2020,1
Annual,A,National framework,NAT,Bahrain,BH,Person,PER,Ireland,IE,2021,2021,1
Annual,A,National framework,NAT,Bahrain,BH,Person,PER,Ireland,IE,2022,2022,1
Annual,A,National framework,NAT,Bahrain,BH,Person,PER,Ireland,IE,2023,2023,1
Annual,A,National framework,NAT,Bahrain,BH,Person,PER,Ireland,IE,2024,2024,1
Annual,A,National framework,NAT,Bahrain,BH,Person,PER,Ireland,IE,2025,2025,1
Annual,A,National framework,NAT,Iraq,IQ,Person,PER,Ireland,IE,2010,2010,0
Annual,A,National framework,NAT,Iraq,IQ,Person,PER,Ireland,IE,2011,2011,1
Annual,A,National framework,NAT,Iraq,IQ,Person,PER,Ireland,IE,2012,2012,0
Annual,A,National framework,NAT,Iraq,IQ,Person,PER,Ireland,IE,2013,2013,0
Annual,A,National framework,NAT,Iraq,IQ,Person,PER,Ireland,IE,2014,2014,0
Annual,A,National framework,NAT,Iraq,IQ,Person,PER,Ireland,IE,2015,2015,0
Annual,A,National framework,NAT,Iraq,IQ,Person,PER,Ireland,IE,2016,2016,0
Annual,A,National framework,NAT,Iraq,IQ,Person,PER,Ireland,IE,2017,2017,1
Annual,A,National framework,NAT,Iraq,IQ,Person,PER,Ireland,IE,2018,2018,1
Annual,A,National framework,NAT,Iraq,IQ,Person,PER,Ireland,IE,2019,2019,0
Annual,A,National framework,NAT,Iraq,IQ,Person,PER,Ireland,IE,2020,2020,0
Annual,A,National framework,NAT,Iraq,IQ,Person,PER,Ireland,IE,2021,2021,1
Annual,A,National framework,NAT,Iraq,IQ,Person,PER,Ireland,IE,2022,2022,1
Annual,A,National framework,NAT,Iraq,IQ,Person,PER,Ireland,IE,2023,2023,1
Annual,A,National framework,NAT,Iraq,IQ,Person,PER,Ireland,IE,2024,2024,1
Annual,A,National framework,NAT,Iraq,IQ,Person,PER,Ireland,IE,2025,2025,2
Annual,A,National framework,NAT,Israel,IL,Person,PER,Ireland,IE,2010,2010,1
Annual,A,National framework,NAT,Israel,IL,Person,PER,Ireland,IE,2011,2011,5
Annual,A,National framework,NAT,Israel,IL,Person,PER,Ireland,IE,2012,2012,1
Annual,A,National framework,NAT,Israel,IL,Person,PER,Ireland,IE,2013,2013,1
Annual,A,National framework,NAT,Israel,IL,Person,PER,Ireland,IE,2014,2014,0
Annual,A,National framework,NAT,Israel,IL,Person,PER,Ireland,IE,2015,2015,0
Annual,A,National framework,NAT,Israel,IL,Person,PER,Ireland,IE,2016,2016,0
Annual,A,National framework,NAT,Israel,IL,Person,PER,Ireland,IE,2017,2017,0
Annual,A,National framework,NAT,Israel,IL,Person,PER,Ireland,IE,2018,2018,1
Annual,A,National framework,NAT,Israel,IL,Person,PER,Ireland,IE,2019,2019,0
Annual,A,National framework,NAT,Israel,IL,Person,PER,Ireland,IE,2020,2020,0
Annual,A,National framework,NAT,Israel,IL,Person,PER,Ireland,IE,2021,2021,0
Annual,A,National framework,NAT,Israel,IL,Person,PER,Ireland,IE,2022,2022,1
Annual,A,National framework,NAT,Israel,IL,Person,PER,Ireland,IE,2023,2023,0
Annual,A,National framework,NAT,Israel,IL,Person,PER,Ireland,IE,2024,2024,1
Annual,A,National framework,NAT,Israel,IL,Person,PER,Ireland,IE,2025,2025,1
Annual,A,National framework,NAT,Jordan,JO,Person,PER,Ireland,IE,2010,2010,8
Annual,A,National framework,NAT,Jordan,JO,Person,PER,Ireland,IE,2011,2011,4
Annual,A,National framework,NAT,Jordan,JO,Person,PER,Ireland,IE,2012,2012,0
Annual,A,National framework,NAT,Jordan,JO,Person,PER,Ireland,IE,2013,2013,0
Annual,A,National framework,NAT,Jordan,JO,Person,PER,Ireland,IE,2014,2014,0
Annual,A,National framework,NAT,Jordan,JO,Person,PER,Ireland,IE,2015,2015,0
Annual,A,National framework,NAT,Jordan,JO,Person,PER,Ireland,IE,2016,2016,0
Annual,A,National framework,NAT,Jordan,JO,Person,PER,Ireland,IE,2017,2017,0
Annual,A,National framework,NAT,Jordan,JO,Person,PER,Ireland,IE,2018,2018,0
Annual,A,National framework,NAT,Jordan,JO,Person,PER,Ireland,IE,2019,2019,0
Annual,A,National framework,NAT,Jordan,JO,Person,PER,Ireland,IE,2020,2020,0
Annual,A,National framework,NAT,Jordan,JO,Person,PER,Ireland,IE,2021,2021,0
Annual,A,National framework,NAT,Jordan,JO,Person,PER,Ireland,IE,2022,2022,0
Annual,A,National framework,NAT,Jordan,JO,Person,PER,Ireland,IE,2023,2023,0
Annual,A,National framework,NAT,Jordan,JO,Person,PER,Ireland,IE,2024,2024,0
Annual,A,National framework,NAT,Jordan,JO,Person,PER,Ireland,IE,2025,2025,0
Annual,A,National framework,NAT,Kuwait,KW,Person,PER,Ireland,IE,2010,2010,0
Annual,A,National framework,NAT,Kuwait,KW,Person,PER,Ireland,IE,2011,2011,0
Annual,A,National framework,NAT,Kuwait,KW,Person,PER,Ireland,IE,2012,2012,0
Annual,A,National framework,NAT,Kuwait,KW,Person,PER,Ireland,IE,2013,2013,0
Annual,A,National framework,NAT,Kuwait,KW,Person,PER,Ireland,IE,2014,2014,0
Annual,A,National framework,NAT,Kuwait,KW,Person,PER,Ireland,IE,2015,2015,0
Annual,A,National framework,NAT,Kuwait,KW,Person,PER,Ireland,IE,2016,2016,0
Annual,A,National framework,NAT,Kuwait,KW,Person,PER,Ireland,IE,2017,2017,0
Annual,A,National framework,NAT,Kuwait,KW,Person,PER,Ireland,IE,2018,2018,0
Annual,A,National framework,NAT,Kuwait,KW,Person,PER,Ireland,IE,2019,2019,0
Annual,A,National framework,NAT,Kuwait,KW,Person,PER,Ireland,IE,2020,2020,0
Annual,A,National framework,NAT,Kuwait,KW,Person,PER,Ireland,IE,2021,2021,0
Annual,A,National framework,NAT,Kuwait,KW,Person,PER,Ireland,IE,2022,2022,0
Annual,A,National framework,NAT,Kuwait,KW,Person,PER,Ireland,IE,2023,2023,0
Annual,A,National framework,NAT,Kuwait,KW,Person,PER,Ireland,IE,2024,2024,0
Annual,A,National framework,NAT,Kuwait,KW,Person,PER,Ireland,IE,2025,2025,0
Annual,A,National framework,NAT,Lebanon,LB,Person,PER,Ireland,IE,2010,2010,5
Annual,A,National framework,NAT,Lebanon,LB,Person,PER,Ireland,IE,2011,2011,1
Annual,A,National framework,NAT,Lebanon,LB,Person,PER,Ireland,IE,2012,2012,2
Annual,A,National framework,NAT,Lebanon,LB,Person,PER,Ireland,IE,2013,2013,1
Annual,A,National framework,NAT,Lebanon,LB,Person,PER,Ireland,IE,2014,2014,1
Annual,A,National framework,NAT,Lebanon,LB,Person,PER,Ireland,IE,2015,2015,1
Annual,A,National framework,NAT,Lebanon,LB,Person,PER,Ireland,IE,2016,2016,1
Annual,A,National framework,NAT,Lebanon,LB,Person,PER,Ireland,IE,2017,2017,0
Annual,A,National framework,NAT,Lebanon,LB,Person,PER,Ireland,IE,2018,2018,0
Annual,A,National framework,NAT,Lebanon,LB,Person,PER,Ireland,IE,2019,2019,0
Annual,A,National framework,NAT,Lebanon,LB,Person,PER,Ireland,IE,2020,2020,0
Annual,A,National framework,NAT,Lebanon,LB,Person,PER,Ireland,IE,2021,2021,1
Annual,A,National framework,NAT,Lebanon,LB,Person,PER,Ireland,IE,2022,2022,1
Annual,A,National framework,NAT,Lebanon,LB,Person,PER,Ireland,IE,2023,2023,2
Annual,A,National framework,NAT,Lebanon,LB,Person,PER,Ireland,IE,2024,2024,2
Annual,A,National framework,NAT,Lebanon,LB,Person,PER,Ireland,IE,2025,2025,2
Annual,A,National framework,NAT,Palestine*,PS,Person,PER,Ireland,IE,2010,2010,0
Annual,A,National framework,NAT,Palestine*,PS,Person,PER,Ireland,IE,2011,2011,1
Annual,A,National framework,NAT,Palestine*,PS,Person,PER,Ireland,IE,2012,2012,0
Annual,A,National framework,NAT,Palestine*,PS,Person,PER,Ireland,IE,2013,2013,0
Annual,A,National framework,NAT,Palestine*,PS,Person,PER,Ireland,IE,2014,2014,0
Annual,A,National framework,NAT,Palestine*,PS,Person,PER,Ireland,IE,2015,2015,0
Annual,A,National framework,NAT,Palestine*,PS,Person,PER,Ireland,IE,2016,2016,0
Annual,A,National framework,NAT,Palestine*,PS,Person,PER,Ireland,IE,2017,2017,0
Annual,A,National framework,NAT,Palestine*,PS,Person,PER,Ireland,IE,2018,2018,0
Annual,A,National framework,NAT,Palestine*,PS,Person,PER,Ireland,IE,2019,2019,0
Annual,A,National framework,NAT,Palestine*,PS,Person,PER,Ireland,IE,2020,2020,0
Annual,A,National framework,NAT,Palestine*,PS,Person,PER,Ireland,IE,2021,2021,0
Annual,A,National framework,NAT,Palestine*,PS,Person,PER,Ireland,IE,2022,2022,1
Annual,A,National framework,NAT,Palestine*,PS,Person,PER,Ireland,IE,2023,2023,1
Annual,A,National framework,NAT,Palestine*,PS,Person,PER,Ireland,IE,2024,2024,1
Annual,A,National framework,NAT,Palestine*,PS,Person,PER,Ireland,IE,2025,2025,1
Annual,A,National framework,NAT,Oman,OM,Person,PER,Ireland,IE,2010,2010,0
Annual,A,National framework,NAT,Oman,OM,Person,PER,Ireland,IE,2011,2011,0
Annual,A,National framework,NAT,Oman,OM,Person,PER,Ireland,IE,2012,2012,0
Annual,A,National framework,NAT,Oman,OM,Person,PER,Ireland,IE,2013,2013,0
Annual,A,National framework,NAT,Oman,OM,Person,PER,Ireland,IE,2014,2014,0
Annual,A,National framework,NAT,Oman,OM,Person,PER,Ireland,IE,2015,2015,0
Annual,A,National framework,NAT,Oman,OM,Person,PER,Ireland,IE,2016,2016,0
Annual,A,National framework,NAT,Oman,OM,Person,PER,Ireland,IE,2017,2017,0
Annual,A,National framework,NAT,Oman,OM,Person,PER,Ireland,IE,2018,2018,0
Annual,A,National framework,NAT,Oman,OM,Person,PER,Ireland,IE,2019,2019,0
Annual,A,National framework,NAT,Oman,OM,Person,PER,Ireland,IE,2020,2020,0
Annual,A,National framework,NAT,Oman,OM,Person,PER,Ireland,IE,2021,2021,0
Annual,A,National framework,NAT,Oman,OM,Person,PER,Ireland,IE,2022,2022,0
Annual,A,National framework,NAT,Oman,OM,Person,PER,Ireland,IE,2023,2023,0
Annual,A,National framework,NAT,Oman,OM,Person,PER,Ireland,IE,2024,2024,0
Annual,A,National framework,NAT,Oman,OM,Person,PER,Ireland,IE,2025,2025,0
Annual,A,National framework,NAT,Qatar,QA,Person,PER,Ireland,IE,2010,2010,0
Annual,A,National framework,NAT,Qatar,QA,Person,PER,Ireland,IE,2011,2011,0
Annual,A,National framework,NAT,Qatar,QA,Person,PER,Ireland,IE,2012,2012,0
Annual,A,National framework,NAT,Qatar,QA,Person,PER,Ireland,IE,2013,2013,0
Annual,A,National framework,NAT,Qatar,QA,Person,PER,Ireland,IE,2014,2014,0
Annual,A,National framework,NAT,Qatar,QA,Person,PER,Ireland,IE,2015,2015,0
Annual,A,National framework,NAT,Qatar,QA,Person,PER,Ireland,IE,2016,2016,0
Annual,A,National framework,NAT,Qatar,QA,Person,PER,Ireland,IE,2017,2017,0
Annual,A,National framework,NAT,Qatar,QA,Person,PER,Ireland,IE,2018,2018,0
Annual,A,National framework,NAT,Qatar,QA,Person,PER,Ireland,IE,2019,2019,0
Annual,A,National framework,NAT,Qatar,QA,Person,PER,Ireland,IE,2020,2020,0
Annual,A,National framework,NAT,Qatar,QA,Person,PER,Ireland,IE,2021,2021,0
Annual,A,National framework,NAT,Qatar,QA,Person,PER,Ireland,IE,2022,2022,0
Annual,A,National framework,NAT,Qatar,QA,Person,PER,Ireland,IE,2023,2023,0
Annual,A,National framework,NAT,Qatar,QA,Person,PER,Ireland,IE,2024,2024,0
Annual,A,National framework,NAT,Qatar,QA,Person,PER,Ireland,IE,2025,2025,0
Annual,A,National framework,NAT,Saudi Arabia,SA,Person,PER,Ireland,IE,2010,2010,0
Annual,A,National framework,NAT,Saudi Arabia,SA,Person,PER,Ireland,IE,2011,2011,0
Annual,A,National framework,NAT,Saudi Arabia,SA,Person,PER,Ireland,IE,2012,2012,0
Annual,A,National framework,NAT,Saudi Arabia,SA,Person,PER,Ireland,IE,2013,2013,0
Annual,A,National framework,NAT,Saudi Arabia,SA,Person,PER,Ireland,IE,2014,2014,0
Annual,A,National framework,NAT,Saudi Arabia,SA,Person,PER,Ireland,IE,2015,2015,0
Annual,A,National framework,NAT,Saudi Arabia,SA,Person,PER,Ireland,IE,2016,2016,0
Annual,A,National framework,NAT,Saudi Arabia,SA,Person,PER,Ireland,IE,2017,2017,0
Annual,A,National framework,NAT,Saudi Arabia,SA,Person,PER,Ireland,IE,2018,2018,0
Annual,A,National framework,NAT,Saudi Arabia,SA,Person,PER,Ireland,IE,2019,2019,0
Annual,A,National framework,NAT,Saudi Arabia,SA,Person,PER,Ireland,IE,2020,2020,0
Annual,A,National framework,NAT,Saudi Arabia,SA,Person,PER,Ireland,IE,2021,2021,0
Annual,A,National framework,NAT,Saudi Arabia,SA,Person,PER,Ireland,IE,2022,2022,0
Annual,A,National framework,NAT,Saudi Arabia,SA,Person,PER,Ireland,IE,2023,2023,1
Annual,A,National framework,NAT,Saudi Arabia,SA,Person,PER,Ireland,IE,2024,2024,1
Annual,A,National framework,NAT,Saudi Arabia,SA,Person,PER,Ireland,IE,2025,2025,1
Annual,A,National framework,NAT,Syria,SY,Person,PER,Ireland,IE,2010,2010,12
Annual,A,National framework,NAT,Syria,SY,Person,PER,Ireland,IE,2011,2011,11
Annual,A,National framework,NAT,Syria,SY,Person,PER,Ireland,IE,2012,2012,8
Annual,A,National framework,NAT,Syria,SY,Person,PER,Ireland,IE,2013,2013,4
Annual,A,National framework,NAT,Syria,SY,Person,PER,Ireland,IE,2014,2014,2
Annual,A,National framework,NAT,Syria,SY,Person,PER,Ireland,IE,2015,2015,2
Annual,A,National framework,NAT,Syria,SY,Person,PER,Ireland,IE,2016,2016,2
Annual,A,National framework,NAT,Syria,SY,Person,PER,Ireland,IE,2017,2017,2
Annual,A,National framework,NAT,Syria,SY,Person,PER,Ireland,IE,2018,2018,1
Annual,A,National framework,NAT,Syria,SY,Person,PER,Ireland,IE,2019,2019,1
Annual,A,National framework,NAT,Syria,SY,Person,PER,Ireland,IE,2020,2020,1
Annual,A,National framework,NAT,Syria,SY,Person,PER,Ireland,IE,2021,2021,2
Annual,A,National framework,NAT,Syria,SY,Person,PER,Ireland,IE,2022,2022,4
Annual,A,National framework,NAT,Syria,SY,Person,PER,Ireland,IE,2023,2023,4
Annual,A,National framework,NAT,Syria,SY,Person,PER,Ireland,IE,2024,2024,3
Annual,A,National framework,NAT,Syria,SY,Person,PER,Ireland,IE,2025,2025,3
Annual,A,National framework,NAT,United Arab Emirates,AE,Person,PER,Ireland,IE,2010,2010,0
Annual,A,National framework,NAT,United Arab Emirates,AE,Person,PER,Ireland,IE,2011,2011,0
Annual,A,National framework,NAT,United Arab Emirates,AE,Person,PER,Ireland,IE,2012,2012,0
Annual,A,National framework,NAT,United Arab Emirates,AE,Person,PER,Ireland,IE,2013,2013,0
Annual,A,National framework,NAT,United Arab Emirates,AE,Person,PER,Ireland,IE,2014,2014,0
Annual,A,National framework,NAT,United Arab Emirates,AE,Person,PER,Ireland,IE,2015,2015,0
Annual,A,National framework,NAT,United Arab Emirates,AE,Person,PER,Ireland,IE,2016,2016,0
Annual,A,National framework,NAT,United Arab Emirates,AE,Person,PER,Ireland,IE,2017,2017,0
Annual,A,National framework,NAT,United Arab Emirates,AE,Person,PER,Ireland,IE,2018,2018,0
Annual,A,National framework,NAT,United Arab Emirates,AE,Person,PER,Ireland,IE,2019,2019,0
Annual,A,National framework,NAT,United Arab Emirates,AE,Person,PER,Ireland,IE,2020,2020,0
Annual,A,National framework,NAT,United Arab Emirates,AE,Person,PER,Ireland,IE,2021,2021,0
Annual,A,National framework,NAT,United Arab Emirates,AE,Person,PER,Ireland,IE,2022,2022,0
Annual,A,National framework,NAT,United Arab Emirates,AE,Person,PER,Ireland,IE,2023,2023,0
Annual,A,National framework,NAT,United Arab Emirates,AE,Person,PER,Ireland,IE,2024,2024,0
Annual,A,National framework,NAT,United Arab Emirates,AE,Person,PER,Ireland,IE,2025,2025,0
Annual,A,National framework,NAT,Yemen,YE,Person,PER,Ireland,IE,2010,2010,0
Annual,A,National framework,NAT,Yemen,YE,Person,PER,Ireland,IE,2011,2011,0
Annual,A,National framework,NAT,Yemen,YE,Person,PER,Ireland,IE,2012,2012,0
Annual,A,National framework,NAT,Yemen,YE,Person,PER,Ireland,IE,2013,2013,1
Annual,A,National framework,NAT,Yemen,YE,Person,PER,Ireland,IE,2014,2014,0
Annual,A,National framework,NAT,Yemen,YE,Person,PER,Ireland,IE,2015,2015,0
Annual,A,National framework,NAT,Yemen,YE,Person,PER,Ireland,IE,2016,2016,0
Annual,A,National framework,NAT,Yemen,YE,Person,PER,Ireland,IE,2017,2017,0
Annual,A,National framework,NAT,Yemen,YE,Person,PER,Ireland,IE,2018,2018,0
Annual,A,National framework,NAT,Yemen,YE,Person,PER,Ireland,IE,2019,2019,0
Annual,A,National framework,NAT,Yemen,YE,Person,PER,Ireland,IE,2020,2020,0
Annual,A,National framework,NAT,Yemen,YE,Person,PER,Ireland,IE,2021,2021,0
Annual,A,National framework,NAT,Yemen,YE,Person,PER,Ireland,IE,2022,2022,0
Annual,A,National framework,NAT,Yemen,YE,Person,PER,Ireland,IE,2023,2023,0
Annual,A,National framework,NAT,Yemen,YE,Person,PER,Ireland,IE,2024,2024,1
Annual,A,National framework,NAT,Yemen,YE,Person,PER,Ireland,IE,2025,2025,1
Annual,A,National framework,NAT,Australia,AU,Person,PER,Ireland,IE,2010,2010,43
Annual,A,National framework,NAT,Australia,AU,Person,PER,Ireland,IE,2011,2011,47
Annual,A,National framework,NAT,Australia,AU,Person,PER,Ireland,IE,2012,2012,42
Annual,A,National framework,NAT,Australia,AU,Person,PER,Ireland,IE,2013,2013,33
Annual,A,National framework,NAT,Australia,AU,Person,PER,Ireland,IE,2014,2014,26
Annual,A,National framework,NAT,Australia,AU,Person,PER,Ireland,IE,2015,2015,19
Annual,A,National framework,NAT,Australia,AU,Person,PER,Ireland,IE,2016,2016,18
Annual,A,National framework,NAT,Australia,AU,Person,PER,Ireland,IE,2017,2017,17
Annual,A,National framework,NAT,Australia,AU,Person,PER,Ireland,IE,2018,2018,16
Annual,A,National framework,NAT,Australia,AU,Person,PER,Ireland,IE,2019,2019,14
Annual,A,National framework,NAT,Australia,AU,Person,PER,Ireland,IE,2020,2020,15
Annual,A,National framework,NAT,Australia,AU,Person,PER,Ireland,IE,2021,2021,13
Annual,A,National framework,NAT,Australia,AU,Person,PER,Ireland,IE,2022,2022,13
Annual,A,National framework,NAT,Australia,AU,Person,PER,Ireland,IE,2023,2023,14
Annual,A,National framework,NAT,Australia,AU,Person,PER,Ireland,IE,2024,2024,16
Annual,A,National framework,NAT,Australia,AU,Person,PER,Ireland,IE,2025,2025,12
Annual,A,National framework,NAT,New Zealand,NZ,Person,PER,Ireland,IE,2010,2010,44
Annual,A,National framework,NAT,New Zealand,NZ,Person,PER,Ireland,IE,2011,2011,38
Annual,A,National framework,NAT,New Zealand,NZ,Person,PER,Ireland,IE,2012,2012,26
Annual,A,National framework,NAT,New Zealand,NZ,Person,PER,Ireland,IE,2013,2013,14
Annual,A,National framework,NAT,New Zealand,NZ,Person,PER,Ireland,IE,2014,2014,15
Annual,A,National framework,NAT,New Zealand,NZ,Person,PER,Ireland,IE,2015,2015,13
Annual,A,National framework,NAT,New Zealand,NZ,Person,PER,Ireland,IE,2016,2016,9
Annual,A,National framework,NAT,New Zealand,NZ,Person,PER,Ireland,IE,2017,2017,11
Annual,A,National framework,NAT,New Zealand,NZ,Person,PER,Ireland,IE,2018,2018,9
Annual,A,National framework,NAT,New Zealand,NZ,Person,PER,Ireland,IE,2019,2019,9
Annual,A,National framework,NAT,New Zealand,NZ,Person,PER,Ireland,IE,2020,2020,8
Annual,A,National framework,NAT,New Zealand,NZ,Person,PER,Ireland,IE,2021,2021,12
Annual,A,National framework,NAT,New Zealand,NZ,Person,PER,Ireland,IE,2022,2022,11
Annual,A,National framework,NAT,New Zealand,NZ,Person,PER,Ireland,IE,2023,2023,10
Annual,A,National framework,NAT,New Zealand,NZ,Person,PER,Ireland,IE,2024,2024,11
Annual,A,National framework,NAT,New Zealand,NZ,Person,PER,Ireland,IE,2025,2025,9
Annual,A,National framework,NAT,Fiji,FJ,Person,PER,Ireland,IE,2010,2010,0
Annual,A,National framework,NAT,Fiji,FJ,Person,PER,Ireland,IE,2011,2011,0
Annual,A,National framework,NAT,Fiji,FJ,Person,PER,Ireland,IE,2012,2012,0
Annual,A,National framework,NAT,Fiji,FJ,Person,PER,Ireland,IE,2013,2013,0
Annual,A,National framework,NAT,Fiji,FJ,Person,PER,Ireland,IE,2014,2014,0
Annual,A,National framework,NAT,Fiji,FJ,Person,PER,Ireland,IE,2015,2015,0
Annual,A,National framework,NAT,Fiji,FJ,Person,PER,Ireland,IE,2016,2016,0
Annual,A,National framework,NAT,Fiji,FJ,Person,PER,Ireland,IE,2017,2017,0
Annual,A,National framework,NAT,Fiji,FJ,Person,PER,Ireland,IE,2018,2018,0
Annual,A,National framework,NAT,Fiji,FJ,Person,PER,Ireland,IE,2019,2019,0
Annual,A,National framework,NAT,Fiji,FJ,Person,PER,Ireland,IE,2020,2020,0
Annual,A,National framework,NAT,Fiji,FJ,Person,PER,Ireland,IE,2021,2021,0
Annual,A,National framework,NAT,Fiji,FJ,Person,PER,Ireland,IE,2022,2022,0
Annual,A,National framework,NAT,Fiji,FJ,Person,PER,Ireland,IE,2023,2023,0
Annual,A,National framework,NAT,Fiji,FJ,Person,PER,Ireland,IE,2024,2024,0
Annual,A,National framework,NAT,Fiji,FJ,Person,PER,Ireland,IE,2025,2025,0
Annual,A,National framework,NAT,Papua New Guinea,PG,Person,PER,Ireland,IE,2010,2010,0
Annual,A,National framework,NAT,Papua New Guinea,PG,Person,PER,Ireland,IE,2011,2011,0
Annual,A,National framework,NAT,Papua New Guinea,PG,Person,PER,Ireland,IE,2012,2012,0
Annual,A,National framework,NAT,Papua New Guinea,PG,Person,PER,Ireland,IE,2013,2013,0
Annual,A,National framework,NAT,Papua New Guinea,PG,Person,PER,Ireland,IE,2014,2014,0
Annual,A,National framework,NAT,Papua New Guinea,PG,Person,PER,Ireland,IE,2015,2015,0
Annual,A,National framework,NAT,Papua New Guinea,PG,Person,PER,Ireland,IE,2016,2016,0
Annual,A,National framework,NAT,Papua New Guinea,PG,Person,PER,Ireland,IE,2017,2017,0
Annual,A,National framework,NAT,Papua New Guinea,PG,Person,PER,Ireland,IE,2018,2018,0
Annual,A,National framework,NAT,Papua New Guinea,PG,Person,PER,Ireland,IE,2019,2019,0
Annual,A,National framework,NAT,Papua New Guinea,PG,Person,PER,Ireland,IE,2020,2020,0
Annual,A,National framework,NAT,Papua New Guinea,PG,Person,PER,Ireland,IE,2021,2021,0
Annual,A,National framework,NAT,Papua New Guinea,PG,Person,PER,Ireland,IE,2022,2022,0
Annual,A,National framework,NAT,Papua New Guinea,PG,Person,PER,Ireland,IE,2023,2023,0
Annual,A,National framework,NAT,Papua New Guinea,PG,Person,PER,Ireland,IE,2024,2024,0
Annual,A,National framework,NAT,Papua New Guinea,PG,Person,PER,Ireland,IE,2025,2025,0
Annual,A,National framework,NAT,Solomon Islands,SB,Person,PER,Ireland,IE,2010,2010,0
Annual,A,National framework,NAT,Solomon Islands,SB,Person,PER,Ireland,IE,2011,2011,0
Annual,A,National framework,NAT,Solomon Islands,SB,Person,PER,Ireland,IE,2012,2012,0
Annual,A,National framework,NAT,Solomon Islands,SB,Person,PER,Ireland,IE,2013,2013,0
Annual,A,National framework,NAT,Solomon Islands,SB,Person,PER,Ireland,IE,2014,2014,0
Annual,A,National framework,NAT,Solomon Islands,SB,Person,PER,Ireland,IE,2015,2015,0
Annual,A,National framework,NAT,Solomon Islands,SB,Person,PER,Ireland,IE,2016,2016,0
Annual,A,National framework,NAT,Solomon Islands,SB,Person,PER,Ireland,IE,2017,2017,0
Annual,A,National framework,NAT,Solomon Islands,SB,Person,PER,Ireland,IE,2018,2018,0
Annual,A,National framework,NAT,Solomon Islands,SB,Person,PER,Ireland,IE,2019,2019,0
Annual,A,National framework,NAT,Solomon Islands,SB,Person,PER,Ireland,IE,2020,2020,0
Annual,A,National framework,NAT,Solomon Islands,SB,Person,PER,Ireland,IE,2021,2021,0
Annual,A,National framework,NAT,Solomon Islands,SB,Person,PER,Ireland,IE,2022,2022,0
Annual,A,National framework,NAT,Solomon Islands,SB,Person,PER,Ireland,IE,2023,2023,0
Annual,A,National framework,NAT,Solomon Islands,SB,Person,PER,Ireland,IE,2024,2024,0
Annual,A,National framework,NAT,Solomon Islands,SB,Person,PER,Ireland,IE,2025,2025,0
Annual,A,National framework,NAT,Vanuatu,VU,Person,PER,Ireland,IE,2010,2010,0
Annual,A,National framework,NAT,Vanuatu,VU,Person,PER,Ireland,IE,2011,2011,0
Annual,A,National framework,NAT,Vanuatu,VU,Person,PER,Ireland,IE,2012,2012,0
Annual,A,National framework,NAT,Vanuatu,VU,Person,PER,Ireland,IE,2013,2013,0
Annual,A,National framework,NAT,Vanuatu,VU,Person,PER,Ireland,IE,2014,2014,0
Annual,A,National framework,NAT,Vanuatu,VU,Person,PER,Ireland,IE,2015,2015,0
Annual,A,National framework,NAT,Vanuatu,VU,Person,PER,Ireland,IE,2016,2016,0
Annual,A,National framework,NAT,Vanuatu,VU,Person,PER,Ireland,IE,2017,2017,0
Annual,A,National framework,NAT,Vanuatu,VU,Person,PER,Ireland,IE,2018,2018,0
Annual,A,National framework,NAT,Vanuatu,VU,Person,PER,Ireland,IE,2019,2019,0
Annual,A,National framework,NAT,Vanuatu,VU,Person,PER,Ireland,IE,2020,2020,0
Annual,A,National framework,NAT,Vanuatu,VU,Person,PER,Ireland,IE,2021,2021,0
Annual,A,National framework,NAT,Vanuatu,VU,Person,PER,Ireland,IE,2022,2022,0
Annual,A,National framework,NAT,Vanuatu,VU,Person,PER,Ireland,IE,2023,2023,0
Annual,A,National framework,NAT,Vanuatu,VU,Person,PER,Ireland,IE,2024,2024,1
Annual,A,National framework,NAT,Vanuatu,VU,Person,PER,Ireland,IE,2025,2025,0
Annual,A,National framework,NAT,Kiribati,KI,Person,PER,Ireland,IE,2010,2010,0
Annual,A,National framework,NAT,Kiribati,KI,Person,PER,Ireland,IE,2011,2011,0
Annual,A,National framework,NAT,Kiribati,KI,Person,PER,Ireland,IE,2012,2012,0
Annual,A,National framework,NAT,Kiribati,KI,Person,PER,Ireland,IE,2013,2013,0
Annual,A,National framework,NAT,Kiribati,KI,Person,PER,Ireland,IE,2014,2014,0
Annual,A,National framework,NAT,Kiribati,KI,Person,PER,Ireland,IE,2015,2015,0
Annual,A,National framework,NAT,Kiribati,KI,Person,PER,Ireland,IE,2016,2016,0
Annual,A,National framework,NAT,Kiribati,KI,Person,PER,Ireland,IE,2017,2017,0
Annual,A,National framework,NAT,Kiribati,KI,Person,PER,Ireland,IE,2018,2018,0
Annual,A,National framework,NAT,Kiribati,KI,Person,PER,Ireland,IE,2019,2019,0
Annual,A,National framework,NAT,Kiribati,KI,Person,PER,Ireland,IE,2020,2020,0
Annual,A,National framework,NAT,Kiribati,KI,Person,PER,Ireland,IE,2021,2021,0
Annual,A,National framework,NAT,Kiribati,KI,Person,PER,Ireland,IE,2022,2022,0
Annual,A,National framework,NAT,Kiribati,KI,Person,PER,Ireland,IE,2023,2023,0
Annual,A,National framework,NAT,Kiribati,KI,Person,PER,Ireland,IE,2024,2024,0
Annual,A,National framework,NAT,Kiribati,KI,Person,PER,Ireland,IE,2025,2025,0
Annual,A,National framework,NAT,Marshall Islands,MH,Person,PER,Ireland,IE,2010,2010,0
Annual,A,National framework,NAT,Marshall Islands,MH,Person,PER,Ireland,IE,2011,2011,0
Annual,A,National framework,NAT,Marshall Islands,MH,Person,PER,Ireland,IE,2012,2012,0
Annual,A,National framework,NAT,Marshall Islands,MH,Person,PER,Ireland,IE,2013,2013,0
Annual,A,National framework,NAT,Marshall Islands,MH,Person,PER,Ireland,IE,2014,2014,0
Annual,A,National framework,NAT,Marshall Islands,MH,Person,PER,Ireland,IE,2015,2015,0
Annual,A,National framework,NAT,Marshall Islands,MH,Person,PER,Ireland,IE,2016,2016,0
Annual,A,National framework,NAT,Marshall Islands,MH,Person,PER,Ireland,IE,2017,2017,0
Annual,A,National framework,NAT,Marshall Islands,MH,Person,PER,Ireland,IE,2018,2018,0
Annual,A,National framework,NAT,Marshall Islands,MH,Person,PER,Ireland,IE,2019,2019,0
Annual,A,National framework,NAT,Marshall Islands,MH,Person,PER,Ireland,IE,2020,2020,0
Annual,A,National framework,NAT,Marshall Islands,MH,Person,PER,Ireland,IE,2021,2021,0
Annual,A,National framework,NAT,Marshall Islands,MH,Person,PER,Ireland,IE,2022,2022,0
Annual,A,National framework,NAT,Marshall Islands,MH,Person,PER,Ireland,IE,2023,2023,0
Annual,A,National framework,NAT,Marshall Islands,MH,Person,PER,Ireland,IE,2024,2024,0
Annual,A,National framework,NAT,Marshall Islands,MH,Person,PER,Ireland,IE,2025,2025,0
Annual,A,National framework,NAT,Federated States of Micronesia,FM,Person,PER,Ireland,IE,2010,2010,0
Annual,A,National framework,NAT,Federated States of Micronesia,FM,Person,PER,Ireland,IE,2011,2011,0
Annual,A,National framework,NAT,Federated States of Micronesia,FM,Person,PER,Ireland,IE,2012,2012,0
Annual,A,National framework,NAT,Federated States of Micronesia,FM,Person,PER,Ireland,IE,2013,2013,0
Annual,A,National framework,NAT,Federated States of Micronesia,FM,Person,PER,Ireland,IE,2014,2014,0
Annual,A,National framework,NAT,Federated States of Micronesia,FM,Person,PER,Ireland,IE,2015,2015,0
Annual,A,National framework,NAT,Federated States of Micronesia,FM,Person,PER,Ireland,IE,2016,2016,0
Annual,A,National framework,NAT,Federated States of Micronesia,FM,Person,PER,Ireland,IE,2017,2017,0
Annual,A,National framework,NAT,Federated States of Micronesia,FM,Person,PER,Ireland,IE,2018,2018,0
Annual,A,National framework,NAT,Federated States of Micronesia,FM,Person,PER,Ireland,IE,2019,2019,0
Annual,A,National framework,NAT,Federated States of Micronesia,FM,Person,PER,Ireland,IE,2020,2020,0
Annual,A,National framework,NAT,Federated States of Micronesia,FM,Person,PER,Ireland,IE,2021,2021,0
Annual,A,National framework,NAT,Federated States of Micronesia,FM,Person,PER,Ireland,IE,2022,2022,0
Annual,A,National framework,NAT,Federated States of Micronesia,FM,Person,PER,Ireland,IE,2023,2023,0
Annual,A,National framework,NAT,Federated States of Micronesia,FM,Person,PER,Ireland,IE,2024,2024,0
Annual,A,National framework,NAT,Federated States of Micronesia,FM,Person,PER,Ireland,IE,2025,2025,0
Annual,A,National framework,NAT,Nauru,NR,Person,PER,Ireland,IE,2010,2010,0
Annual,A,National framework,NAT,Nauru,NR,Person,PER,Ireland,IE,2011,2011,0
Annual,A,National framework,NAT,Nauru,NR,Person,PER,Ireland,IE,2012,2012,0
Annual,A,National framework,NAT,Nauru,NR,Person,PER,Ireland,IE,2013,2013,0
Annual,A,National framework,NAT,Nauru,NR,Person,PER,Ireland,IE,2014,2014,0
Annual,A,National framework,NAT,Nauru,NR,Person,PER,Ireland,IE,2015,2015,0
Annual,A,National framework,NAT,Nauru,NR,Person,PER,Ireland,IE,2016,2016,0
Annual,A,National framework,NAT,Nauru,NR,Person,PER,Ireland,IE,2017,2017,0
Annual,A,National framework,NAT,Nauru,NR,Person,PER,Ireland,IE,2018,2018,0
Annual,A,National framework,NAT,Nauru,NR,Person,PER,Ireland,IE,2019,2019,0
Annual,A,National framework,NAT,Nauru,NR,Person,PER,Ireland,IE,2020,2020,0
Annual,A,National framework,NAT,Nauru,NR,Person,PER,Ireland,IE,2021,2021,0
Annual,A,National framework,NAT,Nauru,NR,Person,PER,Ireland,IE,2022,2022,0
Annual,A,National framework,NAT,Nauru,NR,Person,PER,Ireland,IE,2023,2023,0
Annual,A,National framework,NAT,Nauru,NR,Person,PER,Ireland,IE,2024,2024,0
Annual,A,National framework,NAT,Nauru,NR,Person,PER,Ireland,IE,2025,2025,0
Annual,A,National framework,NAT,Palau,PW,Person,PER,Ireland,IE,2010,2010,0
Annual,A,National framework,NAT,Palau,PW,Person,PER,Ireland,IE,2011,2011,0
Annual,A,National framework,NAT,Palau,PW,Person,PER,Ireland,IE,2012,2012,0
Annual,A,National framework,NAT,Palau,PW,Person,PER,Ireland,IE,2013,2013,0
Annual,A,National framework,NAT,Palau,PW,Person,PER,Ireland,IE,2014,2014,0
Annual,A,National framework,NAT,Palau,PW,Person,PER,Ireland,IE,2015,2015,0
Annual,A,National framework,NAT,Palau,PW,Person,PER,Ireland,IE,2016,2016,0
Annual,A,National framework,NAT,Palau,PW,Person,PER,Ireland,IE,2017,2017,0
Annual,A,National framework,NAT,Palau,PW,Person,PER,Ireland,IE,2018,2018,0
Annual,A,National framework,NAT,Palau,PW,Person,PER,Ireland,IE,2019,2019,0
Annual,A,National framework,NAT,Palau,PW,Person,PER,Ireland,IE,2020,2020,0
Annual,A,National framework,NAT,Palau,PW,Person,PER,Ireland,IE,2021,2021,0
Annual,A,National framework,NAT,Palau,PW,Person,PER,Ireland,IE,2022,2022,0
Annual,A,National framework,NAT,Palau,PW,Person,PER,Ireland,IE,2023,2023,0
Annual,A,National framework,NAT,Palau,PW,Person,PER,Ireland,IE,2024,2024,0
Annual,A,National framework,NAT,Palau,PW,Person,PER,Ireland,IE,2025,2025,0
Annual,A,National framework,NAT,Cook Islands,CK,Person,PER,Ireland,IE,2010,2010,0
Annual,A,National framework,NAT,Cook Islands,CK,Person,PER,Ireland,IE,2011,2011,0
Annual,A,National framework,NAT,Cook Islands,CK,Person,PER,Ireland,IE,2012,2012,0
Annual,A,National framework,NAT,Cook Islands,CK,Person,PER,Ireland,IE,2013,2013,0
Annual,A,National framework,NAT,Cook Islands,CK,Person,PER,Ireland,IE,2014,2014,0
Annual,A,National framework,NAT,Cook Islands,CK,Person,PER,Ireland,IE,2015,2015,0
Annual,A,National framework,NAT,Cook Islands,CK,Person,PER,Ireland,IE,2016,2016,0
Annual,A,National framework,NAT,Cook Islands,CK,Person,PER,Ireland,IE,2017,2017,0
Annual,A,National framework,NAT,Cook Islands,CK,Person,PER,Ireland,IE,2018,2018,0
Annual,A,National framework,NAT,Cook Islands,CK,Person,PER,Ireland,IE,2019,2019,0
Annual,A,National framework,NAT,Cook Islands,CK,Person,PER,Ireland,IE,2020,2020,0
Annual,A,National framework,NAT,Cook Islands,CK,Person,PER,Ireland,IE,2021,2021,0
Annual,A,National framework,NAT,Cook Islands,CK,Person,PER,Ireland,IE,2022,2022,0
Annual,A,National framework,NAT,Cook Islands,CK,Person,PER,Ireland,IE,2023,2023,0
Annual,A,National framework,NAT,Cook Islands,CK,Person,PER,Ireland,IE,2024,2024,0
Annual,A,National framework,NAT,Cook Islands,CK,Person,PER,Ireland,IE,2025,2025,0
Annual,A,National framework,NAT,Samoa,WS,Person,PER,Ireland,IE,2010,2010,0
Annual,A,National framework,NAT,Samoa,WS,Person,PER,Ireland,IE,2011,2011,0
Annual,A,National framework,NAT,Samoa,WS,Person,PER,Ireland,IE,2012,2012,0
Annual,A,National framework,NAT,Samoa,WS,Person,PER,Ireland,IE,2013,2013,0
Annual,A,National framework,NAT,Samoa,WS,Person,PER,Ireland,IE,2014,2014,0
Annual,A,National framework,NAT,Samoa,WS,Person,PER,Ireland,IE,2015,2015,0
Annual,A,National framework,NAT,Samoa,WS,Person,PER,Ireland,IE,2016,2016,0
Annual,A,National framework,NAT,Samoa,WS,Person,PER,Ireland,IE,2017,2017,0
Annual,A,National framework,NAT,Samoa,WS,Person,PER,Ireland,IE,2018,2018,0
Annual,A,National framework,NAT,Samoa,WS,Person,PER,Ireland,IE,2019,2019,0
Annual,A,National framework,NAT,Samoa,WS,Person,PER,Ireland,IE,2020,2020,0
Annual,A,National framework,NAT,Samoa,WS,Person,PER,Ireland,IE,2021,2021,0
Annual,A,National framework,NAT,Samoa,WS,Person,PER,Ireland,IE,2022,2022,0
Annual,A,National framework,NAT,Samoa,WS,Person,PER,Ireland,IE,2023,2023,0
Annual,A,National framework,NAT,Samoa,WS,Person,PER,Ireland,IE,2024,2024,0
Annual,A,National framework,NAT,Samoa,WS,Person,PER,Ireland,IE,2025,2025,0
Annual,A,National framework,NAT,Tonga,TO,Person,PER,Ireland,IE,2010,2010,0
Annual,A,National framework,NAT,Tonga,TO,Person,PER,Ireland,IE,2011,2011,0
Annual,A,National framework,NAT,Tonga,TO,Person,PER,Ireland,IE,2012,2012,0
Annual,A,National framework,NAT,Tonga,TO,Person,PER,Ireland,IE,2013,2013,0
Annual,A,National framework,NAT,Tonga,TO,Person,PER,Ireland,IE,2014,2014,0
Annual,A,National framework,NAT,Tonga,TO,Person,PER,Ireland,IE,2015,2015,0
Annual,A,National framework,NAT,Tonga,TO,Person,PER,Ireland,IE,2016,2016,0
Annual,A,National framework,NAT,Tonga,TO,Person,PER,Ireland,IE,2017,2017,0
Annual,A,National framework,NAT,Tonga,TO,Person,PER,Ireland,IE,2018,2018,0
Annual,A,National framework,NAT,Tonga,TO,Person,PER,Ireland,IE,2019,2019,0
Annual,A,National framework,NAT,Tonga,TO,Person,PER,Ireland,IE,2020,2020,0
Annual,A,National framework,NAT,Tonga,TO,Person,PER,Ireland,IE,2021,2021,0
Annual,A,National framework,NAT,Tonga,TO,Person,PER,Ireland,IE,2022,2022,0
Annual,A,National framework,NAT,Tonga,TO,Person,PER,Ireland,IE,2023,2023,0
Annual,A,National framework,NAT,Tonga,TO,Person,PER,Ireland,IE,2024,2024,0
Annual,A,National framework,NAT,Tonga,TO,Person,PER,Ireland,IE,2025,2025,0
Annual,A,National framework,NAT,Tuvalu,TV,Person,PER,Ireland,IE,2010,2010,0
Annual,A,National framework,NAT,Tuvalu,TV,Person,PER,Ireland,IE,2011,2011,0
Annual,A,National framework,NAT,Tuvalu,TV,Person,PER,Ireland,IE,2012,2012,0
Annual,A,National framework,NAT,Tuvalu,TV,Person,PER,Ireland,IE,2013,2013,0
Annual,A,National framework,NAT,Tuvalu,TV,Person,PER,Ireland,IE,2014,2014,0
Annual,A,National framework,NAT,Tuvalu,TV,Person,PER,Ireland,IE,2015,2015,0
Annual,A,National framework,NAT,Tuvalu,TV,Person,PER,Ireland,IE,2016,2016,0
Annual,A,National framework,NAT,Tuvalu,TV,Person,PER,Ireland,IE,2017,2017,0
Annual,A,National framework,NAT,Tuvalu,TV,Person,PER,Ireland,IE,2018,2018,0
Annual,A,National framework,NAT,Tuvalu,TV,Person,PER,Ireland,IE,2019,2019,0
Annual,A,National framework,NAT,Tuvalu,TV,Person,PER,Ireland,IE,2020,2020,0
Annual,A,National framework,NAT,Tuvalu,TV,Person,PER,Ireland,IE,2021,2021,0
Annual,A,National framework,NAT,Tuvalu,TV,Person,PER,Ireland,IE,2022,2022,0
Annual,A,National framework,NAT,Tuvalu,TV,Person,PER,Ireland,IE,2023,2023,0
Annual,A,National framework,NAT,Tuvalu,TV,Person,PER,Ireland,IE,2024,2024,0
Annual,A,National framework,NAT,Tuvalu,TV,Person,PER,Ireland,IE,2025,2025,0
Annual,A,National framework,NAT,Recognised non-citizens,RNC,Person,PER,Ireland,IE,2013,2013,0
Annual,A,National framework,NAT,Recognised non-citizens,RNC,Person,PER,Ireland,IE,2014,2014,0
Annual,A,National framework,NAT,Recognised non-citizens,RNC,Person,PER,Ireland,IE,2015,2015,0
Annual,A,National framework,NAT,Recognised non-citizens,RNC,Person,PER,Ireland,IE,2016,2016,0
Annual,A,National framework,NAT,Recognised non-citizens,RNC,Person,PER,Ireland,IE,2017,2017,0
Annual,A,National framework,NAT,Recognised non-citizens,RNC,Person,PER,Ireland,IE,2018,2018,0
Annual,A,National framework,NAT,Recognised non-citizens,RNC,Person,PER,Ireland,IE,2019,2019,0
Annual,A,National framework,NAT,Recognised non-citizens,RNC,Person,PER,Ireland,IE,2020,2020,0
Annual,A,National framework,NAT,Recognised non-citizens,RNC,Person,PER,Ireland,IE,2021,2021,0
Annual,A,National framework,NAT,Recognised non-citizens,RNC,Person,PER,Ireland,IE,2022,2022,0
Annual,A,National framework,NAT,Recognised non-citizens,RNC,Person,PER,Ireland,IE,2023,2023,0
Annual,A,National framework,NAT,Recognised non-citizens,RNC,Person,PER,Ireland,IE,2024,2024,0
Annual,A,National framework,NAT,Recognised non-citizens,RNC,Person,PER,Ireland,IE,2025,2025,0
Annual,A,National framework,NAT,Stateless,STLS,Person,PER,Ireland,IE,2010,2010,0
Annual,A,National framework,NAT,Stateless,STLS,Person,PER,Ireland,IE,2011,2011,0
Annual,A,National framework,NAT,Stateless,STLS,Person,PER,Ireland,IE,2012,2012,0
Annual,A,National framework,NAT,Stateless,STLS,Person,PER,Ireland,IE,2013,2013,0
Annual,A,National framework,NAT,Stateless,STLS,Person,PER,Ireland,IE,2014,2014,0
Annual,A,National framework,NAT,Stateless,STLS,Person,PER,Ireland,IE,2015,2015,0
Annual,A,National framework,NAT,Stateless,STLS,Person,PER,Ireland,IE,2016,2016,0
Annual,A,National framework,NAT,Stateless,STLS,Person,PER,Ireland,IE,2017,2017,0
Annual,A,National framework,NAT,Stateless,STLS,Person,PER,Ireland,IE,2018,2018,0
Annual,A,National framework,NAT,Stateless,STLS,Person,PER,Ireland,IE,2019,2019,0
Annual,A,National framework,NAT,Stateless,STLS,Person,PER,Ireland,IE,2020,2020,0
Annual,A,National framework,NAT,Stateless,STLS,Person,PER,Ireland,IE,2021,2021,0
Annual,A,National framework,NAT,Stateless,STLS,Person,PER,Ireland,IE,2022,2022,0
Annual,A,National framework,NAT,Stateless,STLS,Person,PER,Ireland,IE,2023,2023,0
Annual,A,National framework,NAT,Stateless,STLS,Person,PER,Ireland,IE,2024,2024,0
Annual,A,National framework,NAT,Stateless,STLS,Person,PER,Ireland,IE,2025,2025,0
Annual,A,National framework,NAT,Total,TOTAL,Person,PER,Ireland,IE,2010,2010,8367
Annual,A,National framework,NAT,Total,TOTAL,Person,PER,Ireland,IE,2011,2011,7721
Annual,A,National framework,NAT,Total,TOTAL,Person,PER,Ireland,IE,2012,2012,5771
Annual,A,National framework,NAT,Total,TOTAL,Person,PER,Ireland,IE,2013,2013,3392
Annual,A,National framework,NAT,Total,TOTAL,Person,PER,Ireland,IE,2014,2014,2309
Annual,A,National framework,NAT,Total,TOTAL,Person,PER,Ireland,IE,2015,2015,2019
Annual,A,National framework,NAT,Total,TOTAL,Person,PER,Ireland,IE,2016,2016,1473
Annual,A,National framework,NAT,Total,TOTAL,Person,PER,Ireland,IE,2017,2017,1484
Annual,A,National framework,NAT,Total,TOTAL,Person,PER,Ireland,IE,2018,2018,1272
Annual,A,National framework,NAT,Total,TOTAL,Person,PER,Ireland,IE,2019,2019,1125
Annual,A,National framework,NAT,Total,TOTAL,Person,PER,Ireland,IE,2020,2020,1051
Annual,A,National framework,NAT,Total,TOTAL,Person,PER,Ireland,IE,2021,2021,1219
Annual,A,National framework,NAT,Total,TOTAL,Person,PER,Ireland,IE,2022,2022,1450
Annual,A,National framework,NAT,Total,TOTAL,Person,PER,Ireland,IE,2023,2023,1606
Annual,A,National framework,NAT,Total,TOTAL,Person,PER,Ireland,IE,2024,2024,1717
Annual,A,National framework,NAT,Total,TOTAL,Person,PER,Ireland,IE,2025,2025,1731
Annual,A,National framework,NAT,Unknown,UNK,Person,PER,Ireland,IE,2010,2010,1
Annual,A,National framework,NAT,Unknown,UNK,Person,PER,Ireland,IE,2011,2011,1
Annual,A,National framework,NAT,Unknown,UNK,Person,PER,Ireland,IE,2012,2012,1
Annual,A,National framework,NAT,Unknown,UNK,Person,PER,Ireland,IE,2013,2013,1
Annual,A,National framework,NAT,Unknown,UNK,Person,PER,Ireland,IE,2014,2014,1
Annual,A,National framework,NAT,Unknown,UNK,Person,PER,Ireland,IE,2015,2015,1
Annual,A,National framework,NAT,Unknown,UNK,Person,PER,Ireland,IE,2016,2016,1
Annual,A,National framework,NAT,Unknown,UNK,Person,PER,Ireland,IE,2017,2017,1
Annual,A,National framework,NAT,Unknown,UNK,Person,PER,Ireland,IE,2018,2018,1
Annual,A,National framework,NAT,Unknown,UNK,Person,PER,Ireland,IE,2019,2019,1
Annual,A,National framework,NAT,Unknown,UNK,Person,PER,Ireland,IE,2020,2020,0
Annual,A,National framework,NAT,Unknown,UNK,Person,PER,Ireland,IE,2021,2021,0
Annual,A,National framework,NAT,Unknown,UNK,Person,PER,Ireland,IE,2022,2022,0
Annual,A,National framework,NAT,Unknown,UNK,Person,PER,Ireland,IE,2023,2023,0
Annual,A,National framework,NAT,Unknown,UNK,Person,PER,Ireland,IE,2024,2024,0
Annual,A,National framework,NAT,Unknown,UNK,Person,PER,Ireland,IE,2025,2025,1
