Time frequency,Time frequency_code,Unit of measure,Unit of measure_code,Sex,Sex_code,Indicator on migration,Indicator on migration_code,Geopolitical entity (reporting),Geopolitical entity (reporting)_code,Time,Time_code,value
Annual,A,Percentage,PC,Total,T,Share of foreign citizens who have acquired citizenship,FOR_P_HHAB,"European Union (EU6-1958, EU9-1973, EU10-1981, EU12-1986, EU15-1995, EU25-2004, EU27-2007, EU28-2013, EU27-2020)",EU,2014,2014,2.63
Annual,A,Percentage,PC,Total,T,Share of foreign citizens who have acquired citizenship,FOR_P_HHAB,"European Union (EU6-1958, EU9-1973, EU10-1981, EU12-1986, EU15-1995, EU25-2004, EU27-2007, EU28-2013, EU27-2020)",EU,2015,2015,2.4
Annual,A,Percentage,PC,Total,T,Share of foreign citizens who have acquired citizenship,FOR_P_HHAB,"European Union (EU6-1958, EU9-1973, EU10-1981, EU12-1986, EU15-1995, EU25-2004, EU27-2007, EU28-2013, EU27-2020)",EU,2016,2016,2.7
Annual,A,Percentage,PC,Total,T,Share of foreign citizens who have acquired citizenship,FOR_P_HHAB,"European Union (EU6-1958, EU9-1973, EU10-1981, EU12-1986, EU15-1995, EU25-2004, EU27-2007, EU28-2013, EU27-2020)",EU,2017,2017,2.16
Annual,A,Percentage,PC,Total,T,Share of foreign citizens who have acquired citizenship,FOR_P_HHAB,"European Union (EU6-1958, EU9-1973, EU10-1981, EU12-1986, EU15-1995, EU25-2004, EU27-2007, EU28-2013, EU27-2020)",EU,2018,2018,2.09
Annual,A,Percentage,PC,Total,T,Share of foreign citizens who have acquired citizenship,FOR_P_HHAB,"European Union (EU6-1958, EU9-1973, EU10-1981, EU12-1986, EU15-1995, EU25-2004, EU27-2007, EU28-2013, EU27-2020)",EU,2019,2019,2.12
Annual,A,Percentage,PC,Total,T,Share of foreign citizens who have acquired citizenship,FOR_P_HHAB,"European Union (EU6-1958, EU9-1973, EU10-1981, EU12-1986, EU15-1995, EU25-2004, EU27-2007, EU28-2013, EU27-2020)",EU,2020,2020,2.01
Annual,A,Percentage,PC,Total,T,Share of foreign citizens who have acquired citizenship,FOR_P_HHAB,"European Union (EU6-1958, EU9-1973, EU10-1981, EU12-1986, EU15-1995, EU25-2004, EU27-2007, EU28-2013, EU27-2020)",EU,2021,2021,2.22
Annual,A,Percentage,PC,Total,T,Share of foreign citizens who have acquired citizenship,FOR_P_HHAB,"European Union (EU6-1958, EU9-1973, EU10-1981, EU12-1986, EU15-1995, EU25-2004, EU27-2007, EU28-2013, EU27-2020)",EU,2022,2022,2.63
Annual,A,Percentage,PC,Total,T,Share of foreign citizens who have acquired citizenship,FOR_P_HHAB,"European Union (EU6-1958, EU9-1973, EU10-1981, EU12-1986, EU15-1995, EU25-2004, EU27-2007, EU28-2013, EU27-2020)",EU,2023,2023,2.6
Annual,A,Percentage,PC,Total,T,Share of foreign citizens who have acquired citizenship,FOR_P_HHAB,"European Union (EU6-1958, EU9-1973, EU10-1981, EU12-1986, EU15-1995, EU25-2004, EU27-2007, EU28-2013, EU27-2020)",EU,2024,2024,2.73
Annual,A,Percentage,PC,Total,T,Share of foreign citizens who have acquired citizenship,FOR_P_HHAB,Belgium,BE,2009,2009,3.25
Annual,A,Percentage,PC,Total,T,Share of foreign citizens who have acquired citizenship,FOR_P_HHAB,Belgium,BE,2010,2010,3.29
Annual,A,Percentage,PC,Total,T,Share of foreign citizens who have acquired citizenship,FOR_P_HHAB,Belgium,BE,2011,2011,2.56
Annual,A,Percentage,PC,Total,T,Share of foreign citizens who have acquired citizenship,FOR_P_HHAB,Belgium,BE,2012,2012,3.22
Annual,A,Percentage,PC,Total,T,Share of foreign citizens who have acquired citizenship,FOR_P_HHAB,Belgium,BE,2013,2013,2.85
Annual,A,Percentage,PC,Total,T,Share of foreign citizens who have acquired citizenship,FOR_P_HHAB,Belgium,BE,2014,2014,1.51
Annual,A,Percentage,PC,Total,T,Share of foreign citizens who have acquired citizenship,FOR_P_HHAB,Belgium,BE,2015,2015,2.14
Annual,A,Percentage,PC,Total,T,Share of foreign citizens who have acquired citizenship,FOR_P_HHAB,Belgium,BE,2016,2016,2.41
Annual,A,Percentage,PC,Total,T,Share of foreign citizens who have acquired citizenship,FOR_P_HHAB,Belgium,BE,2017,2017,2.78
Annual,A,Percentage,PC,Total,T,Share of foreign citizens who have acquired citizenship,FOR_P_HHAB,Belgium,BE,2018,2018,2.65
Annual,A,Percentage,PC,Total,T,Share of foreign citizens who have acquired citizenship,FOR_P_HHAB,Belgium,BE,2019,2019,2.9
Annual,A,Percentage,PC,Total,T,Share of foreign citizens who have acquired citizenship,FOR_P_HHAB,Belgium,BE,2020,2020,2.37
Annual,A,Percentage,PC,Total,T,Share of foreign citizens who have acquired citizenship,FOR_P_HHAB,Belgium,BE,2021,2021,2.7
Annual,A,Percentage,PC,Total,T,Share of foreign citizens who have acquired citizenship,FOR_P_HHAB,Belgium,BE,2022,2022,3.26
Annual,A,Percentage,PC,Total,T,Share of foreign citizens who have acquired citizenship,FOR_P_HHAB,Belgium,BE,2023,2023,3.47
Annual,A,Percentage,PC,Total,T,Share of foreign citizens who have acquired citizenship,FOR_P_HHAB,Belgium,BE,2024,2024,3.68
Annual,A,Percentage,PC,Total,T,Share of foreign citizens who have acquired citizenship,FOR_P_HHAB,Bulgaria,BG,2009,2009,2.6
Annual,A,Percentage,PC,Total,T,Share of foreign citizens who have acquired citizenship,FOR_P_HHAB,Bulgaria,BG,2010,2010,2.34
Annual,A,Percentage,PC,Total,T,Share of foreign citizens who have acquired citizenship,FOR_P_HHAB,Bulgaria,BG,2011,2011,1.58
Annual,A,Percentage,PC,Total,T,Share of foreign citizens who have acquired citizenship,FOR_P_HHAB,Bulgaria,BG,2012,2012,4.44
Annual,A,Percentage,PC,Total,T,Share of foreign citizens who have acquired citizenship,FOR_P_HHAB,Bulgaria,BG,2013,2013,1.82
Annual,A,Percentage,PC,Total,T,Share of foreign citizens who have acquired citizenship,FOR_P_HHAB,Bulgaria,BG,2014,2014,1.69
Annual,A,Percentage,PC,Total,T,Share of foreign citizens who have acquired citizenship,FOR_P_HHAB,Bulgaria,BG,2015,2015,2.0
Annual,A,Percentage,PC,Total,T,Share of foreign citizens who have acquired citizenship,FOR_P_HHAB,Bulgaria,BG,2016,2016,2.27
Annual,A,Percentage,PC,Total,T,Share of foreign citizens who have acquired citizenship,FOR_P_HHAB,Bulgaria,BG,2017,2017,1.19
Annual,A,Percentage,PC,Total,T,Share of foreign citizens who have acquired citizenship,FOR_P_HHAB,Bulgaria,BG,2018,2018,1.21
Annual,A,Percentage,PC,Total,T,Share of foreign citizens who have acquired citizenship,FOR_P_HHAB,Bulgaria,BG,2019,2019,0.81
Annual,A,Percentage,PC,Total,T,Share of foreign citizens who have acquired citizenship,FOR_P_HHAB,Bulgaria,BG,2020,2020,0.85
Annual,A,Percentage,PC,Total,T,Share of foreign citizens who have acquired citizenship,FOR_P_HHAB,Bulgaria,BG,2021,2021,2.01
Annual,A,Percentage,PC,Total,T,Share of foreign citizens who have acquired citizenship,FOR_P_HHAB,Bulgaria,BG,2022,2022,1.4
Annual,A,Percentage,PC,Total,T,Share of foreign citizens who have acquired citizenship,FOR_P_HHAB,Bulgaria,BG,2023,2023,0.48
Annual,A,Percentage,PC,Total,T,Share of foreign citizens who have acquired citizenship,FOR_P_HHAB,Bulgaria,BG,2024,2024,0.29
Annual,A,Percentage,PC,Total,T,Share of foreign citizens who have acquired citizenship,FOR_P_HHAB,Czechia,CZ,2009,2009,0.28
Annual,A,Percentage,PC,Total,T,Share of foreign citizens who have acquired citizenship,FOR_P_HHAB,Czechia,CZ,2010,2010,0.26
Annual,A,Percentage,PC,Total,T,Share of foreign citizens who have acquired citizenship,FOR_P_HHAB,Czechia,CZ,2011,2011,0.39
Annual,A,Percentage,PC,Total,T,Share of foreign citizens who have acquired citizenship,FOR_P_HHAB,Czechia,CZ,2012,2012,0.41
Annual,A,Percentage,PC,Total,T,Share of foreign citizens who have acquired citizenship,FOR_P_HHAB,Czechia,CZ,2013,2013,0.53
Annual,A,Percentage,PC,Total,T,Share of foreign citizens who have acquired citizenship,FOR_P_HHAB,Czechia,CZ,2014,2014,1.16
Annual,A,Percentage,PC,Total,T,Share of foreign citizens who have acquired citizenship,FOR_P_HHAB,Czechia,CZ,2015,2015,0.57
Annual,A,Percentage,PC,Total,T,Share of foreign citizens who have acquired citizenship,FOR_P_HHAB,Czechia,CZ,2016,2016,0.96
Annual,A,Percentage,PC,Total,T,Share of foreign citizens who have acquired citizenship,FOR_P_HHAB,Czechia,CZ,2017,2017,0.68
Annual,A,Percentage,PC,Total,T,Share of foreign citizens who have acquired citizenship,FOR_P_HHAB,Czechia,CZ,2018,2018,0.45
Annual,A,Percentage,PC,Total,T,Share of foreign citizens who have acquired citizenship,FOR_P_HHAB,Czechia,CZ,2019,2019,0.53
Annual,A,Percentage,PC,Total,T,Share of foreign citizens who have acquired citizenship,FOR_P_HHAB,Czechia,CZ,2020,2020,0.45
Annual,A,Percentage,PC,Total,T,Share of foreign citizens who have acquired citizenship,FOR_P_HHAB,Czechia,CZ,2021,2021,1.06
Annual,A,Percentage,PC,Total,T,Share of foreign citizens who have acquired citizenship,FOR_P_HHAB,Czechia,CZ,2022,2022,1.02
Annual,A,Percentage,PC,Total,T,Share of foreign citizens who have acquired citizenship,FOR_P_HHAB,Czechia,CZ,2023,2023,0.64
Annual,A,Percentage,PC,Total,T,Share of foreign citizens who have acquired citizenship,FOR_P_HHAB,Czechia,CZ,2024,2024,0.62
Annual,A,Percentage,PC,Total,T,Share of foreign citizens who have acquired citizenship,FOR_P_HHAB,Denmark,DK,2009,2009,2.14
Annual,A,Percentage,PC,Total,T,Share of foreign citizens who have acquired citizenship,FOR_P_HHAB,Denmark,DK,2010,2010,1.22
Annual,A,Percentage,PC,Total,T,Share of foreign citizens who have acquired citizenship,FOR_P_HHAB,Denmark,DK,2011,2011,1.23
Annual,A,Percentage,PC,Total,T,Share of foreign citizens who have acquired citizenship,FOR_P_HHAB,Denmark,DK,2012,2012,1.0
Annual,A,Percentage,PC,Total,T,Share of foreign citizens who have acquired citizenship,FOR_P_HHAB,Denmark,DK,2013,2013,0.47
Annual,A,Percentage,PC,Total,T,Share of foreign citizens who have acquired citizenship,FOR_P_HHAB,Denmark,DK,2014,2014,1.2
Annual,A,Percentage,PC,Total,T,Share of foreign citizens who have acquired citizenship,FOR_P_HHAB,Denmark,DK,2015,2015,2.78
Annual,A,Percentage,PC,Total,T,Share of foreign citizens who have acquired citizenship,FOR_P_HHAB,Denmark,DK,2016,2016,3.25
Annual,A,Percentage,PC,Total,T,Share of foreign citizens who have acquired citizenship,FOR_P_HHAB,Denmark,DK,2017,2017,1.5
Annual,A,Percentage,PC,Total,T,Share of foreign citizens who have acquired citizenship,FOR_P_HHAB,Denmark,DK,2018,2018,0.56
Annual,A,Percentage,PC,Total,T,Share of foreign citizens who have acquired citizenship,FOR_P_HHAB,Denmark,DK,2019,2019,0.34
Annual,A,Percentage,PC,Total,T,Share of foreign citizens who have acquired citizenship,FOR_P_HHAB,Denmark,DK,2020,2020,1.32
Annual,A,Percentage,PC,Total,T,Share of foreign citizens who have acquired citizenship,FOR_P_HHAB,Denmark,DK,2021,2021,1.2
Annual,A,Percentage,PC,Total,T,Share of foreign citizens who have acquired citizenship,FOR_P_HHAB,Denmark,DK,2022,2022,0.92
Annual,A,Percentage,PC,Total,T,Share of foreign citizens who have acquired citizenship,FOR_P_HHAB,Denmark,DK,2023,2023,0.54
Annual,A,Percentage,PC,Total,T,Share of foreign citizens who have acquired citizenship,FOR_P_HHAB,Denmark,DK,2024,2024,0.96
Annual,A,Percentage,PC,Total,T,Share of foreign citizens who have acquired citizenship,FOR_P_HHAB,Germany,DE,2009,2009,1.34
Annual,A,Percentage,PC,Total,T,Share of foreign citizens who have acquired citizenship,FOR_P_HHAB,Germany,DE,2010,2010,1.47
Annual,A,Percentage,PC,Total,T,Share of foreign citizens who have acquired citizenship,FOR_P_HHAB,Germany,DE,2011,2011,1.79
Annual,A,Percentage,PC,Total,T,Share of foreign citizens who have acquired citizenship,FOR_P_HHAB,Germany,DE,2012,2012,1.81
Annual,A,Percentage,PC,Total,T,Share of foreign citizens who have acquired citizenship,FOR_P_HHAB,Germany,DE,2013,2013,1.68
Annual,A,Percentage,PC,Total,T,Share of foreign citizens who have acquired citizenship,FOR_P_HHAB,Germany,DE,2014,2014,1.58
Annual,A,Percentage,PC,Total,T,Share of foreign citizens who have acquired citizenship,FOR_P_HHAB,Germany,DE,2015,2015,1.46
Annual,A,Percentage,PC,Total,T,Share of foreign citizens who have acquired citizenship,FOR_P_HHAB,Germany,DE,2016,2016,1.3
Annual,A,Percentage,PC,Total,T,Share of foreign citizens who have acquired citizenship,FOR_P_HHAB,Germany,DE,2017,2017,1.25
Annual,A,Percentage,PC,Total,T,Share of foreign citizens who have acquired citizenship,FOR_P_HHAB,Germany,DE,2018,2018,1.21
Annual,A,Percentage,PC,Total,T,Share of foreign citizens who have acquired citizenship,FOR_P_HHAB,Germany,DE,2019,2019,1.31
Annual,A,Percentage,PC,Total,T,Share of foreign citizens who have acquired citizenship,FOR_P_HHAB,Germany,DE,2020,2020,1.07
Annual,A,Percentage,PC,Total,T,Share of foreign citizens who have acquired citizenship,FOR_P_HHAB,Germany,DE,2021,2021,1.23
Annual,A,Percentage,PC,Total,T,Share of foreign citizens who have acquired citizenship,FOR_P_HHAB,Germany,DE,2022,2022,1.53
Annual,A,Percentage,PC,Total,T,Share of foreign citizens who have acquired citizenship,FOR_P_HHAB,Germany,DE,2023,2023,1.74
Annual,A,Percentage,PC,Total,T,Share of foreign citizens who have acquired citizenship,FOR_P_HHAB,Germany,DE,2024,2024,2.38
Annual,A,Percentage,PC,Total,T,Share of foreign citizens who have acquired citizenship,FOR_P_HHAB,Estonia,EE,2009,2009,0.78
Annual,A,Percentage,PC,Total,T,Share of foreign citizens who have acquired citizenship,FOR_P_HHAB,Estonia,EE,2010,2010,0.56
Annual,A,Percentage,PC,Total,T,Share of foreign citizens who have acquired citizenship,FOR_P_HHAB,Estonia,EE,2011,2011,0.73
Annual,A,Percentage,PC,Total,T,Share of foreign citizens who have acquired citizenship,FOR_P_HHAB,Estonia,EE,2012,2012,0.65
Annual,A,Percentage,PC,Total,T,Share of foreign citizens who have acquired citizenship,FOR_P_HHAB,Estonia,EE,2013,2013,0.67
Annual,A,Percentage,PC,Total,T,Share of foreign citizens who have acquired citizenship,FOR_P_HHAB,Estonia,EE,2014,2014,0.83
Annual,A,Percentage,PC,Total,T,Share of foreign citizens who have acquired citizenship,FOR_P_HHAB,Estonia,EE,2015,2015,0.45
Annual,A,Percentage,PC,Total,T,Share of foreign citizens who have acquired citizenship,FOR_P_HHAB,Estonia,EE,2016,2016,0.9
Annual,A,Percentage,PC,Total,T,Share of foreign citizens who have acquired citizenship,FOR_P_HHAB,Estonia,EE,2017,2017,0.45
Annual,A,Percentage,PC,Total,T,Share of foreign citizens who have acquired citizenship,FOR_P_HHAB,Estonia,EE,2018,2018,0.39
Annual,A,Percentage,PC,Total,T,Share of foreign citizens who have acquired citizenship,FOR_P_HHAB,Estonia,EE,2019,2019,0.39
Annual,A,Percentage,PC,Total,T,Share of foreign citizens who have acquired citizenship,FOR_P_HHAB,Estonia,EE,2020,2020,0.39
Annual,A,Percentage,PC,Total,T,Share of foreign citizens who have acquired citizenship,FOR_P_HHAB,Estonia,EE,2021,2021,0.52
Annual,A,Percentage,PC,Total,T,Share of foreign citizens who have acquired citizenship,FOR_P_HHAB,Estonia,EE,2022,2022,0.4
Annual,A,Percentage,PC,Total,T,Share of foreign citizens who have acquired citizenship,FOR_P_HHAB,Estonia,EE,2023,2023,0.46
Annual,A,Percentage,PC,Total,T,Share of foreign citizens who have acquired citizenship,FOR_P_HHAB,Estonia,EE,2024,2024,0.31
Annual,A,Percentage,PC,Total,T,Share of foreign citizens who have acquired citizenship,FOR_P_HHAB,Ireland,IE,2009,2009,0.78
Annual,A,Percentage,PC,Total,T,Share of foreign citizens who have acquired citizenship,FOR_P_HHAB,Ireland,IE,2010,2010,1.12
Annual,A,Percentage,PC,Total,T,Share of foreign citizens who have acquired citizenship,FOR_P_HHAB,Ireland,IE,2011,2011,1.92
Annual,A,Percentage,PC,Total,T,Share of foreign citizens who have acquired citizenship,FOR_P_HHAB,Ireland,IE,2012,2012,4.54
Annual,A,Percentage,PC,Total,T,Share of foreign citizens who have acquired citizenship,FOR_P_HHAB,Ireland,IE,2013,2013,4.52
Annual,A,Percentage,PC,Total,T,Share of foreign citizens who have acquired citizenship,FOR_P_HHAB,Ireland,IE,2014,2014,3.99
Annual,A,Percentage,PC,Total,T,Share of foreign citizens who have acquired citizenship,FOR_P_HHAB,Ireland,IE,2015,2015,2.55
Annual,A,Percentage,PC,Total,T,Share of foreign citizens who have acquired citizenship,FOR_P_HHAB,Ireland,IE,2016,2016,1.84
Annual,A,Percentage,PC,Total,T,Share of foreign citizens who have acquired citizenship,FOR_P_HHAB,Ireland,IE,2017,2017,1.45
Annual,A,Percentage,PC,Total,T,Share of foreign citizens who have acquired citizenship,FOR_P_HHAB,Ireland,IE,2018,2018,1.41
Annual,A,Percentage,PC,Total,T,Share of foreign citizens who have acquired citizenship,FOR_P_HHAB,Ireland,IE,2019,2019,0.95
Annual,A,Percentage,PC,Total,T,Share of foreign citizens who have acquired citizenship,FOR_P_HHAB,Ireland,IE,2020,2020,0.85
Annual,A,Percentage,PC,Total,T,Share of foreign citizens who have acquired citizenship,FOR_P_HHAB,Ireland,IE,2021,2021,1.52
Annual,A,Percentage,PC,Total,T,Share of foreign citizens who have acquired citizenship,FOR_P_HHAB,Ireland,IE,2022,2022,2.07
Annual,A,Percentage,PC,Total,T,Share of foreign citizens who have acquired citizenship,FOR_P_HHAB,Ireland,IE,2023,2023,2.41
Annual,A,Percentage,PC,Total,T,Share of foreign citizens who have acquired citizenship,FOR_P_HHAB,Ireland,IE,2024,2024,2.94
Annual,A,Percentage,PC,Total,T,Share of foreign citizens who have acquired citizenship,FOR_P_HHAB,Greece,EL,2009,2009,1.83
Annual,A,Percentage,PC,Total,T,Share of foreign citizens who have acquired citizenship,FOR_P_HHAB,Greece,EL,2010,2010,1.01
Annual,A,Percentage,PC,Total,T,Share of foreign citizens who have acquired citizenship,FOR_P_HHAB,Greece,EL,2011,2011,1.88
Annual,A,Percentage,PC,Total,T,Share of foreign citizens who have acquired citizenship,FOR_P_HHAB,Greece,EL,2012,2012,2.2
Annual,A,Percentage,PC,Total,T,Share of foreign citizens who have acquired citizenship,FOR_P_HHAB,Greece,EL,2013,2013,3.32
Annual,A,Percentage,PC,Total,T,Share of foreign citizens who have acquired citizenship,FOR_P_HHAB,Greece,EL,2014,2014,2.45
Annual,A,Percentage,PC,Total,T,Share of foreign citizens who have acquired citizenship,FOR_P_HHAB,Greece,EL,2015,2015,1.7
Annual,A,Percentage,PC,Total,T,Share of foreign citizens who have acquired citizenship,FOR_P_HHAB,Greece,EL,2016,2016,4.16
Annual,A,Percentage,PC,Total,T,Share of foreign citizens who have acquired citizenship,FOR_P_HHAB,Greece,EL,2017,2017,4.24
Annual,A,Percentage,PC,Total,T,Share of foreign citizens who have acquired citizenship,FOR_P_HHAB,Greece,EL,2018,2018,3.41
Annual,A,Percentage,PC,Total,T,Share of foreign citizens who have acquired citizenship,FOR_P_HHAB,Greece,EL,2019,2019,1.96
Annual,A,Percentage,PC,Total,T,Share of foreign citizens who have acquired citizenship,FOR_P_HHAB,Greece,EL,2020,2020,1.66
Annual,A,Percentage,PC,Total,T,Share of foreign citizens who have acquired citizenship,FOR_P_HHAB,Greece,EL,2021,2021,1.1
Annual,A,Percentage,PC,Total,T,Share of foreign citizens who have acquired citizenship,FOR_P_HHAB,Greece,EL,2022,2022,1.67
Annual,A,Percentage,PC,Total,T,Share of foreign citizens who have acquired citizenship,FOR_P_HHAB,Greece,EL,2023,2023,1.74
Annual,A,Percentage,PC,Total,T,Share of foreign citizens who have acquired citizenship,FOR_P_HHAB,Greece,EL,2024,2024,1.92
Annual,A,Percentage,PC,Total,T,Share of foreign citizens who have acquired citizenship,FOR_P_HHAB,Spain,ES,2009,2009,1.48
Annual,A,Percentage,PC,Total,T,Share of foreign citizens who have acquired citizenship,FOR_P_HHAB,Spain,ES,2010,2010,2.29
Annual,A,Percentage,PC,Total,T,Share of foreign citizens who have acquired citizenship,FOR_P_HHAB,Spain,ES,2011,2011,2.16
Annual,A,Percentage,PC,Total,T,Share of foreign citizens who have acquired citizenship,FOR_P_HHAB,Spain,ES,2012,2012,1.8
Annual,A,Percentage,PC,Total,T,Share of foreign citizens who have acquired citizenship,FOR_P_HHAB,Spain,ES,2013,2013,4.46
Annual,A,Percentage,PC,Total,T,Share of foreign citizens who have acquired citizenship,FOR_P_HHAB,Spain,ES,2014,2014,4.4
Annual,A,Percentage,PC,Total,T,Share of foreign citizens who have acquired citizenship,FOR_P_HHAB,Spain,ES,2015,2015,2.57
Annual,A,Percentage,PC,Total,T,Share of foreign citizens who have acquired citizenship,FOR_P_HHAB,Spain,ES,2016,2016,3.42
Annual,A,Percentage,PC,Total,T,Share of foreign citizens who have acquired citizenship,FOR_P_HHAB,Spain,ES,2017,2017,1.51
Annual,A,Percentage,PC,Total,T,Share of foreign citizens who have acquired citizenship,FOR_P_HHAB,Spain,ES,2018,2018,1.98
Annual,A,Percentage,PC,Total,T,Share of foreign citizens who have acquired citizenship,FOR_P_HHAB,Spain,ES,2019,2019,2.04
Annual,A,Percentage,PC,Total,T,Share of foreign citizens who have acquired citizenship,FOR_P_HHAB,Spain,ES,2020,2020,2.41
Annual,A,Percentage,PC,Total,T,Share of foreign citizens who have acquired citizenship,FOR_P_HHAB,Spain,ES,2021,2021,2.67
Annual,A,Percentage,PC,Total,T,Share of foreign citizens who have acquired citizenship,FOR_P_HHAB,Spain,ES,2022,2022,3.3
Annual,A,Percentage,PC,Total,T,Share of foreign citizens who have acquired citizenship,FOR_P_HHAB,Spain,ES,2023,2023,3.94
Annual,A,Percentage,PC,Total,T,Share of foreign citizens who have acquired citizenship,FOR_P_HHAB,Spain,ES,2024,2024,3.88
Annual,A,Percentage,PC,Total,T,Share of foreign citizens who have acquired citizenship,FOR_P_HHAB,France,FR,2009,2009,3.62
Annual,A,Percentage,PC,Total,T,Share of foreign citizens who have acquired citizenship,FOR_P_HHAB,France,FR,2010,2010,3.75
Annual,A,Percentage,PC,Total,T,Share of foreign citizens who have acquired citizenship,FOR_P_HHAB,France,FR,2011,2011,2.96
Annual,A,Percentage,PC,Total,T,Share of foreign citizens who have acquired citizenship,FOR_P_HHAB,France,FR,2012,2012,2.43
Annual,A,Percentage,PC,Total,T,Share of foreign citizens who have acquired citizenship,FOR_P_HHAB,France,FR,2013,2013,2.38
Annual,A,Percentage,PC,Total,T,Share of foreign citizens who have acquired citizenship,FOR_P_HHAB,France,FR,2014,2014,2.5
Annual,A,Percentage,PC,Total,T,Share of foreign citizens who have acquired citizenship,FOR_P_HHAB,France,FR,2015,2015,2.56
Annual,A,Percentage,PC,Total,T,Share of foreign citizens who have acquired citizenship,FOR_P_HHAB,France,FR,2016,2016,2.62
Annual,A,Percentage,PC,Total,T,Share of foreign citizens who have acquired citizenship,FOR_P_HHAB,France,FR,2017,2017,2.48
Annual,A,Percentage,PC,Total,T,Share of foreign citizens who have acquired citizenship,FOR_P_HHAB,France,FR,2018,2018,2.22
Annual,A,Percentage,PC,Total,T,Share of foreign citizens who have acquired citizenship,FOR_P_HHAB,France,FR,2019,2019,2.18
Annual,A,Percentage,PC,Total,T,Share of foreign citizens who have acquired citizenship,FOR_P_HHAB,France,FR,2020,2020,1.68
Annual,A,Percentage,PC,Total,T,Share of foreign citizens who have acquired citizenship,FOR_P_HHAB,France,FR,2021,2021,2.46
Annual,A,Percentage,PC,Total,T,Share of foreign citizens who have acquired citizenship,FOR_P_HHAB,France,FR,2022,2022,2.15
Annual,A,Percentage,PC,Total,T,Share of foreign citizens who have acquired citizenship,FOR_P_HHAB,France,FR,2023,2023,1.73
Annual,A,Percentage,PC,Total,T,Share of foreign citizens who have acquired citizenship,FOR_P_HHAB,France,FR,2024,2024,1.71
Annual,A,Percentage,PC,Total,T,Share of foreign citizens who have acquired citizenship,FOR_P_HHAB,Croatia,HR,2012,2012,4.64
Annual,A,Percentage,PC,Total,T,Share of foreign citizens who have acquired citizenship,FOR_P_HHAB,Croatia,HR,2013,2013,3.98
Annual,A,Percentage,PC,Total,T,Share of foreign citizens who have acquired citizenship,FOR_P_HHAB,Croatia,HR,2014,2014,2.88
Annual,A,Percentage,PC,Total,T,Share of foreign citizens who have acquired citizenship,FOR_P_HHAB,Croatia,HR,2015,2015,4.96
Annual,A,Percentage,PC,Total,T,Share of foreign citizens who have acquired citizenship,FOR_P_HHAB,Croatia,HR,2016,2016,16.4
Annual,A,Percentage,PC,Total,T,Share of foreign citizens who have acquired citizenship,FOR_P_HHAB,Croatia,HR,2017,2017,2.85
Annual,A,Percentage,PC,Total,T,Share of foreign citizens who have acquired citizenship,FOR_P_HHAB,Croatia,HR,2018,2018,3.55
Annual,A,Percentage,PC,Total,T,Share of foreign citizens who have acquired citizenship,FOR_P_HHAB,Croatia,HR,2019,2019,4.69
Annual,A,Percentage,PC,Total,T,Share of foreign citizens who have acquired citizenship,FOR_P_HHAB,Croatia,HR,2020,2020,4.66
Annual,A,Percentage,PC,Total,T,Share of foreign citizens who have acquired citizenship,FOR_P_HHAB,Croatia,HR,2021,2021,2.67
Annual,A,Percentage,PC,Total,T,Share of foreign citizens who have acquired citizenship,FOR_P_HHAB,Croatia,HR,2022,2022,2.1
Annual,A,Percentage,PC,Total,T,Share of foreign citizens who have acquired citizenship,FOR_P_HHAB,Croatia,HR,2023,2023,0.93
Annual,A,Percentage,PC,Total,T,Share of foreign citizens who have acquired citizenship,FOR_P_HHAB,Croatia,HR,2024,2024,0.69
Annual,A,Percentage,PC,Total,T,Share of foreign citizens who have acquired citizenship,FOR_P_HHAB,Italy,IT,2009,2009,1.67
Annual,A,Percentage,PC,Total,T,Share of foreign citizens who have acquired citizenship,FOR_P_HHAB,Italy,IT,2010,2010,1.72
Annual,A,Percentage,PC,Total,T,Share of foreign citizens who have acquired citizenship,FOR_P_HHAB,Italy,IT,2011,2011,1.37
Annual,A,Percentage,PC,Total,T,Share of foreign citizens who have acquired citizenship,FOR_P_HHAB,Italy,IT,2012,2012,1.51
Annual,A,Percentage,PC,Total,T,Share of foreign citizens who have acquired citizenship,FOR_P_HHAB,Italy,IT,2013,2013,2.18
Annual,A,Percentage,PC,Total,T,Share of foreign citizens who have acquired citizenship,FOR_P_HHAB,Italy,IT,2014,2014,2.71
Annual,A,Percentage,PC,Total,T,Share of foreign citizens who have acquired citizenship,FOR_P_HHAB,Italy,IT,2015,2015,3.68
Annual,A,Percentage,PC,Total,T,Share of foreign citizens who have acquired citizenship,FOR_P_HHAB,Italy,IT,2016,2016,4.17
Annual,A,Percentage,PC,Total,T,Share of foreign citizens who have acquired citizenship,FOR_P_HHAB,Italy,IT,2017,2017,3.04
Annual,A,Percentage,PC,Total,T,Share of foreign citizens who have acquired citizenship,FOR_P_HHAB,Italy,IT,2018,2018,2.3
Annual,A,Percentage,PC,Total,T,Share of foreign citizens who have acquired citizenship,FOR_P_HHAB,Italy,IT,2019,2019,2.54
Annual,A,Percentage,PC,Total,T,Share of foreign citizens who have acquired citizenship,FOR_P_HHAB,Italy,IT,2020,2020,2.62
Annual,A,Percentage,PC,Total,T,Share of foreign citizens who have acquired citizenship,FOR_P_HHAB,Italy,IT,2021,2021,2.35
Annual,A,Percentage,PC,Total,T,Share of foreign citizens who have acquired citizenship,FOR_P_HHAB,Italy,IT,2022,2022,4.25
Annual,A,Percentage,PC,Total,T,Share of foreign citizens who have acquired citizenship,FOR_P_HHAB,Italy,IT,2023,2023,4.15
Annual,A,Percentage,PC,Total,T,Share of foreign citizens who have acquired citizenship,FOR_P_HHAB,Italy,IT,2024,2024,4.14
Annual,A,Percentage,PC,Total,T,Share of foreign citizens who have acquired citizenship,FOR_P_HHAB,Cyprus,CY,2009,2009,1.61
Annual,A,Percentage,PC,Total,T,Share of foreign citizens who have acquired citizenship,FOR_P_HHAB,Cyprus,CY,2010,2010,0.92
Annual,A,Percentage,PC,Total,T,Share of foreign citizens who have acquired citizenship,FOR_P_HHAB,Cyprus,CY,2011,2011,0.79
Annual,A,Percentage,PC,Total,T,Share of foreign citizens who have acquired citizenship,FOR_P_HHAB,Cyprus,CY,2012,2012,0.89
Annual,A,Percentage,PC,Total,T,Share of foreign citizens who have acquired citizenship,FOR_P_HHAB,Cyprus,CY,2013,2013,0.67
Annual,A,Percentage,PC,Total,T,Share of foreign citizens who have acquired citizenship,FOR_P_HHAB,Cyprus,CY,2014,2014,0.97
Annual,A,Percentage,PC,Total,T,Share of foreign citizens who have acquired citizenship,FOR_P_HHAB,Cyprus,CY,2015,2015,1.43
Annual,A,Percentage,PC,Total,T,Share of foreign citizens who have acquired citizenship,FOR_P_HHAB,Cyprus,CY,2016,2016,1.92
Annual,A,Percentage,PC,Total,T,Share of foreign citizens who have acquired citizenship,FOR_P_HHAB,Cyprus,CY,2017,2017,2.28
Annual,A,Percentage,PC,Total,T,Share of foreign citizens who have acquired citizenship,FOR_P_HHAB,Cyprus,CY,2018,2018,1.9
Annual,A,Percentage,PC,Total,T,Share of foreign citizens who have acquired citizenship,FOR_P_HHAB,Cyprus,CY,2019,2019,1.62
Annual,A,Percentage,PC,Total,T,Share of foreign citizens who have acquired citizenship,FOR_P_HHAB,Cyprus,CY,2020,2020,1.48
Annual,A,Percentage,PC,Total,T,Share of foreign citizens who have acquired citizenship,FOR_P_HHAB,Cyprus,CY,2021,2021,0.99
Annual,A,Percentage,PC,Total,T,Share of foreign citizens who have acquired citizenship,FOR_P_HHAB,Cyprus,CY,2022,2022,1.4
Annual,A,Percentage,PC,Total,T,Share of foreign citizens who have acquired citizenship,FOR_P_HHAB,Cyprus,CY,2023,2023,1.51
Annual,A,Percentage,PC,Total,T,Share of foreign citizens who have acquired citizenship,FOR_P_HHAB,Cyprus,CY,2024,2024,1.21
Annual,A,Percentage,PC,Total,T,Share of foreign citizens who have acquired citizenship,FOR_P_HHAB,Latvia,LV,2009,2009,0.85
Annual,A,Percentage,PC,Total,T,Share of foreign citizens who have acquired citizenship,FOR_P_HHAB,Latvia,LV,2010,2010,1.01
Annual,A,Percentage,PC,Total,T,Share of foreign citizens who have acquired citizenship,FOR_P_HHAB,Latvia,LV,2011,2011,0.72
Annual,A,Percentage,PC,Total,T,Share of foreign citizens who have acquired citizenship,FOR_P_HHAB,Latvia,LV,2012,2012,1.17
Annual,A,Percentage,PC,Total,T,Share of foreign citizens who have acquired citizenship,FOR_P_HHAB,Latvia,LV,2013,2013,0.98
Annual,A,Percentage,PC,Total,T,Share of foreign citizens who have acquired citizenship,FOR_P_HHAB,Latvia,LV,2014,2014,0.7
Annual,A,Percentage,PC,Total,T,Share of foreign citizens who have acquired citizenship,FOR_P_HHAB,Latvia,LV,2015,2015,0.64
Annual,A,Percentage,PC,Total,T,Share of foreign citizens who have acquired citizenship,FOR_P_HHAB,Latvia,LV,2016,2016,0.68
Annual,A,Percentage,PC,Total,T,Share of foreign citizens who have acquired citizenship,FOR_P_HHAB,Latvia,LV,2017,2017,0.64
Annual,A,Percentage,PC,Total,T,Share of foreign citizens who have acquired citizenship,FOR_P_HHAB,Latvia,LV,2018,2018,0.62
Annual,A,Percentage,PC,Total,T,Share of foreign citizens who have acquired citizenship,FOR_P_HHAB,Latvia,LV,2019,2019,0.62
Annual,A,Percentage,PC,Total,T,Share of foreign citizens who have acquired citizenship,FOR_P_HHAB,Latvia,LV,2020,2020,0.44
Annual,A,Percentage,PC,Total,T,Share of foreign citizens who have acquired citizenship,FOR_P_HHAB,Latvia,LV,2021,2021,0.34
Annual,A,Percentage,PC,Total,T,Share of foreign citizens who have acquired citizenship,FOR_P_HHAB,Latvia,LV,2022,2022,0.39
Annual,A,Percentage,PC,Total,T,Share of foreign citizens who have acquired citizenship,FOR_P_HHAB,Latvia,LV,2023,2023,0.39
Annual,A,Percentage,PC,Total,T,Share of foreign citizens who have acquired citizenship,FOR_P_HHAB,Latvia,LV,2024,2024,0.44
Annual,A,Percentage,PC,Total,T,Share of foreign citizens who have acquired citizenship,FOR_P_HHAB,Lithuania,LT,2009,2009,0.66
Annual,A,Percentage,PC,Total,T,Share of foreign citizens who have acquired citizenship,FOR_P_HHAB,Lithuania,LT,2010,2010,0.66
Annual,A,Percentage,PC,Total,T,Share of foreign citizens who have acquired citizenship,FOR_P_HHAB,Lithuania,LT,2011,2011,1.06
Annual,A,Percentage,PC,Total,T,Share of foreign citizens who have acquired citizenship,FOR_P_HHAB,Lithuania,LT,2012,2012,0.88
Annual,A,Percentage,PC,Total,T,Share of foreign citizens who have acquired citizenship,FOR_P_HHAB,Lithuania,LT,2013,2013,0.86
Annual,A,Percentage,PC,Total,T,Share of foreign citizens who have acquired citizenship,FOR_P_HHAB,Lithuania,LT,2014,2014,0.9
Annual,A,Percentage,PC,Total,T,Share of foreign citizens who have acquired citizenship,FOR_P_HHAB,Lithuania,LT,2015,2015,0.9
Annual,A,Percentage,PC,Total,T,Share of foreign citizens who have acquired citizenship,FOR_P_HHAB,Lithuania,LT,2016,2016,0.92
Annual,A,Percentage,PC,Total,T,Share of foreign citizens who have acquired citizenship,FOR_P_HHAB,Lithuania,LT,2017,2017,1.0
Annual,A,Percentage,PC,Total,T,Share of foreign citizens who have acquired citizenship,FOR_P_HHAB,Lithuania,LT,2018,2018,0.69
Annual,A,Percentage,PC,Total,T,Share of foreign citizens who have acquired citizenship,FOR_P_HHAB,Lithuania,LT,2019,2019,0.58
Annual,A,Percentage,PC,Total,T,Share of foreign citizens who have acquired citizenship,FOR_P_HHAB,Lithuania,LT,2020,2020,0.74
Annual,A,Percentage,PC,Total,T,Share of foreign citizens who have acquired citizenship,FOR_P_HHAB,Lithuania,LT,2021,2021,0.75
Annual,A,Percentage,PC,Total,T,Share of foreign citizens who have acquired citizenship,FOR_P_HHAB,Lithuania,LT,2022,2022,1.41
Annual,A,Percentage,PC,Total,T,Share of foreign citizens who have acquired citizenship,FOR_P_HHAB,Lithuania,LT,2023,2023,0.11
Annual,A,Percentage,PC,Total,T,Share of foreign citizens who have acquired citizenship,FOR_P_HHAB,Lithuania,LT,2024,2024,0.09
Annual,A,Percentage,PC,Total,T,Share of foreign citizens who have acquired citizenship,FOR_P_HHAB,Luxembourg,LU,2009,2009,1.87
Annual,A,Percentage,PC,Total,T,Share of foreign citizens who have acquired citizenship,FOR_P_HHAB,Luxembourg,LU,2010,2010,2.0
Annual,A,Percentage,PC,Total,T,Share of foreign citizens who have acquired citizenship,FOR_P_HHAB,Luxembourg,LU,2011,2011,1.54
Annual,A,Percentage,PC,Total,T,Share of foreign citizens who have acquired citizenship,FOR_P_HHAB,Luxembourg,LU,2012,2012,2.04
Annual,A,Percentage,PC,Total,T,Share of foreign citizens who have acquired citizenship,FOR_P_HHAB,Luxembourg,LU,2013,2013,1.07
Annual,A,Percentage,PC,Total,T,Share of foreign citizens who have acquired citizenship,FOR_P_HHAB,Luxembourg,LU,2014,2014,1.29
Annual,A,Percentage,PC,Total,T,Share of foreign citizens who have acquired citizenship,FOR_P_HHAB,Luxembourg,LU,2015,2015,1.24
Annual,A,Percentage,PC,Total,T,Share of foreign citizens who have acquired citizenship,FOR_P_HHAB,Luxembourg,LU,2016,2016,1.23
Annual,A,Percentage,PC,Total,T,Share of foreign citizens who have acquired citizenship,FOR_P_HHAB,Luxembourg,LU,2017,2017,1.77
Annual,A,Percentage,PC,Total,T,Share of foreign citizens who have acquired citizenship,FOR_P_HHAB,Luxembourg,LU,2018,2018,2.41
Annual,A,Percentage,PC,Total,T,Share of foreign citizens who have acquired citizenship,FOR_P_HHAB,Luxembourg,LU,2019,2019,1.94
Annual,A,Percentage,PC,Total,T,Share of foreign citizens who have acquired citizenship,FOR_P_HHAB,Luxembourg,LU,2020,2020,1.57
Annual,A,Percentage,PC,Total,T,Share of foreign citizens who have acquired citizenship,FOR_P_HHAB,Luxembourg,LU,2021,2021,1.65
Annual,A,Percentage,PC,Total,T,Share of foreign citizens who have acquired citizenship,FOR_P_HHAB,Luxembourg,LU,2022,2022,1.76
Annual,A,Percentage,PC,Total,T,Share of foreign citizens who have acquired citizenship,FOR_P_HHAB,Luxembourg,LU,2023,2023,1.86
Annual,A,Percentage,PC,Total,T,Share of foreign citizens who have acquired citizenship,FOR_P_HHAB,Luxembourg,LU,2024,2024,1.86
Annual,A,Percentage,PC,Total,T,Share of foreign citizens who have acquired citizenship,FOR_P_HHAB,Hungary,HU,2009,2009,3.11
Annual,A,Percentage,PC,Total,T,Share of foreign citizens who have acquired citizenship,FOR_P_HHAB,Hungary,HU,2010,2010,3.04
Annual,A,Percentage,PC,Total,T,Share of foreign citizens who have acquired citizenship,FOR_P_HHAB,Hungary,HU,2011,2011,9.82
Annual,A,Percentage,PC,Total,T,Share of foreign citizens who have acquired citizenship,FOR_P_HHAB,Hungary,HU,2012,2012,12.84
Annual,A,Percentage,PC,Total,T,Share of foreign citizens who have acquired citizenship,FOR_P_HHAB,Hungary,HU,2013,2013,6.5
Annual,A,Percentage,PC,Total,T,Share of foreign citizens who have acquired citizenship,FOR_P_HHAB,Hungary,HU,2014,2014,6.23
Annual,A,Percentage,PC,Total,T,Share of foreign citizens who have acquired citizenship,FOR_P_HHAB,Hungary,HU,2015,2015,2.78
Annual,A,Percentage,PC,Total,T,Share of foreign citizens who have acquired citizenship,FOR_P_HHAB,Hungary,HU,2016,2016,2.76
Annual,A,Percentage,PC,Total,T,Share of foreign citizens who have acquired citizenship,FOR_P_HHAB,Hungary,HU,2017,2017,1.85
Annual,A,Percentage,PC,Total,T,Share of foreign citizens who have acquired citizenship,FOR_P_HHAB,Hungary,HU,2018,2018,2.17
Annual,A,Percentage,PC,Total,T,Share of foreign citizens who have acquired citizenship,FOR_P_HHAB,Hungary,HU,2019,2019,1.8
Annual,A,Percentage,PC,Total,T,Share of foreign citizens who have acquired citizenship,FOR_P_HHAB,Hungary,HU,2020,2020,1.07
Annual,A,Percentage,PC,Total,T,Share of foreign citizens who have acquired citizenship,FOR_P_HHAB,Hungary,HU,2021,2021,1.29
Annual,A,Percentage,PC,Total,T,Share of foreign citizens who have acquired citizenship,FOR_P_HHAB,Hungary,HU,2022,2022,1.47
Annual,A,Percentage,PC,Total,T,Share of foreign citizens who have acquired citizenship,FOR_P_HHAB,Hungary,HU,2023,2023,1.07
Annual,A,Percentage,PC,Total,T,Share of foreign citizens who have acquired citizenship,FOR_P_HHAB,Hungary,HU,2024,2024,0.69
Annual,A,Percentage,PC,Total,T,Share of foreign citizens who have acquired citizenship,FOR_P_HHAB,Malta,MT,2009,2009,4.87
Annual,A,Percentage,PC,Total,T,Share of foreign citizens who have acquired citizenship,FOR_P_HHAB,Malta,MT,2010,2010,1.7
Annual,A,Percentage,PC,Total,T,Share of foreign citizens who have acquired citizenship,FOR_P_HHAB,Malta,MT,2011,2011,1.23
Annual,A,Percentage,PC,Total,T,Share of foreign citizens who have acquired citizenship,FOR_P_HHAB,Malta,MT,2012,2012,3.26
Annual,A,Percentage,PC,Total,T,Share of foreign citizens who have acquired citizenship,FOR_P_HHAB,Malta,MT,2013,2013,1.79
Annual,A,Percentage,PC,Total,T,Share of foreign citizens who have acquired citizenship,FOR_P_HHAB,Malta,MT,2014,2014,1.07
Annual,A,Percentage,PC,Total,T,Share of foreign citizens who have acquired citizenship,FOR_P_HHAB,Malta,MT,2015,2015,1.65
Annual,A,Percentage,PC,Total,T,Share of foreign citizens who have acquired citizenship,FOR_P_HHAB,Malta,MT,2016,2016,3.03
Annual,A,Percentage,PC,Total,T,Share of foreign citizens who have acquired citizenship,FOR_P_HHAB,Malta,MT,2017,2017,3.39
Annual,A,Percentage,PC,Total,T,Share of foreign citizens who have acquired citizenship,FOR_P_HHAB,Malta,MT,2018,2018,1.43
Annual,A,Percentage,PC,Total,T,Share of foreign citizens who have acquired citizenship,FOR_P_HHAB,Malta,MT,2019,2019,0.85
Annual,A,Percentage,PC,Total,T,Share of foreign citizens who have acquired citizenship,FOR_P_HHAB,Malta,MT,2020,2020,1.06
Annual,A,Percentage,PC,Total,T,Share of foreign citizens who have acquired citizenship,FOR_P_HHAB,Malta,MT,2021,2021,1.03
Annual,A,Percentage,PC,Total,T,Share of foreign citizens who have acquired citizenship,FOR_P_HHAB,Malta,MT,2022,2022,0.72
Annual,A,Percentage,PC,Total,T,Share of foreign citizens who have acquired citizenship,FOR_P_HHAB,Malta,MT,2023,2023,0.6
Annual,A,Percentage,PC,Total,T,Share of foreign citizens who have acquired citizenship,FOR_P_HHAB,Malta,MT,2024,2024,0.72
Annual,A,Percentage,PC,Total,T,Share of foreign citizens who have acquired citizenship,FOR_P_HHAB,Netherlands,NL,2009,2009,4.67
Annual,A,Percentage,PC,Total,T,Share of foreign citizens who have acquired citizenship,FOR_P_HHAB,Netherlands,NL,2010,2010,4.03
Annual,A,Percentage,PC,Total,T,Share of foreign citizens who have acquired citizenship,FOR_P_HHAB,Netherlands,NL,2011,2011,4.25
Annual,A,Percentage,PC,Total,T,Share of foreign citizens who have acquired citizenship,FOR_P_HHAB,Netherlands,NL,2012,2012,4.44
Annual,A,Percentage,PC,Total,T,Share of foreign citizens who have acquired citizenship,FOR_P_HHAB,Netherlands,NL,2013,2013,3.62
Annual,A,Percentage,PC,Total,T,Share of foreign citizens who have acquired citizenship,FOR_P_HHAB,Netherlands,NL,2014,2014,4.44
Annual,A,Percentage,PC,Total,T,Share of foreign citizens who have acquired citizenship,FOR_P_HHAB,Netherlands,NL,2015,2015,3.6
Annual,A,Percentage,PC,Total,T,Share of foreign citizens who have acquired citizenship,FOR_P_HHAB,Netherlands,NL,2016,2016,3.42
Annual,A,Percentage,PC,Total,T,Share of foreign citizens who have acquired citizenship,FOR_P_HHAB,Netherlands,NL,2017,2017,3.02
Annual,A,Percentage,PC,Total,T,Share of foreign citizens who have acquired citizenship,FOR_P_HHAB,Netherlands,NL,2018,2018,2.81
Annual,A,Percentage,PC,Total,T,Share of foreign citizens who have acquired citizenship,FOR_P_HHAB,Netherlands,NL,2019,2019,3.2
Annual,A,Percentage,PC,Total,T,Share of foreign citizens who have acquired citizenship,FOR_P_HHAB,Netherlands,NL,2020,2020,4.84
Annual,A,Percentage,PC,Total,T,Share of foreign citizens who have acquired citizenship,FOR_P_HHAB,Netherlands,NL,2021,2021,5.37
Annual,A,Percentage,PC,Total,T,Share of foreign citizens who have acquired citizenship,FOR_P_HHAB,Netherlands,NL,2022,2022,4.36
Annual,A,Percentage,PC,Total,T,Share of foreign citizens who have acquired citizenship,FOR_P_HHAB,Netherlands,NL,2023,2023,4.0
Annual,A,Percentage,PC,Total,T,Share of foreign citizens who have acquired citizenship,FOR_P_HHAB,Netherlands,NL,2024,2024,3.87
Annual,A,Percentage,PC,Total,T,Share of foreign citizens who have acquired citizenship,FOR_P_HHAB,Austria,AT,2009,2009,0.94
Annual,A,Percentage,PC,Total,T,Share of foreign citizens who have acquired citizenship,FOR_P_HHAB,Austria,AT,2010,2010,0.7
Annual,A,Percentage,PC,Total,T,Share of foreign citizens who have acquired citizenship,FOR_P_HHAB,Austria,AT,2011,2011,0.74
Annual,A,Percentage,PC,Total,T,Share of foreign citizens who have acquired citizenship,FOR_P_HHAB,Austria,AT,2012,2012,0.75
Annual,A,Percentage,PC,Total,T,Share of foreign citizens who have acquired citizenship,FOR_P_HHAB,Austria,AT,2013,2013,0.74
Annual,A,Percentage,PC,Total,T,Share of foreign citizens who have acquired citizenship,FOR_P_HHAB,Austria,AT,2014,2014,0.71
Annual,A,Percentage,PC,Total,T,Share of foreign citizens who have acquired citizenship,FOR_P_HHAB,Austria,AT,2015,2015,0.71
Annual,A,Percentage,PC,Total,T,Share of foreign citizens who have acquired citizenship,FOR_P_HHAB,Austria,AT,2016,2016,0.68
Annual,A,Percentage,PC,Total,T,Share of foreign citizens who have acquired citizenship,FOR_P_HHAB,Austria,AT,2017,2017,0.68
Annual,A,Percentage,PC,Total,T,Share of foreign citizens who have acquired citizenship,FOR_P_HHAB,Austria,AT,2018,2018,0.68
Annual,A,Percentage,PC,Total,T,Share of foreign citizens who have acquired citizenship,FOR_P_HHAB,Austria,AT,2019,2019,0.74
Annual,A,Percentage,PC,Total,T,Share of foreign citizens who have acquired citizenship,FOR_P_HHAB,Austria,AT,2020,2020,0.6
Annual,A,Percentage,PC,Total,T,Share of foreign citizens who have acquired citizenship,FOR_P_HHAB,Austria,AT,2021,2021,0.64
Annual,A,Percentage,PC,Total,T,Share of foreign citizens who have acquired citizenship,FOR_P_HHAB,Austria,AT,2022,2022,0.69
Annual,A,Percentage,PC,Total,T,Share of foreign citizens who have acquired citizenship,FOR_P_HHAB,Austria,AT,2023,2023,0.69
Annual,A,Percentage,PC,Total,T,Share of foreign citizens who have acquired citizenship,FOR_P_HHAB,Austria,AT,2024,2024,0.73
Annual,A,Percentage,PC,Total,T,Share of foreign citizens who have acquired citizenship,FOR_P_HHAB,Poland,PL,2009,2009,5.2
Annual,A,Percentage,PC,Total,T,Share of foreign citizens who have acquired citizenship,FOR_P_HHAB,Poland,PL,2010,2010,3.89
Annual,A,Percentage,PC,Total,T,Share of foreign citizens who have acquired citizenship,FOR_P_HHAB,Poland,PL,2011,2011,4.34
Annual,A,Percentage,PC,Total,T,Share of foreign citizens who have acquired citizenship,FOR_P_HHAB,Poland,PL,2012,2012,4.42
Annual,A,Percentage,PC,Total,T,Share of foreign citizens who have acquired citizenship,FOR_P_HHAB,Poland,PL,2013,2013,4.22
Annual,A,Percentage,PC,Total,T,Share of foreign citizens who have acquired citizenship,FOR_P_HHAB,Poland,PL,2014,2014,4.02
Annual,A,Percentage,PC,Total,T,Share of foreign citizens who have acquired citizenship,FOR_P_HHAB,Poland,PL,2015,2015,3.67
Annual,A,Percentage,PC,Total,T,Share of foreign citizens who have acquired citizenship,FOR_P_HHAB,Poland,PL,2016,2016,2.46
Annual,A,Percentage,PC,Total,T,Share of foreign citizens who have acquired citizenship,FOR_P_HHAB,Poland,PL,2017,2017,2.01
Annual,A,Percentage,PC,Total,T,Share of foreign citizens who have acquired citizenship,FOR_P_HHAB,Poland,PL,2018,2018,2.14
Annual,A,Percentage,PC,Total,T,Share of foreign citizens who have acquired citizenship,FOR_P_HHAB,Poland,PL,2019,2019,2.21
Annual,A,Percentage,PC,Total,T,Share of foreign citizens who have acquired citizenship,FOR_P_HHAB,Poland,PL,2020,2020,1.95
Annual,A,Percentage,PC,Total,T,Share of foreign citizens who have acquired citizenship,FOR_P_HHAB,Poland,PL,2021,2021,1.66
Annual,A,Percentage,PC,Total,T,Share of foreign citizens who have acquired citizenship,FOR_P_HHAB,Poland,PL,2022,2022,2.16
Annual,A,Percentage,PC,Total,T,Share of foreign citizens who have acquired citizenship,FOR_P_HHAB,Poland,PL,2023,2023,2.7
Annual,A,Percentage,PC,Total,T,Share of foreign citizens who have acquired citizenship,FOR_P_HHAB,Poland,PL,2024,2024,3.74
Annual,A,Percentage,PC,Total,T,Share of foreign citizens who have acquired citizenship,FOR_P_HHAB,Portugal,PT,2009,2009,5.49
Annual,A,Percentage,PC,Total,T,Share of foreign citizens who have acquired citizenship,FOR_P_HHAB,Portugal,PT,2010,2010,4.79
Annual,A,Percentage,PC,Total,T,Share of foreign citizens who have acquired citizenship,FOR_P_HHAB,Portugal,PT,2011,2011,5.22
Annual,A,Percentage,PC,Total,T,Share of foreign citizens who have acquired citizenship,FOR_P_HHAB,Portugal,PT,2012,2012,5.28
Annual,A,Percentage,PC,Total,T,Share of foreign citizens who have acquired citizenship,FOR_P_HHAB,Portugal,PT,2013,2013,6.21
Annual,A,Percentage,PC,Total,T,Share of foreign citizens who have acquired citizenship,FOR_P_HHAB,Portugal,PT,2014,2014,5.6
Annual,A,Percentage,PC,Total,T,Share of foreign citizens who have acquired citizenship,FOR_P_HHAB,Portugal,PT,2015,2015,5.56
Annual,A,Percentage,PC,Total,T,Share of foreign citizens who have acquired citizenship,FOR_P_HHAB,Portugal,PT,2016,2016,6.95
Annual,A,Percentage,PC,Total,T,Share of foreign citizens who have acquired citizenship,FOR_P_HHAB,Portugal,PT,2017,2017,4.87
Annual,A,Percentage,PC,Total,T,Share of foreign citizens who have acquired citizenship,FOR_P_HHAB,Portugal,PT,2018,2018,5.5
Annual,A,Percentage,PC,Total,T,Share of foreign citizens who have acquired citizenship,FOR_P_HHAB,Portugal,PT,2019,2019,4.78
Annual,A,Percentage,PC,Total,T,Share of foreign citizens who have acquired citizenship,FOR_P_HHAB,Portugal,PT,2020,2020,6.18
Annual,A,Percentage,PC,Total,T,Share of foreign citizens who have acquired citizenship,FOR_P_HHAB,Portugal,PT,2021,2021,4.11
Annual,A,Percentage,PC,Total,T,Share of foreign citizens who have acquired citizenship,FOR_P_HHAB,Portugal,PT,2022,2022,3.24
Annual,A,Percentage,PC,Total,T,Share of foreign citizens who have acquired citizenship,FOR_P_HHAB,Portugal,PT,2023,2023,2.16
Annual,A,Percentage,PC,Total,T,Share of foreign citizens who have acquired citizenship,FOR_P_HHAB,Portugal,PT,2024,2024,1.97
Annual,A,Percentage,PC,Total,T,Share of foreign citizens who have acquired citizenship,FOR_P_HHAB,Romania,RO,2013,2013,2.16
Annual,A,Percentage,PC,Total,T,Share of foreign citizens who have acquired citizenship,FOR_P_HHAB,Romania,RO,2014,2014,2.28
Annual,A,Percentage,PC,Total,T,Share of foreign citizens who have acquired citizenship,FOR_P_HHAB,Romania,RO,2015,2015,2.34
Annual,A,Percentage,PC,Total,T,Share of foreign citizens who have acquired citizenship,FOR_P_HHAB,Romania,RO,2016,2016,4.22
Annual,A,Percentage,PC,Total,T,Share of foreign citizens who have acquired citizenship,FOR_P_HHAB,Romania,RO,2017,2017,8.72
Annual,A,Percentage,PC,Total,T,Share of foreign citizens who have acquired citizenship,FOR_P_HHAB,Romania,RO,2018,2018,9.26
Annual,A,Percentage,PC,Total,T,Share of foreign citizens who have acquired citizenship,FOR_P_HHAB,Romania,RO,2019,2019,9.58
Annual,A,Percentage,PC,Total,T,Share of foreign citizens who have acquired citizenship,FOR_P_HHAB,Romania,RO,2020,2020,2.59
Annual,A,Percentage,PC,Total,T,Share of foreign citizens who have acquired citizenship,FOR_P_HHAB,Romania,RO,2021,2021,8.77
Annual,A,Percentage,PC,Total,T,Share of foreign citizens who have acquired citizenship,FOR_P_HHAB,Romania,RO,2022,2022,9.37
Annual,A,Percentage,PC,Total,T,Share of foreign citizens who have acquired citizenship,FOR_P_HHAB,Romania,RO,2023,2023,5.68
Annual,A,Percentage,PC,Total,T,Share of foreign citizens who have acquired citizenship,FOR_P_HHAB,Romania,RO,2024,2024,1.41
Annual,A,Percentage,PC,Total,T,Share of foreign citizens who have acquired citizenship,FOR_P_HHAB,Slovenia,SI,2009,2009,2.54
Annual,A,Percentage,PC,Total,T,Share of foreign citizens who have acquired citizenship,FOR_P_HHAB,Slovenia,SI,2010,2010,2.24
Annual,A,Percentage,PC,Total,T,Share of foreign citizens who have acquired citizenship,FOR_P_HHAB,Slovenia,SI,2011,2011,2.15
Annual,A,Percentage,PC,Total,T,Share of foreign citizens who have acquired citizenship,FOR_P_HHAB,Slovenia,SI,2012,2012,1.74
Annual,A,Percentage,PC,Total,T,Share of foreign citizens who have acquired citizenship,FOR_P_HHAB,Slovenia,SI,2013,2013,1.61
Annual,A,Percentage,PC,Total,T,Share of foreign citizens who have acquired citizenship,FOR_P_HHAB,Slovenia,SI,2014,2014,1.09
Annual,A,Percentage,PC,Total,T,Share of foreign citizens who have acquired citizenship,FOR_P_HHAB,Slovenia,SI,2015,2015,1.24
Annual,A,Percentage,PC,Total,T,Share of foreign citizens who have acquired citizenship,FOR_P_HHAB,Slovenia,SI,2016,2016,1.2
Annual,A,Percentage,PC,Total,T,Share of foreign citizens who have acquired citizenship,FOR_P_HHAB,Slovenia,SI,2017,2017,1.37
Annual,A,Percentage,PC,Total,T,Share of foreign citizens who have acquired citizenship,FOR_P_HHAB,Slovenia,SI,2018,2018,1.62
Annual,A,Percentage,PC,Total,T,Share of foreign citizens who have acquired citizenship,FOR_P_HHAB,Slovenia,SI,2019,2019,1.38
Annual,A,Percentage,PC,Total,T,Share of foreign citizens who have acquired citizenship,FOR_P_HHAB,Slovenia,SI,2020,2020,1.1
Annual,A,Percentage,PC,Total,T,Share of foreign citizens who have acquired citizenship,FOR_P_HHAB,Slovenia,SI,2021,2021,1.06
Annual,A,Percentage,PC,Total,T,Share of foreign citizens who have acquired citizenship,FOR_P_HHAB,Slovenia,SI,2022,2022,0.91
Annual,A,Percentage,PC,Total,T,Share of foreign citizens who have acquired citizenship,FOR_P_HHAB,Slovenia,SI,2023,2023,0.87
Annual,A,Percentage,PC,Total,T,Share of foreign citizens who have acquired citizenship,FOR_P_HHAB,Slovenia,SI,2024,2024,0.81
Annual,A,Percentage,PC,Total,T,Share of foreign citizens who have acquired citizenship,FOR_P_HHAB,Slovakia,SK,2009,2009,0.5
Annual,A,Percentage,PC,Total,T,Share of foreign citizens who have acquired citizenship,FOR_P_HHAB,Slovakia,SK,2010,2010,0.38
Annual,A,Percentage,PC,Total,T,Share of foreign citizens who have acquired citizenship,FOR_P_HHAB,Slovakia,SK,2011,2011,0.4
Annual,A,Percentage,PC,Total,T,Share of foreign citizens who have acquired citizenship,FOR_P_HHAB,Slovakia,SK,2012,2012,0.36
Annual,A,Percentage,PC,Total,T,Share of foreign citizens who have acquired citizenship,FOR_P_HHAB,Slovakia,SK,2013,2013,0.28
Annual,A,Percentage,PC,Total,T,Share of foreign citizens who have acquired citizenship,FOR_P_HHAB,Slovakia,SK,2014,2014,0.4
Annual,A,Percentage,PC,Total,T,Share of foreign citizens who have acquired citizenship,FOR_P_HHAB,Slovakia,SK,2015,2015,0.5
Annual,A,Percentage,PC,Total,T,Share of foreign citizens who have acquired citizenship,FOR_P_HHAB,Slovakia,SK,2016,2016,0.74
Annual,A,Percentage,PC,Total,T,Share of foreign citizens who have acquired citizenship,FOR_P_HHAB,Slovakia,SK,2017,2017,0.93
Annual,A,Percentage,PC,Total,T,Share of foreign citizens who have acquired citizenship,FOR_P_HHAB,Slovakia,SK,2018,2018,0.99
Annual,A,Percentage,PC,Total,T,Share of foreign citizens who have acquired citizenship,FOR_P_HHAB,Slovakia,SK,2019,2019,0.77
Annual,A,Percentage,PC,Total,T,Share of foreign citizens who have acquired citizenship,FOR_P_HHAB,Slovakia,SK,2020,2020,0.69
Annual,A,Percentage,PC,Total,T,Share of foreign citizens who have acquired citizenship,FOR_P_HHAB,Slovakia,SK,2021,2021,0.72
Annual,A,Percentage,PC,Total,T,Share of foreign citizens who have acquired citizenship,FOR_P_HHAB,Slovakia,SK,2022,2022,1.13
Annual,A,Percentage,PC,Total,T,Share of foreign citizens who have acquired citizenship,FOR_P_HHAB,Slovakia,SK,2023,2023,0.9
Annual,A,Percentage,PC,Total,T,Share of foreign citizens who have acquired citizenship,FOR_P_HHAB,Slovakia,SK,2024,2024,1.4
Annual,A,Percentage,PC,Total,T,Share of foreign citizens who have acquired citizenship,FOR_P_HHAB,Finland,FI,2009,2009,2.4
Annual,A,Percentage,PC,Total,T,Share of foreign citizens who have acquired citizenship,FOR_P_HHAB,Finland,FI,2010,2010,2.8
Annual,A,Percentage,PC,Total,T,Share of foreign citizens who have acquired citizenship,FOR_P_HHAB,Finland,FI,2011,2011,2.74
Annual,A,Percentage,PC,Total,T,Share of foreign citizens who have acquired citizenship,FOR_P_HHAB,Finland,FI,2012,2012,5.0
Annual,A,Percentage,PC,Total,T,Share of foreign citizens who have acquired citizenship,FOR_P_HHAB,Finland,FI,2013,2013,4.6
Annual,A,Percentage,PC,Total,T,Share of foreign citizens who have acquired citizenship,FOR_P_HHAB,Finland,FI,2014,2014,4.0
Annual,A,Percentage,PC,Total,T,Share of foreign citizens who have acquired citizenship,FOR_P_HHAB,Finland,FI,2015,2015,3.62
Annual,A,Percentage,PC,Total,T,Share of foreign citizens who have acquired citizenship,FOR_P_HHAB,Finland,FI,2016,2016,4.11
Annual,A,Percentage,PC,Total,T,Share of foreign citizens who have acquired citizenship,FOR_P_HHAB,Finland,FI,2017,2017,5.05
Annual,A,Percentage,PC,Total,T,Share of foreign citizens who have acquired citizenship,FOR_P_HHAB,Finland,FI,2018,2018,3.72
Annual,A,Percentage,PC,Total,T,Share of foreign citizens who have acquired citizenship,FOR_P_HHAB,Finland,FI,2019,2019,3.77
Annual,A,Percentage,PC,Total,T,Share of foreign citizens who have acquired citizenship,FOR_P_HHAB,Finland,FI,2020,2020,2.94
Annual,A,Percentage,PC,Total,T,Share of foreign citizens who have acquired citizenship,FOR_P_HHAB,Finland,FI,2021,2021,2.4
Annual,A,Percentage,PC,Total,T,Share of foreign citizens who have acquired citizenship,FOR_P_HHAB,Finland,FI,2022,2022,3.46
Annual,A,Percentage,PC,Total,T,Share of foreign citizens who have acquired citizenship,FOR_P_HHAB,Finland,FI,2023,2023,3.8
Annual,A,Percentage,PC,Total,T,Share of foreign citizens who have acquired citizenship,FOR_P_HHAB,Finland,FI,2024,2024,3.1
Annual,A,Percentage,PC,Total,T,Share of foreign citizens who have acquired citizenship,FOR_P_HHAB,Sweden,SE,2009,2009,5.39
Annual,A,Percentage,PC,Total,T,Share of foreign citizens who have acquired citizenship,FOR_P_HHAB,Sweden,SE,2010,2010,5.5
Annual,A,Percentage,PC,Total,T,Share of foreign citizens who have acquired citizenship,FOR_P_HHAB,Sweden,SE,2011,2011,5.89
Annual,A,Percentage,PC,Total,T,Share of foreign citizens who have acquired citizenship,FOR_P_HHAB,Sweden,SE,2012,2012,7.77
Annual,A,Percentage,PC,Total,T,Share of foreign citizens who have acquired citizenship,FOR_P_HHAB,Sweden,SE,2013,2013,7.61
Annual,A,Percentage,PC,Total,T,Share of foreign citizens who have acquired citizenship,FOR_P_HHAB,Sweden,SE,2014,2014,6.33
Annual,A,Percentage,PC,Total,T,Share of foreign citizens who have acquired citizenship,FOR_P_HHAB,Sweden,SE,2015,2015,6.71
Annual,A,Percentage,PC,Total,T,Share of foreign citizens who have acquired citizenship,FOR_P_HHAB,Sweden,SE,2016,2016,7.93
Annual,A,Percentage,PC,Total,T,Share of foreign citizens who have acquired citizenship,FOR_P_HHAB,Sweden,SE,2017,2017,8.19
Annual,A,Percentage,PC,Total,T,Share of foreign citizens who have acquired citizenship,FOR_P_HHAB,Sweden,SE,2018,2018,7.2
Annual,A,Percentage,PC,Total,T,Share of foreign citizens who have acquired citizenship,FOR_P_HHAB,Sweden,SE,2019,2019,6.98
Annual,A,Percentage,PC,Total,T,Share of foreign citizens who have acquired citizenship,FOR_P_HHAB,Sweden,SE,2020,2020,8.64
Annual,A,Percentage,PC,Total,T,Share of foreign citizens who have acquired citizenship,FOR_P_HHAB,Sweden,SE,2021,2021,10.01
Annual,A,Percentage,PC,Total,T,Share of foreign citizens who have acquired citizenship,FOR_P_HHAB,Sweden,SE,2022,2022,10.62
Annual,A,Percentage,PC,Total,T,Share of foreign citizens who have acquired citizenship,FOR_P_HHAB,Sweden,SE,2023,2023,7.94
Annual,A,Percentage,PC,Total,T,Share of foreign citizens who have acquired citizenship,FOR_P_HHAB,Sweden,SE,2024,2024,7.55
Annual,A,Percentage,PC,Total,T,Share of foreign citizens who have acquired citizenship,FOR_P_HHAB,Iceland,IS,2009,2009,2.99
Annual,A,Percentage,PC,Total,T,Share of foreign citizens who have acquired citizenship,FOR_P_HHAB,Iceland,IS,2010,2010,2.07
Annual,A,Percentage,PC,Total,T,Share of foreign citizens who have acquired citizenship,FOR_P_HHAB,Iceland,IS,2011,2011,1.75
Annual,A,Percentage,PC,Total,T,Share of foreign citizens who have acquired citizenship,FOR_P_HHAB,Iceland,IS,2012,2012,1.97
Annual,A,Percentage,PC,Total,T,Share of foreign citizens who have acquired citizenship,FOR_P_HHAB,Iceland,IS,2013,2013,2.78
Annual,A,Percentage,PC,Total,T,Share of foreign citizens who have acquired citizenship,FOR_P_HHAB,Iceland,IS,2014,2014,2.62
Annual,A,Percentage,PC,Total,T,Share of foreign citizens who have acquired citizenship,FOR_P_HHAB,Iceland,IS,2015,2015,3.3
Annual,A,Percentage,PC,Total,T,Share of foreign citizens who have acquired citizenship,FOR_P_HHAB,Iceland,IS,2016,2016,2.65
Annual,A,Percentage,PC,Total,T,Share of foreign citizens who have acquired citizenship,FOR_P_HHAB,Iceland,IS,2017,2017,2.1
Annual,A,Percentage,PC,Total,T,Share of foreign citizens who have acquired citizenship,FOR_P_HHAB,Iceland,IS,2018,2018,1.5
Annual,A,Percentage,PC,Total,T,Share of foreign citizens who have acquired citizenship,FOR_P_HHAB,Iceland,IS,2019,2019,0.99
Annual,A,Percentage,PC,Total,T,Share of foreign citizens who have acquired citizenship,FOR_P_HHAB,Iceland,IS,2020,2020,0.8
Annual,A,Percentage,PC,Total,T,Share of foreign citizens who have acquired citizenship,FOR_P_HHAB,Iceland,IS,2021,2021,1.76
Annual,A,Percentage,PC,Total,T,Share of foreign citizens who have acquired citizenship,FOR_P_HHAB,Iceland,IS,2022,2022,1.28
Annual,A,Percentage,PC,Total,T,Share of foreign citizens who have acquired citizenship,FOR_P_HHAB,Iceland,IS,2023,2023,1.0
Annual,A,Percentage,PC,Total,T,Share of foreign citizens who have acquired citizenship,FOR_P_HHAB,Iceland,IS,2024,2024,1.01
Annual,A,Percentage,PC,Total,T,Share of foreign citizens who have acquired citizenship,FOR_P_HHAB,Liechtenstein,LI,2009,2009,0.88
Annual,A,Percentage,PC,Total,T,Share of foreign citizens who have acquired citizenship,FOR_P_HHAB,Liechtenstein,LI,2010,2010,0.8
Annual,A,Percentage,PC,Total,T,Share of foreign citizens who have acquired citizenship,FOR_P_HHAB,Liechtenstein,LI,2011,2011,0.97
Annual,A,Percentage,PC,Total,T,Share of foreign citizens who have acquired citizenship,FOR_P_HHAB,Liechtenstein,LI,2012,2012,0.98
Annual,A,Percentage,PC,Total,T,Share of foreign citizens who have acquired citizenship,FOR_P_HHAB,Liechtenstein,LI,2013,2013,0.92
Annual,A,Percentage,PC,Total,T,Share of foreign citizens who have acquired citizenship,FOR_P_HHAB,Liechtenstein,LI,2014,2014,1.38
Annual,A,Percentage,PC,Total,T,Share of foreign citizens who have acquired citizenship,FOR_P_HHAB,Liechtenstein,LI,2015,2015,0.89
Annual,A,Percentage,PC,Total,T,Share of foreign citizens who have acquired citizenship,FOR_P_HHAB,Liechtenstein,LI,2016,2016,1.34
Annual,A,Percentage,PC,Total,T,Share of foreign citizens who have acquired citizenship,FOR_P_HHAB,Liechtenstein,LI,2017,2017,1.15
Annual,A,Percentage,PC,Total,T,Share of foreign citizens who have acquired citizenship,FOR_P_HHAB,Liechtenstein,LI,2018,2018,1.07
Annual,A,Percentage,PC,Total,T,Share of foreign citizens who have acquired citizenship,FOR_P_HHAB,Liechtenstein,LI,2019,2019,0.86
Annual,A,Percentage,PC,Total,T,Share of foreign citizens who have acquired citizenship,FOR_P_HHAB,Liechtenstein,LI,2020,2020,0.86
Annual,A,Percentage,PC,Total,T,Share of foreign citizens who have acquired citizenship,FOR_P_HHAB,Liechtenstein,LI,2021,2021,1.21
Annual,A,Percentage,PC,Total,T,Share of foreign citizens who have acquired citizenship,FOR_P_HHAB,Liechtenstein,LI,2022,2022,1.38
Annual,A,Percentage,PC,Total,T,Share of foreign citizens who have acquired citizenship,FOR_P_HHAB,Liechtenstein,LI,2023,2023,1.39
Annual,A,Percentage,PC,Total,T,Share of foreign citizens who have acquired citizenship,FOR_P_HHAB,Liechtenstein,LI,2024,2024,1.33
Annual,A,Percentage,PC,Total,T,Share of foreign citizens who have acquired citizenship,FOR_P_HHAB,Norway,NO,2009,2009,3.78
Annual,A,Percentage,PC,Total,T,Share of foreign citizens who have acquired citizenship,FOR_P_HHAB,Norway,NO,2010,2010,3.51
Annual,A,Percentage,PC,Total,T,Share of foreign citizens who have acquired citizenship,FOR_P_HHAB,Norway,NO,2011,2011,3.9
Annual,A,Percentage,PC,Total,T,Share of foreign citizens who have acquired citizenship,FOR_P_HHAB,Norway,NO,2012,2012,3.12
Annual,A,Percentage,PC,Total,T,Share of foreign citizens who have acquired citizenship,FOR_P_HHAB,Norway,NO,2013,2013,3.0
Annual,A,Percentage,PC,Total,T,Share of foreign citizens who have acquired citizenship,FOR_P_HHAB,Norway,NO,2014,2014,3.28
Annual,A,Percentage,PC,Total,T,Share of foreign citizens who have acquired citizenship,FOR_P_HHAB,Norway,NO,2015,2015,2.42
Annual,A,Percentage,PC,Total,T,Share of foreign citizens who have acquired citizenship,FOR_P_HHAB,Norway,NO,2016,2016,2.55
Annual,A,Percentage,PC,Total,T,Share of foreign citizens who have acquired citizenship,FOR_P_HHAB,Norway,NO,2017,2017,3.87
Annual,A,Percentage,PC,Total,T,Share of foreign citizens who have acquired citizenship,FOR_P_HHAB,Norway,NO,2018,2018,1.81
Annual,A,Percentage,PC,Total,T,Share of foreign citizens who have acquired citizenship,FOR_P_HHAB,Norway,NO,2019,2019,2.26
Annual,A,Percentage,PC,Total,T,Share of foreign citizens who have acquired citizenship,FOR_P_HHAB,Norway,NO,2020,2020,3.26
Annual,A,Percentage,PC,Total,T,Share of foreign citizens who have acquired citizenship,FOR_P_HHAB,Norway,NO,2021,2021,6.83
Annual,A,Percentage,PC,Total,T,Share of foreign citizens who have acquired citizenship,FOR_P_HHAB,Norway,NO,2022,2022,6.72
Annual,A,Percentage,PC,Total,T,Share of foreign citizens who have acquired citizenship,FOR_P_HHAB,Norway,NO,2023,2023,6.11
Annual,A,Percentage,PC,Total,T,Share of foreign citizens who have acquired citizenship,FOR_P_HHAB,Norway,NO,2024,2024,4.34
Annual,A,Percentage,PC,Total,T,Share of foreign citizens who have acquired citizenship,FOR_P_HHAB,Switzerland,CH,2009,2009,2.6
Annual,A,Percentage,PC,Total,T,Share of foreign citizens who have acquired citizenship,FOR_P_HHAB,Switzerland,CH,2010,2010,2.29
Annual,A,Percentage,PC,Total,T,Share of foreign citizens who have acquired citizenship,FOR_P_HHAB,Switzerland,CH,2011,2011,2.04
Annual,A,Percentage,PC,Total,T,Share of foreign citizens who have acquired citizenship,FOR_P_HHAB,Switzerland,CH,2012,2012,1.85
Annual,A,Percentage,PC,Total,T,Share of foreign citizens who have acquired citizenship,FOR_P_HHAB,Switzerland,CH,2013,2013,1.82
Annual,A,Percentage,PC,Total,T,Share of foreign citizens who have acquired citizenship,FOR_P_HHAB,Switzerland,CH,2014,2014,1.7
Annual,A,Percentage,PC,Total,T,Share of foreign citizens who have acquired citizenship,FOR_P_HHAB,Switzerland,CH,2015,2015,2.04
Annual,A,Percentage,PC,Total,T,Share of foreign citizens who have acquired citizenship,FOR_P_HHAB,Switzerland,CH,2016,2016,2.1
Annual,A,Percentage,PC,Total,T,Share of foreign citizens who have acquired citizenship,FOR_P_HHAB,Switzerland,CH,2017,2017,2.14
Annual,A,Percentage,PC,Total,T,Share of foreign citizens who have acquired citizenship,FOR_P_HHAB,Switzerland,CH,2018,2018,2.0
Annual,A,Percentage,PC,Total,T,Share of foreign citizens who have acquired citizenship,FOR_P_HHAB,Switzerland,CH,2019,2019,1.92
Annual,A,Percentage,PC,Total,T,Share of foreign citizens who have acquired citizenship,FOR_P_HHAB,Switzerland,CH,2020,2020,1.57
Annual,A,Percentage,PC,Total,T,Share of foreign citizens who have acquired citizenship,FOR_P_HHAB,Switzerland,CH,2021,2021,1.67
Annual,A,Percentage,PC,Total,T,Share of foreign citizens who have acquired citizenship,FOR_P_HHAB,Switzerland,CH,2022,2022,1.85
Annual,A,Percentage,PC,Total,T,Share of foreign citizens who have acquired citizenship,FOR_P_HHAB,Switzerland,CH,2023,2023,1.8
Annual,A,Percentage,PC,Total,T,Share of foreign citizens who have acquired citizenship,FOR_P_HHAB,Switzerland,CH,2024,2024,1.65
Annual,A,Percentage,PC,Total,T,Share of foreign citizens who have acquired citizenship,FOR_P_HHAB,United Kingdom,UK,2009,2009,4.8
Annual,A,Percentage,PC,Total,T,Share of foreign citizens who have acquired citizenship,FOR_P_HHAB,United Kingdom,UK,2010,2010,4.39
Annual,A,Percentage,PC,Total,T,Share of foreign citizens who have acquired citizenship,FOR_P_HHAB,United Kingdom,UK,2011,2011,3.91
Annual,A,Percentage,PC,Total,T,Share of foreign citizens who have acquired citizenship,FOR_P_HHAB,United Kingdom,UK,2012,2012,3.97
Annual,A,Percentage,PC,Total,T,Share of foreign citizens who have acquired citizenship,FOR_P_HHAB,United Kingdom,UK,2013,2013,4.17
Annual,A,Percentage,PC,Total,T,Share of foreign citizens who have acquired citizenship,FOR_P_HHAB,United Kingdom,UK,2014,2014,2.49
Annual,A,Percentage,PC,Total,T,Share of foreign citizens who have acquired citizenship,FOR_P_HHAB,United Kingdom,UK,2015,2015,2.18
Annual,A,Percentage,PC,Total,T,Share of foreign citizens who have acquired citizenship,FOR_P_HHAB,United Kingdom,UK,2016,2016,2.65
Annual,A,Percentage,PC,Total,T,Share of foreign citizens who have acquired citizenship,FOR_P_HHAB,United Kingdom,UK,2017,2017,2.03
Annual,A,Percentage,PC,Total,T,Share of foreign citizens who have acquired citizenship,FOR_P_HHAB,United Kingdom,UK,2018,2018,2.5
Annual,A,Percentage,PC,Total,T,Share of foreign citizens who have acquired citizenship,FOR_P_HHAB,United Kingdom,UK,2019,2019,2.58
Annual,A,Percentage,PC,Total,T,Share of non-EU citizens who have acquired citizenship,NEU_P_HHAB,"European Union (EU6-1958, EU9-1973, EU10-1981, EU12-1986, EU15-1995, EU25-2004, EU27-2007, EU28-2013, EU27-2020)",EU,2015,2015,3.68
Annual,A,Percentage,PC,Total,T,Share of non-EU citizens who have acquired citizenship,NEU_P_HHAB,"European Union (EU6-1958, EU9-1973, EU10-1981, EU12-1986, EU15-1995, EU25-2004, EU27-2007, EU28-2013, EU27-2020)",EU,2016,2016,4.16
Annual,A,Percentage,PC,Total,T,Share of non-EU citizens who have acquired citizenship,NEU_P_HHAB,"European Union (EU6-1958, EU9-1973, EU10-1981, EU12-1986, EU15-1995, EU25-2004, EU27-2007, EU28-2013, EU27-2020)",EU,2017,2017,3.17
Annual,A,Percentage,PC,Total,T,Share of non-EU citizens who have acquired citizenship,NEU_P_HHAB,"European Union (EU6-1958, EU9-1973, EU10-1981, EU12-1986, EU15-1995, EU25-2004, EU27-2007, EU28-2013, EU27-2020)",EU,2018,2018,2.98
Annual,A,Percentage,PC,Total,T,Share of non-EU citizens who have acquired citizenship,NEU_P_HHAB,"European Union (EU6-1958, EU9-1973, EU10-1981, EU12-1986, EU15-1995, EU25-2004, EU27-2007, EU28-2013, EU27-2020)",EU,2019,2019,2.95
Annual,A,Percentage,PC,Total,T,Share of non-EU citizens who have acquired citizenship,NEU_P_HHAB,"European Union (EU6-1958, EU9-1973, EU10-1981, EU12-1986, EU15-1995, EU25-2004, EU27-2007, EU28-2013, EU27-2020)",EU,2020,2020,2.76
Annual,A,Percentage,PC,Total,T,Share of non-EU citizens who have acquired citizenship,NEU_P_HHAB,"European Union (EU6-1958, EU9-1973, EU10-1981, EU12-1986, EU15-1995, EU25-2004, EU27-2007, EU28-2013, EU27-2020)",EU,2021,2021,3.01
Annual,A,Percentage,PC,Total,T,Share of non-EU citizens who have acquired citizenship,NEU_P_HHAB,"European Union (EU6-1958, EU9-1973, EU10-1981, EU12-1986, EU15-1995, EU25-2004, EU27-2007, EU28-2013, EU27-2020)",EU,2022,2022,3.58
Annual,A,Percentage,PC,Total,T,Share of non-EU citizens who have acquired citizenship,NEU_P_HHAB,"European Union (EU6-1958, EU9-1973, EU10-1981, EU12-1986, EU15-1995, EU25-2004, EU27-2007, EU28-2013, EU27-2020)",EU,2023,2023,3.46
Annual,A,Percentage,PC,Total,T,Share of non-EU citizens who have acquired citizenship,NEU_P_HHAB,"European Union (EU6-1958, EU9-1973, EU10-1981, EU12-1986, EU15-1995, EU25-2004, EU27-2007, EU28-2013, EU27-2020)",EU,2024,2024,3.59
Annual,A,Percentage,PC,Total,T,Share of non-EU citizens who have acquired citizenship,NEU_P_HHAB,Belgium,BE,2009,2009,8.36
Annual,A,Percentage,PC,Total,T,Share of non-EU citizens who have acquired citizenship,NEU_P_HHAB,Belgium,BE,2010,2010,8.24
Annual,A,Percentage,PC,Total,T,Share of non-EU citizens who have acquired citizenship,NEU_P_HHAB,Belgium,BE,2011,2011,5.52
Annual,A,Percentage,PC,Total,T,Share of non-EU citizens who have acquired citizenship,NEU_P_HHAB,Belgium,BE,2012,2012,7.14
Annual,A,Percentage,PC,Total,T,Share of non-EU citizens who have acquired citizenship,NEU_P_HHAB,Belgium,BE,2013,2013,6.37
Annual,A,Percentage,PC,Total,T,Share of non-EU citizens who have acquired citizenship,NEU_P_HHAB,Belgium,BE,2014,2014,3.2
Annual,A,Percentage,PC,Total,T,Share of non-EU citizens who have acquired citizenship,NEU_P_HHAB,Belgium,BE,2015,2015,4.74
Annual,A,Percentage,PC,Total,T,Share of non-EU citizens who have acquired citizenship,NEU_P_HHAB,Belgium,BE,2016,2016,5.12
Annual,A,Percentage,PC,Total,T,Share of non-EU citizens who have acquired citizenship,NEU_P_HHAB,Belgium,BE,2017,2017,5.73
Annual,A,Percentage,PC,Total,T,Share of non-EU citizens who have acquired citizenship,NEU_P_HHAB,Belgium,BE,2018,2018,5.37
Annual,A,Percentage,PC,Total,T,Share of non-EU citizens who have acquired citizenship,NEU_P_HHAB,Belgium,BE,2019,2019,5.65
Annual,A,Percentage,PC,Total,T,Share of non-EU citizens who have acquired citizenship,NEU_P_HHAB,Belgium,BE,2020,2020,4.58
Annual,A,Percentage,PC,Total,T,Share of non-EU citizens who have acquired citizenship,NEU_P_HHAB,Belgium,BE,2021,2021,5.43
Annual,A,Percentage,PC,Total,T,Share of non-EU citizens who have acquired citizenship,NEU_P_HHAB,Belgium,BE,2022,2022,6.39
Annual,A,Percentage,PC,Total,T,Share of non-EU citizens who have acquired citizenship,NEU_P_HHAB,Belgium,BE,2023,2023,6.3
Annual,A,Percentage,PC,Total,T,Share of non-EU citizens who have acquired citizenship,NEU_P_HHAB,Belgium,BE,2024,2024,6.59
Annual,A,Percentage,PC,Total,T,Share of non-EU citizens who have acquired citizenship,NEU_P_HHAB,Bulgaria,BG,2009,2009,3.13
Annual,A,Percentage,PC,Total,T,Share of non-EU citizens who have acquired citizenship,NEU_P_HHAB,Bulgaria,BG,2010,2010,2.9
Annual,A,Percentage,PC,Total,T,Share of non-EU citizens who have acquired citizenship,NEU_P_HHAB,Bulgaria,BG,2011,2011,1.94
Annual,A,Percentage,PC,Total,T,Share of non-EU citizens who have acquired citizenship,NEU_P_HHAB,Bulgaria,BG,2012,2012,5.4
Annual,A,Percentage,PC,Total,T,Share of non-EU citizens who have acquired citizenship,NEU_P_HHAB,Bulgaria,BG,2013,2013,2.41
Annual,A,Percentage,PC,Total,T,Share of non-EU citizens who have acquired citizenship,NEU_P_HHAB,Bulgaria,BG,2014,2014,2.14
Annual,A,Percentage,PC,Total,T,Share of non-EU citizens who have acquired citizenship,NEU_P_HHAB,Bulgaria,BG,2015,2015,2.44
Annual,A,Percentage,PC,Total,T,Share of non-EU citizens who have acquired citizenship,NEU_P_HHAB,Bulgaria,BG,2016,2016,2.7
Annual,A,Percentage,PC,Total,T,Share of non-EU citizens who have acquired citizenship,NEU_P_HHAB,Bulgaria,BG,2017,2017,1.38
Annual,A,Percentage,PC,Total,T,Share of non-EU citizens who have acquired citizenship,NEU_P_HHAB,Bulgaria,BG,2018,2018,1.4
Annual,A,Percentage,PC,Total,T,Share of non-EU citizens who have acquired citizenship,NEU_P_HHAB,Bulgaria,BG,2019,2019,0.92
Annual,A,Percentage,PC,Total,T,Share of non-EU citizens who have acquired citizenship,NEU_P_HHAB,Bulgaria,BG,2021,2021,2.19
Annual,A,Percentage,PC,Total,T,Share of non-EU citizens who have acquired citizenship,NEU_P_HHAB,Bulgaria,BG,2022,2022,1.65
Annual,A,Percentage,PC,Total,T,Share of non-EU citizens who have acquired citizenship,NEU_P_HHAB,Bulgaria,BG,2023,2023,0.58
Annual,A,Percentage,PC,Total,T,Share of non-EU citizens who have acquired citizenship,NEU_P_HHAB,Bulgaria,BG,2024,2024,0.34
Annual,A,Percentage,PC,Total,T,Share of non-EU citizens who have acquired citizenship,NEU_P_HHAB,Czechia,CZ,2009,2009,0.34
Annual,A,Percentage,PC,Total,T,Share of non-EU citizens who have acquired citizenship,NEU_P_HHAB,Czechia,CZ,2010,2010,0.28
Annual,A,Percentage,PC,Total,T,Share of non-EU citizens who have acquired citizenship,NEU_P_HHAB,Czechia,CZ,2011,2011,0.38
Annual,A,Percentage,PC,Total,T,Share of non-EU citizens who have acquired citizenship,NEU_P_HHAB,Czechia,CZ,2012,2012,0.46
Annual,A,Percentage,PC,Total,T,Share of non-EU citizens who have acquired citizenship,NEU_P_HHAB,Czechia,CZ,2013,2013,0.7
Annual,A,Percentage,PC,Total,T,Share of non-EU citizens who have acquired citizenship,NEU_P_HHAB,Czechia,CZ,2014,2014,1.54
Annual,A,Percentage,PC,Total,T,Share of non-EU citizens who have acquired citizenship,NEU_P_HHAB,Czechia,CZ,2015,2015,0.81
Annual,A,Percentage,PC,Total,T,Share of non-EU citizens who have acquired citizenship,NEU_P_HHAB,Czechia,CZ,2016,2016,1.27
Annual,A,Percentage,PC,Total,T,Share of non-EU citizens who have acquired citizenship,NEU_P_HHAB,Czechia,CZ,2017,2017,0.9
Annual,A,Percentage,PC,Total,T,Share of non-EU citizens who have acquired citizenship,NEU_P_HHAB,Czechia,CZ,2018,2018,0.59
Annual,A,Percentage,PC,Total,T,Share of non-EU citizens who have acquired citizenship,NEU_P_HHAB,Czechia,CZ,2019,2019,0.7
Annual,A,Percentage,PC,Total,T,Share of non-EU citizens who have acquired citizenship,NEU_P_HHAB,Czechia,CZ,2020,2020,0.61
Annual,A,Percentage,PC,Total,T,Share of non-EU citizens who have acquired citizenship,NEU_P_HHAB,Czechia,CZ,2021,2021,1.29
Annual,A,Percentage,PC,Total,T,Share of non-EU citizens who have acquired citizenship,NEU_P_HHAB,Czechia,CZ,2022,2022,1.2
Annual,A,Percentage,PC,Total,T,Share of non-EU citizens who have acquired citizenship,NEU_P_HHAB,Czechia,CZ,2023,2023,0.63
Annual,A,Percentage,PC,Total,T,Share of non-EU citizens who have acquired citizenship,NEU_P_HHAB,Czechia,CZ,2024,2024,0.59
Annual,A,Percentage,PC,Total,T,Share of non-EU citizens who have acquired citizenship,NEU_P_HHAB,Denmark,DK,2009,2009,3.01
Annual,A,Percentage,PC,Total,T,Share of non-EU citizens who have acquired citizenship,NEU_P_HHAB,Denmark,DK,2010,2010,1.71
Annual,A,Percentage,PC,Total,T,Share of non-EU citizens who have acquired citizenship,NEU_P_HHAB,Denmark,DK,2011,2011,1.77
Annual,A,Percentage,PC,Total,T,Share of non-EU citizens who have acquired citizenship,NEU_P_HHAB,Denmark,DK,2012,2012,1.46
Annual,A,Percentage,PC,Total,T,Share of non-EU citizens who have acquired citizenship,NEU_P_HHAB,Denmark,DK,2013,2013,0.67
Annual,A,Percentage,PC,Total,T,Share of non-EU citizens who have acquired citizenship,NEU_P_HHAB,Denmark,DK,2014,2014,1.9
Annual,A,Percentage,PC,Total,T,Share of non-EU citizens who have acquired citizenship,NEU_P_HHAB,Denmark,DK,2015,2015,4.37
Annual,A,Percentage,PC,Total,T,Share of non-EU citizens who have acquired citizenship,NEU_P_HHAB,Denmark,DK,2016,2016,5.05
Annual,A,Percentage,PC,Total,T,Share of non-EU citizens who have acquired citizenship,NEU_P_HHAB,Denmark,DK,2017,2017,2.0
Annual,A,Percentage,PC,Total,T,Share of non-EU citizens who have acquired citizenship,NEU_P_HHAB,Denmark,DK,2018,2018,0.64
Annual,A,Percentage,PC,Total,T,Share of non-EU citizens who have acquired citizenship,NEU_P_HHAB,Denmark,DK,2019,2019,0.38
Annual,A,Percentage,PC,Total,T,Share of non-EU citizens who have acquired citizenship,NEU_P_HHAB,Denmark,DK,2020,2020,1.64
Annual,A,Percentage,PC,Total,T,Share of non-EU citizens who have acquired citizenship,NEU_P_HHAB,Denmark,DK,2021,2021,1.53
Annual,A,Percentage,PC,Total,T,Share of non-EU citizens who have acquired citizenship,NEU_P_HHAB,Denmark,DK,2022,2022,1.16
Annual,A,Percentage,PC,Total,T,Share of non-EU citizens who have acquired citizenship,NEU_P_HHAB,Denmark,DK,2023,2023,0.67
Annual,A,Percentage,PC,Total,T,Share of non-EU citizens who have acquired citizenship,NEU_P_HHAB,Denmark,DK,2024,2024,1.19
Annual,A,Percentage,PC,Total,T,Share of non-EU citizens who have acquired citizenship,NEU_P_HHAB,Germany,DE,2009,2009,1.75
Annual,A,Percentage,PC,Total,T,Share of non-EU citizens who have acquired citizenship,NEU_P_HHAB,Germany,DE,2010,2010,1.94
Annual,A,Percentage,PC,Total,T,Share of non-EU citizens who have acquired citizenship,NEU_P_HHAB,Germany,DE,2011,2011,2.37
Annual,A,Percentage,PC,Total,T,Share of non-EU citizens who have acquired citizenship,NEU_P_HHAB,Germany,DE,2012,2012,2.41
Annual,A,Percentage,PC,Total,T,Share of non-EU citizens who have acquired citizenship,NEU_P_HHAB,Germany,DE,2013,2013,2.26
Annual,A,Percentage,PC,Total,T,Share of non-EU citizens who have acquired citizenship,NEU_P_HHAB,Germany,DE,2014,2014,2.17
Annual,A,Percentage,PC,Total,T,Share of non-EU citizens who have acquired citizenship,NEU_P_HHAB,Germany,DE,2015,2015,2.03
Annual,A,Percentage,PC,Total,T,Share of non-EU citizens who have acquired citizenship,NEU_P_HHAB,Germany,DE,2016,2016,1.66
Annual,A,Percentage,PC,Total,T,Share of non-EU citizens who have acquired citizenship,NEU_P_HHAB,Germany,DE,2017,2017,1.47
Annual,A,Percentage,PC,Total,T,Share of non-EU citizens who have acquired citizenship,NEU_P_HHAB,Germany,DE,2018,2018,1.46
Annual,A,Percentage,PC,Total,T,Share of non-EU citizens who have acquired citizenship,NEU_P_HHAB,Germany,DE,2019,2019,1.51
Annual,A,Percentage,PC,Total,T,Share of non-EU citizens who have acquired citizenship,NEU_P_HHAB,Germany,DE,2020,2020,1.37
Annual,A,Percentage,PC,Total,T,Share of non-EU citizens who have acquired citizenship,NEU_P_HHAB,Germany,DE,2021,2021,1.57
Annual,A,Percentage,PC,Total,T,Share of non-EU citizens who have acquired citizenship,NEU_P_HHAB,Germany,DE,2022,2022,2.1
Annual,A,Percentage,PC,Total,T,Share of non-EU citizens who have acquired citizenship,NEU_P_HHAB,Germany,DE,2023,2023,2.34
Annual,A,Percentage,PC,Total,T,Share of non-EU citizens who have acquired citizenship,NEU_P_HHAB,Germany,DE,2024,2024,3.26
Annual,A,Percentage,PC,Total,T,Share of non-EU citizens who have acquired citizenship,NEU_P_HHAB,Estonia,EE,2009,2009,0.81
Annual,A,Percentage,PC,Total,T,Share of non-EU citizens who have acquired citizenship,NEU_P_HHAB,Estonia,EE,2010,2010,0.59
Annual,A,Percentage,PC,Total,T,Share of non-EU citizens who have acquired citizenship,NEU_P_HHAB,Estonia,EE,2011,2011,0.77
Annual,A,Percentage,PC,Total,T,Share of non-EU citizens who have acquired citizenship,NEU_P_HHAB,Estonia,EE,2012,2012,0.69
Annual,A,Percentage,PC,Total,T,Share of non-EU citizens who have acquired citizenship,NEU_P_HHAB,Estonia,EE,2013,2013,0.7
Annual,A,Percentage,PC,Total,T,Share of non-EU citizens who have acquired citizenship,NEU_P_HHAB,Estonia,EE,2014,2014,0.86
Annual,A,Percentage,PC,Total,T,Share of non-EU citizens who have acquired citizenship,NEU_P_HHAB,Estonia,EE,2015,2015,0.49
Annual,A,Percentage,PC,Total,T,Share of non-EU citizens who have acquired citizenship,NEU_P_HHAB,Estonia,EE,2016,2016,0.97
Annual,A,Percentage,PC,Total,T,Share of non-EU citizens who have acquired citizenship,NEU_P_HHAB,Estonia,EE,2017,2017,0.49
Annual,A,Percentage,PC,Total,T,Share of non-EU citizens who have acquired citizenship,NEU_P_HHAB,Estonia,EE,2018,2018,0.42
Annual,A,Percentage,PC,Total,T,Share of non-EU citizens who have acquired citizenship,NEU_P_HHAB,Estonia,EE,2019,2019,0.43
Annual,A,Percentage,PC,Total,T,Share of non-EU citizens who have acquired citizenship,NEU_P_HHAB,Estonia,EE,2020,2020,0.42
Annual,A,Percentage,PC,Total,T,Share of non-EU citizens who have acquired citizenship,NEU_P_HHAB,Estonia,EE,2021,2021,0.56
Annual,A,Percentage,PC,Total,T,Share of non-EU citizens who have acquired citizenship,NEU_P_HHAB,Estonia,EE,2022,2022,0.44
Annual,A,Percentage,PC,Total,T,Share of non-EU citizens who have acquired citizenship,NEU_P_HHAB,Estonia,EE,2023,2023,0.5
Annual,A,Percentage,PC,Total,T,Share of non-EU citizens who have acquired citizenship,NEU_P_HHAB,Estonia,EE,2024,2024,0.33
Annual,A,Percentage,PC,Total,T,Share of non-EU citizens who have acquired citizenship,NEU_P_HHAB,Ireland,IE,2009,2009,2.63
Annual,A,Percentage,PC,Total,T,Share of non-EU citizens who have acquired citizenship,NEU_P_HHAB,Ireland,IE,2010,2010,3.72
Annual,A,Percentage,PC,Total,T,Share of non-EU citizens who have acquired citizenship,NEU_P_HHAB,Ireland,IE,2011,2011,6.42
Annual,A,Percentage,PC,Total,T,Share of non-EU citizens who have acquired citizenship,NEU_P_HHAB,Ireland,IE,2012,2012,15.29
Annual,A,Percentage,PC,Total,T,Share of non-EU citizens who have acquired citizenship,NEU_P_HHAB,Ireland,IE,2013,2013,16.09
Annual,A,Percentage,PC,Total,T,Share of non-EU citizens who have acquired citizenship,NEU_P_HHAB,Ireland,IE,2014,2014,14.77
Annual,A,Percentage,PC,Total,T,Share of non-EU citizens who have acquired citizenship,NEU_P_HHAB,Ireland,IE,2015,2015,8.71
Annual,A,Percentage,PC,Total,T,Share of non-EU citizens who have acquired citizenship,NEU_P_HHAB,Ireland,IE,2016,2016,5.24
Annual,A,Percentage,PC,Total,T,Share of non-EU citizens who have acquired citizenship,NEU_P_HHAB,Ireland,IE,2017,2017,3.14
Annual,A,Percentage,PC,Total,T,Share of non-EU citizens who have acquired citizenship,NEU_P_HHAB,Ireland,IE,2018,2018,2.69
Annual,A,Percentage,PC,Total,T,Share of non-EU citizens who have acquired citizenship,NEU_P_HHAB,Ireland,IE,2019,2019,1.63
Annual,A,Percentage,PC,Total,T,Share of non-EU citizens who have acquired citizenship,NEU_P_HHAB,Ireland,IE,2020,2020,1.18
Annual,A,Percentage,PC,Total,T,Share of non-EU citizens who have acquired citizenship,NEU_P_HHAB,Ireland,IE,2021,2021,2.34
Annual,A,Percentage,PC,Total,T,Share of non-EU citizens who have acquired citizenship,NEU_P_HHAB,Ireland,IE,2022,2022,3.33
Annual,A,Percentage,PC,Total,T,Share of non-EU citizens who have acquired citizenship,NEU_P_HHAB,Ireland,IE,2023,2023,3.6
Annual,A,Percentage,PC,Total,T,Share of non-EU citizens who have acquired citizenship,NEU_P_HHAB,Ireland,IE,2024,2024,4.25
Annual,A,Percentage,PC,Total,T,Share of non-EU citizens who have acquired citizenship,NEU_P_HHAB,Greece,EL,2009,2009,2.23
Annual,A,Percentage,PC,Total,T,Share of non-EU citizens who have acquired citizenship,NEU_P_HHAB,Greece,EL,2010,2010,1.21
Annual,A,Percentage,PC,Total,T,Share of non-EU citizens who have acquired citizenship,NEU_P_HHAB,Greece,EL,2011,2011,2.34
Annual,A,Percentage,PC,Total,T,Share of non-EU citizens who have acquired citizenship,NEU_P_HHAB,Greece,EL,2012,2012,2.76
Annual,A,Percentage,PC,Total,T,Share of non-EU citizens who have acquired citizenship,NEU_P_HHAB,Greece,EL,2013,2013,4.13
Annual,A,Percentage,PC,Total,T,Share of non-EU citizens who have acquired citizenship,NEU_P_HHAB,Greece,EL,2014,2014,3.06
Annual,A,Percentage,PC,Total,T,Share of non-EU citizens who have acquired citizenship,NEU_P_HHAB,Greece,EL,2015,2015,2.14
Annual,A,Percentage,PC,Total,T,Share of non-EU citizens who have acquired citizenship,NEU_P_HHAB,Greece,EL,2016,2016,5.47
Annual,A,Percentage,PC,Total,T,Share of non-EU citizens who have acquired citizenship,NEU_P_HHAB,Greece,EL,2017,2017,5.51
Annual,A,Percentage,PC,Total,T,Share of non-EU citizens who have acquired citizenship,NEU_P_HHAB,Greece,EL,2018,2018,4.47
Annual,A,Percentage,PC,Total,T,Share of non-EU citizens who have acquired citizenship,NEU_P_HHAB,Greece,EL,2019,2019,2.56
Annual,A,Percentage,PC,Total,T,Share of non-EU citizens who have acquired citizenship,NEU_P_HHAB,Greece,EL,2021,2021,1.25
Annual,A,Percentage,PC,Total,T,Share of non-EU citizens who have acquired citizenship,NEU_P_HHAB,Greece,EL,2022,2022,1.85
Annual,A,Percentage,PC,Total,T,Share of non-EU citizens who have acquired citizenship,NEU_P_HHAB,Greece,EL,2023,2023,1.92
Annual,A,Percentage,PC,Total,T,Share of non-EU citizens who have acquired citizenship,NEU_P_HHAB,Greece,EL,2024,2024,2.13
Annual,A,Percentage,PC,Total,T,Share of non-EU citizens who have acquired citizenship,NEU_P_HHAB,Spain,ES,2009,2009,2.36
Annual,A,Percentage,PC,Total,T,Share of non-EU citizens who have acquired citizenship,NEU_P_HHAB,Spain,ES,2010,2010,3.65
Annual,A,Percentage,PC,Total,T,Share of non-EU citizens who have acquired citizenship,NEU_P_HHAB,Spain,ES,2011,2011,3.46
Annual,A,Percentage,PC,Total,T,Share of non-EU citizens who have acquired citizenship,NEU_P_HHAB,Spain,ES,2012,2012,2.95
Annual,A,Percentage,PC,Total,T,Share of non-EU citizens who have acquired citizenship,NEU_P_HHAB,Spain,ES,2013,2013,7.35
Annual,A,Percentage,PC,Total,T,Share of non-EU citizens who have acquired citizenship,NEU_P_HHAB,Spain,ES,2014,2014,7.42
Annual,A,Percentage,PC,Total,T,Share of non-EU citizens who have acquired citizenship,NEU_P_HHAB,Spain,ES,2015,2015,4.37
Annual,A,Percentage,PC,Total,T,Share of non-EU citizens who have acquired citizenship,NEU_P_HHAB,Spain,ES,2016,2016,5.77
Annual,A,Percentage,PC,Total,T,Share of non-EU citizens who have acquired citizenship,NEU_P_HHAB,Spain,ES,2017,2017,2.51
Annual,A,Percentage,PC,Total,T,Share of non-EU citizens who have acquired citizenship,NEU_P_HHAB,Spain,ES,2018,2018,3.22
Annual,A,Percentage,PC,Total,T,Share of non-EU citizens who have acquired citizenship,NEU_P_HHAB,Spain,ES,2019,2019,3.17
Annual,A,Percentage,PC,Total,T,Share of non-EU citizens who have acquired citizenship,NEU_P_HHAB,Spain,ES,2020,2020,3.34
Annual,A,Percentage,PC,Total,T,Share of non-EU citizens who have acquired citizenship,NEU_P_HHAB,Spain,ES,2021,2021,3.66
Annual,A,Percentage,PC,Total,T,Share of non-EU citizens who have acquired citizenship,NEU_P_HHAB,Spain,ES,2022,2022,4.49
Annual,A,Percentage,PC,Total,T,Share of non-EU citizens who have acquired citizenship,NEU_P_HHAB,Spain,ES,2023,2023,5.25
Annual,A,Percentage,PC,Total,T,Share of non-EU citizens who have acquired citizenship,NEU_P_HHAB,Spain,ES,2024,2024,5.03
Annual,A,Percentage,PC,Total,T,Share of non-EU citizens who have acquired citizenship,NEU_P_HHAB,France,FR,2009,2009,5.0
Annual,A,Percentage,PC,Total,T,Share of non-EU citizens who have acquired citizenship,NEU_P_HHAB,France,FR,2010,2010,5.21
Annual,A,Percentage,PC,Total,T,Share of non-EU citizens who have acquired citizenship,NEU_P_HHAB,France,FR,2011,2011,4.06
Annual,A,Percentage,PC,Total,T,Share of non-EU citizens who have acquired citizenship,NEU_P_HHAB,France,FR,2012,2012,3.29
Annual,A,Percentage,PC,Total,T,Share of non-EU citizens who have acquired citizenship,NEU_P_HHAB,France,FR,2013,2013,3.19
Annual,A,Percentage,PC,Total,T,Share of non-EU citizens who have acquired citizenship,NEU_P_HHAB,France,FR,2014,2014,3.43
Annual,A,Percentage,PC,Total,T,Share of non-EU citizens who have acquired citizenship,NEU_P_HHAB,France,FR,2015,2015,3.5
Annual,A,Percentage,PC,Total,T,Share of non-EU citizens who have acquired citizenship,NEU_P_HHAB,France,FR,2016,2016,3.58
Annual,A,Percentage,PC,Total,T,Share of non-EU citizens who have acquired citizenship,NEU_P_HHAB,France,FR,2017,2017,3.35
Annual,A,Percentage,PC,Total,T,Share of non-EU citizens who have acquired citizenship,NEU_P_HHAB,France,FR,2018,2018,2.84
Annual,A,Percentage,PC,Total,T,Share of non-EU citizens who have acquired citizenship,NEU_P_HHAB,France,FR,2019,2019,2.76
Annual,A,Percentage,PC,Total,T,Share of non-EU citizens who have acquired citizenship,NEU_P_HHAB,France,FR,2020,2020,2.13
Annual,A,Percentage,PC,Total,T,Share of non-EU citizens who have acquired citizenship,NEU_P_HHAB,France,FR,2021,2021,3.08
Annual,A,Percentage,PC,Total,T,Share of non-EU citizens who have acquired citizenship,NEU_P_HHAB,France,FR,2022,2022,2.68
Annual,A,Percentage,PC,Total,T,Share of non-EU citizens who have acquired citizenship,NEU_P_HHAB,France,FR,2023,2023,2.14
Annual,A,Percentage,PC,Total,T,Share of non-EU citizens who have acquired citizenship,NEU_P_HHAB,France,FR,2024,2024,2.1
Annual,A,Percentage,PC,Total,T,Share of non-EU citizens who have acquired citizenship,NEU_P_HHAB,Croatia,HR,2012,2012,5.28
Annual,A,Percentage,PC,Total,T,Share of non-EU citizens who have acquired citizenship,NEU_P_HHAB,Croatia,HR,2013,2013,5.42
Annual,A,Percentage,PC,Total,T,Share of non-EU citizens who have acquired citizenship,NEU_P_HHAB,Croatia,HR,2014,2014,3.67
Annual,A,Percentage,PC,Total,T,Share of non-EU citizens who have acquired citizenship,NEU_P_HHAB,Croatia,HR,2015,2015,6.28
Annual,A,Percentage,PC,Total,T,Share of non-EU citizens who have acquired citizenship,NEU_P_HHAB,Croatia,HR,2016,2016,21.61
Annual,A,Percentage,PC,Total,T,Share of non-EU citizens who have acquired citizenship,NEU_P_HHAB,Croatia,HR,2017,2017,3.74
Annual,A,Percentage,PC,Total,T,Share of non-EU citizens who have acquired citizenship,NEU_P_HHAB,Croatia,HR,2018,2018,4.59
Annual,A,Percentage,PC,Total,T,Share of non-EU citizens who have acquired citizenship,NEU_P_HHAB,Croatia,HR,2019,2019,5.82
Annual,A,Percentage,PC,Total,T,Share of non-EU citizens who have acquired citizenship,NEU_P_HHAB,Croatia,HR,2021,2021,3.31
Annual,A,Percentage,PC,Total,T,Share of non-EU citizens who have acquired citizenship,NEU_P_HHAB,Croatia,HR,2022,2022,2.7
Annual,A,Percentage,PC,Total,T,Share of non-EU citizens who have acquired citizenship,NEU_P_HHAB,Croatia,HR,2023,2023,1.06
Annual,A,Percentage,PC,Total,T,Share of non-EU citizens who have acquired citizenship,NEU_P_HHAB,Croatia,HR,2024,2024,0.71
Annual,A,Percentage,PC,Total,T,Share of non-EU citizens who have acquired citizenship,NEU_P_HHAB,Italy,IT,2009,2009,2.09
Annual,A,Percentage,PC,Total,T,Share of non-EU citizens who have acquired citizenship,NEU_P_HHAB,Italy,IT,2010,2010,2.09
Annual,A,Percentage,PC,Total,T,Share of non-EU citizens who have acquired citizenship,NEU_P_HHAB,Italy,IT,2011,2011,1.69
Annual,A,Percentage,PC,Total,T,Share of non-EU citizens who have acquired citizenship,NEU_P_HHAB,Italy,IT,2012,2012,1.94
Annual,A,Percentage,PC,Total,T,Share of non-EU citizens who have acquired citizenship,NEU_P_HHAB,Italy,IT,2013,2013,2.85
Annual,A,Percentage,PC,Total,T,Share of non-EU citizens who have acquired citizenship,NEU_P_HHAB,Italy,IT,2014,2014,3.54
Annual,A,Percentage,PC,Total,T,Share of non-EU citizens who have acquired citizenship,NEU_P_HHAB,Italy,IT,2015,2015,4.62
Annual,A,Percentage,PC,Total,T,Share of non-EU citizens who have acquired citizenship,NEU_P_HHAB,Italy,IT,2016,2016,5.48
Annual,A,Percentage,PC,Total,T,Share of non-EU citizens who have acquired citizenship,NEU_P_HHAB,Italy,IT,2017,2017,4.06
Annual,A,Percentage,PC,Total,T,Share of non-EU citizens who have acquired citizenship,NEU_P_HHAB,Italy,IT,2018,2018,3.05
Annual,A,Percentage,PC,Total,T,Share of non-EU citizens who have acquired citizenship,NEU_P_HHAB,Italy,IT,2019,2019,3.26
Annual,A,Percentage,PC,Total,T,Share of non-EU citizens who have acquired citizenship,NEU_P_HHAB,Italy,IT,2020,2020,3.32
Annual,A,Percentage,PC,Total,T,Share of non-EU citizens who have acquired citizenship,NEU_P_HHAB,Italy,IT,2021,2021,2.91
Annual,A,Percentage,PC,Total,T,Share of non-EU citizens who have acquired citizenship,NEU_P_HHAB,Italy,IT,2022,2022,5.33
Annual,A,Percentage,PC,Total,T,Share of non-EU citizens who have acquired citizenship,NEU_P_HHAB,Italy,IT,2023,2023,5.23
Annual,A,Percentage,PC,Total,T,Share of non-EU citizens who have acquired citizenship,NEU_P_HHAB,Italy,IT,2024,2024,5.17
Annual,A,Percentage,PC,Total,T,Share of non-EU citizens who have acquired citizenship,NEU_P_HHAB,Cyprus,CY,2009,2009,2.43
Annual,A,Percentage,PC,Total,T,Share of non-EU citizens who have acquired citizenship,NEU_P_HHAB,Cyprus,CY,2010,2010,1.28
Annual,A,Percentage,PC,Total,T,Share of non-EU citizens who have acquired citizenship,NEU_P_HHAB,Cyprus,CY,2011,2011,0.78
Annual,A,Percentage,PC,Total,T,Share of non-EU citizens who have acquired citizenship,NEU_P_HHAB,Cyprus,CY,2012,2012,0.64
Annual,A,Percentage,PC,Total,T,Share of non-EU citizens who have acquired citizenship,NEU_P_HHAB,Cyprus,CY,2013,2013,0.8
Annual,A,Percentage,PC,Total,T,Share of non-EU citizens who have acquired citizenship,NEU_P_HHAB,Cyprus,CY,2014,2014,1.24
Annual,A,Percentage,PC,Total,T,Share of non-EU citizens who have acquired citizenship,NEU_P_HHAB,Cyprus,CY,2015,2015,2.43
Annual,A,Percentage,PC,Total,T,Share of non-EU citizens who have acquired citizenship,NEU_P_HHAB,Cyprus,CY,2016,2016,2.89
Annual,A,Percentage,PC,Total,T,Share of non-EU citizens who have acquired citizenship,NEU_P_HHAB,Cyprus,CY,2017,2017,3.75
Annual,A,Percentage,PC,Total,T,Share of non-EU citizens who have acquired citizenship,NEU_P_HHAB,Cyprus,CY,2018,2018,2.87
Annual,A,Percentage,PC,Total,T,Share of non-EU citizens who have acquired citizenship,NEU_P_HHAB,Cyprus,CY,2019,2019,2.46
Annual,A,Percentage,PC,Total,T,Share of non-EU citizens who have acquired citizenship,NEU_P_HHAB,Cyprus,CY,2021,2021,1.59
Annual,A,Percentage,PC,Total,T,Share of non-EU citizens who have acquired citizenship,NEU_P_HHAB,Cyprus,CY,2022,2022,2.04
Annual,A,Percentage,PC,Total,T,Share of non-EU citizens who have acquired citizenship,NEU_P_HHAB,Cyprus,CY,2023,2023,2.01
Annual,A,Percentage,PC,Total,T,Share of non-EU citizens who have acquired citizenship,NEU_P_HHAB,Cyprus,CY,2024,2024,1.81
Annual,A,Percentage,PC,Total,T,Share of non-EU citizens who have acquired citizenship,NEU_P_HHAB,Latvia,LV,2009,2009,0.86
Annual,A,Percentage,PC,Total,T,Share of non-EU citizens who have acquired citizenship,NEU_P_HHAB,Latvia,LV,2010,2010,1.02
Annual,A,Percentage,PC,Total,T,Share of non-EU citizens who have acquired citizenship,NEU_P_HHAB,Latvia,LV,2011,2011,0.73
Annual,A,Percentage,PC,Total,T,Share of non-EU citizens who have acquired citizenship,NEU_P_HHAB,Latvia,LV,2012,2012,1.18
Annual,A,Percentage,PC,Total,T,Share of non-EU citizens who have acquired citizenship,NEU_P_HHAB,Latvia,LV,2013,2013,0.98
Annual,A,Percentage,PC,Total,T,Share of non-EU citizens who have acquired citizenship,NEU_P_HHAB,Latvia,LV,2014,2014,0.7
Annual,A,Percentage,PC,Total,T,Share of non-EU citizens who have acquired citizenship,NEU_P_HHAB,Latvia,LV,2015,2015,0.63
Annual,A,Percentage,PC,Total,T,Share of non-EU citizens who have acquired citizenship,NEU_P_HHAB,Latvia,LV,2016,2016,0.6
Annual,A,Percentage,PC,Total,T,Share of non-EU citizens who have acquired citizenship,NEU_P_HHAB,Latvia,LV,2017,2017,0.56
Annual,A,Percentage,PC,Total,T,Share of non-EU citizens who have acquired citizenship,NEU_P_HHAB,Latvia,LV,2018,2018,0.55
Annual,A,Percentage,PC,Total,T,Share of non-EU citizens who have acquired citizenship,NEU_P_HHAB,Latvia,LV,2019,2019,0.55
Annual,A,Percentage,PC,Total,T,Share of non-EU citizens who have acquired citizenship,NEU_P_HHAB,Latvia,LV,2020,2020,0.42
Annual,A,Percentage,PC,Total,T,Share of non-EU citizens who have acquired citizenship,NEU_P_HHAB,Latvia,LV,2021,2021,0.32
Annual,A,Percentage,PC,Total,T,Share of non-EU citizens who have acquired citizenship,NEU_P_HHAB,Latvia,LV,2022,2022,0.38
Annual,A,Percentage,PC,Total,T,Share of non-EU citizens who have acquired citizenship,NEU_P_HHAB,Latvia,LV,2023,2023,0.38
Annual,A,Percentage,PC,Total,T,Share of non-EU citizens who have acquired citizenship,NEU_P_HHAB,Latvia,LV,2024,2024,0.42
Annual,A,Percentage,PC,Total,T,Share of non-EU citizens who have acquired citizenship,NEU_P_HHAB,Lithuania,LT,2009,2009,0.74
Annual,A,Percentage,PC,Total,T,Share of non-EU citizens who have acquired citizenship,NEU_P_HHAB,Lithuania,LT,2010,2010,0.74
Annual,A,Percentage,PC,Total,T,Share of non-EU citizens who have acquired citizenship,NEU_P_HHAB,Lithuania,LT,2011,2011,0.5
Annual,A,Percentage,PC,Total,T,Share of non-EU citizens who have acquired citizenship,NEU_P_HHAB,Lithuania,LT,2012,2012,1.01
Annual,A,Percentage,PC,Total,T,Share of non-EU citizens who have acquired citizenship,NEU_P_HHAB,Lithuania,LT,2013,2013,0.96
Annual,A,Percentage,PC,Total,T,Share of non-EU citizens who have acquired citizenship,NEU_P_HHAB,Lithuania,LT,2014,2014,1.01
Annual,A,Percentage,PC,Total,T,Share of non-EU citizens who have acquired citizenship,NEU_P_HHAB,Lithuania,LT,2015,2015,1.03
Annual,A,Percentage,PC,Total,T,Share of non-EU citizens who have acquired citizenship,NEU_P_HHAB,Lithuania,LT,2016,2016,1.01
Annual,A,Percentage,PC,Total,T,Share of non-EU citizens who have acquired citizenship,NEU_P_HHAB,Lithuania,LT,2017,2017,1.1
Annual,A,Percentage,PC,Total,T,Share of non-EU citizens who have acquired citizenship,NEU_P_HHAB,Lithuania,LT,2018,2018,0.74
Annual,A,Percentage,PC,Total,T,Share of non-EU citizens who have acquired citizenship,NEU_P_HHAB,Lithuania,LT,2019,2019,0.62
Annual,A,Percentage,PC,Total,T,Share of non-EU citizens who have acquired citizenship,NEU_P_HHAB,Lithuania,LT,2020,2020,0.79
Annual,A,Percentage,PC,Total,T,Share of non-EU citizens who have acquired citizenship,NEU_P_HHAB,Lithuania,LT,2021,2021,0.8
Annual,A,Percentage,PC,Total,T,Share of non-EU citizens who have acquired citizenship,NEU_P_HHAB,Lithuania,LT,2022,2022,1.45
Annual,A,Percentage,PC,Total,T,Share of non-EU citizens who have acquired citizenship,NEU_P_HHAB,Lithuania,LT,2023,2023,0.11
Annual,A,Percentage,PC,Total,T,Share of non-EU citizens who have acquired citizenship,NEU_P_HHAB,Lithuania,LT,2024,2024,0.09
Annual,A,Percentage,PC,Total,T,Share of non-EU citizens who have acquired citizenship,NEU_P_HHAB,Luxembourg,LU,2009,2009,4.58
Annual,A,Percentage,PC,Total,T,Share of non-EU citizens who have acquired citizenship,NEU_P_HHAB,Luxembourg,LU,2010,2010,3.74
Annual,A,Percentage,PC,Total,T,Share of non-EU citizens who have acquired citizenship,NEU_P_HHAB,Luxembourg,LU,2011,2011,2.37
Annual,A,Percentage,PC,Total,T,Share of non-EU citizens who have acquired citizenship,NEU_P_HHAB,Luxembourg,LU,2012,2012,2.05
Annual,A,Percentage,PC,Total,T,Share of non-EU citizens who have acquired citizenship,NEU_P_HHAB,Luxembourg,LU,2013,2013,1.49
Annual,A,Percentage,PC,Total,T,Share of non-EU citizens who have acquired citizenship,NEU_P_HHAB,Luxembourg,LU,2014,2014,1.69
Annual,A,Percentage,PC,Total,T,Share of non-EU citizens who have acquired citizenship,NEU_P_HHAB,Luxembourg,LU,2015,2015,1.8
Annual,A,Percentage,PC,Total,T,Share of non-EU citizens who have acquired citizenship,NEU_P_HHAB,Luxembourg,LU,2016,2016,1.66
Annual,A,Percentage,PC,Total,T,Share of non-EU citizens who have acquired citizenship,NEU_P_HHAB,Luxembourg,LU,2017,2017,3.37
Annual,A,Percentage,PC,Total,T,Share of non-EU citizens who have acquired citizenship,NEU_P_HHAB,Luxembourg,LU,2018,2018,5.45
Annual,A,Percentage,PC,Total,T,Share of non-EU citizens who have acquired citizenship,NEU_P_HHAB,Luxembourg,LU,2019,2019,4.42
Annual,A,Percentage,PC,Total,T,Share of non-EU citizens who have acquired citizenship,NEU_P_HHAB,Luxembourg,LU,2020,2020,3.16
Annual,A,Percentage,PC,Total,T,Share of non-EU citizens who have acquired citizenship,NEU_P_HHAB,Luxembourg,LU,2021,2021,3.16
Annual,A,Percentage,PC,Total,T,Share of non-EU citizens who have acquired citizenship,NEU_P_HHAB,Luxembourg,LU,2022,2022,3.59
Annual,A,Percentage,PC,Total,T,Share of non-EU citizens who have acquired citizenship,NEU_P_HHAB,Luxembourg,LU,2023,2023,3.4
Annual,A,Percentage,PC,Total,T,Share of non-EU citizens who have acquired citizenship,NEU_P_HHAB,Luxembourg,LU,2024,2024,3.3
Annual,A,Percentage,PC,Total,T,Share of non-EU citizens who have acquired citizenship,NEU_P_HHAB,Hungary,HU,2009,2009,2.27
Annual,A,Percentage,PC,Total,T,Share of non-EU citizens who have acquired citizenship,NEU_P_HHAB,Hungary,HU,2010,2010,2.31
Annual,A,Percentage,PC,Total,T,Share of non-EU citizens who have acquired citizenship,NEU_P_HHAB,Hungary,HU,2011,2011,5.26
Annual,A,Percentage,PC,Total,T,Share of non-EU citizens who have acquired citizenship,NEU_P_HHAB,Hungary,HU,2012,2012,5.73
Annual,A,Percentage,PC,Total,T,Share of non-EU citizens who have acquired citizenship,NEU_P_HHAB,Hungary,HU,2013,2013,3.05
Annual,A,Percentage,PC,Total,T,Share of non-EU citizens who have acquired citizenship,NEU_P_HHAB,Hungary,HU,2014,2014,3.42
Annual,A,Percentage,PC,Total,T,Share of non-EU citizens who have acquired citizenship,NEU_P_HHAB,Hungary,HU,2015,2015,1.73
Annual,A,Percentage,PC,Total,T,Share of non-EU citizens who have acquired citizenship,NEU_P_HHAB,Hungary,HU,2016,2016,1.47
Annual,A,Percentage,PC,Total,T,Share of non-EU citizens who have acquired citizenship,NEU_P_HHAB,Hungary,HU,2017,2017,1.06
Annual,A,Percentage,PC,Total,T,Share of non-EU citizens who have acquired citizenship,NEU_P_HHAB,Hungary,HU,2018,2018,1.17
Annual,A,Percentage,PC,Total,T,Share of non-EU citizens who have acquired citizenship,NEU_P_HHAB,Hungary,HU,2019,2019,0.9
Annual,A,Percentage,PC,Total,T,Share of non-EU citizens who have acquired citizenship,NEU_P_HHAB,Hungary,HU,2020,2020,0.6
Annual,A,Percentage,PC,Total,T,Share of non-EU citizens who have acquired citizenship,NEU_P_HHAB,Hungary,HU,2021,2021,0.61
Annual,A,Percentage,PC,Total,T,Share of non-EU citizens who have acquired citizenship,NEU_P_HHAB,Hungary,HU,2022,2022,0.67
Annual,A,Percentage,PC,Total,T,Share of non-EU citizens who have acquired citizenship,NEU_P_HHAB,Hungary,HU,2023,2023,0.61
Annual,A,Percentage,PC,Total,T,Share of non-EU citizens who have acquired citizenship,NEU_P_HHAB,Hungary,HU,2024,2024,0.41
Annual,A,Percentage,PC,Total,T,Share of non-EU citizens who have acquired citizenship,NEU_P_HHAB,Malta,MT,2009,2009,9.15
Annual,A,Percentage,PC,Total,T,Share of non-EU citizens who have acquired citizenship,NEU_P_HHAB,Malta,MT,2010,2010,3.23
Annual,A,Percentage,PC,Total,T,Share of non-EU citizens who have acquired citizenship,NEU_P_HHAB,Malta,MT,2011,2011,1.92
Annual,A,Percentage,PC,Total,T,Share of non-EU citizens who have acquired citizenship,NEU_P_HHAB,Malta,MT,2012,2012,5.16
Annual,A,Percentage,PC,Total,T,Share of non-EU citizens who have acquired citizenship,NEU_P_HHAB,Malta,MT,2013,2013,2.13
Annual,A,Percentage,PC,Total,T,Share of non-EU citizens who have acquired citizenship,NEU_P_HHAB,Malta,MT,2014,2014,1.03
Annual,A,Percentage,PC,Total,T,Share of non-EU citizens who have acquired citizenship,NEU_P_HHAB,Malta,MT,2015,2015,2.52
Annual,A,Percentage,PC,Total,T,Share of non-EU citizens who have acquired citizenship,NEU_P_HHAB,Malta,MT,2016,2016,4.68
Annual,A,Percentage,PC,Total,T,Share of non-EU citizens who have acquired citizenship,NEU_P_HHAB,Malta,MT,2017,2017,5.39
Annual,A,Percentage,PC,Total,T,Share of non-EU citizens who have acquired citizenship,NEU_P_HHAB,Malta,MT,2018,2018,1.56
Annual,A,Percentage,PC,Total,T,Share of non-EU citizens who have acquired citizenship,NEU_P_HHAB,Malta,MT,2019,2019,0.88
Annual,A,Percentage,PC,Total,T,Share of non-EU citizens who have acquired citizenship,NEU_P_HHAB,Malta,MT,2021,2021,1.42
Annual,A,Percentage,PC,Total,T,Share of non-EU citizens who have acquired citizenship,NEU_P_HHAB,Malta,MT,2022,2022,1.01
Annual,A,Percentage,PC,Total,T,Share of non-EU citizens who have acquired citizenship,NEU_P_HHAB,Malta,MT,2023,2023,0.79
Annual,A,Percentage,PC,Total,T,Share of non-EU citizens who have acquired citizenship,NEU_P_HHAB,Malta,MT,2024,2024,0.92
Annual,A,Percentage,PC,Total,T,Share of non-EU citizens who have acquired citizenship,NEU_P_HHAB,Netherlands,NL,2009,2009,6.01
Annual,A,Percentage,PC,Total,T,Share of non-EU citizens who have acquired citizenship,NEU_P_HHAB,Netherlands,NL,2010,2010,5.9
Annual,A,Percentage,PC,Total,T,Share of non-EU citizens who have acquired citizenship,NEU_P_HHAB,Netherlands,NL,2011,2011,6.6
Annual,A,Percentage,PC,Total,T,Share of non-EU citizens who have acquired citizenship,NEU_P_HHAB,Netherlands,NL,2012,2012,8.13
Annual,A,Percentage,PC,Total,T,Share of non-EU citizens who have acquired citizenship,NEU_P_HHAB,Netherlands,NL,2013,2013,6.91
Annual,A,Percentage,PC,Total,T,Share of non-EU citizens who have acquired citizenship,NEU_P_HHAB,Netherlands,NL,2014,2014,8.7
Annual,A,Percentage,PC,Total,T,Share of non-EU citizens who have acquired citizenship,NEU_P_HHAB,Netherlands,NL,2015,2015,7.62
Annual,A,Percentage,PC,Total,T,Share of non-EU citizens who have acquired citizenship,NEU_P_HHAB,Netherlands,NL,2016,2016,6.89
Annual,A,Percentage,PC,Total,T,Share of non-EU citizens who have acquired citizenship,NEU_P_HHAB,Netherlands,NL,2017,2017,5.64
Annual,A,Percentage,PC,Total,T,Share of non-EU citizens who have acquired citizenship,NEU_P_HHAB,Netherlands,NL,2018,2018,5.0
Annual,A,Percentage,PC,Total,T,Share of non-EU citizens who have acquired citizenship,NEU_P_HHAB,Netherlands,NL,2019,2019,5.65
Annual,A,Percentage,PC,Total,T,Share of non-EU citizens who have acquired citizenship,NEU_P_HHAB,Netherlands,NL,2020,2020,8.88
Annual,A,Percentage,PC,Total,T,Share of non-EU citizens who have acquired citizenship,NEU_P_HHAB,Netherlands,NL,2021,2021,10.38
Annual,A,Percentage,PC,Total,T,Share of non-EU citizens who have acquired citizenship,NEU_P_HHAB,Netherlands,NL,2022,2022,8.62
Annual,A,Percentage,PC,Total,T,Share of non-EU citizens who have acquired citizenship,NEU_P_HHAB,Netherlands,NL,2023,2023,7.32
Annual,A,Percentage,PC,Total,T,Share of non-EU citizens who have acquired citizenship,NEU_P_HHAB,Netherlands,NL,2024,2024,7.05
Annual,A,Percentage,PC,Total,T,Share of non-EU citizens who have acquired citizenship,NEU_P_HHAB,Austria,AT,2009,2009,1.31
Annual,A,Percentage,PC,Total,T,Share of non-EU citizens who have acquired citizenship,NEU_P_HHAB,Austria,AT,2010,2010,1.01
Annual,A,Percentage,PC,Total,T,Share of non-EU citizens who have acquired citizenship,NEU_P_HHAB,Austria,AT,2011,2011,1.08
Annual,A,Percentage,PC,Total,T,Share of non-EU citizens who have acquired citizenship,NEU_P_HHAB,Austria,AT,2012,2012,1.11
Annual,A,Percentage,PC,Total,T,Share of non-EU citizens who have acquired citizenship,NEU_P_HHAB,Austria,AT,2013,2013,1.12
Annual,A,Percentage,PC,Total,T,Share of non-EU citizens who have acquired citizenship,NEU_P_HHAB,Austria,AT,2014,2014,1.18
Annual,A,Percentage,PC,Total,T,Share of non-EU citizens who have acquired citizenship,NEU_P_HHAB,Austria,AT,2015,2015,1.24
Annual,A,Percentage,PC,Total,T,Share of non-EU citizens who have acquired citizenship,NEU_P_HHAB,Austria,AT,2016,2016,1.12
Annual,A,Percentage,PC,Total,T,Share of non-EU citizens who have acquired citizenship,NEU_P_HHAB,Austria,AT,2017,2017,1.11
Annual,A,Percentage,PC,Total,T,Share of non-EU citizens who have acquired citizenship,NEU_P_HHAB,Austria,AT,2018,2018,1.06
Annual,A,Percentage,PC,Total,T,Share of non-EU citizens who have acquired citizenship,NEU_P_HHAB,Austria,AT,2019,2019,1.24
Annual,A,Percentage,PC,Total,T,Share of non-EU citizens who have acquired citizenship,NEU_P_HHAB,Austria,AT,2020,2020,1.01
Annual,A,Percentage,PC,Total,T,Share of non-EU citizens who have acquired citizenship,NEU_P_HHAB,Austria,AT,2021,2021,1.12
Annual,A,Percentage,PC,Total,T,Share of non-EU citizens who have acquired citizenship,NEU_P_HHAB,Austria,AT,2022,2022,1.24
Annual,A,Percentage,PC,Total,T,Share of non-EU citizens who have acquired citizenship,NEU_P_HHAB,Austria,AT,2023,2023,1.2
Annual,A,Percentage,PC,Total,T,Share of non-EU citizens who have acquired citizenship,NEU_P_HHAB,Austria,AT,2024,2024,1.27
Annual,A,Percentage,PC,Total,T,Share of non-EU citizens who have acquired citizenship,NEU_P_HHAB,Poland,PL,2009,2009,7.69
Annual,A,Percentage,PC,Total,T,Share of non-EU citizens who have acquired citizenship,NEU_P_HHAB,Poland,PL,2010,2010,5.0
Annual,A,Percentage,PC,Total,T,Share of non-EU citizens who have acquired citizenship,NEU_P_HHAB,Poland,PL,2011,2011,5.53
Annual,A,Percentage,PC,Total,T,Share of non-EU citizens who have acquired citizenship,NEU_P_HHAB,Poland,PL,2012,2012,5.53
Annual,A,Percentage,PC,Total,T,Share of non-EU citizens who have acquired citizenship,NEU_P_HHAB,Poland,PL,2013,2013,5.03
Annual,A,Percentage,PC,Total,T,Share of non-EU citizens who have acquired citizenship,NEU_P_HHAB,Poland,PL,2014,2014,5.19
Annual,A,Percentage,PC,Total,T,Share of non-EU citizens who have acquired citizenship,NEU_P_HHAB,Poland,PL,2015,2015,4.75
Annual,A,Percentage,PC,Total,T,Share of non-EU citizens who have acquired citizenship,NEU_P_HHAB,Poland,PL,2016,2016,2.79
Annual,A,Percentage,PC,Total,T,Share of non-EU citizens who have acquired citizenship,NEU_P_HHAB,Poland,PL,2017,2017,2.24
Annual,A,Percentage,PC,Total,T,Share of non-EU citizens who have acquired citizenship,NEU_P_HHAB,Poland,PL,2018,2018,2.33
Annual,A,Percentage,PC,Total,T,Share of non-EU citizens who have acquired citizenship,NEU_P_HHAB,Poland,PL,2019,2019,2.39
Annual,A,Percentage,PC,Total,T,Share of non-EU citizens who have acquired citizenship,NEU_P_HHAB,Poland,PL,2020,2020,2.09
Annual,A,Percentage,PC,Total,T,Share of non-EU citizens who have acquired citizenship,NEU_P_HHAB,Poland,PL,2021,2021,1.73
Annual,A,Percentage,PC,Total,T,Share of non-EU citizens who have acquired citizenship,NEU_P_HHAB,Poland,PL,2022,2022,2.29
Annual,A,Percentage,PC,Total,T,Share of non-EU citizens who have acquired citizenship,NEU_P_HHAB,Poland,PL,2023,2023,2.87
Annual,A,Percentage,PC,Total,T,Share of non-EU citizens who have acquired citizenship,NEU_P_HHAB,Poland,PL,2024,2024,3.99
Annual,A,Percentage,PC,Total,T,Share of non-EU citizens who have acquired citizenship,NEU_P_HHAB,Portugal,PT,2009,2009,6.66
Annual,A,Percentage,PC,Total,T,Share of non-EU citizens who have acquired citizenship,NEU_P_HHAB,Portugal,PT,2010,2010,5.89
Annual,A,Percentage,PC,Total,T,Share of non-EU citizens who have acquired citizenship,NEU_P_HHAB,Portugal,PT,2011,2011,6.58
Annual,A,Percentage,PC,Total,T,Share of non-EU citizens who have acquired citizenship,NEU_P_HHAB,Portugal,PT,2012,2012,6.91
Annual,A,Percentage,PC,Total,T,Share of non-EU citizens who have acquired citizenship,NEU_P_HHAB,Portugal,PT,2013,2013,7.98
Annual,A,Percentage,PC,Total,T,Share of non-EU citizens who have acquired citizenship,NEU_P_HHAB,Portugal,PT,2014,2014,7.27
Annual,A,Percentage,PC,Total,T,Share of non-EU citizens who have acquired citizenship,NEU_P_HHAB,Portugal,PT,2015,2015,7.35
Annual,A,Percentage,PC,Total,T,Share of non-EU citizens who have acquired citizenship,NEU_P_HHAB,Portugal,PT,2016,2016,9.44
Annual,A,Percentage,PC,Total,T,Share of non-EU citizens who have acquired citizenship,NEU_P_HHAB,Portugal,PT,2017,2017,6.85
Annual,A,Percentage,PC,Total,T,Share of non-EU citizens who have acquired citizenship,NEU_P_HHAB,Portugal,PT,2018,2018,8.17
Annual,A,Percentage,PC,Total,T,Share of non-EU citizens who have acquired citizenship,NEU_P_HHAB,Portugal,PT,2019,2019,7.15
Annual,A,Percentage,PC,Total,T,Share of non-EU citizens who have acquired citizenship,NEU_P_HHAB,Portugal,PT,2020,2020,8.31
Annual,A,Percentage,PC,Total,T,Share of non-EU citizens who have acquired citizenship,NEU_P_HHAB,Portugal,PT,2021,2021,5.36
Annual,A,Percentage,PC,Total,T,Share of non-EU citizens who have acquired citizenship,NEU_P_HHAB,Portugal,PT,2022,2022,4.24
Annual,A,Percentage,PC,Total,T,Share of non-EU citizens who have acquired citizenship,NEU_P_HHAB,Portugal,PT,2023,2023,2.68
Annual,A,Percentage,PC,Total,T,Share of non-EU citizens who have acquired citizenship,NEU_P_HHAB,Portugal,PT,2024,2024,2.29
Annual,A,Percentage,PC,Total,T,Share of non-EU citizens who have acquired citizenship,NEU_P_HHAB,Romania,RO,2013,2013,2.94
Annual,A,Percentage,PC,Total,T,Share of non-EU citizens who have acquired citizenship,NEU_P_HHAB,Romania,RO,2014,2014,3.1
Annual,A,Percentage,PC,Total,T,Share of non-EU citizens who have acquired citizenship,NEU_P_HHAB,Romania,RO,2015,2015,3.75
Annual,A,Percentage,PC,Total,T,Share of non-EU citizens who have acquired citizenship,NEU_P_HHAB,Romania,RO,2016,2016,7.64
Annual,A,Percentage,PC,Total,T,Share of non-EU citizens who have acquired citizenship,NEU_P_HHAB,Romania,RO,2017,2017,16.35
Annual,A,Percentage,PC,Total,T,Share of non-EU citizens who have acquired citizenship,NEU_P_HHAB,Romania,RO,2018,2018,18.36
Annual,A,Percentage,PC,Total,T,Share of non-EU citizens who have acquired citizenship,NEU_P_HHAB,Romania,RO,2019,2019,19.04
Annual,A,Percentage,PC,Total,T,Share of non-EU citizens who have acquired citizenship,NEU_P_HHAB,Romania,RO,2020,2020,4.53
Annual,A,Percentage,PC,Total,T,Share of non-EU citizens who have acquired citizenship,NEU_P_HHAB,Romania,RO,2021,2021,15.05
Annual,A,Percentage,PC,Total,T,Share of non-EU citizens who have acquired citizenship,NEU_P_HHAB,Romania,RO,2022,2022,15.67
Annual,A,Percentage,PC,Total,T,Share of non-EU citizens who have acquired citizenship,NEU_P_HHAB,Romania,RO,2023,2023,7.82
Annual,A,Percentage,PC,Total,T,Share of non-EU citizens who have acquired citizenship,NEU_P_HHAB,Romania,RO,2024,2024,1.82
Annual,A,Percentage,PC,Total,T,Share of non-EU citizens who have acquired citizenship,NEU_P_HHAB,Slovenia,SI,2009,2009,2.37
Annual,A,Percentage,PC,Total,T,Share of non-EU citizens who have acquired citizenship,NEU_P_HHAB,Slovenia,SI,2010,2010,2.04
Annual,A,Percentage,PC,Total,T,Share of non-EU citizens who have acquired citizenship,NEU_P_HHAB,Slovenia,SI,2011,2011,1.98
Annual,A,Percentage,PC,Total,T,Share of non-EU citizens who have acquired citizenship,NEU_P_HHAB,Slovenia,SI,2012,2012,1.61
Annual,A,Percentage,PC,Total,T,Share of non-EU citizens who have acquired citizenship,NEU_P_HHAB,Slovenia,SI,2013,2013,1.48
Annual,A,Percentage,PC,Total,T,Share of non-EU citizens who have acquired citizenship,NEU_P_HHAB,Slovenia,SI,2014,2014,1.25
Annual,A,Percentage,PC,Total,T,Share of non-EU citizens who have acquired citizenship,NEU_P_HHAB,Slovenia,SI,2015,2015,1.4
Annual,A,Percentage,PC,Total,T,Share of non-EU citizens who have acquired citizenship,NEU_P_HHAB,Slovenia,SI,2016,2016,1.36
Annual,A,Percentage,PC,Total,T,Share of non-EU citizens who have acquired citizenship,NEU_P_HHAB,Slovenia,SI,2017,2017,1.56
Annual,A,Percentage,PC,Total,T,Share of non-EU citizens who have acquired citizenship,NEU_P_HHAB,Slovenia,SI,2018,2018,1.86
Annual,A,Percentage,PC,Total,T,Share of non-EU citizens who have acquired citizenship,NEU_P_HHAB,Slovenia,SI,2019,2019,1.55
Annual,A,Percentage,PC,Total,T,Share of non-EU citizens who have acquired citizenship,NEU_P_HHAB,Slovenia,SI,2020,2020,1.21
Annual,A,Percentage,PC,Total,T,Share of non-EU citizens who have acquired citizenship,NEU_P_HHAB,Slovenia,SI,2021,2021,1.15
Annual,A,Percentage,PC,Total,T,Share of non-EU citizens who have acquired citizenship,NEU_P_HHAB,Slovenia,SI,2022,2022,0.97
Annual,A,Percentage,PC,Total,T,Share of non-EU citizens who have acquired citizenship,NEU_P_HHAB,Slovenia,SI,2023,2023,0.91
Annual,A,Percentage,PC,Total,T,Share of non-EU citizens who have acquired citizenship,NEU_P_HHAB,Slovenia,SI,2024,2024,0.85
Annual,A,Percentage,PC,Total,T,Share of non-EU citizens who have acquired citizenship,NEU_P_HHAB,Slovakia,SK,2009,2009,0.85
Annual,A,Percentage,PC,Total,T,Share of non-EU citizens who have acquired citizenship,NEU_P_HHAB,Slovakia,SK,2010,2010,0.65
Annual,A,Percentage,PC,Total,T,Share of non-EU citizens who have acquired citizenship,NEU_P_HHAB,Slovakia,SK,2011,2011,0.71
Annual,A,Percentage,PC,Total,T,Share of non-EU citizens who have acquired citizenship,NEU_P_HHAB,Slovakia,SK,2012,2012,1.05
Annual,A,Percentage,PC,Total,T,Share of non-EU citizens who have acquired citizenship,NEU_P_HHAB,Slovakia,SK,2013,2013,0.93
Annual,A,Percentage,PC,Total,T,Share of non-EU citizens who have acquired citizenship,NEU_P_HHAB,Slovakia,SK,2014,2014,1.28
Annual,A,Percentage,PC,Total,T,Share of non-EU citizens who have acquired citizenship,NEU_P_HHAB,Slovakia,SK,2015,2015,1.41
Annual,A,Percentage,PC,Total,T,Share of non-EU citizens who have acquired citizenship,NEU_P_HHAB,Slovakia,SK,2016,2016,1.82
Annual,A,Percentage,PC,Total,T,Share of non-EU citizens who have acquired citizenship,NEU_P_HHAB,Slovakia,SK,2017,2017,2.66
Annual,A,Percentage,PC,Total,T,Share of non-EU citizens who have acquired citizenship,NEU_P_HHAB,Slovakia,SK,2018,2018,2.44
Annual,A,Percentage,PC,Total,T,Share of non-EU citizens who have acquired citizenship,NEU_P_HHAB,Slovakia,SK,2019,2019,1.91
Annual,A,Percentage,PC,Total,T,Share of non-EU citizens who have acquired citizenship,NEU_P_HHAB,Slovakia,SK,2020,2020,1.75
Annual,A,Percentage,PC,Total,T,Share of non-EU citizens who have acquired citizenship,NEU_P_HHAB,Slovakia,SK,2021,2021,2.17
Annual,A,Percentage,PC,Total,T,Share of non-EU citizens who have acquired citizenship,NEU_P_HHAB,Slovakia,SK,2022,2022,2.26
Annual,A,Percentage,PC,Total,T,Share of non-EU citizens who have acquired citizenship,NEU_P_HHAB,Slovakia,SK,2023,2023,1.62
Annual,A,Percentage,PC,Total,T,Share of non-EU citizens who have acquired citizenship,NEU_P_HHAB,Slovakia,SK,2024,2024,2.48
Annual,A,Percentage,PC,Total,T,Share of non-EU citizens who have acquired citizenship,NEU_P_HHAB,Finland,FI,2009,2009,3.29
Annual,A,Percentage,PC,Total,T,Share of non-EU citizens who have acquired citizenship,NEU_P_HHAB,Finland,FI,2010,2010,3.8
Annual,A,Percentage,PC,Total,T,Share of non-EU citizens who have acquired citizenship,NEU_P_HHAB,Finland,FI,2011,2011,3.59
Annual,A,Percentage,PC,Total,T,Share of non-EU citizens who have acquired citizenship,NEU_P_HHAB,Finland,FI,2012,2012,6.95
Annual,A,Percentage,PC,Total,T,Share of non-EU citizens who have acquired citizenship,NEU_P_HHAB,Finland,FI,2013,2013,6.7
Annual,A,Percentage,PC,Total,T,Share of non-EU citizens who have acquired citizenship,NEU_P_HHAB,Finland,FI,2014,2014,5.9
Annual,A,Percentage,PC,Total,T,Share of non-EU citizens who have acquired citizenship,NEU_P_HHAB,Finland,FI,2015,2015,5.23
Annual,A,Percentage,PC,Total,T,Share of non-EU citizens who have acquired citizenship,NEU_P_HHAB,Finland,FI,2016,2016,6.0
Annual,A,Percentage,PC,Total,T,Share of non-EU citizens who have acquired citizenship,NEU_P_HHAB,Finland,FI,2017,2017,7.12
Annual,A,Percentage,PC,Total,T,Share of non-EU citizens who have acquired citizenship,NEU_P_HHAB,Finland,FI,2018,2018,5.11
Annual,A,Percentage,PC,Total,T,Share of non-EU citizens who have acquired citizenship,NEU_P_HHAB,Finland,FI,2019,2019,4.94
Annual,A,Percentage,PC,Total,T,Share of non-EU citizens who have acquired citizenship,NEU_P_HHAB,Finland,FI,2020,2020,3.83
Annual,A,Percentage,PC,Total,T,Share of non-EU citizens who have acquired citizenship,NEU_P_HHAB,Finland,FI,2021,2021,3.05
Annual,A,Percentage,PC,Total,T,Share of non-EU citizens who have acquired citizenship,NEU_P_HHAB,Finland,FI,2022,2022,4.45
Annual,A,Percentage,PC,Total,T,Share of non-EU citizens who have acquired citizenship,NEU_P_HHAB,Finland,FI,2023,2023,4.91
Annual,A,Percentage,PC,Total,T,Share of non-EU citizens who have acquired citizenship,NEU_P_HHAB,Finland,FI,2024,2024,3.78
Annual,A,Percentage,PC,Total,T,Share of non-EU citizens who have acquired citizenship,NEU_P_HHAB,Sweden,SE,2009,2009,7.34
Annual,A,Percentage,PC,Total,T,Share of non-EU citizens who have acquired citizenship,NEU_P_HHAB,Sweden,SE,2010,2010,7.02
Annual,A,Percentage,PC,Total,T,Share of non-EU citizens who have acquired citizenship,NEU_P_HHAB,Sweden,SE,2011,2011,7.68
Annual,A,Percentage,PC,Total,T,Share of non-EU citizens who have acquired citizenship,NEU_P_HHAB,Sweden,SE,2012,2012,11.21
Annual,A,Percentage,PC,Total,T,Share of non-EU citizens who have acquired citizenship,NEU_P_HHAB,Sweden,SE,2013,2013,10.58
Annual,A,Percentage,PC,Total,T,Share of non-EU citizens who have acquired citizenship,NEU_P_HHAB,Sweden,SE,2014,2014,8.1
Annual,A,Percentage,PC,Total,T,Share of non-EU citizens who have acquired citizenship,NEU_P_HHAB,Sweden,SE,2015,2015,8.57
Annual,A,Percentage,PC,Total,T,Share of non-EU citizens who have acquired citizenship,NEU_P_HHAB,Sweden,SE,2016,2016,10.08
Annual,A,Percentage,PC,Total,T,Share of non-EU citizens who have acquired citizenship,NEU_P_HHAB,Sweden,SE,2017,2017,10.51
Annual,A,Percentage,PC,Total,T,Share of non-EU citizens who have acquired citizenship,NEU_P_HHAB,Sweden,SE,2018,2018,8.78
Annual,A,Percentage,PC,Total,T,Share of non-EU citizens who have acquired citizenship,NEU_P_HHAB,Sweden,SE,2019,2019,8.38
Annual,A,Percentage,PC,Total,T,Share of non-EU citizens who have acquired citizenship,NEU_P_HHAB,Sweden,SE,2020,2020,10.33
Annual,A,Percentage,PC,Total,T,Share of non-EU citizens who have acquired citizenship,NEU_P_HHAB,Sweden,SE,2021,2021,12.39
Annual,A,Percentage,PC,Total,T,Share of non-EU citizens who have acquired citizenship,NEU_P_HHAB,Sweden,SE,2022,2022,13.1
Annual,A,Percentage,PC,Total,T,Share of non-EU citizens who have acquired citizenship,NEU_P_HHAB,Sweden,SE,2023,2023,9.55
Annual,A,Percentage,PC,Total,T,Share of non-EU citizens who have acquired citizenship,NEU_P_HHAB,Sweden,SE,2024,2024,8.91
Annual,A,Percentage,PC,Total,T,Share of non-EU citizens who have acquired citizenship,NEU_P_HHAB,Iceland,IS,2009,2009,9.97
Annual,A,Percentage,PC,Total,T,Share of non-EU citizens who have acquired citizenship,NEU_P_HHAB,Iceland,IS,2010,2010,7.45
Annual,A,Percentage,PC,Total,T,Share of non-EU citizens who have acquired citizenship,NEU_P_HHAB,Iceland,IS,2011,2011,6.29
Annual,A,Percentage,PC,Total,T,Share of non-EU citizens who have acquired citizenship,NEU_P_HHAB,Iceland,IS,2012,2012,7.14
Annual,A,Percentage,PC,Total,T,Share of non-EU citizens who have acquired citizenship,NEU_P_HHAB,Iceland,IS,2013,2013,9.18
Annual,A,Percentage,PC,Total,T,Share of non-EU citizens who have acquired citizenship,NEU_P_HHAB,Iceland,IS,2014,2014,7.45
Annual,A,Percentage,PC,Total,T,Share of non-EU citizens who have acquired citizenship,NEU_P_HHAB,Iceland,IS,2015,2015,9.22
Annual,A,Percentage,PC,Total,T,Share of non-EU citizens who have acquired citizenship,NEU_P_HHAB,Iceland,IS,2016,2016,7.47
Annual,A,Percentage,PC,Total,T,Share of non-EU citizens who have acquired citizenship,NEU_P_HHAB,Iceland,IS,2017,2017,5.37
Annual,A,Percentage,PC,Total,T,Share of non-EU citizens who have acquired citizenship,NEU_P_HHAB,Iceland,IS,2018,2018,5.49
Annual,A,Percentage,PC,Total,T,Share of non-EU citizens who have acquired citizenship,NEU_P_HHAB,Iceland,IS,2019,2019,3.02
Annual,A,Percentage,PC,Total,T,Share of non-EU citizens who have acquired citizenship,NEU_P_HHAB,Iceland,IS,2020,2020,1.88
Annual,A,Percentage,PC,Total,T,Share of non-EU citizens who have acquired citizenship,NEU_P_HHAB,Iceland,IS,2021,2021,5.06
Annual,A,Percentage,PC,Total,T,Share of non-EU citizens who have acquired citizenship,NEU_P_HHAB,Iceland,IS,2022,2022,3.19
Annual,A,Percentage,PC,Total,T,Share of non-EU citizens who have acquired citizenship,NEU_P_HHAB,Iceland,IS,2023,2023,2.27
Annual,A,Percentage,PC,Total,T,Share of non-EU citizens who have acquired citizenship,NEU_P_HHAB,Iceland,IS,2024,2024,2.07
Annual,A,Percentage,PC,Total,T,Share of non-EU citizens who have acquired citizenship,NEU_P_HHAB,Liechtenstein,LI,2009,2009,1.46
Annual,A,Percentage,PC,Total,T,Share of non-EU citizens who have acquired citizenship,NEU_P_HHAB,Liechtenstein,LI,2010,2010,1.08
Annual,A,Percentage,PC,Total,T,Share of non-EU citizens who have acquired citizenship,NEU_P_HHAB,Liechtenstein,LI,2011,2011,1.07
Annual,A,Percentage,PC,Total,T,Share of non-EU citizens who have acquired citizenship,NEU_P_HHAB,Liechtenstein,LI,2012,2012,1.41
Annual,A,Percentage,PC,Total,T,Share of non-EU citizens who have acquired citizenship,NEU_P_HHAB,Liechtenstein,LI,2013,2013,1.17
Annual,A,Percentage,PC,Total,T,Share of non-EU citizens who have acquired citizenship,NEU_P_HHAB,Liechtenstein,LI,2014,2014,2.11
Annual,A,Percentage,PC,Total,T,Share of non-EU citizens who have acquired citizenship,NEU_P_HHAB,Liechtenstein,LI,2015,2015,1.24
Annual,A,Percentage,PC,Total,T,Share of non-EU citizens who have acquired citizenship,NEU_P_HHAB,Liechtenstein,LI,2016,2016,1.86
Annual,A,Percentage,PC,Total,T,Share of non-EU citizens who have acquired citizenship,NEU_P_HHAB,Liechtenstein,LI,2017,2017,1.72
Annual,A,Percentage,PC,Total,T,Share of non-EU citizens who have acquired citizenship,NEU_P_HHAB,Liechtenstein,LI,2018,2018,1.64
Annual,A,Percentage,PC,Total,T,Share of non-EU citizens who have acquired citizenship,NEU_P_HHAB,Liechtenstein,LI,2019,2019,1.17
Annual,A,Percentage,PC,Total,T,Share of non-EU citizens who have acquired citizenship,NEU_P_HHAB,Liechtenstein,LI,2020,2020,1.27
Annual,A,Percentage,PC,Total,T,Share of non-EU citizens who have acquired citizenship,NEU_P_HHAB,Liechtenstein,LI,2021,2021,1.48
Annual,A,Percentage,PC,Total,T,Share of non-EU citizens who have acquired citizenship,NEU_P_HHAB,Liechtenstein,LI,2022,2022,1.82
Annual,A,Percentage,PC,Total,T,Share of non-EU citizens who have acquired citizenship,NEU_P_HHAB,Liechtenstein,LI,2023,2023,1.62
Annual,A,Percentage,PC,Total,T,Share of non-EU citizens who have acquired citizenship,NEU_P_HHAB,Liechtenstein,LI,2024,2024,1.19
Annual,A,Percentage,PC,Total,T,Share of non-EU citizens who have acquired citizenship,NEU_P_HHAB,Norway,NO,2009,2009,7.71
Annual,A,Percentage,PC,Total,T,Share of non-EU citizens who have acquired citizenship,NEU_P_HHAB,Norway,NO,2010,2010,7.33
Annual,A,Percentage,PC,Total,T,Share of non-EU citizens who have acquired citizenship,NEU_P_HHAB,Norway,NO,2011,2011,8.76
Annual,A,Percentage,PC,Total,T,Share of non-EU citizens who have acquired citizenship,NEU_P_HHAB,Norway,NO,2012,2012,7.39
Annual,A,Percentage,PC,Total,T,Share of non-EU citizens who have acquired citizenship,NEU_P_HHAB,Norway,NO,2013,2013,7.13
Annual,A,Percentage,PC,Total,T,Share of non-EU citizens who have acquired citizenship,NEU_P_HHAB,Norway,NO,2014,2014,7.79
Annual,A,Percentage,PC,Total,T,Share of non-EU citizens who have acquired citizenship,NEU_P_HHAB,Norway,NO,2015,2015,6.07
Annual,A,Percentage,PC,Total,T,Share of non-EU citizens who have acquired citizenship,NEU_P_HHAB,Norway,NO,2016,2016,6.38
Annual,A,Percentage,PC,Total,T,Share of non-EU citizens who have acquired citizenship,NEU_P_HHAB,Norway,NO,2017,2017,9.34
Annual,A,Percentage,PC,Total,T,Share of non-EU citizens who have acquired citizenship,NEU_P_HHAB,Norway,NO,2018,2018,4.34
Annual,A,Percentage,PC,Total,T,Share of non-EU citizens who have acquired citizenship,NEU_P_HHAB,Norway,NO,2019,2019,5.48
Annual,A,Percentage,PC,Total,T,Share of non-EU citizens who have acquired citizenship,NEU_P_HHAB,Norway,NO,2020,2020,6.63
Annual,A,Percentage,PC,Total,T,Share of non-EU citizens who have acquired citizenship,NEU_P_HHAB,Norway,NO,2021,2021,12.2
Annual,A,Percentage,PC,Total,T,Share of non-EU citizens who have acquired citizenship,NEU_P_HHAB,Norway,NO,2022,2022,11.4
Annual,A,Percentage,PC,Total,T,Share of non-EU citizens who have acquired citizenship,NEU_P_HHAB,Norway,NO,2023,2023,10.05
Annual,A,Percentage,PC,Total,T,Share of non-EU citizens who have acquired citizenship,NEU_P_HHAB,Norway,NO,2024,2024,6.54
Annual,A,Percentage,PC,Total,T,Share of non-EU citizens who have acquired citizenship,NEU_P_HHAB,Switzerland,CH,2009,2009,4.35
Annual,A,Percentage,PC,Total,T,Share of non-EU citizens who have acquired citizenship,NEU_P_HHAB,Switzerland,CH,2010,2010,3.93
Annual,A,Percentage,PC,Total,T,Share of non-EU citizens who have acquired citizenship,NEU_P_HHAB,Switzerland,CH,2011,2011,3.27
Annual,A,Percentage,PC,Total,T,Share of non-EU citizens who have acquired citizenship,NEU_P_HHAB,Switzerland,CH,2012,2012,2.91
Annual,A,Percentage,PC,Total,T,Share of non-EU citizens who have acquired citizenship,NEU_P_HHAB,Switzerland,CH,2013,2013,2.75
Annual,A,Percentage,PC,Total,T,Share of non-EU citizens who have acquired citizenship,NEU_P_HHAB,Switzerland,CH,2014,2014,2.38
Annual,A,Percentage,PC,Total,T,Share of non-EU citizens who have acquired citizenship,NEU_P_HHAB,Switzerland,CH,2015,2015,2.74
Annual,A,Percentage,PC,Total,T,Share of non-EU citizens who have acquired citizenship,NEU_P_HHAB,Switzerland,CH,2016,2016,2.86
Annual,A,Percentage,PC,Total,T,Share of non-EU citizens who have acquired citizenship,NEU_P_HHAB,Switzerland,CH,2017,2017,2.76
Annual,A,Percentage,PC,Total,T,Share of non-EU citizens who have acquired citizenship,NEU_P_HHAB,Switzerland,CH,2018,2018,2.62
Annual,A,Percentage,PC,Total,T,Share of non-EU citizens who have acquired citizenship,NEU_P_HHAB,Switzerland,CH,2019,2019,2.5
Annual,A,Percentage,PC,Total,T,Share of non-EU citizens who have acquired citizenship,NEU_P_HHAB,Switzerland,CH,2020,2020,1.86
Annual,A,Percentage,PC,Total,T,Share of non-EU citizens who have acquired citizenship,NEU_P_HHAB,Switzerland,CH,2021,2021,1.91
Annual,A,Percentage,PC,Total,T,Share of non-EU citizens who have acquired citizenship,NEU_P_HHAB,Switzerland,CH,2022,2022,2.09
Annual,A,Percentage,PC,Total,T,Share of non-EU citizens who have acquired citizenship,NEU_P_HHAB,Switzerland,CH,2023,2023,1.95
Annual,A,Percentage,PC,Total,T,Share of non-EU citizens who have acquired citizenship,NEU_P_HHAB,Switzerland,CH,2024,2024,1.77
Annual,A,Percentage,PC,Total,T,Share of non-EU citizens who have acquired citizenship,NEU_P_HHAB,United Kingdom,UK,2009,2009,8.11
Annual,A,Percentage,PC,Total,T,Share of non-EU citizens who have acquired citizenship,NEU_P_HHAB,United Kingdom,UK,2010,2010,7.51
Annual,A,Percentage,PC,Total,T,Share of non-EU citizens who have acquired citizenship,NEU_P_HHAB,United Kingdom,UK,2011,2011,6.94
Annual,A,Percentage,PC,Total,T,Share of non-EU citizens who have acquired citizenship,NEU_P_HHAB,United Kingdom,UK,2012,2012,7.36
Annual,A,Percentage,PC,Total,T,Share of non-EU citizens who have acquired citizenship,NEU_P_HHAB,United Kingdom,UK,2013,2013,7.53
Annual,A,Percentage,PC,Total,T,Share of non-EU citizens who have acquired citizenship,NEU_P_HHAB,United Kingdom,UK,2014,2014,4.76
Annual,A,Percentage,PC,Total,T,Share of non-EU citizens who have acquired citizenship,NEU_P_HHAB,United Kingdom,UK,2015,2015,4.31
Annual,A,Percentage,PC,Total,T,Share of non-EU citizens who have acquired citizenship,NEU_P_HHAB,United Kingdom,UK,2016,2016,5.42
Annual,A,Percentage,PC,Total,T,Share of non-EU citizens who have acquired citizenship,NEU_P_HHAB,United Kingdom,UK,2017,2017,3.72
Annual,A,Percentage,PC,Total,T,Share of non-EU citizens who have acquired citizenship,NEU_P_HHAB,United Kingdom,UK,2018,2018,4.46
Annual,A,Percentage,PC,Total,T,Share of non-EU citizens who have acquired citizenship,NEU_P_HHAB,United Kingdom,UK,2019,2019,4.41
Annual,A,Percentage,PC,Total,T,Share of EU citizens who have acquired citizenship,EU_P_HHAB,"European Union (EU6-1958, EU9-1973, EU10-1981, EU12-1986, EU15-1995, EU25-2004, EU27-2007, EU28-2013, EU27-2020)",EU,2015,2015,0.69
Annual,A,Percentage,PC,Total,T,Share of EU citizens who have acquired citizenship,EU_P_HHAB,"European Union (EU6-1958, EU9-1973, EU10-1981, EU12-1986, EU15-1995, EU25-2004, EU27-2007, EU28-2013, EU27-2020)",EU,2016,2016,0.75
Annual,A,Percentage,PC,Total,T,Share of EU citizens who have acquired citizenship,EU_P_HHAB,"European Union (EU6-1958, EU9-1973, EU10-1981, EU12-1986, EU15-1995, EU25-2004, EU27-2007, EU28-2013, EU27-2020)",EU,2017,2017,0.82
Annual,A,Percentage,PC,Total,T,Share of EU citizens who have acquired citizenship,EU_P_HHAB,"European Union (EU6-1958, EU9-1973, EU10-1981, EU12-1986, EU15-1995, EU25-2004, EU27-2007, EU28-2013, EU27-2020)",EU,2018,2018,0.88
Annual,A,Percentage,PC,Total,T,Share of EU citizens who have acquired citizenship,EU_P_HHAB,"European Union (EU6-1958, EU9-1973, EU10-1981, EU12-1986, EU15-1995, EU25-2004, EU27-2007, EU28-2013, EU27-2020)",EU,2019,2019,0.96
Annual,A,Percentage,PC,Total,T,Share of EU citizens who have acquired citizenship,EU_P_HHAB,"European Union (EU6-1958, EU9-1973, EU10-1981, EU12-1986, EU15-1995, EU25-2004, EU27-2007, EU28-2013, EU27-2020)",EU,2020,2020,0.76
Annual,A,Percentage,PC,Total,T,Share of EU citizens who have acquired citizenship,EU_P_HHAB,"European Union (EU6-1958, EU9-1973, EU10-1981, EU12-1986, EU15-1995, EU25-2004, EU27-2007, EU28-2013, EU27-2020)",EU,2021,2021,0.75
Annual,A,Percentage,PC,Total,T,Share of EU citizens who have acquired citizenship,EU_P_HHAB,"European Union (EU6-1958, EU9-1973, EU10-1981, EU12-1986, EU15-1995, EU25-2004, EU27-2007, EU28-2013, EU27-2020)",EU,2022,2022,0.84
Annual,A,Percentage,PC,Total,T,Share of EU citizens who have acquired citizenship,EU_P_HHAB,"European Union (EU6-1958, EU9-1973, EU10-1981, EU12-1986, EU15-1995, EU25-2004, EU27-2007, EU28-2013, EU27-2020)",EU,2023,2023,0.82
Annual,A,Percentage,PC,Total,T,Share of EU citizens who have acquired citizenship,EU_P_HHAB,"European Union (EU6-1958, EU9-1973, EU10-1981, EU12-1986, EU15-1995, EU25-2004, EU27-2007, EU28-2013, EU27-2020)",EU,2024,2024,0.89
Annual,A,Percentage,PC,Total,T,Share of EU citizens who have acquired citizenship,EU_P_HHAB,Belgium,BE,2009,2009,0.8
Annual,A,Percentage,PC,Total,T,Share of EU citizens who have acquired citizenship,EU_P_HHAB,Belgium,BE,2010,2010,0.89
Annual,A,Percentage,PC,Total,T,Share of EU citizens who have acquired citizenship,EU_P_HHAB,Belgium,BE,2011,2011,0.91
Annual,A,Percentage,PC,Total,T,Share of EU citizens who have acquired citizenship,EU_P_HHAB,Belgium,BE,2012,2012,1.09
Annual,A,Percentage,PC,Total,T,Share of EU citizens who have acquired citizenship,EU_P_HHAB,Belgium,BE,2013,2013,1.01
Annual,A,Percentage,PC,Total,T,Share of EU citizens who have acquired citizenship,EU_P_HHAB,Belgium,BE,2014,2014,0.64
Annual,A,Percentage,PC,Total,T,Share of EU citizens who have acquired citizenship,EU_P_HHAB,Belgium,BE,2015,2015,0.8
Annual,A,Percentage,PC,Total,T,Share of EU citizens who have acquired citizenship,EU_P_HHAB,Belgium,BE,2016,2016,0.96
Annual,A,Percentage,PC,Total,T,Share of EU citizens who have acquired citizenship,EU_P_HHAB,Belgium,BE,2017,2017,1.2
Annual,A,Percentage,PC,Total,T,Share of EU citizens who have acquired citizenship,EU_P_HHAB,Belgium,BE,2018,2018,1.16
Annual,A,Percentage,PC,Total,T,Share of EU citizens who have acquired citizenship,EU_P_HHAB,Belgium,BE,2019,2019,1.35
Annual,A,Percentage,PC,Total,T,Share of EU citizens who have acquired citizenship,EU_P_HHAB,Belgium,BE,2020,2020,0.92
Annual,A,Percentage,PC,Total,T,Share of EU citizens who have acquired citizenship,EU_P_HHAB,Belgium,BE,2021,2021,0.96
Annual,A,Percentage,PC,Total,T,Share of EU citizens who have acquired citizenship,EU_P_HHAB,Belgium,BE,2022,2022,1.28
Annual,A,Percentage,PC,Total,T,Share of EU citizens who have acquired citizenship,EU_P_HHAB,Belgium,BE,2023,2023,1.48
Annual,A,Percentage,PC,Total,T,Share of EU citizens who have acquired citizenship,EU_P_HHAB,Belgium,BE,2024,2024,1.57
Annual,A,Percentage,PC,Total,T,Share of EU citizens who have acquired citizenship,EU_P_HHAB,Bulgaria,BG,2009,2009,0.04
Annual,A,Percentage,PC,Total,T,Share of EU citizens who have acquired citizenship,EU_P_HHAB,Bulgaria,BG,2010,2010,0.12
Annual,A,Percentage,PC,Total,T,Share of EU citizens who have acquired citizenship,EU_P_HHAB,Bulgaria,BG,2011,2011,0.09
Annual,A,Percentage,PC,Total,T,Share of EU citizens who have acquired citizenship,EU_P_HHAB,Bulgaria,BG,2012,2012,0.26
Annual,A,Percentage,PC,Total,T,Share of EU citizens who have acquired citizenship,EU_P_HHAB,Bulgaria,BG,2013,2013,0.14
Annual,A,Percentage,PC,Total,T,Share of EU citizens who have acquired citizenship,EU_P_HHAB,Bulgaria,BG,2014,2014,0.09
Annual,A,Percentage,PC,Total,T,Share of EU citizens who have acquired citizenship,EU_P_HHAB,Bulgaria,BG,2015,2015,0.11
Annual,A,Percentage,PC,Total,T,Share of EU citizens who have acquired citizenship,EU_P_HHAB,Bulgaria,BG,2016,2016,0.12
Annual,A,Percentage,PC,Total,T,Share of EU citizens who have acquired citizenship,EU_P_HHAB,Bulgaria,BG,2017,2017,0.11
Annual,A,Percentage,PC,Total,T,Share of EU citizens who have acquired citizenship,EU_P_HHAB,Bulgaria,BG,2018,2018,0.11
Annual,A,Percentage,PC,Total,T,Share of EU citizens who have acquired citizenship,EU_P_HHAB,Bulgaria,BG,2019,2019,0.05
Annual,A,Percentage,PC,Total,T,Share of EU citizens who have acquired citizenship,EU_P_HHAB,Bulgaria,BG,2021,2021,0.2
Annual,A,Percentage,PC,Total,T,Share of EU citizens who have acquired citizenship,EU_P_HHAB,Bulgaria,BG,2022,2022,0.16
Annual,A,Percentage,PC,Total,T,Share of EU citizens who have acquired citizenship,EU_P_HHAB,Bulgaria,BG,2023,2023,0.09
Annual,A,Percentage,PC,Total,T,Share of EU citizens who have acquired citizenship,EU_P_HHAB,Bulgaria,BG,2024,2024,0.09
Annual,A,Percentage,PC,Total,T,Share of EU citizens who have acquired citizenship,EU_P_HHAB,Czechia,CZ,2009,2009,0.18
Annual,A,Percentage,PC,Total,T,Share of EU citizens who have acquired citizenship,EU_P_HHAB,Czechia,CZ,2010,2010,0.2
Annual,A,Percentage,PC,Total,T,Share of EU citizens who have acquired citizenship,EU_P_HHAB,Czechia,CZ,2011,2011,0.41
Annual,A,Percentage,PC,Total,T,Share of EU citizens who have acquired citizenship,EU_P_HHAB,Czechia,CZ,2012,2012,0.32
Annual,A,Percentage,PC,Total,T,Share of EU citizens who have acquired citizenship,EU_P_HHAB,Czechia,CZ,2013,2013,0.24
Annual,A,Percentage,PC,Total,T,Share of EU citizens who have acquired citizenship,EU_P_HHAB,Czechia,CZ,2014,2014,0.57
Annual,A,Percentage,PC,Total,T,Share of EU citizens who have acquired citizenship,EU_P_HHAB,Czechia,CZ,2015,2015,0.2
Annual,A,Percentage,PC,Total,T,Share of EU citizens who have acquired citizenship,EU_P_HHAB,Czechia,CZ,2016,2016,0.5
Annual,A,Percentage,PC,Total,T,Share of EU citizens who have acquired citizenship,EU_P_HHAB,Czechia,CZ,2017,2017,0.36
Annual,A,Percentage,PC,Total,T,Share of EU citizens who have acquired citizenship,EU_P_HHAB,Czechia,CZ,2018,2018,0.25
Annual,A,Percentage,PC,Total,T,Share of EU citizens who have acquired citizenship,EU_P_HHAB,Czechia,CZ,2019,2019,0.28
Annual,A,Percentage,PC,Total,T,Share of EU citizens who have acquired citizenship,EU_P_HHAB,Czechia,CZ,2020,2020,0.22
Annual,A,Percentage,PC,Total,T,Share of EU citizens who have acquired citizenship,EU_P_HHAB,Czechia,CZ,2021,2021,0.57
Annual,A,Percentage,PC,Total,T,Share of EU citizens who have acquired citizenship,EU_P_HHAB,Czechia,CZ,2022,2022,0.62
Annual,A,Percentage,PC,Total,T,Share of EU citizens who have acquired citizenship,EU_P_HHAB,Czechia,CZ,2023,2023,0.66
Annual,A,Percentage,PC,Total,T,Share of EU citizens who have acquired citizenship,EU_P_HHAB,Czechia,CZ,2024,2024,0.71
Annual,A,Percentage,PC,Total,T,Share of EU citizens who have acquired citizenship,EU_P_HHAB,Denmark,DK,2009,2009,0.44
Annual,A,Percentage,PC,Total,T,Share of EU citizens who have acquired citizenship,EU_P_HHAB,Denmark,DK,2010,2010,0.31
Annual,A,Percentage,PC,Total,T,Share of EU citizens who have acquired citizenship,EU_P_HHAB,Denmark,DK,2011,2011,0.27
Annual,A,Percentage,PC,Total,T,Share of EU citizens who have acquired citizenship,EU_P_HHAB,Denmark,DK,2012,2012,0.24
Annual,A,Percentage,PC,Total,T,Share of EU citizens who have acquired citizenship,EU_P_HHAB,Denmark,DK,2013,2013,0.15
Annual,A,Percentage,PC,Total,T,Share of EU citizens who have acquired citizenship,EU_P_HHAB,Denmark,DK,2014,2014,0.14
Annual,A,Percentage,PC,Total,T,Share of EU citizens who have acquired citizenship,EU_P_HHAB,Denmark,DK,2015,2015,0.49
Annual,A,Percentage,PC,Total,T,Share of EU citizens who have acquired citizenship,EU_P_HHAB,Denmark,DK,2016,2016,0.63
Annual,A,Percentage,PC,Total,T,Share of EU citizens who have acquired citizenship,EU_P_HHAB,Denmark,DK,2017,2017,0.8
Annual,A,Percentage,PC,Total,T,Share of EU citizens who have acquired citizenship,EU_P_HHAB,Denmark,DK,2018,2018,0.46
Annual,A,Percentage,PC,Total,T,Share of EU citizens who have acquired citizenship,EU_P_HHAB,Denmark,DK,2019,2019,0.28
Annual,A,Percentage,PC,Total,T,Share of EU citizens who have acquired citizenship,EU_P_HHAB,Denmark,DK,2020,2020,0.82
Annual,A,Percentage,PC,Total,T,Share of EU citizens who have acquired citizenship,EU_P_HHAB,Denmark,DK,2021,2021,0.71
Annual,A,Percentage,PC,Total,T,Share of EU citizens who have acquired citizenship,EU_P_HHAB,Denmark,DK,2022,2022,0.57
Annual,A,Percentage,PC,Total,T,Share of EU citizens who have acquired citizenship,EU_P_HHAB,Denmark,DK,2023,2023,0.36
Annual,A,Percentage,PC,Total,T,Share of EU citizens who have acquired citizenship,EU_P_HHAB,Denmark,DK,2024,2024,0.63
Annual,A,Percentage,PC,Total,T,Share of EU citizens who have acquired citizenship,EU_P_HHAB,Germany,DE,2009,2009,0.55
Annual,A,Percentage,PC,Total,T,Share of EU citizens who have acquired citizenship,EU_P_HHAB,Germany,DE,2010,2010,0.59
Annual,A,Percentage,PC,Total,T,Share of EU citizens who have acquired citizenship,EU_P_HHAB,Germany,DE,2011,2011,0.76
Annual,A,Percentage,PC,Total,T,Share of EU citizens who have acquired citizenship,EU_P_HHAB,Germany,DE,2012,2012,0.82
Annual,A,Percentage,PC,Total,T,Share of EU citizens who have acquired citizenship,EU_P_HHAB,Germany,DE,2013,2013,0.82
Annual,A,Percentage,PC,Total,T,Share of EU citizens who have acquired citizenship,EU_P_HHAB,Germany,DE,2014,2014,0.84
Annual,A,Percentage,PC,Total,T,Share of EU citizens who have acquired citizenship,EU_P_HHAB,Germany,DE,2015,2015,0.78
Annual,A,Percentage,PC,Total,T,Share of EU citizens who have acquired citizenship,EU_P_HHAB,Germany,DE,2016,2016,0.84
Annual,A,Percentage,PC,Total,T,Share of EU citizens who have acquired citizenship,EU_P_HHAB,Germany,DE,2017,2017,0.96
Annual,A,Percentage,PC,Total,T,Share of EU citizens who have acquired citizenship,EU_P_HHAB,Germany,DE,2018,2018,0.85
Annual,A,Percentage,PC,Total,T,Share of EU citizens who have acquired citizenship,EU_P_HHAB,Germany,DE,2019,2019,1.02
Annual,A,Percentage,PC,Total,T,Share of EU citizens who have acquired citizenship,EU_P_HHAB,Germany,DE,2020,2020,0.65
Annual,A,Percentage,PC,Total,T,Share of EU citizens who have acquired citizenship,EU_P_HHAB,Germany,DE,2021,2021,0.74
Annual,A,Percentage,PC,Total,T,Share of EU citizens who have acquired citizenship,EU_P_HHAB,Germany,DE,2022,2022,0.71
Annual,A,Percentage,PC,Total,T,Share of EU citizens who have acquired citizenship,EU_P_HHAB,Germany,DE,2023,2023,0.72
Annual,A,Percentage,PC,Total,T,Share of EU citizens who have acquired citizenship,EU_P_HHAB,Germany,DE,2024,2024,0.82
Annual,A,Percentage,PC,Total,T,Share of EU citizens who have acquired citizenship,EU_P_HHAB,Estonia,EE,2009,2009,0.03
Annual,A,Percentage,PC,Total,T,Share of EU citizens who have acquired citizenship,EU_P_HHAB,Estonia,EE,2010,2010,0.0
Annual,A,Percentage,PC,Total,T,Share of EU citizens who have acquired citizenship,EU_P_HHAB,Estonia,EE,2011,2011,0.03
Annual,A,Percentage,PC,Total,T,Share of EU citizens who have acquired citizenship,EU_P_HHAB,Estonia,EE,2012,2012,0.03
Annual,A,Percentage,PC,Total,T,Share of EU citizens who have acquired citizenship,EU_P_HHAB,Estonia,EE,2013,2013,0.03
Annual,A,Percentage,PC,Total,T,Share of EU citizens who have acquired citizenship,EU_P_HHAB,Estonia,EE,2014,2014,0.05
Annual,A,Percentage,PC,Total,T,Share of EU citizens who have acquired citizenship,EU_P_HHAB,Estonia,EE,2015,2015,0.01
Annual,A,Percentage,PC,Total,T,Share of EU citizens who have acquired citizenship,EU_P_HHAB,Estonia,EE,2016,2016,0.07
Annual,A,Percentage,PC,Total,T,Share of EU citizens who have acquired citizenship,EU_P_HHAB,Estonia,EE,2017,2017,0.04
Annual,A,Percentage,PC,Total,T,Share of EU citizens who have acquired citizenship,EU_P_HHAB,Estonia,EE,2018,2018,0.06
Annual,A,Percentage,PC,Total,T,Share of EU citizens who have acquired citizenship,EU_P_HHAB,Estonia,EE,2019,2019,0.02
Annual,A,Percentage,PC,Total,T,Share of EU citizens who have acquired citizenship,EU_P_HHAB,Estonia,EE,2020,2020,0.07
Annual,A,Percentage,PC,Total,T,Share of EU citizens who have acquired citizenship,EU_P_HHAB,Estonia,EE,2021,2021,0.09
Annual,A,Percentage,PC,Total,T,Share of EU citizens who have acquired citizenship,EU_P_HHAB,Estonia,EE,2022,2022,0.04
Annual,A,Percentage,PC,Total,T,Share of EU citizens who have acquired citizenship,EU_P_HHAB,Estonia,EE,2023,2023,0.08
Annual,A,Percentage,PC,Total,T,Share of EU citizens who have acquired citizenship,EU_P_HHAB,Estonia,EE,2024,2024,0.07
Annual,A,Percentage,PC,Total,T,Share of EU citizens who have acquired citizenship,EU_P_HHAB,Ireland,IE,2009,2009,0.06
Annual,A,Percentage,PC,Total,T,Share of EU citizens who have acquired citizenship,EU_P_HHAB,Ireland,IE,2010,2010,0.09
Annual,A,Percentage,PC,Total,T,Share of EU citizens who have acquired citizenship,EU_P_HHAB,Ireland,IE,2011,2011,0.09
Annual,A,Percentage,PC,Total,T,Share of EU citizens who have acquired citizenship,EU_P_HHAB,Ireland,IE,2012,2012,0.33
Annual,A,Percentage,PC,Total,T,Share of EU citizens who have acquired citizenship,EU_P_HHAB,Ireland,IE,2013,2013,0.45
Annual,A,Percentage,PC,Total,T,Share of EU citizens who have acquired citizenship,EU_P_HHAB,Ireland,IE,2014,2014,0.72
Annual,A,Percentage,PC,Total,T,Share of EU citizens who have acquired citizenship,EU_P_HHAB,Ireland,IE,2015,2015,0.76
Annual,A,Percentage,PC,Total,T,Share of EU citizens who have acquired citizenship,EU_P_HHAB,Ireland,IE,2016,2016,0.8
Annual,A,Percentage,PC,Total,T,Share of EU citizens who have acquired citizenship,EU_P_HHAB,Ireland,IE,2017,2017,0.88
Annual,A,Percentage,PC,Total,T,Share of EU citizens who have acquired citizenship,EU_P_HHAB,Ireland,IE,2018,2018,0.92
Annual,A,Percentage,PC,Total,T,Share of EU citizens who have acquired citizenship,EU_P_HHAB,Ireland,IE,2019,2019,0.65
Annual,A,Percentage,PC,Total,T,Share of EU citizens who have acquired citizenship,EU_P_HHAB,Ireland,IE,2020,2020,0.55
Annual,A,Percentage,PC,Total,T,Share of EU citizens who have acquired citizenship,EU_P_HHAB,Ireland,IE,2021,2021,0.73
Annual,A,Percentage,PC,Total,T,Share of EU citizens who have acquired citizenship,EU_P_HHAB,Ireland,IE,2022,2022,0.84
Annual,A,Percentage,PC,Total,T,Share of EU citizens who have acquired citizenship,EU_P_HHAB,Ireland,IE,2023,2023,0.99
Annual,A,Percentage,PC,Total,T,Share of EU citizens who have acquired citizenship,EU_P_HHAB,Ireland,IE,2024,2024,1.25
Annual,A,Percentage,PC,Total,T,Share of EU citizens who have acquired citizenship,EU_P_HHAB,Greece,EL,2009,2009,0.24
Annual,A,Percentage,PC,Total,T,Share of EU citizens who have acquired citizenship,EU_P_HHAB,Greece,EL,2010,2010,0.27
Annual,A,Percentage,PC,Total,T,Share of EU citizens who have acquired citizenship,EU_P_HHAB,Greece,EL,2011,2011,0.18
Annual,A,Percentage,PC,Total,T,Share of EU citizens who have acquired citizenship,EU_P_HHAB,Greece,EL,2012,2012,0.17
Annual,A,Percentage,PC,Total,T,Share of EU citizens who have acquired citizenship,EU_P_HHAB,Greece,EL,2013,2013,0.38
Annual,A,Percentage,PC,Total,T,Share of EU citizens who have acquired citizenship,EU_P_HHAB,Greece,EL,2014,2014,0.34
Annual,A,Percentage,PC,Total,T,Share of EU citizens who have acquired citizenship,EU_P_HHAB,Greece,EL,2015,2015,0.3
Annual,A,Percentage,PC,Total,T,Share of EU citizens who have acquired citizenship,EU_P_HHAB,Greece,EL,2016,2016,0.42
Annual,A,Percentage,PC,Total,T,Share of EU citizens who have acquired citizenship,EU_P_HHAB,Greece,EL,2017,2017,0.48
Annual,A,Percentage,PC,Total,T,Share of EU citizens who have acquired citizenship,EU_P_HHAB,Greece,EL,2018,2018,0.37
Annual,A,Percentage,PC,Total,T,Share of EU citizens who have acquired citizenship,EU_P_HHAB,Greece,EL,2019,2019,0.24
Annual,A,Percentage,PC,Total,T,Share of EU citizens who have acquired citizenship,EU_P_HHAB,Greece,EL,2021,2021,0.4
Annual,A,Percentage,PC,Total,T,Share of EU citizens who have acquired citizenship,EU_P_HHAB,Greece,EL,2022,2022,0.7
Annual,A,Percentage,PC,Total,T,Share of EU citizens who have acquired citizenship,EU_P_HHAB,Greece,EL,2023,2023,0.74
Annual,A,Percentage,PC,Total,T,Share of EU citizens who have acquired citizenship,EU_P_HHAB,Greece,EL,2024,2024,0.78
Annual,A,Percentage,PC,Total,T,Share of EU citizens who have acquired citizenship,EU_P_HHAB,Spain,ES,2009,2009,0.05
Annual,A,Percentage,PC,Total,T,Share of EU citizens who have acquired citizenship,EU_P_HHAB,Spain,ES,2010,2010,0.08
Annual,A,Percentage,PC,Total,T,Share of EU citizens who have acquired citizenship,EU_P_HHAB,Spain,ES,2011,2011,0.1
Annual,A,Percentage,PC,Total,T,Share of EU citizens who have acquired citizenship,EU_P_HHAB,Spain,ES,2012,2012,0.07
Annual,A,Percentage,PC,Total,T,Share of EU citizens who have acquired citizenship,EU_P_HHAB,Spain,ES,2013,2013,0.17
Annual,A,Percentage,PC,Total,T,Share of EU citizens who have acquired citizenship,EU_P_HHAB,Spain,ES,2014,2014,0.21
Annual,A,Percentage,PC,Total,T,Share of EU citizens who have acquired citizenship,EU_P_HHAB,Spain,ES,2015,2015,0.13
Annual,A,Percentage,PC,Total,T,Share of EU citizens who have acquired citizenship,EU_P_HHAB,Spain,ES,2016,2016,0.19
Annual,A,Percentage,PC,Total,T,Share of EU citizens who have acquired citizenship,EU_P_HHAB,Spain,ES,2017,2017,0.11
Annual,A,Percentage,PC,Total,T,Share of EU citizens who have acquired citizenship,EU_P_HHAB,Spain,ES,2018,2018,0.14
Annual,A,Percentage,PC,Total,T,Share of EU citizens who have acquired citizenship,EU_P_HHAB,Spain,ES,2019,2019,0.21
Annual,A,Percentage,PC,Total,T,Share of EU citizens who have acquired citizenship,EU_P_HHAB,Spain,ES,2020,2020,0.32
Annual,A,Percentage,PC,Total,T,Share of EU citizens who have acquired citizenship,EU_P_HHAB,Spain,ES,2021,2021,0.36
Annual,A,Percentage,PC,Total,T,Share of EU citizens who have acquired citizenship,EU_P_HHAB,Spain,ES,2022,2022,0.5
Annual,A,Percentage,PC,Total,T,Share of EU citizens who have acquired citizenship,EU_P_HHAB,Spain,ES,2023,2023,0.55
Annual,A,Percentage,PC,Total,T,Share of EU citizens who have acquired citizenship,EU_P_HHAB,Spain,ES,2024,2024,0.69
Annual,A,Percentage,PC,Total,T,Share of EU citizens who have acquired citizenship,EU_P_HHAB,France,FR,2009,2009,0.84
Annual,A,Percentage,PC,Total,T,Share of EU citizens who have acquired citizenship,EU_P_HHAB,France,FR,2010,2010,0.79
Annual,A,Percentage,PC,Total,T,Share of EU citizens who have acquired citizenship,EU_P_HHAB,France,FR,2011,2011,0.72
Annual,A,Percentage,PC,Total,T,Share of EU citizens who have acquired citizenship,EU_P_HHAB,France,FR,2012,2012,0.68
Annual,A,Percentage,PC,Total,T,Share of EU citizens who have acquired citizenship,EU_P_HHAB,France,FR,2013,2013,0.66
Annual,A,Percentage,PC,Total,T,Share of EU citizens who have acquired citizenship,EU_P_HHAB,France,FR,2014,2014,0.58
Annual,A,Percentage,PC,Total,T,Share of EU citizens who have acquired citizenship,EU_P_HHAB,France,FR,2015,2015,0.6
Annual,A,Percentage,PC,Total,T,Share of EU citizens who have acquired citizenship,EU_P_HHAB,France,FR,2016,2016,0.56
Annual,A,Percentage,PC,Total,T,Share of EU citizens who have acquired citizenship,EU_P_HHAB,France,FR,2017,2017,0.64
Annual,A,Percentage,PC,Total,T,Share of EU citizens who have acquired citizenship,EU_P_HHAB,France,FR,2018,2018,0.76
Annual,A,Percentage,PC,Total,T,Share of EU citizens who have acquired citizenship,EU_P_HHAB,France,FR,2019,2019,0.76
Annual,A,Percentage,PC,Total,T,Share of EU citizens who have acquired citizenship,EU_P_HHAB,France,FR,2020,2020,0.4
Annual,A,Percentage,PC,Total,T,Share of EU citizens who have acquired citizenship,EU_P_HHAB,France,FR,2021,2021,0.65
Annual,A,Percentage,PC,Total,T,Share of EU citizens who have acquired citizenship,EU_P_HHAB,France,FR,2022,2022,0.61
Annual,A,Percentage,PC,Total,T,Share of EU citizens who have acquired citizenship,EU_P_HHAB,France,FR,2023,2023,0.49
Annual,A,Percentage,PC,Total,T,Share of EU citizens who have acquired citizenship,EU_P_HHAB,France,FR,2024,2024,0.47
Annual,A,Percentage,PC,Total,T,Share of EU citizens who have acquired citizenship,EU_P_HHAB,Croatia,HR,2012,2012,3.32
Annual,A,Percentage,PC,Total,T,Share of EU citizens who have acquired citizenship,EU_P_HHAB,Croatia,HR,2013,2013,1.08
Annual,A,Percentage,PC,Total,T,Share of EU citizens who have acquired citizenship,EU_P_HHAB,Croatia,HR,2014,2014,0.86
Annual,A,Percentage,PC,Total,T,Share of EU citizens who have acquired citizenship,EU_P_HHAB,Croatia,HR,2015,2015,1.68
Annual,A,Percentage,PC,Total,T,Share of EU citizens who have acquired citizenship,EU_P_HHAB,Croatia,HR,2016,2016,3.71
Annual,A,Percentage,PC,Total,T,Share of EU citizens who have acquired citizenship,EU_P_HHAB,Croatia,HR,2017,2017,0.7
Annual,A,Percentage,PC,Total,T,Share of EU citizens who have acquired citizenship,EU_P_HHAB,Croatia,HR,2018,2018,0.98
Annual,A,Percentage,PC,Total,T,Share of EU citizens who have acquired citizenship,EU_P_HHAB,Croatia,HR,2019,2019,1.76
Annual,A,Percentage,PC,Total,T,Share of EU citizens who have acquired citizenship,EU_P_HHAB,Croatia,HR,2021,2021,0.97
Annual,A,Percentage,PC,Total,T,Share of EU citizens who have acquired citizenship,EU_P_HHAB,Croatia,HR,2022,2022,0.7
Annual,A,Percentage,PC,Total,T,Share of EU citizens who have acquired citizenship,EU_P_HHAB,Croatia,HR,2023,2023,0.44
Annual,A,Percentage,PC,Total,T,Share of EU citizens who have acquired citizenship,EU_P_HHAB,Croatia,HR,2024,2024,0.57
Annual,A,Percentage,PC,Total,T,Share of EU citizens who have acquired citizenship,EU_P_HHAB,Italy,IT,2009,2009,0.58
Annual,A,Percentage,PC,Total,T,Share of EU citizens who have acquired citizenship,EU_P_HHAB,Italy,IT,2010,2010,0.78
Annual,A,Percentage,PC,Total,T,Share of EU citizens who have acquired citizenship,EU_P_HHAB,Italy,IT,2011,2011,0.54
Annual,A,Percentage,PC,Total,T,Share of EU citizens who have acquired citizenship,EU_P_HHAB,Italy,IT,2012,2012,0.43
Annual,A,Percentage,PC,Total,T,Share of EU citizens who have acquired citizenship,EU_P_HHAB,Italy,IT,2013,2013,0.51
Annual,A,Percentage,PC,Total,T,Share of EU citizens who have acquired citizenship,EU_P_HHAB,Italy,IT,2014,2014,0.68
Annual,A,Percentage,PC,Total,T,Share of EU citizens who have acquired citizenship,EU_P_HHAB,Italy,IT,2015,2015,1.37
Annual,A,Percentage,PC,Total,T,Share of EU citizens who have acquired citizenship,EU_P_HHAB,Italy,IT,2016,2016,1.16
Annual,A,Percentage,PC,Total,T,Share of EU citizens who have acquired citizenship,EU_P_HHAB,Italy,IT,2017,2017,0.73
Annual,A,Percentage,PC,Total,T,Share of EU citizens who have acquired citizenship,EU_P_HHAB,Italy,IT,2018,2018,0.61
Annual,A,Percentage,PC,Total,T,Share of EU citizens who have acquired citizenship,EU_P_HHAB,Italy,IT,2019,2019,0.87
Annual,A,Percentage,PC,Total,T,Share of EU citizens who have acquired citizenship,EU_P_HHAB,Italy,IT,2020,2020,0.9
Annual,A,Percentage,PC,Total,T,Share of EU citizens who have acquired citizenship,EU_P_HHAB,Italy,IT,2021,2021,0.85
Annual,A,Percentage,PC,Total,T,Share of EU citizens who have acquired citizenship,EU_P_HHAB,Italy,IT,2022,2022,1.41
Annual,A,Percentage,PC,Total,T,Share of EU citizens who have acquired citizenship,EU_P_HHAB,Italy,IT,2023,2023,1.26
Annual,A,Percentage,PC,Total,T,Share of EU citizens who have acquired citizenship,EU_P_HHAB,Italy,IT,2024,2024,1.27
Annual,A,Percentage,PC,Total,T,Share of EU citizens who have acquired citizenship,EU_P_HHAB,Cyprus,CY,2009,2009,1.07
Annual,A,Percentage,PC,Total,T,Share of EU citizens who have acquired citizenship,EU_P_HHAB,Cyprus,CY,2010,2010,0.68
Annual,A,Percentage,PC,Total,T,Share of EU citizens who have acquired citizenship,EU_P_HHAB,Cyprus,CY,2011,2011,0.73
Annual,A,Percentage,PC,Total,T,Share of EU citizens who have acquired citizenship,EU_P_HHAB,Cyprus,CY,2012,2012,0.94
Annual,A,Percentage,PC,Total,T,Share of EU citizens who have acquired citizenship,EU_P_HHAB,Cyprus,CY,2013,2013,0.62
Annual,A,Percentage,PC,Total,T,Share of EU citizens who have acquired citizenship,EU_P_HHAB,Cyprus,CY,2014,2014,0.8
Annual,A,Percentage,PC,Total,T,Share of EU citizens who have acquired citizenship,EU_P_HHAB,Cyprus,CY,2015,2015,0.78
Annual,A,Percentage,PC,Total,T,Share of EU citizens who have acquired citizenship,EU_P_HHAB,Cyprus,CY,2016,2016,1.3
Annual,A,Percentage,PC,Total,T,Share of EU citizens who have acquired citizenship,EU_P_HHAB,Cyprus,CY,2017,2017,1.34
Annual,A,Percentage,PC,Total,T,Share of EU citizens who have acquired citizenship,EU_P_HHAB,Cyprus,CY,2018,2018,1.26
Annual,A,Percentage,PC,Total,T,Share of EU citizens who have acquired citizenship,EU_P_HHAB,Cyprus,CY,2019,2019,1.06
Annual,A,Percentage,PC,Total,T,Share of EU citizens who have acquired citizenship,EU_P_HHAB,Cyprus,CY,2021,2021,0.32
Annual,A,Percentage,PC,Total,T,Share of EU citizens who have acquired citizenship,EU_P_HHAB,Cyprus,CY,2022,2022,0.67
Annual,A,Percentage,PC,Total,T,Share of EU citizens who have acquired citizenship,EU_P_HHAB,Cyprus,CY,2023,2023,0.89
Annual,A,Percentage,PC,Total,T,Share of EU citizens who have acquired citizenship,EU_P_HHAB,Cyprus,CY,2024,2024,0.37
Annual,A,Percentage,PC,Total,T,Share of EU citizens who have acquired citizenship,EU_P_HHAB,Latvia,LV,2009,2009,0.17
Annual,A,Percentage,PC,Total,T,Share of EU citizens who have acquired citizenship,EU_P_HHAB,Latvia,LV,2010,2010,0.15
Annual,A,Percentage,PC,Total,T,Share of EU citizens who have acquired citizenship,EU_P_HHAB,Latvia,LV,2011,2011,0.05
Annual,A,Percentage,PC,Total,T,Share of EU citizens who have acquired citizenship,EU_P_HHAB,Latvia,LV,2012,2012,0.59
Annual,A,Percentage,PC,Total,T,Share of EU citizens who have acquired citizenship,EU_P_HHAB,Latvia,LV,2013,2013,0.68
Annual,A,Percentage,PC,Total,T,Share of EU citizens who have acquired citizenship,EU_P_HHAB,Latvia,LV,2014,2014,1.04
Annual,A,Percentage,PC,Total,T,Share of EU citizens who have acquired citizenship,EU_P_HHAB,Latvia,LV,2015,2015,0.81
Annual,A,Percentage,PC,Total,T,Share of EU citizens who have acquired citizenship,EU_P_HHAB,Latvia,LV,2016,2016,4.4
Annual,A,Percentage,PC,Total,T,Share of EU citizens who have acquired citizenship,EU_P_HHAB,Latvia,LV,2017,2017,4.31
Annual,A,Percentage,PC,Total,T,Share of EU citizens who have acquired citizenship,EU_P_HHAB,Latvia,LV,2018,2018,3.41
Annual,A,Percentage,PC,Total,T,Share of EU citizens who have acquired citizenship,EU_P_HHAB,Latvia,LV,2019,2019,3.37
Annual,A,Percentage,PC,Total,T,Share of EU citizens who have acquired citizenship,EU_P_HHAB,Latvia,LV,2020,2020,1.26
Annual,A,Percentage,PC,Total,T,Share of EU citizens who have acquired citizenship,EU_P_HHAB,Latvia,LV,2021,2021,1.15
Annual,A,Percentage,PC,Total,T,Share of EU citizens who have acquired citizenship,EU_P_HHAB,Latvia,LV,2022,2022,1.09
Annual,A,Percentage,PC,Total,T,Share of EU citizens who have acquired citizenship,EU_P_HHAB,Latvia,LV,2023,2023,0.63
Annual,A,Percentage,PC,Total,T,Share of EU citizens who have acquired citizenship,EU_P_HHAB,Latvia,LV,2024,2024,1.24
Annual,A,Percentage,PC,Total,T,Share of EU citizens who have acquired citizenship,EU_P_HHAB,Lithuania,LT,2009,2009,0.0
Annual,A,Percentage,PC,Total,T,Share of EU citizens who have acquired citizenship,EU_P_HHAB,Lithuania,LT,2010,2010,0.06
Annual,A,Percentage,PC,Total,T,Share of EU citizens who have acquired citizenship,EU_P_HHAB,Lithuania,LT,2011,2011,0.11
Annual,A,Percentage,PC,Total,T,Share of EU citizens who have acquired citizenship,EU_P_HHAB,Lithuania,LT,2012,2012,0.07
Annual,A,Percentage,PC,Total,T,Share of EU citizens who have acquired citizenship,EU_P_HHAB,Lithuania,LT,2013,2013,0.18
Annual,A,Percentage,PC,Total,T,Share of EU citizens who have acquired citizenship,EU_P_HHAB,Lithuania,LT,2014,2014,0.11
Annual,A,Percentage,PC,Total,T,Share of EU citizens who have acquired citizenship,EU_P_HHAB,Lithuania,LT,2015,2015,0.0
Annual,A,Percentage,PC,Total,T,Share of EU citizens who have acquired citizenship,EU_P_HHAB,Lithuania,LT,2016,2016,0.15
Annual,A,Percentage,PC,Total,T,Share of EU citizens who have acquired citizenship,EU_P_HHAB,Lithuania,LT,2017,2017,0.06
Annual,A,Percentage,PC,Total,T,Share of EU citizens who have acquired citizenship,EU_P_HHAB,Lithuania,LT,2018,2018,0.07
Annual,A,Percentage,PC,Total,T,Share of EU citizens who have acquired citizenship,EU_P_HHAB,Lithuania,LT,2019,2019,0.07
Annual,A,Percentage,PC,Total,T,Share of EU citizens who have acquired citizenship,EU_P_HHAB,Lithuania,LT,2020,2020,0.0
Annual,A,Percentage,PC,Total,T,Share of EU citizens who have acquired citizenship,EU_P_HHAB,Lithuania,LT,2021,2021,0.0
Annual,A,Percentage,PC,Total,T,Share of EU citizens who have acquired citizenship,EU_P_HHAB,Lithuania,LT,2022,2022,0.57
Annual,A,Percentage,PC,Total,T,Share of EU citizens who have acquired citizenship,EU_P_HHAB,Lithuania,LT,2023,2023,0.1
Annual,A,Percentage,PC,Total,T,Share of EU citizens who have acquired citizenship,EU_P_HHAB,Lithuania,LT,2024,2024,0.04
Annual,A,Percentage,PC,Total,T,Share of EU citizens who have acquired citizenship,EU_P_HHAB,Luxembourg,LU,2009,2009,1.44
Annual,A,Percentage,PC,Total,T,Share of EU citizens who have acquired citizenship,EU_P_HHAB,Luxembourg,LU,2010,2010,1.72
Annual,A,Percentage,PC,Total,T,Share of EU citizens who have acquired citizenship,EU_P_HHAB,Luxembourg,LU,2011,2011,1.41
Annual,A,Percentage,PC,Total,T,Share of EU citizens who have acquired citizenship,EU_P_HHAB,Luxembourg,LU,2012,2012,2.03
Annual,A,Percentage,PC,Total,T,Share of EU citizens who have acquired citizenship,EU_P_HHAB,Luxembourg,LU,2013,2013,1.01
Annual,A,Percentage,PC,Total,T,Share of EU citizens who have acquired citizenship,EU_P_HHAB,Luxembourg,LU,2014,2014,1.22
Annual,A,Percentage,PC,Total,T,Share of EU citizens who have acquired citizenship,EU_P_HHAB,Luxembourg,LU,2015,2015,1.14
Annual,A,Percentage,PC,Total,T,Share of EU citizens who have acquired citizenship,EU_P_HHAB,Luxembourg,LU,2016,2016,1.16
Annual,A,Percentage,PC,Total,T,Share of EU citizens who have acquired citizenship,EU_P_HHAB,Luxembourg,LU,2017,2017,1.5
Annual,A,Percentage,PC,Total,T,Share of EU citizens who have acquired citizenship,EU_P_HHAB,Luxembourg,LU,2018,2018,1.87
Annual,A,Percentage,PC,Total,T,Share of EU citizens who have acquired citizenship,EU_P_HHAB,Luxembourg,LU,2019,2019,1.49
Annual,A,Percentage,PC,Total,T,Share of EU citizens who have acquired citizenship,EU_P_HHAB,Luxembourg,LU,2020,2020,1.21
Annual,A,Percentage,PC,Total,T,Share of EU citizens who have acquired citizenship,EU_P_HHAB,Luxembourg,LU,2021,2021,1.31
Annual,A,Percentage,PC,Total,T,Share of EU citizens who have acquired citizenship,EU_P_HHAB,Luxembourg,LU,2022,2022,1.32
Annual,A,Percentage,PC,Total,T,Share of EU citizens who have acquired citizenship,EU_P_HHAB,Luxembourg,LU,2023,2023,1.44
Annual,A,Percentage,PC,Total,T,Share of EU citizens who have acquired citizenship,EU_P_HHAB,Luxembourg,LU,2024,2024,1.43
Annual,A,Percentage,PC,Total,T,Share of EU citizens who have acquired citizenship,EU_P_HHAB,Hungary,HU,2009,2009,3.7
Annual,A,Percentage,PC,Total,T,Share of EU citizens who have acquired citizenship,EU_P_HHAB,Hungary,HU,2010,2010,3.54
Annual,A,Percentage,PC,Total,T,Share of EU citizens who have acquired citizenship,EU_P_HHAB,Hungary,HU,2011,2011,12.78
Annual,A,Percentage,PC,Total,T,Share of EU citizens who have acquired citizenship,EU_P_HHAB,Hungary,HU,2012,2012,18.21
Annual,A,Percentage,PC,Total,T,Share of EU citizens who have acquired citizenship,EU_P_HHAB,Hungary,HU,2013,2013,9.16
Annual,A,Percentage,PC,Total,T,Share of EU citizens who have acquired citizenship,EU_P_HHAB,Hungary,HU,2014,2014,8.3
Annual,A,Percentage,PC,Total,T,Share of EU citizens who have acquired citizenship,EU_P_HHAB,Hungary,HU,2015,2015,3.62
Annual,A,Percentage,PC,Total,T,Share of EU citizens who have acquired citizenship,EU_P_HHAB,Hungary,HU,2016,2016,3.84
Annual,A,Percentage,PC,Total,T,Share of EU citizens who have acquired citizenship,EU_P_HHAB,Hungary,HU,2017,2017,2.55
Annual,A,Percentage,PC,Total,T,Share of EU citizens who have acquired citizenship,EU_P_HHAB,Hungary,HU,2018,2018,3.25
Annual,A,Percentage,PC,Total,T,Share of EU citizens who have acquired citizenship,EU_P_HHAB,Hungary,HU,2019,2019,3.1
Annual,A,Percentage,PC,Total,T,Share of EU citizens who have acquired citizenship,EU_P_HHAB,Hungary,HU,2020,2020,1.81
Annual,A,Percentage,PC,Total,T,Share of EU citizens who have acquired citizenship,EU_P_HHAB,Hungary,HU,2021,2021,2.36
Annual,A,Percentage,PC,Total,T,Share of EU citizens who have acquired citizenship,EU_P_HHAB,Hungary,HU,2022,2022,2.72
Annual,A,Percentage,PC,Total,T,Share of EU citizens who have acquired citizenship,EU_P_HHAB,Hungary,HU,2023,2023,1.87
Annual,A,Percentage,PC,Total,T,Share of EU citizens who have acquired citizenship,EU_P_HHAB,Hungary,HU,2024,2024,1.25
Annual,A,Percentage,PC,Total,T,Share of EU citizens who have acquired citizenship,EU_P_HHAB,Malta,MT,2009,2009,1.86
Annual,A,Percentage,PC,Total,T,Share of EU citizens who have acquired citizenship,EU_P_HHAB,Malta,MT,2010,2010,0.77
Annual,A,Percentage,PC,Total,T,Share of EU citizens who have acquired citizenship,EU_P_HHAB,Malta,MT,2011,2011,0.67
Annual,A,Percentage,PC,Total,T,Share of EU citizens who have acquired citizenship,EU_P_HHAB,Malta,MT,2012,2012,1.86
Annual,A,Percentage,PC,Total,T,Share of EU citizens who have acquired citizenship,EU_P_HHAB,Malta,MT,2013,2013,1.34
Annual,A,Percentage,PC,Total,T,Share of EU citizens who have acquired citizenship,EU_P_HHAB,Malta,MT,2014,2014,1.09
Annual,A,Percentage,PC,Total,T,Share of EU citizens who have acquired citizenship,EU_P_HHAB,Malta,MT,2015,2015,0.67
Annual,A,Percentage,PC,Total,T,Share of EU citizens who have acquired citizenship,EU_P_HHAB,Malta,MT,2016,2016,1.12
Annual,A,Percentage,PC,Total,T,Share of EU citizens who have acquired citizenship,EU_P_HHAB,Malta,MT,2017,2017,1.28
Annual,A,Percentage,PC,Total,T,Share of EU citizens who have acquired citizenship,EU_P_HHAB,Malta,MT,2018,2018,1.32
Annual,A,Percentage,PC,Total,T,Share of EU citizens who have acquired citizenship,EU_P_HHAB,Malta,MT,2019,2019,0.82
Annual,A,Percentage,PC,Total,T,Share of EU citizens who have acquired citizenship,EU_P_HHAB,Malta,MT,2021,2021,0.27
Annual,A,Percentage,PC,Total,T,Share of EU citizens who have acquired citizenship,EU_P_HHAB,Malta,MT,2022,2022,0.19
Annual,A,Percentage,PC,Total,T,Share of EU citizens who have acquired citizenship,EU_P_HHAB,Malta,MT,2023,2023,0.18
Annual,A,Percentage,PC,Total,T,Share of EU citizens who have acquired citizenship,EU_P_HHAB,Malta,MT,2024,2024,0.2
Annual,A,Percentage,PC,Total,T,Share of EU citizens who have acquired citizenship,EU_P_HHAB,Netherlands,NL,2009,2009,0.65
Annual,A,Percentage,PC,Total,T,Share of EU citizens who have acquired citizenship,EU_P_HHAB,Netherlands,NL,2010,2010,0.62
Annual,A,Percentage,PC,Total,T,Share of EU citizens who have acquired citizenship,EU_P_HHAB,Netherlands,NL,2011,2011,0.62
Annual,A,Percentage,PC,Total,T,Share of EU citizens who have acquired citizenship,EU_P_HHAB,Netherlands,NL,2012,2012,0.65
Annual,A,Percentage,PC,Total,T,Share of EU citizens who have acquired citizenship,EU_P_HHAB,Netherlands,NL,2013,2013,0.0
Annual,A,Percentage,PC,Total,T,Share of EU citizens who have acquired citizenship,EU_P_HHAB,Netherlands,NL,2014,2014,0.55
Annual,A,Percentage,PC,Total,T,Share of EU citizens who have acquired citizenship,EU_P_HHAB,Netherlands,NL,2015,2015,0.41
Annual,A,Percentage,PC,Total,T,Share of EU citizens who have acquired citizenship,EU_P_HHAB,Netherlands,NL,2016,2016,0.57
Annual,A,Percentage,PC,Total,T,Share of EU citizens who have acquired citizenship,EU_P_HHAB,Netherlands,NL,2017,2017,0.75
Annual,A,Percentage,PC,Total,T,Share of EU citizens who have acquired citizenship,EU_P_HHAB,Netherlands,NL,2018,2018,0.63
Annual,A,Percentage,PC,Total,T,Share of EU citizens who have acquired citizenship,EU_P_HHAB,Netherlands,NL,2019,2019,0.84
Annual,A,Percentage,PC,Total,T,Share of EU citizens who have acquired citizenship,EU_P_HHAB,Netherlands,NL,2020,2020,0.46
Annual,A,Percentage,PC,Total,T,Share of EU citizens who have acquired citizenship,EU_P_HHAB,Netherlands,NL,2021,2021,0.44
Annual,A,Percentage,PC,Total,T,Share of EU citizens who have acquired citizenship,EU_P_HHAB,Netherlands,NL,2022,2022,0.43
Annual,A,Percentage,PC,Total,T,Share of EU citizens who have acquired citizenship,EU_P_HHAB,Netherlands,NL,2023,2023,0.47
Annual,A,Percentage,PC,Total,T,Share of EU citizens who have acquired citizenship,EU_P_HHAB,Netherlands,NL,2024,2024,0.44
Annual,A,Percentage,PC,Total,T,Share of EU citizens who have acquired citizenship,EU_P_HHAB,Austria,AT,2009,2009,0.28
Annual,A,Percentage,PC,Total,T,Share of EU citizens who have acquired citizenship,EU_P_HHAB,Austria,AT,2010,2010,0.18
Annual,A,Percentage,PC,Total,T,Share of EU citizens who have acquired citizenship,EU_P_HHAB,Austria,AT,2011,2011,0.2
Annual,A,Percentage,PC,Total,T,Share of EU citizens who have acquired citizenship,EU_P_HHAB,Austria,AT,2012,2012,0.2
Annual,A,Percentage,PC,Total,T,Share of EU citizens who have acquired citizenship,EU_P_HHAB,Austria,AT,2013,2013,0.2
Annual,A,Percentage,PC,Total,T,Share of EU citizens who have acquired citizenship,EU_P_HHAB,Austria,AT,2014,2014,0.23
Annual,A,Percentage,PC,Total,T,Share of EU citizens who have acquired citizenship,EU_P_HHAB,Austria,AT,2015,2015,0.19
Annual,A,Percentage,PC,Total,T,Share of EU citizens who have acquired citizenship,EU_P_HHAB,Austria,AT,2016,2016,0.21
Annual,A,Percentage,PC,Total,T,Share of EU citizens who have acquired citizenship,EU_P_HHAB,Austria,AT,2017,2017,0.24
Annual,A,Percentage,PC,Total,T,Share of EU citizens who have acquired citizenship,EU_P_HHAB,Austria,AT,2018,2018,0.29
Annual,A,Percentage,PC,Total,T,Share of EU citizens who have acquired citizenship,EU_P_HHAB,Austria,AT,2019,2019,0.26
Annual,A,Percentage,PC,Total,T,Share of EU citizens who have acquired citizenship,EU_P_HHAB,Austria,AT,2020,2020,0.2
Annual,A,Percentage,PC,Total,T,Share of EU citizens who have acquired citizenship,EU_P_HHAB,Austria,AT,2021,2021,0.2
Annual,A,Percentage,PC,Total,T,Share of EU citizens who have acquired citizenship,EU_P_HHAB,Austria,AT,2022,2022,0.19
Annual,A,Percentage,PC,Total,T,Share of EU citizens who have acquired citizenship,EU_P_HHAB,Austria,AT,2023,2023,0.19
Annual,A,Percentage,PC,Total,T,Share of EU citizens who have acquired citizenship,EU_P_HHAB,Austria,AT,2024,2024,0.19
Annual,A,Percentage,PC,Total,T,Share of EU citizens who have acquired citizenship,EU_P_HHAB,Poland,PL,2009,2009,1.14
Annual,A,Percentage,PC,Total,T,Share of EU citizens who have acquired citizenship,EU_P_HHAB,Poland,PL,2010,2010,1.33
Annual,A,Percentage,PC,Total,T,Share of EU citizens who have acquired citizenship,EU_P_HHAB,Poland,PL,2011,2011,1.54
Annual,A,Percentage,PC,Total,T,Share of EU citizens who have acquired citizenship,EU_P_HHAB,Poland,PL,2012,2012,1.7
Annual,A,Percentage,PC,Total,T,Share of EU citizens who have acquired citizenship,EU_P_HHAB,Poland,PL,2013,2013,2.13
Annual,A,Percentage,PC,Total,T,Share of EU citizens who have acquired citizenship,EU_P_HHAB,Poland,PL,2014,2014,0.93
Annual,A,Percentage,PC,Total,T,Share of EU citizens who have acquired citizenship,EU_P_HHAB,Poland,PL,2015,2015,0.85
Annual,A,Percentage,PC,Total,T,Share of EU citizens who have acquired citizenship,EU_P_HHAB,Poland,PL,2016,2016,0.81
Annual,A,Percentage,PC,Total,T,Share of EU citizens who have acquired citizenship,EU_P_HHAB,Poland,PL,2017,2017,0.63
Annual,A,Percentage,PC,Total,T,Share of EU citizens who have acquired citizenship,EU_P_HHAB,Poland,PL,2018,2018,0.77
Annual,A,Percentage,PC,Total,T,Share of EU citizens who have acquired citizenship,EU_P_HHAB,Poland,PL,2019,2019,0.72
Annual,A,Percentage,PC,Total,T,Share of EU citizens who have acquired citizenship,EU_P_HHAB,Poland,PL,2020,2020,0.57
Annual,A,Percentage,PC,Total,T,Share of EU citizens who have acquired citizenship,EU_P_HHAB,Poland,PL,2021,2021,0.7
Annual,A,Percentage,PC,Total,T,Share of EU citizens who have acquired citizenship,EU_P_HHAB,Poland,PL,2022,2022,0.62
Annual,A,Percentage,PC,Total,T,Share of EU citizens who have acquired citizenship,EU_P_HHAB,Poland,PL,2023,2023,0.59
Annual,A,Percentage,PC,Total,T,Share of EU citizens who have acquired citizenship,EU_P_HHAB,Poland,PL,2024,2024,0.58
Annual,A,Percentage,PC,Total,T,Share of EU citizens who have acquired citizenship,EU_P_HHAB,Portugal,PT,2009,2009,0.6
Annual,A,Percentage,PC,Total,T,Share of EU citizens who have acquired citizenship,EU_P_HHAB,Portugal,PT,2010,2010,0.56
Annual,A,Percentage,PC,Total,T,Share of EU citizens who have acquired citizenship,EU_P_HHAB,Portugal,PT,2011,2011,0.71
Annual,A,Percentage,PC,Total,T,Share of EU citizens who have acquired citizenship,EU_P_HHAB,Portugal,PT,2012,2012,0.68
Annual,A,Percentage,PC,Total,T,Share of EU citizens who have acquired citizenship,EU_P_HHAB,Portugal,PT,2013,2013,1.06
Annual,A,Percentage,PC,Total,T,Share of EU citizens who have acquired citizenship,EU_P_HHAB,Portugal,PT,2014,2014,0.96
Annual,A,Percentage,PC,Total,T,Share of EU citizens who have acquired citizenship,EU_P_HHAB,Portugal,PT,2015,2015,0.75
Annual,A,Percentage,PC,Total,T,Share of EU citizens who have acquired citizenship,EU_P_HHAB,Portugal,PT,2016,2016,0.88
Annual,A,Percentage,PC,Total,T,Share of EU citizens who have acquired citizenship,EU_P_HHAB,Portugal,PT,2017,2017,0.62
Annual,A,Percentage,PC,Total,T,Share of EU citizens who have acquired citizenship,EU_P_HHAB,Portugal,PT,2018,2018,0.58
Annual,A,Percentage,PC,Total,T,Share of EU citizens who have acquired citizenship,EU_P_HHAB,Portugal,PT,2019,2019,0.52
Annual,A,Percentage,PC,Total,T,Share of EU citizens who have acquired citizenship,EU_P_HHAB,Portugal,PT,2020,2020,0.67
Annual,A,Percentage,PC,Total,T,Share of EU citizens who have acquired citizenship,EU_P_HHAB,Portugal,PT,2021,2021,0.52
Annual,A,Percentage,PC,Total,T,Share of EU citizens who have acquired citizenship,EU_P_HHAB,Portugal,PT,2022,2022,0.32
Annual,A,Percentage,PC,Total,T,Share of EU citizens who have acquired citizenship,EU_P_HHAB,Portugal,PT,2023,2023,0.3
Annual,A,Percentage,PC,Total,T,Share of EU citizens who have acquired citizenship,EU_P_HHAB,Portugal,PT,2024,2024,0.43
Annual,A,Percentage,PC,Total,T,Share of EU citizens who have acquired citizenship,EU_P_HHAB,Romania,RO,2013,2013,0.12
Annual,A,Percentage,PC,Total,T,Share of EU citizens who have acquired citizenship,EU_P_HHAB,Romania,RO,2014,2014,0.16
Annual,A,Percentage,PC,Total,T,Share of EU citizens who have acquired citizenship,EU_P_HHAB,Romania,RO,2015,2015,0.04
Annual,A,Percentage,PC,Total,T,Share of EU citizens who have acquired citizenship,EU_P_HHAB,Romania,RO,2016,2016,0.01
Annual,A,Percentage,PC,Total,T,Share of EU citizens who have acquired citizenship,EU_P_HHAB,Romania,RO,2017,2017,0.05
Annual,A,Percentage,PC,Total,T,Share of EU citizens who have acquired citizenship,EU_P_HHAB,Romania,RO,2018,2018,0.04
Annual,A,Percentage,PC,Total,T,Share of EU citizens who have acquired citizenship,EU_P_HHAB,Romania,RO,2019,2019,0.03
Annual,A,Percentage,PC,Total,T,Share of EU citizens who have acquired citizenship,EU_P_HHAB,Romania,RO,2020,2020,0.03
Annual,A,Percentage,PC,Total,T,Share of EU citizens who have acquired citizenship,EU_P_HHAB,Romania,RO,2021,2021,0.03
Annual,A,Percentage,PC,Total,T,Share of EU citizens who have acquired citizenship,EU_P_HHAB,Romania,RO,2022,2022,0.03
Annual,A,Percentage,PC,Total,T,Share of EU citizens who have acquired citizenship,EU_P_HHAB,Romania,RO,2023,2023,0.05
Annual,A,Percentage,PC,Total,T,Share of EU citizens who have acquired citizenship,EU_P_HHAB,Romania,RO,2024,2024,0.04
Annual,A,Percentage,PC,Total,T,Share of EU citizens who have acquired citizenship,EU_P_HHAB,Slovenia,SI,2009,2009,5.01
Annual,A,Percentage,PC,Total,T,Share of EU citizens who have acquired citizenship,EU_P_HHAB,Slovenia,SI,2010,2010,5.34
Annual,A,Percentage,PC,Total,T,Share of EU citizens who have acquired citizenship,EU_P_HHAB,Slovenia,SI,2011,2011,4.55
Annual,A,Percentage,PC,Total,T,Share of EU citizens who have acquired citizenship,EU_P_HHAB,Slovenia,SI,2012,2012,3.34
Annual,A,Percentage,PC,Total,T,Share of EU citizens who have acquired citizenship,EU_P_HHAB,Slovenia,SI,2013,2013,3.19
Annual,A,Percentage,PC,Total,T,Share of EU citizens who have acquired citizenship,EU_P_HHAB,Slovenia,SI,2014,2014,0.34
Annual,A,Percentage,PC,Total,T,Share of EU citizens who have acquired citizenship,EU_P_HHAB,Slovenia,SI,2015,2015,0.41
Annual,A,Percentage,PC,Total,T,Share of EU citizens who have acquired citizenship,EU_P_HHAB,Slovenia,SI,2016,2016,0.38
Annual,A,Percentage,PC,Total,T,Share of EU citizens who have acquired citizenship,EU_P_HHAB,Slovenia,SI,2017,2017,0.38
Annual,A,Percentage,PC,Total,T,Share of EU citizens who have acquired citizenship,EU_P_HHAB,Slovenia,SI,2018,2018,0.39
Annual,A,Percentage,PC,Total,T,Share of EU citizens who have acquired citizenship,EU_P_HHAB,Slovenia,SI,2019,2019,0.43
Annual,A,Percentage,PC,Total,T,Share of EU citizens who have acquired citizenship,EU_P_HHAB,Slovenia,SI,2020,2020,0.38
Annual,A,Percentage,PC,Total,T,Share of EU citizens who have acquired citizenship,EU_P_HHAB,Slovenia,SI,2021,2021,0.43
Annual,A,Percentage,PC,Total,T,Share of EU citizens who have acquired citizenship,EU_P_HHAB,Slovenia,SI,2022,2022,0.48
Annual,A,Percentage,PC,Total,T,Share of EU citizens who have acquired citizenship,EU_P_HHAB,Slovenia,SI,2023,2023,0.49
Annual,A,Percentage,PC,Total,T,Share of EU citizens who have acquired citizenship,EU_P_HHAB,Slovenia,SI,2024,2024,0.51
Annual,A,Percentage,PC,Total,T,Share of EU citizens who have acquired citizenship,EU_P_HHAB,Slovakia,SK,2009,2009,0.28
Annual,A,Percentage,PC,Total,T,Share of EU citizens who have acquired citizenship,EU_P_HHAB,Slovakia,SK,2010,2010,0.21
Annual,A,Percentage,PC,Total,T,Share of EU citizens who have acquired citizenship,EU_P_HHAB,Slovakia,SK,2011,2011,0.21
Annual,A,Percentage,PC,Total,T,Share of EU citizens who have acquired citizenship,EU_P_HHAB,Slovakia,SK,2012,2012,0.15
Annual,A,Percentage,PC,Total,T,Share of EU citizens who have acquired citizenship,EU_P_HHAB,Slovakia,SK,2013,2013,0.09
Annual,A,Percentage,PC,Total,T,Share of EU citizens who have acquired citizenship,EU_P_HHAB,Slovakia,SK,2014,2014,0.12
Annual,A,Percentage,PC,Total,T,Share of EU citizens who have acquired citizenship,EU_P_HHAB,Slovakia,SK,2015,2015,0.22
Annual,A,Percentage,PC,Total,T,Share of EU citizens who have acquired citizenship,EU_P_HHAB,Slovakia,SK,2016,2016,0.4
Annual,A,Percentage,PC,Total,T,Share of EU citizens who have acquired citizenship,EU_P_HHAB,Slovakia,SK,2017,2017,0.4
Annual,A,Percentage,PC,Total,T,Share of EU citizens who have acquired citizenship,EU_P_HHAB,Slovakia,SK,2018,2018,0.55
Annual,A,Percentage,PC,Total,T,Share of EU citizens who have acquired citizenship,EU_P_HHAB,Slovakia,SK,2019,2019,0.42
Annual,A,Percentage,PC,Total,T,Share of EU citizens who have acquired citizenship,EU_P_HHAB,Slovakia,SK,2020,2020,0.31
Annual,A,Percentage,PC,Total,T,Share of EU citizens who have acquired citizenship,EU_P_HHAB,Slovakia,SK,2021,2021,0.19
Annual,A,Percentage,PC,Total,T,Share of EU citizens who have acquired citizenship,EU_P_HHAB,Slovakia,SK,2022,2022,0.46
Annual,A,Percentage,PC,Total,T,Share of EU citizens who have acquired citizenship,EU_P_HHAB,Slovakia,SK,2023,2023,0.48
Annual,A,Percentage,PC,Total,T,Share of EU citizens who have acquired citizenship,EU_P_HHAB,Slovakia,SK,2024,2024,0.74
Annual,A,Percentage,PC,Total,T,Share of EU citizens who have acquired citizenship,EU_P_HHAB,Finland,FI,2009,2009,0.81
Annual,A,Percentage,PC,Total,T,Share of EU citizens who have acquired citizenship,EU_P_HHAB,Finland,FI,2010,2010,1.0
Annual,A,Percentage,PC,Total,T,Share of EU citizens who have acquired citizenship,EU_P_HHAB,Finland,FI,2011,2011,1.18
Annual,A,Percentage,PC,Total,T,Share of EU citizens who have acquired citizenship,EU_P_HHAB,Finland,FI,2012,2012,1.61
Annual,A,Percentage,PC,Total,T,Share of EU citizens who have acquired citizenship,EU_P_HHAB,Finland,FI,2013,2013,1.19
Annual,A,Percentage,PC,Total,T,Share of EU citizens who have acquired citizenship,EU_P_HHAB,Finland,FI,2014,2014,1.1
Annual,A,Percentage,PC,Total,T,Share of EU citizens who have acquired citizenship,EU_P_HHAB,Finland,FI,2015,2015,1.1
Annual,A,Percentage,PC,Total,T,Share of EU citizens who have acquired citizenship,EU_P_HHAB,Finland,FI,2016,2016,1.27
Annual,A,Percentage,PC,Total,T,Share of EU citizens who have acquired citizenship,EU_P_HHAB,Finland,FI,2017,2017,1.83
Annual,A,Percentage,PC,Total,T,Share of EU citizens who have acquired citizenship,EU_P_HHAB,Finland,FI,2018,2018,1.41
Annual,A,Percentage,PC,Total,T,Share of EU citizens who have acquired citizenship,EU_P_HHAB,Finland,FI,2019,2019,1.81
Annual,A,Percentage,PC,Total,T,Share of EU citizens who have acquired citizenship,EU_P_HHAB,Finland,FI,2020,2020,1.26
Annual,A,Percentage,PC,Total,T,Share of EU citizens who have acquired citizenship,EU_P_HHAB,Finland,FI,2021,2021,1.1
Annual,A,Percentage,PC,Total,T,Share of EU citizens who have acquired citizenship,EU_P_HHAB,Finland,FI,2022,2022,1.46
Annual,A,Percentage,PC,Total,T,Share of EU citizens who have acquired citizenship,EU_P_HHAB,Finland,FI,2023,2023,1.26
Annual,A,Percentage,PC,Total,T,Share of EU citizens who have acquired citizenship,EU_P_HHAB,Finland,FI,2024,2024,1.32
Annual,A,Percentage,PC,Total,T,Share of EU citizens who have acquired citizenship,EU_P_HHAB,Sweden,SE,2009,2009,2.35
Annual,A,Percentage,PC,Total,T,Share of EU citizens who have acquired citizenship,EU_P_HHAB,Sweden,SE,2010,2010,3.08
Annual,A,Percentage,PC,Total,T,Share of EU citizens who have acquired citizenship,EU_P_HHAB,Sweden,SE,2011,2011,2.71
Annual,A,Percentage,PC,Total,T,Share of EU citizens who have acquired citizenship,EU_P_HHAB,Sweden,SE,2012,2012,2.63
Annual,A,Percentage,PC,Total,T,Share of EU citizens who have acquired citizenship,EU_P_HHAB,Sweden,SE,2013,2013,3.37
Annual,A,Percentage,PC,Total,T,Share of EU citizens who have acquired citizenship,EU_P_HHAB,Sweden,SE,2014,2014,3.73
Annual,A,Percentage,PC,Total,T,Share of EU citizens who have acquired citizenship,EU_P_HHAB,Sweden,SE,2015,2015,3.7
Annual,A,Percentage,PC,Total,T,Share of EU citizens who have acquired citizenship,EU_P_HHAB,Sweden,SE,2016,2016,4.22
Annual,A,Percentage,PC,Total,T,Share of EU citizens who have acquired citizenship,EU_P_HHAB,Sweden,SE,2017,2017,3.73
Annual,A,Percentage,PC,Total,T,Share of EU citizens who have acquired citizenship,EU_P_HHAB,Sweden,SE,2018,2018,3.9
Annual,A,Percentage,PC,Total,T,Share of EU citizens who have acquired citizenship,EU_P_HHAB,Sweden,SE,2019,2019,3.96
Annual,A,Percentage,PC,Total,T,Share of EU citizens who have acquired citizenship,EU_P_HHAB,Sweden,SE,2020,2020,4.62
Annual,A,Percentage,PC,Total,T,Share of EU citizens who have acquired citizenship,EU_P_HHAB,Sweden,SE,2021,2021,4.58
Annual,A,Percentage,PC,Total,T,Share of EU citizens who have acquired citizenship,EU_P_HHAB,Sweden,SE,2022,2022,4.69
Annual,A,Percentage,PC,Total,T,Share of EU citizens who have acquired citizenship,EU_P_HHAB,Sweden,SE,2023,2023,4.24
Annual,A,Percentage,PC,Total,T,Share of EU citizens who have acquired citizenship,EU_P_HHAB,Sweden,SE,2024,2024,4.47
Annual,A,Percentage,PC,Total,T,Share of EU citizens who have acquired citizenship,EU_P_HHAB,Iceland,IS,2009,2009,1.17
Annual,A,Percentage,PC,Total,T,Share of EU citizens who have acquired citizenship,EU_P_HHAB,Iceland,IS,2010,2010,0.65
Annual,A,Percentage,PC,Total,T,Share of EU citizens who have acquired citizenship,EU_P_HHAB,Iceland,IS,2011,2011,0.54
Annual,A,Percentage,PC,Total,T,Share of EU citizens who have acquired citizenship,EU_P_HHAB,Iceland,IS,2012,2012,0.57
Annual,A,Percentage,PC,Total,T,Share of EU citizens who have acquired citizenship,EU_P_HHAB,Iceland,IS,2013,2013,0.97
Annual,A,Percentage,PC,Total,T,Share of EU citizens who have acquired citizenship,EU_P_HHAB,Iceland,IS,2014,2014,1.39
Annual,A,Percentage,PC,Total,T,Share of EU citizens who have acquired citizenship,EU_P_HHAB,Iceland,IS,2015,2015,1.95
Annual,A,Percentage,PC,Total,T,Share of EU citizens who have acquired citizenship,EU_P_HHAB,Iceland,IS,2016,2016,1.63
Annual,A,Percentage,PC,Total,T,Share of EU citizens who have acquired citizenship,EU_P_HHAB,Iceland,IS,2017,2017,1.44
Annual,A,Percentage,PC,Total,T,Share of EU citizens who have acquired citizenship,EU_P_HHAB,Iceland,IS,2018,2018,0.77
Annual,A,Percentage,PC,Total,T,Share of EU citizens who have acquired citizenship,EU_P_HHAB,Iceland,IS,2019,2019,0.62
Annual,A,Percentage,PC,Total,T,Share of EU citizens who have acquired citizenship,EU_P_HHAB,Iceland,IS,2020,2020,0.55
Annual,A,Percentage,PC,Total,T,Share of EU citizens who have acquired citizenship,EU_P_HHAB,Iceland,IS,2021,2021,0.94
Annual,A,Percentage,PC,Total,T,Share of EU citizens who have acquired citizenship,EU_P_HHAB,Iceland,IS,2022,2022,0.79
Annual,A,Percentage,PC,Total,T,Share of EU citizens who have acquired citizenship,EU_P_HHAB,Iceland,IS,2023,2023,0.59
Annual,A,Percentage,PC,Total,T,Share of EU citizens who have acquired citizenship,EU_P_HHAB,Iceland,IS,2024,2024,0.58
Annual,A,Percentage,PC,Total,T,Share of EU citizens who have acquired citizenship,EU_P_HHAB,Liechtenstein,LI,2009,2009,0.28
Annual,A,Percentage,PC,Total,T,Share of EU citizens who have acquired citizenship,EU_P_HHAB,Liechtenstein,LI,2010,2010,0.51
Annual,A,Percentage,PC,Total,T,Share of EU citizens who have acquired citizenship,EU_P_HHAB,Liechtenstein,LI,2011,2011,0.86
Annual,A,Percentage,PC,Total,T,Share of EU citizens who have acquired citizenship,EU_P_HHAB,Liechtenstein,LI,2012,2012,0.55
Annual,A,Percentage,PC,Total,T,Share of EU citizens who have acquired citizenship,EU_P_HHAB,Liechtenstein,LI,2013,2013,0.68
Annual,A,Percentage,PC,Total,T,Share of EU citizens who have acquired citizenship,EU_P_HHAB,Liechtenstein,LI,2014,2014,0.7
Annual,A,Percentage,PC,Total,T,Share of EU citizens who have acquired citizenship,EU_P_HHAB,Liechtenstein,LI,2015,2015,0.56
Annual,A,Percentage,PC,Total,T,Share of EU citizens who have acquired citizenship,EU_P_HHAB,Liechtenstein,LI,2016,2016,0.87
Annual,A,Percentage,PC,Total,T,Share of EU citizens who have acquired citizenship,EU_P_HHAB,Liechtenstein,LI,2017,2017,0.64
Annual,A,Percentage,PC,Total,T,Share of EU citizens who have acquired citizenship,EU_P_HHAB,Liechtenstein,LI,2018,2018,0.57
Annual,A,Percentage,PC,Total,T,Share of EU citizens who have acquired citizenship,EU_P_HHAB,Liechtenstein,LI,2019,2019,0.58
Annual,A,Percentage,PC,Total,T,Share of EU citizens who have acquired citizenship,EU_P_HHAB,Liechtenstein,LI,2020,2020,0.49
Annual,A,Percentage,PC,Total,T,Share of EU citizens who have acquired citizenship,EU_P_HHAB,Liechtenstein,LI,2021,2021,0.96
Annual,A,Percentage,PC,Total,T,Share of EU citizens who have acquired citizenship,EU_P_HHAB,Liechtenstein,LI,2022,2022,0.97
Annual,A,Percentage,PC,Total,T,Share of EU citizens who have acquired citizenship,EU_P_HHAB,Liechtenstein,LI,2023,2023,1.17
Annual,A,Percentage,PC,Total,T,Share of EU citizens who have acquired citizenship,EU_P_HHAB,Liechtenstein,LI,2024,2024,1.45
Annual,A,Percentage,PC,Total,T,Share of EU citizens who have acquired citizenship,EU_P_HHAB,Norway,NO,2009,2009,0.51
Annual,A,Percentage,PC,Total,T,Share of EU citizens who have acquired citizenship,EU_P_HHAB,Norway,NO,2010,2010,0.51
Annual,A,Percentage,PC,Total,T,Share of EU citizens who have acquired citizenship,EU_P_HHAB,Norway,NO,2011,2011,0.53
Annual,A,Percentage,PC,Total,T,Share of EU citizens who have acquired citizenship,EU_P_HHAB,Norway,NO,2012,2012,0.46
Annual,A,Percentage,PC,Total,T,Share of EU citizens who have acquired citizenship,EU_P_HHAB,Norway,NO,2013,2013,0.52
Annual,A,Percentage,PC,Total,T,Share of EU citizens who have acquired citizenship,EU_P_HHAB,Norway,NO,2014,2014,0.62
Annual,A,Percentage,PC,Total,T,Share of EU citizens who have acquired citizenship,EU_P_HHAB,Norway,NO,2015,2015,0.38
Annual,A,Percentage,PC,Total,T,Share of EU citizens who have acquired citizenship,EU_P_HHAB,Norway,NO,2016,2016,0.37
Annual,A,Percentage,PC,Total,T,Share of EU citizens who have acquired citizenship,EU_P_HHAB,Norway,NO,2017,2017,0.57
Annual,A,Percentage,PC,Total,T,Share of EU citizens who have acquired citizenship,EU_P_HHAB,Norway,NO,2018,2018,0.27
Annual,A,Percentage,PC,Total,T,Share of EU citizens who have acquired citizenship,EU_P_HHAB,Norway,NO,2019,2019,0.25
Annual,A,Percentage,PC,Total,T,Share of EU citizens who have acquired citizenship,EU_P_HHAB,Norway,NO,2020,2020,0.9
Annual,A,Percentage,PC,Total,T,Share of EU citizens who have acquired citizenship,EU_P_HHAB,Norway,NO,2021,2021,3.24
Annual,A,Percentage,PC,Total,T,Share of EU citizens who have acquired citizenship,EU_P_HHAB,Norway,NO,2022,2022,3.8
Annual,A,Percentage,PC,Total,T,Share of EU citizens who have acquired citizenship,EU_P_HHAB,Norway,NO,2023,2023,3.34
Annual,A,Percentage,PC,Total,T,Share of EU citizens who have acquired citizenship,EU_P_HHAB,Norway,NO,2024,2024,2.64
Annual,A,Percentage,PC,Total,T,Share of EU citizens who have acquired citizenship,EU_P_HHAB,Switzerland,CH,2009,2009,1.53
Annual,A,Percentage,PC,Total,T,Share of EU citizens who have acquired citizenship,EU_P_HHAB,Switzerland,CH,2010,2010,1.32
Annual,A,Percentage,PC,Total,T,Share of EU citizens who have acquired citizenship,EU_P_HHAB,Switzerland,CH,2011,2011,1.29
Annual,A,Percentage,PC,Total,T,Share of EU citizens who have acquired citizenship,EU_P_HHAB,Switzerland,CH,2012,2012,1.22
Annual,A,Percentage,PC,Total,T,Share of EU citizens who have acquired citizenship,EU_P_HHAB,Switzerland,CH,2013,2013,1.29
Annual,A,Percentage,PC,Total,T,Share of EU citizens who have acquired citizenship,EU_P_HHAB,Switzerland,CH,2014,2014,1.34
Annual,A,Percentage,PC,Total,T,Share of EU citizens who have acquired citizenship,EU_P_HHAB,Switzerland,CH,2015,2015,1.68
Annual,A,Percentage,PC,Total,T,Share of EU citizens who have acquired citizenship,EU_P_HHAB,Switzerland,CH,2016,2016,1.71
Annual,A,Percentage,PC,Total,T,Share of EU citizens who have acquired citizenship,EU_P_HHAB,Switzerland,CH,2017,2017,1.82
Annual,A,Percentage,PC,Total,T,Share of EU citizens who have acquired citizenship,EU_P_HHAB,Switzerland,CH,2018,2018,1.68
Annual,A,Percentage,PC,Total,T,Share of EU citizens who have acquired citizenship,EU_P_HHAB,Switzerland,CH,2019,2019,1.61
Annual,A,Percentage,PC,Total,T,Share of EU citizens who have acquired citizenship,EU_P_HHAB,Switzerland,CH,2020,2020,1.4
Annual,A,Percentage,PC,Total,T,Share of EU citizens who have acquired citizenship,EU_P_HHAB,Switzerland,CH,2021,2021,1.54
Annual,A,Percentage,PC,Total,T,Share of EU citizens who have acquired citizenship,EU_P_HHAB,Switzerland,CH,2022,2022,1.72
Annual,A,Percentage,PC,Total,T,Share of EU citizens who have acquired citizenship,EU_P_HHAB,Switzerland,CH,2023,2023,1.71
Annual,A,Percentage,PC,Total,T,Share of EU citizens who have acquired citizenship,EU_P_HHAB,Switzerland,CH,2024,2024,1.58
Annual,A,Percentage,PC,Total,T,Share of EU citizens who have acquired citizenship,EU_P_HHAB,United Kingdom,UK,2009,2009,0.37
Annual,A,Percentage,PC,Total,T,Share of EU citizens who have acquired citizenship,EU_P_HHAB,United Kingdom,UK,2010,2010,0.42
Annual,A,Percentage,PC,Total,T,Share of EU citizens who have acquired citizenship,EU_P_HHAB,United Kingdom,UK,2011,2011,0.35
Annual,A,Percentage,PC,Total,T,Share of EU citizens who have acquired citizenship,EU_P_HHAB,United Kingdom,UK,2012,2012,0.43
Annual,A,Percentage,PC,Total,T,Share of EU citizens who have acquired citizenship,EU_P_HHAB,United Kingdom,UK,2013,2013,0.71
Annual,A,Percentage,PC,Total,T,Share of EU citizens who have acquired citizenship,EU_P_HHAB,United Kingdom,UK,2014,2014,0.38
Annual,A,Percentage,PC,Total,T,Share of EU citizens who have acquired citizenship,EU_P_HHAB,United Kingdom,UK,2015,2015,0.43
Annual,A,Percentage,PC,Total,T,Share of EU citizens who have acquired citizenship,EU_P_HHAB,United Kingdom,UK,2016,2016,0.54
Annual,A,Percentage,PC,Total,T,Share of EU citizens who have acquired citizenship,EU_P_HHAB,United Kingdom,UK,2017,2017,0.88
Annual,A,Percentage,PC,Total,T,Share of EU citizens who have acquired citizenship,EU_P_HHAB,United Kingdom,UK,2018,2018,1.23
Annual,A,Percentage,PC,Total,T,Share of EU citizens who have acquired citizenship,EU_P_HHAB,United Kingdom,UK,2019,2019,1.32
