"Type","Status","Last Updated","Nationality","2017","2018","2019","2020","2021","2022","2023","2024","2025","2026"
"EU1 - Residence Card","Received","31/07/2026","Afghanistan","11","19","20","15","20","*","7","*","*","*"
"EU1 - Residence Card","Received","31/07/2026","Åland Islands","0","0","0","0","0","0","0","0","0","0"
"EU1 - Residence Card","Received","31/07/2026","Albania","35","22","24","28","29","40","38","49","46","*"
"EU1 - Residence Card","Received","31/07/2026","Algeria","17","21","11","10","11","13","9","17","27","7"
"EU1 - Residence Card","Received","31/07/2026","American Samoa","0","0","0","0","0","0","0","0","0","0"
"EU1 - Residence Card","Received","31/07/2026","Andorra","*","0","0","0","0","*","0","0","0","0"
"EU1 - Residence Card","Received","31/07/2026","Angola","0","0","*","*","0","9","*","7","6","0"
"EU1 - Residence Card","Received","31/07/2026","Anguilla","0","0","0","0","0","0","0","0","0","0"
"EU1 - Residence Card","Received","31/07/2026","Antarctica","0","0","0","0","0","0","0","0","0","0"
"EU1 - Residence Card","Received","31/07/2026","Antigua and Barbuda","0","0","0","0","0","0","*","0","0","0"
"EU1 - Residence Card","Received","31/07/2026","Argentina","42","43","70","55","71","131","81","108","76","*"
"EU1 - Residence Card","Received","31/07/2026","Armenia","*","0","0","*","*","*","*","*","*","0"
"EU1 - Residence Card","Received","31/07/2026","Aruba","0","0","0","0","0","0","0","0","0","0"
"EU1 - Residence Card","Received","31/07/2026","Australia","43","32","30","22","12","13","15","12","13","0"
"EU1 - Residence Card","Received","31/07/2026","Azerbaijan","*","*","*","0","0","*","*","*","0","0"
"EU1 - Residence Card","Received","31/07/2026","Bahamas (the)","0","6","*","0","0","*","0","0","0","0"
"EU1 - Residence Card","Received","31/07/2026","Bahrain","0","0","0","0","0","0","0","0","0","0"
"EU1 - Residence Card","Received","31/07/2026","Bangladesh","56","48","45","29","34","192","295","301","336","17"
"EU1 - Residence Card","Received","31/07/2026","Barbados","*","0","0","0","0","0","*","*","0","0"
"EU1 - Residence Card","Received","31/07/2026","Belarus","17","*","13","12","*","18","8","10","6","0"
"EU1 - Residence Card","Received","31/07/2026","Belize","7","0","*","0","0","0","0","0","0","0"
"EU1 - Residence Card","Received","31/07/2026","Benin","0","0","0","0","0","0","0","0","0","0"
"EU1 - Residence Card","Received","31/07/2026","Bermuda","0","0","0","0","0","0","0","0","0","0"
"EU1 - Residence Card","Received","31/07/2026","Bhutan","0","0","0","0","0","0","0","0","*","0"
"EU1 - Residence Card","Received","31/07/2026","Bolivia (Plurinational State of)","6","10","*","9","9","18","21","34","28","*"
"EU1 - Residence Card","Received","31/07/2026","Bonaire, Sint Eustatius and Saba","0","0","0","0","0","0","0","0","0","0"
"EU1 - Residence Card","Received","31/07/2026","Bosnia and Herzegovina","19","16","20","6","*","13","7","*","*","*"
"EU1 - Residence Card","Received","31/07/2026","Botswana","8","*","*","*","*","*","*","8","6","*"
"EU1 - Residence Card","Received","31/07/2026","Bouvet Island","0","0","0","0","0","0","0","0","0","0"
"EU1 - Residence Card","Received","31/07/2026","Brazil","1135","1217","1383","1048","1125","1805","1824","2028","1772","137"
"EU1 - Residence Card","Received","31/07/2026","Brunei Darussalam","0","0","0","0","0","0","0","0","0","0"
"EU1 - Residence Card","Received","31/07/2026","Burkina Faso","0","0","0","*","0","0","0","*","0","0"
"EU1 - Residence Card","Received","31/07/2026","Burundi","0","0","0","0","0","*","0","0","0","0"
"EU1 - Residence Card","Received","31/07/2026","Cabo Verde","0","0","0","0","0","*","*","*","*","0"
"EU1 - Residence Card","Received","31/07/2026","Cambodia","*","0","0","*","*","0","0","0","0","0"
"EU1 - Residence Card","Received","31/07/2026","Cameroon","7","*","*","*","*","*","*","*","*","0"
"EU1 - Residence Card","Received","31/07/2026","Canada","33","36","23","21","18","23","13","20","12","*"
"EU1 - Residence Card","Received","31/07/2026","Cayman Islands (the)","0","0","0","0","0","0","0","0","0","0"
"EU1 - Residence Card","Received","31/07/2026","Central African Republic (the)","0","0","0","0","0","0","0","0","0","0"
"EU1 - Residence Card","Received","31/07/2026","Ceuta","0","0","0","0","0","0","0","0","0","0"
"EU1 - Residence Card","Received","31/07/2026","Chad","0","0","0","0","0","0","0","0","0","0"
"EU1 - Residence Card","Received","31/07/2026","Chile","18","21","9","21","22","40","51","61","60","*"
"EU1 - Residence Card","Received","31/07/2026","China","100","102","70","45","46","55","45","52","39","*"
"EU1 - Residence Card","Received","31/07/2026","Christmas Island","0","0","0","0","0","0","0","0","0","0"
"EU1 - Residence Card","Received","31/07/2026","Cocos (Keeling) Islands (the)","0","0","0","0","0","0","0","0","0","0"
"EU1 - Residence Card","Received","31/07/2026","Colombia","15","18","20","11","8","19","20","22","15","0"
"EU1 - Residence Card","Received","31/07/2026","Comoros (the)","0","0","0","0","0","0","0","0","0","0"
"EU1 - Residence Card","Received","31/07/2026","Congo (the Democratic Republic of the)","*","*","*","0","*","*","*","0","0","0"
"EU1 - Residence Card","Received","31/07/2026","Congo (the)","*","0","0","0","0","0","0","0","0","0"
"EU1 - Residence Card","Received","31/07/2026","Cook Islands (the)","0","0","0","0","0","0","0","0","0","0"
"EU1 - Residence Card","Received","31/07/2026","Costa Rica","0","*","*","*","*","8","*","*","11","0"
"EU1 - Residence Card","Received","31/07/2026","Côte d'Ivoire","*","0","*","*","0","0","0","*","0","0"
"EU1 - Residence Card","Received","31/07/2026","Cuba","8","*","6","0","*","*","*","*","0","0"
"EU1 - Residence Card","Received","31/07/2026","Curaçao","0","0","0","0","0","0","0","0","0","0"
"EU1 - Residence Card","Received","31/07/2026","Djibouti","0","0","0","0","0","0","0","0","*","0"
"EU1 - Residence Card","Received","31/07/2026","Dominica","*","0","*","0","0","*","0","*","0","0"
"EU1 - Residence Card","Received","31/07/2026","Dominican Republic (the)","*","*","*","*","*","*","*","*","*","0"
"EU1 - Residence Card","Received","31/07/2026","Ecuador","*","*","0","*","0","*","*","*","*","0"
"EU1 - Residence Card","Received","31/07/2026","Egypt","32","28","21","9","15","9","9","14","14","*"
"EU1 - Residence Card","Received","31/07/2026","El Salvador","*","*","*","*","*","*","6","6","*","0"
"EU1 - Residence Card","Received","31/07/2026","Equatorial Guinea","0","0","0","0","*","*","*","0","0","0"
"EU1 - Residence Card","Received","31/07/2026","Eritrea","0","0","0","*","0","0","0","0","0","0"
"EU1 - Residence Card","Received","31/07/2026","Eswatini","0","*","0","0","*","0","0","*","0","0"
"EU1 - Residence Card","Received","31/07/2026","Ethiopia","*","0","*","0","0","6","*","*","12","0"
"EU1 - Residence Card","Received","31/07/2026","Falkland Islands (the) [Malvinas]","0","0","0","0","0","0","0","0","0","0"
"EU1 - Residence Card","Received","31/07/2026","Faroe Islands (the)","0","0","0","0","0","0","0","0","0","0"
"EU1 - Residence Card","Received","31/07/2026","Fiji","0","0","*","*","0","0","0","*","0","0"
"EU1 - Residence Card","Received","31/07/2026","French Guiana","0","0","0","0","0","0","0","0","0","0"
"EU1 - Residence Card","Received","31/07/2026","French Polynesia","0","0","0","0","0","0","0","0","0","0"
"EU1 - Residence Card","Received","31/07/2026","Gabon","0","0","0","0","0","0","0","0","0","0"
"EU1 - Residence Card","Received","31/07/2026","Gambia (the)","0","*","11","*","*","8","*","*","*","0"
"EU1 - Residence Card","Received","31/07/2026","Georgia","21","12","12","*","9","13","14","8","8","*"
"EU1 - Residence Card","Received","31/07/2026","Ghana","34","20","11","9","10","21","30","35","37","*"
"EU1 - Residence Card","Received","31/07/2026","Gibraltar","0","0","0","0","0","0","0","0","0","0"
"EU1 - Residence Card","Received","31/07/2026","Greenland","0","0","0","0","0","0","0","0","0","0"
"EU1 - Residence Card","Received","31/07/2026","Grenada","0","*","0","0","*","0","0","0","0","0"
"EU1 - Residence Card","Received","31/07/2026","Guadeloupe","0","0","0","0","0","0","0","0","0","0"
"EU1 - Residence Card","Received","31/07/2026","Guam","0","0","0","0","0","0","0","0","0","0"
"EU1 - Residence Card","Received","31/07/2026","Guatemala","*","*","*","*","*","*","*","*","8","0"
"EU1 - Residence Card","Received","31/07/2026","Guernsey","0","0","0","0","0","0","0","0","0","0"
"EU1 - Residence Card","Received","31/07/2026","Guinea","*","0","*","0","0","*","0","*","0","0"
"EU1 - Residence Card","Received","31/07/2026","Guinea-Bissau","0","0","0","0","0","*","*","0","0","0"
"EU1 - Residence Card","Received","31/07/2026","Guyana","*","*","*","0","0","*","*","0","*","0"
"EU1 - Residence Card","Received","31/07/2026","Haiti","0","0","0","0","0","0","*","0","0","0"
"EU1 - Residence Card","Received","31/07/2026","Heard Island and McDonald Islands","0","0","0","0","0","0","0","0","0","0"
"EU1 - Residence Card","Received","31/07/2026","Holy See (the)","0","0","0","0","0","0","0","0","0","0"
"EU1 - Residence Card","Received","31/07/2026","Honduras","*","0","0","*","*","*","*","*","*","*"
"EU1 - Residence Card","Received","31/07/2026","India","137","112","149","73","47","100","285","688","778","27"
"EU1 - Residence Card","Received","31/07/2026","Indonesia","6","*","*","*","*","8","9","8","9","0"
"EU1 - Residence Card","Received","31/07/2026","Iran (Islamic Republic of)","7","*","7","*","*","6","*","7","7","*"
"EU1 - Residence Card","Received","31/07/2026","Iraq","6","6","*","*","*","6","*","*","*","0"
"EU1 - Residence Card","Received","31/07/2026","Isle of Man","0","0","0","0","0","0","0","0","0","0"
"EU1 - Residence Card","Received","31/07/2026","Israel","26","15","16","11","10","28","24","36","19","*"
"EU1 - Residence Card","Received","31/07/2026","Jamaica","*","*","*","*","0","*","*","0","0","0"
"EU1 - Residence Card","Received","31/07/2026","Japan","19","18","24","13","8","16","10","10","6","*"
"EU1 - Residence Card","Received","31/07/2026","Jersey","0","0","0","0","0","0","0","0","0","0"
"EU1 - Residence Card","Received","31/07/2026","Jordan","*","6","*","*","*","6","6","*","*","*"
"EU1 - Residence Card","Received","31/07/2026","Kazakhstan","*","6","*","*","*","8","*","*","*","0"
"EU1 - Residence Card","Received","31/07/2026","Kenya","*","*","10","*","*","*","*","6","8","*"
"EU1 - Residence Card","Received","31/07/2026","Kiribati","0","0","0","0","0","0","0","0","0","0"
"EU1 - Residence Card","Received","31/07/2026","Korea (the Democratic People's Republic of) North Korea","*","*","0","0","0","*","0","*","0","0"
"EU1 - Residence Card","Received","31/07/2026","Korea (the Republic of) South Korea","21","15","14","10","13","8","7","13","8","0"
"EU1 - Residence Card","Received","31/07/2026","Kosovo","*","*","*","0","*","*","0","*","0","0"
"EU1 - Residence Card","Received","31/07/2026","Kuwait","0","0","0","0","0","0","0","0","*","0"
"EU1 - Residence Card","Received","31/07/2026","Kyrgyzstan","*","0","0","0","*","*","0","0","0","*"
"EU1 - Residence Card","Received","31/07/2026","Lao People's Democratic Republic (the)","*","*","0","0","0","0","0","0","0","0"
"EU1 - Residence Card","Received","31/07/2026","Lebanon","0","*","*","*","*","6","*","*","0","0"
"EU1 - Residence Card","Received","31/07/2026","Lesotho","0","0","0","0","0","*","0","0","0","0"
"EU1 - Residence Card","Received","31/07/2026","Liberia","0","*","*","0","0","*","*","0","0","0"
"EU1 - Residence Card","Received","31/07/2026","Libya","0","8","*","*","0","0","0","*","*","0"
"EU1 - Residence Card","Received","31/07/2026","Macao","0","0","0","0","0","0","0","0","0","0"
"EU1 - Residence Card","Received","31/07/2026","Madagascar","0","*","*","0","0","*","0","0","0","0"
"EU1 - Residence Card","Received","31/07/2026","Malawi","9","*","7","*","*","*","*","0","*","0"
"EU1 - Residence Card","Received","31/07/2026","Malaysia","16","14","12","13","7","9","10","12","6","0"
"EU1 - Residence Card","Received","31/07/2026","Maldives","0","0","0","0","0","0","0","0","0","0"
"EU1 - Residence Card","Received","31/07/2026","Mali","0","0","0","0","0","0","0","0","0","0"
"EU1 - Residence Card","Received","31/07/2026","Marshall Islands (the)","0","0","0","0","0","0","0","0","0","0"
"EU1 - Residence Card","Received","31/07/2026","Martinique","0","0","0","0","0","0","0","0","0","0"
"EU1 - Residence Card","Received","31/07/2026","Mauritania","0","0","0","0","0","0","0","0","*","0"
"EU1 - Residence Card","Received","31/07/2026","Mauritius","23","26","18","*","*","*","9","*","7","0"
"EU1 - Residence Card","Received","31/07/2026","Mayotte","0","0","0","0","0","0","0","0","0","0"
"EU1 - Residence Card","Received","31/07/2026","Melilla","0","0","0","0","0","0","0","0","0","0"
"EU1 - Residence Card","Received","31/07/2026","Mexico","41","55","73","57","67","78","72","107","83","6"
"EU1 - Residence Card","Received","31/07/2026","Micronesia (Federated States of)","0","0","0","0","0","0","0","0","0","0"
"EU1 - Residence Card","Received","31/07/2026","Moldova (the Republic of)","81","111","143","59","56","186","213","159","105","14"
"EU1 - Residence Card","Received","31/07/2026","Monaco","0","0","0","0","0","0","0","0","0","0"
"EU1 - Residence Card","Received","31/07/2026","Mongolia","*","*","*","0","*","0","*","9","10","*"
"EU1 - Residence Card","Received","31/07/2026","Montenegro","*","*","*","0","0","0","0","0","*","0"
"EU1 - Residence Card","Received","31/07/2026","Montserrat","0","0","0","0","0","0","0","0","0","0"
"EU1 - Residence Card","Received","31/07/2026","Morocco","25","19","18","*","14","20","18","24","21","*"
"EU1 - Residence Card","Received","31/07/2026","Mozambique","*","0","0","0","0","0","*","*","0","0"
"EU1 - Residence Card","Received","31/07/2026","Myanmar","*","*","*","0","0","0","0","0","*","0"
"EU1 - Residence Card","Received","31/07/2026","Namibia","0","*","*","0","0","*","*","*","*","0"
"EU1 - Residence Card","Received","31/07/2026","Nauru","0","0","0","0","0","0","0","0","0","0"
"EU1 - Residence Card","Received","31/07/2026","Nepal","11","6","11","*","11","37","34","44","37","*"
"EU1 - Residence Card","Received","31/07/2026","New Caledonia","0","0","0","0","0","0","0","0","0","0"
"EU1 - Residence Card","Received","31/07/2026","New Zealand","9","12","8","6","0","7","*","12","7","0"
"EU1 - Residence Card","Received","31/07/2026","Nicaragua","0","*","*","*","0","0","0","*","*","0"
"EU1 - Residence Card","Received","31/07/2026","Niger (the)","0","0","0","0","0","0","0","0","0","0"
"EU1 - Residence Card","Received","31/07/2026","Nigeria","147","107","103","58","81","123","147","180","189","33"
"EU1 - Residence Card","Received","31/07/2026","Niue","0","0","0","0","0","0","0","0","0","0"
"EU1 - Residence Card","Received","31/07/2026","Norfolk Island","0","0","0","0","0","0","0","0","0","0"
"EU1 - Residence Card","Received","31/07/2026","North Macedonia","7","*","6","7","*","8","*","9","*","0"
"EU1 - Residence Card","Received","31/07/2026","Northern Mariana Islands (the)","0","0","0","0","0","0","0","0","0","0"
"EU1 - Residence Card","Received","31/07/2026","Oman","0","0","0","*","0","0","0","0","0","0"
"EU1 - Residence Card","Received","31/07/2026","Pakistan","435","313","304","192","120","143","147","223","246","64"
"EU1 - Residence Card","Received","31/07/2026","Palau","0","0","0","0","0","0","0","0","0","0"
"EU1 - Residence Card","Received","31/07/2026","Palestine, State of","*","*","*","*","*","0","*","*","*","0"
"EU1 - Residence Card","Received","31/07/2026","Panama","*","*","*","*","*","*","8","*","15","*"
"EU1 - Residence Card","Received","31/07/2026","Papua New Guinea","0","0","0","0","0","0","0","0","0","0"
"EU1 - Residence Card","Received","31/07/2026","Paraguay","*","*","*","*","*","7","*","9","*","0"
"EU1 - Residence Card","Received","31/07/2026","Peru","13","10","9","*","*","7","6","9","17","0"
"EU1 - Residence Card","Received","31/07/2026","Philippines (the)","41","58","55","25","14","47","42","27","35","*"
"EU1 - Residence Card","Received","31/07/2026","Pitcairn","0","0","0","0","0","0","0","0","0","0"
"EU1 - Residence Card","Received","31/07/2026","Puerto Rico","0","0","0","0","0","0","0","0","0","0"
"EU1 - Residence Card","Received","31/07/2026","Qatar","0","0","0","0","0","0","0","0","0","0"
"EU1 - Residence Card","Received","31/07/2026","Réunion","0","0","0","0","0","0","0","0","0","0"
"EU1 - Residence Card","Received","31/07/2026","Russian Federation (the)","79","63","60","49","32","83","57","41","36","*"
"EU1 - Residence Card","Received","31/07/2026","Rwanda","0","*","*","0","0","*","*","*","*","0"
"EU1 - Residence Card","Received","31/07/2026","Saint Barthélemy","0","0","0","0","0","0","0","0","0","0"
"EU1 - Residence Card","Received","31/07/2026","Saint Helena, Ascension and Tristan da Cunha","0","0","0","0","0","0","0","0","0","0"
"EU1 - Residence Card","Received","31/07/2026","Saint Kitts and Nevis","0","0","0","0","0","0","*","0","0","0"
"EU1 - Residence Card","Received","31/07/2026","Saint Lucia","*","*","0","0","0","0","*","*","0","0"
"EU1 - Residence Card","Received","31/07/2026","Saint Martin (French part)","0","0","0","0","0","0","0","0","0","0"
"EU1 - Residence Card","Received","31/07/2026","Saint Pierre and Miquelon","0","0","0","0","0","0","0","0","0","0"
"EU1 - Residence Card","Received","31/07/2026","Saint Vincent and the Grenadines","0","*","0","0","0","0","0","0","0","0"
"EU1 - Residence Card","Received","31/07/2026","Samoa","0","0","*","0","0","0","0","0","0","0"
"EU1 - Residence Card","Received","31/07/2026","San Marino","0","0","0","0","0","0","*","0","0","0"
"EU1 - Residence Card","Received","31/07/2026","Sao Tome and Principe","0","0","0","0","*","0","0","*","0","0"
"EU1 - Residence Card","Received","31/07/2026","Saudi Arabia","*","*","*","0","*","*","*","0","0","0"
"EU1 - Residence Card","Received","31/07/2026","Senegal","*","*","0","*","*","8","*","*","*","0"
"EU1 - Residence Card","Received","31/07/2026","Serbia","37","52","48","15","18","41","14","9","14","0"
"EU1 - Residence Card","Received","31/07/2026","Seychelles","0","*","0","0","0","0","0","0","0","0"
"EU1 - Residence Card","Received","31/07/2026","Sierra Leone","*","*","0","0","*","0","*","*","*","0"
"EU1 - Residence Card","Received","31/07/2026","Singapore","*","*","*","0","*","*","*","*","*","0"
"EU1 - Residence Card","Received","31/07/2026","Sint Maarten (Dutch part)","0","0","0","0","0","0","0","0","0","0"
"EU1 - Residence Card","Received","31/07/2026","Solomon Islands","0","0","0","0","0","0","0","0","0","0"
"EU1 - Residence Card","Received","31/07/2026","Somalia","0","*","*","*","*","15","34","32","70","33"
"EU1 - Residence Card","Received","31/07/2026","South Africa","340","390","685","431","172","241","180","148","69","7"
"EU1 - Residence Card","Received","31/07/2026","South Georgia and the South Sandwich Islands","0","0","0","0","0","0","0","0","0","0"
"EU1 - Residence Card","Received","31/07/2026","South Sudan","0","*","0","0","0","0","0","0","0","0"
"EU1 - Residence Card","Received","31/07/2026","Sri Lanka","11","*","10","*","*","*","15","11","*","*"
"EU1 - Residence Card","Received","31/07/2026","Sudan (the)","9","7","*","*","*","*","6","*","*","0"
"EU1 - Residence Card","Received","31/07/2026","Suriname","0","0","0","0","0","0","0","0","0","0"
"EU1 - Residence Card","Received","31/07/2026","Svalbard and Jan Mayen","0","0","0","0","0","0","0","0","0","0"
"EU1 - Residence Card","Received","31/07/2026","Switzerland","0","0","0","0","0","0","0","0","0","0"
"EU1 - Residence Card","Received","31/07/2026","Syrian Arab Republic (the)","*","*","*","*","*","*","*","*","*","0"
"EU1 - Residence Card","Received","31/07/2026","Taiwan (Province of China)","*","11","7","*","*","10","*","*","*","0"
"EU1 - Residence Card","Received","31/07/2026","Tajikistan","0","0","*","0","0","0","0","0","0","0"
"EU1 - Residence Card","Received","31/07/2026","Tanzania, the United Republic of","*","*","*","0","*","*","*","0","*","*"
"EU1 - Residence Card","Received","31/07/2026","Thailand","23","19","19","7","10","6","6","13","11","0"
"EU1 - Residence Card","Received","31/07/2026","Timor-Leste","0","0","0","0","0","*","*","*","*","0"
"EU1 - Residence Card","Received","31/07/2026","Togo","*","0","0","0","*","0","0","6","0","0"
"EU1 - Residence Card","Received","31/07/2026","Tokelau","0","0","0","0","0","0","0","0","0","0"
"EU1 - Residence Card","Received","31/07/2026","Tonga","0","0","0","0","0","0","0","0","0","0"
"EU1 - Residence Card","Received","31/07/2026","Trinidad and Tobago","*","*","*","*","*","0","*","*","*","0"
"EU1 - Residence Card","Received","31/07/2026","Tunisia","16","7","8","*","*","*","*","*","*","*"
"EU1 - Residence Card","Received","31/07/2026","Turkiye","26","33","39","21","35","68","45","53","51","*"
"EU1 - Residence Card","Received","31/07/2026","Turkmenistan","0","0","0","0","0","0","*","*","*","0"
"EU1 - Residence Card","Received","31/07/2026","Turks and Caicos Islands (the)","0","0","0","0","0","0","0","0","0","0"
"EU1 - Residence Card","Received","31/07/2026","Tuvalu","0","0","0","0","0","0","0","0","0","0"
"EU1 - Residence Card","Received","31/07/2026","Uganda","*","*","*","0","*","*","7","*","6","0"
"EU1 - Residence Card","Received","31/07/2026","Ukraine","57","78","63","35","45","58","44","54","28","7"
"EU1 - Residence Card","Received","31/07/2026","United Arab Emirates (the)","0","0","0","0","0","0","0","0","*","0"
"EU1 - Residence Card","Received","31/07/2026","United States Minor Outlying Islands (the)","0","0","0","0","0","0","0","0","0","0"
"EU1 - Residence Card","Received","31/07/2026","United States of America (the)","144","147","162","131","90","96","106","105","110","10"
"EU1 - Residence Card","Received","31/07/2026","Uruguay","*","8","18","9","9","6","10","14","11","0"
"EU1 - Residence Card","Received","31/07/2026","Uzbekistan","*","*","*","0","0","*","0","*","*","0"
"EU1 - Residence Card","Received","31/07/2026","Vanuatu","0","0","0","0","0","0","0","*","0","0"
"EU1 - Residence Card","Received","31/07/2026","Venezuela (Bolivarian Republic of)","89","76","65","24","18","45","35","32","19","*"
"EU1 - Residence Card","Received","31/07/2026","Viet Nam","*","8","13","*","*","10","*","7","9","0"
"EU1 - Residence Card","Received","31/07/2026","Virgin Islands (British)","0","0","0","0","0","0","0","0","0","0"
"EU1 - Residence Card","Received","31/07/2026","Virgin Islands (U.S.)","0","0","0","0","0","0","0","0","0","0"
"EU1 - Residence Card","Received","31/07/2026","Wallis and Futuna","0","0","0","0","0","0","0","0","0","0"
"EU1 - Residence Card","Received","31/07/2026","Western Sahara","0","0","0","0","0","0","0","0","0","0"
"EU1 - Residence Card","Received","31/07/2026","Yemen","0","*","0","0","*","*","0","0","*","0"
"EU1 - Residence Card","Received","31/07/2026","Zambia","*","*","*","*","*","0","*","*","*","0"
"EU1 - Residence Card","Received","31/07/2026","Zimbabwe","6","*","11","*","*","8","*","7","*","0"
"EU1 - Residence Card","Received","31/07/2026","*Other","63","53","50","27","20","29","46","37","11","7"
"EU1 - Residence Card","Granted","31/07/2026","Afghanistan","*","6","27","13","21","7","9","*","*","*"
"EU1 - Residence Card","Granted","31/07/2026","Åland Islands","0","0","0","0","0","0","0","0","0","0"
"EU1 - Residence Card","Granted","31/07/2026","Albania","19","20","22","10","23","33","39","24","29","7"
"EU1 - Residence Card","Granted","31/07/2026","Algeria","*","13","14","*","12","17","8","12","14","9"
"EU1 - Residence Card","Granted","31/07/2026","American Samoa","0","0","0","0","0","0","0","0","0","0"
"EU1 - Residence Card","Granted","31/07/2026","Andorra","0","*","0","0","0","0","*","0","0","0"
"EU1 - Residence Card","Granted","31/07/2026","Angola","0","0","0","*","*","*","*","*","7","0"
"EU1 - Residence Card","Granted","31/07/2026","Anguilla","0","0","0","0","0","0","0","0","0","0"
"EU1 - Residence Card","Granted","31/07/2026","Antarctica","0","0","0","0","0","0","0","0","0","0"
"EU1 - Residence Card","Granted","31/07/2026","Antigua and Barbuda","0","0","0","0","0","0","*","0","0","0"
"EU1 - Residence Card","Granted","31/07/2026","Argentina","26","34","54","31","58","109","110","97","77","19"
"EU1 - Residence Card","Granted","31/07/2026","Armenia","*","*","0","0","*","*","*","*","*","*"
"EU1 - Residence Card","Granted","31/07/2026","Aruba","0","0","0","0","0","0","0","0","0","0"
"EU1 - Residence Card","Granted","31/07/2026","Australia","31","35","40","9","14","18","15","12","10","*"
"EU1 - Residence Card","Granted","31/07/2026","Azerbaijan","*","0","*","*","*","0","*","*","0","0"
"EU1 - Residence Card","Granted","31/07/2026","Bahamas (the)","0","6","*","0","0","*","0","0","0","0"
"EU1 - Residence Card","Granted","31/07/2026","Bahrain","0","0","0","0","0","0","0","0","0","0"
"EU1 - Residence Card","Granted","31/07/2026","Bangladesh","30","13","35","22","18","86","306","250","335","95"
"EU1 - Residence Card","Granted","31/07/2026","Barbados","6","*","0","0","0","0","*","*","0","0"
"EU1 - Residence Card","Granted","31/07/2026","Belarus","10","12","8","*","11","12","14","7","*","*"
"EU1 - Residence Card","Granted","31/07/2026","Belize","0","*","*","0","0","0","0","0","0","0"
"EU1 - Residence Card","Granted","31/07/2026","Benin","0","0","0","0","0","0","0","0","0","0"
"EU1 - Residence Card","Granted","31/07/2026","Bermuda","0","0","0","0","0","0","0","0","0","0"
"EU1 - Residence Card","Granted","31/07/2026","Bhutan","0","0","0","0","0","0","0","0","*","0"
"EU1 - Residence Card","Granted","31/07/2026","Bolivia (Plurinational State of)","*","*","10","*","6","13","22","25","25","10"
"EU1 - Residence Card","Granted","31/07/2026","Bonaire, Sint Eustatius and Saba","0","0","0","0","0","0","0","0","0","0"
"EU1 - Residence Card","Granted","31/07/2026","Bosnia and Herzegovina","9","15","25","*","6","13","10","*","*","*"
"EU1 - Residence Card","Granted","31/07/2026","Botswana","7","*","*","*","*","*","*","*","7","*"
"EU1 - Residence Card","Granted","31/07/2026","Bouvet Island","0","0","0","0","0","0","0","0","0","0"
"EU1 - Residence Card","Granted","31/07/2026","Brazil","662","866","1370","508","1138","1627","2012","1669","1805","489"
"EU1 - Residence Card","Granted","31/07/2026","Brunei Darussalam","0","0","0","0","0","0","0","0","0","0"
"EU1 - Residence Card","Granted","31/07/2026","Burkina Faso","0","0","0","0","*","0","0","*","0","0"
"EU1 - Residence Card","Granted","31/07/2026","Burundi","*","0","0","0","0","*","0","0","0","0"
"EU1 - Residence Card","Granted","31/07/2026","Cabo Verde","0","0","0","0","0","0","*","*","*","0"
"EU1 - Residence Card","Granted","31/07/2026","Cambodia","*","*","0","*","0","*","0","0","0","0"
"EU1 - Residence Card","Granted","31/07/2026","Cameroon","*","*","*","*","*","*","*","*","*","0"
"EU1 - Residence Card","Granted","31/07/2026","Canada","33","30","35","8","24","21","19","12","18","*"
"EU1 - Residence Card","Granted","31/07/2026","Cayman Islands (the)","0","0","0","0","0","0","0","0","0","0"
"EU1 - Residence Card","Granted","31/07/2026","Central African Republic (the)","0","0","0","0","0","0","0","0","0","0"
"EU1 - Residence Card","Granted","31/07/2026","Ceuta","0","0","0","0","0","0","0","0","0","0"
"EU1 - Residence Card","Granted","31/07/2026","Chad","0","0","0","0","0","0","0","0","0","0"
"EU1 - Residence Card","Granted","31/07/2026","Chile","12","15","21","6","20","30","47","52","52","21"
"EU1 - Residence Card","Granted","31/07/2026","China","53","61","78","28","50","56","52","38","40","12"
"EU1 - Residence Card","Granted","31/07/2026","Christmas Island","0","0","0","0","0","0","0","0","0","0"
"EU1 - Residence Card","Granted","31/07/2026","Cocos (Keeling) Islands (the)","0","0","0","0","0","0","0","0","0","0"
"EU1 - Residence Card","Granted","31/07/2026","Colombia","10","14","19","7","13","11","25","14","14","*"
"EU1 - Residence Card","Granted","31/07/2026","Comoros (the)","0","0","0","0","0","0","0","0","0","0"
"EU1 - Residence Card","Granted","31/07/2026","Congo (the Democratic Republic of the)","0","*","*","*","0","*","*","*","0","0"
"EU1 - Residence Card","Granted","31/07/2026","Congo (the)","*","0","0","0","0","0","0","0","0","0"
"EU1 - Residence Card","Granted","31/07/2026","Cook Islands (the)","0","0","0","0","0","0","0","0","0","0"
"EU1 - Residence Card","Granted","31/07/2026","Costa Rica","*","*","*","0","*","*","7","*","11","*"
"EU1 - Residence Card","Granted","31/07/2026","Côte d'Ivoire","0","*","0","*","*","0","0","*","0","0"
"EU1 - Residence Card","Granted","31/07/2026","Cuba","8","*","*","*","*","*","*","*","*","0"
"EU1 - Residence Card","Granted","31/07/2026","Curaçao","0","0","0","0","0","0","0","0","0","0"
"EU1 - Residence Card","Granted","31/07/2026","Djibouti","0","0","0","0","0","0","0","0","0","0"
"EU1 - Residence Card","Granted","31/07/2026","Dominica","0","*","0","*","0","0","*","*","0","0"
"EU1 - Residence Card","Granted","31/07/2026","Dominican Republic (the)","*","*","*","0","*","*","*","*","*","0"
"EU1 - Residence Card","Granted","31/07/2026","Ecuador","0","*","*","*","*","0","*","*","*","*"
"EU1 - Residence Card","Granted","31/07/2026","Egypt","20","12","26","6","10","15","8","9","6","8"
"EU1 - Residence Card","Granted","31/07/2026","El Salvador","*","*","*","0","*","*","*","*","*","*"
"EU1 - Residence Card","Granted","31/07/2026","Equatorial Guinea","0","0","0","0","0","*","*","*","0","0"
"EU1 - Residence Card","Granted","31/07/2026","Eritrea","*","0","0","*","0","0","0","0","0","0"
"EU1 - Residence Card","Granted","31/07/2026","Eswatini","0","0","0","0","0","*","0","0","*","0"
"EU1 - Residence Card","Granted","31/07/2026","Ethiopia","*","*","*","0","*","*","*","*","*","0"
"EU1 - Residence Card","Granted","31/07/2026","Falkland Islands (the) [Malvinas]","0","0","0","0","0","0","0","0","0","0"
"EU1 - Residence Card","Granted","31/07/2026","Faroe Islands (the)","0","0","0","0","0","0","0","0","0","0"
"EU1 - Residence Card","Granted","31/07/2026","Fiji","0","0","*","0","0","0","0","0","0","0"
"EU1 - Residence Card","Granted","31/07/2026","French Guiana","0","0","0","0","0","0","0","0","0","0"
"EU1 - Residence Card","Granted","31/07/2026","French Polynesia","0","0","0","0","0","0","0","0","0","0"
"EU1 - Residence Card","Granted","31/07/2026","Gabon","0","0","0","0","0","0","0","0","0","0"
"EU1 - Residence Card","Granted","31/07/2026","Gambia (the)","0","0","13","*","0","6","*","*","6","*"
"EU1 - Residence Card","Granted","31/07/2026","Georgia","7","16","12","*","8","14","12","*","6","*"
"EU1 - Residence Card","Granted","31/07/2026","Ghana","11","24","18","*","8","13","28","22","40","11"
"EU1 - Residence Card","Granted","31/07/2026","Gibraltar","0","0","0","0","0","0","0","0","0","0"
"EU1 - Residence Card","Granted","31/07/2026","Greenland","0","0","0","0","0","0","0","0","0","0"
"EU1 - Residence Card","Granted","31/07/2026","Grenada","0","0","*","0","*","0","0","0","0","0"
"EU1 - Residence Card","Granted","31/07/2026","Guadeloupe","0","0","0","0","0","0","0","0","0","0"
"EU1 - Residence Card","Granted","31/07/2026","Guam","0","0","0","0","0","0","0","0","0","0"
"EU1 - Residence Card","Granted","31/07/2026","Guatemala","0","0","*","*","*","*","*","*","*","*"
"EU1 - Residence Card","Granted","31/07/2026","Guernsey","0","0","0","0","0","0","0","0","0","0"
"EU1 - Residence Card","Granted","31/07/2026","Guinea","*","*","0","*","0","0","0","0","*","0"
"EU1 - Residence Card","Granted","31/07/2026","Guinea-Bissau","*","0","0","0","0","*","0","0","0","0"
"EU1 - Residence Card","Granted","31/07/2026","Guyana","*","*","0","0","*","*","0","*","*","0"
"EU1 - Residence Card","Granted","31/07/2026","Haiti","*","0","0","0","0","0","*","0","0","0"
"EU1 - Residence Card","Granted","31/07/2026","Heard Island and McDonald Islands","0","0","0","0","0","0","0","0","0","0"
"EU1 - Residence Card","Granted","31/07/2026","Holy See (the)","0","0","0","0","0","0","0","0","0","0"
"EU1 - Residence Card","Granted","31/07/2026","Honduras","6","*","0","0","*","*","*","*","*","*"
"EU1 - Residence Card","Granted","31/07/2026","India","88","60","112","59","72","64","148","581","717","280"
"EU1 - Residence Card","Granted","31/07/2026","Indonesia","9","*","*","*","*","*","10","7","10","*"
"EU1 - Residence Card","Granted","31/07/2026","Iran (Islamic Republic of)","*","*","*","*","*","*","6","6","6","*"
"EU1 - Residence Card","Granted","31/07/2026","Iraq","*","*","6","*","*","6","*","*","*","0"
"EU1 - Residence Card","Granted","31/07/2026","Isle of Man","0","0","0","0","0","0","0","0","0","0"
"EU1 - Residence Card","Granted","31/07/2026","Israel","11","15","13","14","8","16","24","31","22","10"
"EU1 - Residence Card","Granted","31/07/2026","Jamaica","*","*","*","0","*","0","*","*","0","0"
"EU1 - Residence Card","Granted","31/07/2026","Japan","7","16","22","7","15","16","13","7","9","0"
"EU1 - Residence Card","Granted","31/07/2026","Jersey","0","0","0","0","0","0","0","0","0","0"
"EU1 - Residence Card","Granted","31/07/2026","Jordan","*","*","6","*","*","6","7","*","*","*"
"EU1 - Residence Card","Granted","31/07/2026","Kazakhstan","*","*","*","*","*","6","8","*","*","*"
"EU1 - Residence Card","Granted","31/07/2026","Kenya","*","*","6","*","6","*","7","*","8","*"
"EU1 - Residence Card","Granted","31/07/2026","Kiribati","0","0","0","0","0","0","0","0","0","0"
"EU1 - Residence Card","Granted","31/07/2026","Korea (the Democratic People's Republic of) North Korea","0","0","*","0","0","*","0","*","0","0"
"EU1 - Residence Card","Granted","31/07/2026","Korea (the Republic of) South Korea","15","18","17","7","13","10","11","8","12","*"
"EU1 - Residence Card","Granted","31/07/2026","Kosovo","*","0","*","0","*","*","0","*","0","0"
"EU1 - Residence Card","Granted","31/07/2026","Kuwait","0","0","0","0","0","0","0","0","0","0"
"EU1 - Residence Card","Granted","31/07/2026","Kyrgyzstan","0","*","0","0","0","*","*","0","0","0"
"EU1 - Residence Card","Granted","31/07/2026","Lao People's Democratic Republic (the)","*","0","*","0","0","0","0","0","0","0"
"EU1 - Residence Card","Granted","31/07/2026","Lebanon","*","*","*","0","*","6","7","0","*","0"
"EU1 - Residence Card","Granted","31/07/2026","Lesotho","*","0","0","0","0","0","*","0","0","0"
"EU1 - Residence Card","Granted","31/07/2026","Liberia","*","0","*","0","0","0","*","0","0","0"
"EU1 - Residence Card","Granted","31/07/2026","Libya","*","*","*","0","*","0","0","*","0","0"
"EU1 - Residence Card","Granted","31/07/2026","Macao","0","0","0","0","0","0","0","0","0","0"
"EU1 - Residence Card","Granted","31/07/2026","Madagascar","0","0","*","0","*","0","*","0","0","0"
"EU1 - Residence Card","Granted","31/07/2026","Malawi","*","*","*","*","*","*","*","0","*","*"
"EU1 - Residence Card","Granted","31/07/2026","Malaysia","11","15","13","9","10","9","11","8","9","*"
"EU1 - Residence Card","Granted","31/07/2026","Maldives","0","0","0","0","0","0","0","0","0","0"
"EU1 - Residence Card","Granted","31/07/2026","Mali","0","0","0","0","0","0","0","0","0","0"
"EU1 - Residence Card","Granted","31/07/2026","Marshall Islands (the)","0","0","0","0","0","0","0","0","0","0"
"EU1 - Residence Card","Granted","31/07/2026","Martinique","0","0","0","0","0","0","0","0","0","0"
"EU1 - Residence Card","Granted","31/07/2026","Mauritania","0","0","0","0","0","0","0","0","0","0"
"EU1 - Residence Card","Granted","31/07/2026","Mauritius","15","17","20","*","6","7","10","*","6","0"
"EU1 - Residence Card","Granted","31/07/2026","Mayotte","0","0","0","0","0","0","0","0","0","0"
"EU1 - Residence Card","Granted","31/07/2026","Melilla","0","0","0","0","0","0","0","0","0","0"
"EU1 - Residence Card","Granted","31/07/2026","Mexico","27","36","62","31","63","80","92","91","87","21"
"EU1 - Residence Card","Granted","31/07/2026","Micronesia (Federated States of)","0","0","0","0","0","0","0","0","0","0"
"EU1 - Residence Card","Granted","31/07/2026","Moldova (the Republic of)","47","46","135","39","86","116","222","149","117","22"
"EU1 - Residence Card","Granted","31/07/2026","Monaco","0","0","0","0","0","0","0","0","0","0"
"EU1 - Residence Card","Granted","31/07/2026","Mongolia","*","*","*","0","0","*","*","7","7","*"
"EU1 - Residence Card","Granted","31/07/2026","Montenegro","*","*","*","0","0","0","0","0","*","*"
"EU1 - Residence Card","Granted","31/07/2026","Montserrat","0","0","0","0","0","0","0","0","0","0"
"EU1 - Residence Card","Granted","31/07/2026","Morocco","15","12","17","7","9","13","23","17","20","7"
"EU1 - Residence Card","Granted","31/07/2026","Mozambique","0","0","0","0","0","0","*","*","*","0"
"EU1 - Residence Card","Granted","31/07/2026","Myanmar","0","0","*","*","0","0","0","0","*","0"
"EU1 - Residence Card","Granted","31/07/2026","Namibia","*","*","*","*","0","0","*","*","*","0"
"EU1 - Residence Card","Granted","31/07/2026","Nauru","0","0","0","0","0","0","0","0","0","0"
"EU1 - Residence Card","Granted","31/07/2026","Nepal","11","7","7","0","*","23","35","31","37","14"
"EU1 - Residence Card","Granted","31/07/2026","New Caledonia","0","0","0","0","0","0","0","0","0","0"
"EU1 - Residence Card","Granted","31/07/2026","New Zealand","8","*","11","*","*","*","*","10","*","*"
"EU1 - Residence Card","Granted","31/07/2026","Nicaragua","0","*","*","0","*","0","0","*","*","0"
"EU1 - Residence Card","Granted","31/07/2026","Niger (the)","*","0","0","0","0","0","0","0","0","0"
"EU1 - Residence Card","Granted","31/07/2026","Nigeria","90","64","78","33","49","83","146","129","145","58"
"EU1 - Residence Card","Granted","31/07/2026","Niue","0","0","0","0","0","0","0","0","0","0"
"EU1 - Residence Card","Granted","31/07/2026","Norfolk Island","0","0","0","0","0","0","0","0","0","0"
"EU1 - Residence Card","Granted","31/07/2026","North Macedonia","0","6","*","*","9","*","7","*","6","0"
"EU1 - Residence Card","Granted","31/07/2026","Northern Mariana Islands (the)","0","0","0","0","0","0","0","0","0","0"
"EU1 - Residence Card","Granted","31/07/2026","Oman","0","0","0","0","*","0","0","0","0","0"
"EU1 - Residence Card","Granted","31/07/2026","Pakistan","301","193","270","112","198","116","152","179","200","69"
"EU1 - Residence Card","Granted","31/07/2026","Palau","0","0","0","0","0","0","0","0","0","0"
"EU1 - Residence Card","Granted","31/07/2026","Palestine, State of","0","*","0","*","*","0","*","*","0","*"
"EU1 - Residence Card","Granted","31/07/2026","Panama","*","*","*","*","*","*","7","*","14","*"
"EU1 - Residence Card","Granted","31/07/2026","Papua New Guinea","0","0","0","0","0","0","0","0","0","0"
"EU1 - Residence Card","Granted","31/07/2026","Paraguay","0","*","*","0","*","*","8","7","7","*"
"EU1 - Residence Card","Granted","31/07/2026","Peru","6","12","10","6","*","6","6","7","16","*"
"EU1 - Residence Card","Granted","31/07/2026","Philippines (the)","26","39","67","19","25","37","35","33","33","9"
"EU1 - Residence Card","Granted","31/07/2026","Pitcairn","0","0","0","0","0","0","0","0","0","0"
"EU1 - Residence Card","Granted","31/07/2026","Puerto Rico","0","0","0","0","0","0","0","0","0","0"
"EU1 - Residence Card","Granted","31/07/2026","Qatar","0","0","0","0","0","0","0","0","0","0"
"EU1 - Residence Card","Granted","31/07/2026","Réunion","0","0","0","0","0","0","0","0","0","0"
"EU1 - Residence Card","Granted","31/07/2026","Russian Federation (the)","59","56","56","20","56","60","83","31","34","12"
"EU1 - Residence Card","Granted","31/07/2026","Rwanda","0","0","0","*","0","*","0","*","0","*"
"EU1 - Residence Card","Granted","31/07/2026","Saint Barthélemy","0","0","0","0","0","0","0","0","0","0"
"EU1 - Residence Card","Granted","31/07/2026","Saint Helena, Ascension and Tristan da Cunha","0","0","0","0","0","0","0","0","0","0"
"EU1 - Residence Card","Granted","31/07/2026","Saint Kitts and Nevis","0","0","0","0","0","0","*","0","0","0"
"EU1 - Residence Card","Granted","31/07/2026","Saint Lucia","0","0","*","0","0","0","0","*","0","0"
"EU1 - Residence Card","Granted","31/07/2026","Saint Martin (French part)","0","0","0","0","0","0","0","0","0","0"
"EU1 - Residence Card","Granted","31/07/2026","Saint Pierre and Miquelon","0","0","0","0","0","0","0","0","0","0"
"EU1 - Residence Card","Granted","31/07/2026","Saint Vincent and the Grenadines","0","0","*","0","0","0","0","0","0","0"
"EU1 - Residence Card","Granted","31/07/2026","Samoa","0","0","*","0","0","0","0","0","0","0"
"EU1 - Residence Card","Granted","31/07/2026","San Marino","0","0","0","0","0","0","0","*","0","0"
"EU1 - Residence Card","Granted","31/07/2026","Sao Tome and Principe","0","0","0","0","0","*","0","*","0","0"
"EU1 - Residence Card","Granted","31/07/2026","Saudi Arabia","0","*","*","0","0","*","0","*","0","0"
"EU1 - Residence Card","Granted","31/07/2026","Senegal","*","*","*","*","0","*","7","*","*","0"
"EU1 - Residence Card","Granted","31/07/2026","Serbia","33","34","54","13","22","33","34","9","14","*"
"EU1 - Residence Card","Granted","31/07/2026","Seychelles","0","0","0","0","0","0","0","0","0","0"
"EU1 - Residence Card","Granted","31/07/2026","Sierra Leone","*","*","0","0","0","*","*","*","*","*"
"EU1 - Residence Card","Granted","31/07/2026","Singapore","*","*","*","*","*","*","*","*","*","0"
"EU1 - Residence Card","Granted","31/07/2026","Sint Maarten (Dutch part)","0","0","0","0","0","0","0","0","0","0"
"EU1 - Residence Card","Granted","31/07/2026","Solomon Islands","0","0","0","0","0","0","0","0","0","0"
"EU1 - Residence Card","Granted","31/07/2026","Somalia","0","0","*","*","*","9","19","40","48","30"
"EU1 - Residence Card","Granted","31/07/2026","South Africa","254","260","656","233","434","236","219","148","77","17"
"EU1 - Residence Card","Granted","31/07/2026","South Georgia and the South Sandwich Islands","0","0","0","0","0","0","0","0","0","0"
"EU1 - Residence Card","Granted","31/07/2026","South Sudan","0","0","*","0","0","0","0","0","0","0"
"EU1 - Residence Card","Granted","31/07/2026","Sri Lanka","*","*","8","*","*","*","9","13","6","*"
"EU1 - Residence Card","Granted","31/07/2026","Sudan (the)","*","*","*","*","*","*","*","*","*","0"
"EU1 - Residence Card","Granted","31/07/2026","Suriname","0","0","0","0","0","0","0","0","0","0"
"EU1 - Residence Card","Granted","31/07/2026","Svalbard and Jan Mayen","0","0","0","0","0","0","0","0","0","0"
"EU1 - Residence Card","Granted","31/07/2026","Switzerland","0","0","0","0","0","0","0","0","0","0"
"EU1 - Residence Card","Granted","31/07/2026","Syrian Arab Republic (the)","0","*","*","*","*","0","*","*","*","*"
"EU1 - Residence Card","Granted","31/07/2026","Taiwan (Province of China)","*","6","13","0","*","8","9","*","6","*"
"EU1 - Residence Card","Granted","31/07/2026","Tajikistan","0","0","0","*","0","0","0","0","0","0"
"EU1 - Residence Card","Granted","31/07/2026","Tanzania, the United Republic of","0","*","*","0","0","*","*","*","*","*"
"EU1 - Residence Card","Granted","31/07/2026","Thailand","16","16","24","6","7","11","8","*","12","*"
"EU1 - Residence Card","Granted","31/07/2026","Timor-Leste","0","0","0","0","0","0","*","*","0","0"
"EU1 - Residence Card","Granted","31/07/2026","Togo","0","*","*","0","0","*","0","6","0","0"
"EU1 - Residence Card","Granted","31/07/2026","Tokelau","0","0","0","0","0","0","0","0","0","0"
"EU1 - Residence Card","Granted","31/07/2026","Tonga","*","0","0","0","0","0","0","0","0","0"
"EU1 - Residence Card","Granted","31/07/2026","Trinidad and Tobago","*","*","*","0","0","*","*","*","*","0"
"EU1 - Residence Card","Granted","31/07/2026","Tunisia","*","10","9","*","*","*","*","*","*","*"
"EU1 - Residence Card","Granted","31/07/2026","Turkiye","18","22","35","21","34","40","78","34","55","14"
"EU1 - Residence Card","Granted","31/07/2026","Turkmenistan","0","0","0","0","0","0","0","0","*","0"
"EU1 - Residence Card","Granted","31/07/2026","Turks and Caicos Islands (the)","0","0","0","0","0","0","0","0","0","0"
"EU1 - Residence Card","Granted","31/07/2026","Tuvalu","0","0","0","0","0","0","0","0","0","0"
"EU1 - Residence Card","Granted","31/07/2026","Uganda","*","*","*","*","0","*","6","*","*","*"
"EU1 - Residence Card","Granted","31/07/2026","Ukraine","55","49","73","17","40","79","43","31","33","6"
"EU1 - Residence Card","Granted","31/07/2026","United Arab Emirates (the)","0","0","0","0","0","0","0","0","0","*"
"EU1 - Residence Card","Granted","31/07/2026","United States Minor Outlying Islands (the)","0","0","0","0","0","0","0","0","0","0"
"EU1 - Residence Card","Granted","31/07/2026","United States of America (the)","105","110","156","71","121","78","133","73","96","32"
"EU1 - Residence Card","Granted","31/07/2026","Uruguay","*","6","15","*","8","10","11","12","12","*"
"EU1 - Residence Card","Granted","31/07/2026","Uzbekistan","0","*","*","0","0","0","0","0","*","0"
"EU1 - Residence Card","Granted","31/07/2026","Vanuatu","0","0","0","0","0","0","0","*","0","0"
"EU1 - Residence Card","Granted","31/07/2026","Venezuela (Bolivarian Republic of)","67","62","69","17","33","29","33","37","17","*"
"EU1 - Residence Card","Granted","31/07/2026","Viet Nam","*","*","6","7","7","7","9","*","7","*"
"EU1 - Residence Card","Granted","31/07/2026","Virgin Islands (British)","0","0","0","0","0","0","0","0","0","0"
"EU1 - Residence Card","Granted","31/07/2026","Virgin Islands (U.S.)","0","0","0","0","0","0","0","0","0","0"
"EU1 - Residence Card","Granted","31/07/2026","Wallis and Futuna","0","0","0","0","0","0","0","0","0","0"
"EU1 - Residence Card","Granted","31/07/2026","Western Sahara","0","0","0","0","0","0","0","0","0","0"
"EU1 - Residence Card","Granted","31/07/2026","Yemen","0","0","*","0","0","*","*","0","0","0"
"EU1 - Residence Card","Granted","31/07/2026","Zambia","0","*","*","*","*","*","0","*","*","*"
"EU1 - Residence Card","Granted","31/07/2026","Zimbabwe","*","*","*","*","8","7","*","*","*","0"
"EU1 - Residence Card","Granted","31/07/2026","*Other","40","31","53","8","26","23","23","33","11","0"
"EU1 - Residence Card","Refused","31/07/2026","Afghanistan","15","*","*","*","*","*","0","0","0","0"
"EU1 - Residence Card","Refused","31/07/2026","Åland Islands","0","0","0","0","0","0","0","0","0","0"
"EU1 - Residence Card","Refused","31/07/2026","Albania","11","8","*","*","8","11","9","9","21","*"
"EU1 - Residence Card","Refused","31/07/2026","Algeria","6","*","*","*","*","*","*","*","*","*"
"EU1 - Residence Card","Refused","31/07/2026","American Samoa","0","0","0","0","0","0","0","0","0","0"
"EU1 - Residence Card","Refused","31/07/2026","Andorra","0","0","0","0","0","0","0","0","0","0"
"EU1 - Residence Card","Refused","31/07/2026","Angola","0","0","0","0","0","*","*","0","*","*"
"EU1 - Residence Card","Refused","31/07/2026","Anguilla","0","0","0","0","0","0","0","0","0","0"
"EU1 - Residence Card","Refused","31/07/2026","Antarctica","0","0","0","0","0","0","0","0","0","0"
"EU1 - Residence Card","Refused","31/07/2026","Antigua and Barbuda","0","0","0","0","0","0","0","0","0","0"
"EU1 - Residence Card","Refused","31/07/2026","Argentina","12","10","9","0","*","24","9","8","7","*"
"EU1 - Residence Card","Refused","31/07/2026","Armenia","*","0","0","0","0","0","0","0","0","0"
"EU1 - Residence Card","Refused","31/07/2026","Aruba","0","0","0","0","0","0","0","0","0","0"
"EU1 - Residence Card","Refused","31/07/2026","Australia","7","10","*","*","*","*","*","0","*","*"
"EU1 - Residence Card","Refused","31/07/2026","Azerbaijan","*","*","0","0","0","0","0","0","0","0"
"EU1 - Residence Card","Refused","31/07/2026","Bahamas (the)","0","0","0","0","0","0","0","0","0","0"
"EU1 - Residence Card","Refused","31/07/2026","Bahrain","0","0","0","0","0","0","0","0","0","0"
"EU1 - Residence Card","Refused","31/07/2026","Bangladesh","48","27","19","*","8","8","18","14","23","9"
"EU1 - Residence Card","Refused","31/07/2026","Barbados","0","0","0","0","0","0","0","0","0","0"
"EU1 - Residence Card","Refused","31/07/2026","Belarus","*","*","*","0","*","0","*","*","*","*"
"EU1 - Residence Card","Refused","31/07/2026","Belize","*","0","0","0","0","0","0","0","0","0"
"EU1 - Residence Card","Refused","31/07/2026","Benin","0","0","0","0","0","0","0","0","0","0"
"EU1 - Residence Card","Refused","31/07/2026","Bermuda","0","0","0","0","0","0","0","0","0","0"
"EU1 - Residence Card","Refused","31/07/2026","Bhutan","0","0","0","0","0","0","0","0","0","0"
"EU1 - Residence Card","Refused","31/07/2026","Bolivia (Plurinational State of)","*","*","0","*","*","*","*","*","8","0"
"EU1 - Residence Card","Refused","31/07/2026","Bonaire, Sint Eustatius and Saba","0","0","0","0","0","0","0","0","0","0"
"EU1 - Residence Card","Refused","31/07/2026","Bosnia and Herzegovina","*","*","*","0","0","*","0","0","0","0"
"EU1 - Residence Card","Refused","31/07/2026","Botswana","*","0","*","0","*","*","0","0","0","*"
"EU1 - Residence Card","Refused","31/07/2026","Bouvet Island","0","0","0","0","0","0","0","0","0","0"
"EU1 - Residence Card","Refused","31/07/2026","Brazil","283","234","172","61","151","219","188","137","224","85"
"EU1 - Residence Card","Refused","31/07/2026","Brunei Darussalam","0","0","0","0","0","0","0","0","0","0"
"EU1 - Residence Card","Refused","31/07/2026","Burkina Faso","0","0","0","0","0","0","0","0","0","0"
"EU1 - Residence Card","Refused","31/07/2026","Burundi","0","0","0","0","0","0","0","0","0","0"
"EU1 - Residence Card","Refused","31/07/2026","Cabo Verde","*","0","0","0","0","0","0","0","0","0"
"EU1 - Residence Card","Refused","31/07/2026","Cambodia","0","0","0","0","0","0","0","0","0","0"
"EU1 - Residence Card","Refused","31/07/2026","Cameroon","0","*","0","*","0","0","0","*","*","0"
"EU1 - Residence Card","Refused","31/07/2026","Canada","8","*","*","*","*","*","0","0","*","0"
"EU1 - Residence Card","Refused","31/07/2026","Cayman Islands (the)","0","0","0","0","0","0","0","0","0","0"
"EU1 - Residence Card","Refused","31/07/2026","Central African Republic (the)","0","0","0","0","0","0","0","0","0","0"
"EU1 - Residence Card","Refused","31/07/2026","Ceuta","0","0","0","0","0","0","0","0","0","0"
"EU1 - Residence Card","Refused","31/07/2026","Chad","0","0","0","0","0","0","0","0","0","0"
"EU1 - Residence Card","Refused","31/07/2026","Chile","*","*","0","*","0","7","*","6","*","*"
"EU1 - Residence Card","Refused","31/07/2026","China","33","36","34","*","*","8","8","*","*","*"
"EU1 - Residence Card","Refused","31/07/2026","Christmas Island","0","0","0","0","0","0","0","0","0","0"
"EU1 - Residence Card","Refused","31/07/2026","Cocos (Keeling) Islands (the)","0","0","0","0","0","0","0","0","0","0"
"EU1 - Residence Card","Refused","31/07/2026","Colombia","7","*","*","0","*","*","*","0","*","*"
"EU1 - Residence Card","Refused","31/07/2026","Comoros (the)","0","0","0","0","0","0","0","0","0","0"
"EU1 - Residence Card","Refused","31/07/2026","Congo (the Democratic Republic of the)","0","*","*","0","0","*","*","0","0","0"
"EU1 - Residence Card","Refused","31/07/2026","Congo (the)","0","0","0","0","0","0","0","0","0","0"
"EU1 - Residence Card","Refused","31/07/2026","Cook Islands (the)","0","0","0","0","0","0","0","0","0","0"
"EU1 - Residence Card","Refused","31/07/2026","Costa Rica","0","0","0","0","0","*","0","*","0","0"
"EU1 - Residence Card","Refused","31/07/2026","Côte d'Ivoire","0","*","0","0","0","0","0","0","0","0"
"EU1 - Residence Card","Refused","31/07/2026","Cuba","*","0","0","0","0","*","0","0","0","0"
"EU1 - Residence Card","Refused","31/07/2026","Curaçao","0","0","0","0","0","0","0","0","0","0"
"EU1 - Residence Card","Refused","31/07/2026","Djibouti","0","0","0","0","0","0","0","0","0","0"
"EU1 - Residence Card","Refused","31/07/2026","Dominica","0","0","*","0","0","0","0","0","0","0"
"EU1 - Residence Card","Refused","31/07/2026","Dominican Republic (the)","*","0","*","0","0","*","0","*","*","0"
"EU1 - Residence Card","Refused","31/07/2026","Ecuador","*","0","0","0","0","*","0","0","0","0"
"EU1 - Residence Card","Refused","31/07/2026","Egypt","9","15","*","*","*","6","*","0","*","*"
"EU1 - Residence Card","Refused","31/07/2026","El Salvador","*","*","0","0","*","0","0","0","0","0"
"EU1 - Residence Card","Refused","31/07/2026","Equatorial Guinea","0","0","0","0","0","0","0","0","0","0"
"EU1 - Residence Card","Refused","31/07/2026","Eritrea","0","0","0","0","0","0","0","0","0","0"
"EU1 - Residence Card","Refused","31/07/2026","Eswatini","0","0","*","0","0","0","0","0","0","0"
"EU1 - Residence Card","Refused","31/07/2026","Ethiopia","*","*","0","0","0","0","0","0","0","0"
"EU1 - Residence Card","Refused","31/07/2026","Falkland Islands (the) [Malvinas]","0","0","0","0","0","0","0","0","0","0"
"EU1 - Residence Card","Refused","31/07/2026","Faroe Islands (the)","0","0","0","0","0","0","0","0","0","0"
"EU1 - Residence Card","Refused","31/07/2026","Fiji","0","0","0","0","*","0","0","0","*","0"
"EU1 - Residence Card","Refused","31/07/2026","French Guiana","0","0","0","0","0","0","0","0","0","0"
"EU1 - Residence Card","Refused","31/07/2026","French Polynesia","0","0","0","0","0","0","0","0","0","0"
"EU1 - Residence Card","Refused","31/07/2026","Gabon","0","0","0","0","0","0","0","0","0","0"
"EU1 - Residence Card","Refused","31/07/2026","Gambia (the)","0","0","0","0","0","0","*","0","0","0"
"EU1 - Residence Card","Refused","31/07/2026","Georgia","*","*","*","*","*","*","*","*","*","*"
"EU1 - Residence Card","Refused","31/07/2026","Ghana","9","6","*","0","*","*","*","*","*","*"
"EU1 - Residence Card","Refused","31/07/2026","Gibraltar","0","0","0","0","0","0","0","0","0","0"
"EU1 - Residence Card","Refused","31/07/2026","Greenland","0","0","0","0","0","0","0","0","0","0"
"EU1 - Residence Card","Refused","31/07/2026","Grenada","0","0","0","0","0","0","0","0","0","0"
"EU1 - Residence Card","Refused","31/07/2026","Guadeloupe","0","0","0","0","0","0","0","0","0","0"
"EU1 - Residence Card","Refused","31/07/2026","Guam","0","0","0","0","0","0","0","0","0","0"
"EU1 - Residence Card","Refused","31/07/2026","Guatemala","0","*","*","0","0","0","0","*","*","0"
"EU1 - Residence Card","Refused","31/07/2026","Guernsey","0","0","0","0","0","0","0","0","0","0"
"EU1 - Residence Card","Refused","31/07/2026","Guinea","*","0","0","0","0","*","0","0","0","0"
"EU1 - Residence Card","Refused","31/07/2026","Guinea-Bissau","0","0","0","0","0","0","*","0","0","0"
"EU1 - Residence Card","Refused","31/07/2026","Guyana","*","*","*","0","0","0","0","0","0","0"
"EU1 - Residence Card","Refused","31/07/2026","Haiti","0","0","0","0","0","0","0","0","0","0"
"EU1 - Residence Card","Refused","31/07/2026","Heard Island and McDonald Islands","0","0","0","0","0","0","0","0","0","0"
"EU1 - Residence Card","Refused","31/07/2026","Holy See (the)","0","0","0","0","0","0","0","0","0","0"
"EU1 - Residence Card","Refused","31/07/2026","Honduras","*","0","0","0","*","0","0","0","0","0"
"EU1 - Residence Card","Refused","31/07/2026","India","71","68","30","11","19","16","9","15","41","21"
"EU1 - Residence Card","Refused","31/07/2026","Indonesia","*","0","0","0","*","0","0","*","*","0"
"EU1 - Residence Card","Refused","31/07/2026","Iran (Islamic Republic of)","*","*","*","*","0","0","0","0","*","0"
"EU1 - Residence Card","Refused","31/07/2026","Iraq","0","*","*","0","*","*","*","0","0","0"
"EU1 - Residence Card","Refused","31/07/2026","Isle of Man","0","0","0","0","0","0","0","0","0","0"
"EU1 - Residence Card","Refused","31/07/2026","Israel","*","6","0","*","*","*","7","*","0","0"
"EU1 - Residence Card","Refused","31/07/2026","Jamaica","*","*","0","0","*","0","0","0","0","0"
"EU1 - Residence Card","Refused","31/07/2026","Japan","7","*","*","*","*","*","*","*","*","*"
"EU1 - Residence Card","Refused","31/07/2026","Jersey","0","0","0","0","0","0","0","0","0","0"
"EU1 - Residence Card","Refused","31/07/2026","Jordan","*","0","*","0","*","*","0","*","*","0"
"EU1 - Residence Card","Refused","31/07/2026","Kazakhstan","*","*","0","0","*","0","0","0","0","*"
"EU1 - Residence Card","Refused","31/07/2026","Kenya","*","0","0","0","0","*","0","0","0","*"
"EU1 - Residence Card","Refused","31/07/2026","Kiribati","0","0","0","0","0","0","0","0","0","0"
"EU1 - Residence Card","Refused","31/07/2026","Korea (the Democratic People's Republic of) North Korea","0","*","0","0","0","0","0","0","0","0"
"EU1 - Residence Card","Refused","31/07/2026","Korea (the Republic of) South Korea","*","*","*","0","*","*","0","*","0","0"
"EU1 - Residence Card","Refused","31/07/2026","Kosovo","*","*","*","0","0","*","0","0","0","0"
"EU1 - Residence Card","Refused","31/07/2026","Kuwait","0","0","0","0","0","0","0","0","0","0"
"EU1 - Residence Card","Refused","31/07/2026","Kyrgyzstan","0","*","0","0","0","0","0","0","0","0"
"EU1 - Residence Card","Refused","31/07/2026","Lao People's Democratic Republic (the)","0","0","0","0","0","0","0","0","0","0"
"EU1 - Residence Card","Refused","31/07/2026","Lebanon","0","0","0","0","0","0","*","0","0","0"
"EU1 - Residence Card","Refused","31/07/2026","Lesotho","0","0","0","0","0","0","0","0","0","0"
"EU1 - Residence Card","Refused","31/07/2026","Liberia","*","0","*","0","0","0","*","0","0","0"
"EU1 - Residence Card","Refused","31/07/2026","Libya","*","*","0","0","0","0","0","0","0","*"
"EU1 - Residence Card","Refused","31/07/2026","Macao","0","0","0","0","0","0","0","0","0","0"
"EU1 - Residence Card","Refused","31/07/2026","Madagascar","0","0","0","0","0","0","0","0","0","0"
"EU1 - Residence Card","Refused","31/07/2026","Malawi","7","*","*","0","0","0","*","0","0","0"
"EU1 - Residence Card","Refused","31/07/2026","Malaysia","6","0","*","0","0","*","0","*","0","0"
"EU1 - Residence Card","Refused","31/07/2026","Maldives","0","0","0","0","0","0","0","0","0","0"
"EU1 - Residence Card","Refused","31/07/2026","Mali","0","0","0","0","0","0","0","0","0","0"
"EU1 - Residence Card","Refused","31/07/2026","Marshall Islands (the)","0","0","0","0","0","0","0","0","0","0"
"EU1 - Residence Card","Refused","31/07/2026","Martinique","0","0","0","0","0","0","0","0","0","0"
"EU1 - Residence Card","Refused","31/07/2026","Mauritania","0","0","0","0","0","0","0","0","0","*"
"EU1 - Residence Card","Refused","31/07/2026","Mauritius","15","10","*","*","*","0","*","0","*","*"
"EU1 - Residence Card","Refused","31/07/2026","Mayotte","0","0","0","0","0","0","0","0","0","0"
"EU1 - Residence Card","Refused","31/07/2026","Melilla","0","0","0","0","0","0","0","0","0","0"
"EU1 - Residence Card","Refused","31/07/2026","Mexico","7","10","10","*","7","10","7","*","7","*"
"EU1 - Residence Card","Refused","31/07/2026","Micronesia (Federated States of)","0","0","0","0","0","0","0","0","0","0"
"EU1 - Residence Card","Refused","31/07/2026","Moldova (the Republic of)","24","26","28","6","7","18","24","16","26","10"
"EU1 - Residence Card","Refused","31/07/2026","Monaco","0","0","0","0","0","0","0","0","0","0"
"EU1 - Residence Card","Refused","31/07/2026","Mongolia","*","0","*","0","0","0","0","0","*","*"
"EU1 - Residence Card","Refused","31/07/2026","Montenegro","0","0","*","0","0","0","0","0","0","0"
"EU1 - Residence Card","Refused","31/07/2026","Montserrat","0","0","0","0","0","0","0","0","0","0"
"EU1 - Residence Card","Refused","31/07/2026","Morocco","*","11","*","0","*","*","*","0","*","0"
"EU1 - Residence Card","Refused","31/07/2026","Mozambique","0","*","0","0","0","0","0","0","0","0"
"EU1 - Residence Card","Refused","31/07/2026","Myanmar","*","0","0","0","0","0","0","0","0","0"
"EU1 - Residence Card","Refused","31/07/2026","Namibia","0","*","0","0","0","0","0","0","0","0"
"EU1 - Residence Card","Refused","31/07/2026","Nauru","0","0","0","0","0","0","0","0","0","0"
"EU1 - Residence Card","Refused","31/07/2026","Nepal","*","*","*","*","*","6","*","*","*","*"
"EU1 - Residence Card","Refused","31/07/2026","New Caledonia","0","0","0","0","0","0","0","0","0","0"
"EU1 - Residence Card","Refused","31/07/2026","New Zealand","*","*","*","0","*","*","*","*","*","*"
"EU1 - Residence Card","Refused","31/07/2026","Nicaragua","*","0","0","0","0","0","0","0","0","0"
"EU1 - Residence Card","Refused","31/07/2026","Niger (the)","0","0","0","0","0","0","0","0","0","0"
"EU1 - Residence Card","Refused","31/07/2026","Nigeria","79","43","52","14","27","27","22","23","32","19"
"EU1 - Residence Card","Refused","31/07/2026","Niue","0","0","0","0","0","0","0","0","0","0"
"EU1 - Residence Card","Refused","31/07/2026","Norfolk Island","0","0","0","0","0","0","0","0","0","0"
"EU1 - Residence Card","Refused","31/07/2026","North Macedonia","*","*","0","*","0","*","0","0","0","0"
"EU1 - Residence Card","Refused","31/07/2026","Northern Mariana Islands (the)","0","0","0","0","0","0","0","0","0","0"
"EU1 - Residence Card","Refused","31/07/2026","Oman","0","0","0","0","0","0","0","0","0","0"
"EU1 - Residence Card","Refused","31/07/2026","Pakistan","484","197","99","37","43","23","19","23","33","22"
"EU1 - Residence Card","Refused","31/07/2026","Palau","0","0","0","0","0","0","0","0","0","0"
"EU1 - Residence Card","Refused","31/07/2026","Palestine, State of","0","0","0","0","0","*","0","0","0","0"
"EU1 - Residence Card","Refused","31/07/2026","Panama","0","0","0","0","0","0","0","0","*","*"
"EU1 - Residence Card","Refused","31/07/2026","Papua New Guinea","0","0","0","0","0","0","0","0","0","0"
"EU1 - Residence Card","Refused","31/07/2026","Paraguay","*","*","0","0","0","*","0","0","*","0"
"EU1 - Residence Card","Refused","31/07/2026","Peru","*","*","0","0","*","*","0","*","0","*"
"EU1 - Residence Card","Refused","31/07/2026","Philippines (the)","14","*","7","*","*","*","9","0","*","*"
"EU1 - Residence Card","Refused","31/07/2026","Pitcairn","0","0","0","0","0","0","0","0","0","0"
"EU1 - Residence Card","Refused","31/07/2026","Puerto Rico","0","0","0","0","0","0","0","0","0","0"
"EU1 - Residence Card","Refused","31/07/2026","Qatar","0","0","0","0","0","0","0","0","0","0"
"EU1 - Residence Card","Refused","31/07/2026","Réunion","0","0","0","0","0","0","0","0","0","0"
"EU1 - Residence Card","Refused","31/07/2026","Russian Federation (the)","20","13","17","*","*","13","8","*","*","*"
"EU1 - Residence Card","Refused","31/07/2026","Rwanda","0","0","*","0","0","0","0","0","0","0"
"EU1 - Residence Card","Refused","31/07/2026","Saint Barthélemy","0","0","0","0","0","0","0","0","0","0"
"EU1 - Residence Card","Refused","31/07/2026","Saint Helena, Ascension and Tristan da Cunha","0","0","0","0","0","0","0","0","0","0"
"EU1 - Residence Card","Refused","31/07/2026","Saint Kitts and Nevis","0","0","0","0","0","0","0","0","0","0"
"EU1 - Residence Card","Refused","31/07/2026","Saint Lucia","0","0","0","0","0","0","0","0","0","0"
"EU1 - Residence Card","Refused","31/07/2026","Saint Martin (French part)","0","0","0","0","0","0","0","0","0","0"
"EU1 - Residence Card","Refused","31/07/2026","Saint Pierre and Miquelon","0","0","0","0","0","0","0","0","0","0"
"EU1 - Residence Card","Refused","31/07/2026","Saint Vincent and the Grenadines","0","0","0","0","0","0","0","0","0","0"
"EU1 - Residence Card","Refused","31/07/2026","Samoa","0","0","0","0","0","0","0","0","0","0"
"EU1 - Residence Card","Refused","31/07/2026","San Marino","0","0","0","0","0","0","0","0","0","0"
"EU1 - Residence Card","Refused","31/07/2026","Sao Tome and Principe","0","0","0","0","0","0","0","0","0","0"
"EU1 - Residence Card","Refused","31/07/2026","Saudi Arabia","*","*","0","0","0","*","0","0","0","0"
"EU1 - Residence Card","Refused","31/07/2026","Senegal","*","*","0","0","0","*","0","0","0","*"
"EU1 - Residence Card","Refused","31/07/2026","Serbia","*","7","*","*","*","*","*","0","0","*"
"EU1 - Residence Card","Refused","31/07/2026","Seychelles","0","0","*","0","0","0","0","0","0","0"
"EU1 - Residence Card","Refused","31/07/2026","Sierra Leone","0","*","0","0","0","0","0","*","*","0"
"EU1 - Residence Card","Refused","31/07/2026","Singapore","*","0","0","0","0","0","0","0","0","0"
"EU1 - Residence Card","Refused","31/07/2026","Sint Maarten (Dutch part)","0","0","0","0","0","0","0","0","0","0"
"EU1 - Residence Card","Refused","31/07/2026","Solomon Islands","0","0","0","0","0","0","0","0","0","0"
"EU1 - Residence Card","Refused","31/07/2026","Somalia","0","0","0","0","0","0","0","*","*","*"
"EU1 - Residence Card","Refused","31/07/2026","South Africa","97","48","46","28","47","35","30","10","13","*"
"EU1 - Residence Card","Refused","31/07/2026","South Georgia and the South Sandwich Islands","0","0","0","0","0","0","0","0","0","0"
"EU1 - Residence Card","Refused","31/07/2026","South Sudan","0","0","0","0","0","0","0","0","0","0"
"EU1 - Residence Card","Refused","31/07/2026","Sri Lanka","*","*","*","0","*","*","*","*","0","0"
"EU1 - Residence Card","Refused","31/07/2026","Sudan (the)","*","*","*","0","0","*","0","*","*","0"
"EU1 - Residence Card","Refused","31/07/2026","Suriname","*","0","0","0","0","0","0","0","0","0"
"EU1 - Residence Card","Refused","31/07/2026","Svalbard and Jan Mayen","0","0","0","0","0","0","0","0","0","0"
"EU1 - Residence Card","Refused","31/07/2026","Switzerland","0","0","0","0","0","0","0","0","0","0"
"EU1 - Residence Card","Refused","31/07/2026","Syrian Arab Republic (the)","0","*","*","0","0","*","0","*","0","*"
"EU1 - Residence Card","Refused","31/07/2026","Taiwan (Province of China)","*","0","0","*","*","*","0","0","0","0"
"EU1 - Residence Card","Refused","31/07/2026","Tajikistan","0","0","0","0","0","0","0","0","0","0"
"EU1 - Residence Card","Refused","31/07/2026","Tanzania, the United Republic of","*","*","0","0","0","0","*","0","0","0"
"EU1 - Residence Card","Refused","31/07/2026","Thailand","9","*","*","0","*","*","0","0","*","0"
"EU1 - Residence Card","Refused","31/07/2026","Timor-Leste","0","0","0","0","0","0","*","0","*","0"
"EU1 - Residence Card","Refused","31/07/2026","Togo","0","*","0","0","0","0","0","0","0","0"
"EU1 - Residence Card","Refused","31/07/2026","Tokelau","0","0","0","0","0","0","0","0","0","0"
"EU1 - Residence Card","Refused","31/07/2026","Tonga","0","0","0","0","0","0","0","0","0","0"
"EU1 - Residence Card","Refused","31/07/2026","Trinidad and Tobago","*","0","0","0","*","0","0","0","0","0"
"EU1 - Residence Card","Refused","31/07/2026","Tunisia","*","*","0","0","*","*","*","*","0","0"
"EU1 - Residence Card","Refused","31/07/2026","Turkiye","6","8","*","0","*","8","*","*","*","*"
"EU1 - Residence Card","Refused","31/07/2026","Turkmenistan","0","0","0","0","0","0","0","*","*","0"
"EU1 - Residence Card","Refused","31/07/2026","Turks and Caicos Islands (the)","0","0","0","0","0","0","0","0","0","0"
"EU1 - Residence Card","Refused","31/07/2026","Tuvalu","0","0","0","0","0","0","0","0","0","0"
"EU1 - Residence Card","Refused","31/07/2026","Uganda","*","0","*","0","0","*","*","0","0","0"
"EU1 - Residence Card","Refused","31/07/2026","Ukraine","19","13","19","*","7","6","12","8","8","0"
"EU1 - Residence Card","Refused","31/07/2026","United Arab Emirates (the)","0","0","0","0","0","0","0","0","0","0"
"EU1 - Residence Card","Refused","31/07/2026","United States Minor Outlying Islands (the)","0","0","0","0","0","0","0","0","0","0"
"EU1 - Residence Card","Refused","31/07/2026","United States of America (the)","53","34","33","11","35","23","12","*","15","9"
"EU1 - Residence Card","Refused","31/07/2026","Uruguay","*","*","*","0","*","0","0","0","0","*"
"EU1 - Residence Card","Refused","31/07/2026","Uzbekistan","0","*","0","0","0","*","0","0","0","0"
"EU1 - Residence Card","Refused","31/07/2026","Vanuatu","0","0","0","0","0","0","0","0","*","0"
"EU1 - Residence Card","Refused","31/07/2026","Venezuela (Bolivarian Republic of)","40","22","22","*","*","9","6","*","*","*"
"EU1 - Residence Card","Refused","31/07/2026","Viet Nam","*","*","*","*","0","0","0","0","*","0"
"EU1 - Residence Card","Refused","31/07/2026","Virgin Islands (British)","0","0","0","0","0","0","0","0","0","0"
"EU1 - Residence Card","Refused","31/07/2026","Virgin Islands (U.S.)","0","0","0","0","0","0","0","0","0","0"
"EU1 - Residence Card","Refused","31/07/2026","Wallis and Futuna","0","0","0","0","0","0","0","0","0","0"
"EU1 - Residence Card","Refused","31/07/2026","Western Sahara","0","0","0","0","0","0","0","0","0","0"
"EU1 - Residence Card","Refused","31/07/2026","Yemen","0","0","0","0","0","0","0","0","*","0"
"EU1 - Residence Card","Refused","31/07/2026","Zambia","*","0","*","0","0","*","0","0","0","0"
"EU1 - Residence Card","Refused","31/07/2026","Zimbabwe","*","*","0","*","0","0","*","*","0","0"
"EU1 - Residence Card","Refused","31/07/2026","*Other","33","11","18","9","14","9","16","13","*","*"
"EU2 - Permanent Residence Certificate","Received","31/07/2026","Afghanistan","*","0","0","0","0","0","0","*","0","0"
"EU2 - Permanent Residence Certificate","Received","31/07/2026","Åland Islands","0","0","0","0","0","0","0","0","0","0"
"EU2 - Permanent Residence Certificate","Received","31/07/2026","Albania","0","0","0","0","0","*","0","*","0","0"
"EU2 - Permanent Residence Certificate","Received","31/07/2026","Algeria","*","0","0","0","0","0","0","0","0","0"
"EU2 - Permanent Residence Certificate","Received","31/07/2026","American Samoa","0","0","0","0","0","0","0","0","0","0"
"EU2 - Permanent Residence Certificate","Received","31/07/2026","Andorra","0","0","0","0","0","0","0","0","0","0"
"EU2 - Permanent Residence Certificate","Received","31/07/2026","Angola","0","0","0","0","0","0","0","0","0","0"
"EU2 - Permanent Residence Certificate","Received","31/07/2026","Anguilla","0","0","0","0","0","0","0","0","0","0"
"EU2 - Permanent Residence Certificate","Received","31/07/2026","Antarctica","0","0","0","0","0","0","0","0","0","0"
"EU2 - Permanent Residence Certificate","Received","31/07/2026","Antigua and Barbuda","0","0","0","0","0","0","0","0","0","0"
"EU2 - Permanent Residence Certificate","Received","31/07/2026","Argentina","0","0","0","0","0","0","0","0","0","0"
"EU2 - Permanent Residence Certificate","Received","31/07/2026","Armenia","0","0","0","0","0","0","0","0","0","0"
"EU2 - Permanent Residence Certificate","Received","31/07/2026","Aruba","0","0","0","0","0","0","0","0","0","0"
"EU2 - Permanent Residence Certificate","Received","31/07/2026","Australia","0","0","0","0","0","0","0","0","0","0"
"EU2 - Permanent Residence Certificate","Received","31/07/2026","Azerbaijan","0","0","0","0","0","0","0","0","0","0"
"EU2 - Permanent Residence Certificate","Received","31/07/2026","Bahamas (the)","0","0","0","0","0","0","0","0","0","0"
"EU2 - Permanent Residence Certificate","Received","31/07/2026","Bahrain","0","0","0","0","0","0","0","0","0","0"
"EU2 - Permanent Residence Certificate","Received","31/07/2026","Bangladesh","*","0","0","0","0","*","0","0","0","0"
"EU2 - Permanent Residence Certificate","Received","31/07/2026","Barbados","0","0","0","0","0","0","0","0","0","0"
"EU2 - Permanent Residence Certificate","Received","31/07/2026","Belarus","0","0","0","0","0","0","0","0","0","0"
"EU2 - Permanent Residence Certificate","Received","31/07/2026","Belize","0","0","0","0","0","0","0","0","0","0"
"EU2 - Permanent Residence Certificate","Received","31/07/2026","Benin","0","0","0","0","0","0","0","0","0","0"
"EU2 - Permanent Residence Certificate","Received","31/07/2026","Bermuda","0","0","0","0","0","0","0","0","0","0"
"EU2 - Permanent Residence Certificate","Received","31/07/2026","Bhutan","0","0","0","0","0","0","0","0","0","0"
"EU2 - Permanent Residence Certificate","Received","31/07/2026","Bolivia (Plurinational State of)","0","0","0","0","0","0","0","0","0","0"
"EU2 - Permanent Residence Certificate","Received","31/07/2026","Bonaire, Sint Eustatius and Saba","0","0","0","0","0","0","0","0","0","0"
"EU2 - Permanent Residence Certificate","Received","31/07/2026","Bosnia and Herzegovina","0","0","0","0","0","*","0","0","0","0"
"EU2 - Permanent Residence Certificate","Received","31/07/2026","Botswana","0","0","0","0","0","0","0","0","0","0"
"EU2 - Permanent Residence Certificate","Received","31/07/2026","Bouvet Island","0","0","0","0","0","0","0","0","0","0"
"EU2 - Permanent Residence Certificate","Received","31/07/2026","Brazil","0","*","*","*","*","*","*","*","0","*"
"EU2 - Permanent Residence Certificate","Received","31/07/2026","Brunei Darussalam","0","0","0","0","0","0","0","0","0","0"
"EU2 - Permanent Residence Certificate","Received","31/07/2026","Burkina Faso","0","0","0","0","0","0","0","0","0","0"
"EU2 - Permanent Residence Certificate","Received","31/07/2026","Burundi","0","0","0","0","0","0","0","0","0","0"
"EU2 - Permanent Residence Certificate","Received","31/07/2026","Cabo Verde","0","0","0","0","0","0","0","0","0","0"
"EU2 - Permanent Residence Certificate","Received","31/07/2026","Cambodia","0","0","0","0","0","0","0","0","0","0"
"EU2 - Permanent Residence Certificate","Received","31/07/2026","Cameroon","0","0","0","0","0","0","0","0","0","0"
"EU2 - Permanent Residence Certificate","Received","31/07/2026","Canada","0","0","0","0","0","0","0","0","0","0"
"EU2 - Permanent Residence Certificate","Received","31/07/2026","Cayman Islands (the)","0","0","0","0","0","0","0","0","0","0"
"EU2 - Permanent Residence Certificate","Received","31/07/2026","Central African Republic (the)","0","0","0","0","0","0","0","0","0","0"
"EU2 - Permanent Residence Certificate","Received","31/07/2026","Ceuta","0","0","0","0","0","0","0","0","0","0"
"EU2 - Permanent Residence Certificate","Received","31/07/2026","Chad","0","0","0","0","0","0","0","0","0","0"
"EU2 - Permanent Residence Certificate","Received","31/07/2026","Chile","0","0","0","0","0","0","0","0","0","0"
"EU2 - Permanent Residence Certificate","Received","31/07/2026","China","0","0","0","0","*","0","0","0","0","0"
"EU2 - Permanent Residence Certificate","Received","31/07/2026","Christmas Island","0","0","0","0","0","0","0","0","0","0"
"EU2 - Permanent Residence Certificate","Received","31/07/2026","Cocos (Keeling) Islands (the)","0","0","0","0","0","0","0","0","0","0"
"EU2 - Permanent Residence Certificate","Received","31/07/2026","Colombia","0","0","0","0","0","0","0","0","0","0"
"EU2 - Permanent Residence Certificate","Received","31/07/2026","Comoros (the)","0","0","0","0","0","0","0","0","0","0"
"EU2 - Permanent Residence Certificate","Received","31/07/2026","Congo (the Democratic Republic of the)","0","0","0","0","0","0","0","0","0","0"
"EU2 - Permanent Residence Certificate","Received","31/07/2026","Congo (the)","0","0","0","0","0","0","0","0","0","0"
"EU2 - Permanent Residence Certificate","Received","31/07/2026","Cook Islands (the)","0","0","0","0","0","0","0","0","0","0"
"EU2 - Permanent Residence Certificate","Received","31/07/2026","Costa Rica","0","0","0","0","0","0","0","0","0","0"
"EU2 - Permanent Residence Certificate","Received","31/07/2026","Côte d'Ivoire","0","0","0","0","0","0","0","0","0","0"
"EU2 - Permanent Residence Certificate","Received","31/07/2026","Cuba","0","0","0","0","0","0","0","0","0","0"
"EU2 - Permanent Residence Certificate","Received","31/07/2026","Curaçao","0","0","0","0","0","0","0","0","0","0"
"EU2 - Permanent Residence Certificate","Received","31/07/2026","Djibouti","0","0","0","0","0","0","0","0","0","0"
"EU2 - Permanent Residence Certificate","Received","31/07/2026","Dominica","0","0","0","0","0","0","0","0","0","0"
"EU2 - Permanent Residence Certificate","Received","31/07/2026","Dominican Republic (the)","0","0","0","0","0","0","0","0","0","0"
"EU2 - Permanent Residence Certificate","Received","31/07/2026","Ecuador","0","0","0","0","0","0","0","0","0","0"
"EU2 - Permanent Residence Certificate","Received","31/07/2026","Egypt","0","0","0","0","0","0","0","0","0","0"
"EU2 - Permanent Residence Certificate","Received","31/07/2026","El Salvador","0","0","*","0","0","0","0","0","0","0"
"EU2 - Permanent Residence Certificate","Received","31/07/2026","Equatorial Guinea","0","0","0","0","0","0","0","0","0","0"
"EU2 - Permanent Residence Certificate","Received","31/07/2026","Eritrea","0","0","0","0","0","0","0","0","0","0"
"EU2 - Permanent Residence Certificate","Received","31/07/2026","Eswatini","0","0","0","0","0","0","0","0","0","0"
"EU2 - Permanent Residence Certificate","Received","31/07/2026","Ethiopia","0","0","0","0","0","0","0","0","0","0"
"EU2 - Permanent Residence Certificate","Received","31/07/2026","Falkland Islands (the) [Malvinas]","0","0","0","0","0","0","0","0","0","0"
"EU2 - Permanent Residence Certificate","Received","31/07/2026","Faroe Islands (the)","0","0","0","0","0","0","0","0","0","0"
"EU2 - Permanent Residence Certificate","Received","31/07/2026","Fiji","0","0","0","0","0","0","0","0","0","0"
"EU2 - Permanent Residence Certificate","Received","31/07/2026","French Guiana","0","0","0","0","0","0","0","0","0","0"
"EU2 - Permanent Residence Certificate","Received","31/07/2026","French Polynesia","0","0","0","0","0","0","0","0","0","0"
"EU2 - Permanent Residence Certificate","Received","31/07/2026","Gabon","0","0","0","0","0","0","0","0","0","0"
"EU2 - Permanent Residence Certificate","Received","31/07/2026","Gambia (the)","0","0","0","0","0","0","0","0","0","0"
"EU2 - Permanent Residence Certificate","Received","31/07/2026","Georgia","0","0","0","0","0","0","0","0","0","0"
"EU2 - Permanent Residence Certificate","Received","31/07/2026","Ghana","0","0","0","*","0","0","0","0","0","0"
"EU2 - Permanent Residence Certificate","Received","31/07/2026","Gibraltar","0","0","0","0","0","0","0","0","0","0"
"EU2 - Permanent Residence Certificate","Received","31/07/2026","Greenland","0","0","0","0","0","0","0","0","0","0"
"EU2 - Permanent Residence Certificate","Received","31/07/2026","Grenada","0","0","0","0","0","0","0","0","0","0"
"EU2 - Permanent Residence Certificate","Received","31/07/2026","Guadeloupe","0","0","0","0","0","0","0","0","0","0"
"EU2 - Permanent Residence Certificate","Received","31/07/2026","Guam","0","0","0","0","0","0","0","0","0","0"
"EU2 - Permanent Residence Certificate","Received","31/07/2026","Guatemala","0","0","0","0","0","0","0","0","0","0"
"EU2 - Permanent Residence Certificate","Received","31/07/2026","Guernsey","0","0","0","0","0","0","0","0","0","0"
"EU2 - Permanent Residence Certificate","Received","31/07/2026","Guinea","0","0","0","0","0","0","0","0","0","0"
"EU2 - Permanent Residence Certificate","Received","31/07/2026","Guinea-Bissau","0","0","0","0","0","0","0","0","0","0"
"EU2 - Permanent Residence Certificate","Received","31/07/2026","Guyana","0","0","0","0","0","0","0","0","0","0"
"EU2 - Permanent Residence Certificate","Received","31/07/2026","Haiti","0","0","0","0","0","0","0","0","0","0"
"EU2 - Permanent Residence Certificate","Received","31/07/2026","Heard Island and McDonald Islands","0","0","0","0","0","0","0","0","0","0"
"EU2 - Permanent Residence Certificate","Received","31/07/2026","Holy See (the)","0","0","0","0","0","0","0","0","0","0"
"EU2 - Permanent Residence Certificate","Received","31/07/2026","Honduras","0","0","0","0","0","0","0","0","0","0"
"EU2 - Permanent Residence Certificate","Received","31/07/2026","India","0","0","0","0","0","0","0","0","0","0"
"EU2 - Permanent Residence Certificate","Received","31/07/2026","Indonesia","0","0","0","0","0","0","0","0","0","0"
"EU2 - Permanent Residence Certificate","Received","31/07/2026","Iran (Islamic Republic of)","0","0","0","0","0","0","0","0","0","0"
"EU2 - Permanent Residence Certificate","Received","31/07/2026","Iraq","0","0","0","0","0","0","0","0","0","0"
"EU2 - Permanent Residence Certificate","Received","31/07/2026","Isle of Man","0","0","0","0","0","0","0","0","0","0"
"EU2 - Permanent Residence Certificate","Received","31/07/2026","Israel","0","0","0","0","0","0","0","0","0","0"
"EU2 - Permanent Residence Certificate","Received","31/07/2026","Jamaica","0","0","0","0","0","*","0","0","0","0"
"EU2 - Permanent Residence Certificate","Received","31/07/2026","Japan","0","0","0","0","0","0","0","0","0","0"
"EU2 - Permanent Residence Certificate","Received","31/07/2026","Jersey","0","0","0","0","0","0","0","0","0","0"
"EU2 - Permanent Residence Certificate","Received","31/07/2026","Jordan","0","0","0","0","0","0","0","0","0","0"
"EU2 - Permanent Residence Certificate","Received","31/07/2026","Kazakhstan","0","0","0","0","0","0","0","0","0","0"
"EU2 - Permanent Residence Certificate","Received","31/07/2026","Kenya","*","0","0","0","0","0","0","0","0","0"
"EU2 - Permanent Residence Certificate","Received","31/07/2026","Kiribati","0","0","0","0","0","0","0","0","0","0"
"EU2 - Permanent Residence Certificate","Received","31/07/2026","Korea (the Democratic People's Republic of) North Korea","0","0","0","0","0","0","0","0","0","0"
"EU2 - Permanent Residence Certificate","Received","31/07/2026","Korea (the Republic of) South Korea","0","0","0","0","0","0","0","0","0","0"
"EU2 - Permanent Residence Certificate","Received","31/07/2026","Kosovo","0","0","0","0","0","0","0","0","0","0"
"EU2 - Permanent Residence Certificate","Received","31/07/2026","Kuwait","0","0","0","0","0","0","0","0","0","0"
"EU2 - Permanent Residence Certificate","Received","31/07/2026","Kyrgyzstan","0","0","0","0","0","0","0","0","0","0"
"EU2 - Permanent Residence Certificate","Received","31/07/2026","Lao People's Democratic Republic (the)","0","0","0","0","0","0","0","0","0","0"
"EU2 - Permanent Residence Certificate","Received","31/07/2026","Lebanon","0","0","0","0","0","0","0","0","0","0"
"EU2 - Permanent Residence Certificate","Received","31/07/2026","Lesotho","0","0","0","0","0","0","0","0","0","0"
"EU2 - Permanent Residence Certificate","Received","31/07/2026","Liberia","0","0","0","0","0","0","0","0","0","0"
"EU2 - Permanent Residence Certificate","Received","31/07/2026","Libya","0","0","0","0","0","0","0","0","0","0"
"EU2 - Permanent Residence Certificate","Received","31/07/2026","Macao","0","0","0","0","0","0","0","0","0","0"
"EU2 - Permanent Residence Certificate","Received","31/07/2026","Madagascar","0","0","0","0","0","0","0","0","0","0"
"EU2 - Permanent Residence Certificate","Received","31/07/2026","Malawi","0","0","0","0","0","0","0","0","0","0"
"EU2 - Permanent Residence Certificate","Received","31/07/2026","Malaysia","0","0","0","0","0","0","0","0","0","0"
"EU2 - Permanent Residence Certificate","Received","31/07/2026","Maldives","0","0","0","0","0","0","0","0","0","0"
"EU2 - Permanent Residence Certificate","Received","31/07/2026","Mali","0","0","0","0","0","0","0","0","0","0"
"EU2 - Permanent Residence Certificate","Received","31/07/2026","Marshall Islands (the)","0","0","0","0","0","0","0","0","0","0"
"EU2 - Permanent Residence Certificate","Received","31/07/2026","Martinique","0","0","0","0","0","0","0","0","0","0"
"EU2 - Permanent Residence Certificate","Received","31/07/2026","Mauritania","0","0","0","0","0","0","0","0","0","0"
"EU2 - Permanent Residence Certificate","Received","31/07/2026","Mauritius","0","0","0","0","0","0","0","0","0","0"
"EU2 - Permanent Residence Certificate","Received","31/07/2026","Mayotte","0","0","0","0","0","0","0","0","0","0"
"EU2 - Permanent Residence Certificate","Received","31/07/2026","Melilla","0","0","0","0","0","0","0","0","0","0"
"EU2 - Permanent Residence Certificate","Received","31/07/2026","Mexico","0","0","0","0","0","0","0","0","0","0"
"EU2 - Permanent Residence Certificate","Received","31/07/2026","Micronesia (Federated States of)","0","0","0","0","0","0","0","0","0","0"
"EU2 - Permanent Residence Certificate","Received","31/07/2026","Moldova (the Republic of)","*","0","0","0","0","0","0","0","0","0"
"EU2 - Permanent Residence Certificate","Received","31/07/2026","Monaco","0","0","0","0","0","0","0","0","0","0"
"EU2 - Permanent Residence Certificate","Received","31/07/2026","Mongolia","0","0","0","0","0","0","0","0","0","0"
"EU2 - Permanent Residence Certificate","Received","31/07/2026","Montenegro","0","0","0","0","0","0","0","0","0","0"
"EU2 - Permanent Residence Certificate","Received","31/07/2026","Montserrat","0","0","0","0","0","0","0","0","0","0"
"EU2 - Permanent Residence Certificate","Received","31/07/2026","Morocco","0","0","*","0","0","0","0","0","0","0"
"EU2 - Permanent Residence Certificate","Received","31/07/2026","Mozambique","0","0","0","0","0","0","0","0","0","0"
"EU2 - Permanent Residence Certificate","Received","31/07/2026","Myanmar","0","0","0","0","0","0","0","0","0","0"
"EU2 - Permanent Residence Certificate","Received","31/07/2026","Namibia","0","0","0","0","0","0","0","0","0","0"
"EU2 - Permanent Residence Certificate","Received","31/07/2026","Nauru","0","0","0","0","0","0","0","0","0","0"
"EU2 - Permanent Residence Certificate","Received","31/07/2026","Nepal","0","0","*","0","0","0","0","0","0","0"
"EU2 - Permanent Residence Certificate","Received","31/07/2026","New Caledonia","0","0","0","0","0","0","0","0","0","0"
"EU2 - Permanent Residence Certificate","Received","31/07/2026","New Zealand","0","0","0","0","0","0","0","0","0","0"
"EU2 - Permanent Residence Certificate","Received","31/07/2026","Nicaragua","0","0","0","0","0","0","0","0","0","0"
"EU2 - Permanent Residence Certificate","Received","31/07/2026","Niger (the)","0","0","0","0","0","0","0","0","0","0"
"EU2 - Permanent Residence Certificate","Received","31/07/2026","Nigeria","0","*","*","0","0","0","0","0","0","0"
"EU2 - Permanent Residence Certificate","Received","31/07/2026","Niue","0","0","0","0","0","0","0","0","0","0"
"EU2 - Permanent Residence Certificate","Received","31/07/2026","Norfolk Island","0","0","0","0","0","0","0","0","0","0"
"EU2 - Permanent Residence Certificate","Received","31/07/2026","North Macedonia","0","0","0","0","0","0","0","0","0","0"
"EU2 - Permanent Residence Certificate","Received","31/07/2026","Northern Mariana Islands (the)","0","0","0","0","0","0","0","0","0","0"
"EU2 - Permanent Residence Certificate","Received","31/07/2026","Oman","0","0","0","0","0","0","0","0","0","0"
"EU2 - Permanent Residence Certificate","Received","31/07/2026","Pakistan","*","0","0","0","0","0","0","0","0","0"
"EU2 - Permanent Residence Certificate","Received","31/07/2026","Palau","0","0","0","0","0","0","0","0","0","0"
"EU2 - Permanent Residence Certificate","Received","31/07/2026","Palestine, State of","0","0","0","0","0","0","0","0","0","0"
"EU2 - Permanent Residence Certificate","Received","31/07/2026","Panama","0","0","0","0","0","0","0","0","0","0"
"EU2 - Permanent Residence Certificate","Received","31/07/2026","Papua New Guinea","0","0","0","0","0","0","0","0","0","0"
"EU2 - Permanent Residence Certificate","Received","31/07/2026","Paraguay","0","0","0","0","0","0","0","0","0","0"
"EU2 - Permanent Residence Certificate","Received","31/07/2026","Peru","0","0","0","0","0","0","0","0","0","0"
"EU2 - Permanent Residence Certificate","Received","31/07/2026","Philippines (the)","0","0","0","0","0","0","*","0","0","0"
"EU2 - Permanent Residence Certificate","Received","31/07/2026","Pitcairn","0","0","0","0","0","0","0","0","0","0"
"EU2 - Permanent Residence Certificate","Received","31/07/2026","Puerto Rico","0","0","0","0","0","0","0","0","0","0"
"EU2 - Permanent Residence Certificate","Received","31/07/2026","Qatar","0","0","0","0","0","0","0","0","0","0"
"EU2 - Permanent Residence Certificate","Received","31/07/2026","Réunion","0","0","0","0","0","0","0","0","0","0"
"EU2 - Permanent Residence Certificate","Received","31/07/2026","Russian Federation (the)","0","0","0","0","0","0","0","0","0","0"
"EU2 - Permanent Residence Certificate","Received","31/07/2026","Rwanda","0","0","0","0","0","0","0","0","0","0"
"EU2 - Permanent Residence Certificate","Received","31/07/2026","Saint Barthélemy","0","0","0","0","0","0","0","0","0","0"
"EU2 - Permanent Residence Certificate","Received","31/07/2026","Saint Helena, Ascension and Tristan da Cunha","0","0","0","0","0","0","0","0","0","0"
"EU2 - Permanent Residence Certificate","Received","31/07/2026","Saint Kitts and Nevis","0","0","0","0","0","0","0","0","0","0"
"EU2 - Permanent Residence Certificate","Received","31/07/2026","Saint Lucia","0","0","0","0","0","0","0","0","0","0"
"EU2 - Permanent Residence Certificate","Received","31/07/2026","Saint Martin (French part)","0","0","0","0","0","0","0","0","0","0"
"EU2 - Permanent Residence Certificate","Received","31/07/2026","Saint Pierre and Miquelon","0","0","0","0","0","0","0","0","0","0"
"EU2 - Permanent Residence Certificate","Received","31/07/2026","Saint Vincent and the Grenadines","0","0","0","0","0","0","0","0","0","0"
"EU2 - Permanent Residence Certificate","Received","31/07/2026","Samoa","0","0","0","0","0","0","0","0","0","0"
"EU2 - Permanent Residence Certificate","Received","31/07/2026","San Marino","0","0","0","0","0","0","0","0","0","0"
"EU2 - Permanent Residence Certificate","Received","31/07/2026","Sao Tome and Principe","0","0","0","0","0","0","0","0","0","0"
"EU2 - Permanent Residence Certificate","Received","31/07/2026","Saudi Arabia","0","0","0","0","0","0","0","0","0","0"
"EU2 - Permanent Residence Certificate","Received","31/07/2026","Senegal","0","0","0","0","0","0","0","0","0","0"
"EU2 - Permanent Residence Certificate","Received","31/07/2026","Serbia","0","0","0","0","0","0","0","0","0","0"
"EU2 - Permanent Residence Certificate","Received","31/07/2026","Seychelles","0","0","0","0","0","0","0","0","0","0"
"EU2 - Permanent Residence Certificate","Received","31/07/2026","Sierra Leone","0","0","0","0","0","0","0","0","0","0"
"EU2 - Permanent Residence Certificate","Received","31/07/2026","Singapore","0","0","0","0","0","0","0","0","0","0"
"EU2 - Permanent Residence Certificate","Received","31/07/2026","Sint Maarten (Dutch part)","0","0","0","0","0","0","0","0","0","0"
"EU2 - Permanent Residence Certificate","Received","31/07/2026","Solomon Islands","0","0","0","0","0","0","0","0","0","0"
"EU2 - Permanent Residence Certificate","Received","31/07/2026","Somalia","0","0","0","0","0","0","0","0","0","0"
"EU2 - Permanent Residence Certificate","Received","31/07/2026","South Africa","0","0","0","0","0","0","*","0","0","*"
"EU2 - Permanent Residence Certificate","Received","31/07/2026","South Georgia and the South Sandwich Islands","0","0","0","0","0","0","0","0","0","0"
"EU2 - Permanent Residence Certificate","Received","31/07/2026","South Sudan","0","0","0","0","0","0","0","0","0","0"
"EU2 - Permanent Residence Certificate","Received","31/07/2026","Sri Lanka","0","0","0","0","0","0","0","0","0","0"
"EU2 - Permanent Residence Certificate","Received","31/07/2026","Sudan (the)","0","0","0","0","0","0","0","0","0","0"
"EU2 - Permanent Residence Certificate","Received","31/07/2026","Suriname","0","0","0","0","0","0","0","0","0","0"
"EU2 - Permanent Residence Certificate","Received","31/07/2026","Svalbard and Jan Mayen","0","0","0","0","0","0","0","0","0","0"
"EU2 - Permanent Residence Certificate","Received","31/07/2026","Switzerland","0","0","0","0","0","0","0","0","0","0"
"EU2 - Permanent Residence Certificate","Received","31/07/2026","Syrian Arab Republic (the)","0","0","0","0","0","0","0","0","0","0"
"EU2 - Permanent Residence Certificate","Received","31/07/2026","Taiwan (Province of China)","0","0","0","0","0","0","0","0","0","0"
"EU2 - Permanent Residence Certificate","Received","31/07/2026","Tajikistan","0","0","0","0","0","0","0","0","0","0"
"EU2 - Permanent Residence Certificate","Received","31/07/2026","Tanzania, the United Republic of","0","0","0","0","0","0","0","0","0","0"
"EU2 - Permanent Residence Certificate","Received","31/07/2026","Thailand","0","0","0","0","0","0","0","0","0","0"
"EU2 - Permanent Residence Certificate","Received","31/07/2026","Timor-Leste","0","0","0","0","0","0","0","0","0","0"
"EU2 - Permanent Residence Certificate","Received","31/07/2026","Togo","0","0","0","0","0","0","0","0","0","0"
"EU2 - Permanent Residence Certificate","Received","31/07/2026","Tokelau","0","0","0","0","0","0","0","0","0","0"
"EU2 - Permanent Residence Certificate","Received","31/07/2026","Tonga","0","0","0","0","0","0","0","0","0","0"
"EU2 - Permanent Residence Certificate","Received","31/07/2026","Trinidad and Tobago","0","0","0","0","0","0","0","0","0","0"
"EU2 - Permanent Residence Certificate","Received","31/07/2026","Tunisia","0","0","0","0","0","0","0","0","0","0"
"EU2 - Permanent Residence Certificate","Received","31/07/2026","Turkiye","0","0","0","*","0","0","0","0","0","0"
"EU2 - Permanent Residence Certificate","Received","31/07/2026","Turkmenistan","0","0","0","0","0","0","0","0","0","0"
"EU2 - Permanent Residence Certificate","Received","31/07/2026","Turks and Caicos Islands (the)","0","0","0","0","0","0","0","0","0","0"
"EU2 - Permanent Residence Certificate","Received","31/07/2026","Tuvalu","0","0","0","0","0","0","0","0","0","0"
"EU2 - Permanent Residence Certificate","Received","31/07/2026","Uganda","0","0","0","0","0","0","0","0","0","0"
"EU2 - Permanent Residence Certificate","Received","31/07/2026","Ukraine","0","0","*","0","0","0","0","0","0","0"
"EU2 - Permanent Residence Certificate","Received","31/07/2026","United Arab Emirates (the)","0","0","0","0","0","0","0","0","0","0"
"EU2 - Permanent Residence Certificate","Received","31/07/2026","United States Minor Outlying Islands (the)","0","0","0","0","0","0","0","0","0","0"
"EU2 - Permanent Residence Certificate","Received","31/07/2026","United States of America (the)","0","0","0","0","0","*","*","0","0","0"
"EU2 - Permanent Residence Certificate","Received","31/07/2026","Uruguay","0","0","0","0","0","0","0","0","0","0"
"EU2 - Permanent Residence Certificate","Received","31/07/2026","Uzbekistan","0","0","0","0","0","0","0","0","0","0"
"EU2 - Permanent Residence Certificate","Received","31/07/2026","Vanuatu","0","0","0","0","0","0","0","0","0","0"
"EU2 - Permanent Residence Certificate","Received","31/07/2026","Venezuela (Bolivarian Republic of)","0","0","0","0","0","0","0","0","0","0"
"EU2 - Permanent Residence Certificate","Received","31/07/2026","Viet Nam","0","0","0","0","0","0","0","0","0","0"
"EU2 - Permanent Residence Certificate","Received","31/07/2026","Virgin Islands (British)","0","0","0","0","0","0","0","0","0","0"
"EU2 - Permanent Residence Certificate","Received","31/07/2026","Virgin Islands (U.S.)","0","0","0","0","0","0","0","0","0","0"
"EU2 - Permanent Residence Certificate","Received","31/07/2026","Wallis and Futuna","0","0","0","0","0","0","0","0","0","0"
"EU2 - Permanent Residence Certificate","Received","31/07/2026","Western Sahara","0","0","0","0","0","0","0","0","0","0"
"EU2 - Permanent Residence Certificate","Received","31/07/2026","Yemen","0","0","0","0","0","0","0","0","0","0"
"EU2 - Permanent Residence Certificate","Received","31/07/2026","Zambia","0","0","0","0","0","0","0","0","0","0"
"EU2 - Permanent Residence Certificate","Received","31/07/2026","Zimbabwe","0","0","0","0","0","0","0","0","0","0"
"EU2 - Permanent Residence Certificate","Received","31/07/2026","*Other","85","45","57","56","46","34","16","29","18","26"
"EU2 - Permanent Residence Certificate","Granted","31/07/2026","Afghanistan","0","0","0","0","0","0","0","0","0","0"
"EU2 - Permanent Residence Certificate","Granted","31/07/2026","Åland Islands","0","0","0","0","0","0","0","0","0","0"
"EU2 - Permanent Residence Certificate","Granted","31/07/2026","Albania","0","0","0","0","0","0","0","0","0","0"
"EU2 - Permanent Residence Certificate","Granted","31/07/2026","Algeria","0","0","0","0","0","0","0","0","0","0"
"EU2 - Permanent Residence Certificate","Granted","31/07/2026","American Samoa","0","0","0","0","0","0","0","0","0","0"
"EU2 - Permanent Residence Certificate","Granted","31/07/2026","Andorra","0","0","0","0","0","0","0","0","0","0"
"EU2 - Permanent Residence Certificate","Granted","31/07/2026","Angola","0","0","0","0","0","0","0","0","0","0"
"EU2 - Permanent Residence Certificate","Granted","31/07/2026","Anguilla","0","0","0","0","0","0","0","0","0","0"
"EU2 - Permanent Residence Certificate","Granted","31/07/2026","Antarctica","0","0","0","0","0","0","0","0","0","0"
"EU2 - Permanent Residence Certificate","Granted","31/07/2026","Antigua and Barbuda","0","0","0","0","0","0","0","0","0","0"
"EU2 - Permanent Residence Certificate","Granted","31/07/2026","Argentina","0","0","0","0","0","0","0","0","0","0"
"EU2 - Permanent Residence Certificate","Granted","31/07/2026","Armenia","0","0","0","0","0","0","0","0","0","0"
"EU2 - Permanent Residence Certificate","Granted","31/07/2026","Aruba","0","0","0","0","0","0","0","0","0","0"
"EU2 - Permanent Residence Certificate","Granted","31/07/2026","Australia","0","0","0","0","0","0","0","0","0","0"
"EU2 - Permanent Residence Certificate","Granted","31/07/2026","Azerbaijan","0","0","0","0","0","0","0","0","0","0"
"EU2 - Permanent Residence Certificate","Granted","31/07/2026","Bahamas (the)","0","0","0","0","0","0","0","0","0","0"
"EU2 - Permanent Residence Certificate","Granted","31/07/2026","Bahrain","0","0","0","0","0","0","0","0","0","0"
"EU2 - Permanent Residence Certificate","Granted","31/07/2026","Bangladesh","0","0","0","0","0","0","0","0","0","0"
"EU2 - Permanent Residence Certificate","Granted","31/07/2026","Barbados","0","0","0","0","0","0","0","0","0","0"
"EU2 - Permanent Residence Certificate","Granted","31/07/2026","Belarus","0","0","0","0","0","0","0","0","0","0"
"EU2 - Permanent Residence Certificate","Granted","31/07/2026","Belize","0","0","0","0","0","0","0","0","0","0"
"EU2 - Permanent Residence Certificate","Granted","31/07/2026","Benin","0","0","0","0","0","0","0","0","0","0"
"EU2 - Permanent Residence Certificate","Granted","31/07/2026","Bermuda","0","0","0","0","0","0","0","0","0","0"
"EU2 - Permanent Residence Certificate","Granted","31/07/2026","Bhutan","0","0","0","0","0","0","0","0","0","0"
"EU2 - Permanent Residence Certificate","Granted","31/07/2026","Bolivia (Plurinational State of)","0","0","0","0","0","0","0","0","0","0"
"EU2 - Permanent Residence Certificate","Granted","31/07/2026","Bonaire, Sint Eustatius and Saba","0","0","0","0","0","0","0","0","0","0"
"EU2 - Permanent Residence Certificate","Granted","31/07/2026","Bosnia and Herzegovina","0","0","0","0","0","0","0","0","0","0"
"EU2 - Permanent Residence Certificate","Granted","31/07/2026","Botswana","0","0","0","0","0","0","0","0","0","0"
"EU2 - Permanent Residence Certificate","Granted","31/07/2026","Bouvet Island","0","0","0","0","0","0","0","0","0","0"
"EU2 - Permanent Residence Certificate","Granted","31/07/2026","Brazil","0","0","0","0","0","*","0","0","0","0"
"EU2 - Permanent Residence Certificate","Granted","31/07/2026","Brunei Darussalam","0","0","0","0","0","0","0","0","0","0"
"EU2 - Permanent Residence Certificate","Granted","31/07/2026","Burkina Faso","0","0","0","0","0","0","0","0","0","0"
"EU2 - Permanent Residence Certificate","Granted","31/07/2026","Burundi","0","0","0","0","0","0","0","0","0","0"
"EU2 - Permanent Residence Certificate","Granted","31/07/2026","Cabo Verde","0","0","0","0","0","0","0","0","0","0"
"EU2 - Permanent Residence Certificate","Granted","31/07/2026","Cambodia","0","0","0","0","0","0","0","0","0","0"
"EU2 - Permanent Residence Certificate","Granted","31/07/2026","Cameroon","0","0","0","0","0","0","0","0","0","0"
"EU2 - Permanent Residence Certificate","Granted","31/07/2026","Canada","0","0","0","0","0","0","0","0","0","0"
"EU2 - Permanent Residence Certificate","Granted","31/07/2026","Cayman Islands (the)","0","0","0","0","0","0","0","0","0","0"
"EU2 - Permanent Residence Certificate","Granted","31/07/2026","Central African Republic (the)","0","0","0","0","0","0","0","0","0","0"
"EU2 - Permanent Residence Certificate","Granted","31/07/2026","Ceuta","0","0","0","0","0","0","0","0","0","0"
"EU2 - Permanent Residence Certificate","Granted","31/07/2026","Chad","0","0","0","0","0","0","0","0","0","0"
"EU2 - Permanent Residence Certificate","Granted","31/07/2026","Chile","0","0","0","0","0","0","0","0","0","0"
"EU2 - Permanent Residence Certificate","Granted","31/07/2026","China","0","0","0","0","0","0","0","0","0","0"
"EU2 - Permanent Residence Certificate","Granted","31/07/2026","Christmas Island","0","0","0","0","0","0","0","0","0","0"
"EU2 - Permanent Residence Certificate","Granted","31/07/2026","Cocos (Keeling) Islands (the)","0","0","0","0","0","0","0","0","0","0"
"EU2 - Permanent Residence Certificate","Granted","31/07/2026","Colombia","0","0","0","0","0","0","0","0","0","0"
"EU2 - Permanent Residence Certificate","Granted","31/07/2026","Comoros (the)","0","0","0","0","0","0","0","0","0","0"
"EU2 - Permanent Residence Certificate","Granted","31/07/2026","Congo (the Democratic Republic of the)","0","0","0","0","0","0","0","0","0","0"
"EU2 - Permanent Residence Certificate","Granted","31/07/2026","Congo (the)","0","0","0","0","0","0","0","0","0","0"
"EU2 - Permanent Residence Certificate","Granted","31/07/2026","Cook Islands (the)","0","0","0","0","0","0","0","0","0","0"
"EU2 - Permanent Residence Certificate","Granted","31/07/2026","Costa Rica","0","0","0","0","0","0","0","0","0","0"
"EU2 - Permanent Residence Certificate","Granted","31/07/2026","Côte d'Ivoire","0","0","0","0","0","0","0","0","0","0"
"EU2 - Permanent Residence Certificate","Granted","31/07/2026","Cuba","0","0","0","0","0","0","0","0","0","0"
"EU2 - Permanent Residence Certificate","Granted","31/07/2026","Curaçao","0","0","0","0","0","0","0","0","0","0"
"EU2 - Permanent Residence Certificate","Granted","31/07/2026","Djibouti","0","0","0","0","0","0","0","0","0","0"
"EU2 - Permanent Residence Certificate","Granted","31/07/2026","Dominica","0","0","0","0","0","0","0","0","0","0"
"EU2 - Permanent Residence Certificate","Granted","31/07/2026","Dominican Republic (the)","0","0","0","0","0","0","0","0","0","0"
"EU2 - Permanent Residence Certificate","Granted","31/07/2026","Ecuador","0","0","0","0","0","0","0","0","0","0"
"EU2 - Permanent Residence Certificate","Granted","31/07/2026","Egypt","0","0","0","0","0","0","0","0","0","0"
"EU2 - Permanent Residence Certificate","Granted","31/07/2026","El Salvador","0","0","0","0","0","0","0","0","0","0"
"EU2 - Permanent Residence Certificate","Granted","31/07/2026","Equatorial Guinea","0","0","0","0","0","0","0","0","0","0"
"EU2 - Permanent Residence Certificate","Granted","31/07/2026","Eritrea","0","0","0","0","0","0","0","0","0","0"
"EU2 - Permanent Residence Certificate","Granted","31/07/2026","Eswatini","0","0","0","0","0","0","0","0","0","0"
"EU2 - Permanent Residence Certificate","Granted","31/07/2026","Ethiopia","0","0","0","0","0","0","0","0","0","0"
"EU2 - Permanent Residence Certificate","Granted","31/07/2026","Falkland Islands (the) [Malvinas]","0","0","0","0","0","0","0","0","0","0"
"EU2 - Permanent Residence Certificate","Granted","31/07/2026","Faroe Islands (the)","0","0","0","0","0","0","0","0","0","0"
"EU2 - Permanent Residence Certificate","Granted","31/07/2026","Fiji","0","0","0","0","0","0","0","0","0","0"
"EU2 - Permanent Residence Certificate","Granted","31/07/2026","French Guiana","0","0","0","0","0","0","0","0","0","0"
"EU2 - Permanent Residence Certificate","Granted","31/07/2026","French Polynesia","0","0","0","0","0","0","0","0","0","0"
"EU2 - Permanent Residence Certificate","Granted","31/07/2026","Gabon","0","0","0","0","0","0","0","0","0","0"
"EU2 - Permanent Residence Certificate","Granted","31/07/2026","Gambia (the)","0","0","0","0","0","0","0","0","0","0"
"EU2 - Permanent Residence Certificate","Granted","31/07/2026","Georgia","0","0","0","0","0","0","0","0","0","0"
"EU2 - Permanent Residence Certificate","Granted","31/07/2026","Ghana","0","0","0","0","0","0","0","0","0","0"
"EU2 - Permanent Residence Certificate","Granted","31/07/2026","Gibraltar","0","0","0","0","0","0","0","0","0","0"
"EU2 - Permanent Residence Certificate","Granted","31/07/2026","Greenland","0","0","0","0","0","0","0","0","0","0"
"EU2 - Permanent Residence Certificate","Granted","31/07/2026","Grenada","0","0","0","0","0","0","0","0","0","0"
"EU2 - Permanent Residence Certificate","Granted","31/07/2026","Guadeloupe","0","0","0","0","0","0","0","0","0","0"
"EU2 - Permanent Residence Certificate","Granted","31/07/2026","Guam","0","0","0","0","0","0","0","0","0","0"
"EU2 - Permanent Residence Certificate","Granted","31/07/2026","Guatemala","0","0","0","0","0","0","0","0","0","0"
"EU2 - Permanent Residence Certificate","Granted","31/07/2026","Guernsey","0","0","0","0","0","0","0","0","0","0"
"EU2 - Permanent Residence Certificate","Granted","31/07/2026","Guinea","0","0","0","0","0","0","0","0","0","0"
"EU2 - Permanent Residence Certificate","Granted","31/07/2026","Guinea-Bissau","0","0","0","0","0","0","0","0","0","0"
"EU2 - Permanent Residence Certificate","Granted","31/07/2026","Guyana","0","0","0","0","0","0","0","0","0","0"
"EU2 - Permanent Residence Certificate","Granted","31/07/2026","Haiti","0","0","0","0","0","0","0","0","0","0"
"EU2 - Permanent Residence Certificate","Granted","31/07/2026","Heard Island and McDonald Islands","0","0","0","0","0","0","0","0","0","0"
"EU2 - Permanent Residence Certificate","Granted","31/07/2026","Holy See (the)","0","0","0","0","0","0","0","0","0","0"
"EU2 - Permanent Residence Certificate","Granted","31/07/2026","Honduras","0","0","0","0","0","0","0","0","0","0"
"EU2 - Permanent Residence Certificate","Granted","31/07/2026","India","0","0","0","0","0","0","0","0","0","0"
"EU2 - Permanent Residence Certificate","Granted","31/07/2026","Indonesia","0","0","0","0","0","0","0","0","0","0"
"EU2 - Permanent Residence Certificate","Granted","31/07/2026","Iran (Islamic Republic of)","0","0","0","0","0","0","0","0","0","0"
"EU2 - Permanent Residence Certificate","Granted","31/07/2026","Iraq","0","0","0","0","0","0","0","0","0","0"
"EU2 - Permanent Residence Certificate","Granted","31/07/2026","Isle of Man","0","0","0","0","0","0","0","0","0","0"
"EU2 - Permanent Residence Certificate","Granted","31/07/2026","Israel","0","0","0","0","0","0","0","0","0","0"
"EU2 - Permanent Residence Certificate","Granted","31/07/2026","Jamaica","0","0","0","0","0","0","0","0","0","0"
"EU2 - Permanent Residence Certificate","Granted","31/07/2026","Japan","0","0","0","0","0","0","0","0","0","0"
"EU2 - Permanent Residence Certificate","Granted","31/07/2026","Jersey","0","0","0","0","0","0","0","0","0","0"
"EU2 - Permanent Residence Certificate","Granted","31/07/2026","Jordan","0","0","0","0","0","0","0","0","0","0"
"EU2 - Permanent Residence Certificate","Granted","31/07/2026","Kazakhstan","0","0","0","0","0","0","0","0","0","0"
"EU2 - Permanent Residence Certificate","Granted","31/07/2026","Kenya","0","0","0","0","0","0","0","0","0","0"
"EU2 - Permanent Residence Certificate","Granted","31/07/2026","Kiribati","0","0","0","0","0","0","0","0","0","0"
"EU2 - Permanent Residence Certificate","Granted","31/07/2026","Korea (the Democratic People's Republic of) North Korea","0","0","0","0","0","0","0","0","0","0"
"EU2 - Permanent Residence Certificate","Granted","31/07/2026","Korea (the Republic of) South Korea","0","0","0","0","0","0","0","0","0","0"
"EU2 - Permanent Residence Certificate","Granted","31/07/2026","Kosovo","0","0","0","0","0","0","0","0","0","0"
"EU2 - Permanent Residence Certificate","Granted","31/07/2026","Kuwait","0","0","0","0","0","0","0","0","0","0"
"EU2 - Permanent Residence Certificate","Granted","31/07/2026","Kyrgyzstan","0","0","0","0","0","0","0","0","0","0"
"EU2 - Permanent Residence Certificate","Granted","31/07/2026","Lao People's Democratic Republic (the)","0","0","0","0","0","0","0","0","0","0"
"EU2 - Permanent Residence Certificate","Granted","31/07/2026","Lebanon","0","0","0","0","0","0","0","0","0","0"
"EU2 - Permanent Residence Certificate","Granted","31/07/2026","Lesotho","0","0","0","0","0","0","0","0","0","0"
"EU2 - Permanent Residence Certificate","Granted","31/07/2026","Liberia","0","0","0","0","0","0","0","0","0","0"
"EU2 - Permanent Residence Certificate","Granted","31/07/2026","Libya","0","0","0","0","0","0","0","0","0","0"
"EU2 - Permanent Residence Certificate","Granted","31/07/2026","Macao","0","0","0","0","0","0","0","0","0","0"
"EU2 - Permanent Residence Certificate","Granted","31/07/2026","Madagascar","0","0","0","0","0","0","0","0","0","0"
"EU2 - Permanent Residence Certificate","Granted","31/07/2026","Malawi","0","0","0","0","0","0","0","0","0","0"
"EU2 - Permanent Residence Certificate","Granted","31/07/2026","Malaysia","0","0","0","0","0","0","0","0","0","0"
"EU2 - Permanent Residence Certificate","Granted","31/07/2026","Maldives","0","0","0","0","0","0","0","0","0","0"
"EU2 - Permanent Residence Certificate","Granted","31/07/2026","Mali","0","0","0","0","0","0","0","0","0","0"
"EU2 - Permanent Residence Certificate","Granted","31/07/2026","Marshall Islands (the)","0","0","0","0","0","0","0","0","0","0"
"EU2 - Permanent Residence Certificate","Granted","31/07/2026","Martinique","0","0","0","0","0","0","0","0","0","0"
"EU2 - Permanent Residence Certificate","Granted","31/07/2026","Mauritania","0","0","0","0","0","0","0","0","0","0"
"EU2 - Permanent Residence Certificate","Granted","31/07/2026","Mauritius","0","0","0","0","0","0","0","0","0","0"
"EU2 - Permanent Residence Certificate","Granted","31/07/2026","Mayotte","0","0","0","0","0","0","0","0","0","0"
"EU2 - Permanent Residence Certificate","Granted","31/07/2026","Melilla","0","0","0","0","0","0","0","0","0","0"
"EU2 - Permanent Residence Certificate","Granted","31/07/2026","Mexico","0","0","0","0","0","0","0","0","0","0"
"EU2 - Permanent Residence Certificate","Granted","31/07/2026","Micronesia (Federated States of)","0","0","0","0","0","0","0","0","0","0"
"EU2 - Permanent Residence Certificate","Granted","31/07/2026","Moldova (the Republic of)","0","0","0","0","0","0","0","0","0","0"
"EU2 - Permanent Residence Certificate","Granted","31/07/2026","Monaco","0","0","0","0","0","0","0","0","0","0"
"EU2 - Permanent Residence Certificate","Granted","31/07/2026","Mongolia","0","0","0","0","0","0","0","0","0","0"
"EU2 - Permanent Residence Certificate","Granted","31/07/2026","Montenegro","0","0","0","0","0","0","0","0","0","0"
"EU2 - Permanent Residence Certificate","Granted","31/07/2026","Montserrat","0","0","0","0","0","0","0","0","0","0"
"EU2 - Permanent Residence Certificate","Granted","31/07/2026","Morocco","0","0","0","0","0","0","0","0","0","0"
"EU2 - Permanent Residence Certificate","Granted","31/07/2026","Mozambique","0","0","0","0","0","0","0","0","0","0"
"EU2 - Permanent Residence Certificate","Granted","31/07/2026","Myanmar","0","0","0","0","0","0","0","0","0","0"
"EU2 - Permanent Residence Certificate","Granted","31/07/2026","Namibia","0","0","0","0","0","0","0","0","0","0"
"EU2 - Permanent Residence Certificate","Granted","31/07/2026","Nauru","0","0","0","0","0","0","0","0","0","0"
"EU2 - Permanent Residence Certificate","Granted","31/07/2026","Nepal","0","0","0","0","0","0","0","0","0","0"
"EU2 - Permanent Residence Certificate","Granted","31/07/2026","New Caledonia","0","0","0","0","0","0","0","0","0","0"
"EU2 - Permanent Residence Certificate","Granted","31/07/2026","New Zealand","0","0","0","0","0","0","0","0","0","0"
"EU2 - Permanent Residence Certificate","Granted","31/07/2026","Nicaragua","0","0","0","0","0","0","0","0","0","0"
"EU2 - Permanent Residence Certificate","Granted","31/07/2026","Niger (the)","0","0","0","0","0","0","0","0","0","0"
"EU2 - Permanent Residence Certificate","Granted","31/07/2026","Nigeria","0","0","0","0","0","0","0","0","0","0"
"EU2 - Permanent Residence Certificate","Granted","31/07/2026","Niue","0","0","0","0","0","0","0","0","0","0"
"EU2 - Permanent Residence Certificate","Granted","31/07/2026","Norfolk Island","0","0","0","0","0","0","0","0","0","0"
"EU2 - Permanent Residence Certificate","Granted","31/07/2026","North Macedonia","0","0","0","0","0","0","0","0","0","0"
"EU2 - Permanent Residence Certificate","Granted","31/07/2026","Northern Mariana Islands (the)","0","0","0","0","0","0","0","0","0","0"
"EU2 - Permanent Residence Certificate","Granted","31/07/2026","Oman","0","0","0","0","0","0","0","0","0","0"
"EU2 - Permanent Residence Certificate","Granted","31/07/2026","Pakistan","0","0","0","0","0","0","0","0","0","0"
"EU2 - Permanent Residence Certificate","Granted","31/07/2026","Palau","0","0","0","0","0","0","0","0","0","0"
"EU2 - Permanent Residence Certificate","Granted","31/07/2026","Palestine, State of","0","0","0","0","0","0","0","0","0","0"
"EU2 - Permanent Residence Certificate","Granted","31/07/2026","Panama","0","0","0","0","0","0","0","0","0","0"
"EU2 - Permanent Residence Certificate","Granted","31/07/2026","Papua New Guinea","0","0","0","0","0","0","0","0","0","0"
"EU2 - Permanent Residence Certificate","Granted","31/07/2026","Paraguay","0","0","0","0","0","0","0","0","0","0"
"EU2 - Permanent Residence Certificate","Granted","31/07/2026","Peru","0","0","0","0","0","0","0","0","0","0"
"EU2 - Permanent Residence Certificate","Granted","31/07/2026","Philippines (the)","0","0","0","0","0","0","0","0","0","0"
"EU2 - Permanent Residence Certificate","Granted","31/07/2026","Pitcairn","0","0","0","0","0","0","0","0","0","0"
"EU2 - Permanent Residence Certificate","Granted","31/07/2026","Puerto Rico","0","0","0","0","0","0","0","0","0","0"
"EU2 - Permanent Residence Certificate","Granted","31/07/2026","Qatar","0","0","0","0","0","0","0","0","0","0"
"EU2 - Permanent Residence Certificate","Granted","31/07/2026","Réunion","0","0","0","0","0","0","0","0","0","0"
"EU2 - Permanent Residence Certificate","Granted","31/07/2026","Russian Federation (the)","0","0","0","0","0","0","0","0","0","0"
"EU2 - Permanent Residence Certificate","Granted","31/07/2026","Rwanda","0","0","0","0","0","0","0","0","0","0"
"EU2 - Permanent Residence Certificate","Granted","31/07/2026","Saint Barthélemy","0","0","0","0","0","0","0","0","0","0"
"EU2 - Permanent Residence Certificate","Granted","31/07/2026","Saint Helena, Ascension and Tristan da Cunha","0","0","0","0","0","0","0","0","0","0"
"EU2 - Permanent Residence Certificate","Granted","31/07/2026","Saint Kitts and Nevis","0","0","0","0","0","0","0","0","0","0"
"EU2 - Permanent Residence Certificate","Granted","31/07/2026","Saint Lucia","0","0","0","0","0","0","0","0","0","0"
"EU2 - Permanent Residence Certificate","Granted","31/07/2026","Saint Martin (French part)","0","0","0","0","0","0","0","0","0","0"
"EU2 - Permanent Residence Certificate","Granted","31/07/2026","Saint Pierre and Miquelon","0","0","0","0","0","0","0","0","0","0"
"EU2 - Permanent Residence Certificate","Granted","31/07/2026","Saint Vincent and the Grenadines","0","0","0","0","0","0","0","0","0","0"
"EU2 - Permanent Residence Certificate","Granted","31/07/2026","Samoa","0","0","0","0","0","0","0","0","0","0"
"EU2 - Permanent Residence Certificate","Granted","31/07/2026","San Marino","0","0","0","0","0","0","0","0","0","0"
"EU2 - Permanent Residence Certificate","Granted","31/07/2026","Sao Tome and Principe","0","0","0","0","0","0","0","0","0","0"
"EU2 - Permanent Residence Certificate","Granted","31/07/2026","Saudi Arabia","0","0","0","0","0","0","0","0","0","0"
"EU2 - Permanent Residence Certificate","Granted","31/07/2026","Senegal","0","0","0","0","0","0","0","0","0","0"
"EU2 - Permanent Residence Certificate","Granted","31/07/2026","Serbia","0","0","0","0","0","0","0","0","0","0"
"EU2 - Permanent Residence Certificate","Granted","31/07/2026","Seychelles","0","0","0","0","0","0","0","0","0","0"
"EU2 - Permanent Residence Certificate","Granted","31/07/2026","Sierra Leone","0","0","0","0","0","0","0","0","0","0"
"EU2 - Permanent Residence Certificate","Granted","31/07/2026","Singapore","0","0","0","0","0","0","0","0","0","0"
"EU2 - Permanent Residence Certificate","Granted","31/07/2026","Sint Maarten (Dutch part)","0","0","0","0","0","0","0","0","0","0"
"EU2 - Permanent Residence Certificate","Granted","31/07/2026","Solomon Islands","0","0","0","0","0","0","0","0","0","0"
"EU2 - Permanent Residence Certificate","Granted","31/07/2026","Somalia","0","0","0","0","0","0","0","0","0","0"
"EU2 - Permanent Residence Certificate","Granted","31/07/2026","South Africa","0","0","0","0","0","0","0","0","0","0"
"EU2 - Permanent Residence Certificate","Granted","31/07/2026","South Georgia and the South Sandwich Islands","0","0","0","0","0","0","0","0","0","0"
"EU2 - Permanent Residence Certificate","Granted","31/07/2026","South Sudan","0","0","0","0","0","0","0","0","0","0"
"EU2 - Permanent Residence Certificate","Granted","31/07/2026","Sri Lanka","0","0","0","0","0","0","0","0","0","0"
"EU2 - Permanent Residence Certificate","Granted","31/07/2026","Sudan (the)","0","0","0","0","0","0","0","0","0","0"
"EU2 - Permanent Residence Certificate","Granted","31/07/2026","Suriname","0","0","0","0","0","0","0","0","0","0"
"EU2 - Permanent Residence Certificate","Granted","31/07/2026","Svalbard and Jan Mayen","0","0","0","0","0","0","0","0","0","0"
"EU2 - Permanent Residence Certificate","Granted","31/07/2026","Switzerland","0","0","0","0","0","0","0","0","0","0"
"EU2 - Permanent Residence Certificate","Granted","31/07/2026","Syrian Arab Republic (the)","0","0","0","0","0","0","0","0","0","0"
"EU2 - Permanent Residence Certificate","Granted","31/07/2026","Taiwan (Province of China)","0","0","0","0","0","0","0","0","0","0"
"EU2 - Permanent Residence Certificate","Granted","31/07/2026","Tajikistan","0","0","0","0","0","0","0","0","0","0"
"EU2 - Permanent Residence Certificate","Granted","31/07/2026","Tanzania, the United Republic of","0","0","0","0","0","0","0","0","0","0"
"EU2 - Permanent Residence Certificate","Granted","31/07/2026","Thailand","0","0","0","0","0","0","0","0","0","0"
"EU2 - Permanent Residence Certificate","Granted","31/07/2026","Timor-Leste","0","0","0","0","0","0","0","0","0","0"
"EU2 - Permanent Residence Certificate","Granted","31/07/2026","Togo","0","0","0","0","0","0","0","0","0","0"
"EU2 - Permanent Residence Certificate","Granted","31/07/2026","Tokelau","0","0","0","0","0","0","0","0","0","0"
"EU2 - Permanent Residence Certificate","Granted","31/07/2026","Tonga","0","0","0","0","0","0","0","0","0","0"
"EU2 - Permanent Residence Certificate","Granted","31/07/2026","Trinidad and Tobago","0","0","0","0","0","0","0","0","0","0"
"EU2 - Permanent Residence Certificate","Granted","31/07/2026","Tunisia","0","0","0","0","0","0","0","0","0","0"
"EU2 - Permanent Residence Certificate","Granted","31/07/2026","Turkiye","0","0","0","0","0","0","0","0","0","0"
"EU2 - Permanent Residence Certificate","Granted","31/07/2026","Turkmenistan","0","0","0","0","0","0","0","0","0","0"
"EU2 - Permanent Residence Certificate","Granted","31/07/2026","Turks and Caicos Islands (the)","0","0","0","0","0","0","0","0","0","0"
"EU2 - Permanent Residence Certificate","Granted","31/07/2026","Tuvalu","0","0","0","0","0","0","0","0","0","0"
"EU2 - Permanent Residence Certificate","Granted","31/07/2026","Uganda","0","0","0","0","0","0","0","0","0","0"
"EU2 - Permanent Residence Certificate","Granted","31/07/2026","Ukraine","0","0","0","0","0","0","0","0","0","0"
"EU2 - Permanent Residence Certificate","Granted","31/07/2026","United Arab Emirates (the)","0","0","0","0","0","0","0","0","0","0"
"EU2 - Permanent Residence Certificate","Granted","31/07/2026","United States Minor Outlying Islands (the)","0","0","0","0","0","0","0","0","0","0"
"EU2 - Permanent Residence Certificate","Granted","31/07/2026","United States of America (the)","0","0","0","0","0","0","*","0","0","0"
"EU2 - Permanent Residence Certificate","Granted","31/07/2026","Uruguay","0","0","0","0","0","0","0","0","0","0"
"EU2 - Permanent Residence Certificate","Granted","31/07/2026","Uzbekistan","0","0","0","0","0","0","0","0","0","0"
"EU2 - Permanent Residence Certificate","Granted","31/07/2026","Vanuatu","0","0","0","0","0","0","0","0","0","0"
"EU2 - Permanent Residence Certificate","Granted","31/07/2026","Venezuela (Bolivarian Republic of)","0","0","0","0","0","0","0","0","0","0"
"EU2 - Permanent Residence Certificate","Granted","31/07/2026","Viet Nam","0","0","0","0","0","0","0","0","0","0"
"EU2 - Permanent Residence Certificate","Granted","31/07/2026","Virgin Islands (British)","0","0","0","0","0","0","0","0","0","0"
"EU2 - Permanent Residence Certificate","Granted","31/07/2026","Virgin Islands (U.S.)","0","0","0","0","0","0","0","0","0","0"
"EU2 - Permanent Residence Certificate","Granted","31/07/2026","Wallis and Futuna","0","0","0","0","0","0","0","0","0","0"
"EU2 - Permanent Residence Certificate","Granted","31/07/2026","Western Sahara","0","0","0","0","0","0","0","0","0","0"
"EU2 - Permanent Residence Certificate","Granted","31/07/2026","Yemen","0","0","0","0","0","0","0","0","0","0"
"EU2 - Permanent Residence Certificate","Granted","31/07/2026","Zambia","0","0","0","0","0","0","0","0","0","0"
"EU2 - Permanent Residence Certificate","Granted","31/07/2026","Zimbabwe","0","0","0","0","0","0","0","0","0","0"
"EU2 - Permanent Residence Certificate","Granted","31/07/2026","*Other","53","54","49","18","42","40","29","29","10","10"
"EU2 - Permanent Residence Certificate","Refused","31/07/2026","Afghanistan","*","0","0","0","0","0","0","*","0","0"
"EU2 - Permanent Residence Certificate","Refused","31/07/2026","Åland Islands","0","0","0","0","0","0","0","0","0","0"
"EU2 - Permanent Residence Certificate","Refused","31/07/2026","Albania","0","0","0","0","0","*","0","*","0","0"
"EU2 - Permanent Residence Certificate","Refused","31/07/2026","Algeria","*","0","0","0","0","0","0","0","0","0"
"EU2 - Permanent Residence Certificate","Refused","31/07/2026","American Samoa","0","0","0","0","0","0","0","0","0","0"
"EU2 - Permanent Residence Certificate","Refused","31/07/2026","Andorra","0","0","0","0","0","0","0","0","0","0"
"EU2 - Permanent Residence Certificate","Refused","31/07/2026","Angola","0","0","0","0","0","0","0","0","0","0"
"EU2 - Permanent Residence Certificate","Refused","31/07/2026","Anguilla","0","0","0","0","0","0","0","0","0","0"
"EU2 - Permanent Residence Certificate","Refused","31/07/2026","Antarctica","0","0","0","0","0","0","0","0","0","0"
"EU2 - Permanent Residence Certificate","Refused","31/07/2026","Antigua and Barbuda","0","0","0","0","0","0","0","0","0","0"
"EU2 - Permanent Residence Certificate","Refused","31/07/2026","Argentina","0","0","0","0","0","0","0","0","0","0"
"EU2 - Permanent Residence Certificate","Refused","31/07/2026","Armenia","0","0","0","0","0","0","0","0","0","0"
"EU2 - Permanent Residence Certificate","Refused","31/07/2026","Aruba","0","0","0","0","0","0","0","0","0","0"
"EU2 - Permanent Residence Certificate","Refused","31/07/2026","Australia","0","0","0","0","0","0","0","0","0","0"
"EU2 - Permanent Residence Certificate","Refused","31/07/2026","Azerbaijan","0","0","0","0","0","0","0","0","0","0"
"EU2 - Permanent Residence Certificate","Refused","31/07/2026","Bahamas (the)","0","0","0","0","0","0","0","0","0","0"
"EU2 - Permanent Residence Certificate","Refused","31/07/2026","Bahrain","0","0","0","0","0","0","0","0","0","0"
"EU2 - Permanent Residence Certificate","Refused","31/07/2026","Bangladesh","*","0","0","0","0","*","0","0","0","0"
"EU2 - Permanent Residence Certificate","Refused","31/07/2026","Barbados","0","0","0","0","0","0","0","0","0","0"
"EU2 - Permanent Residence Certificate","Refused","31/07/2026","Belarus","0","0","0","0","0","0","0","0","0","0"
"EU2 - Permanent Residence Certificate","Refused","31/07/2026","Belize","0","0","0","0","0","0","0","0","0","0"
"EU2 - Permanent Residence Certificate","Refused","31/07/2026","Benin","0","0","0","0","0","0","0","0","0","0"
"EU2 - Permanent Residence Certificate","Refused","31/07/2026","Bermuda","0","0","0","0","0","0","0","0","0","0"
"EU2 - Permanent Residence Certificate","Refused","31/07/2026","Bhutan","0","0","0","0","0","0","0","0","0","0"
"EU2 - Permanent Residence Certificate","Refused","31/07/2026","Bolivia (Plurinational State of)","0","0","0","0","0","0","0","0","0","0"
"EU2 - Permanent Residence Certificate","Refused","31/07/2026","Bonaire, Sint Eustatius and Saba","0","0","0","0","0","0","0","0","0","0"
"EU2 - Permanent Residence Certificate","Refused","31/07/2026","Bosnia and Herzegovina","0","0","0","0","0","*","0","0","0","0"
"EU2 - Permanent Residence Certificate","Refused","31/07/2026","Botswana","0","0","0","0","0","0","0","0","0","0"
"EU2 - Permanent Residence Certificate","Refused","31/07/2026","Bouvet Island","0","0","0","0","0","0","0","0","0","0"
"EU2 - Permanent Residence Certificate","Refused","31/07/2026","Brazil","0","*","*","*","0","*","*","*","0","*"
"EU2 - Permanent Residence Certificate","Refused","31/07/2026","Brunei Darussalam","0","0","0","0","0","0","0","0","0","0"
"EU2 - Permanent Residence Certificate","Refused","31/07/2026","Burkina Faso","0","0","0","0","0","0","0","0","0","0"
"EU2 - Permanent Residence Certificate","Refused","31/07/2026","Burundi","0","0","0","0","0","0","0","0","0","0"
"EU2 - Permanent Residence Certificate","Refused","31/07/2026","Cabo Verde","0","0","0","0","0","0","0","0","0","0"
"EU2 - Permanent Residence Certificate","Refused","31/07/2026","Cambodia","0","0","0","0","0","0","0","0","0","0"
"EU2 - Permanent Residence Certificate","Refused","31/07/2026","Cameroon","0","0","0","0","0","0","0","0","0","0"
"EU2 - Permanent Residence Certificate","Refused","31/07/2026","Canada","0","0","0","0","0","0","0","0","0","0"
"EU2 - Permanent Residence Certificate","Refused","31/07/2026","Cayman Islands (the)","0","0","0","0","0","0","0","0","0","0"
"EU2 - Permanent Residence Certificate","Refused","31/07/2026","Central African Republic (the)","0","0","0","0","0","0","0","0","0","0"
"EU2 - Permanent Residence Certificate","Refused","31/07/2026","Ceuta","0","0","0","0","0","0","0","0","0","0"
"EU2 - Permanent Residence Certificate","Refused","31/07/2026","Chad","0","0","0","0","0","0","0","0","0","0"
"EU2 - Permanent Residence Certificate","Refused","31/07/2026","Chile","0","0","0","0","0","0","0","0","0","0"
"EU2 - Permanent Residence Certificate","Refused","31/07/2026","China","0","0","0","0","*","0","0","0","0","0"
"EU2 - Permanent Residence Certificate","Refused","31/07/2026","Christmas Island","0","0","0","0","0","0","0","0","0","0"
"EU2 - Permanent Residence Certificate","Refused","31/07/2026","Cocos (Keeling) Islands (the)","0","0","0","0","0","0","0","0","0","0"
"EU2 - Permanent Residence Certificate","Refused","31/07/2026","Colombia","0","0","0","0","0","0","0","0","0","0"
"EU2 - Permanent Residence Certificate","Refused","31/07/2026","Comoros (the)","0","0","0","0","0","0","0","0","0","0"
"EU2 - Permanent Residence Certificate","Refused","31/07/2026","Congo (the Democratic Republic of the)","0","0","0","0","0","0","0","0","0","0"
"EU2 - Permanent Residence Certificate","Refused","31/07/2026","Congo (the)","0","0","0","0","0","0","0","0","0","0"
"EU2 - Permanent Residence Certificate","Refused","31/07/2026","Cook Islands (the)","0","0","0","0","0","0","0","0","0","0"
"EU2 - Permanent Residence Certificate","Refused","31/07/2026","Costa Rica","0","0","0","0","0","0","0","0","0","0"
"EU2 - Permanent Residence Certificate","Refused","31/07/2026","Côte d'Ivoire","0","0","0","0","0","0","0","0","0","0"
"EU2 - Permanent Residence Certificate","Refused","31/07/2026","Cuba","0","0","0","0","0","0","0","0","0","0"
"EU2 - Permanent Residence Certificate","Refused","31/07/2026","Curaçao","0","0","0","0","0","0","0","0","0","0"
"EU2 - Permanent Residence Certificate","Refused","31/07/2026","Djibouti","0","0","0","0","0","0","0","0","0","0"
"EU2 - Permanent Residence Certificate","Refused","31/07/2026","Dominica","0","0","0","0","0","0","0","0","0","0"
"EU2 - Permanent Residence Certificate","Refused","31/07/2026","Dominican Republic (the)","0","0","0","0","0","0","0","0","0","0"
"EU2 - Permanent Residence Certificate","Refused","31/07/2026","Ecuador","0","0","0","0","0","0","0","0","0","0"
"EU2 - Permanent Residence Certificate","Refused","31/07/2026","Egypt","0","0","0","0","0","0","0","0","0","0"
"EU2 - Permanent Residence Certificate","Refused","31/07/2026","El Salvador","0","0","*","0","0","0","0","0","0","0"
"EU2 - Permanent Residence Certificate","Refused","31/07/2026","Equatorial Guinea","0","0","0","0","0","0","0","0","0","0"
"EU2 - Permanent Residence Certificate","Refused","31/07/2026","Eritrea","0","0","0","0","0","0","0","0","0","0"
"EU2 - Permanent Residence Certificate","Refused","31/07/2026","Eswatini","0","0","0","0","0","0","0","0","0","0"
"EU2 - Permanent Residence Certificate","Refused","31/07/2026","Ethiopia","0","0","0","0","0","0","0","0","0","0"
"EU2 - Permanent Residence Certificate","Refused","31/07/2026","Falkland Islands (the) [Malvinas]","0","0","0","0","0","0","0","0","0","0"
"EU2 - Permanent Residence Certificate","Refused","31/07/2026","Faroe Islands (the)","0","0","0","0","0","0","0","0","0","0"
"EU2 - Permanent Residence Certificate","Refused","31/07/2026","Fiji","0","0","0","0","0","0","0","0","0","0"
"EU2 - Permanent Residence Certificate","Refused","31/07/2026","French Guiana","0","0","0","0","0","0","0","0","0","0"
"EU2 - Permanent Residence Certificate","Refused","31/07/2026","French Polynesia","0","0","0","0","0","0","0","0","0","0"
"EU2 - Permanent Residence Certificate","Refused","31/07/2026","Gabon","0","0","0","0","0","0","0","0","0","0"
"EU2 - Permanent Residence Certificate","Refused","31/07/2026","Gambia (the)","0","0","0","0","0","0","0","0","0","0"
"EU2 - Permanent Residence Certificate","Refused","31/07/2026","Georgia","0","0","0","0","0","0","0","0","0","0"
"EU2 - Permanent Residence Certificate","Refused","31/07/2026","Ghana","0","0","0","*","0","0","0","0","0","0"
"EU2 - Permanent Residence Certificate","Refused","31/07/2026","Gibraltar","0","0","0","0","0","0","0","0","0","0"
"EU2 - Permanent Residence Certificate","Refused","31/07/2026","Greenland","0","0","0","0","0","0","0","0","0","0"
"EU2 - Permanent Residence Certificate","Refused","31/07/2026","Grenada","0","0","0","0","0","0","0","0","0","0"
"EU2 - Permanent Residence Certificate","Refused","31/07/2026","Guadeloupe","0","0","0","0","0","0","0","0","0","0"
"EU2 - Permanent Residence Certificate","Refused","31/07/2026","Guam","0","0","0","0","0","0","0","0","0","0"
"EU2 - Permanent Residence Certificate","Refused","31/07/2026","Guatemala","0","0","0","0","0","0","0","0","0","0"
"EU2 - Permanent Residence Certificate","Refused","31/07/2026","Guernsey","0","0","0","0","0","0","0","0","0","0"
"EU2 - Permanent Residence Certificate","Refused","31/07/2026","Guinea","0","0","0","0","0","0","0","0","0","0"
"EU2 - Permanent Residence Certificate","Refused","31/07/2026","Guinea-Bissau","0","0","0","0","0","0","0","0","0","0"
"EU2 - Permanent Residence Certificate","Refused","31/07/2026","Guyana","0","0","0","0","0","0","0","0","0","0"
"EU2 - Permanent Residence Certificate","Refused","31/07/2026","Haiti","0","0","0","0","0","0","0","0","0","0"
"EU2 - Permanent Residence Certificate","Refused","31/07/2026","Heard Island and McDonald Islands","0","0","0","0","0","0","0","0","0","0"
"EU2 - Permanent Residence Certificate","Refused","31/07/2026","Holy See (the)","0","0","0","0","0","0","0","0","0","0"
"EU2 - Permanent Residence Certificate","Refused","31/07/2026","Honduras","0","0","0","0","0","0","0","0","0","0"
"EU2 - Permanent Residence Certificate","Refused","31/07/2026","India","0","0","0","0","0","0","0","0","0","0"
"EU2 - Permanent Residence Certificate","Refused","31/07/2026","Indonesia","0","0","0","0","0","0","0","0","0","0"
"EU2 - Permanent Residence Certificate","Refused","31/07/2026","Iran (Islamic Republic of)","0","0","0","0","0","0","0","0","0","0"
"EU2 - Permanent Residence Certificate","Refused","31/07/2026","Iraq","0","0","0","0","0","0","0","0","0","0"
"EU2 - Permanent Residence Certificate","Refused","31/07/2026","Isle of Man","0","0","0","0","0","0","0","0","0","0"
"EU2 - Permanent Residence Certificate","Refused","31/07/2026","Israel","0","0","0","0","0","0","0","0","0","0"
"EU2 - Permanent Residence Certificate","Refused","31/07/2026","Jamaica","0","0","0","0","0","0","*","0","0","0"
"EU2 - Permanent Residence Certificate","Refused","31/07/2026","Japan","0","0","0","0","0","0","0","0","0","0"
"EU2 - Permanent Residence Certificate","Refused","31/07/2026","Jersey","0","0","0","0","0","0","0","0","0","0"
"EU2 - Permanent Residence Certificate","Refused","31/07/2026","Jordan","0","0","0","0","0","0","0","0","0","0"
"EU2 - Permanent Residence Certificate","Refused","31/07/2026","Kazakhstan","0","0","0","0","0","0","0","0","0","0"
"EU2 - Permanent Residence Certificate","Refused","31/07/2026","Kenya","*","0","0","0","0","0","0","0","0","0"
"EU2 - Permanent Residence Certificate","Refused","31/07/2026","Kiribati","0","0","0","0","0","0","0","0","0","0"
"EU2 - Permanent Residence Certificate","Refused","31/07/2026","Korea (the Democratic People's Republic of) North Korea","0","0","0","0","0","0","0","0","0","0"
"EU2 - Permanent Residence Certificate","Refused","31/07/2026","Korea (the Republic of) South Korea","0","0","0","0","0","0","0","0","0","0"
"EU2 - Permanent Residence Certificate","Refused","31/07/2026","Kosovo","0","0","0","0","0","0","0","0","0","0"
"EU2 - Permanent Residence Certificate","Refused","31/07/2026","Kuwait","0","0","0","0","0","0","0","0","0","0"
"EU2 - Permanent Residence Certificate","Refused","31/07/2026","Kyrgyzstan","0","0","0","0","0","0","0","0","0","0"
"EU2 - Permanent Residence Certificate","Refused","31/07/2026","Lao People's Democratic Republic (the)","0","0","0","0","0","0","0","0","0","0"
"EU2 - Permanent Residence Certificate","Refused","31/07/2026","Lebanon","0","0","0","0","0","0","0","0","0","0"
"EU2 - Permanent Residence Certificate","Refused","31/07/2026","Lesotho","0","0","0","0","0","0","0","0","0","0"
"EU2 - Permanent Residence Certificate","Refused","31/07/2026","Liberia","0","0","0","0","0","0","0","0","0","0"
"EU2 - Permanent Residence Certificate","Refused","31/07/2026","Libya","0","0","0","0","0","0","0","0","0","0"
"EU2 - Permanent Residence Certificate","Refused","31/07/2026","Macao","0","0","0","0","0","0","0","0","0","0"
"EU2 - Permanent Residence Certificate","Refused","31/07/2026","Madagascar","0","0","0","0","0","0","0","0","0","0"
"EU2 - Permanent Residence Certificate","Refused","31/07/2026","Malawi","0","0","0","0","0","0","0","0","0","0"
"EU2 - Permanent Residence Certificate","Refused","31/07/2026","Malaysia","0","0","0","0","0","0","0","0","0","0"
"EU2 - Permanent Residence Certificate","Refused","31/07/2026","Maldives","0","0","0","0","0","0","0","0","0","0"
"EU2 - Permanent Residence Certificate","Refused","31/07/2026","Mali","0","0","0","0","0","0","0","0","0","0"
"EU2 - Permanent Residence Certificate","Refused","31/07/2026","Marshall Islands (the)","0","0","0","0","0","0","0","0","0","0"
"EU2 - Permanent Residence Certificate","Refused","31/07/2026","Martinique","0","0","0","0","0","0","0","0","0","0"
"EU2 - Permanent Residence Certificate","Refused","31/07/2026","Mauritania","0","0","0","0","0","0","0","0","0","0"
"EU2 - Permanent Residence Certificate","Refused","31/07/2026","Mauritius","0","0","0","0","0","0","0","0","0","0"
"EU2 - Permanent Residence Certificate","Refused","31/07/2026","Mayotte","0","0","0","0","0","0","0","0","0","0"
"EU2 - Permanent Residence Certificate","Refused","31/07/2026","Melilla","0","0","0","0","0","0","0","0","0","0"
"EU2 - Permanent Residence Certificate","Refused","31/07/2026","Mexico","0","0","0","0","0","0","0","0","0","0"
"EU2 - Permanent Residence Certificate","Refused","31/07/2026","Micronesia (Federated States of)","0","0","0","0","0","0","0","0","0","0"
"EU2 - Permanent Residence Certificate","Refused","31/07/2026","Moldova (the Republic of)","*","0","0","0","0","0","0","0","0","0"
"EU2 - Permanent Residence Certificate","Refused","31/07/2026","Monaco","0","0","0","0","0","0","0","0","0","0"
"EU2 - Permanent Residence Certificate","Refused","31/07/2026","Mongolia","0","0","0","0","0","0","0","0","0","0"
"EU2 - Permanent Residence Certificate","Refused","31/07/2026","Montenegro","0","0","0","0","0","0","0","0","0","0"
"EU2 - Permanent Residence Certificate","Refused","31/07/2026","Montserrat","0","0","0","0","0","0","0","0","0","0"
"EU2 - Permanent Residence Certificate","Refused","31/07/2026","Morocco","0","0","*","0","0","0","0","0","0","0"
"EU2 - Permanent Residence Certificate","Refused","31/07/2026","Mozambique","0","0","0","0","0","0","0","0","0","0"
"EU2 - Permanent Residence Certificate","Refused","31/07/2026","Myanmar","0","0","0","0","0","0","0","0","0","0"
"EU2 - Permanent Residence Certificate","Refused","31/07/2026","Namibia","0","0","0","0","0","0","0","0","0","0"
"EU2 - Permanent Residence Certificate","Refused","31/07/2026","Nauru","0","0","0","0","0","0","0","0","0","0"
"EU2 - Permanent Residence Certificate","Refused","31/07/2026","Nepal","0","0","*","0","0","0","0","0","0","0"
"EU2 - Permanent Residence Certificate","Refused","31/07/2026","New Caledonia","0","0","0","0","0","0","0","0","0","0"
"EU2 - Permanent Residence Certificate","Refused","31/07/2026","New Zealand","0","0","0","0","0","0","0","0","0","0"
"EU2 - Permanent Residence Certificate","Refused","31/07/2026","Nicaragua","0","0","0","0","0","0","0","0","0","0"
"EU2 - Permanent Residence Certificate","Refused","31/07/2026","Niger (the)","0","0","0","0","0","0","0","0","0","0"
"EU2 - Permanent Residence Certificate","Refused","31/07/2026","Nigeria","0","*","*","0","0","0","0","0","0","0"
"EU2 - Permanent Residence Certificate","Refused","31/07/2026","Niue","0","0","0","0","0","0","0","0","0","0"
"EU2 - Permanent Residence Certificate","Refused","31/07/2026","Norfolk Island","0","0","0","0","0","0","0","0","0","0"
"EU2 - Permanent Residence Certificate","Refused","31/07/2026","North Macedonia","0","0","0","0","0","0","0","0","0","0"
"EU2 - Permanent Residence Certificate","Refused","31/07/2026","Northern Mariana Islands (the)","0","0","0","0","0","0","0","0","0","0"
"EU2 - Permanent Residence Certificate","Refused","31/07/2026","Oman","0","0","0","0","0","0","0","0","0","0"
"EU2 - Permanent Residence Certificate","Refused","31/07/2026","Pakistan","*","0","0","0","0","0","0","0","0","0"
"EU2 - Permanent Residence Certificate","Refused","31/07/2026","Palau","0","0","0","0","0","0","0","0","0","0"
"EU2 - Permanent Residence Certificate","Refused","31/07/2026","Palestine, State of","0","0","0","0","0","0","0","0","0","0"
"EU2 - Permanent Residence Certificate","Refused","31/07/2026","Panama","0","0","0","0","0","0","0","0","0","0"
"EU2 - Permanent Residence Certificate","Refused","31/07/2026","Papua New Guinea","0","0","0","0","0","0","0","0","0","0"
"EU2 - Permanent Residence Certificate","Refused","31/07/2026","Paraguay","0","0","0","0","0","0","0","0","0","0"
"EU2 - Permanent Residence Certificate","Refused","31/07/2026","Peru","0","0","0","0","0","0","0","0","0","0"
"EU2 - Permanent Residence Certificate","Refused","31/07/2026","Philippines (the)","0","0","0","0","0","0","*","0","0","0"
"EU2 - Permanent Residence Certificate","Refused","31/07/2026","Pitcairn","0","0","0","0","0","0","0","0","0","0"
"EU2 - Permanent Residence Certificate","Refused","31/07/2026","Puerto Rico","0","0","0","0","0","0","0","0","0","0"
"EU2 - Permanent Residence Certificate","Refused","31/07/2026","Qatar","0","0","0","0","0","0","0","0","0","0"
"EU2 - Permanent Residence Certificate","Refused","31/07/2026","Réunion","0","0","0","0","0","0","0","0","0","0"
"EU2 - Permanent Residence Certificate","Refused","31/07/2026","Russian Federation (the)","0","0","0","0","0","0","0","0","0","0"
"EU2 - Permanent Residence Certificate","Refused","31/07/2026","Rwanda","0","0","0","0","0","0","0","0","0","0"
"EU2 - Permanent Residence Certificate","Refused","31/07/2026","Saint Barthélemy","0","0","0","0","0","0","0","0","0","0"
"EU2 - Permanent Residence Certificate","Refused","31/07/2026","Saint Helena, Ascension and Tristan da Cunha","0","0","0","0","0","0","0","0","0","0"
"EU2 - Permanent Residence Certificate","Refused","31/07/2026","Saint Kitts and Nevis","0","0","0","0","0","0","0","0","0","0"
"EU2 - Permanent Residence Certificate","Refused","31/07/2026","Saint Lucia","0","0","0","0","0","0","0","0","0","0"
"EU2 - Permanent Residence Certificate","Refused","31/07/2026","Saint Martin (French part)","0","0","0","0","0","0","0","0","0","0"
"EU2 - Permanent Residence Certificate","Refused","31/07/2026","Saint Pierre and Miquelon","0","0","0","0","0","0","0","0","0","0"
"EU2 - Permanent Residence Certificate","Refused","31/07/2026","Saint Vincent and the Grenadines","0","0","0","0","0","0","0","0","0","0"
"EU2 - Permanent Residence Certificate","Refused","31/07/2026","Samoa","0","0","0","0","0","0","0","0","0","0"
"EU2 - Permanent Residence Certificate","Refused","31/07/2026","San Marino","0","0","0","0","0","0","0","0","0","0"
"EU2 - Permanent Residence Certificate","Refused","31/07/2026","Sao Tome and Principe","0","0","0","0","0","0","0","0","0","0"
"EU2 - Permanent Residence Certificate","Refused","31/07/2026","Saudi Arabia","0","0","0","0","0","0","0","0","0","0"
"EU2 - Permanent Residence Certificate","Refused","31/07/2026","Senegal","0","0","0","0","0","0","0","0","0","0"
"EU2 - Permanent Residence Certificate","Refused","31/07/2026","Serbia","0","0","0","0","0","0","0","0","0","0"
"EU2 - Permanent Residence Certificate","Refused","31/07/2026","Seychelles","0","0","0","0","0","0","0","0","0","0"
"EU2 - Permanent Residence Certificate","Refused","31/07/2026","Sierra Leone","0","0","0","0","0","0","0","0","0","0"
"EU2 - Permanent Residence Certificate","Refused","31/07/2026","Singapore","0","0","0","0","0","0","0","0","0","0"
"EU2 - Permanent Residence Certificate","Refused","31/07/2026","Sint Maarten (Dutch part)","0","0","0","0","0","0","0","0","0","0"
"EU2 - Permanent Residence Certificate","Refused","31/07/2026","Solomon Islands","0","0","0","0","0","0","0","0","0","0"
"EU2 - Permanent Residence Certificate","Refused","31/07/2026","Somalia","0","0","0","0","0","0","0","0","0","0"
"EU2 - Permanent Residence Certificate","Refused","31/07/2026","South Africa","0","0","0","0","0","0","*","0","0","0"
"EU2 - Permanent Residence Certificate","Refused","31/07/2026","South Georgia and the South Sandwich Islands","0","0","0","0","0","0","0","0","0","0"
"EU2 - Permanent Residence Certificate","Refused","31/07/2026","South Sudan","0","0","0","0","0","0","0","0","0","0"
"EU2 - Permanent Residence Certificate","Refused","31/07/2026","Sri Lanka","0","0","0","0","0","0","0","0","0","0"
"EU2 - Permanent Residence Certificate","Refused","31/07/2026","Sudan (the)","0","0","0","0","0","0","0","0","0","0"
"EU2 - Permanent Residence Certificate","Refused","31/07/2026","Suriname","0","0","0","0","0","0","0","0","0","0"
"EU2 - Permanent Residence Certificate","Refused","31/07/2026","Svalbard and Jan Mayen","0","0","0","0","0","0","0","0","0","0"
"EU2 - Permanent Residence Certificate","Refused","31/07/2026","Switzerland","0","0","0","0","0","0","0","0","0","0"
"EU2 - Permanent Residence Certificate","Refused","31/07/2026","Syrian Arab Republic (the)","0","0","0","0","0","0","0","0","0","0"
"EU2 - Permanent Residence Certificate","Refused","31/07/2026","Taiwan (Province of China)","0","0","0","0","0","0","0","0","0","0"
"EU2 - Permanent Residence Certificate","Refused","31/07/2026","Tajikistan","0","0","0","0","0","0","0","0","0","0"
"EU2 - Permanent Residence Certificate","Refused","31/07/2026","Tanzania, the United Republic of","0","0","0","0","0","0","0","0","0","0"
"EU2 - Permanent Residence Certificate","Refused","31/07/2026","Thailand","0","0","0","0","0","0","0","0","0","0"
"EU2 - Permanent Residence Certificate","Refused","31/07/2026","Timor-Leste","0","0","0","0","0","0","0","0","0","0"
"EU2 - Permanent Residence Certificate","Refused","31/07/2026","Togo","0","0","0","0","0","0","0","0","0","0"
"EU2 - Permanent Residence Certificate","Refused","31/07/2026","Tokelau","0","0","0","0","0","0","0","0","0","0"
"EU2 - Permanent Residence Certificate","Refused","31/07/2026","Tonga","0","0","0","0","0","0","0","0","0","0"
"EU2 - Permanent Residence Certificate","Refused","31/07/2026","Trinidad and Tobago","0","0","0","0","0","0","0","0","0","0"
"EU2 - Permanent Residence Certificate","Refused","31/07/2026","Tunisia","0","0","0","0","0","0","0","0","0","0"
"EU2 - Permanent Residence Certificate","Refused","31/07/2026","Turkiye","0","0","0","*","0","0","0","0","0","0"
"EU2 - Permanent Residence Certificate","Refused","31/07/2026","Turkmenistan","0","0","0","0","0","0","0","0","0","0"
"EU2 - Permanent Residence Certificate","Refused","31/07/2026","Turks and Caicos Islands (the)","0","0","0","0","0","0","0","0","0","0"
"EU2 - Permanent Residence Certificate","Refused","31/07/2026","Tuvalu","0","0","0","0","0","0","0","0","0","0"
"EU2 - Permanent Residence Certificate","Refused","31/07/2026","Uganda","0","0","0","0","0","0","0","0","0","0"
"EU2 - Permanent Residence Certificate","Refused","31/07/2026","Ukraine","0","0","*","0","0","0","0","0","0","0"
"EU2 - Permanent Residence Certificate","Refused","31/07/2026","United Arab Emirates (the)","0","0","0","0","0","0","0","0","0","0"
"EU2 - Permanent Residence Certificate","Refused","31/07/2026","United States Minor Outlying Islands (the)","0","0","0","0","0","0","0","0","0","0"
"EU2 - Permanent Residence Certificate","Refused","31/07/2026","United States of America (the)","*","0","0","0","0","0","*","0","0","0"
"EU2 - Permanent Residence Certificate","Refused","31/07/2026","Uruguay","0","0","0","0","0","0","0","0","0","0"
"EU2 - Permanent Residence Certificate","Refused","31/07/2026","Uzbekistan","0","0","0","0","0","0","0","0","0","0"
"EU2 - Permanent Residence Certificate","Refused","31/07/2026","Vanuatu","0","0","0","0","0","0","0","0","0","0"
"EU2 - Permanent Residence Certificate","Refused","31/07/2026","Venezuela (Bolivarian Republic of)","0","0","0","0","0","0","0","0","0","0"
"EU2 - Permanent Residence Certificate","Refused","31/07/2026","Viet Nam","0","0","0","0","0","0","0","0","0","0"
"EU2 - Permanent Residence Certificate","Refused","31/07/2026","Virgin Islands (British)","0","0","0","0","0","0","0","0","0","0"
"EU2 - Permanent Residence Certificate","Refused","31/07/2026","Virgin Islands (U.S.)","0","0","0","0","0","0","0","0","0","0"
"EU2 - Permanent Residence Certificate","Refused","31/07/2026","Wallis and Futuna","0","0","0","0","0","0","0","0","0","0"
"EU2 - Permanent Residence Certificate","Refused","31/07/2026","Western Sahara","0","0","0","0","0","0","0","0","0","0"
"EU2 - Permanent Residence Certificate","Refused","31/07/2026","Yemen","0","0","0","0","0","0","0","0","0","0"
"EU2 - Permanent Residence Certificate","Refused","31/07/2026","Zambia","0","0","0","0","0","0","0","0","0","0"
"EU2 - Permanent Residence Certificate","Refused","31/07/2026","Zimbabwe","0","0","0","0","0","0","0","0","0","0"
"EU2 - Permanent Residence Certificate","Refused","31/07/2026","*Other","13","16","9","*","8","14","11","*","*","*"
"EU3 - Permanent Residence Card","Received","31/07/2026","Afghanistan","*","11","30","100","75","7","*","8","10","7"
"EU3 - Permanent Residence Card","Received","31/07/2026","Åland Islands","0","0","0","0","0","0","0","0","0","0"
"EU3 - Permanent Residence Card","Received","31/07/2026","Albania","*","*","*","*","7","14","16","14","6","7"
"EU3 - Permanent Residence Card","Received","31/07/2026","Algeria","*","*","6","7","12","*","14","8","*","*"
"EU3 - Permanent Residence Card","Received","31/07/2026","American Samoa","0","0","0","0","0","0","0","0","0","0"
"EU3 - Permanent Residence Card","Received","31/07/2026","Andorra","0","0","0","0","0","0","*","0","0","0"
"EU3 - Permanent Residence Card","Received","31/07/2026","Angola","0","0","0","*","0","0","0","0","*","0"
"EU3 - Permanent Residence Card","Received","31/07/2026","Anguilla","0","0","0","0","0","0","0","0","0","0"
"EU3 - Permanent Residence Card","Received","31/07/2026","Antarctica","0","0","0","0","0","0","0","0","0","0"
"EU3 - Permanent Residence Card","Received","31/07/2026","Antigua and Barbuda","0","0","0","0","0","*","0","0","0","0"
"EU3 - Permanent Residence Card","Received","31/07/2026","Argentina","6","8","14","8","15","11","28","24","*","15"
"EU3 - Permanent Residence Card","Received","31/07/2026","Armenia","0","*","*","0","0","*","0","*","0","0"
"EU3 - Permanent Residence Card","Received","31/07/2026","Aruba","0","0","0","0","0","0","0","0","0","0"
"EU3 - Permanent Residence Card","Received","31/07/2026","Australia","*","6","*","*","8","7","9","15","*","*"
"EU3 - Permanent Residence Card","Received","31/07/2026","Azerbaijan","0","*","0","*","*","*","0","*","*","0"
"EU3 - Permanent Residence Card","Received","31/07/2026","Bahamas (the)","0","0","0","0","0","0","6","*","0","0"
"EU3 - Permanent Residence Card","Received","31/07/2026","Bahrain","0","0","0","0","0","0","0","0","0","0"
"EU3 - Permanent Residence Card","Received","31/07/2026","Bangladesh","19","21","28","22","20","9","12","23","15","9"
"EU3 - Permanent Residence Card","Received","31/07/2026","Barbados","0","0","0","*","0","6","*","0","0","0"
"EU3 - Permanent Residence Card","Received","31/07/2026","Belarus","*","9","7","7","10","12","9","9","*","*"
"EU3 - Permanent Residence Card","Received","31/07/2026","Belize","0","*","0","0","0","0","*","0","0","0"
"EU3 - Permanent Residence Card","Received","31/07/2026","Benin","0","0","0","0","0","0","0","0","0","0"
"EU3 - Permanent Residence Card","Received","31/07/2026","Bermuda","0","0","0","0","0","0","0","0","0","0"
"EU3 - Permanent Residence Card","Received","31/07/2026","Bhutan","0","0","0","0","0","0","0","0","0","0"
"EU3 - Permanent Residence Card","Received","31/07/2026","Bolivia (Plurinational State of)","0","0","*","0","0","*","*","7","0","*"
"EU3 - Permanent Residence Card","Received","31/07/2026","Bonaire, Sint Eustatius and Saba","0","0","0","0","0","0","0","0","0","0"
"EU3 - Permanent Residence Card","Received","31/07/2026","Bosnia and Herzegovina","*","*","*","*","*","8","14","16","*","0"
"EU3 - Permanent Residence Card","Received","31/07/2026","Botswana","0","*","*","*","*","6","6","*","*","0"
"EU3 - Permanent Residence Card","Received","31/07/2026","Bouvet Island","0","0","0","0","0","0","0","0","0","0"
"EU3 - Permanent Residence Card","Received","31/07/2026","Brazil","69","100","118","163","259","439","658","716","294","305"
"EU3 - Permanent Residence Card","Received","31/07/2026","Brunei Darussalam","0","0","0","0","0","0","0","0","0","0"
"EU3 - Permanent Residence Card","Received","31/07/2026","Burkina Faso","0","0","0","0","0","0","0","0","0","0"
"EU3 - Permanent Residence Card","Received","31/07/2026","Burundi","0","0","0","0","*","0","0","*","0","0"
"EU3 - Permanent Residence Card","Received","31/07/2026","Cabo Verde","0","0","0","*","*","0","0","0","0","0"
"EU3 - Permanent Residence Card","Received","31/07/2026","Cambodia","*","0","0","0","0","*","*","0","0","0"
"EU3 - Permanent Residence Card","Received","31/07/2026","Cameroon","*","6","*","*","*","*","*","*","*","*"
"EU3 - Permanent Residence Card","Received","31/07/2026","Canada","*","*","*","8","8","10","20","9","*","6"
"EU3 - Permanent Residence Card","Received","31/07/2026","Cayman Islands (the)","0","0","0","0","0","0","0","0","0","0"
"EU3 - Permanent Residence Card","Received","31/07/2026","Central African Republic (the)","0","*","0","0","0","0","0","0","0","0"
"EU3 - Permanent Residence Card","Received","31/07/2026","Ceuta","0","0","0","0","0","0","0","0","0","0"
"EU3 - Permanent Residence Card","Received","31/07/2026","Chad","0","0","*","0","0","0","0","0","0","0"
"EU3 - Permanent Residence Card","Received","31/07/2026","Chile","*","*","*","*","*","*","10","11","*","6"
"EU3 - Permanent Residence Card","Received","31/07/2026","China","20","35","28","17","30","29","55","48","34","16"
"EU3 - Permanent Residence Card","Received","31/07/2026","Christmas Island","0","0","0","0","0","0","0","0","0","0"
"EU3 - Permanent Residence Card","Received","31/07/2026","Cocos (Keeling) Islands (the)","0","0","0","0","0","0","0","0","0","0"
"EU3 - Permanent Residence Card","Received","31/07/2026","Colombia","*","10","8","*","7","*","9","11","*","*"
"EU3 - Permanent Residence Card","Received","31/07/2026","Comoros (the)","0","0","0","0","0","0","0","0","0","0"
"EU3 - Permanent Residence Card","Received","31/07/2026","Congo (the Democratic Republic of the)","*","*","*","*","0","0","*","*","0","*"
"EU3 - Permanent Residence Card","Received","31/07/2026","Congo (the)","0","0","0","0","0","*","0","0","0","0"
"EU3 - Permanent Residence Card","Received","31/07/2026","Cook Islands (the)","0","0","0","0","0","0","0","0","0","0"
"EU3 - Permanent Residence Card","Received","31/07/2026","Costa Rica","0","*","*","0","*","*","0","0","*","0"
"EU3 - Permanent Residence Card","Received","31/07/2026","Côte d'Ivoire","*","0","*","0","0","0","*","0","0","0"
"EU3 - Permanent Residence Card","Received","31/07/2026","Cuba","0","*","0","*","*","*","*","*","*","*"
"EU3 - Permanent Residence Card","Received","31/07/2026","Curaçao","0","0","0","0","0","0","0","0","0","0"
"EU3 - Permanent Residence Card","Received","31/07/2026","Djibouti","0","0","0","0","0","0","0","0","0","0"
"EU3 - Permanent Residence Card","Received","31/07/2026","Dominica","0","0","0","0","0","0","0","0","0","0"
"EU3 - Permanent Residence Card","Received","31/07/2026","Dominican Republic (the)","*","*","0","*","0","*","*","0","*","*"
"EU3 - Permanent Residence Card","Received","31/07/2026","Ecuador","0","*","*","*","*","*","*","*","*","0"
"EU3 - Permanent Residence Card","Received","31/07/2026","Egypt","8","9","15","12","12","9","16","8","*","*"
"EU3 - Permanent Residence Card","Received","31/07/2026","El Salvador","0","0","*","0","0","*","*","0","0","0"
"EU3 - Permanent Residence Card","Received","31/07/2026","Equatorial Guinea","0","0","0","0","0","0","0","0","0","0"
"EU3 - Permanent Residence Card","Received","31/07/2026","Eritrea","0","0","0","0","0","0","0","*","0","0"
"EU3 - Permanent Residence Card","Received","31/07/2026","Eswatini","0","0","0","0","0","0","*","0","0","0"
"EU3 - Permanent Residence Card","Received","31/07/2026","Ethiopia","0","0","*","0","0","*","*","*","*","0"
"EU3 - Permanent Residence Card","Received","31/07/2026","Falkland Islands (the) [Malvinas]","0","0","0","0","0","0","0","0","0","0"
"EU3 - Permanent Residence Card","Received","31/07/2026","Faroe Islands (the)","0","0","0","0","0","0","0","0","0","0"
"EU3 - Permanent Residence Card","Received","31/07/2026","Fiji","*","0","0","*","0","0","0","0","*","0"
"EU3 - Permanent Residence Card","Received","31/07/2026","French Guiana","0","0","0","0","0","0","0","0","0","0"
"EU3 - Permanent Residence Card","Received","31/07/2026","French Polynesia","0","0","0","0","0","0","0","0","0","0"
"EU3 - Permanent Residence Card","Received","31/07/2026","Gabon","0","0","0","0","0","0","0","0","0","0"
"EU3 - Permanent Residence Card","Received","31/07/2026","Gambia (the)","0","0","*","0","0","0","0","15","*","*"
"EU3 - Permanent Residence Card","Received","31/07/2026","Georgia","*","12","15","11","11","8","12","7","0","*"
"EU3 - Permanent Residence Card","Received","31/07/2026","Ghana","6","*","16","10","*","11","20","10","*","6"
"EU3 - Permanent Residence Card","Received","31/07/2026","Gibraltar","0","0","0","0","0","0","0","0","0","0"
"EU3 - Permanent Residence Card","Received","31/07/2026","Greenland","0","0","0","0","0","0","0","0","0","0"
"EU3 - Permanent Residence Card","Received","31/07/2026","Grenada","0","0","0","0","0","0","0","0","0","0"
"EU3 - Permanent Residence Card","Received","31/07/2026","Guadeloupe","0","0","0","0","0","0","0","0","0","0"
"EU3 - Permanent Residence Card","Received","31/07/2026","Guam","0","0","0","0","0","0","0","0","0","0"
"EU3 - Permanent Residence Card","Received","31/07/2026","Guatemala","0","0","*","0","*","0","0","0","0","*"
"EU3 - Permanent Residence Card","Received","31/07/2026","Guernsey","0","0","0","0","0","0","0","0","0","0"
"EU3 - Permanent Residence Card","Received","31/07/2026","Guinea","*","0","*","0","*","*","0","0","*","0"
"EU3 - Permanent Residence Card","Received","31/07/2026","Guinea-Bissau","0","0","0","0","0","0","0","0","0","0"
"EU3 - Permanent Residence Card","Received","31/07/2026","Guyana","0","0","0","0","6","0","*","0","0","0"
"EU3 - Permanent Residence Card","Received","31/07/2026","Haiti","0","0","*","0","0","*","0","0","0","0"
"EU3 - Permanent Residence Card","Received","31/07/2026","Heard Island and McDonald Islands","0","0","0","0","0","0","0","0","0","0"
"EU3 - Permanent Residence Card","Received","31/07/2026","Holy See (the)","0","0","0","0","0","0","0","0","0","0"
"EU3 - Permanent Residence Card","Received","31/07/2026","Honduras","*","*","0","0","*","*","*","0","0","*"
"EU3 - Permanent Residence Card","Received","31/07/2026","India","35","45","50","42","51","45","66","66","32","22"
"EU3 - Permanent Residence Card","Received","31/07/2026","Indonesia","*","*","*","8","*","8","*","*","*","*"
"EU3 - Permanent Residence Card","Received","31/07/2026","Iran (Islamic Republic of)","0","0","*","0","*","*","*","*","*","*"
"EU3 - Permanent Residence Card","Received","31/07/2026","Iraq","0","*","*","*","*","8","*","0","0","*"
"EU3 - Permanent Residence Card","Received","31/07/2026","Isle of Man","0","0","0","0","0","0","0","0","0","0"
"EU3 - Permanent Residence Card","Received","31/07/2026","Israel","0","0","*","*","7","*","*","6","*","*"
"EU3 - Permanent Residence Card","Received","31/07/2026","Jamaica","0","0","*","*","*","*","*","*","0","*"
"EU3 - Permanent Residence Card","Received","31/07/2026","Japan","*","*","10","*","10","6","11","19","6","*"
"EU3 - Permanent Residence Card","Received","31/07/2026","Jersey","0","0","0","0","0","0","0","0","0","0"
"EU3 - Permanent Residence Card","Received","31/07/2026","Jordan","0","*","*","*","*","*","*","*","*","*"
"EU3 - Permanent Residence Card","Received","31/07/2026","Kazakhstan","*","*","0","0","*","0","*","*","*","*"
"EU3 - Permanent Residence Card","Received","31/07/2026","Kenya","*","*","0","7","0","*","*","6","*","*"
"EU3 - Permanent Residence Card","Received","31/07/2026","Kiribati","0","0","0","0","0","0","0","0","0","0"
"EU3 - Permanent Residence Card","Received","31/07/2026","Korea (the Democratic People's Republic of) North Korea","0","*","0","0","0","0","0","0","0","0"
"EU3 - Permanent Residence Card","Received","31/07/2026","Korea (the Republic of) South Korea","*","*","*","*","*","12","9","12","6","9"
"EU3 - Permanent Residence Card","Received","31/07/2026","Kosovo","*","*","*","0","*","0","*","*","0","0"
"EU3 - Permanent Residence Card","Received","31/07/2026","Kuwait","0","0","0","0","0","0","0","0","*","0"
"EU3 - Permanent Residence Card","Received","31/07/2026","Kyrgyzstan","*","0","0","0","0","*","0","0","0","0"
"EU3 - Permanent Residence Card","Received","31/07/2026","Lao People's Democratic Republic (the)","0","0","0","0","0","*","0","0","0","0"
"EU3 - Permanent Residence Card","Received","31/07/2026","Lebanon","*","*","*","*","*","0","*","0","*","0"
"EU3 - Permanent Residence Card","Received","31/07/2026","Lesotho","0","0","0","0","0","*","0","0","0","0"
"EU3 - Permanent Residence Card","Received","31/07/2026","Liberia","0","0","0","0","0","0","0","0","0","*"
"EU3 - Permanent Residence Card","Received","31/07/2026","Libya","0","*","*","*","0","*","*","*","0","0"
"EU3 - Permanent Residence Card","Received","31/07/2026","Macao","0","0","0","0","0","0","0","0","0","0"
"EU3 - Permanent Residence Card","Received","31/07/2026","Madagascar","0","0","0","0","0","0","0","0","0","*"
"EU3 - Permanent Residence Card","Received","31/07/2026","Malawi","0","0","*","0","*","*","*","*","*","0"
"EU3 - Permanent Residence Card","Received","31/07/2026","Malaysia","*","*","6","*","7","15","12","17","7","*"
"EU3 - Permanent Residence Card","Received","31/07/2026","Maldives","0","0","0","0","0","0","0","0","0","0"
"EU3 - Permanent Residence Card","Received","31/07/2026","Mali","0","0","0","0","0","0","0","0","0","0"
"EU3 - Permanent Residence Card","Received","31/07/2026","Marshall Islands (the)","0","0","0","0","0","0","0","0","0","0"
"EU3 - Permanent Residence Card","Received","31/07/2026","Martinique","0","0","0","0","0","0","0","0","0","0"
"EU3 - Permanent Residence Card","Received","31/07/2026","Mauritania","0","*","0","0","0","0","0","0","0","0"
"EU3 - Permanent Residence Card","Received","31/07/2026","Mauritius","37","34","32","23","20","10","14","19","*","*"
"EU3 - Permanent Residence Card","Received","31/07/2026","Mayotte","0","0","0","0","0","0","0","0","0","0"
"EU3 - Permanent Residence Card","Received","31/07/2026","Melilla","0","0","0","0","0","0","0","0","0","0"
"EU3 - Permanent Residence Card","Received","31/07/2026","Mexico","6","8","14","18","10","18","29","31","15","21"
"EU3 - Permanent Residence Card","Received","31/07/2026","Micronesia (Federated States of)","0","0","0","0","0","0","0","0","0","0"
"EU3 - Permanent Residence Card","Received","31/07/2026","Moldova (the Republic of)","9","27","26","18","32","32","28","40","16","6"
"EU3 - Permanent Residence Card","Received","31/07/2026","Monaco","0","0","0","0","0","0","0","0","0","0"
"EU3 - Permanent Residence Card","Received","31/07/2026","Mongolia","*","0","*","*","*","0","*","*","0","*"
"EU3 - Permanent Residence Card","Received","31/07/2026","Montenegro","0","0","*","0","0","*","*","*","0","0"
"EU3 - Permanent Residence Card","Received","31/07/2026","Montserrat","0","0","0","0","0","0","0","0","0","0"
"EU3 - Permanent Residence Card","Received","31/07/2026","Morocco","7","10","16","14","*","12","14","9","*","*"
"EU3 - Permanent Residence Card","Received","31/07/2026","Mozambique","0","0","0","0","0","0","0","0","0","0"
"EU3 - Permanent Residence Card","Received","31/07/2026","Myanmar","0","0","0","*","0","0","0","*","0","0"
"EU3 - Permanent Residence Card","Received","31/07/2026","Namibia","0","0","0","0","0","*","*","*","*","0"
"EU3 - Permanent Residence Card","Received","31/07/2026","Nauru","0","0","0","0","0","0","0","0","0","0"
"EU3 - Permanent Residence Card","Received","31/07/2026","Nepal","*","*","*","*","*","*","6","*","0","*"
"EU3 - Permanent Residence Card","Received","31/07/2026","New Caledonia","0","0","0","0","0","0","0","0","0","0"
"EU3 - Permanent Residence Card","Received","31/07/2026","New Zealand","*","*","*","0","*","*","*","*","*","0"
"EU3 - Permanent Residence Card","Received","31/07/2026","Nicaragua","0","0","0","0","0","0","0","*","0","*"
"EU3 - Permanent Residence Card","Received","31/07/2026","Niger (the)","0","0","0","*","0","0","0","0","0","0"
"EU3 - Permanent Residence Card","Received","31/07/2026","Nigeria","26","36","41","57","48","60","60","63","21","25"
"EU3 - Permanent Residence Card","Received","31/07/2026","Niue","0","0","0","0","0","0","0","0","0","0"
"EU3 - Permanent Residence Card","Received","31/07/2026","Norfolk Island","0","0","0","0","0","0","0","0","0","0"
"EU3 - Permanent Residence Card","Received","31/07/2026","North Macedonia","0","*","*","*","*","*","*","*","*","6"
"EU3 - Permanent Residence Card","Received","31/07/2026","Northern Mariana Islands (the)","0","0","0","0","0","0","0","0","0","0"
"EU3 - Permanent Residence Card","Received","31/07/2026","Oman","0","0","0","0","0","0","0","0","0","0"
"EU3 - Permanent Residence Card","Received","31/07/2026","Pakistan","92","91","133","230","232","137","131","161","71","50"
"EU3 - Permanent Residence Card","Received","31/07/2026","Palau","0","0","0","0","0","0","0","0","0","0"
"EU3 - Permanent Residence Card","Received","31/07/2026","Palestine, State of","*","0","0","*","0","0","0","*","0","0"
"EU3 - Permanent Residence Card","Received","31/07/2026","Panama","0","*","0","0","0","0","0","*","*","*"
"EU3 - Permanent Residence Card","Received","31/07/2026","Papua New Guinea","0","0","0","0","0","0","0","0","0","0"
"EU3 - Permanent Residence Card","Received","31/07/2026","Paraguay","0","0","*","*","0","0","0","*","0","0"
"EU3 - Permanent Residence Card","Received","31/07/2026","Peru","0","*","*","*","0","*","*","7","*","*"
"EU3 - Permanent Residence Card","Received","31/07/2026","Philippines (the)","9","10","27","24","19","19","36","37","16","9"
"EU3 - Permanent Residence Card","Received","31/07/2026","Pitcairn","0","0","0","0","0","0","0","0","0","0"
"EU3 - Permanent Residence Card","Received","31/07/2026","Puerto Rico","0","0","0","0","0","0","0","0","0","0"
"EU3 - Permanent Residence Card","Received","31/07/2026","Qatar","0","0","0","0","0","0","0","0","0","0"
"EU3 - Permanent Residence Card","Received","31/07/2026","Réunion","0","0","0","0","0","0","0","0","0","0"
"EU3 - Permanent Residence Card","Received","31/07/2026","Russian Federation (the)","16","29","26","18","34","37","45","30","16","21"
"EU3 - Permanent Residence Card","Received","31/07/2026","Rwanda","0","0","0","0","0","0","0","0","*","*"
"EU3 - Permanent Residence Card","Received","31/07/2026","Saint Barthélemy","0","0","0","0","0","0","0","0","0","0"
"EU3 - Permanent Residence Card","Received","31/07/2026","Saint Helena, Ascension and Tristan da Cunha","0","0","0","0","0","0","0","0","0","0"
"EU3 - Permanent Residence Card","Received","31/07/2026","Saint Kitts and Nevis","0","0","0","0","0","0","0","0","0","0"
"EU3 - Permanent Residence Card","Received","31/07/2026","Saint Lucia","0","0","0","0","0","0","*","0","0","0"
"EU3 - Permanent Residence Card","Received","31/07/2026","Saint Martin (French part)","0","0","0","0","0","0","0","0","0","0"
"EU3 - Permanent Residence Card","Received","31/07/2026","Saint Pierre and Miquelon","0","0","0","0","0","0","0","0","0","0"
"EU3 - Permanent Residence Card","Received","31/07/2026","Saint Vincent and the Grenadines","0","0","0","*","0","0","*","0","0","0"
"EU3 - Permanent Residence Card","Received","31/07/2026","Samoa","0","0","0","0","0","0","*","*","0","0"
"EU3 - Permanent Residence Card","Received","31/07/2026","San Marino","0","0","0","0","0","0","0","0","0","0"
"EU3 - Permanent Residence Card","Received","31/07/2026","Sao Tome and Principe","0","0","0","0","0","0","0","0","0","0"
"EU3 - Permanent Residence Card","Received","31/07/2026","Saudi Arabia","0","0","*","0","*","0","*","0","0","0"
"EU3 - Permanent Residence Card","Received","31/07/2026","Senegal","*","0","*","*","*","0","*","0","*","0"
"EU3 - Permanent Residence Card","Received","31/07/2026","Serbia","0","*","*","14","12","31","21","22","9","7"
"EU3 - Permanent Residence Card","Received","31/07/2026","Seychelles","0","0","0","*","*","0","0","0","0","0"
"EU3 - Permanent Residence Card","Received","31/07/2026","Sierra Leone","0","0","*","*","0","*","0","0","0","0"
"EU3 - Permanent Residence Card","Received","31/07/2026","Singapore","0","*","*","*","0","0","*","*","0","*"
"EU3 - Permanent Residence Card","Received","31/07/2026","Sint Maarten (Dutch part)","0","0","0","0","0","0","0","0","0","0"
"EU3 - Permanent Residence Card","Received","31/07/2026","Solomon Islands","0","0","0","0","0","0","0","0","0","0"
"EU3 - Permanent Residence Card","Received","31/07/2026","Somalia","0","*","0","8","0","0","0","*","0","*"
"EU3 - Permanent Residence Card","Received","31/07/2026","South Africa","23","23","41","63","120","179","281","432","210","182"
"EU3 - Permanent Residence Card","Received","31/07/2026","South Georgia and the South Sandwich Islands","0","0","0","0","0","0","0","0","0","0"
"EU3 - Permanent Residence Card","Received","31/07/2026","South Sudan","0","0","0","0","0","0","*","0","0","0"
"EU3 - Permanent Residence Card","Received","31/07/2026","Sri Lanka","*","0","0","*","*","*","*","*","0","*"
"EU3 - Permanent Residence Card","Received","31/07/2026","Sudan (the)","0","0","*","*","*","*","*","*","*","0"
"EU3 - Permanent Residence Card","Received","31/07/2026","Suriname","0","0","0","0","0","*","0","0","0","0"
"EU3 - Permanent Residence Card","Received","31/07/2026","Svalbard and Jan Mayen","0","0","0","0","0","0","0","0","0","0"
"EU3 - Permanent Residence Card","Received","31/07/2026","Switzerland","0","0","0","0","0","0","0","0","0","0"
"EU3 - Permanent Residence Card","Received","31/07/2026","Syrian Arab Republic (the)","0","*","0","0","0","0","0","0","0","*"
"EU3 - Permanent Residence Card","Received","31/07/2026","Taiwan (Province of China)","0","*","*","*","*","0","7","7","0","*"
"EU3 - Permanent Residence Card","Received","31/07/2026","Tajikistan","0","0","0","0","0","0","0","0","*","0"
"EU3 - Permanent Residence Card","Received","31/07/2026","Tanzania, the United Republic of","*","*","0","0","*","0","*","*","0","0"
"EU3 - Permanent Residence Card","Received","31/07/2026","Thailand","8","6","*","7","16","17","6","7","*","*"
"EU3 - Permanent Residence Card","Received","31/07/2026","Timor-Leste","0","0","0","0","0","0","0","0","0","0"
"EU3 - Permanent Residence Card","Received","31/07/2026","Togo","*","*","*","*","6","0","0","*","0","0"
"EU3 - Permanent Residence Card","Received","31/07/2026","Tokelau","0","0","0","0","0","0","0","0","0","0"
"EU3 - Permanent Residence Card","Received","31/07/2026","Tonga","0","0","0","0","0","0","*","0","0","0"
"EU3 - Permanent Residence Card","Received","31/07/2026","Trinidad and Tobago","0","0","0","*","*","*","0","*","0","0"
"EU3 - Permanent Residence Card","Received","31/07/2026","Tunisia","0","*","6","*","*","*","9","6","*","*"
"EU3 - Permanent Residence Card","Received","31/07/2026","Turkiye","9","*","9","13","9","15","22","16","9","12"
"EU3 - Permanent Residence Card","Received","31/07/2026","Turkmenistan","0","0","0","0","0","0","0","0","0","0"
"EU3 - Permanent Residence Card","Received","31/07/2026","Turks and Caicos Islands (the)","0","0","0","0","0","0","0","0","0","0"
"EU3 - Permanent Residence Card","Received","31/07/2026","Tuvalu","0","0","0","0","0","0","0","0","0","0"
"EU3 - Permanent Residence Card","Received","31/07/2026","Uganda","*","*","0","*","*","*","*","*","0","*"
"EU3 - Permanent Residence Card","Received","31/07/2026","Ukraine","14","27","38","21","43","38","35","41","23","18"
"EU3 - Permanent Residence Card","Received","31/07/2026","United Arab Emirates (the)","0","*","0","0","0","0","0","0","0","0"
"EU3 - Permanent Residence Card","Received","31/07/2026","United States Minor Outlying Islands (the)","0","0","0","0","0","0","0","0","0","0"
"EU3 - Permanent Residence Card","Received","31/07/2026","United States of America (the)","13","22","28","35","24","39","50","58","35","25"
"EU3 - Permanent Residence Card","Received","31/07/2026","Uruguay","0","0","*","0","*","*","*","*","*","*"
"EU3 - Permanent Residence Card","Received","31/07/2026","Uzbekistan","0","0","0","0","0","0","0","*","*","0"
"EU3 - Permanent Residence Card","Received","31/07/2026","Vanuatu","0","0","0","0","0","0","0","0","0","0"
"EU3 - Permanent Residence Card","Received","31/07/2026","Venezuela (Bolivarian Republic of)","*","9","24","33","48","59","44","47","11","*"
"EU3 - Permanent Residence Card","Received","31/07/2026","Viet Nam","0","*","0","0","*","*","*","*","*","*"
"EU3 - Permanent Residence Card","Received","31/07/2026","Virgin Islands (British)","0","0","0","0","0","0","0","0","0","0"
"EU3 - Permanent Residence Card","Received","31/07/2026","Virgin Islands (U.S.)","0","0","0","0","0","0","0","0","0","0"
"EU3 - Permanent Residence Card","Received","31/07/2026","Wallis and Futuna","0","0","0","0","0","0","0","0","0","0"
"EU3 - Permanent Residence Card","Received","31/07/2026","Western Sahara","0","0","0","0","0","0","0","0","0","0"
"EU3 - Permanent Residence Card","Received","31/07/2026","Yemen","0","0","0","0","0","0","0","0","0","*"
"EU3 - Permanent Residence Card","Received","31/07/2026","Zambia","0","*","0","0","0","*","*","*","*","0"
"EU3 - Permanent Residence Card","Received","31/07/2026","Zimbabwe","*","*","0","*","*","6","*","6","*","*"
"EU3 - Permanent Residence Card","Received","31/07/2026","*Other","16","17","13","8","18","22","23","17","*","7"
"EU3 - Permanent Residence Card","Granted","31/07/2026","Afghanistan","*","*","8","18","56","97","11","7","*","6"
"EU3 - Permanent Residence Card","Granted","31/07/2026","Åland Islands","0","0","0","0","0","0","0","0","0","0"
"EU3 - Permanent Residence Card","Granted","31/07/2026","Albania","*","*","*","0","*","11","18","11","*","*"
"EU3 - Permanent Residence Card","Granted","31/07/2026","Algeria","*","*","*","*","6","10","10","*","9","*"
"EU3 - Permanent Residence Card","Granted","31/07/2026","American Samoa","0","0","0","0","0","0","0","0","0","0"
"EU3 - Permanent Residence Card","Granted","31/07/2026","Andorra","0","0","0","0","0","0","*","0","0","0"
"EU3 - Permanent Residence Card","Granted","31/07/2026","Angola","0","0","0","0","0","*","0","0","*","0"
"EU3 - Permanent Residence Card","Granted","31/07/2026","Anguilla","0","0","0","0","0","0","0","0","0","0"
"EU3 - Permanent Residence Card","Granted","31/07/2026","Antarctica","0","0","0","0","0","0","0","0","0","0"
"EU3 - Permanent Residence Card","Granted","31/07/2026","Antigua and Barbuda","0","0","0","0","0","*","0","0","0","0"
"EU3 - Permanent Residence Card","Granted","31/07/2026","Argentina","*","*","10","*","15","20","24","23","*","*"
"EU3 - Permanent Residence Card","Granted","31/07/2026","Armenia","0","*","*","0","0","0","0","*","0","0"
"EU3 - Permanent Residence Card","Granted","31/07/2026","Aruba","0","0","0","0","0","0","0","0","0","0"
"EU3 - Permanent Residence Card","Granted","31/07/2026","Australia","*","*","*","*","*","8","7","11","8","*"
"EU3 - Permanent Residence Card","Granted","31/07/2026","Azerbaijan","0","0","0","*","0","*","0","*","0","0"
"EU3 - Permanent Residence Card","Granted","31/07/2026","Bahamas (the)","0","0","0","0","0","0","6","*","0","0"
"EU3 - Permanent Residence Card","Granted","31/07/2026","Bahrain","0","0","0","0","0","0","0","0","0","0"
"EU3 - Permanent Residence Card","Granted","31/07/2026","Bangladesh","15","6","11","6","15","26","*","9","14","*"
"EU3 - Permanent Residence Card","Granted","31/07/2026","Barbados","0","0","0","0","0","*","*","0","0","0"
"EU3 - Permanent Residence Card","Granted","31/07/2026","Belarus","*","*","9","*","8","16","8","13","*","*"
"EU3 - Permanent Residence Card","Granted","31/07/2026","Belize","0","*","0","0","0","0","0","*","0","0"
"EU3 - Permanent Residence Card","Granted","31/07/2026","Benin","0","0","0","0","0","0","0","0","0","0"
"EU3 - Permanent Residence Card","Granted","31/07/2026","Bermuda","0","0","0","0","0","0","0","0","0","0"
"EU3 - Permanent Residence Card","Granted","31/07/2026","Bhutan","0","0","0","0","0","0","0","0","0","0"
"EU3 - Permanent Residence Card","Granted","31/07/2026","Bolivia (Plurinational State of)","0","0","0","*","0","*","*","7","0","*"
"EU3 - Permanent Residence Card","Granted","31/07/2026","Bonaire, Sint Eustatius and Saba","0","0","0","0","0","0","0","0","0","0"
"EU3 - Permanent Residence Card","Granted","31/07/2026","Bosnia and Herzegovina","*","0","*","0","*","8","12","16","*","*"
"EU3 - Permanent Residence Card","Granted","31/07/2026","Botswana","0","0","*","0","*","9","*","0","*","0"
"EU3 - Permanent Residence Card","Granted","31/07/2026","Bouvet Island","0","0","0","0","0","0","0","0","0","0"
"EU3 - Permanent Residence Card","Granted","31/07/2026","Brazil","40","57","73","34","159","500","545","682","275","127"
"EU3 - Permanent Residence Card","Granted","31/07/2026","Brunei Darussalam","0","0","0","0","0","0","0","0","0","0"
"EU3 - Permanent Residence Card","Granted","31/07/2026","Burkina Faso","0","0","0","0","0","0","0","0","0","0"
"EU3 - Permanent Residence Card","Granted","31/07/2026","Burundi","0","0","0","0","0","0","0","0","0","0"
"EU3 - Permanent Residence Card","Granted","31/07/2026","Cabo Verde","0","0","0","0","0","*","0","0","0","0"
"EU3 - Permanent Residence Card","Granted","31/07/2026","Cambodia","*","0","0","0","0","*","*","0","0","0"
"EU3 - Permanent Residence Card","Granted","31/07/2026","Cameroon","*","*","*","0","*","*","0","*","0","0"
"EU3 - Permanent Residence Card","Granted","31/07/2026","Canada","*","*","*","0","*","17","16","10","*","*"
"EU3 - Permanent Residence Card","Granted","31/07/2026","Cayman Islands (the)","0","0","0","0","0","0","0","0","0","0"
"EU3 - Permanent Residence Card","Granted","31/07/2026","Central African Republic (the)","0","0","0","0","0","0","0","0","0","0"
"EU3 - Permanent Residence Card","Granted","31/07/2026","Ceuta","0","0","0","0","0","0","0","0","0","0"
"EU3 - Permanent Residence Card","Granted","31/07/2026","Chad","0","0","0","0","0","0","0","0","0","0"
"EU3 - Permanent Residence Card","Granted","31/07/2026","Chile","*","0","*","*","*","*","7","9","*","*"
"EU3 - Permanent Residence Card","Granted","31/07/2026","China","23","18","24","6","24","49","48","47","36","*"
"EU3 - Permanent Residence Card","Granted","31/07/2026","Christmas Island","0","0","0","0","0","0","0","0","0","0"
"EU3 - Permanent Residence Card","Granted","31/07/2026","Cocos (Keeling) Islands (the)","0","0","0","0","0","0","0","0","0","0"
"EU3 - Permanent Residence Card","Granted","31/07/2026","Colombia","*","*","7","*","7","7","8","9","6","*"
"EU3 - Permanent Residence Card","Granted","31/07/2026","Comoros (the)","0","0","0","0","0","0","0","0","0","0"
"EU3 - Permanent Residence Card","Granted","31/07/2026","Congo (the Democratic Republic of the)","0","*","0","*","*","*","*","*","0","0"
"EU3 - Permanent Residence Card","Granted","31/07/2026","Congo (the)","0","0","0","0","0","*","0","0","0","0"
"EU3 - Permanent Residence Card","Granted","31/07/2026","Cook Islands (the)","0","0","0","0","0","0","0","0","0","0"
"EU3 - Permanent Residence Card","Granted","31/07/2026","Costa Rica","0","0","*","0","0","*","0","0","*","0"
"EU3 - Permanent Residence Card","Granted","31/07/2026","Côte d'Ivoire","*","0","0","0","*","0","*","*","0","0"
"EU3 - Permanent Residence Card","Granted","31/07/2026","Cuba","0","*","0","0","*","*","*","*","*","0"
"EU3 - Permanent Residence Card","Granted","31/07/2026","Curaçao","0","0","0","0","0","0","0","0","0","0"
"EU3 - Permanent Residence Card","Granted","31/07/2026","Djibouti","0","0","0","0","0","0","0","0","0","0"
"EU3 - Permanent Residence Card","Granted","31/07/2026","Dominica","0","0","0","0","0","0","0","0","0","0"
"EU3 - Permanent Residence Card","Granted","31/07/2026","Dominican Republic (the)","*","*","0","0","0","*","*","*","*","0"
"EU3 - Permanent Residence Card","Granted","31/07/2026","Ecuador","*","0","*","*","*","*","*","*","0","*"
"EU3 - Permanent Residence Card","Granted","31/07/2026","Egypt","*","*","7","*","12","15","13","6","*","0"
"EU3 - Permanent Residence Card","Granted","31/07/2026","El Salvador","*","0","*","0","*","*","*","*","0","0"
"EU3 - Permanent Residence Card","Granted","31/07/2026","Equatorial Guinea","0","0","0","0","0","0","0","0","0","0"
"EU3 - Permanent Residence Card","Granted","31/07/2026","Eritrea","0","0","0","0","0","0","0","0","*","0"
"EU3 - Permanent Residence Card","Granted","31/07/2026","Eswatini","0","0","0","0","0","0","0","*","0","0"
"EU3 - Permanent Residence Card","Granted","31/07/2026","Ethiopia","0","0","0","*","*","*","*","*","*","0"
"EU3 - Permanent Residence Card","Granted","31/07/2026","Falkland Islands (the) [Malvinas]","0","0","0","0","0","0","0","0","0","0"
"EU3 - Permanent Residence Card","Granted","31/07/2026","Faroe Islands (the)","0","0","0","0","0","0","0","0","0","0"
"EU3 - Permanent Residence Card","Granted","31/07/2026","Fiji","*","0","0","0","0","*","0","0","0","0"
"EU3 - Permanent Residence Card","Granted","31/07/2026","French Guiana","0","0","0","0","0","0","0","0","0","0"
"EU3 - Permanent Residence Card","Granted","31/07/2026","French Polynesia","0","0","0","0","0","0","0","0","0","0"
"EU3 - Permanent Residence Card","Granted","31/07/2026","Gabon","0","0","0","0","0","0","0","0","0","0"
"EU3 - Permanent Residence Card","Granted","31/07/2026","Gambia (the)","0","0","0","0","*","0","0","9","*","0"
"EU3 - Permanent Residence Card","Granted","31/07/2026","Georgia","*","7","6","*","13","12","10","7","0","0"
"EU3 - Permanent Residence Card","Granted","31/07/2026","Ghana","*","*","*","0","15","9","21","8","*","*"
"EU3 - Permanent Residence Card","Granted","31/07/2026","Gibraltar","0","0","0","0","0","0","0","0","0","0"
"EU3 - Permanent Residence Card","Granted","31/07/2026","Greenland","0","0","0","0","0","0","0","0","0","0"
"EU3 - Permanent Residence Card","Granted","31/07/2026","Grenada","0","0","0","0","0","0","0","0","0","0"
"EU3 - Permanent Residence Card","Granted","31/07/2026","Guadeloupe","0","0","0","0","0","0","0","0","0","0"
"EU3 - Permanent Residence Card","Granted","31/07/2026","Guam","0","0","0","0","0","0","0","0","0","0"
"EU3 - Permanent Residence Card","Granted","31/07/2026","Guatemala","0","0","*","0","0","*","0","0","0","0"
"EU3 - Permanent Residence Card","Granted","31/07/2026","Guernsey","0","0","0","0","0","0","0","0","0","0"
"EU3 - Permanent Residence Card","Granted","31/07/2026","Guinea","0","*","0","0","0","*","*","0","*","0"
"EU3 - Permanent Residence Card","Granted","31/07/2026","Guinea-Bissau","0","0","0","0","0","0","0","0","0","0"
"EU3 - Permanent Residence Card","Granted","31/07/2026","Guyana","0","0","0","0","*","0","*","0","0","0"
"EU3 - Permanent Residence Card","Granted","31/07/2026","Haiti","0","0","0","0","*","*","0","0","0","0"
"EU3 - Permanent Residence Card","Granted","31/07/2026","Heard Island and McDonald Islands","0","0","0","0","0","0","0","0","0","0"
"EU3 - Permanent Residence Card","Granted","31/07/2026","Holy See (the)","0","0","0","0","0","0","0","0","0","0"
"EU3 - Permanent Residence Card","Granted","31/07/2026","Honduras","*","0","*","0","0","*","*","0","0","*"
"EU3 - Permanent Residence Card","Granted","31/07/2026","India","22","28","28","12","31","63","58","51","39","15"
"EU3 - Permanent Residence Card","Granted","31/07/2026","Indonesia","*","*","*","*","*","9","*","*","*","*"
"EU3 - Permanent Residence Card","Granted","31/07/2026","Iran (Islamic Republic of)","0","0","*","*","*","8","0","*","*","0"
"EU3 - Permanent Residence Card","Granted","31/07/2026","Iraq","0","*","*","0","0","6","*","*","0","0"
"EU3 - Permanent Residence Card","Granted","31/07/2026","Isle of Man","0","0","0","0","0","0","0","0","0","0"
"EU3 - Permanent Residence Card","Granted","31/07/2026","Israel","0","0","0","0","6","6","*","*","*","0"
"EU3 - Permanent Residence Card","Granted","31/07/2026","Jamaica","0","0","0","0","0","*","*","*","0","0"
"EU3 - Permanent Residence Card","Granted","31/07/2026","Japan","*","*","7","*","8","9","13","13","6","*"
"EU3 - Permanent Residence Card","Granted","31/07/2026","Jersey","0","0","0","0","0","0","0","0","0","0"
"EU3 - Permanent Residence Card","Granted","31/07/2026","Jordan","0","0","*","*","*","*","*","*","*","*"
"EU3 - Permanent Residence Card","Granted","31/07/2026","Kazakhstan","*","*","0","0","0","*","*","*","*","0"
"EU3 - Permanent Residence Card","Granted","31/07/2026","Kenya","*","*","0","0","0","8","*","6","0","*"
"EU3 - Permanent Residence Card","Granted","31/07/2026","Kiribati","0","0","0","0","0","0","0","0","0","0"
"EU3 - Permanent Residence Card","Granted","31/07/2026","Korea (the Democratic People's Republic of) North Korea","0","*","0","0","0","0","0","0","0","0"
"EU3 - Permanent Residence Card","Granted","31/07/2026","Korea (the Republic of) South Korea","*","*","*","0","*","13","10","9","7","7"
"EU3 - Permanent Residence Card","Granted","31/07/2026","Kosovo","*","*","0","*","*","0","*","*","0","0"
"EU3 - Permanent Residence Card","Granted","31/07/2026","Kuwait","0","0","0","0","0","0","0","0","*","0"
"EU3 - Permanent Residence Card","Granted","31/07/2026","Kyrgyzstan","0","*","0","0","0","*","0","0","0","0"
"EU3 - Permanent Residence Card","Granted","31/07/2026","Lao People's Democratic Republic (the)","0","0","0","0","0","*","0","0","0","0"
"EU3 - Permanent Residence Card","Granted","31/07/2026","Lebanon","*","*","*","0","0","*","*","0","*","0"
"EU3 - Permanent Residence Card","Granted","31/07/2026","Lesotho","0","0","0","0","0","*","0","0","0","0"
"EU3 - Permanent Residence Card","Granted","31/07/2026","Liberia","0","0","0","0","0","0","0","0","0","0"
"EU3 - Permanent Residence Card","Granted","31/07/2026","Libya","0","0","*","*","0","*","*","*","0","0"
"EU3 - Permanent Residence Card","Granted","31/07/2026","Macao","0","0","0","0","0","0","0","0","0","0"
"EU3 - Permanent Residence Card","Granted","31/07/2026","Madagascar","0","0","0","0","0","0","0","0","0","0"
"EU3 - Permanent Residence Card","Granted","31/07/2026","Malawi","0","0","*","0","*","*","*","0","*","0"
"EU3 - Permanent Residence Card","Granted","31/07/2026","Malaysia","*","*","*","*","*","17","13","8","7","*"
"EU3 - Permanent Residence Card","Granted","31/07/2026","Maldives","0","0","0","0","0","0","0","0","0","0"
"EU3 - Permanent Residence Card","Granted","31/07/2026","Mali","0","0","0","0","0","0","0","0","0","0"
"EU3 - Permanent Residence Card","Granted","31/07/2026","Marshall Islands (the)","0","0","0","0","0","0","0","0","0","0"
"EU3 - Permanent Residence Card","Granted","31/07/2026","Martinique","0","0","0","0","0","0","0","0","0","0"
"EU3 - Permanent Residence Card","Granted","31/07/2026","Mauritania","0","0","*","0","0","0","0","0","0","0"
"EU3 - Permanent Residence Card","Granted","31/07/2026","Mauritius","23","21","25","8","22","21","11","13","7","*"
"EU3 - Permanent Residence Card","Granted","31/07/2026","Mayotte","0","0","0","0","0","0","0","0","0","0"
"EU3 - Permanent Residence Card","Granted","31/07/2026","Melilla","0","0","0","0","0","0","0","0","0","0"
"EU3 - Permanent Residence Card","Granted","31/07/2026","Mexico","*","8","6","*","22","23","20","34","15","11"
"EU3 - Permanent Residence Card","Granted","31/07/2026","Micronesia (Federated States of)","0","0","0","0","0","0","0","0","0","0"
"EU3 - Permanent Residence Card","Granted","31/07/2026","Moldova (the Republic of)","7","15","16","*","15","48","33","31","15","*"
"EU3 - Permanent Residence Card","Granted","31/07/2026","Monaco","0","0","0","0","0","0","0","0","0","0"
"EU3 - Permanent Residence Card","Granted","31/07/2026","Mongolia","*","0","0","0","*","*","0","*","0","*"
"EU3 - Permanent Residence Card","Granted","31/07/2026","Montenegro","0","0","0","0","*","*","*","0","0","0"
"EU3 - Permanent Residence Card","Granted","31/07/2026","Montserrat","0","0","0","0","0","0","0","0","0","0"
"EU3 - Permanent Residence Card","Granted","31/07/2026","Morocco","0","8","7","7","13","12","16","*","6","*"
"EU3 - Permanent Residence Card","Granted","31/07/2026","Mozambique","0","0","0","0","0","0","0","0","0","0"
"EU3 - Permanent Residence Card","Granted","31/07/2026","Myanmar","0","0","0","0","*","0","0","0","*","0"
"EU3 - Permanent Residence Card","Granted","31/07/2026","Namibia","0","0","0","0","0","0","*","*","*","0"
"EU3 - Permanent Residence Card","Granted","31/07/2026","Nauru","0","0","0","0","0","0","0","0","0","0"
"EU3 - Permanent Residence Card","Granted","31/07/2026","Nepal","0","0","*","0","*","6","*","0","*","0"
"EU3 - Permanent Residence Card","Granted","31/07/2026","New Caledonia","0","0","0","0","0","0","0","0","0","0"
"EU3 - Permanent Residence Card","Granted","31/07/2026","New Zealand","*","*","*","0","*","*","*","*","*","0"
"EU3 - Permanent Residence Card","Granted","31/07/2026","Nicaragua","0","0","0","0","0","0","0","0","0","0"
"EU3 - Permanent Residence Card","Granted","31/07/2026","Niger (the)","0","0","0","0","0","0","0","0","0","0"
"EU3 - Permanent Residence Card","Granted","31/07/2026","Nigeria","10","20","20","6","28","85","59","48","18","7"
"EU3 - Permanent Residence Card","Granted","31/07/2026","Niue","0","0","0","0","0","0","0","0","0","0"
"EU3 - Permanent Residence Card","Granted","31/07/2026","Norfolk Island","0","0","0","0","0","0","0","0","0","0"
"EU3 - Permanent Residence Card","Granted","31/07/2026","North Macedonia","0","0","*","0","*","6","*","*","*","*"
"EU3 - Permanent Residence Card","Granted","31/07/2026","Northern Mariana Islands (the)","0","0","0","0","0","0","0","0","0","0"
"EU3 - Permanent Residence Card","Granted","31/07/2026","Oman","0","0","0","0","0","0","0","0","0","0"
"EU3 - Permanent Residence Card","Granted","31/07/2026","Pakistan","49","55","55","15","156","298","131","118","78","20"
"EU3 - Permanent Residence Card","Granted","31/07/2026","Palau","0","0","0","0","0","0","0","0","0","0"
"EU3 - Permanent Residence Card","Granted","31/07/2026","Palestine, State of","*","*","0","0","*","0","0","*","0","0"
"EU3 - Permanent Residence Card","Granted","31/07/2026","Panama","0","0","*","0","0","0","0","*","0","0"
"EU3 - Permanent Residence Card","Granted","31/07/2026","Papua New Guinea","0","0","0","0","0","0","0","0","0","0"
"EU3 - Permanent Residence Card","Granted","31/07/2026","Paraguay","0","0","0","0","*","*","0","*","0","0"
"EU3 - Permanent Residence Card","Granted","31/07/2026","Peru","0","0","*","*","*","*","*","*","*","*"
"EU3 - Permanent Residence Card","Granted","31/07/2026","Philippines (the)","*","7","16","7","26","30","31","36","11","*"
"EU3 - Permanent Residence Card","Granted","31/07/2026","Pitcairn","0","0","0","0","0","0","0","0","0","0"
"EU3 - Permanent Residence Card","Granted","31/07/2026","Puerto Rico","0","0","0","0","0","0","0","0","0","0"
"EU3 - Permanent Residence Card","Granted","31/07/2026","Qatar","0","0","0","0","0","0","0","0","0","0"
"EU3 - Permanent Residence Card","Granted","31/07/2026","Réunion","0","0","0","0","0","0","0","0","0","0"
"EU3 - Permanent Residence Card","Granted","31/07/2026","Russian Federation (the)","12","22","19","10","17","57","41","31","15","*"
"EU3 - Permanent Residence Card","Granted","31/07/2026","Rwanda","0","0","0","0","0","0","0","0","*","*"
"EU3 - Permanent Residence Card","Granted","31/07/2026","Saint Barthélemy","0","0","0","0","0","0","0","0","0","0"
"EU3 - Permanent Residence Card","Granted","31/07/2026","Saint Helena, Ascension and Tristan da Cunha","0","0","0","0","0","0","0","0","0","0"
"EU3 - Permanent Residence Card","Granted","31/07/2026","Saint Kitts and Nevis","0","0","0","0","0","0","0","0","0","0"
"EU3 - Permanent Residence Card","Granted","31/07/2026","Saint Lucia","0","0","0","0","0","0","*","0","0","0"
"EU3 - Permanent Residence Card","Granted","31/07/2026","Saint Martin (French part)","0","0","0","0","0","0","0","0","0","0"
"EU3 - Permanent Residence Card","Granted","31/07/2026","Saint Pierre and Miquelon","0","0","0","0","0","0","0","0","0","0"
"EU3 - Permanent Residence Card","Granted","31/07/2026","Saint Vincent and the Grenadines","0","0","0","0","*","0","*","0","0","0"
"EU3 - Permanent Residence Card","Granted","31/07/2026","Samoa","0","0","0","0","0","0","*","0","*","0"
"EU3 - Permanent Residence Card","Granted","31/07/2026","San Marino","0","0","0","0","0","0","0","0","0","0"
"EU3 - Permanent Residence Card","Granted","31/07/2026","Sao Tome and Principe","0","0","0","0","0","0","0","0","0","0"
"EU3 - Permanent Residence Card","Granted","31/07/2026","Saudi Arabia","0","0","0","*","0","*","*","*","0","0"
"EU3 - Permanent Residence Card","Granted","31/07/2026","Senegal","*","0","*","0","*","*","0","*","0","*"
"EU3 - Permanent Residence Card","Granted","31/07/2026","Serbia","*","0","6","*","7","32","27","20","11","*"
"EU3 - Permanent Residence Card","Granted","31/07/2026","Seychelles","0","0","0","0","0","*","0","0","0","0"
"EU3 - Permanent Residence Card","Granted","31/07/2026","Sierra Leone","0","0","0","0","*","*","0","0","0","0"
"EU3 - Permanent Residence Card","Granted","31/07/2026","Singapore","*","0","*","*","0","*","*","*","0","0"
"EU3 - Permanent Residence Card","Granted","31/07/2026","Sint Maarten (Dutch part)","0","0","0","0","0","0","0","0","0","0"
"EU3 - Permanent Residence Card","Granted","31/07/2026","Solomon Islands","0","0","0","0","0","0","0","0","0","0"
"EU3 - Permanent Residence Card","Granted","31/07/2026","Somalia","0","0","0","0","0","*","*","0","*","0"
"EU3 - Permanent Residence Card","Granted","31/07/2026","South Africa","13","21","21","9","72","194","234","410","203","117"
"EU3 - Permanent Residence Card","Granted","31/07/2026","South Georgia and the South Sandwich Islands","0","0","0","0","0","0","0","0","0","0"
"EU3 - Permanent Residence Card","Granted","31/07/2026","South Sudan","0","0","0","0","0","0","0","*","0","0"
"EU3 - Permanent Residence Card","Granted","31/07/2026","Sri Lanka","0","0","0","0","*","*","0","*","*","*"
"EU3 - Permanent Residence Card","Granted","31/07/2026","Sudan (the)","0","0","0","*","*","*","*","*","*","0"
"EU3 - Permanent Residence Card","Granted","31/07/2026","Suriname","0","0","0","0","0","0","0","*","0","0"
"EU3 - Permanent Residence Card","Granted","31/07/2026","Svalbard and Jan Mayen","0","0","0","0","0","0","0","0","0","0"
"EU3 - Permanent Residence Card","Granted","31/07/2026","Switzerland","0","0","0","0","0","0","0","0","0","0"
"EU3 - Permanent Residence Card","Granted","31/07/2026","Syrian Arab Republic (the)","0","0","0","0","0","0","0","0","0","0"
"EU3 - Permanent Residence Card","Granted","31/07/2026","Taiwan (Province of China)","*","*","0","0","0","*","*","8","0","0"
"EU3 - Permanent Residence Card","Granted","31/07/2026","Tajikistan","0","0","0","0","0","0","0","0","*","0"
"EU3 - Permanent Residence Card","Granted","31/07/2026","Tanzania, the United Republic of","0","*","0","0","0","*","0","*","*","0"
"EU3 - Permanent Residence Card","Granted","31/07/2026","Thailand","6","*","*","*","6","23","7","7","*","*"
"EU3 - Permanent Residence Card","Granted","31/07/2026","Timor-Leste","0","0","0","0","0","0","0","0","0","0"
"EU3 - Permanent Residence Card","Granted","31/07/2026","Togo","0","*","0","*","*","*","0","*","0","0"
"EU3 - Permanent Residence Card","Granted","31/07/2026","Tokelau","0","0","0","0","0","0","0","0","0","0"
"EU3 - Permanent Residence Card","Granted","31/07/2026","Tonga","0","0","0","0","0","0","*","0","0","0"
"EU3 - Permanent Residence Card","Granted","31/07/2026","Trinidad and Tobago","0","0","0","0","*","*","0","*","*","0"
"EU3 - Permanent Residence Card","Granted","31/07/2026","Tunisia","0","*","*","0","6","6","6","*","*","0"
"EU3 - Permanent Residence Card","Granted","31/07/2026","Turkiye","9","*","*","*","7","22","19","20","9","9"
"EU3 - Permanent Residence Card","Granted","31/07/2026","Turkmenistan","0","0","0","0","0","0","0","0","0","0"
"EU3 - Permanent Residence Card","Granted","31/07/2026","Turks and Caicos Islands (the)","0","0","0","0","0","0","0","0","0","0"
"EU3 - Permanent Residence Card","Granted","31/07/2026","Tuvalu","0","0","0","0","0","0","0","0","0","0"
"EU3 - Permanent Residence Card","Granted","31/07/2026","Uganda","*","*","*","0","0","*","*","0","0","0"
"EU3 - Permanent Residence Card","Granted","31/07/2026","Ukraine","12","18","21","*","33","63","30","42","24","6"
"EU3 - Permanent Residence Card","Granted","31/07/2026","United Arab Emirates (the)","0","0","*","0","0","0","0","0","0","0"
"EU3 - Permanent Residence Card","Granted","31/07/2026","United States Minor Outlying Islands (the)","0","0","0","0","0","0","0","0","0","0"
"EU3 - Permanent Residence Card","Granted","31/07/2026","United States of America (the)","14","13","25","8","27","54","38","53","36","14"
"EU3 - Permanent Residence Card","Granted","31/07/2026","Uruguay","0","0","0","*","0","*","*","*","*","0"
"EU3 - Permanent Residence Card","Granted","31/07/2026","Uzbekistan","*","0","0","0","0","0","0","0","0","0"
"EU3 - Permanent Residence Card","Granted","31/07/2026","Vanuatu","0","0","0","0","0","0","0","0","0","0"
"EU3 - Permanent Residence Card","Granted","31/07/2026","Venezuela (Bolivarian Republic of)","*","*","14","*","32","83","49","48","15","*"
"EU3 - Permanent Residence Card","Granted","31/07/2026","Viet Nam","0","0","*","0","0","*","*","*","*","*"
"EU3 - Permanent Residence Card","Granted","31/07/2026","Virgin Islands (British)","0","0","0","0","0","0","0","0","0","0"
"EU3 - Permanent Residence Card","Granted","31/07/2026","Virgin Islands (U.S.)","0","0","0","0","0","0","0","0","0","0"
"EU3 - Permanent Residence Card","Granted","31/07/2026","Wallis and Futuna","0","0","0","0","0","0","0","0","0","0"
"EU3 - Permanent Residence Card","Granted","31/07/2026","Western Sahara","0","0","0","0","0","0","0","0","0","0"
"EU3 - Permanent Residence Card","Granted","31/07/2026","Yemen","0","0","0","0","0","0","0","0","0","0"
"EU3 - Permanent Residence Card","Granted","31/07/2026","Zambia","*","*","0","0","0","*","*","*","*","*"
"EU3 - Permanent Residence Card","Granted","31/07/2026","Zimbabwe","0","*","0","0","*","*","*","*","*","0"
"EU3 - Permanent Residence Card","Granted","31/07/2026","*Other","10","14","10","*","*","23","17","11","6","0"
"EU3 - Permanent Residence Card","Refused","31/07/2026","Afghanistan","*","0","*","*","0","9","19","0","*","0"
"EU3 - Permanent Residence Card","Refused","31/07/2026","Åland Islands","0","0","0","0","0","0","0","0","0","0"
"EU3 - Permanent Residence Card","Refused","31/07/2026","Albania","*","*","0","*","0","*","*","0","*","*"
"EU3 - Permanent Residence Card","Refused","31/07/2026","Algeria","0","*","0","*","0","*","0","*","*","*"
"EU3 - Permanent Residence Card","Refused","31/07/2026","American Samoa","0","0","0","0","0","0","0","0","0","0"
"EU3 - Permanent Residence Card","Refused","31/07/2026","Andorra","0","0","0","0","0","0","0","0","0","0"
"EU3 - Permanent Residence Card","Refused","31/07/2026","Angola","0","0","0","0","0","0","0","0","*","0"
"EU3 - Permanent Residence Card","Refused","31/07/2026","Anguilla","0","0","0","0","0","0","0","0","0","0"
"EU3 - Permanent Residence Card","Refused","31/07/2026","Antarctica","0","0","0","0","0","0","0","0","0","0"
"EU3 - Permanent Residence Card","Refused","31/07/2026","Antigua and Barbuda","0","0","0","0","0","0","0","0","0","0"
"EU3 - Permanent Residence Card","Refused","31/07/2026","Argentina","*","*","0","0","0","*","0","*","8","0"
"EU3 - Permanent Residence Card","Refused","31/07/2026","Armenia","0","0","0","0","0","0","*","0","0","0"
"EU3 - Permanent Residence Card","Refused","31/07/2026","Aruba","0","0","0","0","0","0","0","0","0","0"
"EU3 - Permanent Residence Card","Refused","31/07/2026","Australia","0","0","0","0","*","0","*","0","*","*"
"EU3 - Permanent Residence Card","Refused","31/07/2026","Azerbaijan","0","0","0","0","0","*","0","0","*","*"
"EU3 - Permanent Residence Card","Refused","31/07/2026","Bahamas (the)","0","0","0","0","0","0","0","0","0","0"
"EU3 - Permanent Residence Card","Refused","31/07/2026","Bahrain","0","0","0","0","0","0","0","0","0","0"
"EU3 - Permanent Residence Card","Refused","31/07/2026","Bangladesh","*","7","13","*","*","14","*","*","13","10"
"EU3 - Permanent Residence Card","Refused","31/07/2026","Barbados","0","0","0","0","0","*","0","0","0","0"
"EU3 - Permanent Residence Card","Refused","31/07/2026","Belarus","*","*","*","0","0","*","*","0","0","0"
"EU3 - Permanent Residence Card","Refused","31/07/2026","Belize","0","0","0","0","0","0","0","0","0","0"
"EU3 - Permanent Residence Card","Refused","31/07/2026","Benin","0","0","0","0","0","0","0","0","0","0"
"EU3 - Permanent Residence Card","Refused","31/07/2026","Bermuda","0","0","0","0","0","0","0","0","0","0"
"EU3 - Permanent Residence Card","Refused","31/07/2026","Bhutan","0","0","0","0","0","0","0","0","0","0"
"EU3 - Permanent Residence Card","Refused","31/07/2026","Bolivia (Plurinational State of)","0","0","0","0","0","0","0","0","0","0"
"EU3 - Permanent Residence Card","Refused","31/07/2026","Bonaire, Sint Eustatius and Saba","0","0","0","0","0","0","0","0","0","0"
"EU3 - Permanent Residence Card","Refused","31/07/2026","Bosnia and Herzegovina","0","0","0","0","0","*","*","0","*","*"
"EU3 - Permanent Residence Card","Refused","31/07/2026","Botswana","0","0","0","0","0","0","*","0","*","0"
"EU3 - Permanent Residence Card","Refused","31/07/2026","Bouvet Island","0","0","0","0","0","0","0","0","0","0"
"EU3 - Permanent Residence Card","Refused","31/07/2026","Brazil","12","11","22","7","9","39","49","34","213","37"
"EU3 - Permanent Residence Card","Refused","31/07/2026","Brunei Darussalam","0","0","0","0","0","0","0","0","0","0"
"EU3 - Permanent Residence Card","Refused","31/07/2026","Burkina Faso","0","0","0","0","0","0","0","0","0","0"
"EU3 - Permanent Residence Card","Refused","31/07/2026","Burundi","0","0","0","0","0","*","0","0","*","0"
"EU3 - Permanent Residence Card","Refused","31/07/2026","Cabo Verde","0","0","0","0","0","0","0","0","0","0"
"EU3 - Permanent Residence Card","Refused","31/07/2026","Cambodia","0","0","0","0","0","0","0","0","0","0"
"EU3 - Permanent Residence Card","Refused","31/07/2026","Cameroon","*","0","0","0","0","*","*","0","*","0"
"EU3 - Permanent Residence Card","Refused","31/07/2026","Canada","0","*","0","0","*","0","0","*","*","*"
"EU3 - Permanent Residence Card","Refused","31/07/2026","Cayman Islands (the)","0","0","0","0","0","0","0","0","0","0"
"EU3 - Permanent Residence Card","Refused","31/07/2026","Central African Republic (the)","0","0","*","0","0","0","0","0","0","0"
"EU3 - Permanent Residence Card","Refused","31/07/2026","Ceuta","0","0","0","0","0","0","0","0","0","0"
"EU3 - Permanent Residence Card","Refused","31/07/2026","Chad","0","0","0","0","0","0","*","0","0","0"
"EU3 - Permanent Residence Card","Refused","31/07/2026","Chile","0","0","0","0","0","0","0","0","*","0"
"EU3 - Permanent Residence Card","Refused","31/07/2026","China","*","0","*","*","0","6","8","*","9","*"
"EU3 - Permanent Residence Card","Refused","31/07/2026","Christmas Island","0","0","0","0","0","0","0","0","0","0"
"EU3 - Permanent Residence Card","Refused","31/07/2026","Cocos (Keeling) Islands (the)","0","0","0","0","0","0","0","0","0","0"
"EU3 - Permanent Residence Card","Refused","31/07/2026","Colombia","0","*","*","*","0","*","*","*","*","0"
"EU3 - Permanent Residence Card","Refused","31/07/2026","Comoros (the)","0","0","0","0","0","0","0","0","0","0"
"EU3 - Permanent Residence Card","Refused","31/07/2026","Congo (the Democratic Republic of the)","*","*","0","0","*","0","0","0","0","0"
"EU3 - Permanent Residence Card","Refused","31/07/2026","Congo (the)","*","0","0","0","0","0","0","0","0","0"
"EU3 - Permanent Residence Card","Refused","31/07/2026","Cook Islands (the)","0","0","0","0","0","0","0","0","0","0"
"EU3 - Permanent Residence Card","Refused","31/07/2026","Costa Rica","0","0","0","0","0","*","0","0","0","0"
"EU3 - Permanent Residence Card","Refused","31/07/2026","Côte d'Ivoire","0","0","0","0","0","0","0","0","0","0"
"EU3 - Permanent Residence Card","Refused","31/07/2026","Cuba","0","0","0","0","0","0","0","0","*","0"
"EU3 - Permanent Residence Card","Refused","31/07/2026","Curaçao","0","0","0","0","0","0","0","0","0","0"
"EU3 - Permanent Residence Card","Refused","31/07/2026","Djibouti","0","0","0","0","0","0","0","0","0","0"
"EU3 - Permanent Residence Card","Refused","31/07/2026","Dominica","0","0","0","0","0","0","0","0","0","0"
"EU3 - Permanent Residence Card","Refused","31/07/2026","Dominican Republic (the)","0","*","0","0","0","0","0","0","0","0"
"EU3 - Permanent Residence Card","Refused","31/07/2026","Ecuador","0","0","0","0","0","*","0","0","0","0"
"EU3 - Permanent Residence Card","Refused","31/07/2026","Egypt","*","6","*","*","*","*","7","*","*","0"
"EU3 - Permanent Residence Card","Refused","31/07/2026","El Salvador","0","0","0","0","0","*","*","0","*","0"
"EU3 - Permanent Residence Card","Refused","31/07/2026","Equatorial Guinea","0","0","0","0","0","0","0","0","0","0"
"EU3 - Permanent Residence Card","Refused","31/07/2026","Eritrea","0","0","0","0","0","0","0","0","0","0"
"EU3 - Permanent Residence Card","Refused","31/07/2026","Eswatini","0","0","0","0","0","0","0","0","0","0"
"EU3 - Permanent Residence Card","Refused","31/07/2026","Ethiopia","0","0","0","0","0","0","0","0","*","0"
"EU3 - Permanent Residence Card","Refused","31/07/2026","Falkland Islands (the) [Malvinas]","0","0","0","0","0","0","0","0","0","0"
"EU3 - Permanent Residence Card","Refused","31/07/2026","Faroe Islands (the)","0","0","0","0","0","0","0","0","0","0"
"EU3 - Permanent Residence Card","Refused","31/07/2026","Fiji","0","0","0","0","0","0","0","0","*","0"
"EU3 - Permanent Residence Card","Refused","31/07/2026","French Guiana","0","0","0","0","0","0","0","0","0","0"
"EU3 - Permanent Residence Card","Refused","31/07/2026","French Polynesia","0","0","0","0","0","0","0","0","0","0"
"EU3 - Permanent Residence Card","Refused","31/07/2026","Gabon","0","0","0","0","0","0","0","0","0","0"
"EU3 - Permanent Residence Card","Refused","31/07/2026","Gambia (the)","0","0","0","0","0","0","0","*","*","*"
"EU3 - Permanent Residence Card","Refused","31/07/2026","Georgia","*","*","*","*","*","*","*","0","*","0"
"EU3 - Permanent Residence Card","Refused","31/07/2026","Ghana","*","*","*","0","*","*","*","*","*","0"
"EU3 - Permanent Residence Card","Refused","31/07/2026","Gibraltar","0","0","0","0","0","0","0","0","0","0"
"EU3 - Permanent Residence Card","Refused","31/07/2026","Greenland","0","0","0","0","0","0","0","0","0","0"
"EU3 - Permanent Residence Card","Refused","31/07/2026","Grenada","0","0","0","0","0","0","0","0","0","0"
"EU3 - Permanent Residence Card","Refused","31/07/2026","Guadeloupe","0","0","0","0","0","0","0","0","0","0"
"EU3 - Permanent Residence Card","Refused","31/07/2026","Guam","0","0","0","0","0","0","0","0","0","0"
"EU3 - Permanent Residence Card","Refused","31/07/2026","Guatemala","0","0","0","0","*","0","0","0","0","0"
"EU3 - Permanent Residence Card","Refused","31/07/2026","Guernsey","0","0","0","0","0","0","0","0","0","0"
"EU3 - Permanent Residence Card","Refused","31/07/2026","Guinea","*","0","*","0","0","*","0","0","0","0"
"EU3 - Permanent Residence Card","Refused","31/07/2026","Guinea-Bissau","0","0","0","0","0","0","0","0","0","0"
"EU3 - Permanent Residence Card","Refused","31/07/2026","Guyana","0","0","0","0","0","0","*","0","0","0"
"EU3 - Permanent Residence Card","Refused","31/07/2026","Haiti","0","0","0","0","0","0","0","0","0","0"
"EU3 - Permanent Residence Card","Refused","31/07/2026","Heard Island and McDonald Islands","0","0","0","0","0","0","0","0","0","0"
"EU3 - Permanent Residence Card","Refused","31/07/2026","Holy See (the)","0","0","0","0","0","0","0","0","0","0"
"EU3 - Permanent Residence Card","Refused","31/07/2026","Honduras","0","0","0","0","0","0","0","0","0","0"
"EU3 - Permanent Residence Card","Refused","31/07/2026","India","8","*","10","*","10","22","25","*","18","*"
"EU3 - Permanent Residence Card","Refused","31/07/2026","Indonesia","0","0","0","0","*","*","*","0","*","*"
"EU3 - Permanent Residence Card","Refused","31/07/2026","Iran (Islamic Republic of)","0","0","0","0","0","*","0","0","*","0"
"EU3 - Permanent Residence Card","Refused","31/07/2026","Iraq","0","0","*","0","*","*","*","0","*","0"
"EU3 - Permanent Residence Card","Refused","31/07/2026","Isle of Man","0","0","0","0","0","0","0","0","0","0"
"EU3 - Permanent Residence Card","Refused","31/07/2026","Israel","0","0","*","0","*","*","0","*","*","*"
"EU3 - Permanent Residence Card","Refused","31/07/2026","Jamaica","0","0","0","0","*","0","0","0","*","0"
"EU3 - Permanent Residence Card","Refused","31/07/2026","Japan","*","*","0","0","0","*","0","*","*","0"
"EU3 - Permanent Residence Card","Refused","31/07/2026","Jersey","0","0","0","0","0","0","0","0","0","0"
"EU3 - Permanent Residence Card","Refused","31/07/2026","Jordan","0","0","0","0","0","*","*","0","0","0"
"EU3 - Permanent Residence Card","Refused","31/07/2026","Kazakhstan","0","0","*","0","0","0","0","0","0","0"
"EU3 - Permanent Residence Card","Refused","31/07/2026","Kenya","0","0","0","0","*","*","*","0","0","0"
"EU3 - Permanent Residence Card","Refused","31/07/2026","Kiribati","0","0","0","0","0","0","0","0","0","0"
"EU3 - Permanent Residence Card","Refused","31/07/2026","Korea (the Democratic People's Republic of) North Korea","0","0","0","0","0","0","0","0","0","0"
"EU3 - Permanent Residence Card","Refused","31/07/2026","Korea (the Republic of) South Korea","0","0","0","*","0","*","0","0","0","*"
"EU3 - Permanent Residence Card","Refused","31/07/2026","Kosovo","0","0","*","0","0","0","*","0","0","0"
"EU3 - Permanent Residence Card","Refused","31/07/2026","Kuwait","0","0","0","0","0","0","0","0","0","0"
"EU3 - Permanent Residence Card","Refused","31/07/2026","Kyrgyzstan","*","0","0","0","0","0","0","0","0","0"
"EU3 - Permanent Residence Card","Refused","31/07/2026","Lao People's Democratic Republic (the)","0","0","0","0","0","0","0","0","0","0"
"EU3 - Permanent Residence Card","Refused","31/07/2026","Lebanon","0","0","0","0","0","*","0","0","0","0"
"EU3 - Permanent Residence Card","Refused","31/07/2026","Lesotho","0","0","0","0","0","0","0","0","0","0"
"EU3 - Permanent Residence Card","Refused","31/07/2026","Liberia","0","0","0","0","0","0","0","0","0","0"
"EU3 - Permanent Residence Card","Refused","31/07/2026","Libya","0","0","*","0","0","0","0","0","0","0"
"EU3 - Permanent Residence Card","Refused","31/07/2026","Macao","0","0","0","0","0","0","0","0","0","0"
"EU3 - Permanent Residence Card","Refused","31/07/2026","Madagascar","0","0","0","0","0","0","0","0","0","0"
"EU3 - Permanent Residence Card","Refused","31/07/2026","Malawi","0","0","0","0","0","0","0","*","*","0"
"EU3 - Permanent Residence Card","Refused","31/07/2026","Malaysia","*","0","0","*","*","*","*","*","7","*"
"EU3 - Permanent Residence Card","Refused","31/07/2026","Maldives","0","0","0","0","0","0","0","0","0","0"
"EU3 - Permanent Residence Card","Refused","31/07/2026","Mali","0","0","0","0","0","0","0","0","0","0"
"EU3 - Permanent Residence Card","Refused","31/07/2026","Marshall Islands (the)","0","0","0","0","0","0","0","0","0","0"
"EU3 - Permanent Residence Card","Refused","31/07/2026","Martinique","0","0","0","0","0","0","0","0","0","0"
"EU3 - Permanent Residence Card","Refused","31/07/2026","Mauritania","0","0","0","0","0","0","0","0","0","0"
"EU3 - Permanent Residence Card","Refused","31/07/2026","Mauritius","7","6","7","*","*","*","14","*","6","0"
"EU3 - Permanent Residence Card","Refused","31/07/2026","Mayotte","0","0","0","0","0","0","0","0","0","0"
"EU3 - Permanent Residence Card","Refused","31/07/2026","Melilla","0","0","0","0","0","0","0","0","0","0"
"EU3 - Permanent Residence Card","Refused","31/07/2026","Mexico","0","*","0","0","0","0","*","0","6","0"
"EU3 - Permanent Residence Card","Refused","31/07/2026","Micronesia (Federated States of)","0","0","0","0","0","0","0","0","0","0"
"EU3 - Permanent Residence Card","Refused","31/07/2026","Moldova (the Republic of)","*","*","7","*","*","7","11","*","10","*"
"EU3 - Permanent Residence Card","Refused","31/07/2026","Monaco","0","0","0","0","0","0","0","0","0","0"
"EU3 - Permanent Residence Card","Refused","31/07/2026","Mongolia","0","0","0","0","0","*","*","0","*","0"
"EU3 - Permanent Residence Card","Refused","31/07/2026","Montenegro","0","0","0","0","0","0","0","0","*","0"
"EU3 - Permanent Residence Card","Refused","31/07/2026","Montserrat","0","0","0","0","0","0","0","0","0","0"
"EU3 - Permanent Residence Card","Refused","31/07/2026","Morocco","0","0","*","0","0","*","*","*","*","0"
"EU3 - Permanent Residence Card","Refused","31/07/2026","Mozambique","0","0","0","0","0","0","0","0","0","0"
"EU3 - Permanent Residence Card","Refused","31/07/2026","Myanmar","0","0","0","0","0","0","0","0","*","0"
"EU3 - Permanent Residence Card","Refused","31/07/2026","Namibia","0","0","0","0","0","0","0","0","0","0"
"EU3 - Permanent Residence Card","Refused","31/07/2026","Nauru","0","0","0","0","0","0","0","0","0","0"
"EU3 - Permanent Residence Card","Refused","31/07/2026","Nepal","0","*","0","*","0","*","*","*","*","0"
"EU3 - Permanent Residence Card","Refused","31/07/2026","New Caledonia","0","0","0","0","0","0","0","0","0","0"
"EU3 - Permanent Residence Card","Refused","31/07/2026","New Zealand","0","0","*","0","0","0","*","0","0","0"
"EU3 - Permanent Residence Card","Refused","31/07/2026","Nicaragua","0","0","0","0","0","0","0","0","*","0"
"EU3 - Permanent Residence Card","Refused","31/07/2026","Niger (the)","0","0","0","0","0","0","*","0","0","0"
"EU3 - Permanent Residence Card","Refused","31/07/2026","Nigeria","29","9","10","11","8","20","23","*","23","6"
"EU3 - Permanent Residence Card","Refused","31/07/2026","Niue","0","0","0","0","0","0","0","0","0","0"
"EU3 - Permanent Residence Card","Refused","31/07/2026","Norfolk Island","0","0","0","0","0","0","0","0","0","0"
"EU3 - Permanent Residence Card","Refused","31/07/2026","North Macedonia","0","0","*","0","0","0","0","0","*","0"
"EU3 - Permanent Residence Card","Refused","31/07/2026","Northern Mariana Islands (the)","0","0","0","0","0","0","0","0","0","0"
"EU3 - Permanent Residence Card","Refused","31/07/2026","Oman","0","0","0","0","0","0","0","0","0","0"
"EU3 - Permanent Residence Card","Refused","31/07/2026","Pakistan","30","26","33","11","31","67","90","10","48","12"
"EU3 - Permanent Residence Card","Refused","31/07/2026","Palau","0","0","0","0","0","0","0","0","0","0"
"EU3 - Permanent Residence Card","Refused","31/07/2026","Palestine, State of","0","0","0","0","0","0","*","0","0","0"
"EU3 - Permanent Residence Card","Refused","31/07/2026","Panama","0","0","0","0","0","0","0","0","*","0"
"EU3 - Permanent Residence Card","Refused","31/07/2026","Papua New Guinea","0","0","0","0","0","0","0","0","0","0"
"EU3 - Permanent Residence Card","Refused","31/07/2026","Paraguay","0","0","0","*","0","0","0","0","*","0"
"EU3 - Permanent Residence Card","Refused","31/07/2026","Peru","0","*","*","0","0","0","0","*","*","0"
"EU3 - Permanent Residence Card","Refused","31/07/2026","Philippines (the)","*","*","*","0","*","*","6","*","10","*"
"EU3 - Permanent Residence Card","Refused","31/07/2026","Pitcairn","0","0","0","0","0","0","0","0","0","0"
"EU3 - Permanent Residence Card","Refused","31/07/2026","Puerto Rico","0","0","0","0","0","0","0","0","0","0"
"EU3 - Permanent Residence Card","Refused","31/07/2026","Qatar","0","0","0","0","0","0","0","0","0","0"
"EU3 - Permanent Residence Card","Refused","31/07/2026","Réunion","0","0","0","0","0","0","0","0","0","0"
"EU3 - Permanent Residence Card","Refused","31/07/2026","Russian Federation (the)","*","*","*","*","*","*","*","*","15","*"
"EU3 - Permanent Residence Card","Refused","31/07/2026","Rwanda","0","0","0","0","0","0","0","0","0","0"
"EU3 - Permanent Residence Card","Refused","31/07/2026","Saint Barthélemy","0","0","0","0","0","0","0","0","0","0"
"EU3 - Permanent Residence Card","Refused","31/07/2026","Saint Helena, Ascension and Tristan da Cunha","0","0","0","0","0","0","0","0","0","0"
"EU3 - Permanent Residence Card","Refused","31/07/2026","Saint Kitts and Nevis","0","0","0","0","0","0","0","0","0","0"
"EU3 - Permanent Residence Card","Refused","31/07/2026","Saint Lucia","0","0","0","0","0","0","0","0","0","0"
"EU3 - Permanent Residence Card","Refused","31/07/2026","Saint Martin (French part)","0","0","0","0","0","0","0","0","0","0"
"EU3 - Permanent Residence Card","Refused","31/07/2026","Saint Pierre and Miquelon","0","0","0","0","0","0","0","0","0","0"
"EU3 - Permanent Residence Card","Refused","31/07/2026","Saint Vincent and the Grenadines","0","0","0","0","0","0","0","0","0","0"
"EU3 - Permanent Residence Card","Refused","31/07/2026","Samoa","*","0","0","0","0","0","0","0","0","0"
"EU3 - Permanent Residence Card","Refused","31/07/2026","San Marino","0","0","0","0","0","0","0","0","0","0"
"EU3 - Permanent Residence Card","Refused","31/07/2026","Sao Tome and Principe","0","0","0","0","0","0","0","0","0","0"
"EU3 - Permanent Residence Card","Refused","31/07/2026","Saudi Arabia","0","0","0","0","0","0","0","0","0","0"
"EU3 - Permanent Residence Card","Refused","31/07/2026","Senegal","0","*","0","0","0","*","0","0","0","0"
"EU3 - Permanent Residence Card","Refused","31/07/2026","Serbia","0","0","*","0","0","*","*","*","*","0"
"EU3 - Permanent Residence Card","Refused","31/07/2026","Seychelles","0","0","0","0","0","0","0","0","0","0"
"EU3 - Permanent Residence Card","Refused","31/07/2026","Sierra Leone","*","0","0","*","0","0","0","0","0","0"
"EU3 - Permanent Residence Card","Refused","31/07/2026","Singapore","0","0","0","0","0","0","0","0","*","0"
"EU3 - Permanent Residence Card","Refused","31/07/2026","Sint Maarten (Dutch part)","0","0","0","0","0","0","0","0","0","0"
"EU3 - Permanent Residence Card","Refused","31/07/2026","Solomon Islands","0","0","0","0","0","0","0","0","0","0"
"EU3 - Permanent Residence Card","Refused","31/07/2026","Somalia","0","0","*","0","0","*","0","0","0","0"
"EU3 - Permanent Residence Card","Refused","31/07/2026","South Africa","6","7","*","*","10","24","24","7","61","16"
"EU3 - Permanent Residence Card","Refused","31/07/2026","South Georgia and the South Sandwich Islands","0","0","0","0","0","0","0","0","0","0"
"EU3 - Permanent Residence Card","Refused","31/07/2026","South Sudan","0","0","0","0","0","0","0","0","0","0"
"EU3 - Permanent Residence Card","Refused","31/07/2026","Sri Lanka","0","0","0","*","0","0","*","0","0","0"
"EU3 - Permanent Residence Card","Refused","31/07/2026","Sudan (the)","0","0","0","0","0","0","*","0","*","0"
"EU3 - Permanent Residence Card","Refused","31/07/2026","Suriname","0","0","0","0","0","0","0","0","0","0"
"EU3 - Permanent Residence Card","Refused","31/07/2026","Svalbard and Jan Mayen","0","0","0","0","0","0","0","0","0","0"
"EU3 - Permanent Residence Card","Refused","31/07/2026","Switzerland","0","0","0","0","0","0","0","0","0","0"
"EU3 - Permanent Residence Card","Refused","31/07/2026","Syrian Arab Republic (the)","0","0","*","0","0","0","0","0","0","0"
"EU3 - Permanent Residence Card","Refused","31/07/2026","Taiwan (Province of China)","0","0","0","0","0","*","0","0","*","0"
"EU3 - Permanent Residence Card","Refused","31/07/2026","Tajikistan","0","0","0","0","0","0","0","0","0","0"
"EU3 - Permanent Residence Card","Refused","31/07/2026","Tanzania, the United Republic of","0","0","*","0","0","0","*","0","0","0"
"EU3 - Permanent Residence Card","Refused","31/07/2026","Thailand","*","0","*","0","0","*","*","*","*","0"
"EU3 - Permanent Residence Card","Refused","31/07/2026","Timor-Leste","0","0","0","0","0","0","0","0","0","0"
"EU3 - Permanent Residence Card","Refused","31/07/2026","Togo","*","*","0","0","0","0","*","0","0","0"
"EU3 - Permanent Residence Card","Refused","31/07/2026","Tokelau","0","0","0","0","0","0","0","0","0","0"
"EU3 - Permanent Residence Card","Refused","31/07/2026","Tonga","0","0","0","0","0","0","0","0","0","0"
"EU3 - Permanent Residence Card","Refused","31/07/2026","Trinidad and Tobago","0","0","0","0","0","0","*","0","0","0"
"EU3 - Permanent Residence Card","Refused","31/07/2026","Tunisia","0","0","0","0","*","0","*","0","*","*"
"EU3 - Permanent Residence Card","Refused","31/07/2026","Turkiye","0","*","0","0","0","6","*","*","*","0"
"EU3 - Permanent Residence Card","Refused","31/07/2026","Turkmenistan","0","0","0","0","0","0","0","0","0","0"
"EU3 - Permanent Residence Card","Refused","31/07/2026","Turks and Caicos Islands (the)","0","0","0","0","0","0","0","0","0","0"
"EU3 - Permanent Residence Card","Refused","31/07/2026","Tuvalu","0","0","0","0","0","0","0","0","0","0"
"EU3 - Permanent Residence Card","Refused","31/07/2026","Uganda","0","0","0","0","0","0","0","0","*","0"
"EU3 - Permanent Residence Card","Refused","31/07/2026","Ukraine","*","*","*","0","*","6","9","*","9","*"
"EU3 - Permanent Residence Card","Refused","31/07/2026","United Arab Emirates (the)","0","0","0","0","0","0","0","0","0","0"
"EU3 - Permanent Residence Card","Refused","31/07/2026","United States Minor Outlying Islands (the)","0","0","0","0","0","0","0","0","0","0"
"EU3 - Permanent Residence Card","Refused","31/07/2026","United States of America (the)","*","0","*","*","*","*","8","*","19","*"
"EU3 - Permanent Residence Card","Refused","31/07/2026","Uruguay","0","0","0","0","0","0","0","0","*","0"
"EU3 - Permanent Residence Card","Refused","31/07/2026","Uzbekistan","0","0","0","0","0","0","0","*","*","0"
"EU3 - Permanent Residence Card","Refused","31/07/2026","Vanuatu","0","0","0","0","0","0","0","0","0","0"
"EU3 - Permanent Residence Card","Refused","31/07/2026","Venezuela (Bolivarian Republic of)","*","0","*","*","0","*","*","*","10","0"
"EU3 - Permanent Residence Card","Refused","31/07/2026","Viet Nam","0","0","0","0","0","0","0","0","*","0"
"EU3 - Permanent Residence Card","Refused","31/07/2026","Virgin Islands (British)","0","0","0","0","0","0","0","0","0","0"
"EU3 - Permanent Residence Card","Refused","31/07/2026","Virgin Islands (U.S.)","0","0","0","0","0","0","0","0","0","0"
"EU3 - Permanent Residence Card","Refused","31/07/2026","Wallis and Futuna","0","0","0","0","0","0","0","0","0","0"
"EU3 - Permanent Residence Card","Refused","31/07/2026","Western Sahara","0","0","0","0","0","0","0","0","0","0"
"EU3 - Permanent Residence Card","Refused","31/07/2026","Yemen","0","0","0","0","0","0","0","0","0","0"
"EU3 - Permanent Residence Card","Refused","31/07/2026","Zambia","0","0","0","0","0","0","0","*","0","0"
"EU3 - Permanent Residence Card","Refused","31/07/2026","Zimbabwe","0","*","0","0","0","0","*","*","*","0"
"EU3 - Permanent Residence Card","Refused","31/07/2026","*Other","*","*","*","0","*","12","6","*","11","0"
"EUPA - EU Permitted Family Member Assessment","Received","31/07/2026","Afghanistan","*","*","0","0","*","0","0","0","0","0"
"EUPA - EU Permitted Family Member Assessment","Received","31/07/2026","Åland Islands","0","0","0","0","0","0","0","0","0","0"
"EUPA - EU Permitted Family Member Assessment","Received","31/07/2026","Albania","*","*","*","*","6","6","*","7","*","*"
"EUPA - EU Permitted Family Member Assessment","Received","31/07/2026","Algeria","0","0","*","*","*","*","*","7","10","*"
"EUPA - EU Permitted Family Member Assessment","Received","31/07/2026","American Samoa","0","0","0","0","0","0","0","0","0","0"
"EUPA - EU Permitted Family Member Assessment","Received","31/07/2026","Andorra","0","0","0","0","0","0","0","0","0","0"
"EUPA - EU Permitted Family Member Assessment","Received","31/07/2026","Angola","0","0","0","0","0","*","0","*","0","0"
"EUPA - EU Permitted Family Member Assessment","Received","31/07/2026","Anguilla","0","0","0","0","0","0","0","0","0","0"
"EUPA - EU Permitted Family Member Assessment","Received","31/07/2026","Antarctica","0","0","0","0","0","0","0","0","0","0"
"EUPA - EU Permitted Family Member Assessment","Received","31/07/2026","Antigua and Barbuda","0","0","0","0","0","0","0","0","0","0"
"EUPA - EU Permitted Family Member Assessment","Received","31/07/2026","Argentina","9","17","17","17","16","39","23","27","21","*"
"EUPA - EU Permitted Family Member Assessment","Received","31/07/2026","Armenia","*","0","0","0","0","*","0","0","0","0"
"EUPA - EU Permitted Family Member Assessment","Received","31/07/2026","Aruba","0","0","0","0","0","0","0","0","0","0"
"EUPA - EU Permitted Family Member Assessment","Received","31/07/2026","Australia","8","*","*","6","*","*","6","*","*","0"
"EUPA - EU Permitted Family Member Assessment","Received","31/07/2026","Azerbaijan","0","0","0","0","0","0","0","0","0","0"
"EUPA - EU Permitted Family Member Assessment","Received","31/07/2026","Bahamas (the)","0","0","0","0","*","0","0","0","0","0"
"EUPA - EU Permitted Family Member Assessment","Received","31/07/2026","Bahrain","0","0","0","0","0","0","0","0","0","0"
"EUPA - EU Permitted Family Member Assessment","Received","31/07/2026","Bangladesh","17","6","12","*","*","*","*","*","*","0"
"EUPA - EU Permitted Family Member Assessment","Received","31/07/2026","Barbados","0","0","0","0","0","0","0","0","0","0"
"EUPA - EU Permitted Family Member Assessment","Received","31/07/2026","Belarus","0","0","*","0","0","*","0","0","*","0"
"EUPA - EU Permitted Family Member Assessment","Received","31/07/2026","Belize","*","0","0","0","0","0","0","0","0","0"
"EUPA - EU Permitted Family Member Assessment","Received","31/07/2026","Benin","0","0","0","0","0","0","0","0","0","0"
"EUPA - EU Permitted Family Member Assessment","Received","31/07/2026","Bermuda","0","0","0","0","0","0","0","0","0","0"
"EUPA - EU Permitted Family Member Assessment","Received","31/07/2026","Bhutan","0","0","0","0","0","0","0","0","0","0"
"EUPA - EU Permitted Family Member Assessment","Received","31/07/2026","Bolivia (Plurinational State of)","*","*","0","*","0","9","7","*","7","0"
"EUPA - EU Permitted Family Member Assessment","Received","31/07/2026","Bonaire, Sint Eustatius and Saba","0","0","0","0","0","0","0","0","0","0"
"EUPA - EU Permitted Family Member Assessment","Received","31/07/2026","Bosnia and Herzegovina","0","0","0","0","0","0","0","*","0","0"
"EUPA - EU Permitted Family Member Assessment","Received","31/07/2026","Botswana","0","0","*","0","0","0","0","*","*","0"
"EUPA - EU Permitted Family Member Assessment","Received","31/07/2026","Bouvet Island","0","0","0","0","0","0","0","0","0","0"
"EUPA - EU Permitted Family Member Assessment","Received","31/07/2026","Brazil","157","160","165","167","202","275","255","234","249","16"
"EUPA - EU Permitted Family Member Assessment","Received","31/07/2026","Brunei Darussalam","0","0","0","0","0","0","0","0","0","0"
"EUPA - EU Permitted Family Member Assessment","Received","31/07/2026","Burkina Faso","0","0","0","0","0","0","0","0","0","0"
"EUPA - EU Permitted Family Member Assessment","Received","31/07/2026","Burundi","0","0","0","0","0","0","0","0","0","0"
"EUPA - EU Permitted Family Member Assessment","Received","31/07/2026","Cabo Verde","0","0","0","0","0","0","0","0","0","0"
"EUPA - EU Permitted Family Member Assessment","Received","31/07/2026","Cambodia","0","0","0","0","0","0","0","0","0","0"
"EUPA - EU Permitted Family Member Assessment","Received","31/07/2026","Cameroon","0","*","*","*","0","0","0","*","*","0"
"EUPA - EU Permitted Family Member Assessment","Received","31/07/2026","Canada","*","9","6","6","7","8","*","*","*","0"
"EUPA - EU Permitted Family Member Assessment","Received","31/07/2026","Cayman Islands (the)","0","0","0","0","0","0","0","0","0","0"
"EUPA - EU Permitted Family Member Assessment","Received","31/07/2026","Central African Republic (the)","0","0","0","0","0","0","0","0","0","0"
"EUPA - EU Permitted Family Member Assessment","Received","31/07/2026","Ceuta","0","0","0","0","0","0","0","0","0","0"
"EUPA - EU Permitted Family Member Assessment","Received","31/07/2026","Chad","0","0","0","0","0","0","0","0","0","0"
"EUPA - EU Permitted Family Member Assessment","Received","31/07/2026","Chile","*","*","*","10","7","14","7","7","15","*"
"EUPA - EU Permitted Family Member Assessment","Received","31/07/2026","China","*","7","*","9","10","8","13","10","9","0"
"EUPA - EU Permitted Family Member Assessment","Received","31/07/2026","Christmas Island","0","0","0","0","0","0","0","0","0","0"
"EUPA - EU Permitted Family Member Assessment","Received","31/07/2026","Cocos (Keeling) Islands (the)","0","0","0","0","0","0","0","0","0","0"
"EUPA - EU Permitted Family Member Assessment","Received","31/07/2026","Colombia","*","*","*","*","*","*","*","*","*","0"
"EUPA - EU Permitted Family Member Assessment","Received","31/07/2026","Comoros (the)","0","0","0","0","0","0","0","0","0","0"
"EUPA - EU Permitted Family Member Assessment","Received","31/07/2026","Congo (the Democratic Republic of the)","0","0","*","0","0","0","0","0","0","0"
"EUPA - EU Permitted Family Member Assessment","Received","31/07/2026","Congo (the)","0","0","0","0","0","0","0","0","0","0"
"EUPA - EU Permitted Family Member Assessment","Received","31/07/2026","Cook Islands (the)","0","0","0","0","0","0","0","0","0","0"
"EUPA - EU Permitted Family Member Assessment","Received","31/07/2026","Costa Rica","0","0","0","0","*","*","0","*","*","*"
"EUPA - EU Permitted Family Member Assessment","Received","31/07/2026","Côte d'Ivoire","0","0","0","0","0","0","0","0","0","0"
"EUPA - EU Permitted Family Member Assessment","Received","31/07/2026","Cuba","*","0","*","0","*","*","0","0","0","0"
"EUPA - EU Permitted Family Member Assessment","Received","31/07/2026","Curaçao","0","0","0","0","0","0","0","0","0","0"
"EUPA - EU Permitted Family Member Assessment","Received","31/07/2026","Djibouti","0","0","0","0","0","0","0","0","0","0"
"EUPA - EU Permitted Family Member Assessment","Received","31/07/2026","Dominica","0","0","*","0","0","0","0","0","0","0"
"EUPA - EU Permitted Family Member Assessment","Received","31/07/2026","Dominican Republic (the)","0","0","0","*","0","0","*","0","0","0"
"EUPA - EU Permitted Family Member Assessment","Received","31/07/2026","Ecuador","0","*","0","*","0","*","0","0","0","0"
"EUPA - EU Permitted Family Member Assessment","Received","31/07/2026","Egypt","*","*","*","*","*","0","0","*","*","0"
"EUPA - EU Permitted Family Member Assessment","Received","31/07/2026","El Salvador","*","*","0","0","0","*","*","*","*","0"
"EUPA - EU Permitted Family Member Assessment","Received","31/07/2026","Equatorial Guinea","0","0","0","0","*","0","0","0","0","0"
"EUPA - EU Permitted Family Member Assessment","Received","31/07/2026","Eritrea","0","0","0","0","0","0","0","0","0","0"
"EUPA - EU Permitted Family Member Assessment","Received","31/07/2026","Eswatini","0","0","0","0","0","0","0","0","0","0"
"EUPA - EU Permitted Family Member Assessment","Received","31/07/2026","Ethiopia","0","0","0","0","0","*","0","*","0","0"
"EUPA - EU Permitted Family Member Assessment","Received","31/07/2026","Falkland Islands (the) [Malvinas]","0","0","0","0","0","0","0","0","0","0"
"EUPA - EU Permitted Family Member Assessment","Received","31/07/2026","Faroe Islands (the)","0","0","0","0","0","0","0","0","0","0"
"EUPA - EU Permitted Family Member Assessment","Received","31/07/2026","Fiji","0","0","0","0","0","0","0","0","0","0"
"EUPA - EU Permitted Family Member Assessment","Received","31/07/2026","French Guiana","0","0","0","0","0","0","0","0","0","0"
"EUPA - EU Permitted Family Member Assessment","Received","31/07/2026","French Polynesia","0","0","0","0","0","0","0","0","0","0"
"EUPA - EU Permitted Family Member Assessment","Received","31/07/2026","Gabon","0","0","0","0","0","0","0","0","0","0"
"EUPA - EU Permitted Family Member Assessment","Received","31/07/2026","Gambia (the)","0","0","*","0","0","0","0","0","0","0"
"EUPA - EU Permitted Family Member Assessment","Received","31/07/2026","Georgia","*","*","*","*","0","0","*","*","*","0"
"EUPA - EU Permitted Family Member Assessment","Received","31/07/2026","Ghana","*","0","*","0","*","*","*","*","*","0"
"EUPA - EU Permitted Family Member Assessment","Received","31/07/2026","Gibraltar","0","0","0","0","0","0","0","0","0","0"
"EUPA - EU Permitted Family Member Assessment","Received","31/07/2026","Greenland","0","0","0","0","0","0","0","0","0","0"
"EUPA - EU Permitted Family Member Assessment","Received","31/07/2026","Grenada","0","0","0","0","0","0","0","0","0","0"
"EUPA - EU Permitted Family Member Assessment","Received","31/07/2026","Guadeloupe","0","0","0","0","0","0","0","0","0","0"
"EUPA - EU Permitted Family Member Assessment","Received","31/07/2026","Guam","0","0","0","0","0","0","0","0","0","0"
"EUPA - EU Permitted Family Member Assessment","Received","31/07/2026","Guatemala","0","0","0","0","0","0","0","*","0","0"
"EUPA - EU Permitted Family Member Assessment","Received","31/07/2026","Guernsey","0","0","0","0","0","0","0","0","0","0"
"EUPA - EU Permitted Family Member Assessment","Received","31/07/2026","Guinea","0","0","0","0","0","0","0","0","0","0"
"EUPA - EU Permitted Family Member Assessment","Received","31/07/2026","Guinea-Bissau","0","0","0","0","0","0","0","0","0","0"
"EUPA - EU Permitted Family Member Assessment","Received","31/07/2026","Guyana","0","0","0","*","0","0","0","0","0","0"
"EUPA - EU Permitted Family Member Assessment","Received","31/07/2026","Haiti","0","0","0","0","0","0","0","0","0","0"
"EUPA - EU Permitted Family Member Assessment","Received","31/07/2026","Heard Island and McDonald Islands","0","0","0","0","0","0","0","0","0","0"
"EUPA - EU Permitted Family Member Assessment","Received","31/07/2026","Holy See (the)","0","0","0","0","0","0","0","0","0","0"
"EUPA - EU Permitted Family Member Assessment","Received","31/07/2026","Honduras","0","0","0","*","0","0","0","*","0","0"
"EUPA - EU Permitted Family Member Assessment","Received","31/07/2026","India","69","27","25","8","7","14","16","11","6","*"
"EUPA - EU Permitted Family Member Assessment","Received","31/07/2026","Indonesia","0","*","*","0","*","0","*","*","*","0"
"EUPA - EU Permitted Family Member Assessment","Received","31/07/2026","Iran (Islamic Republic of)","0","0","*","0","*","*","*","0","0","0"
"EUPA - EU Permitted Family Member Assessment","Received","31/07/2026","Iraq","0","0","0","*","0","0","0","0","*","0"
"EUPA - EU Permitted Family Member Assessment","Received","31/07/2026","Isle of Man","0","0","0","0","0","0","0","0","0","0"
"EUPA - EU Permitted Family Member Assessment","Received","31/07/2026","Israel","*","*","*","*","*","*","*","*","*","*"
"EUPA - EU Permitted Family Member Assessment","Received","31/07/2026","Jamaica","*","*","*","0","0","0","0","0","0","0"
"EUPA - EU Permitted Family Member Assessment","Received","31/07/2026","Japan","*","0","*","*","*","8","0","*","*","0"
"EUPA - EU Permitted Family Member Assessment","Received","31/07/2026","Jersey","0","0","0","0","0","0","0","0","0","0"
"EUPA - EU Permitted Family Member Assessment","Received","31/07/2026","Jordan","*","*","0","0","0","0","*","0","0","0"
"EUPA - EU Permitted Family Member Assessment","Received","31/07/2026","Kazakhstan","0","0","0","0","0","*","0","0","*","0"
"EUPA - EU Permitted Family Member Assessment","Received","31/07/2026","Kenya","0","*","*","0","*","0","0","*","0","0"
"EUPA - EU Permitted Family Member Assessment","Received","31/07/2026","Kiribati","0","0","0","0","0","0","0","0","0","0"
"EUPA - EU Permitted Family Member Assessment","Received","31/07/2026","Korea (the Democratic People's Republic of) North Korea","0","0","0","0","0","0","0","*","0","0"
"EUPA - EU Permitted Family Member Assessment","Received","31/07/2026","Korea (the Republic of) South Korea","6","*","*","*","*","*","*","*","*","0"
"EUPA - EU Permitted Family Member Assessment","Received","31/07/2026","Kosovo","0","0","*","0","*","0","0","*","0","0"
"EUPA - EU Permitted Family Member Assessment","Received","31/07/2026","Kuwait","0","0","0","0","0","0","0","0","0","0"
"EUPA - EU Permitted Family Member Assessment","Received","31/07/2026","Kyrgyzstan","*","0","0","0","0","0","0","0","0","0"
"EUPA - EU Permitted Family Member Assessment","Received","31/07/2026","Lao People's Democratic Republic (the)","0","0","0","0","0","0","0","0","0","0"
"EUPA - EU Permitted Family Member Assessment","Received","31/07/2026","Lebanon","0","0","0","0","0","0","*","0","0","0"
"EUPA - EU Permitted Family Member Assessment","Received","31/07/2026","Lesotho","0","0","0","0","0","0","0","0","0","0"
"EUPA - EU Permitted Family Member Assessment","Received","31/07/2026","Liberia","0","0","*","0","0","0","0","0","0","0"
"EUPA - EU Permitted Family Member Assessment","Received","31/07/2026","Libya","0","0","0","0","0","0","0","0","0","0"
"EUPA - EU Permitted Family Member Assessment","Received","31/07/2026","Macao","0","0","0","0","0","0","0","0","0","0"
"EUPA - EU Permitted Family Member Assessment","Received","31/07/2026","Madagascar","0","0","0","0","0","0","0","0","0","0"
"EUPA - EU Permitted Family Member Assessment","Received","31/07/2026","Malawi","*","*","*","*","0","*","*","0","0","0"
"EUPA - EU Permitted Family Member Assessment","Received","31/07/2026","Malaysia","*","*","7","*","*","*","*","*","*","0"
"EUPA - EU Permitted Family Member Assessment","Received","31/07/2026","Maldives","0","0","0","0","0","0","0","0","0","0"
"EUPA - EU Permitted Family Member Assessment","Received","31/07/2026","Mali","0","0","0","0","0","0","0","0","0","0"
"EUPA - EU Permitted Family Member Assessment","Received","31/07/2026","Marshall Islands (the)","0","0","0","0","0","0","0","0","0","0"
"EUPA - EU Permitted Family Member Assessment","Received","31/07/2026","Martinique","0","0","0","0","0","0","0","0","0","0"
"EUPA - EU Permitted Family Member Assessment","Received","31/07/2026","Mauritania","0","0","0","0","0","0","0","0","0","0"
"EUPA - EU Permitted Family Member Assessment","Received","31/07/2026","Mauritius","*","*","*","*","*","0","*","0","0","0"
"EUPA - EU Permitted Family Member Assessment","Received","31/07/2026","Mayotte","0","0","0","0","0","0","0","0","0","0"
"EUPA - EU Permitted Family Member Assessment","Received","31/07/2026","Melilla","0","0","0","0","0","0","0","0","0","0"
"EUPA - EU Permitted Family Member Assessment","Received","31/07/2026","Mexico","11","12","16","15","19","39","21","37","26","0"
"EUPA - EU Permitted Family Member Assessment","Received","31/07/2026","Micronesia (Federated States of)","0","0","0","0","0","0","0","0","0","0"
"EUPA - EU Permitted Family Member Assessment","Received","31/07/2026","Moldova (the Republic of)","*","*","9","7","*","12","*","9","*","0"
"EUPA - EU Permitted Family Member Assessment","Received","31/07/2026","Monaco","0","0","0","0","0","0","0","0","0","0"
"EUPA - EU Permitted Family Member Assessment","Received","31/07/2026","Mongolia","*","0","0","0","0","*","*","*","*","*"
"EUPA - EU Permitted Family Member Assessment","Received","31/07/2026","Montenegro","0","0","0","0","0","0","0","0","0","0"
"EUPA - EU Permitted Family Member Assessment","Received","31/07/2026","Montserrat","0","0","0","0","0","0","0","0","0","0"
"EUPA - EU Permitted Family Member Assessment","Received","31/07/2026","Morocco","*","*","0","*","*","0","*","*","*","0"
"EUPA - EU Permitted Family Member Assessment","Received","31/07/2026","Mozambique","0","0","0","0","0","0","0","0","0","0"
"EUPA - EU Permitted Family Member Assessment","Received","31/07/2026","Myanmar","0","0","0","0","0","*","0","0","0","0"
"EUPA - EU Permitted Family Member Assessment","Received","31/07/2026","Namibia","0","0","0","0","0","0","0","0","*","0"
"EUPA - EU Permitted Family Member Assessment","Received","31/07/2026","Nauru","0","0","0","0","0","0","0","0","0","0"
"EUPA - EU Permitted Family Member Assessment","Received","31/07/2026","Nepal","*","*","*","0","*","0","0","*","0","0"
"EUPA - EU Permitted Family Member Assessment","Received","31/07/2026","New Caledonia","0","0","0","0","0","0","0","0","0","0"
"EUPA - EU Permitted Family Member Assessment","Received","31/07/2026","New Zealand","0","*","*","*","0","*","*","6","*","0"
"EUPA - EU Permitted Family Member Assessment","Received","31/07/2026","Nicaragua","0","0","0","0","0","0","0","*","0","0"
"EUPA - EU Permitted Family Member Assessment","Received","31/07/2026","Niger (the)","0","0","0","0","0","0","0","0","0","0"
"EUPA - EU Permitted Family Member Assessment","Received","31/07/2026","Nigeria","21","14","14","8","11","10","13","9","10","*"
"EUPA - EU Permitted Family Member Assessment","Received","31/07/2026","Niue","0","0","0","0","0","0","0","0","0","0"
"EUPA - EU Permitted Family Member Assessment","Received","31/07/2026","Norfolk Island","0","0","0","0","0","0","0","0","0","0"
"EUPA - EU Permitted Family Member Assessment","Received","31/07/2026","North Macedonia","*","0","0","0","0","0","0","*","0","0"
"EUPA - EU Permitted Family Member Assessment","Received","31/07/2026","Northern Mariana Islands (the)","0","0","0","0","0","0","0","0","0","0"
"EUPA - EU Permitted Family Member Assessment","Received","31/07/2026","Oman","0","0","0","0","0","0","0","0","0","0"
"EUPA - EU Permitted Family Member Assessment","Received","31/07/2026","Pakistan","261","81","58","57","19","8","9","9","7","*"
"EUPA - EU Permitted Family Member Assessment","Received","31/07/2026","Palau","0","0","0","0","0","0","0","0","0","0"
"EUPA - EU Permitted Family Member Assessment","Received","31/07/2026","Palestine, State of","0","0","0","0","0","0","*","*","*","0"
"EUPA - EU Permitted Family Member Assessment","Received","31/07/2026","Panama","*","0","0","*","0","0","*","*","6","*"
"EUPA - EU Permitted Family Member Assessment","Received","31/07/2026","Papua New Guinea","0","0","0","0","0","0","0","0","0","0"
"EUPA - EU Permitted Family Member Assessment","Received","31/07/2026","Paraguay","*","*","0","*","*","*","*","*","*","0"
"EUPA - EU Permitted Family Member Assessment","Received","31/07/2026","Peru","*","0","*","0","*","*","0","*","*","0"
"EUPA - EU Permitted Family Member Assessment","Received","31/07/2026","Philippines (the)","*","14","*","*","*","*","6","*","*","0"
"EUPA - EU Permitted Family Member Assessment","Received","31/07/2026","Pitcairn","0","0","0","0","0","0","0","0","0","0"
"EUPA - EU Permitted Family Member Assessment","Received","31/07/2026","Puerto Rico","0","0","0","0","0","0","0","0","0","0"
"EUPA - EU Permitted Family Member Assessment","Received","31/07/2026","Qatar","0","0","0","0","0","0","0","0","0","0"
"EUPA - EU Permitted Family Member Assessment","Received","31/07/2026","Réunion","0","0","0","0","0","0","0","0","0","0"
"EUPA - EU Permitted Family Member Assessment","Received","31/07/2026","Russian Federation (the)","*","*","*","*","*","12","*","*","*","0"
"EUPA - EU Permitted Family Member Assessment","Received","31/07/2026","Rwanda","0","0","0","0","0","0","0","0","0","0"
"EUPA - EU Permitted Family Member Assessment","Received","31/07/2026","Saint Barthélemy","0","0","0","0","0","0","0","0","0","0"
"EUPA - EU Permitted Family Member Assessment","Received","31/07/2026","Saint Helena, Ascension and Tristan da Cunha","0","0","0","0","0","0","0","0","0","0"
"EUPA - EU Permitted Family Member Assessment","Received","31/07/2026","Saint Kitts and Nevis","0","0","0","0","0","0","0","0","0","0"
"EUPA - EU Permitted Family Member Assessment","Received","31/07/2026","Saint Lucia","0","0","0","0","0","0","0","0","0","0"
"EUPA - EU Permitted Family Member Assessment","Received","31/07/2026","Saint Martin (French part)","0","0","0","0","0","0","0","0","0","0"
"EUPA - EU Permitted Family Member Assessment","Received","31/07/2026","Saint Pierre and Miquelon","0","0","0","0","0","0","0","0","0","0"
"EUPA - EU Permitted Family Member Assessment","Received","31/07/2026","Saint Vincent and the Grenadines","0","*","0","0","0","0","0","0","0","0"
"EUPA - EU Permitted Family Member Assessment","Received","31/07/2026","Samoa","0","0","0","0","0","0","0","0","0","0"
"EUPA - EU Permitted Family Member Assessment","Received","31/07/2026","San Marino","0","0","0","0","0","0","0","0","0","0"
"EUPA - EU Permitted Family Member Assessment","Received","31/07/2026","Sao Tome and Principe","0","0","0","0","0","0","0","0","0","0"
"EUPA - EU Permitted Family Member Assessment","Received","31/07/2026","Saudi Arabia","0","*","0","0","0","*","0","0","0","0"
"EUPA - EU Permitted Family Member Assessment","Received","31/07/2026","Senegal","0","*","0","0","0","*","0","0","0","0"
"EUPA - EU Permitted Family Member Assessment","Received","31/07/2026","Serbia","0","*","0","0","0","*","*","0","0","0"
"EUPA - EU Permitted Family Member Assessment","Received","31/07/2026","Seychelles","0","0","0","0","0","0","0","0","0","0"
"EUPA - EU Permitted Family Member Assessment","Received","31/07/2026","Sierra Leone","0","0","0","0","*","0","0","0","0","0"
"EUPA - EU Permitted Family Member Assessment","Received","31/07/2026","Singapore","*","*","0","0","*","*","*","0","0","0"
"EUPA - EU Permitted Family Member Assessment","Received","31/07/2026","Sint Maarten (Dutch part)","0","0","0","0","0","0","0","0","0","0"
"EUPA - EU Permitted Family Member Assessment","Received","31/07/2026","Solomon Islands","0","0","0","0","0","0","0","0","0","0"
"EUPA - EU Permitted Family Member Assessment","Received","31/07/2026","Somalia","0","0","0","0","0","*","*","0","*","0"
"EUPA - EU Permitted Family Member Assessment","Received","31/07/2026","South Africa","34","34","39","37","14","27","15","13","15","0"
"EUPA - EU Permitted Family Member Assessment","Received","31/07/2026","South Georgia and the South Sandwich Islands","0","0","0","0","0","0","0","0","0","0"
"EUPA - EU Permitted Family Member Assessment","Received","31/07/2026","South Sudan","0","0","0","0","0","0","0","0","0","0"
"EUPA - EU Permitted Family Member Assessment","Received","31/07/2026","Sri Lanka","*","0","0","*","0","0","0","0","0","0"
"EUPA - EU Permitted Family Member Assessment","Received","31/07/2026","Sudan (the)","0","0","0","0","0","0","0","0","0","0"
"EUPA - EU Permitted Family Member Assessment","Received","31/07/2026","Suriname","0","0","0","0","0","0","0","0","0","0"
"EUPA - EU Permitted Family Member Assessment","Received","31/07/2026","Svalbard and Jan Mayen","0","0","0","0","0","0","0","0","0","0"
"EUPA - EU Permitted Family Member Assessment","Received","31/07/2026","Switzerland","0","0","0","0","0","0","0","0","0","0"
"EUPA - EU Permitted Family Member Assessment","Received","31/07/2026","Syrian Arab Republic (the)","0","0","*","*","*","*","0","*","0","0"
"EUPA - EU Permitted Family Member Assessment","Received","31/07/2026","Taiwan (Province of China)","*","*","*","0","0","*","0","0","*","*"
"EUPA - EU Permitted Family Member Assessment","Received","31/07/2026","Tajikistan","0","0","0","0","0","0","0","0","0","0"
"EUPA - EU Permitted Family Member Assessment","Received","31/07/2026","Tanzania, the United Republic of","0","0","0","0","0","0","0","0","0","0"
"EUPA - EU Permitted Family Member Assessment","Received","31/07/2026","Thailand","0","0","*","*","0","0","0","*","0","*"
"EUPA - EU Permitted Family Member Assessment","Received","31/07/2026","Timor-Leste","0","0","0","0","0","0","*","0","0","0"
"EUPA - EU Permitted Family Member Assessment","Received","31/07/2026","Togo","0","0","0","0","0","0","0","0","0","0"
"EUPA - EU Permitted Family Member Assessment","Received","31/07/2026","Tokelau","0","0","0","0","0","0","0","0","0","0"
"EUPA - EU Permitted Family Member Assessment","Received","31/07/2026","Tonga","0","0","0","0","0","0","0","0","0","0"
"EUPA - EU Permitted Family Member Assessment","Received","31/07/2026","Trinidad and Tobago","0","0","0","0","0","*","0","*","0","0"
"EUPA - EU Permitted Family Member Assessment","Received","31/07/2026","Tunisia","*","*","*","*","*","*","*","*","*","0"
"EUPA - EU Permitted Family Member Assessment","Received","31/07/2026","Turkiye","*","*","*","*","*","*","7","*","12","0"
"EUPA - EU Permitted Family Member Assessment","Received","31/07/2026","Turkmenistan","0","0","0","0","0","0","0","0","0","0"
"EUPA - EU Permitted Family Member Assessment","Received","31/07/2026","Turks and Caicos Islands (the)","0","0","0","0","0","0","0","0","0","0"
"EUPA - EU Permitted Family Member Assessment","Received","31/07/2026","Tuvalu","0","0","0","0","0","0","0","0","0","0"
"EUPA - EU Permitted Family Member Assessment","Received","31/07/2026","Uganda","0","*","0","0","0","0","0","0","*","0"
"EUPA - EU Permitted Family Member Assessment","Received","31/07/2026","Ukraine","7","*","*","*","*","*","7","*","*","0"
"EUPA - EU Permitted Family Member Assessment","Received","31/07/2026","United Arab Emirates (the)","0","0","0","0","0","0","0","0","0","0"
"EUPA - EU Permitted Family Member Assessment","Received","31/07/2026","United States Minor Outlying Islands (the)","0","0","0","0","0","0","0","0","0","0"
"EUPA - EU Permitted Family Member Assessment","Received","31/07/2026","United States of America (the)","18","18","16","21","8","18","11","14","11","*"
"EUPA - EU Permitted Family Member Assessment","Received","31/07/2026","Uruguay","*","*","*","*","*","*","*","*","*","*"
"EUPA - EU Permitted Family Member Assessment","Received","31/07/2026","Uzbekistan","*","0","0","0","0","0","0","0","0","0"
"EUPA - EU Permitted Family Member Assessment","Received","31/07/2026","Vanuatu","0","0","0","0","0","0","0","0","0","0"
"EUPA - EU Permitted Family Member Assessment","Received","31/07/2026","Venezuela (Bolivarian Republic of)","17","*","*","*","*","6","*","8","*","0"
"EUPA - EU Permitted Family Member Assessment","Received","31/07/2026","Viet Nam","*","0","0","*","0","*","*","0","0","0"
"EUPA - EU Permitted Family Member Assessment","Received","31/07/2026","Virgin Islands (British)","0","0","0","0","0","0","0","0","0","0"
"EUPA - EU Permitted Family Member Assessment","Received","31/07/2026","Virgin Islands (U.S.)","0","0","0","0","0","0","0","0","0","0"
"EUPA - EU Permitted Family Member Assessment","Received","31/07/2026","Wallis and Futuna","0","0","0","0","0","0","0","0","0","0"
"EUPA - EU Permitted Family Member Assessment","Received","31/07/2026","Western Sahara","0","0","0","0","0","0","0","0","0","0"
"EUPA - EU Permitted Family Member Assessment","Received","31/07/2026","Yemen","0","0","0","0","0","0","0","0","0","0"
"EUPA - EU Permitted Family Member Assessment","Received","31/07/2026","Zambia","*","0","0","0","0","0","0","0","0","0"
"EUPA - EU Permitted Family Member Assessment","Received","31/07/2026","Zimbabwe","0","0","0","*","*","*","0","0","*","0"
"EUPA - EU Permitted Family Member Assessment","Received","31/07/2026","*Other","7","*","*","*","*","*","*","7","*","*"
"EUPA - EU Permitted Family Member Assessment","Granted","31/07/2026","Afghanistan","0","0","0","0","0","0","0","0","0","0"
"EUPA - EU Permitted Family Member Assessment","Granted","31/07/2026","Åland Islands","0","0","0","0","0","0","0","0","0","0"
"EUPA - EU Permitted Family Member Assessment","Granted","31/07/2026","Albania","0","0","*","0","*","*","0","*","*","0"
"EUPA - EU Permitted Family Member Assessment","Granted","31/07/2026","Algeria","0","0","*","*","*","0","0","*","*","0"
"EUPA - EU Permitted Family Member Assessment","Granted","31/07/2026","American Samoa","0","0","0","0","0","0","0","0","0","0"
"EUPA - EU Permitted Family Member Assessment","Granted","31/07/2026","Andorra","0","0","0","0","0","0","0","0","0","0"
"EUPA - EU Permitted Family Member Assessment","Granted","31/07/2026","Angola","0","0","0","0","0","*","0","*","0","0"
"EUPA - EU Permitted Family Member Assessment","Granted","31/07/2026","Anguilla","0","0","0","0","0","0","0","0","0","0"
"EUPA - EU Permitted Family Member Assessment","Granted","31/07/2026","Antarctica","0","0","0","0","0","0","0","0","0","0"
"EUPA - EU Permitted Family Member Assessment","Granted","31/07/2026","Antigua and Barbuda","0","0","0","0","0","0","0","0","0","0"
"EUPA - EU Permitted Family Member Assessment","Granted","31/07/2026","Argentina","8","16","16","13","16","26","20","29","21","0"
"EUPA - EU Permitted Family Member Assessment","Granted","31/07/2026","Armenia","0","0","0","0","0","0","0","0","0","0"
"EUPA - EU Permitted Family Member Assessment","Granted","31/07/2026","Aruba","0","0","0","0","0","0","0","0","0","0"
"EUPA - EU Permitted Family Member Assessment","Granted","31/07/2026","Australia","8","*","*","*","*","*","*","*","*","*"
"EUPA - EU Permitted Family Member Assessment","Granted","31/07/2026","Azerbaijan","0","0","0","0","0","0","0","0","0","0"
"EUPA - EU Permitted Family Member Assessment","Granted","31/07/2026","Bahamas (the)","0","0","0","0","0","*","0","0","0","0"
"EUPA - EU Permitted Family Member Assessment","Granted","31/07/2026","Bahrain","0","0","0","0","0","0","0","0","0","0"
"EUPA - EU Permitted Family Member Assessment","Granted","31/07/2026","Bangladesh","*","0","*","*","*","*","0","*","*","0"
"EUPA - EU Permitted Family Member Assessment","Granted","31/07/2026","Barbados","0","0","0","0","0","0","0","0","0","0"
"EUPA - EU Permitted Family Member Assessment","Granted","31/07/2026","Belarus","0","0","0","0","0","0","*","0","*","0"
"EUPA - EU Permitted Family Member Assessment","Granted","31/07/2026","Belize","*","0","0","0","0","0","0","0","0","0"
"EUPA - EU Permitted Family Member Assessment","Granted","31/07/2026","Benin","0","0","0","0","0","0","0","0","0","0"
"EUPA - EU Permitted Family Member Assessment","Granted","31/07/2026","Bermuda","0","0","0","0","0","0","0","0","0","0"
"EUPA - EU Permitted Family Member Assessment","Granted","31/07/2026","Bhutan","0","0","0","0","0","0","0","0","0","0"
"EUPA - EU Permitted Family Member Assessment","Granted","31/07/2026","Bolivia (Plurinational State of)","*","*","0","0","0","*","*","*","6","*"
"EUPA - EU Permitted Family Member Assessment","Granted","31/07/2026","Bonaire, Sint Eustatius and Saba","0","0","0","0","0","0","0","0","0","0"
"EUPA - EU Permitted Family Member Assessment","Granted","31/07/2026","Bosnia and Herzegovina","0","0","0","0","0","0","0","*","0","0"
"EUPA - EU Permitted Family Member Assessment","Granted","31/07/2026","Botswana","0","0","*","0","0","0","0","*","*","0"
"EUPA - EU Permitted Family Member Assessment","Granted","31/07/2026","Bouvet Island","0","0","0","0","0","0","0","0","0","0"
"EUPA - EU Permitted Family Member Assessment","Granted","31/07/2026","Brazil","108","126","123","125","166","141","140","263","174","21"
"EUPA - EU Permitted Family Member Assessment","Granted","31/07/2026","Brunei Darussalam","0","0","0","0","0","0","0","0","0","0"
"EUPA - EU Permitted Family Member Assessment","Granted","31/07/2026","Burkina Faso","0","0","0","0","0","0","0","0","0","0"
"EUPA - EU Permitted Family Member Assessment","Granted","31/07/2026","Burundi","0","0","0","0","0","0","0","0","0","0"
"EUPA - EU Permitted Family Member Assessment","Granted","31/07/2026","Cabo Verde","0","0","0","0","0","0","0","0","0","0"
"EUPA - EU Permitted Family Member Assessment","Granted","31/07/2026","Cambodia","0","0","0","0","0","0","0","0","0","0"
"EUPA - EU Permitted Family Member Assessment","Granted","31/07/2026","Cameroon","0","*","*","0","*","0","0","*","*","0"
"EUPA - EU Permitted Family Member Assessment","Granted","31/07/2026","Canada","*","7","6","6","*","7","*","*","*","0"
"EUPA - EU Permitted Family Member Assessment","Granted","31/07/2026","Cayman Islands (the)","0","0","0","0","0","0","0","0","0","0"
"EUPA - EU Permitted Family Member Assessment","Granted","31/07/2026","Central African Republic (the)","0","0","0","0","0","0","0","0","0","0"
"EUPA - EU Permitted Family Member Assessment","Granted","31/07/2026","Ceuta","0","0","0","0","0","0","0","0","0","0"
"EUPA - EU Permitted Family Member Assessment","Granted","31/07/2026","Chad","0","0","0","0","0","0","0","0","0","0"
"EUPA - EU Permitted Family Member Assessment","Granted","31/07/2026","Chile","*","*","*","8","*","9","6","10","9","*"
"EUPA - EU Permitted Family Member Assessment","Granted","31/07/2026","China","*","6","*","7","11","*","10","10","6","*"
"EUPA - EU Permitted Family Member Assessment","Granted","31/07/2026","Christmas Island","0","0","0","0","0","0","0","0","0","0"
"EUPA - EU Permitted Family Member Assessment","Granted","31/07/2026","Cocos (Keeling) Islands (the)","0","0","0","0","0","0","0","0","0","0"
"EUPA - EU Permitted Family Member Assessment","Granted","31/07/2026","Colombia","*","*","*","*","*","*","*","*","*","0"
"EUPA - EU Permitted Family Member Assessment","Granted","31/07/2026","Comoros (the)","0","0","0","0","0","0","0","0","0","0"
"EUPA - EU Permitted Family Member Assessment","Granted","31/07/2026","Congo (the Democratic Republic of the)","0","0","*","0","0","0","0","0","0","0"
"EUPA - EU Permitted Family Member Assessment","Granted","31/07/2026","Congo (the)","0","0","0","0","0","0","0","0","0","0"
"EUPA - EU Permitted Family Member Assessment","Granted","31/07/2026","Cook Islands (the)","0","0","0","0","0","0","0","0","0","0"
"EUPA - EU Permitted Family Member Assessment","Granted","31/07/2026","Costa Rica","0","0","0","0","0","*","0","*","*","0"
"EUPA - EU Permitted Family Member Assessment","Granted","31/07/2026","Côte d'Ivoire","0","0","0","0","0","0","0","0","0","0"
"EUPA - EU Permitted Family Member Assessment","Granted","31/07/2026","Cuba","0","0","*","0","0","*","0","0","0","0"
"EUPA - EU Permitted Family Member Assessment","Granted","31/07/2026","Curaçao","0","0","0","0","0","0","0","0","0","0"
"EUPA - EU Permitted Family Member Assessment","Granted","31/07/2026","Djibouti","0","0","0","0","0","0","0","0","0","0"
"EUPA - EU Permitted Family Member Assessment","Granted","31/07/2026","Dominica","0","0","*","0","0","0","0","0","0","0"
"EUPA - EU Permitted Family Member Assessment","Granted","31/07/2026","Dominican Republic (the)","0","0","0","*","0","0","0","*","0","0"
"EUPA - EU Permitted Family Member Assessment","Granted","31/07/2026","Ecuador","0","*","0","*","0","*","0","0","0","0"
"EUPA - EU Permitted Family Member Assessment","Granted","31/07/2026","Egypt","*","*","*","0","*","0","0","*","0","0"
"EUPA - EU Permitted Family Member Assessment","Granted","31/07/2026","El Salvador","*","*","0","0","0","0","*","*","*","0"
"EUPA - EU Permitted Family Member Assessment","Granted","31/07/2026","Equatorial Guinea","0","0","0","0","*","0","0","0","0","0"
"EUPA - EU Permitted Family Member Assessment","Granted","31/07/2026","Eritrea","0","0","0","0","0","0","0","0","0","0"
"EUPA - EU Permitted Family Member Assessment","Granted","31/07/2026","Eswatini","0","0","0","0","0","0","0","0","0","0"
"EUPA - EU Permitted Family Member Assessment","Granted","31/07/2026","Ethiopia","0","0","0","0","0","*","0","*","0","0"
"EUPA - EU Permitted Family Member Assessment","Granted","31/07/2026","Falkland Islands (the) [Malvinas]","0","0","0","0","0","0","0","0","0","0"
"EUPA - EU Permitted Family Member Assessment","Granted","31/07/2026","Faroe Islands (the)","0","0","0","0","0","0","0","0","0","0"
"EUPA - EU Permitted Family Member Assessment","Granted","31/07/2026","Fiji","0","0","0","0","0","0","0","0","0","0"
"EUPA - EU Permitted Family Member Assessment","Granted","31/07/2026","French Guiana","0","0","0","0","0","0","0","0","0","0"
"EUPA - EU Permitted Family Member Assessment","Granted","31/07/2026","French Polynesia","0","0","0","0","0","0","0","0","0","0"
"EUPA - EU Permitted Family Member Assessment","Granted","31/07/2026","Gabon","0","0","0","0","0","0","0","0","0","0"
"EUPA - EU Permitted Family Member Assessment","Granted","31/07/2026","Gambia (the)","0","0","*","0","0","0","0","0","0","0"
"EUPA - EU Permitted Family Member Assessment","Granted","31/07/2026","Georgia","0","0","0","*","0","0","0","*","0","0"
"EUPA - EU Permitted Family Member Assessment","Granted","31/07/2026","Ghana","0","0","*","0","*","*","*","*","*","0"
"EUPA - EU Permitted Family Member Assessment","Granted","31/07/2026","Gibraltar","0","0","0","0","0","0","0","0","0","0"
"EUPA - EU Permitted Family Member Assessment","Granted","31/07/2026","Greenland","0","0","0","0","0","0","0","0","0","0"
"EUPA - EU Permitted Family Member Assessment","Granted","31/07/2026","Grenada","0","0","0","0","0","0","0","0","0","0"
"EUPA - EU Permitted Family Member Assessment","Granted","31/07/2026","Guadeloupe","0","0","0","0","0","0","0","0","0","0"
"EUPA - EU Permitted Family Member Assessment","Granted","31/07/2026","Guam","0","0","0","0","0","0","0","0","0","0"
"EUPA - EU Permitted Family Member Assessment","Granted","31/07/2026","Guatemala","0","0","0","0","0","0","0","*","*","0"
"EUPA - EU Permitted Family Member Assessment","Granted","31/07/2026","Guernsey","0","0","0","0","0","0","0","0","0","0"
"EUPA - EU Permitted Family Member Assessment","Granted","31/07/2026","Guinea","0","0","0","0","0","0","0","0","0","0"
"EUPA - EU Permitted Family Member Assessment","Granted","31/07/2026","Guinea-Bissau","0","0","0","0","0","0","0","0","0","0"
"EUPA - EU Permitted Family Member Assessment","Granted","31/07/2026","Guyana","0","0","0","0","0","0","0","0","0","0"
"EUPA - EU Permitted Family Member Assessment","Granted","31/07/2026","Haiti","0","0","0","0","0","0","0","0","0","0"
"EUPA - EU Permitted Family Member Assessment","Granted","31/07/2026","Heard Island and McDonald Islands","0","0","0","0","0","0","0","0","0","0"
"EUPA - EU Permitted Family Member Assessment","Granted","31/07/2026","Holy See (the)","0","0","0","0","0","0","0","0","0","0"
"EUPA - EU Permitted Family Member Assessment","Granted","31/07/2026","Honduras","0","0","0","0","*","0","0","*","*","0"
"EUPA - EU Permitted Family Member Assessment","Granted","31/07/2026","India","8","7","14","*","*","*","*","13","*","*"
"EUPA - EU Permitted Family Member Assessment","Granted","31/07/2026","Indonesia","0","*","*","0","*","0","*","0","*","0"
"EUPA - EU Permitted Family Member Assessment","Granted","31/07/2026","Iran (Islamic Republic of)","0","0","0","0","*","*","*","0","0","0"
"EUPA - EU Permitted Family Member Assessment","Granted","31/07/2026","Iraq","0","0","0","*","0","0","0","0","*","0"
"EUPA - EU Permitted Family Member Assessment","Granted","31/07/2026","Isle of Man","0","0","0","0","0","0","0","0","0","0"
"EUPA - EU Permitted Family Member Assessment","Granted","31/07/2026","Israel","*","*","*","*","*","*","*","*","*","*"
"EUPA - EU Permitted Family Member Assessment","Granted","31/07/2026","Jamaica","0","0","0","0","0","0","0","0","0","0"
"EUPA - EU Permitted Family Member Assessment","Granted","31/07/2026","Japan","*","0","*","*","*","*","*","*","*","0"
"EUPA - EU Permitted Family Member Assessment","Granted","31/07/2026","Jersey","0","0","0","0","0","0","0","0","0","0"
"EUPA - EU Permitted Family Member Assessment","Granted","31/07/2026","Jordan","*","0","0","0","0","0","0","0","0","0"
"EUPA - EU Permitted Family Member Assessment","Granted","31/07/2026","Kazakhstan","0","0","0","0","0","*","*","0","*","0"
"EUPA - EU Permitted Family Member Assessment","Granted","31/07/2026","Kenya","0","*","0","0","*","0","0","*","0","0"
"EUPA - EU Permitted Family Member Assessment","Granted","31/07/2026","Kiribati","0","0","0","0","0","0","0","0","0","0"
"EUPA - EU Permitted Family Member Assessment","Granted","31/07/2026","Korea (the Democratic People's Republic of) North Korea","0","0","0","0","0","0","0","*","0","0"
"EUPA - EU Permitted Family Member Assessment","Granted","31/07/2026","Korea (the Republic of) South Korea","6","*","*","*","6","*","*","*","*","0"
"EUPA - EU Permitted Family Member Assessment","Granted","31/07/2026","Kosovo","0","0","0","0","*","0","0","*","0","0"
"EUPA - EU Permitted Family Member Assessment","Granted","31/07/2026","Kuwait","0","0","0","0","0","0","0","0","0","0"
"EUPA - EU Permitted Family Member Assessment","Granted","31/07/2026","Kyrgyzstan","*","0","0","0","0","0","0","0","0","0"
"EUPA - EU Permitted Family Member Assessment","Granted","31/07/2026","Lao People's Democratic Republic (the)","0","0","0","0","0","0","0","0","0","0"
"EUPA - EU Permitted Family Member Assessment","Granted","31/07/2026","Lebanon","0","0","0","0","0","0","*","0","0","0"
"EUPA - EU Permitted Family Member Assessment","Granted","31/07/2026","Lesotho","0","0","0","0","0","0","0","0","0","0"
"EUPA - EU Permitted Family Member Assessment","Granted","31/07/2026","Liberia","0","0","*","0","0","0","0","0","0","0"
"EUPA - EU Permitted Family Member Assessment","Granted","31/07/2026","Libya","0","0","0","0","0","0","0","0","0","0"
"EUPA - EU Permitted Family Member Assessment","Granted","31/07/2026","Macao","0","0","0","0","0","0","0","0","0","0"
"EUPA - EU Permitted Family Member Assessment","Granted","31/07/2026","Madagascar","0","0","0","0","0","0","0","0","0","0"
"EUPA - EU Permitted Family Member Assessment","Granted","31/07/2026","Malawi","*","*","*","0","0","*","0","0","0","0"
"EUPA - EU Permitted Family Member Assessment","Granted","31/07/2026","Malaysia","*","*","*","*","*","*","*","*","*","0"
"EUPA - EU Permitted Family Member Assessment","Granted","31/07/2026","Maldives","0","0","0","0","0","0","0","0","0","0"
"EUPA - EU Permitted Family Member Assessment","Granted","31/07/2026","Mali","0","0","0","0","0","0","0","0","0","0"
"EUPA - EU Permitted Family Member Assessment","Granted","31/07/2026","Marshall Islands (the)","0","0","0","0","0","0","0","0","0","0"
"EUPA - EU Permitted Family Member Assessment","Granted","31/07/2026","Martinique","0","0","0","0","0","0","0","0","0","0"
"EUPA - EU Permitted Family Member Assessment","Granted","31/07/2026","Mauritania","0","0","0","0","0","0","0","0","0","0"
"EUPA - EU Permitted Family Member Assessment","Granted","31/07/2026","Mauritius","*","*","*","*","*","0","0","*","0","0"
"EUPA - EU Permitted Family Member Assessment","Granted","31/07/2026","Mayotte","0","0","0","0","0","0","0","0","0","0"
"EUPA - EU Permitted Family Member Assessment","Granted","31/07/2026","Melilla","0","0","0","0","0","0","0","0","0","0"
"EUPA - EU Permitted Family Member Assessment","Granted","31/07/2026","Mexico","6","9","15","14","18","27","12","33","24","*"
"EUPA - EU Permitted Family Member Assessment","Granted","31/07/2026","Micronesia (Federated States of)","0","0","0","0","0","0","0","0","0","0"
"EUPA - EU Permitted Family Member Assessment","Granted","31/07/2026","Moldova (the Republic of)","*","0","*","*","*","0","*","*","*","0"
"EUPA - EU Permitted Family Member Assessment","Granted","31/07/2026","Monaco","0","0","0","0","0","0","0","0","0","0"
"EUPA - EU Permitted Family Member Assessment","Granted","31/07/2026","Mongolia","0","0","0","0","0","0","0","*","*","*"
"EUPA - EU Permitted Family Member Assessment","Granted","31/07/2026","Montenegro","0","0","0","0","0","0","0","0","0","0"
"EUPA - EU Permitted Family Member Assessment","Granted","31/07/2026","Montserrat","0","0","0","0","0","0","0","0","0","0"
"EUPA - EU Permitted Family Member Assessment","Granted","31/07/2026","Morocco","0","*","0","0","*","0","0","*","*","*"
"EUPA - EU Permitted Family Member Assessment","Granted","31/07/2026","Mozambique","0","0","0","0","0","0","0","0","0","0"
"EUPA - EU Permitted Family Member Assessment","Granted","31/07/2026","Myanmar","0","0","0","0","0","0","0","0","0","0"
"EUPA - EU Permitted Family Member Assessment","Granted","31/07/2026","Namibia","0","0","0","0","0","0","0","0","0","0"
"EUPA - EU Permitted Family Member Assessment","Granted","31/07/2026","Nauru","0","0","0","0","0","0","0","0","0","0"
"EUPA - EU Permitted Family Member Assessment","Granted","31/07/2026","Nepal","*","*","0","*","*","0","0","*","0","0"
"EUPA - EU Permitted Family Member Assessment","Granted","31/07/2026","New Caledonia","0","0","0","0","0","0","0","0","0","0"
"EUPA - EU Permitted Family Member Assessment","Granted","31/07/2026","New Zealand","0","*","*","*","0","*","0","6","0","0"
"EUPA - EU Permitted Family Member Assessment","Granted","31/07/2026","Nicaragua","0","0","0","0","0","0","0","*","0","0"
"EUPA - EU Permitted Family Member Assessment","Granted","31/07/2026","Niger (the)","0","0","0","0","0","0","0","0","0","0"
"EUPA - EU Permitted Family Member Assessment","Granted","31/07/2026","Nigeria","*","6","*","*","*","*","*","9","6","*"
"EUPA - EU Permitted Family Member Assessment","Granted","31/07/2026","Niue","0","0","0","0","0","0","0","0","0","0"
"EUPA - EU Permitted Family Member Assessment","Granted","31/07/2026","Norfolk Island","0","0","0","0","0","0","0","0","0","0"
"EUPA - EU Permitted Family Member Assessment","Granted","31/07/2026","North Macedonia","0","0","0","0","0","0","0","0","*","0"
"EUPA - EU Permitted Family Member Assessment","Granted","31/07/2026","Northern Mariana Islands (the)","0","0","0","0","0","0","0","0","0","0"
"EUPA - EU Permitted Family Member Assessment","Granted","31/07/2026","Oman","0","0","0","0","0","0","0","0","0","0"
"EUPA - EU Permitted Family Member Assessment","Granted","31/07/2026","Pakistan","25","22","26","30","24","*","*","12","7","0"
"EUPA - EU Permitted Family Member Assessment","Granted","31/07/2026","Palau","0","0","0","0","0","0","0","0","0","0"
"EUPA - EU Permitted Family Member Assessment","Granted","31/07/2026","Palestine, State of","0","0","0","0","0","0","*","*","0","*"
"EUPA - EU Permitted Family Member Assessment","Granted","31/07/2026","Panama","0","0","0","*","0","0","0","*","*","0"
"EUPA - EU Permitted Family Member Assessment","Granted","31/07/2026","Papua New Guinea","0","0","0","0","0","0","0","0","0","0"
"EUPA - EU Permitted Family Member Assessment","Granted","31/07/2026","Paraguay","*","*","0","*","*","*","*","*","0","*"
"EUPA - EU Permitted Family Member Assessment","Granted","31/07/2026","Peru","*","0","*","0","*","*","0","*","*","0"
"EUPA - EU Permitted Family Member Assessment","Granted","31/07/2026","Philippines (the)","*","*","*","*","*","*","*","*","*","0"
"EUPA - EU Permitted Family Member Assessment","Granted","31/07/2026","Pitcairn","0","0","0","0","0","0","0","0","0","0"
"EUPA - EU Permitted Family Member Assessment","Granted","31/07/2026","Puerto Rico","0","0","0","0","0","0","0","0","0","0"
"EUPA - EU Permitted Family Member Assessment","Granted","31/07/2026","Qatar","0","0","0","0","0","0","0","0","0","0"
"EUPA - EU Permitted Family Member Assessment","Granted","31/07/2026","Réunion","0","0","0","0","0","0","0","0","0","0"
"EUPA - EU Permitted Family Member Assessment","Granted","31/07/2026","Russian Federation (the)","*","*","*","*","*","*","*","*","*","*"
"EUPA - EU Permitted Family Member Assessment","Granted","31/07/2026","Rwanda","0","0","0","0","0","0","0","0","0","0"
"EUPA - EU Permitted Family Member Assessment","Granted","31/07/2026","Saint Barthélemy","0","0","0","0","0","0","0","0","0","0"
"EUPA - EU Permitted Family Member Assessment","Granted","31/07/2026","Saint Helena, Ascension and Tristan da Cunha","0","0","0","0","0","0","0","0","0","0"
"EUPA - EU Permitted Family Member Assessment","Granted","31/07/2026","Saint Kitts and Nevis","0","0","0","0","0","0","0","0","0","0"
"EUPA - EU Permitted Family Member Assessment","Granted","31/07/2026","Saint Lucia","0","0","0","0","0","0","0","0","0","0"
"EUPA - EU Permitted Family Member Assessment","Granted","31/07/2026","Saint Martin (French part)","0","0","0","0","0","0","0","0","0","0"
"EUPA - EU Permitted Family Member Assessment","Granted","31/07/2026","Saint Pierre and Miquelon","0","0","0","0","0","0","0","0","0","0"
"EUPA - EU Permitted Family Member Assessment","Granted","31/07/2026","Saint Vincent and the Grenadines","0","*","0","0","0","0","0","0","0","0"
"EUPA - EU Permitted Family Member Assessment","Granted","31/07/2026","Samoa","0","0","0","0","0","0","0","0","0","0"
"EUPA - EU Permitted Family Member Assessment","Granted","31/07/2026","San Marino","0","0","0","0","0","0","0","0","0","0"
"EUPA - EU Permitted Family Member Assessment","Granted","31/07/2026","Sao Tome and Principe","0","0","0","0","0","0","0","0","0","0"
"EUPA - EU Permitted Family Member Assessment","Granted","31/07/2026","Saudi Arabia","0","*","0","0","0","*","0","0","0","0"
"EUPA - EU Permitted Family Member Assessment","Granted","31/07/2026","Senegal","0","0","0","0","0","0","*","0","0","0"
"EUPA - EU Permitted Family Member Assessment","Granted","31/07/2026","Serbia","0","*","0","0","0","*","0","*","0","0"
"EUPA - EU Permitted Family Member Assessment","Granted","31/07/2026","Seychelles","0","0","0","0","0","0","0","0","0","0"
"EUPA - EU Permitted Family Member Assessment","Granted","31/07/2026","Sierra Leone","0","0","0","0","*","0","0","0","0","0"
"EUPA - EU Permitted Family Member Assessment","Granted","31/07/2026","Singapore","*","*","0","0","*","0","*","*","0","0"
"EUPA - EU Permitted Family Member Assessment","Granted","31/07/2026","Sint Maarten (Dutch part)","0","0","0","0","0","0","0","0","0","0"
"EUPA - EU Permitted Family Member Assessment","Granted","31/07/2026","Solomon Islands","0","0","0","0","0","0","0","0","0","0"
"EUPA - EU Permitted Family Member Assessment","Granted","31/07/2026","Somalia","0","0","0","0","0","*","*","*","0","0"
"EUPA - EU Permitted Family Member Assessment","Granted","31/07/2026","South Africa","9","13","28","15","13","8","14","12","6","0"
"EUPA - EU Permitted Family Member Assessment","Granted","31/07/2026","South Georgia and the South Sandwich Islands","0","0","0","0","0","0","0","0","0","0"
"EUPA - EU Permitted Family Member Assessment","Granted","31/07/2026","South Sudan","0","0","0","0","0","0","0","0","0","0"
"EUPA - EU Permitted Family Member Assessment","Granted","31/07/2026","Sri Lanka","0","0","0","0","0","0","0","0","0","0"
"EUPA - EU Permitted Family Member Assessment","Granted","31/07/2026","Sudan (the)","0","0","0","0","0","0","0","0","0","0"
"EUPA - EU Permitted Family Member Assessment","Granted","31/07/2026","Suriname","0","0","0","0","0","0","0","0","0","0"
"EUPA - EU Permitted Family Member Assessment","Granted","31/07/2026","Svalbard and Jan Mayen","0","0","0","0","0","0","0","0","0","0"
"EUPA - EU Permitted Family Member Assessment","Granted","31/07/2026","Switzerland","0","0","0","0","0","0","0","0","0","0"
"EUPA - EU Permitted Family Member Assessment","Granted","31/07/2026","Syrian Arab Republic (the)","0","0","0","*","*","0","0","0","0","0"
"EUPA - EU Permitted Family Member Assessment","Granted","31/07/2026","Taiwan (Province of China)","*","*","*","0","0","*","0","0","0","0"
"EUPA - EU Permitted Family Member Assessment","Granted","31/07/2026","Tajikistan","0","0","0","0","0","0","0","0","0","0"
"EUPA - EU Permitted Family Member Assessment","Granted","31/07/2026","Tanzania, the United Republic of","0","0","0","0","0","0","0","0","0","0"
"EUPA - EU Permitted Family Member Assessment","Granted","31/07/2026","Thailand","0","0","*","0","0","0","0","*","0","0"
"EUPA - EU Permitted Family Member Assessment","Granted","31/07/2026","Timor-Leste","0","0","0","0","0","0","0","0","0","0"
"EUPA - EU Permitted Family Member Assessment","Granted","31/07/2026","Togo","0","0","0","0","0","0","0","0","0","0"
"EUPA - EU Permitted Family Member Assessment","Granted","31/07/2026","Tokelau","0","0","0","0","0","0","0","0","0","0"
"EUPA - EU Permitted Family Member Assessment","Granted","31/07/2026","Tonga","0","0","0","0","0","0","0","0","0","0"
"EUPA - EU Permitted Family Member Assessment","Granted","31/07/2026","Trinidad and Tobago","0","0","0","0","0","0","0","*","*","0"
"EUPA - EU Permitted Family Member Assessment","Granted","31/07/2026","Tunisia","*","*","*","*","*","*","0","0","0","0"
"EUPA - EU Permitted Family Member Assessment","Granted","31/07/2026","Turkiye","*","*","*","*","*","0","*","*","10","*"
"EUPA - EU Permitted Family Member Assessment","Granted","31/07/2026","Turkmenistan","0","0","0","0","0","0","0","0","0","0"
"EUPA - EU Permitted Family Member Assessment","Granted","31/07/2026","Turks and Caicos Islands (the)","0","0","0","0","0","0","0","0","0","0"
"EUPA - EU Permitted Family Member Assessment","Granted","31/07/2026","Tuvalu","0","0","0","0","0","0","0","0","0","0"
"EUPA - EU Permitted Family Member Assessment","Granted","31/07/2026","Uganda","0","0","0","0","0","0","0","0","*","0"
"EUPA - EU Permitted Family Member Assessment","Granted","31/07/2026","Ukraine","*","*","*","*","*","0","*","*","*","*"
"EUPA - EU Permitted Family Member Assessment","Granted","31/07/2026","United Arab Emirates (the)","0","0","0","0","0","0","0","0","0","0"
"EUPA - EU Permitted Family Member Assessment","Granted","31/07/2026","United States Minor Outlying Islands (the)","0","0","0","0","0","0","0","0","0","0"
"EUPA - EU Permitted Family Member Assessment","Granted","31/07/2026","United States of America (the)","11","9","14","15","8","*","12","11","10","*"
"EUPA - EU Permitted Family Member Assessment","Granted","31/07/2026","Uruguay","0","*","*","*","*","*","*","*","*","0"
"EUPA - EU Permitted Family Member Assessment","Granted","31/07/2026","Uzbekistan","*","0","0","0","0","0","0","0","0","0"
"EUPA - EU Permitted Family Member Assessment","Granted","31/07/2026","Vanuatu","0","0","0","0","0","0","0","0","0","0"
"EUPA - EU Permitted Family Member Assessment","Granted","31/07/2026","Venezuela (Bolivarian Republic of)","10","*","*","*","*","*","*","6","*","0"
"EUPA - EU Permitted Family Member Assessment","Granted","31/07/2026","Viet Nam","*","0","0","*","0","0","0","*","0","0"
"EUPA - EU Permitted Family Member Assessment","Granted","31/07/2026","Virgin Islands (British)","0","0","0","0","0","0","0","0","0","0"
"EUPA - EU Permitted Family Member Assessment","Granted","31/07/2026","Virgin Islands (U.S.)","0","0","0","0","0","0","0","0","0","0"
"EUPA - EU Permitted Family Member Assessment","Granted","31/07/2026","Wallis and Futuna","0","0","0","0","0","0","0","0","0","0"
"EUPA - EU Permitted Family Member Assessment","Granted","31/07/2026","Western Sahara","0","0","0","0","0","0","0","0","0","0"
"EUPA - EU Permitted Family Member Assessment","Granted","31/07/2026","Yemen","0","0","0","0","0","0","0","0","0","0"
"EUPA - EU Permitted Family Member Assessment","Granted","31/07/2026","Zambia","0","0","0","0","0","0","0","0","0","0"
"EUPA - EU Permitted Family Member Assessment","Granted","31/07/2026","Zimbabwe","0","0","0","0","*","*","0","0","*","0"
"EUPA - EU Permitted Family Member Assessment","Granted","31/07/2026","*Other","*","*","*","*","0","*","*","*","0","0"
"EUPA - EU Permitted Family Member Assessment","Refused","31/07/2026","Afghanistan","7","*","0","0","*","0","0","0","0","0"
"EUPA - EU Permitted Family Member Assessment","Refused","31/07/2026","Åland Islands","0","0","0","0","0","0","0","0","0","0"
"EUPA - EU Permitted Family Member Assessment","Refused","31/07/2026","Albania","*","*","*","*","*","*","*","*","*","0"
"EUPA - EU Permitted Family Member Assessment","Refused","31/07/2026","Algeria","0","0","*","*","*","*","*","*","10","*"
"EUPA - EU Permitted Family Member Assessment","Refused","31/07/2026","American Samoa","0","0","0","0","0","0","0","0","0","0"
"EUPA - EU Permitted Family Member Assessment","Refused","31/07/2026","Andorra","0","0","0","0","0","0","0","0","0","0"
"EUPA - EU Permitted Family Member Assessment","Refused","31/07/2026","Angola","0","0","0","0","0","0","0","0","0","0"
"EUPA - EU Permitted Family Member Assessment","Refused","31/07/2026","Anguilla","0","0","0","0","0","0","0","0","0","0"
"EUPA - EU Permitted Family Member Assessment","Refused","31/07/2026","Antarctica","0","0","0","0","0","0","0","0","0","0"
"EUPA - EU Permitted Family Member Assessment","Refused","31/07/2026","Antigua and Barbuda","0","0","0","0","0","0","0","0","0","0"
"EUPA - EU Permitted Family Member Assessment","Refused","31/07/2026","Argentina","*","*","*","*","0","8","*","*","*","*"
"EUPA - EU Permitted Family Member Assessment","Refused","31/07/2026","Armenia","*","0","0","0","0","*","0","0","0","0"
"EUPA - EU Permitted Family Member Assessment","Refused","31/07/2026","Aruba","0","0","0","0","0","0","0","0","0","0"
"EUPA - EU Permitted Family Member Assessment","Refused","31/07/2026","Australia","*","*","0","0","0","0","*","*","0","0"
"EUPA - EU Permitted Family Member Assessment","Refused","31/07/2026","Azerbaijan","0","0","0","0","0","0","0","0","0","0"
"EUPA - EU Permitted Family Member Assessment","Refused","31/07/2026","Bahamas (the)","0","0","0","0","*","0","0","0","0","0"
"EUPA - EU Permitted Family Member Assessment","Refused","31/07/2026","Bahrain","0","0","0","0","0","0","0","0","0","0"
"EUPA - EU Permitted Family Member Assessment","Refused","31/07/2026","Bangladesh","104","*","9","*","*","*","*","0","*","0"
"EUPA - EU Permitted Family Member Assessment","Refused","31/07/2026","Barbados","0","0","0","0","0","0","0","0","0","0"
"EUPA - EU Permitted Family Member Assessment","Refused","31/07/2026","Belarus","0","0","*","0","0","*","*","0","0","*"
"EUPA - EU Permitted Family Member Assessment","Refused","31/07/2026","Belize","0","0","0","0","0","0","0","0","0","0"
"EUPA - EU Permitted Family Member Assessment","Refused","31/07/2026","Benin","0","0","0","0","0","0","0","0","0","0"
"EUPA - EU Permitted Family Member Assessment","Refused","31/07/2026","Bermuda","0","0","0","0","0","0","0","0","0","0"
"EUPA - EU Permitted Family Member Assessment","Refused","31/07/2026","Bhutan","0","0","0","0","0","0","0","0","0","0"
"EUPA - EU Permitted Family Member Assessment","Refused","31/07/2026","Bolivia (Plurinational State of)","*","*","0","*","0","*","*","0","0","0"
"EUPA - EU Permitted Family Member Assessment","Refused","31/07/2026","Bonaire, Sint Eustatius and Saba","0","0","0","0","0","0","0","0","0","0"
"EUPA - EU Permitted Family Member Assessment","Refused","31/07/2026","Bosnia and Herzegovina","0","0","0","0","0","0","0","0","0","0"
"EUPA - EU Permitted Family Member Assessment","Refused","31/07/2026","Botswana","0","0","*","0","0","0","0","0","0","0"
"EUPA - EU Permitted Family Member Assessment","Refused","31/07/2026","Bouvet Island","0","0","0","0","0","0","0","0","0","0"
"EUPA - EU Permitted Family Member Assessment","Refused","31/07/2026","Brazil","48","39","48","31","39","90","87","27","76","17"
"EUPA - EU Permitted Family Member Assessment","Refused","31/07/2026","Brunei Darussalam","0","0","0","0","0","0","0","0","0","0"
"EUPA - EU Permitted Family Member Assessment","Refused","31/07/2026","Burkina Faso","0","0","0","0","0","0","0","0","0","0"
"EUPA - EU Permitted Family Member Assessment","Refused","31/07/2026","Burundi","0","0","0","0","0","0","0","0","0","0"
"EUPA - EU Permitted Family Member Assessment","Refused","31/07/2026","Cabo Verde","0","0","0","0","0","0","0","0","0","0"
"EUPA - EU Permitted Family Member Assessment","Refused","31/07/2026","Cambodia","0","0","0","0","0","0","0","0","0","0"
"EUPA - EU Permitted Family Member Assessment","Refused","31/07/2026","Cameroon","0","*","*","0","0","0","0","0","0","0"
"EUPA - EU Permitted Family Member Assessment","Refused","31/07/2026","Canada","0","*","0","0","*","*","0","*","*","0"
"EUPA - EU Permitted Family Member Assessment","Refused","31/07/2026","Cayman Islands (the)","0","0","0","0","0","0","0","0","0","0"
"EUPA - EU Permitted Family Member Assessment","Refused","31/07/2026","Central African Republic (the)","0","0","0","0","0","0","0","0","0","0"
"EUPA - EU Permitted Family Member Assessment","Refused","31/07/2026","Ceuta","0","0","0","0","0","0","0","0","0","0"
"EUPA - EU Permitted Family Member Assessment","Refused","31/07/2026","Chad","0","0","0","0","0","0","0","0","0","0"
"EUPA - EU Permitted Family Member Assessment","Refused","31/07/2026","Chile","*","0","*","*","*","*","0","0","*","*"
"EUPA - EU Permitted Family Member Assessment","Refused","31/07/2026","China","*","*","0","*","0","*","*","*","*","0"
"EUPA - EU Permitted Family Member Assessment","Refused","31/07/2026","Christmas Island","0","0","0","0","0","0","0","0","0","0"
"EUPA - EU Permitted Family Member Assessment","Refused","31/07/2026","Cocos (Keeling) Islands (the)","0","0","0","0","0","0","0","0","0","0"
"EUPA - EU Permitted Family Member Assessment","Refused","31/07/2026","Colombia","0","0","*","0","0","0","*","0","0","0"
"EUPA - EU Permitted Family Member Assessment","Refused","31/07/2026","Comoros (the)","0","0","0","0","0","0","0","0","0","0"
"EUPA - EU Permitted Family Member Assessment","Refused","31/07/2026","Congo (the Democratic Republic of the)","0","0","0","0","0","0","0","0","0","0"
"EUPA - EU Permitted Family Member Assessment","Refused","31/07/2026","Congo (the)","0","0","0","0","0","0","0","0","0","0"
"EUPA - EU Permitted Family Member Assessment","Refused","31/07/2026","Cook Islands (the)","0","0","0","0","0","0","0","0","0","0"
"EUPA - EU Permitted Family Member Assessment","Refused","31/07/2026","Costa Rica","0","0","0","0","*","0","0","0","*","*"
"EUPA - EU Permitted Family Member Assessment","Refused","31/07/2026","Côte d'Ivoire","0","0","0","0","0","0","0","0","0","0"
"EUPA - EU Permitted Family Member Assessment","Refused","31/07/2026","Cuba","*","0","0","0","*","*","0","0","0","0"
"EUPA - EU Permitted Family Member Assessment","Refused","31/07/2026","Curaçao","0","0","0","0","0","0","0","0","0","0"
"EUPA - EU Permitted Family Member Assessment","Refused","31/07/2026","Djibouti","0","0","0","0","0","0","0","0","0","0"
"EUPA - EU Permitted Family Member Assessment","Refused","31/07/2026","Dominica","0","0","0","0","0","0","0","0","0","0"
"EUPA - EU Permitted Family Member Assessment","Refused","31/07/2026","Dominican Republic (the)","0","0","0","0","0","0","*","0","0","0"
"EUPA - EU Permitted Family Member Assessment","Refused","31/07/2026","Ecuador","0","*","0","0","0","0","0","0","0","0"
"EUPA - EU Permitted Family Member Assessment","Refused","31/07/2026","Egypt","*","*","*","*","*","0","0","0","*","0"
"EUPA - EU Permitted Family Member Assessment","Refused","31/07/2026","El Salvador","0","0","0","0","0","0","*","0","0","0"
"EUPA - EU Permitted Family Member Assessment","Refused","31/07/2026","Equatorial Guinea","0","0","0","0","0","0","0","0","0","0"
"EUPA - EU Permitted Family Member Assessment","Refused","31/07/2026","Eritrea","0","0","0","0","0","0","0","0","0","0"
"EUPA - EU Permitted Family Member Assessment","Refused","31/07/2026","Eswatini","0","0","0","0","0","0","0","0","0","0"
"EUPA - EU Permitted Family Member Assessment","Refused","31/07/2026","Ethiopia","0","0","0","0","0","0","0","0","0","0"
"EUPA - EU Permitted Family Member Assessment","Refused","31/07/2026","Falkland Islands (the) [Malvinas]","0","0","0","0","0","0","0","0","0","0"
"EUPA - EU Permitted Family Member Assessment","Refused","31/07/2026","Faroe Islands (the)","0","0","0","0","0","0","0","0","0","0"
"EUPA - EU Permitted Family Member Assessment","Refused","31/07/2026","Fiji","0","0","0","0","0","0","0","0","0","0"
"EUPA - EU Permitted Family Member Assessment","Refused","31/07/2026","French Guiana","0","0","0","0","0","0","0","0","0","0"
"EUPA - EU Permitted Family Member Assessment","Refused","31/07/2026","French Polynesia","0","0","0","0","0","0","0","0","0","0"
"EUPA - EU Permitted Family Member Assessment","Refused","31/07/2026","Gabon","0","0","0","0","0","0","0","0","0","0"
"EUPA - EU Permitted Family Member Assessment","Refused","31/07/2026","Gambia (the)","*","0","*","0","0","0","0","0","0","0"
"EUPA - EU Permitted Family Member Assessment","Refused","31/07/2026","Georgia","*","*","*","0","0","0","0","*","*","*"
"EUPA - EU Permitted Family Member Assessment","Refused","31/07/2026","Ghana","*","0","0","0","0","*","*","0","0","0"
"EUPA - EU Permitted Family Member Assessment","Refused","31/07/2026","Gibraltar","0","0","0","0","0","0","0","0","0","0"
"EUPA - EU Permitted Family Member Assessment","Refused","31/07/2026","Greenland","0","0","0","0","0","0","0","0","0","0"
"EUPA - EU Permitted Family Member Assessment","Refused","31/07/2026","Grenada","0","0","0","0","0","0","0","0","0","0"
"EUPA - EU Permitted Family Member Assessment","Refused","31/07/2026","Guadeloupe","0","0","0","0","0","0","0","0","0","0"
"EUPA - EU Permitted Family Member Assessment","Refused","31/07/2026","Guam","0","0","0","0","0","0","0","0","0","0"
"EUPA - EU Permitted Family Member Assessment","Refused","31/07/2026","Guatemala","0","0","0","0","0","0","0","0","0","0"
"EUPA - EU Permitted Family Member Assessment","Refused","31/07/2026","Guernsey","0","0","0","0","0","0","0","0","0","0"
"EUPA - EU Permitted Family Member Assessment","Refused","31/07/2026","Guinea","0","0","0","0","0","0","0","0","0","0"
"EUPA - EU Permitted Family Member Assessment","Refused","31/07/2026","Guinea-Bissau","0","0","0","0","0","0","0","0","0","0"
"EUPA - EU Permitted Family Member Assessment","Refused","31/07/2026","Guyana","0","0","0","*","0","0","0","0","0","0"
"EUPA - EU Permitted Family Member Assessment","Refused","31/07/2026","Haiti","0","0","0","0","0","0","0","0","0","0"
"EUPA - EU Permitted Family Member Assessment","Refused","31/07/2026","Heard Island and McDonald Islands","0","0","0","0","0","0","0","0","0","0"
"EUPA - EU Permitted Family Member Assessment","Refused","31/07/2026","Holy See (the)","0","0","0","0","0","0","0","0","0","0"
"EUPA - EU Permitted Family Member Assessment","Refused","31/07/2026","Honduras","0","0","0","0","0","0","0","0","0","0"
"EUPA - EU Permitted Family Member Assessment","Refused","31/07/2026","India","146","22","15","*","*","8","10","*","0","*"
"EUPA - EU Permitted Family Member Assessment","Refused","31/07/2026","Indonesia","0","0","*","0","0","0","0","0","*","0"
"EUPA - EU Permitted Family Member Assessment","Refused","31/07/2026","Iran (Islamic Republic of)","0","0","*","0","*","0","0","0","0","0"
"EUPA - EU Permitted Family Member Assessment","Refused","31/07/2026","Iraq","0","0","0","*","0","0","0","0","0","0"
"EUPA - EU Permitted Family Member Assessment","Refused","31/07/2026","Isle of Man","0","0","0","0","0","0","0","0","0","0"
"EUPA - EU Permitted Family Member Assessment","Refused","31/07/2026","Israel","*","0","0","0","0","0","*","0","0","0"
"EUPA - EU Permitted Family Member Assessment","Refused","31/07/2026","Jamaica","*","*","*","0","0","0","0","0","0","0"
"EUPA - EU Permitted Family Member Assessment","Refused","31/07/2026","Japan","*","0","0","*","0","*","*","0","0","0"
"EUPA - EU Permitted Family Member Assessment","Refused","31/07/2026","Jersey","0","0","0","0","0","0","0","0","0","0"
"EUPA - EU Permitted Family Member Assessment","Refused","31/07/2026","Jordan","*","*","0","0","0","0","*","0","0","0"
"EUPA - EU Permitted Family Member Assessment","Refused","31/07/2026","Kazakhstan","0","0","0","0","0","0","0","0","0","0"
"EUPA - EU Permitted Family Member Assessment","Refused","31/07/2026","Kenya","0","0","*","0","0","0","0","0","0","0"
"EUPA - EU Permitted Family Member Assessment","Refused","31/07/2026","Kiribati","0","0","0","0","0","0","0","0","0","0"
"EUPA - EU Permitted Family Member Assessment","Refused","31/07/2026","Korea (the Democratic People's Republic of) North Korea","0","0","0","0","0","0","0","0","0","0"
"EUPA - EU Permitted Family Member Assessment","Refused","31/07/2026","Korea (the Republic of) South Korea","0","*","0","0","0","0","0","0","*","0"
"EUPA - EU Permitted Family Member Assessment","Refused","31/07/2026","Kosovo","0","0","*","0","0","0","0","0","0","0"
"EUPA - EU Permitted Family Member Assessment","Refused","31/07/2026","Kuwait","0","0","0","0","0","0","0","0","0","0"
"EUPA - EU Permitted Family Member Assessment","Refused","31/07/2026","Kyrgyzstan","0","0","0","0","0","0","0","0","0","0"
"EUPA - EU Permitted Family Member Assessment","Refused","31/07/2026","Lao People's Democratic Republic (the)","0","0","0","0","0","0","0","0","0","0"
"EUPA - EU Permitted Family Member Assessment","Refused","31/07/2026","Lebanon","0","0","0","0","0","0","*","0","0","0"
"EUPA - EU Permitted Family Member Assessment","Refused","31/07/2026","Lesotho","0","0","0","0","0","0","0","0","0","0"
"EUPA - EU Permitted Family Member Assessment","Refused","31/07/2026","Liberia","0","0","0","0","0","0","0","0","0","0"
"EUPA - EU Permitted Family Member Assessment","Refused","31/07/2026","Libya","0","0","0","0","0","0","0","0","0","0"
"EUPA - EU Permitted Family Member Assessment","Refused","31/07/2026","Macao","0","0","0","0","0","0","0","0","0","0"
"EUPA - EU Permitted Family Member Assessment","Refused","31/07/2026","Madagascar","0","0","0","0","0","0","0","0","0","0"
"EUPA - EU Permitted Family Member Assessment","Refused","31/07/2026","Malawi","*","0","0","*","0","*","*","0","0","0"
"EUPA - EU Permitted Family Member Assessment","Refused","31/07/2026","Malaysia","*","0","*","*","0","0","0","0","0","0"
"EUPA - EU Permitted Family Member Assessment","Refused","31/07/2026","Maldives","0","0","0","0","0","0","0","0","0","0"
"EUPA - EU Permitted Family Member Assessment","Refused","31/07/2026","Mali","0","0","0","0","0","0","0","0","0","0"
"EUPA - EU Permitted Family Member Assessment","Refused","31/07/2026","Marshall Islands (the)","0","0","0","0","0","0","0","0","0","0"
"EUPA - EU Permitted Family Member Assessment","Refused","31/07/2026","Martinique","0","0","0","0","0","0","0","0","0","0"
"EUPA - EU Permitted Family Member Assessment","Refused","31/07/2026","Mauritania","0","0","0","0","0","0","0","0","0","0"
"EUPA - EU Permitted Family Member Assessment","Refused","31/07/2026","Mauritius","*","*","*","0","0","0","*","0","0","0"
"EUPA - EU Permitted Family Member Assessment","Refused","31/07/2026","Mayotte","0","0","0","0","0","0","0","0","0","0"
"EUPA - EU Permitted Family Member Assessment","Refused","31/07/2026","Melilla","0","0","0","0","0","0","0","0","0","0"
"EUPA - EU Permitted Family Member Assessment","Refused","31/07/2026","Mexico","*","*","0","0","*","8","6","*","6","0"
"EUPA - EU Permitted Family Member Assessment","Refused","31/07/2026","Micronesia (Federated States of)","0","0","0","0","0","0","0","0","0","0"
"EUPA - EU Permitted Family Member Assessment","Refused","31/07/2026","Moldova (the Republic of)","*","6","*","*","*","10","*","*","*","0"
"EUPA - EU Permitted Family Member Assessment","Refused","31/07/2026","Monaco","0","0","0","0","0","0","0","0","0","0"
"EUPA - EU Permitted Family Member Assessment","Refused","31/07/2026","Mongolia","0","*","0","0","0","0","*","0","*","0"
"EUPA - EU Permitted Family Member Assessment","Refused","31/07/2026","Montenegro","0","0","0","0","0","0","0","0","0","0"
"EUPA - EU Permitted Family Member Assessment","Refused","31/07/2026","Montserrat","0","0","0","0","0","0","0","0","0","0"
"EUPA - EU Permitted Family Member Assessment","Refused","31/07/2026","Morocco","*","*","0","*","0","0","*","0","*","0"
"EUPA - EU Permitted Family Member Assessment","Refused","31/07/2026","Mozambique","0","0","0","0","0","0","0","0","0","0"
"EUPA - EU Permitted Family Member Assessment","Refused","31/07/2026","Myanmar","*","0","0","0","0","*","0","0","0","0"
"EUPA - EU Permitted Family Member Assessment","Refused","31/07/2026","Namibia","0","0","0","0","0","0","0","0","*","0"
"EUPA - EU Permitted Family Member Assessment","Refused","31/07/2026","Nauru","0","0","0","0","0","0","0","0","0","0"
"EUPA - EU Permitted Family Member Assessment","Refused","31/07/2026","Nepal","*","*","0","0","0","0","0","0","0","0"
"EUPA - EU Permitted Family Member Assessment","Refused","31/07/2026","New Caledonia","0","0","0","0","0","0","0","0","0","0"
"EUPA - EU Permitted Family Member Assessment","Refused","31/07/2026","New Zealand","0","0","0","0","0","*","0","*","*","0"
"EUPA - EU Permitted Family Member Assessment","Refused","31/07/2026","Nicaragua","0","0","0","0","0","0","0","0","0","0"
"EUPA - EU Permitted Family Member Assessment","Refused","31/07/2026","Niger (the)","0","0","0","0","0","0","0","0","0","0"
"EUPA - EU Permitted Family Member Assessment","Refused","31/07/2026","Nigeria","23","7","12","6","10","*","9","*","*","*"
"EUPA - EU Permitted Family Member Assessment","Refused","31/07/2026","Niue","0","0","0","0","0","0","0","0","0","0"
"EUPA - EU Permitted Family Member Assessment","Refused","31/07/2026","Norfolk Island","0","0","0","0","0","0","0","0","0","0"
"EUPA - EU Permitted Family Member Assessment","Refused","31/07/2026","North Macedonia","*","0","0","0","0","0","0","0","0","0"
"EUPA - EU Permitted Family Member Assessment","Refused","31/07/2026","Northern Mariana Islands (the)","0","0","0","0","0","0","0","0","0","0"
"EUPA - EU Permitted Family Member Assessment","Refused","31/07/2026","Oman","0","0","0","0","0","0","0","0","0","0"
"EUPA - EU Permitted Family Member Assessment","Refused","31/07/2026","Pakistan","993","90","38","8","19","6","*","*","0","*"
"EUPA - EU Permitted Family Member Assessment","Refused","31/07/2026","Palau","0","0","0","0","0","0","0","0","0","0"
"EUPA - EU Permitted Family Member Assessment","Refused","31/07/2026","Palestine, State of","0","0","0","0","0","0","0","0","0","0"
"EUPA - EU Permitted Family Member Assessment","Refused","31/07/2026","Panama","*","0","0","*","0","0","*","*","*","*"
"EUPA - EU Permitted Family Member Assessment","Refused","31/07/2026","Papua New Guinea","0","0","0","0","0","0","0","0","0","0"
"EUPA - EU Permitted Family Member Assessment","Refused","31/07/2026","Paraguay","0","0","0","0","0","0","0","0","*","0"
"EUPA - EU Permitted Family Member Assessment","Refused","31/07/2026","Peru","*","0","0","0","0","*","0","0","0","0"
"EUPA - EU Permitted Family Member Assessment","Refused","31/07/2026","Philippines (the)","*","10","*","*","0","0","*","0","0","0"
"EUPA - EU Permitted Family Member Assessment","Refused","31/07/2026","Pitcairn","0","0","0","0","0","0","0","0","0","0"
"EUPA - EU Permitted Family Member Assessment","Refused","31/07/2026","Puerto Rico","0","0","0","0","0","0","0","0","0","0"
"EUPA - EU Permitted Family Member Assessment","Refused","31/07/2026","Qatar","0","0","0","0","0","0","0","0","0","0"
"EUPA - EU Permitted Family Member Assessment","Refused","31/07/2026","Réunion","0","0","0","0","0","0","0","0","0","0"
"EUPA - EU Permitted Family Member Assessment","Refused","31/07/2026","Russian Federation (the)","*","*","*","0","*","*","*","*","0","0"
"EUPA - EU Permitted Family Member Assessment","Refused","31/07/2026","Rwanda","0","0","0","0","0","0","0","0","0","0"
"EUPA - EU Permitted Family Member Assessment","Refused","31/07/2026","Saint Barthélemy","0","0","0","0","0","0","0","0","0","0"
"EUPA - EU Permitted Family Member Assessment","Refused","31/07/2026","Saint Helena, Ascension and Tristan da Cunha","0","0","0","0","0","0","0","0","0","0"
"EUPA - EU Permitted Family Member Assessment","Refused","31/07/2026","Saint Kitts and Nevis","0","0","0","0","0","0","0","0","0","0"
"EUPA - EU Permitted Family Member Assessment","Refused","31/07/2026","Saint Lucia","0","0","0","0","0","0","0","0","0","0"
"EUPA - EU Permitted Family Member Assessment","Refused","31/07/2026","Saint Martin (French part)","0","0","0","0","0","0","0","0","0","0"
"EUPA - EU Permitted Family Member Assessment","Refused","31/07/2026","Saint Pierre and Miquelon","0","0","0","0","0","0","0","0","0","0"
"EUPA - EU Permitted Family Member Assessment","Refused","31/07/2026","Saint Vincent and the Grenadines","0","0","0","0","0","0","0","0","0","0"
"EUPA - EU Permitted Family Member Assessment","Refused","31/07/2026","Samoa","0","0","0","0","0","0","0","0","0","0"
"EUPA - EU Permitted Family Member Assessment","Refused","31/07/2026","San Marino","0","0","0","0","0","0","0","0","0","0"
"EUPA - EU Permitted Family Member Assessment","Refused","31/07/2026","Sao Tome and Principe","0","0","0","0","0","0","0","0","0","0"
"EUPA - EU Permitted Family Member Assessment","Refused","31/07/2026","Saudi Arabia","0","0","0","0","0","0","0","0","0","0"
"EUPA - EU Permitted Family Member Assessment","Refused","31/07/2026","Senegal","0","*","0","0","0","*","0","0","0","0"
"EUPA - EU Permitted Family Member Assessment","Refused","31/07/2026","Serbia","0","0","0","0","0","*","*","0","0","0"
"EUPA - EU Permitted Family Member Assessment","Refused","31/07/2026","Seychelles","0","0","0","0","0","0","0","0","0","0"
"EUPA - EU Permitted Family Member Assessment","Refused","31/07/2026","Sierra Leone","0","0","0","0","0","0","0","0","0","0"
"EUPA - EU Permitted Family Member Assessment","Refused","31/07/2026","Singapore","0","0","0","0","0","0","0","0","0","0"
"EUPA - EU Permitted Family Member Assessment","Refused","31/07/2026","Sint Maarten (Dutch part)","0","0","0","0","0","0","0","0","0","0"
"EUPA - EU Permitted Family Member Assessment","Refused","31/07/2026","Solomon Islands","0","0","0","0","0","0","0","0","0","0"
"EUPA - EU Permitted Family Member Assessment","Refused","31/07/2026","Somalia","0","0","0","0","0","0","0","0","0","*"
"EUPA - EU Permitted Family Member Assessment","Refused","31/07/2026","South Africa","32","23","9","15","10","10","8","*","6","*"
"EUPA - EU Permitted Family Member Assessment","Refused","31/07/2026","South Georgia and the South Sandwich Islands","0","0","0","0","0","0","0","0","0","0"
"EUPA - EU Permitted Family Member Assessment","Refused","31/07/2026","South Sudan","0","0","0","0","0","0","0","0","0","0"
"EUPA - EU Permitted Family Member Assessment","Refused","31/07/2026","Sri Lanka","20","0","0","0","*","0","0","0","0","0"
"EUPA - EU Permitted Family Member Assessment","Refused","31/07/2026","Sudan (the)","0","0","0","0","0","0","0","0","0","0"
"EUPA - EU Permitted Family Member Assessment","Refused","31/07/2026","Suriname","0","0","0","0","0","0","0","0","0","0"
"EUPA - EU Permitted Family Member Assessment","Refused","31/07/2026","Svalbard and Jan Mayen","0","0","0","0","0","0","0","0","0","0"
"EUPA - EU Permitted Family Member Assessment","Refused","31/07/2026","Switzerland","0","0","0","0","0","0","0","0","0","0"
"EUPA - EU Permitted Family Member Assessment","Refused","31/07/2026","Syrian Arab Republic (the)","0","0","*","0","0","*","0","*","0","0"
"EUPA - EU Permitted Family Member Assessment","Refused","31/07/2026","Taiwan (Province of China)","0","0","0","0","0","0","0","0","*","*"
"EUPA - EU Permitted Family Member Assessment","Refused","31/07/2026","Tajikistan","0","0","0","0","0","0","0","0","0","0"
"EUPA - EU Permitted Family Member Assessment","Refused","31/07/2026","Tanzania, the United Republic of","0","0","0","0","0","0","0","0","0","0"
"EUPA - EU Permitted Family Member Assessment","Refused","31/07/2026","Thailand","0","0","0","*","0","0","0","0","0","0"
"EUPA - EU Permitted Family Member Assessment","Refused","31/07/2026","Timor-Leste","0","0","0","0","0","0","*","0","0","0"
"EUPA - EU Permitted Family Member Assessment","Refused","31/07/2026","Togo","0","0","0","0","0","0","0","0","0","0"
"EUPA - EU Permitted Family Member Assessment","Refused","31/07/2026","Tokelau","0","0","0","0","0","0","0","0","0","0"
"EUPA - EU Permitted Family Member Assessment","Refused","31/07/2026","Tonga","0","0","0","0","0","0","0","0","0","0"
"EUPA - EU Permitted Family Member Assessment","Refused","31/07/2026","Trinidad and Tobago","0","0","0","0","0","*","0","0","0","0"
"EUPA - EU Permitted Family Member Assessment","Refused","31/07/2026","Tunisia","*","0","0","0","0","0","0","*","*","0"
"EUPA - EU Permitted Family Member Assessment","Refused","31/07/2026","Turkiye","*","0","0","0","0","*","*","*","0","0"
"EUPA - EU Permitted Family Member Assessment","Refused","31/07/2026","Turkmenistan","0","0","0","0","0","0","0","0","0","0"
"EUPA - EU Permitted Family Member Assessment","Refused","31/07/2026","Turks and Caicos Islands (the)","0","0","0","0","0","0","0","0","0","0"
"EUPA - EU Permitted Family Member Assessment","Refused","31/07/2026","Tuvalu","0","0","0","0","0","0","0","0","0","0"
"EUPA - EU Permitted Family Member Assessment","Refused","31/07/2026","Uganda","0","*","0","0","0","0","0","0","0","0"
"EUPA - EU Permitted Family Member Assessment","Refused","31/07/2026","Ukraine","*","0","*","*","*","*","*","0","0","0"
"EUPA - EU Permitted Family Member Assessment","Refused","31/07/2026","United Arab Emirates (the)","0","0","0","0","0","0","0","0","0","0"
"EUPA - EU Permitted Family Member Assessment","Refused","31/07/2026","United States Minor Outlying Islands (the)","0","0","0","0","0","0","0","0","0","0"
"EUPA - EU Permitted Family Member Assessment","Refused","31/07/2026","United States of America (the)","10","9","*","*","*","8","*","*","*","*"
"EUPA - EU Permitted Family Member Assessment","Refused","31/07/2026","Uruguay","*","0","0","0","0","0","0","0","*","*"
"EUPA - EU Permitted Family Member Assessment","Refused","31/07/2026","Uzbekistan","0","0","0","0","0","0","0","0","0","0"
"EUPA - EU Permitted Family Member Assessment","Refused","31/07/2026","Vanuatu","0","0","0","0","0","0","0","0","0","0"
"EUPA - EU Permitted Family Member Assessment","Refused","31/07/2026","Venezuela (Bolivarian Republic of)","9","*","0","*","*","*","*","*","*","0"
"EUPA - EU Permitted Family Member Assessment","Refused","31/07/2026","Viet Nam","0","0","0","0","0","*","0","*","0","0"
"EUPA - EU Permitted Family Member Assessment","Refused","31/07/2026","Virgin Islands (British)","0","0","0","0","0","0","0","0","0","0"
"EUPA - EU Permitted Family Member Assessment","Refused","31/07/2026","Virgin Islands (U.S.)","0","0","0","0","0","0","0","0","0","0"
"EUPA - EU Permitted Family Member Assessment","Refused","31/07/2026","Wallis and Futuna","0","0","0","0","0","0","0","0","0","0"
"EUPA - EU Permitted Family Member Assessment","Refused","31/07/2026","Western Sahara","0","0","0","0","0","0","0","0","0","0"
"EUPA - EU Permitted Family Member Assessment","Refused","31/07/2026","Yemen","0","0","0","0","0","0","0","0","0","0"
"EUPA - EU Permitted Family Member Assessment","Refused","31/07/2026","Zambia","*","0","0","0","0","0","0","0","0","0"
"EUPA - EU Permitted Family Member Assessment","Refused","31/07/2026","Zimbabwe","0","0","0","*","0","0","0","0","0","0"
"EUPA - EU Permitted Family Member Assessment","Refused","31/07/2026","*Other","*","*","*","0","*","*","*","*","*","0"
"EU4 - Appeal / Review","Received","31/07/2026","Afghanistan","15","54","21","*","*","*","12","0","0","0"
"EU4 - Appeal / Review","Received","31/07/2026","Åland Islands","0","0","0","0","0","0","0","0","0","0"
"EU4 - Appeal / Review","Received","31/07/2026","Albania","10","8","*","*","*","6","*","*","11","6"
"EU4 - Appeal / Review","Received","31/07/2026","Algeria","8","12","*","*","*","*","*","*","11","*"
"EU4 - Appeal / Review","Received","31/07/2026","American Samoa","0","0","0","0","0","0","0","0","0","0"
"EU4 - Appeal / Review","Received","31/07/2026","Andorra","0","0","0","0","0","0","0","0","0","0"
"EU4 - Appeal / Review","Received","31/07/2026","Angola","0","0","0","0","0","0","0","0","*","0"
"EU4 - Appeal / Review","Received","31/07/2026","Anguilla","0","0","0","0","0","0","0","0","0","0"
"EU4 - Appeal / Review","Received","31/07/2026","Antarctica","0","0","0","0","0","0","0","0","0","0"
"EU4 - Appeal / Review","Received","31/07/2026","Antigua and Barbuda","0","0","0","0","0","0","0","0","0","0"
"EU4 - Appeal / Review","Received","31/07/2026","Argentina","8","*","*","*","6","*","*","0","*","*"
"EU4 - Appeal / Review","Received","31/07/2026","Armenia","0","*","0","0","0","0","0","0","0","0"
"EU4 - Appeal / Review","Received","31/07/2026","Aruba","0","0","0","0","0","0","0","0","0","0"
"EU4 - Appeal / Review","Received","31/07/2026","Australia","*","*","*","0","0","0","*","0","*","0"
"EU4 - Appeal / Review","Received","31/07/2026","Azerbaijan","0","*","0","0","0","0","0","0","*","0"
"EU4 - Appeal / Review","Received","31/07/2026","Bahamas (the)","0","0","0","0","0","0","0","0","0","0"
"EU4 - Appeal / Review","Received","31/07/2026","Bahrain","0","0","0","0","0","0","0","0","0","0"
"EU4 - Appeal / Review","Received","31/07/2026","Bangladesh","89","60","81","15","39","9","*","*","19","11"
"EU4 - Appeal / Review","Received","31/07/2026","Barbados","0","0","0","0","0","0","0","0","0","0"
"EU4 - Appeal / Review","Received","31/07/2026","Belarus","*","*","*","0","0","*","0","0","*","0"
"EU4 - Appeal / Review","Received","31/07/2026","Belize","0","0","0","0","0","0","0","0","0","0"
"EU4 - Appeal / Review","Received","31/07/2026","Benin","0","0","0","0","*","0","0","0","0","0"
"EU4 - Appeal / Review","Received","31/07/2026","Bermuda","0","0","0","0","0","0","0","0","0","0"
"EU4 - Appeal / Review","Received","31/07/2026","Bhutan","0","0","0","0","0","0","0","0","0","0"
"EU4 - Appeal / Review","Received","31/07/2026","Bolivia (Plurinational State of)","*","0","*","*","*","*","*","*","*","*"
"EU4 - Appeal / Review","Received","31/07/2026","Bonaire, Sint Eustatius and Saba","0","0","0","0","0","0","0","0","0","0"
"EU4 - Appeal / Review","Received","31/07/2026","Bosnia and Herzegovina","*","*","*","0","0","0","0","0","*","0"
"EU4 - Appeal / Review","Received","31/07/2026","Botswana","0","0","*","0","*","0","*","0","0","0"
"EU4 - Appeal / Review","Received","31/07/2026","Bouvet Island","0","0","0","0","0","0","0","0","0","0"
"EU4 - Appeal / Review","Received","31/07/2026","Brazil","186","122","115","40","83","85","93","59","230","65"
"EU4 - Appeal / Review","Received","31/07/2026","Brunei Darussalam","0","0","0","0","0","0","0","0","0","0"
"EU4 - Appeal / Review","Received","31/07/2026","Burkina Faso","0","0","0","0","0","0","0","0","0","0"
"EU4 - Appeal / Review","Received","31/07/2026","Burundi","0","0","0","0","0","0","*","0","0","0"
"EU4 - Appeal / Review","Received","31/07/2026","Cabo Verde","*","0","0","0","0","0","0","0","0","0"
"EU4 - Appeal / Review","Received","31/07/2026","Cambodia","0","0","0","0","0","0","0","0","0","0"
"EU4 - Appeal / Review","Received","31/07/2026","Cameroon","*","*","*","0","*","0","*","0","0","0"
"EU4 - Appeal / Review","Received","31/07/2026","Canada","6","*","0","0","*","*","0","0","0","0"
"EU4 - Appeal / Review","Received","31/07/2026","Cayman Islands (the)","0","0","0","0","0","0","0","0","0","0"
"EU4 - Appeal / Review","Received","31/07/2026","Central African Republic (the)","0","0","*","0","0","0","0","0","0","0"
"EU4 - Appeal / Review","Received","31/07/2026","Ceuta","0","0","0","0","0","0","0","0","0","0"
"EU4 - Appeal / Review","Received","31/07/2026","Chad","0","0","0","0","0","0","0","0","0","0"
"EU4 - Appeal / Review","Received","31/07/2026","Chile","*","*","*","*","0","*","*","0","*","*"
"EU4 - Appeal / Review","Received","31/07/2026","China","18","18","17","*","*","*","*","*","7","*"
"EU4 - Appeal / Review","Received","31/07/2026","Christmas Island","0","0","0","0","0","0","0","0","0","0"
"EU4 - Appeal / Review","Received","31/07/2026","Cocos (Keeling) Islands (the)","0","0","0","0","0","0","0","0","0","0"
"EU4 - Appeal / Review","Received","31/07/2026","Colombia","*","*","*","0","*","*","*","0","*","*"
"EU4 - Appeal / Review","Received","31/07/2026","Comoros (the)","0","0","0","0","0","0","0","0","0","0"
"EU4 - Appeal / Review","Received","31/07/2026","Congo (the Democratic Republic of the)","*","0","0","0","*","0","0","0","0","0"
"EU4 - Appeal / Review","Received","31/07/2026","Congo (the)","*","0","0","0","0","0","0","0","0","0"
"EU4 - Appeal / Review","Received","31/07/2026","Cook Islands (the)","0","0","0","0","0","0","0","0","0","0"
"EU4 - Appeal / Review","Received","31/07/2026","Costa Rica","0","0","0","0","*","*","*","0","0","*"
"EU4 - Appeal / Review","Received","31/07/2026","Côte d'Ivoire","0","0","0","0","0","0","0","0","0","0"
"EU4 - Appeal / Review","Received","31/07/2026","Cuba","*","0","0","0","0","0","0","0","*","0"
"EU4 - Appeal / Review","Received","31/07/2026","Curaçao","0","0","0","0","0","0","0","0","0","0"
"EU4 - Appeal / Review","Received","31/07/2026","Djibouti","0","0","0","0","0","0","0","0","0","0"
"EU4 - Appeal / Review","Received","31/07/2026","Dominica","0","0","0","0","0","0","0","0","0","0"
"EU4 - Appeal / Review","Received","31/07/2026","Dominican Republic (the)","*","0","*","0","*","*","0","0","0","0"
"EU4 - Appeal / Review","Received","31/07/2026","Ecuador","0","0","0","0","0","0","0","0","0","0"
"EU4 - Appeal / Review","Received","31/07/2026","Egypt","22","35","29","9","10","*","*","*","*","*"
"EU4 - Appeal / Review","Received","31/07/2026","El Salvador","0","*","0","0","0","0","*","0","0","0"
"EU4 - Appeal / Review","Received","31/07/2026","Equatorial Guinea","0","0","0","0","0","0","0","0","0","0"
"EU4 - Appeal / Review","Received","31/07/2026","Eritrea","0","0","0","0","0","0","0","0","0","0"
"EU4 - Appeal / Review","Received","31/07/2026","Eswatini","0","0","*","0","0","0","0","0","0","0"
"EU4 - Appeal / Review","Received","31/07/2026","Ethiopia","0","0","0","0","0","0","0","0","*","0"
"EU4 - Appeal / Review","Received","31/07/2026","Falkland Islands (the) [Malvinas]","0","0","0","0","0","0","0","0","0","0"
"EU4 - Appeal / Review","Received","31/07/2026","Faroe Islands (the)","0","0","0","0","0","0","0","0","0","0"
"EU4 - Appeal / Review","Received","31/07/2026","Fiji","0","0","0","0","*","0","0","0","*","0"
"EU4 - Appeal / Review","Received","31/07/2026","French Guiana","0","0","0","0","0","0","0","0","0","0"
"EU4 - Appeal / Review","Received","31/07/2026","French Polynesia","0","0","0","0","0","0","0","0","0","0"
"EU4 - Appeal / Review","Received","31/07/2026","Gabon","0","0","0","0","0","0","0","0","0","0"
"EU4 - Appeal / Review","Received","31/07/2026","Gambia (the)","*","0","*","0","0","0","0","0","0","*"
"EU4 - Appeal / Review","Received","31/07/2026","Georgia","10","8","9","*","*","*","*","*","9","*"
"EU4 - Appeal / Review","Received","31/07/2026","Ghana","10","*","*","*","*","*","*","*","*","*"
"EU4 - Appeal / Review","Received","31/07/2026","Gibraltar","0","0","0","0","0","0","0","0","0","0"
"EU4 - Appeal / Review","Received","31/07/2026","Greenland","0","0","0","0","0","0","0","0","0","0"
"EU4 - Appeal / Review","Received","31/07/2026","Grenada","0","0","0","0","0","0","0","0","0","0"
"EU4 - Appeal / Review","Received","31/07/2026","Guadeloupe","0","0","0","0","0","0","0","0","0","0"
"EU4 - Appeal / Review","Received","31/07/2026","Guam","0","0","0","0","0","0","0","0","0","0"
"EU4 - Appeal / Review","Received","31/07/2026","Guatemala","0","0","0","0","0","*","0","0","0","0"
"EU4 - Appeal / Review","Received","31/07/2026","Guernsey","0","0","0","0","0","0","0","0","0","0"
"EU4 - Appeal / Review","Received","31/07/2026","Guinea","*","0","0","0","0","*","0","0","0","0"
"EU4 - Appeal / Review","Received","31/07/2026","Guinea-Bissau","0","0","0","0","0","0","0","0","0","0"
"EU4 - Appeal / Review","Received","31/07/2026","Guyana","0","0","0","*","0","0","*","0","0","0"
"EU4 - Appeal / Review","Received","31/07/2026","Haiti","0","0","0","0","0","0","0","0","0","0"
"EU4 - Appeal / Review","Received","31/07/2026","Heard Island and McDonald Islands","0","0","0","0","0","0","0","0","0","0"
"EU4 - Appeal / Review","Received","31/07/2026","Holy See (the)","0","0","0","0","0","0","0","0","0","0"
"EU4 - Appeal / Review","Received","31/07/2026","Honduras","*","0","0","0","*","0","0","0","*","0"
"EU4 - Appeal / Review","Received","31/07/2026","India","128","83","73","27","58","22","8","9","12","11"
"EU4 - Appeal / Review","Received","31/07/2026","Indonesia","0","0","*","0","0","0","0","0","*","0"
"EU4 - Appeal / Review","Received","31/07/2026","Iran (Islamic Republic of)","*","0","*","0","*","*","0","0","0","0"
"EU4 - Appeal / Review","Received","31/07/2026","Iraq","0","*","*","0","0","*","0","0","0","0"
"EU4 - Appeal / Review","Received","31/07/2026","Isle of Man","0","0","0","0","0","0","0","0","0","0"
"EU4 - Appeal / Review","Received","31/07/2026","Israel","*","*","0","0","0","0","0","*","0","*"
"EU4 - Appeal / Review","Received","31/07/2026","Jamaica","*","*","*","0","0","0","0","0","*","*"
"EU4 - Appeal / Review","Received","31/07/2026","Japan","*","*","0","0","0","*","0","0","*","0"
"EU4 - Appeal / Review","Received","31/07/2026","Jersey","0","0","0","0","0","0","0","0","0","0"
"EU4 - Appeal / Review","Received","31/07/2026","Jordan","*","*","0","0","*","*","*","0","0","0"
"EU4 - Appeal / Review","Received","31/07/2026","Kazakhstan","*","*","0","0","0","0","0","0","0","*"
"EU4 - Appeal / Review","Received","31/07/2026","Kenya","*","*","*","0","0","0","*","*","0","0"
"EU4 - Appeal / Review","Received","31/07/2026","Kiribati","0","0","0","0","0","0","0","0","0","0"
"EU4 - Appeal / Review","Received","31/07/2026","Korea (the Democratic People's Republic of) North Korea","0","0","0","0","0","0","0","0","0","0"
"EU4 - Appeal / Review","Received","31/07/2026","Korea (the Republic of) South Korea","*","*","0","0","0","0","0","*","0","*"
"EU4 - Appeal / Review","Received","31/07/2026","Kosovo","*","*","*","0","0","0","*","0","*","*"
"EU4 - Appeal / Review","Received","31/07/2026","Kuwait","0","0","0","0","0","0","0","0","0","0"
"EU4 - Appeal / Review","Received","31/07/2026","Kyrgyzstan","0","*","0","0","0","0","0","0","0","0"
"EU4 - Appeal / Review","Received","31/07/2026","Lao People's Democratic Republic (the)","0","0","0","0","0","0","0","0","0","0"
"EU4 - Appeal / Review","Received","31/07/2026","Lebanon","0","0","0","0","0","0","0","0","0","0"
"EU4 - Appeal / Review","Received","31/07/2026","Lesotho","0","0","0","0","0","0","0","0","0","0"
"EU4 - Appeal / Review","Received","31/07/2026","Liberia","0","0","*","0","0","0","0","0","0","0"
"EU4 - Appeal / Review","Received","31/07/2026","Libya","*","0","0","0","*","0","0","0","0","*"
"EU4 - Appeal / Review","Received","31/07/2026","Macao","0","0","0","0","0","0","0","0","0","0"
"EU4 - Appeal / Review","Received","31/07/2026","Madagascar","0","0","0","0","0","0","0","0","0","0"
"EU4 - Appeal / Review","Received","31/07/2026","Malawi","*","0","*","*","0","0","0","0","0","0"
"EU4 - Appeal / Review","Received","31/07/2026","Malaysia","*","*","*","*","0","*","0","0","*","0"
"EU4 - Appeal / Review","Received","31/07/2026","Maldives","0","0","0","0","0","0","0","0","0","0"
"EU4 - Appeal / Review","Received","31/07/2026","Mali","0","0","0","0","0","0","0","0","0","0"
"EU4 - Appeal / Review","Received","31/07/2026","Marshall Islands (the)","0","0","0","0","0","0","0","0","0","0"
"EU4 - Appeal / Review","Received","31/07/2026","Martinique","0","0","0","0","0","0","0","0","0","0"
"EU4 - Appeal / Review","Received","31/07/2026","Mauritania","0","0","0","0","0","0","0","0","0","0"
"EU4 - Appeal / Review","Received","31/07/2026","Mauritius","19","18","19","*","14","*","*","*","*","0"
"EU4 - Appeal / Review","Received","31/07/2026","Mayotte","0","0","0","0","0","0","0","0","0","0"
"EU4 - Appeal / Review","Received","31/07/2026","Melilla","0","0","0","0","0","0","0","0","0","0"
"EU4 - Appeal / Review","Received","31/07/2026","Mexico","9","*","6","*","*","7","*","*","7","0"
"EU4 - Appeal / Review","Received","31/07/2026","Micronesia (Federated States of)","0","0","0","0","0","0","0","0","0","0"
"EU4 - Appeal / Review","Received","31/07/2026","Moldova (the Republic of)","13","10","13","7","*","*","*","*","9","8"
"EU4 - Appeal / Review","Received","31/07/2026","Monaco","0","0","0","0","0","0","0","0","0","0"
"EU4 - Appeal / Review","Received","31/07/2026","Mongolia","*","*","*","0","0","0","*","0","0","*"
"EU4 - Appeal / Review","Received","31/07/2026","Montenegro","0","0","*","0","0","0","0","0","0","0"
"EU4 - Appeal / Review","Received","31/07/2026","Montserrat","0","0","0","0","0","0","0","0","0","0"
"EU4 - Appeal / Review","Received","31/07/2026","Morocco","*","10","9","*","*","*","*","*","6","0"
"EU4 - Appeal / Review","Received","31/07/2026","Mozambique","0","0","0","0","0","0","0","0","0","0"
"EU4 - Appeal / Review","Received","31/07/2026","Myanmar","*","0","0","0","0","0","0","0","0","0"
"EU4 - Appeal / Review","Received","31/07/2026","Namibia","0","0","*","0","0","0","0","0","0","0"
"EU4 - Appeal / Review","Received","31/07/2026","Nauru","0","0","0","0","0","0","0","0","0","0"
"EU4 - Appeal / Review","Received","31/07/2026","Nepal","8","*","*","*","*","*","*","0","0","0"
"EU4 - Appeal / Review","Received","31/07/2026","New Caledonia","0","0","0","0","0","0","0","0","0","0"
"EU4 - Appeal / Review","Received","31/07/2026","New Zealand","*","0","*","*","0","0","0","0","*","0"
"EU4 - Appeal / Review","Received","31/07/2026","Nicaragua","*","0","0","0","0","0","0","0","0","0"
"EU4 - Appeal / Review","Received","31/07/2026","Niger (the)","0","0","0","0","0","0","0","0","0","0"
"EU4 - Appeal / Review","Received","31/07/2026","Nigeria","80","70","83","13","31","21","15","24","34","17"
"EU4 - Appeal / Review","Received","31/07/2026","Niue","0","0","0","0","0","0","0","0","0","0"
"EU4 - Appeal / Review","Received","31/07/2026","Norfolk Island","0","0","0","0","0","0","0","0","0","0"
"EU4 - Appeal / Review","Received","31/07/2026","North Macedonia","0","*","0","*","0","0","0","0","0","*"
"EU4 - Appeal / Review","Received","31/07/2026","Northern Mariana Islands (the)","0","0","0","0","0","0","0","0","0","0"
"EU4 - Appeal / Review","Received","31/07/2026","Oman","0","0","0","0","0","0","0","0","*","0"
"EU4 - Appeal / Review","Received","31/07/2026","Pakistan","1041","400","327","114","225","50","42","23","25","21"
"EU4 - Appeal / Review","Received","31/07/2026","Palau","0","0","0","0","0","0","0","0","0","0"
"EU4 - Appeal / Review","Received","31/07/2026","Palestine, State of","0","0","0","0","0","0","0","0","0","0"
"EU4 - Appeal / Review","Received","31/07/2026","Panama","0","0","0","0","0","0","0","*","*","0"
"EU4 - Appeal / Review","Received","31/07/2026","Papua New Guinea","0","0","0","0","0","0","0","0","0","0"
"EU4 - Appeal / Review","Received","31/07/2026","Paraguay","0","0","0","0","0","0","0","*","*","0"
"EU4 - Appeal / Review","Received","31/07/2026","Peru","*","*","*","0","0","0","0","0","0","*"
"EU4 - Appeal / Review","Received","31/07/2026","Philippines (the)","*","7","*","*","*","*","*","0","*","*"
"EU4 - Appeal / Review","Received","31/07/2026","Pitcairn","0","0","0","0","0","0","0","0","0","0"
"EU4 - Appeal / Review","Received","31/07/2026","Puerto Rico","0","0","0","0","0","0","0","0","0","0"
"EU4 - Appeal / Review","Received","31/07/2026","Qatar","0","0","0","0","0","0","0","0","0","0"
"EU4 - Appeal / Review","Received","31/07/2026","Réunion","0","0","0","0","0","0","0","0","0","0"
"EU4 - Appeal / Review","Received","31/07/2026","Russian Federation (the)","21","11","8","0","*","*","*","*","*","*"
"EU4 - Appeal / Review","Received","31/07/2026","Rwanda","0","0","0","0","0","0","0","0","0","0"
"EU4 - Appeal / Review","Received","31/07/2026","Saint Barthélemy","0","0","0","0","0","0","0","0","0","0"
"EU4 - Appeal / Review","Received","31/07/2026","Saint Helena, Ascension and Tristan da Cunha","0","0","0","0","0","0","0","0","0","0"
"EU4 - Appeal / Review","Received","31/07/2026","Saint Kitts and Nevis","0","0","0","0","0","0","0","0","0","0"
"EU4 - Appeal / Review","Received","31/07/2026","Saint Lucia","*","0","0","0","0","0","0","0","0","0"
"EU4 - Appeal / Review","Received","31/07/2026","Saint Martin (French part)","0","0","0","0","0","0","0","0","0","0"
"EU4 - Appeal / Review","Received","31/07/2026","Saint Pierre and Miquelon","0","0","0","0","0","0","0","0","0","0"
"EU4 - Appeal / Review","Received","31/07/2026","Saint Vincent and the Grenadines","0","0","0","0","0","0","0","0","0","0"
"EU4 - Appeal / Review","Received","31/07/2026","Samoa","*","0","0","0","0","0","0","0","0","0"
"EU4 - Appeal / Review","Received","31/07/2026","San Marino","0","0","0","0","0","0","0","0","0","0"
"EU4 - Appeal / Review","Received","31/07/2026","Sao Tome and Principe","0","0","0","0","0","0","0","0","0","0"
"EU4 - Appeal / Review","Received","31/07/2026","Saudi Arabia","*","0","0","0","0","*","0","0","0","0"
"EU4 - Appeal / Review","Received","31/07/2026","Senegal","*","*","0","0","0","*","0","0","0","0"
"EU4 - Appeal / Review","Received","31/07/2026","Serbia","0","*","0","*","0","*","*","0","0","*"
"EU4 - Appeal / Review","Received","31/07/2026","Seychelles","0","0","0","0","0","0","0","0","0","0"
"EU4 - Appeal / Review","Received","31/07/2026","Sierra Leone","*","*","0","0","0","0","0","0","0","0"
"EU4 - Appeal / Review","Received","31/07/2026","Singapore","0","0","0","0","0","0","0","0","0","*"
"EU4 - Appeal / Review","Received","31/07/2026","Sint Maarten (Dutch part)","0","0","0","0","0","0","0","0","0","0"
"EU4 - Appeal / Review","Received","31/07/2026","Solomon Islands","0","0","0","0","0","0","0","0","0","0"
"EU4 - Appeal / Review","Received","31/07/2026","Somalia","0","*","*","0","0","0","*","*","8","*"
"EU4 - Appeal / Review","Received","31/07/2026","South Africa","84","40","31","19","36","9","11","10","16","13"
"EU4 - Appeal / Review","Received","31/07/2026","South Georgia and the South Sandwich Islands","0","0","0","0","0","0","0","0","0","0"
"EU4 - Appeal / Review","Received","31/07/2026","South Sudan","0","0","0","0","0","0","0","0","0","0"
"EU4 - Appeal / Review","Received","31/07/2026","Sri Lanka","9","*","*","0","*","*","*","0","0","0"
"EU4 - Appeal / Review","Received","31/07/2026","Sudan (the)","*","*","0","0","0","*","0","*","0","0"
"EU4 - Appeal / Review","Received","31/07/2026","Suriname","*","0","0","0","0","0","0","0","0","0"
"EU4 - Appeal / Review","Received","31/07/2026","Svalbard and Jan Mayen","0","0","0","0","0","0","0","0","0","0"
"EU4 - Appeal / Review","Received","31/07/2026","Switzerland","0","0","0","0","0","0","0","0","0","0"
"EU4 - Appeal / Review","Received","31/07/2026","Syrian Arab Republic (the)","0","*","*","0","0","0","*","*","0","0"
"EU4 - Appeal / Review","Received","31/07/2026","Taiwan (Province of China)","*","0","0","0","0","*","0","0","0","*"
"EU4 - Appeal / Review","Received","31/07/2026","Tajikistan","0","0","0","0","0","0","0","0","0","0"
"EU4 - Appeal / Review","Received","31/07/2026","Tanzania, the United Republic of","0","*","*","0","0","0","0","0","0","0"
"EU4 - Appeal / Review","Received","31/07/2026","Thailand","*","*","*","0","*","0","*","0","*","0"
"EU4 - Appeal / Review","Received","31/07/2026","Timor-Leste","0","0","0","0","0","0","0","0","0","0"
"EU4 - Appeal / Review","Received","31/07/2026","Togo","*","*","*","0","*","0","0","0","0","0"
"EU4 - Appeal / Review","Received","31/07/2026","Tokelau","0","0","0","0","0","0","0","0","0","0"
"EU4 - Appeal / Review","Received","31/07/2026","Tonga","0","0","0","0","0","0","0","0","0","0"
"EU4 - Appeal / Review","Received","31/07/2026","Trinidad and Tobago","0","0","0","0","0","0","0","0","0","0"
"EU4 - Appeal / Review","Received","31/07/2026","Tunisia","*","*","0","*","*","0","*","*","0","*"
"EU4 - Appeal / Review","Received","31/07/2026","Turkiye","*","*","*","0","*","0","*","*","*","*"
"EU4 - Appeal / Review","Received","31/07/2026","Turkmenistan","0","0","0","0","0","0","0","*","0","0"
"EU4 - Appeal / Review","Received","31/07/2026","Turks and Caicos Islands (the)","0","0","0","0","0","0","0","0","0","0"
"EU4 - Appeal / Review","Received","31/07/2026","Tuvalu","0","0","0","0","0","0","0","0","0","0"
"EU4 - Appeal / Review","Received","31/07/2026","Uganda","*","*","0","0","0","0","0","0","*","0"
"EU4 - Appeal / Review","Received","31/07/2026","Ukraine","16","8","6","*","9","0","*","*","*","*"
"EU4 - Appeal / Review","Received","31/07/2026","United Arab Emirates (the)","0","0","0","0","0","0","0","0","0","0"
"EU4 - Appeal / Review","Received","31/07/2026","United States Minor Outlying Islands (the)","0","0","0","0","0","0","0","0","0","0"
"EU4 - Appeal / Review","Received","31/07/2026","United States of America (the)","24","17","9","*","13","*","*","7","8","*"
"EU4 - Appeal / Review","Received","31/07/2026","Uruguay","*","0","0","0","0","0","0","0","0","*"
"EU4 - Appeal / Review","Received","31/07/2026","Uzbekistan","0","*","0","0","0","0","0","*","*","0"
"EU4 - Appeal / Review","Received","31/07/2026","Vanuatu","0","0","0","0","0","0","0","0","0","0"
"EU4 - Appeal / Review","Received","31/07/2026","Venezuela (Bolivarian Republic of)","35","13","19","*","7","*","0","*","*","0"
"EU4 - Appeal / Review","Received","31/07/2026","Viet Nam","*","*","*","*","0","0","0","0","*","0"
"EU4 - Appeal / Review","Received","31/07/2026","Virgin Islands (British)","0","0","0","0","0","0","0","0","0","0"
"EU4 - Appeal / Review","Received","31/07/2026","Virgin Islands (U.S.)","0","0","0","0","0","0","0","0","0","0"
"EU4 - Appeal / Review","Received","31/07/2026","Wallis and Futuna","0","0","0","0","0","0","0","0","0","0"
"EU4 - Appeal / Review","Received","31/07/2026","Western Sahara","0","0","0","0","0","0","0","0","0","0"
"EU4 - Appeal / Review","Received","31/07/2026","Yemen","0","0","0","0","0","0","0","0","0","*"
"EU4 - Appeal / Review","Received","31/07/2026","Zambia","0","0","*","0","0","0","0","0","0","0"
"EU4 - Appeal / Review","Received","31/07/2026","Zimbabwe","0","0","0","*","0","0","0","*","0","0"
"EU4 - Appeal / Review","Received","31/07/2026","*Other","25","12","18","*","7","*","6","*","*","*"
"EU4 - Appeal / Review","Granted","31/07/2026","Afghanistan","31","*","*","*","18","11","*","*","0","0"
"EU4 - Appeal / Review","Granted","31/07/2026","Åland Islands","0","0","0","0","0","0","0","0","0","0"
"EU4 - Appeal / Review","Granted","31/07/2026","Albania","0","*","*","*","0","*","*","*","*","0"
"EU4 - Appeal / Review","Granted","31/07/2026","Algeria","*","*","0","0","*","*","*","*","*","*"
"EU4 - Appeal / Review","Granted","31/07/2026","American Samoa","0","0","0","0","0","0","0","0","0","0"
"EU4 - Appeal / Review","Granted","31/07/2026","Andorra","0","0","0","0","0","0","0","0","0","0"
"EU4 - Appeal / Review","Granted","31/07/2026","Angola","*","0","0","0","0","0","0","0","*","0"
"EU4 - Appeal / Review","Granted","31/07/2026","Anguilla","0","0","0","0","0","0","0","0","0","0"
"EU4 - Appeal / Review","Granted","31/07/2026","Antarctica","0","0","0","0","0","0","0","0","0","0"
"EU4 - Appeal / Review","Granted","31/07/2026","Antigua and Barbuda","*","0","0","0","0","0","0","0","0","0"
"EU4 - Appeal / Review","Granted","31/07/2026","Argentina","0","*","0","0","*","*","*","*","*","*"
"EU4 - Appeal / Review","Granted","31/07/2026","Armenia","0","0","0","0","*","0","0","0","0","0"
"EU4 - Appeal / Review","Granted","31/07/2026","Aruba","0","0","0","0","0","0","0","0","0","0"
"EU4 - Appeal / Review","Granted","31/07/2026","Australia","*","0","*","0","0","0","0","*","0","0"
"EU4 - Appeal / Review","Granted","31/07/2026","Azerbaijan","0","0","*","0","0","0","0","0","0","0"
"EU4 - Appeal / Review","Granted","31/07/2026","Bahamas (the)","0","0","0","0","0","0","0","0","0","0"
"EU4 - Appeal / Review","Granted","31/07/2026","Bahrain","0","0","0","0","0","0","0","0","0","0"
"EU4 - Appeal / Review","Granted","31/07/2026","Bangladesh","*","*","*","*","9","16","8","*","9","0"
"EU4 - Appeal / Review","Granted","31/07/2026","Barbados","0","0","0","0","0","0","0","0","0","0"
"EU4 - Appeal / Review","Granted","31/07/2026","Belarus","0","*","0","0","*","0","*","*","*","0"
"EU4 - Appeal / Review","Granted","31/07/2026","Belize","0","0","0","0","0","0","0","0","0","0"
"EU4 - Appeal / Review","Granted","31/07/2026","Benin","0","0","0","0","0","0","0","0","0","0"
"EU4 - Appeal / Review","Granted","31/07/2026","Bermuda","0","0","0","0","0","0","0","0","0","0"
"EU4 - Appeal / Review","Granted","31/07/2026","Bhutan","0","0","0","0","0","0","0","0","0","0"
"EU4 - Appeal / Review","Granted","31/07/2026","Bolivia (Plurinational State of)","*","0","0","0","0","*","*","*","*","0"
"EU4 - Appeal / Review","Granted","31/07/2026","Bonaire, Sint Eustatius and Saba","0","0","0","0","0","0","0","0","0","0"
"EU4 - Appeal / Review","Granted","31/07/2026","Bosnia and Herzegovina","0","0","*","0","*","*","0","0","0","0"
"EU4 - Appeal / Review","Granted","31/07/2026","Botswana","0","0","0","0","0","0","*","0","0","0"
"EU4 - Appeal / Review","Granted","31/07/2026","Bouvet Island","0","0","0","0","0","0","0","0","0","0"
"EU4 - Appeal / Review","Granted","31/07/2026","Brazil","33","28","100","17","38","40","46","62","78","9"
"EU4 - Appeal / Review","Granted","31/07/2026","Brunei Darussalam","0","0","0","0","0","0","0","0","0","0"
"EU4 - Appeal / Review","Granted","31/07/2026","Burkina Faso","0","0","0","0","0","0","0","0","0","0"
"EU4 - Appeal / Review","Granted","31/07/2026","Burundi","0","0","0","0","0","0","0","0","0","0"
"EU4 - Appeal / Review","Granted","31/07/2026","Cabo Verde","0","0","*","0","0","0","0","0","0","0"
"EU4 - Appeal / Review","Granted","31/07/2026","Cambodia","0","0","0","0","0","0","0","0","0","0"
"EU4 - Appeal / Review","Granted","31/07/2026","Cameroon","*","*","0","0","*","*","0","0","0","0"
"EU4 - Appeal / Review","Granted","31/07/2026","Canada","0","0","*","0","0","*","0","0","0","0"
"EU4 - Appeal / Review","Granted","31/07/2026","Cayman Islands (the)","0","0","0","0","0","0","0","0","0","0"
"EU4 - Appeal / Review","Granted","31/07/2026","Central African Republic (the)","0","0","0","0","0","0","0","0","0","0"
"EU4 - Appeal / Review","Granted","31/07/2026","Ceuta","0","0","0","0","0","0","0","0","0","0"
"EU4 - Appeal / Review","Granted","31/07/2026","Chad","0","0","0","0","0","0","0","0","0","0"
"EU4 - Appeal / Review","Granted","31/07/2026","Chile","0","0","*","0","0","0","*","*","*","0"
"EU4 - Appeal / Review","Granted","31/07/2026","China","*","*","6","*","*","*","*","0","*","0"
"EU4 - Appeal / Review","Granted","31/07/2026","Christmas Island","0","0","0","0","0","0","0","0","0","0"
"EU4 - Appeal / Review","Granted","31/07/2026","Cocos (Keeling) Islands (the)","0","0","0","0","0","0","0","0","0","0"
"EU4 - Appeal / Review","Granted","31/07/2026","Colombia","*","*","*","0","*","0","*","0","0","0"
"EU4 - Appeal / Review","Granted","31/07/2026","Comoros (the)","0","0","0","0","0","0","0","0","0","0"
"EU4 - Appeal / Review","Granted","31/07/2026","Congo (the Democratic Republic of the)","0","0","0","0","0","0","0","0","0","0"
"EU4 - Appeal / Review","Granted","31/07/2026","Congo (the)","0","0","0","0","0","0","0","0","0","0"
"EU4 - Appeal / Review","Granted","31/07/2026","Cook Islands (the)","0","0","0","0","0","0","0","0","0","0"
"EU4 - Appeal / Review","Granted","31/07/2026","Costa Rica","0","0","0","0","0","0","*","0","0","0"
"EU4 - Appeal / Review","Granted","31/07/2026","Côte d'Ivoire","0","0","0","0","0","0","0","0","0","0"
"EU4 - Appeal / Review","Granted","31/07/2026","Cuba","0","0","0","0","*","0","0","0","0","0"
"EU4 - Appeal / Review","Granted","31/07/2026","Curaçao","0","0","0","0","0","0","0","0","0","0"
"EU4 - Appeal / Review","Granted","31/07/2026","Djibouti","0","0","0","0","0","0","0","0","0","0"
"EU4 - Appeal / Review","Granted","31/07/2026","Dominica","0","0","0","0","0","0","0","0","0","0"
"EU4 - Appeal / Review","Granted","31/07/2026","Dominican Republic (the)","0","0","0","0","*","0","0","0","0","0"
"EU4 - Appeal / Review","Granted","31/07/2026","Ecuador","0","0","0","0","0","0","0","0","0","0"
"EU4 - Appeal / Review","Granted","31/07/2026","Egypt","*","*","*","0","*","0","*","*","*","*"
"EU4 - Appeal / Review","Granted","31/07/2026","El Salvador","0","0","0","0","0","0","0","*","0","0"
"EU4 - Appeal / Review","Granted","31/07/2026","Equatorial Guinea","0","0","0","0","0","0","0","0","0","0"
"EU4 - Appeal / Review","Granted","31/07/2026","Eritrea","0","0","0","0","0","0","0","0","0","0"
"EU4 - Appeal / Review","Granted","31/07/2026","Eswatini","0","0","0","*","0","0","0","0","0","0"
"EU4 - Appeal / Review","Granted","31/07/2026","Ethiopia","0","0","0","0","0","0","0","0","0","0"
"EU4 - Appeal / Review","Granted","31/07/2026","Falkland Islands (the) [Malvinas]","0","0","0","0","0","0","0","0","0","0"
"EU4 - Appeal / Review","Granted","31/07/2026","Faroe Islands (the)","0","0","0","0","0","0","0","0","0","0"
"EU4 - Appeal / Review","Granted","31/07/2026","Fiji","0","0","0","0","0","*","0","0","0","0"
"EU4 - Appeal / Review","Granted","31/07/2026","French Guiana","0","0","0","0","0","0","0","0","0","0"
"EU4 - Appeal / Review","Granted","31/07/2026","French Polynesia","0","0","0","0","0","0","0","0","0","0"
"EU4 - Appeal / Review","Granted","31/07/2026","Gabon","0","0","0","0","0","0","0","0","0","0"
"EU4 - Appeal / Review","Granted","31/07/2026","Gambia (the)","0","0","0","0","0","0","0","0","0","0"
"EU4 - Appeal / Review","Granted","31/07/2026","Georgia","*","0","*","*","*","*","*","*","*","0"
"EU4 - Appeal / Review","Granted","31/07/2026","Ghana","*","0","*","0","*","0","*","*","0","0"
"EU4 - Appeal / Review","Granted","31/07/2026","Gibraltar","0","0","0","0","0","0","0","0","0","0"
"EU4 - Appeal / Review","Granted","31/07/2026","Greenland","0","0","0","0","0","0","0","0","0","0"
"EU4 - Appeal / Review","Granted","31/07/2026","Grenada","0","0","0","0","0","0","0","0","0","0"
"EU4 - Appeal / Review","Granted","31/07/2026","Guadeloupe","0","0","0","0","0","0","0","0","0","0"
"EU4 - Appeal / Review","Granted","31/07/2026","Guam","0","0","0","0","0","0","0","0","0","0"
"EU4 - Appeal / Review","Granted","31/07/2026","Guatemala","0","0","0","0","0","0","0","*","0","0"
"EU4 - Appeal / Review","Granted","31/07/2026","Guernsey","0","0","0","0","0","0","0","0","0","0"
"EU4 - Appeal / Review","Granted","31/07/2026","Guinea","0","0","0","0","0","0","*","0","0","0"
"EU4 - Appeal / Review","Granted","31/07/2026","Guinea-Bissau","0","0","0","0","0","0","0","0","0","0"
"EU4 - Appeal / Review","Granted","31/07/2026","Guyana","0","0","0","0","*","0","0","0","0","0"
"EU4 - Appeal / Review","Granted","31/07/2026","Haiti","0","0","0","0","0","0","0","0","0","0"
"EU4 - Appeal / Review","Granted","31/07/2026","Heard Island and McDonald Islands","0","0","0","0","0","0","0","0","0","0"
"EU4 - Appeal / Review","Granted","31/07/2026","Holy See (the)","0","0","0","0","0","0","0","0","0","0"
"EU4 - Appeal / Review","Granted","31/07/2026","Honduras","0","0","*","0","0","0","0","0","0","0"
"EU4 - Appeal / Review","Granted","31/07/2026","India","*","12","12","12","15","21","14","7","6","*"
"EU4 - Appeal / Review","Granted","31/07/2026","Indonesia","0","0","0","0","*","0","0","0","*","0"
"EU4 - Appeal / Review","Granted","31/07/2026","Iran (Islamic Republic of)","0","0","*","0","*","0","0","*","0","0"
"EU4 - Appeal / Review","Granted","31/07/2026","Iraq","*","0","*","*","0","0","0","0","0","0"
"EU4 - Appeal / Review","Granted","31/07/2026","Isle of Man","0","0","0","0","0","0","0","0","0","0"
"EU4 - Appeal / Review","Granted","31/07/2026","Israel","*","0","*","0","*","0","0","0","0","0"
"EU4 - Appeal / Review","Granted","31/07/2026","Jamaica","*","*","*","0","0","*","0","0","0","0"
"EU4 - Appeal / Review","Granted","31/07/2026","Japan","0","0","*","0","0","0","*","0","*","0"
"EU4 - Appeal / Review","Granted","31/07/2026","Jersey","0","0","0","0","0","0","0","0","0","0"
"EU4 - Appeal / Review","Granted","31/07/2026","Jordan","0","0","0","0","*","0","0","*","0","0"
"EU4 - Appeal / Review","Granted","31/07/2026","Kazakhstan","0","0","0","0","0","*","0","0","0","0"
"EU4 - Appeal / Review","Granted","31/07/2026","Kenya","0","0","*","0","0","0","0","0","0","0"
"EU4 - Appeal / Review","Granted","31/07/2026","Kiribati","0","0","0","0","0","0","0","0","0","0"
"EU4 - Appeal / Review","Granted","31/07/2026","Korea (the Democratic People's Republic of) North Korea","0","0","0","0","0","0","0","0","0","0"
"EU4 - Appeal / Review","Granted","31/07/2026","Korea (the Republic of) South Korea","0","*","*","0","0","0","0","*","0","0"
"EU4 - Appeal / Review","Granted","31/07/2026","Kosovo","0","0","0","0","*","0","0","0","0","0"
"EU4 - Appeal / Review","Granted","31/07/2026","Kuwait","0","0","0","0","0","0","0","0","0","0"
"EU4 - Appeal / Review","Granted","31/07/2026","Kyrgyzstan","0","0","0","0","0","0","0","0","0","0"
"EU4 - Appeal / Review","Granted","31/07/2026","Lao People's Democratic Republic (the)","0","0","0","0","0","0","0","0","0","0"
"EU4 - Appeal / Review","Granted","31/07/2026","Lebanon","0","0","0","0","0","0","0","0","0","0"
"EU4 - Appeal / Review","Granted","31/07/2026","Lesotho","0","0","0","0","0","0","0","0","0","0"
"EU4 - Appeal / Review","Granted","31/07/2026","Liberia","0","0","0","0","0","*","0","0","0","0"
"EU4 - Appeal / Review","Granted","31/07/2026","Libya","0","*","0","0","0","0","0","0","0","0"
"EU4 - Appeal / Review","Granted","31/07/2026","Macao","0","0","0","0","0","0","0","0","0","0"
"EU4 - Appeal / Review","Granted","31/07/2026","Madagascar","0","0","0","0","0","0","0","0","0","0"
"EU4 - Appeal / Review","Granted","31/07/2026","Malawi","0","*","*","*","*","0","0","0","0","0"
"EU4 - Appeal / Review","Granted","31/07/2026","Malaysia","0","0","*","0","*","0","*","0","0","0"
"EU4 - Appeal / Review","Granted","31/07/2026","Maldives","0","0","0","0","0","0","0","0","0","0"
"EU4 - Appeal / Review","Granted","31/07/2026","Mali","0","0","0","0","0","0","0","0","0","0"
"EU4 - Appeal / Review","Granted","31/07/2026","Marshall Islands (the)","0","0","0","0","0","0","0","0","0","0"
"EU4 - Appeal / Review","Granted","31/07/2026","Martinique","0","0","0","0","0","0","0","0","0","0"
"EU4 - Appeal / Review","Granted","31/07/2026","Mauritania","0","0","0","0","0","0","0","0","0","0"
"EU4 - Appeal / Review","Granted","31/07/2026","Mauritius","*","*","*","0","*","*","0","*","0","*"
"EU4 - Appeal / Review","Granted","31/07/2026","Mayotte","0","0","0","0","0","0","0","0","0","0"
"EU4 - Appeal / Review","Granted","31/07/2026","Melilla","0","0","0","0","0","0","0","0","0","0"
"EU4 - Appeal / Review","Granted","31/07/2026","Mexico","*","*","6","0","*","*","*","*","*","*"
"EU4 - Appeal / Review","Granted","31/07/2026","Micronesia (Federated States of)","0","0","0","0","0","0","0","0","0","0"
"EU4 - Appeal / Review","Granted","31/07/2026","Moldova (the Republic of)","*","*","9","*","*","9","*","*","*","0"
"EU4 - Appeal / Review","Granted","31/07/2026","Monaco","0","0","0","0","0","0","0","0","0","0"
"EU4 - Appeal / Review","Granted","31/07/2026","Mongolia","0","0","*","0","*","0","0","0","0","0"
"EU4 - Appeal / Review","Granted","31/07/2026","Montenegro","0","0","0","*","0","0","0","0","0","0"
"EU4 - Appeal / Review","Granted","31/07/2026","Montserrat","0","0","0","0","0","0","0","0","0","0"
"EU4 - Appeal / Review","Granted","31/07/2026","Morocco","*","*","*","0","*","*","0","*","*","0"
"EU4 - Appeal / Review","Granted","31/07/2026","Mozambique","0","0","0","0","0","0","0","0","0","0"
"EU4 - Appeal / Review","Granted","31/07/2026","Myanmar","0","0","*","0","0","0","0","0","0","0"
"EU4 - Appeal / Review","Granted","31/07/2026","Namibia","0","0","0","0","0","0","0","0","0","0"
"EU4 - Appeal / Review","Granted","31/07/2026","Nauru","0","0","0","0","0","0","0","0","0","0"
"EU4 - Appeal / Review","Granted","31/07/2026","Nepal","*","0","*","0","*","0","*","0","0","0"
"EU4 - Appeal / Review","Granted","31/07/2026","New Caledonia","0","0","0","0","0","0","0","0","0","0"
"EU4 - Appeal / Review","Granted","31/07/2026","New Zealand","0","0","*","0","0","0","0","0","0","0"
"EU4 - Appeal / Review","Granted","31/07/2026","Nicaragua","0","0","0","0","0","0","0","0","0","0"
"EU4 - Appeal / Review","Granted","31/07/2026","Niger (the)","0","0","0","0","0","0","0","0","0","0"
"EU4 - Appeal / Review","Granted","31/07/2026","Nigeria","*","*","24","*","30","17","10","11","13","*"
"EU4 - Appeal / Review","Granted","31/07/2026","Niue","0","0","0","0","0","0","0","0","0","0"
"EU4 - Appeal / Review","Granted","31/07/2026","Norfolk Island","0","0","0","0","0","0","0","0","0","0"
"EU4 - Appeal / Review","Granted","31/07/2026","North Macedonia","0","0","0","0","0","0","0","0","0","0"
"EU4 - Appeal / Review","Granted","31/07/2026","Northern Mariana Islands (the)","0","0","0","0","0","0","0","0","0","0"
"EU4 - Appeal / Review","Granted","31/07/2026","Oman","0","0","0","0","0","0","0","0","0","0"
"EU4 - Appeal / Review","Granted","31/07/2026","Pakistan","33","34","47","29","86","52","23","18","10","*"
"EU4 - Appeal / Review","Granted","31/07/2026","Palau","0","0","0","0","0","0","0","0","0","0"
"EU4 - Appeal / Review","Granted","31/07/2026","Palestine, State of","0","0","0","0","0","0","0","0","0","0"
"EU4 - Appeal / Review","Granted","31/07/2026","Panama","0","0","0","0","0","0","0","0","0","0"
"EU4 - Appeal / Review","Granted","31/07/2026","Papua New Guinea","0","0","0","0","0","0","0","0","0","0"
"EU4 - Appeal / Review","Granted","31/07/2026","Paraguay","0","0","0","0","0","0","0","0","*","0"
"EU4 - Appeal / Review","Granted","31/07/2026","Peru","0","0","0","0","*","0","0","0","0","0"
"EU4 - Appeal / Review","Granted","31/07/2026","Philippines (the)","12","0","*","0","0","*","0","*","*","0"
"EU4 - Appeal / Review","Granted","31/07/2026","Pitcairn","0","0","0","0","0","0","0","0","0","0"
"EU4 - Appeal / Review","Granted","31/07/2026","Puerto Rico","0","0","0","0","0","0","0","0","0","0"
"EU4 - Appeal / Review","Granted","31/07/2026","Qatar","0","0","0","0","0","0","0","0","0","0"
"EU4 - Appeal / Review","Granted","31/07/2026","Réunion","0","0","0","0","0","0","0","0","0","0"
"EU4 - Appeal / Review","Granted","31/07/2026","Russian Federation (the)","*","0","12","0","7","*","*","*","0","0"
"EU4 - Appeal / Review","Granted","31/07/2026","Rwanda","0","0","0","0","0","0","0","0","0","0"
"EU4 - Appeal / Review","Granted","31/07/2026","Saint Barthélemy","0","0","0","0","0","0","0","0","0","0"
"EU4 - Appeal / Review","Granted","31/07/2026","Saint Helena, Ascension and Tristan da Cunha","0","0","0","0","0","0","0","0","0","0"
"EU4 - Appeal / Review","Granted","31/07/2026","Saint Kitts and Nevis","0","0","0","0","0","0","0","0","0","0"
"EU4 - Appeal / Review","Granted","31/07/2026","Saint Lucia","0","0","0","0","0","0","0","0","0","0"
"EU4 - Appeal / Review","Granted","31/07/2026","Saint Martin (French part)","0","0","0","0","0","0","0","0","0","0"
"EU4 - Appeal / Review","Granted","31/07/2026","Saint Pierre and Miquelon","0","0","0","0","0","0","0","0","0","0"
"EU4 - Appeal / Review","Granted","31/07/2026","Saint Vincent and the Grenadines","0","0","0","0","0","0","0","0","0","0"
"EU4 - Appeal / Review","Granted","31/07/2026","Samoa","0","0","0","0","0","0","0","0","0","0"
"EU4 - Appeal / Review","Granted","31/07/2026","San Marino","0","0","0","0","0","0","0","0","0","0"
"EU4 - Appeal / Review","Granted","31/07/2026","Sao Tome and Principe","0","0","0","0","0","0","0","0","0","0"
"EU4 - Appeal / Review","Granted","31/07/2026","Saudi Arabia","0","0","0","0","0","0","*","0","0","0"
"EU4 - Appeal / Review","Granted","31/07/2026","Senegal","0","0","0","0","*","0","0","0","0","0"
"EU4 - Appeal / Review","Granted","31/07/2026","Serbia","*","0","0","0","0","*","*","*","0","0"
"EU4 - Appeal / Review","Granted","31/07/2026","Seychelles","0","0","0","0","0","0","0","0","0","0"
"EU4 - Appeal / Review","Granted","31/07/2026","Sierra Leone","0","0","0","0","*","0","0","0","0","0"
"EU4 - Appeal / Review","Granted","31/07/2026","Singapore","0","0","0","0","0","0","0","0","0","0"
"EU4 - Appeal / Review","Granted","31/07/2026","Sint Maarten (Dutch part)","0","0","0","0","0","0","0","0","0","0"
"EU4 - Appeal / Review","Granted","31/07/2026","Solomon Islands","0","0","0","0","0","0","0","0","0","0"
"EU4 - Appeal / Review","Granted","31/07/2026","Somalia","0","0","0","0","0","0","0","*","8","0"
"EU4 - Appeal / Review","Granted","31/07/2026","South Africa","*","6","32","*","15","20","13","7","*","*"
"EU4 - Appeal / Review","Granted","31/07/2026","South Georgia and the South Sandwich Islands","0","0","0","0","0","0","0","0","0","0"
"EU4 - Appeal / Review","Granted","31/07/2026","South Sudan","0","0","0","0","0","0","0","0","0","0"
"EU4 - Appeal / Review","Granted","31/07/2026","Sri Lanka","0","0","0","0","0","0","0","0","0","0"
"EU4 - Appeal / Review","Granted","31/07/2026","Sudan (the)","*","0","*","0","0","0","0","0","0","0"
"EU4 - Appeal / Review","Granted","31/07/2026","Suriname","0","0","0","*","0","0","0","0","0","0"
"EU4 - Appeal / Review","Granted","31/07/2026","Svalbard and Jan Mayen","0","0","0","0","0","0","0","0","0","0"
"EU4 - Appeal / Review","Granted","31/07/2026","Switzerland","0","0","0","0","0","0","0","0","0","0"
"EU4 - Appeal / Review","Granted","31/07/2026","Syrian Arab Republic (the)","0","0","0","0","0","*","*","0","0","0"
"EU4 - Appeal / Review","Granted","31/07/2026","Taiwan (Province of China)","0","0","*","0","0","0","0","0","*","0"
"EU4 - Appeal / Review","Granted","31/07/2026","Tajikistan","0","0","0","0","0","0","0","0","0","0"
"EU4 - Appeal / Review","Granted","31/07/2026","Tanzania, the United Republic of","0","0","0","0","0","0","0","0","0","0"
"EU4 - Appeal / Review","Granted","31/07/2026","Thailand","0","0","*","0","0","0","*","0","*","0"
"EU4 - Appeal / Review","Granted","31/07/2026","Timor-Leste","0","0","0","0","0","0","0","0","0","0"
"EU4 - Appeal / Review","Granted","31/07/2026","Togo","0","0","0","0","*","0","0","*","0","0"
"EU4 - Appeal / Review","Granted","31/07/2026","Tokelau","0","0","0","0","0","0","0","0","0","0"
"EU4 - Appeal / Review","Granted","31/07/2026","Tonga","0","0","0","0","0","0","0","0","0","0"
"EU4 - Appeal / Review","Granted","31/07/2026","Trinidad and Tobago","*","0","0","0","0","0","0","0","0","0"
"EU4 - Appeal / Review","Granted","31/07/2026","Tunisia","*","0","*","0","0","0","0","*","0","0"
"EU4 - Appeal / Review","Granted","31/07/2026","Turkiye","0","0","*","0","0","*","*","*","0","*"
"EU4 - Appeal / Review","Granted","31/07/2026","Turkmenistan","0","0","0","0","0","0","0","0","0","0"
"EU4 - Appeal / Review","Granted","31/07/2026","Turks and Caicos Islands (the)","0","0","0","0","0","0","0","0","0","0"
"EU4 - Appeal / Review","Granted","31/07/2026","Tuvalu","0","0","0","0","0","0","0","0","0","0"
"EU4 - Appeal / Review","Granted","31/07/2026","Uganda","0","0","0","0","0","0","0","0","0","0"
"EU4 - Appeal / Review","Granted","31/07/2026","Ukraine","*","*","10","*","*","*","*","*","*","*"
"EU4 - Appeal / Review","Granted","31/07/2026","United Arab Emirates (the)","0","0","0","0","0","0","0","0","0","0"
"EU4 - Appeal / Review","Granted","31/07/2026","United States Minor Outlying Islands (the)","0","0","0","0","0","0","0","0","0","0"
"EU4 - Appeal / Review","Granted","31/07/2026","United States of America (the)","*","*","9","*","*","*","*","*","*","*"
"EU4 - Appeal / Review","Granted","31/07/2026","Uruguay","0","*","0","0","0","0","0","0","0","0"
"EU4 - Appeal / Review","Granted","31/07/2026","Uzbekistan","0","0","0","0","0","0","0","0","0","0"
"EU4 - Appeal / Review","Granted","31/07/2026","Vanuatu","0","0","0","0","0","0","0","0","0","0"
"EU4 - Appeal / Review","Granted","31/07/2026","Venezuela (Bolivarian Republic of)","*","6","16","*","*","*","*","*","*","0"
"EU4 - Appeal / Review","Granted","31/07/2026","Viet Nam","0","0","*","0","0","0","0","0","0","0"
"EU4 - Appeal / Review","Granted","31/07/2026","Virgin Islands (British)","0","0","0","0","0","0","0","0","0","0"
"EU4 - Appeal / Review","Granted","31/07/2026","Virgin Islands (U.S.)","0","0","0","0","0","0","0","0","0","0"
"EU4 - Appeal / Review","Granted","31/07/2026","Wallis and Futuna","0","0","0","0","0","0","0","0","0","0"
"EU4 - Appeal / Review","Granted","31/07/2026","Western Sahara","0","0","0","0","0","0","0","0","0","0"
"EU4 - Appeal / Review","Granted","31/07/2026","Yemen","0","0","0","0","0","0","0","0","0","0"
"EU4 - Appeal / Review","Granted","31/07/2026","Zambia","0","0","0","0","0","0","0","0","0","0"
"EU4 - Appeal / Review","Granted","31/07/2026","Zimbabwe","0","0","0","0","0","*","0","0","*","0"
"EU4 - Appeal / Review","Granted","31/07/2026","*Other","*","*","7","*","6","*","*","0","*","0"
"EU4 - Appeal / Review","Refused","31/07/2026","Afghanistan","13","8","*","*","29","9","10","8","0","0"
"EU4 - Appeal / Review","Refused","31/07/2026","Åland Islands","0","0","0","0","0","0","0","0","0","0"
"EU4 - Appeal / Review","Refused","31/07/2026","Albania","*","*","*","*","*","*","*","7","*","0"
"EU4 - Appeal / Review","Refused","31/07/2026","Algeria","*","6","*","*","7","6","0","*","*","0"
"EU4 - Appeal / Review","Refused","31/07/2026","American Samoa","0","0","0","0","0","0","0","0","0","0"
"EU4 - Appeal / Review","Refused","31/07/2026","Andorra","0","0","0","0","0","0","0","0","0","0"
"EU4 - Appeal / Review","Refused","31/07/2026","Angola","0","0","0","0","0","0","0","0","0","0"
"EU4 - Appeal / Review","Refused","31/07/2026","Anguilla","0","0","0","0","0","0","0","0","0","0"
"EU4 - Appeal / Review","Refused","31/07/2026","Antarctica","0","0","0","0","0","0","0","0","0","0"
"EU4 - Appeal / Review","Refused","31/07/2026","Antigua and Barbuda","0","0","0","0","0","0","0","0","0","0"
"EU4 - Appeal / Review","Refused","31/07/2026","Argentina","6","*","*","0","*","*","*","8","0","0"
"EU4 - Appeal / Review","Refused","31/07/2026","Armenia","0","0","0","0","0","0","0","0","0","0"
"EU4 - Appeal / Review","Refused","31/07/2026","Aruba","0","0","0","0","0","0","0","0","0","0"
"EU4 - Appeal / Review","Refused","31/07/2026","Australia","0","0","*","*","0","0","0","0","*","0"
"EU4 - Appeal / Review","Refused","31/07/2026","Azerbaijan","0","0","0","0","0","0","0","0","0","0"
"EU4 - Appeal / Review","Refused","31/07/2026","Bahamas (the)","0","0","0","0","0","0","0","0","0","0"
"EU4 - Appeal / Review","Refused","31/07/2026","Bahrain","0","0","0","0","0","0","0","0","0","0"
"EU4 - Appeal / Review","Refused","31/07/2026","Bangladesh","28","42","19","26","61","60","18","22","9","*"
"EU4 - Appeal / Review","Refused","31/07/2026","Barbados","0","0","0","0","0","0","0","0","0","0"
"EU4 - Appeal / Review","Refused","31/07/2026","Belarus","0","0","0","*","*","0","0","*","0","0"
"EU4 - Appeal / Review","Refused","31/07/2026","Belize","0","0","0","0","0","0","0","0","0","0"
"EU4 - Appeal / Review","Refused","31/07/2026","Benin","0","0","0","0","0","*","0","*","0","*"
"EU4 - Appeal / Review","Refused","31/07/2026","Bermuda","0","0","0","0","0","0","0","0","0","0"
"EU4 - Appeal / Review","Refused","31/07/2026","Bhutan","0","0","0","0","0","0","0","0","0","0"
"EU4 - Appeal / Review","Refused","31/07/2026","Bolivia (Plurinational State of)","0","*","*","0","*","*","0","*","*","0"
"EU4 - Appeal / Review","Refused","31/07/2026","Bonaire, Sint Eustatius and Saba","0","0","0","0","0","0","0","0","0","0"
"EU4 - Appeal / Review","Refused","31/07/2026","Bosnia and Herzegovina","0","0","0","0","0","0","0","0","*","0"
"EU4 - Appeal / Review","Refused","31/07/2026","Botswana","0","0","*","0","0","0","0","0","0","0"
"EU4 - Appeal / Review","Refused","31/07/2026","Bouvet Island","0","0","0","0","0","0","0","0","0","0"
"EU4 - Appeal / Review","Refused","31/07/2026","Brazil","61","33","53","30","69","64","45","105","107","28"
"EU4 - Appeal / Review","Refused","31/07/2026","Brunei Darussalam","0","0","0","0","0","0","0","0","0","0"
"EU4 - Appeal / Review","Refused","31/07/2026","Burkina Faso","0","0","0","0","0","0","0","0","0","0"
"EU4 - Appeal / Review","Refused","31/07/2026","Burundi","0","0","0","0","0","0","*","0","0","0"
"EU4 - Appeal / Review","Refused","31/07/2026","Cabo Verde","0","0","0","0","0","0","0","0","0","0"
"EU4 - Appeal / Review","Refused","31/07/2026","Cambodia","0","0","0","0","0","0","0","0","0","0"
"EU4 - Appeal / Review","Refused","31/07/2026","Cameroon","*","0","*","0","*","0","0","*","0","0"
"EU4 - Appeal / Review","Refused","31/07/2026","Canada","*","*","*","*","*","0","*","0","0","0"
"EU4 - Appeal / Review","Refused","31/07/2026","Cayman Islands (the)","0","0","0","0","0","0","0","0","0","0"
"EU4 - Appeal / Review","Refused","31/07/2026","Central African Republic (the)","0","0","0","0","0","*","0","0","0","0"
"EU4 - Appeal / Review","Refused","31/07/2026","Ceuta","0","0","0","0","0","0","0","0","0","0"
"EU4 - Appeal / Review","Refused","31/07/2026","Chad","0","0","0","0","0","0","0","0","0","0"
"EU4 - Appeal / Review","Refused","31/07/2026","Chile","*","0","0","0","*","*","0","*","*","0"
"EU4 - Appeal / Review","Refused","31/07/2026","China","11","*","*","6","16","6","*","*","*","0"
"EU4 - Appeal / Review","Refused","31/07/2026","Christmas Island","0","0","0","0","0","0","0","0","0","0"
"EU4 - Appeal / Review","Refused","31/07/2026","Cocos (Keeling) Islands (the)","0","0","0","0","0","0","0","0","0","0"
"EU4 - Appeal / Review","Refused","31/07/2026","Colombia","*","*","0","*","*","*","*","0","*","0"
"EU4 - Appeal / Review","Refused","31/07/2026","Comoros (the)","0","0","0","0","0","0","0","0","0","0"
"EU4 - Appeal / Review","Refused","31/07/2026","Congo (the Democratic Republic of the)","0","*","*","0","0","0","0","*","0","0"
"EU4 - Appeal / Review","Refused","31/07/2026","Congo (the)","0","0","0","0","*","0","0","0","0","0"
"EU4 - Appeal / Review","Refused","31/07/2026","Cook Islands (the)","0","0","0","0","0","0","0","0","0","0"
"EU4 - Appeal / Review","Refused","31/07/2026","Costa Rica","0","0","0","0","0","0","0","*","0","0"
"EU4 - Appeal / Review","Refused","31/07/2026","Côte d'Ivoire","*","0","0","0","0","0","0","0","0","0"
"EU4 - Appeal / Review","Refused","31/07/2026","Cuba","0","0","0","0","0","0","0","0","*","0"
"EU4 - Appeal / Review","Refused","31/07/2026","Curaçao","0","0","0","0","0","0","0","0","0","0"
"EU4 - Appeal / Review","Refused","31/07/2026","Djibouti","0","0","0","0","0","0","0","0","0","0"
"EU4 - Appeal / Review","Refused","31/07/2026","Dominica","0","0","0","0","0","0","0","0","0","0"
"EU4 - Appeal / Review","Refused","31/07/2026","Dominican Republic (the)","0","0","*","0","0","0","*","*","0","0"
"EU4 - Appeal / Review","Refused","31/07/2026","Ecuador","*","0","0","0","0","0","0","0","0","0"
"EU4 - Appeal / Review","Refused","31/07/2026","Egypt","9","13","7","*","40","15","10","9","*","0"
"EU4 - Appeal / Review","Refused","31/07/2026","El Salvador","0","0","0","0","*","0","0","0","0","0"
"EU4 - Appeal / Review","Refused","31/07/2026","Equatorial Guinea","0","0","0","0","0","0","0","0","0","0"
"EU4 - Appeal / Review","Refused","31/07/2026","Eritrea","0","0","0","0","0","0","0","0","0","0"
"EU4 - Appeal / Review","Refused","31/07/2026","Eswatini","0","0","0","0","0","0","0","0","0","0"
"EU4 - Appeal / Review","Refused","31/07/2026","Ethiopia","0","0","0","0","0","0","0","0","0","0"
"EU4 - Appeal / Review","Refused","31/07/2026","Falkland Islands (the) [Malvinas]","0","0","0","0","0","0","0","0","0","0"
"EU4 - Appeal / Review","Refused","31/07/2026","Faroe Islands (the)","0","0","0","0","0","0","0","0","0","0"
"EU4 - Appeal / Review","Refused","31/07/2026","Fiji","0","0","0","0","0","0","0","0","*","0"
"EU4 - Appeal / Review","Refused","31/07/2026","French Guiana","0","0","0","0","0","0","0","0","0","0"
"EU4 - Appeal / Review","Refused","31/07/2026","French Polynesia","0","0","0","0","0","0","0","0","0","0"
"EU4 - Appeal / Review","Refused","31/07/2026","Gabon","0","0","0","0","0","0","0","0","0","0"
"EU4 - Appeal / Review","Refused","31/07/2026","Gambia (the)","*","0","0","*","0","*","0","0","0","0"
"EU4 - Appeal / Review","Refused","31/07/2026","Georgia","*","*","*","*","7","0","*","11","7","*"
"EU4 - Appeal / Review","Refused","31/07/2026","Ghana","*","*","*","*","0","*","*","*","*","0"
"EU4 - Appeal / Review","Refused","31/07/2026","Gibraltar","0","0","0","0","0","0","0","0","0","0"
"EU4 - Appeal / Review","Refused","31/07/2026","Greenland","0","0","0","0","0","0","0","0","0","0"
"EU4 - Appeal / Review","Refused","31/07/2026","Grenada","0","0","0","0","0","0","0","0","0","0"
"EU4 - Appeal / Review","Refused","31/07/2026","Guadeloupe","0","0","0","0","0","0","0","0","0","0"
"EU4 - Appeal / Review","Refused","31/07/2026","Guam","0","0","0","0","0","0","0","0","0","0"
"EU4 - Appeal / Review","Refused","31/07/2026","Guatemala","0","0","0","0","0","0","0","0","0","0"
"EU4 - Appeal / Review","Refused","31/07/2026","Guernsey","0","0","0","0","0","0","0","0","0","0"
"EU4 - Appeal / Review","Refused","31/07/2026","Guinea","0","0","0","0","*","0","0","0","0","0"
"EU4 - Appeal / Review","Refused","31/07/2026","Guinea-Bissau","0","0","0","0","0","0","0","0","0","0"
"EU4 - Appeal / Review","Refused","31/07/2026","Guyana","*","0","0","0","0","0","0","0","*","0"
"EU4 - Appeal / Review","Refused","31/07/2026","Haiti","0","0","0","0","0","0","0","0","0","0"
"EU4 - Appeal / Review","Refused","31/07/2026","Heard Island and McDonald Islands","0","0","0","0","0","0","0","0","0","0"
"EU4 - Appeal / Review","Refused","31/07/2026","Holy See (the)","0","0","0","0","0","0","0","0","0","0"
"EU4 - Appeal / Review","Refused","31/07/2026","Honduras","0","0","0","0","0","0","0","*","0","0"
"EU4 - Appeal / Review","Refused","31/07/2026","India","51","42","39","41","69","55","22","32","11","*"
"EU4 - Appeal / Review","Refused","31/07/2026","Indonesia","0","0","0","0","0","0","0","0","0","0"
"EU4 - Appeal / Review","Refused","31/07/2026","Iran (Islamic Republic of)","0","0","0","0","0","0","*","0","0","0"
"EU4 - Appeal / Review","Refused","31/07/2026","Iraq","*","0","0","0","0","*","*","*","0","0"
"EU4 - Appeal / Review","Refused","31/07/2026","Isle of Man","0","0","0","0","0","0","0","0","0","0"
"EU4 - Appeal / Review","Refused","31/07/2026","Israel","*","0","*","0","0","0","0","0","*","0"
"EU4 - Appeal / Review","Refused","31/07/2026","Jamaica","*","*","0","0","*","0","0","0","0","0"
"EU4 - Appeal / Review","Refused","31/07/2026","Japan","*","*","*","*","*","0","0","0","*","0"
"EU4 - Appeal / Review","Refused","31/07/2026","Jersey","0","0","0","0","0","0","0","0","0","0"
"EU4 - Appeal / Review","Refused","31/07/2026","Jordan","0","0","*","0","0","*","0","*","0","0"
"EU4 - Appeal / Review","Refused","31/07/2026","Kazakhstan","0","0","0","0","*","0","0","0","0","0"
"EU4 - Appeal / Review","Refused","31/07/2026","Kenya","*","0","0","*","*","0","0","*","*","0"
"EU4 - Appeal / Review","Refused","31/07/2026","Kiribati","0","0","0","0","0","0","0","0","0","0"
"EU4 - Appeal / Review","Refused","31/07/2026","Korea (the Democratic People's Republic of) North Korea","0","0","0","0","0","0","0","0","0","0"
"EU4 - Appeal / Review","Refused","31/07/2026","Korea (the Republic of) South Korea","*","0","*","0","*","0","0","0","0","0"
"EU4 - Appeal / Review","Refused","31/07/2026","Kosovo","*","*","0","0","0","*","0","*","0","0"
"EU4 - Appeal / Review","Refused","31/07/2026","Kuwait","0","0","0","0","0","0","0","0","0","0"
"EU4 - Appeal / Review","Refused","31/07/2026","Kyrgyzstan","0","0","0","*","0","0","0","0","0","0"
"EU4 - Appeal / Review","Refused","31/07/2026","Lao People's Democratic Republic (the)","0","0","0","0","0","0","0","0","0","0"
"EU4 - Appeal / Review","Refused","31/07/2026","Lebanon","0","0","0","0","0","0","0","0","0","0"
"EU4 - Appeal / Review","Refused","31/07/2026","Lesotho","0","0","0","0","0","0","0","0","0","0"
"EU4 - Appeal / Review","Refused","31/07/2026","Liberia","0","0","0","0","0","0","0","0","0","0"
"EU4 - Appeal / Review","Refused","31/07/2026","Libya","0","0","0","0","0","0","0","*","0","0"
"EU4 - Appeal / Review","Refused","31/07/2026","Macao","0","0","0","0","0","0","0","0","0","0"
"EU4 - Appeal / Review","Refused","31/07/2026","Madagascar","0","0","0","0","0","0","0","0","0","0"
"EU4 - Appeal / Review","Refused","31/07/2026","Malawi","0","0","*","0","0","*","0","0","0","0"
"EU4 - Appeal / Review","Refused","31/07/2026","Malaysia","*","0","0","0","*","*","0","0","0","0"
"EU4 - Appeal / Review","Refused","31/07/2026","Maldives","0","0","0","0","0","0","0","0","0","0"
"EU4 - Appeal / Review","Refused","31/07/2026","Mali","0","0","0","0","0","0","0","0","0","0"
"EU4 - Appeal / Review","Refused","31/07/2026","Marshall Islands (the)","0","0","0","0","0","0","0","0","0","0"
"EU4 - Appeal / Review","Refused","31/07/2026","Martinique","0","0","0","0","0","0","0","0","0","0"
"EU4 - Appeal / Review","Refused","31/07/2026","Mauritania","0","0","0","0","0","0","0","0","0","0"
"EU4 - Appeal / Review","Refused","31/07/2026","Mauritius","11","8","7","7","13","13","*","16","0","0"
"EU4 - Appeal / Review","Refused","31/07/2026","Mayotte","0","0","0","0","0","0","0","0","0","0"
"EU4 - Appeal / Review","Refused","31/07/2026","Melilla","0","0","0","0","0","0","0","0","0","0"
"EU4 - Appeal / Review","Refused","31/07/2026","Mexico","*","*","*","*","*","*","7","*","*","*"
"EU4 - Appeal / Review","Refused","31/07/2026","Micronesia (Federated States of)","0","0","0","0","0","0","0","0","0","0"
"EU4 - Appeal / Review","Refused","31/07/2026","Moldova (the Republic of)","9","*","*","*","7","*","*","*","*","*"
"EU4 - Appeal / Review","Refused","31/07/2026","Monaco","0","0","0","0","0","0","0","0","0","0"
"EU4 - Appeal / Review","Refused","31/07/2026","Mongolia","0","0","0","0","*","0","*","*","0","0"
"EU4 - Appeal / Review","Refused","31/07/2026","Montenegro","0","0","0","0","0","0","0","0","0","0"
"EU4 - Appeal / Review","Refused","31/07/2026","Montserrat","0","0","0","0","0","0","0","0","0","0"
"EU4 - Appeal / Review","Refused","31/07/2026","Morocco","*","0","*","*","*","*","*","*","*","*"
"EU4 - Appeal / Review","Refused","31/07/2026","Mozambique","0","0","0","0","0","0","0","0","0","0"
"EU4 - Appeal / Review","Refused","31/07/2026","Myanmar","0","0","0","0","0","0","0","0","0","0"
"EU4 - Appeal / Review","Refused","31/07/2026","Namibia","0","0","0","0","*","0","0","0","0","0"
"EU4 - Appeal / Review","Refused","31/07/2026","Nauru","0","0","0","0","0","0","0","0","0","0"
"EU4 - Appeal / Review","Refused","31/07/2026","Nepal","12","*","0","*","*","*","0","*","0","0"
"EU4 - Appeal / Review","Refused","31/07/2026","New Caledonia","0","0","0","0","0","0","0","0","0","0"
"EU4 - Appeal / Review","Refused","31/07/2026","New Zealand","0","0","0","0","0","*","0","0","*","0"
"EU4 - Appeal / Review","Refused","31/07/2026","Nicaragua","0","0","*","0","0","0","0","0","0","0"
"EU4 - Appeal / Review","Refused","31/07/2026","Niger (the)","0","0","0","0","0","0","0","0","0","0"
"EU4 - Appeal / Review","Refused","31/07/2026","Nigeria","31","22","38","20","42","39","16","40","28","6"
"EU4 - Appeal / Review","Refused","31/07/2026","Niue","0","0","0","0","0","0","0","0","0","0"
"EU4 - Appeal / Review","Refused","31/07/2026","Norfolk Island","0","0","0","0","0","0","0","0","0","0"
"EU4 - Appeal / Review","Refused","31/07/2026","North Macedonia","0","0","0","0","*","0","0","0","0","0"
"EU4 - Appeal / Review","Refused","31/07/2026","Northern Mariana Islands (the)","0","0","0","0","0","0","0","0","0","0"
"EU4 - Appeal / Review","Refused","31/07/2026","Oman","0","0","0","0","0","0","0","0","0","0"
"EU4 - Appeal / Review","Refused","31/07/2026","Pakistan","506","362","262","300","387","307","120","159","30","12"
"EU4 - Appeal / Review","Refused","31/07/2026","Palau","0","0","0","0","0","0","0","0","0","0"
"EU4 - Appeal / Review","Refused","31/07/2026","Palestine, State of","0","0","0","0","0","0","0","0","0","0"
"EU4 - Appeal / Review","Refused","31/07/2026","Panama","0","0","0","0","0","0","0","0","*","0"
"EU4 - Appeal / Review","Refused","31/07/2026","Papua New Guinea","0","0","0","0","0","0","0","0","0","0"
"EU4 - Appeal / Review","Refused","31/07/2026","Paraguay","0","0","0","0","0","0","0","0","*","0"
"EU4 - Appeal / Review","Refused","31/07/2026","Peru","0","*","0","0","*","*","0","0","0","0"
"EU4 - Appeal / Review","Refused","31/07/2026","Philippines (the)","9","*","*","7","*","*","*","*","*","0"
"EU4 - Appeal / Review","Refused","31/07/2026","Pitcairn","0","0","0","0","0","0","0","0","0","0"
"EU4 - Appeal / Review","Refused","31/07/2026","Puerto Rico","0","0","0","0","0","0","0","0","0","0"
"EU4 - Appeal / Review","Refused","31/07/2026","Qatar","0","0","0","0","0","0","0","0","0","0"
"EU4 - Appeal / Review","Refused","31/07/2026","Réunion","0","0","0","0","0","0","0","0","0","0"
"EU4 - Appeal / Review","Refused","31/07/2026","Russian Federation (the)","8","*","*","*","9","*","*","*","*","0"
"EU4 - Appeal / Review","Refused","31/07/2026","Rwanda","0","0","0","0","0","0","0","0","0","0"
"EU4 - Appeal / Review","Refused","31/07/2026","Saint Barthélemy","0","0","0","0","0","0","0","0","0","0"
"EU4 - Appeal / Review","Refused","31/07/2026","Saint Helena, Ascension and Tristan da Cunha","0","0","0","0","0","0","0","0","0","0"
"EU4 - Appeal / Review","Refused","31/07/2026","Saint Kitts and Nevis","0","0","0","0","0","0","0","0","0","0"
"EU4 - Appeal / Review","Refused","31/07/2026","Saint Lucia","*","0","0","0","0","0","0","0","0","0"
"EU4 - Appeal / Review","Refused","31/07/2026","Saint Martin (French part)","0","0","0","0","0","0","0","0","0","0"
"EU4 - Appeal / Review","Refused","31/07/2026","Saint Pierre and Miquelon","0","0","0","0","0","0","0","0","0","0"
"EU4 - Appeal / Review","Refused","31/07/2026","Saint Vincent and the Grenadines","0","0","0","0","0","0","0","0","0","0"
"EU4 - Appeal / Review","Refused","31/07/2026","Samoa","0","0","0","0","*","0","0","0","0","0"
"EU4 - Appeal / Review","Refused","31/07/2026","San Marino","0","0","0","0","0","0","0","0","0","0"
"EU4 - Appeal / Review","Refused","31/07/2026","Sao Tome and Principe","0","0","0","0","0","0","0","0","0","0"
"EU4 - Appeal / Review","Refused","31/07/2026","Saudi Arabia","0","*","0","0","0","0","0","0","0","0"
"EU4 - Appeal / Review","Refused","31/07/2026","Senegal","*","0","0","0","*","*","0","0","0","0"
"EU4 - Appeal / Review","Refused","31/07/2026","Serbia","0","0","0","0","*","0","0","*","0","0"
"EU4 - Appeal / Review","Refused","31/07/2026","Seychelles","0","0","0","0","0","0","0","0","0","0"
"EU4 - Appeal / Review","Refused","31/07/2026","Sierra Leone","0","*","0","0","0","0","*","0","0","0"
"EU4 - Appeal / Review","Refused","31/07/2026","Singapore","0","0","0","0","0","0","0","0","0","0"
"EU4 - Appeal / Review","Refused","31/07/2026","Sint Maarten (Dutch part)","0","0","0","0","0","0","0","0","0","0"
"EU4 - Appeal / Review","Refused","31/07/2026","Solomon Islands","0","0","0","0","0","0","0","0","0","0"
"EU4 - Appeal / Review","Refused","31/07/2026","Somalia","0","0","0","0","0","0","7","*","0","0"
"EU4 - Appeal / Review","Refused","31/07/2026","South Africa","13","9","19","10","42","21","15","12","9","*"
"EU4 - Appeal / Review","Refused","31/07/2026","South Georgia and the South Sandwich Islands","0","0","0","0","0","0","0","0","0","0"
"EU4 - Appeal / Review","Refused","31/07/2026","South Sudan","0","0","0","0","0","0","0","0","0","0"
"EU4 - Appeal / Review","Refused","31/07/2026","Sri Lanka","0","*","0","*","*","*","*","*","0","0"
"EU4 - Appeal / Review","Refused","31/07/2026","Sudan (the)","*","0","*","*","0","0","*","*","0","0"
"EU4 - Appeal / Review","Refused","31/07/2026","Suriname","0","0","0","*","0","0","0","0","0","0"
"EU4 - Appeal / Review","Refused","31/07/2026","Svalbard and Jan Mayen","0","0","0","0","0","0","0","0","0","0"
"EU4 - Appeal / Review","Refused","31/07/2026","Switzerland","0","0","0","0","0","0","0","0","0","0"
"EU4 - Appeal / Review","Refused","31/07/2026","Syrian Arab Republic (the)","0","0","0","0","*","0","0","*","0","0"
"EU4 - Appeal / Review","Refused","31/07/2026","Taiwan (Province of China)","0","0","0","0","0","0","0","0","0","0"
"EU4 - Appeal / Review","Refused","31/07/2026","Tajikistan","0","0","0","0","0","0","0","0","0","0"
"EU4 - Appeal / Review","Refused","31/07/2026","Tanzania, the United Republic of","*","0","0","*","0","*","0","0","0","0"
"EU4 - Appeal / Review","Refused","31/07/2026","Thailand","*","*","*","0","0","*","*","*","0","0"
"EU4 - Appeal / Review","Refused","31/07/2026","Timor-Leste","0","0","0","0","0","0","0","0","0","0"
"EU4 - Appeal / Review","Refused","31/07/2026","Togo","*","0","0","0","*","0","*","*","0","0"
"EU4 - Appeal / Review","Refused","31/07/2026","Tokelau","0","0","0","0","0","0","0","0","0","0"
"EU4 - Appeal / Review","Refused","31/07/2026","Tonga","0","0","0","0","0","0","0","0","0","0"
"EU4 - Appeal / Review","Refused","31/07/2026","Trinidad and Tobago","0","0","0","0","0","0","0","0","0","0"
"EU4 - Appeal / Review","Refused","31/07/2026","Tunisia","*","0","*","0","0","*","*","*","*","0"
"EU4 - Appeal / Review","Refused","31/07/2026","Turkiye","*","*","*","0","0","0","*","*","*","0"
"EU4 - Appeal / Review","Refused","31/07/2026","Turkmenistan","0","0","0","0","0","0","0","*","0","0"
"EU4 - Appeal / Review","Refused","31/07/2026","Turks and Caicos Islands (the)","0","0","0","0","0","0","0","0","0","0"
"EU4 - Appeal / Review","Refused","31/07/2026","Tuvalu","0","0","0","0","0","0","0","0","0","0"
"EU4 - Appeal / Review","Refused","31/07/2026","Uganda","*","*","*","0","0","0","0","0","*","0"
"EU4 - Appeal / Review","Refused","31/07/2026","Ukraine","*","*","*","*","8","0","*","*","*","0"
"EU4 - Appeal / Review","Refused","31/07/2026","United Arab Emirates (the)","0","0","0","0","0","0","0","0","0","0"
"EU4 - Appeal / Review","Refused","31/07/2026","United States Minor Outlying Islands (the)","0","0","0","0","0","0","0","0","0","0"
"EU4 - Appeal / Review","Refused","31/07/2026","United States of America (the)","6","7","10","*","14","7","*","7","*","*"
"EU4 - Appeal / Review","Refused","31/07/2026","Uruguay","*","0","0","0","0","0","0","0","0","0"
"EU4 - Appeal / Review","Refused","31/07/2026","Uzbekistan","0","0","0","0","*","0","0","0","*","*"
"EU4 - Appeal / Review","Refused","31/07/2026","Vanuatu","0","0","0","0","0","0","0","0","0","0"
"EU4 - Appeal / Review","Refused","31/07/2026","Venezuela (Bolivarian Republic of)","*","*","9","8","15","7","*","7","*","0"
"EU4 - Appeal / Review","Refused","31/07/2026","Viet Nam","*","0","*","0","*","0","0","*","*","0"
"EU4 - Appeal / Review","Refused","31/07/2026","Virgin Islands (British)","0","0","0","0","0","0","0","0","0","0"
"EU4 - Appeal / Review","Refused","31/07/2026","Virgin Islands (U.S.)","0","0","0","0","0","0","0","0","0","0"
"EU4 - Appeal / Review","Refused","31/07/2026","Wallis and Futuna","0","0","0","0","0","0","0","0","0","0"
"EU4 - Appeal / Review","Refused","31/07/2026","Western Sahara","0","0","0","0","0","0","0","0","0","0"
"EU4 - Appeal / Review","Refused","31/07/2026","Yemen","0","0","0","0","0","0","0","0","0","0"
"EU4 - Appeal / Review","Refused","31/07/2026","Zambia","*","0","0","0","0","*","0","0","0","0"
"EU4 - Appeal / Review","Refused","31/07/2026","Zimbabwe","*","0","0","0","0","0","0","0","0","0"
"EU4 - Appeal / Review","Refused","31/07/2026","*Other","9","*","9","7","9","8","*","10","*","0"
"EU5 -	Retention","Received","31/07/2026","Afghanistan","0","*","0","*","0","*","0","*","0","0"
"EU5 -	Retention","Received","31/07/2026","Åland Islands","0","0","0","0","0","0","0","0","0","0"
"EU5 -	Retention","Received","31/07/2026","Albania","0","*","*","0","*","*","*","0","*","*"
"EU5 -	Retention","Received","31/07/2026","Algeria","*","*","*","0","*","0","0","0","0","*"
"EU5 -	Retention","Received","31/07/2026","American Samoa","0","0","0","0","0","0","0","0","0","0"
"EU5 -	Retention","Received","31/07/2026","Andorra","0","0","0","0","0","0","0","0","0","0"
"EU5 -	Retention","Received","31/07/2026","Angola","0","0","0","0","0","0","0","0","0","0"
"EU5 -	Retention","Received","31/07/2026","Anguilla","0","0","0","0","0","0","0","0","0","0"
"EU5 -	Retention","Received","31/07/2026","Antarctica","0","0","0","0","0","0","0","0","0","0"
"EU5 -	Retention","Received","31/07/2026","Antigua and Barbuda","0","0","0","0","0","0","0","0","0","0"
"EU5 -	Retention","Received","31/07/2026","Argentina","0","*","0","*","*","*","*","0","*","*"
"EU5 -	Retention","Received","31/07/2026","Armenia","0","*","0","0","0","0","0","0","0","0"
"EU5 -	Retention","Received","31/07/2026","Aruba","0","0","0","0","0","0","0","0","0","0"
"EU5 -	Retention","Received","31/07/2026","Australia","*","0","0","*","0","*","0","0","*","0"
"EU5 -	Retention","Received","31/07/2026","Azerbaijan","0","0","0","0","0","*","0","0","*","0"
"EU5 -	Retention","Received","31/07/2026","Bahamas (the)","0","0","0","0","0","0","0","0","0","0"
"EU5 -	Retention","Received","31/07/2026","Bahrain","0","0","0","0","0","0","0","0","0","0"
"EU5 -	Retention","Received","31/07/2026","Bangladesh","20","19","24","23","10","*","0","*","*","0"
"EU5 -	Retention","Received","31/07/2026","Barbados","0","0","0","0","0","0","0","0","0","0"
"EU5 -	Retention","Received","31/07/2026","Belarus","0","0","*","0","*","0","0","*","0","0"
"EU5 -	Retention","Received","31/07/2026","Belize","0","0","0","0","0","0","0","0","0","0"
"EU5 -	Retention","Received","31/07/2026","Benin","0","*","0","*","*","0","0","0","0","0"
"EU5 -	Retention","Received","31/07/2026","Bermuda","0","0","0","0","0","0","0","0","0","0"
"EU5 -	Retention","Received","31/07/2026","Bhutan","0","0","0","0","0","0","0","0","0","0"
"EU5 -	Retention","Received","31/07/2026","Bolivia (Plurinational State of)","0","0","*","0","0","0","0","*","0","*"
"EU5 -	Retention","Received","31/07/2026","Bonaire, Sint Eustatius and Saba","0","0","0","0","0","0","0","0","0","0"
"EU5 -	Retention","Received","31/07/2026","Bosnia and Herzegovina","0","0","0","0","*","0","*","*","*","0"
"EU5 -	Retention","Received","31/07/2026","Botswana","0","0","*","0","0","*","0","0","0","0"
"EU5 -	Retention","Received","31/07/2026","Bouvet Island","0","0","0","0","0","0","0","0","0","0"
"EU5 -	Retention","Received","31/07/2026","Brazil","21","26","36","32","40","57","59","56","84","22"
"EU5 -	Retention","Received","31/07/2026","Brunei Darussalam","0","0","0","0","0","0","0","0","0","0"
"EU5 -	Retention","Received","31/07/2026","Burkina Faso","0","0","0","0","0","0","0","0","0","0"
"EU5 -	Retention","Received","31/07/2026","Burundi","0","0","0","0","0","0","0","0","0","0"
"EU5 -	Retention","Received","31/07/2026","Cabo Verde","0","0","*","0","0","0","0","0","0","0"
"EU5 -	Retention","Received","31/07/2026","Cambodia","0","0","0","0","0","0","0","0","0","0"
"EU5 -	Retention","Received","31/07/2026","Cameroon","0","0","0","*","0","0","0","0","0","*"
"EU5 -	Retention","Received","31/07/2026","Canada","0","0","0","0","0","*","0","0","0","0"
"EU5 -	Retention","Received","31/07/2026","Cayman Islands (the)","0","0","0","0","0","0","0","0","0","0"
"EU5 -	Retention","Received","31/07/2026","Central African Republic (the)","0","0","0","0","0","0","0","0","0","0"
"EU5 -	Retention","Received","31/07/2026","Ceuta","0","0","0","0","0","0","0","0","0","0"
"EU5 -	Retention","Received","31/07/2026","Chad","0","0","0","0","0","0","0","0","0","0"
"EU5 -	Retention","Received","31/07/2026","Chile","0","0","0","0","0","0","0","0","0","0"
"EU5 -	Retention","Received","31/07/2026","China","*","*","*","*","0","*","*","*","0","*"
"EU5 -	Retention","Received","31/07/2026","Christmas Island","0","0","0","0","0","0","0","0","0","0"
"EU5 -	Retention","Received","31/07/2026","Cocos (Keeling) Islands (the)","0","0","0","0","0","0","0","0","0","0"
"EU5 -	Retention","Received","31/07/2026","Colombia","*","0","0","*","*","0","0","0","*","0"
"EU5 -	Retention","Received","31/07/2026","Comoros (the)","0","0","0","0","0","0","0","0","0","0"
"EU5 -	Retention","Received","31/07/2026","Congo (the Democratic Republic of the)","0","0","0","*","0","0","0","0","0","0"
"EU5 -	Retention","Received","31/07/2026","Congo (the)","0","0","0","0","0","0","0","0","0","0"
"EU5 -	Retention","Received","31/07/2026","Cook Islands (the)","0","0","0","0","0","0","0","0","0","0"
"EU5 -	Retention","Received","31/07/2026","Costa Rica","0","0","0","0","0","0","0","0","0","0"
"EU5 -	Retention","Received","31/07/2026","Côte d'Ivoire","0","0","0","0","0","0","0","0","0","0"
"EU5 -	Retention","Received","31/07/2026","Cuba","0","0","*","0","0","*","0","0","0","0"
"EU5 -	Retention","Received","31/07/2026","Curaçao","0","0","0","0","0","0","0","0","0","0"
"EU5 -	Retention","Received","31/07/2026","Djibouti","0","0","0","0","0","0","0","0","0","0"
"EU5 -	Retention","Received","31/07/2026","Dominica","0","0","0","0","0","0","0","0","0","0"
"EU5 -	Retention","Received","31/07/2026","Dominican Republic (the)","0","0","0","0","*","0","0","0","0","0"
"EU5 -	Retention","Received","31/07/2026","Ecuador","0","0","0","0","0","0","0","0","0","0"
"EU5 -	Retention","Received","31/07/2026","Egypt","6","7","*","*","*","*","0","0","0","*"
"EU5 -	Retention","Received","31/07/2026","El Salvador","0","0","0","0","0","0","0","0","0","0"
"EU5 -	Retention","Received","31/07/2026","Equatorial Guinea","0","0","0","0","0","0","0","0","0","0"
"EU5 -	Retention","Received","31/07/2026","Eritrea","0","0","0","0","0","0","0","0","0","0"
"EU5 -	Retention","Received","31/07/2026","Eswatini","0","0","0","0","0","0","0","0","0","0"
"EU5 -	Retention","Received","31/07/2026","Ethiopia","0","0","*","0","0","0","0","0","0","0"
"EU5 -	Retention","Received","31/07/2026","Falkland Islands (the) [Malvinas]","0","0","0","0","0","0","0","0","0","0"
"EU5 -	Retention","Received","31/07/2026","Faroe Islands (the)","0","0","0","0","0","0","0","0","0","0"
"EU5 -	Retention","Received","31/07/2026","Fiji","0","0","0","0","0","0","0","0","0","0"
"EU5 -	Retention","Received","31/07/2026","French Guiana","0","0","0","0","0","0","0","0","0","0"
"EU5 -	Retention","Received","31/07/2026","French Polynesia","0","0","0","0","0","0","0","0","0","0"
"EU5 -	Retention","Received","31/07/2026","Gabon","0","0","0","0","0","0","0","0","0","0"
"EU5 -	Retention","Received","31/07/2026","Gambia (the)","0","0","0","0","0","0","0","0","0","0"
"EU5 -	Retention","Received","31/07/2026","Georgia","0","*","*","*","*","*","*","*","*","0"
"EU5 -	Retention","Received","31/07/2026","Ghana","*","0","*","*","0","0","*","0","0","0"
"EU5 -	Retention","Received","31/07/2026","Gibraltar","0","0","0","0","0","0","0","0","0","0"
"EU5 -	Retention","Received","31/07/2026","Greenland","0","0","0","0","0","0","0","0","0","0"
"EU5 -	Retention","Received","31/07/2026","Grenada","0","0","0","0","0","0","0","0","0","0"
"EU5 -	Retention","Received","31/07/2026","Guadeloupe","0","0","0","0","0","0","0","0","0","0"
"EU5 -	Retention","Received","31/07/2026","Guam","0","0","0","0","0","0","0","0","0","0"
"EU5 -	Retention","Received","31/07/2026","Guatemala","0","0","0","0","0","0","0","0","0","0"
"EU5 -	Retention","Received","31/07/2026","Guernsey","0","0","0","0","0","0","0","0","0","0"
"EU5 -	Retention","Received","31/07/2026","Guinea","*","0","0","0","*","0","0","0","0","0"
"EU5 -	Retention","Received","31/07/2026","Guinea-Bissau","0","0","0","0","0","0","0","0","0","0"
"EU5 -	Retention","Received","31/07/2026","Guyana","0","0","0","0","0","0","0","0","0","0"
"EU5 -	Retention","Received","31/07/2026","Haiti","0","0","0","0","0","0","0","0","0","0"
"EU5 -	Retention","Received","31/07/2026","Heard Island and McDonald Islands","0","0","0","0","0","0","0","0","0","0"
"EU5 -	Retention","Received","31/07/2026","Holy See (the)","0","0","0","0","0","0","0","0","0","0"
"EU5 -	Retention","Received","31/07/2026","Honduras","0","0","0","0","0","0","0","0","0","0"
"EU5 -	Retention","Received","31/07/2026","India","24","16","19","29","11","*","*","*","0","*"
"EU5 -	Retention","Received","31/07/2026","Indonesia","0","0","0","*","0","*","0","0","0","0"
"EU5 -	Retention","Received","31/07/2026","Iran (Islamic Republic of)","0","0","0","*","0","0","0","0","0","0"
"EU5 -	Retention","Received","31/07/2026","Iraq","0","*","0","0","0","0","0","0","0","0"
"EU5 -	Retention","Received","31/07/2026","Isle of Man","0","0","0","0","0","0","0","0","0","0"
"EU5 -	Retention","Received","31/07/2026","Israel","*","0","0","0","0","0","0","0","0","0"
"EU5 -	Retention","Received","31/07/2026","Jamaica","0","0","0","0","0","0","0","0","*","0"
"EU5 -	Retention","Received","31/07/2026","Japan","0","0","*","*","0","0","0","*","*","0"
"EU5 -	Retention","Received","31/07/2026","Jersey","0","0","0","0","0","0","0","0","0","0"
"EU5 -	Retention","Received","31/07/2026","Jordan","0","0","0","0","0","0","0","0","0","0"
"EU5 -	Retention","Received","31/07/2026","Kazakhstan","0","*","0","0","0","0","0","0","0","0"
"EU5 -	Retention","Received","31/07/2026","Kenya","0","*","0","0","*","0","0","*","0","0"
"EU5 -	Retention","Received","31/07/2026","Kiribati","0","0","0","0","0","0","0","0","0","0"
"EU5 -	Retention","Received","31/07/2026","Korea (the Democratic People's Republic of) North Korea","0","0","0","0","0","0","0","0","0","0"
"EU5 -	Retention","Received","31/07/2026","Korea (the Republic of) South Korea","0","0","0","0","0","0","0","0","0","0"
"EU5 -	Retention","Received","31/07/2026","Kosovo","*","0","*","*","*","0","0","0","0","0"
"EU5 -	Retention","Received","31/07/2026","Kuwait","0","0","0","0","0","0","0","0","0","0"
"EU5 -	Retention","Received","31/07/2026","Kyrgyzstan","*","0","0","0","0","0","0","0","0","0"
"EU5 -	Retention","Received","31/07/2026","Lao People's Democratic Republic (the)","0","0","0","0","0","0","0","0","0","0"
"EU5 -	Retention","Received","31/07/2026","Lebanon","0","0","0","0","0","0","0","0","*","0"
"EU5 -	Retention","Received","31/07/2026","Lesotho","0","0","0","0","0","0","0","0","0","0"
"EU5 -	Retention","Received","31/07/2026","Liberia","0","0","0","0","0","0","0","0","0","0"
"EU5 -	Retention","Received","31/07/2026","Libya","0","0","0","0","0","0","0","0","0","0"
"EU5 -	Retention","Received","31/07/2026","Macao","0","0","0","0","0","0","0","0","0","0"
"EU5 -	Retention","Received","31/07/2026","Madagascar","0","0","0","0","0","0","0","0","0","0"
"EU5 -	Retention","Received","31/07/2026","Malawi","0","0","*","0","*","*","*","*","0","0"
"EU5 -	Retention","Received","31/07/2026","Malaysia","0","*","0","0","0","*","0","0","0","*"
"EU5 -	Retention","Received","31/07/2026","Maldives","0","0","0","0","0","0","0","0","0","0"
"EU5 -	Retention","Received","31/07/2026","Mali","0","0","0","0","0","0","0","0","0","0"
"EU5 -	Retention","Received","31/07/2026","Marshall Islands (the)","0","0","0","0","0","0","0","0","0","0"
"EU5 -	Retention","Received","31/07/2026","Martinique","0","0","0","0","0","0","0","0","0","0"
"EU5 -	Retention","Received","31/07/2026","Mauritania","0","0","0","0","0","0","0","0","0","0"
"EU5 -	Retention","Received","31/07/2026","Mauritius","7","7","12","12","8","*","*","*","0","0"
"EU5 -	Retention","Received","31/07/2026","Mayotte","0","0","0","0","0","0","0","0","0","0"
"EU5 -	Retention","Received","31/07/2026","Melilla","0","0","0","0","0","0","0","0","0","0"
"EU5 -	Retention","Received","31/07/2026","Mexico","*","0","*","0","*","*","0","*","*","*"
"EU5 -	Retention","Received","31/07/2026","Micronesia (Federated States of)","0","0","0","0","0","0","0","0","0","0"
"EU5 -	Retention","Received","31/07/2026","Moldova (the Republic of)","*","*","*","*","*","*","*","*","0","0"
"EU5 -	Retention","Received","31/07/2026","Monaco","0","0","0","0","0","0","0","0","0","0"
"EU5 -	Retention","Received","31/07/2026","Mongolia","0","0","0","0","0","0","0","0","0","0"
"EU5 -	Retention","Received","31/07/2026","Montenegro","0","0","0","0","0","0","0","0","0","0"
"EU5 -	Retention","Received","31/07/2026","Montserrat","0","0","0","0","0","0","0","0","0","0"
"EU5 -	Retention","Received","31/07/2026","Morocco","*","*","*","*","*","0","*","*","*","*"
"EU5 -	Retention","Received","31/07/2026","Mozambique","0","0","0","0","0","0","0","0","0","0"
"EU5 -	Retention","Received","31/07/2026","Myanmar","0","0","0","0","0","0","0","0","0","0"
"EU5 -	Retention","Received","31/07/2026","Namibia","0","0","0","0","0","*","0","0","0","0"
"EU5 -	Retention","Received","31/07/2026","Nauru","0","0","0","0","0","0","0","0","0","0"
"EU5 -	Retention","Received","31/07/2026","Nepal","*","*","*","0","0","0","*","0","0","0"
"EU5 -	Retention","Received","31/07/2026","New Caledonia","0","0","0","0","0","0","0","0","0","0"
"EU5 -	Retention","Received","31/07/2026","New Zealand","*","0","0","0","0","0","0","0","0","0"
"EU5 -	Retention","Received","31/07/2026","Nicaragua","0","0","0","0","0","0","0","0","0","0"
"EU5 -	Retention","Received","31/07/2026","Niger (the)","0","0","0","0","0","0","0","0","0","0"
"EU5 -	Retention","Received","31/07/2026","Nigeria","29","7","12","7","11","*","9","*","*","*"
"EU5 -	Retention","Received","31/07/2026","Niue","0","0","0","0","0","0","0","0","0","0"
"EU5 -	Retention","Received","31/07/2026","Norfolk Island","0","0","0","0","0","0","0","0","0","0"
"EU5 -	Retention","Received","31/07/2026","North Macedonia","0","0","0","0","0","0","0","0","0","0"
"EU5 -	Retention","Received","31/07/2026","Northern Mariana Islands (the)","0","0","0","0","0","0","0","0","0","0"
"EU5 -	Retention","Received","31/07/2026","Oman","0","0","0","0","0","0","0","0","0","0"
"EU5 -	Retention","Received","31/07/2026","Pakistan","69","97","62","108","58","13","12","0","9","*"
"EU5 -	Retention","Received","31/07/2026","Palau","0","0","0","0","0","0","0","0","0","0"
"EU5 -	Retention","Received","31/07/2026","Palestine, State of","0","0","0","0","0","0","0","0","0","0"
"EU5 -	Retention","Received","31/07/2026","Panama","0","0","0","0","0","0","0","0","0","0"
"EU5 -	Retention","Received","31/07/2026","Papua New Guinea","0","0","0","0","0","0","0","0","0","0"
"EU5 -	Retention","Received","31/07/2026","Paraguay","0","0","0","0","0","0","0","0","0","0"
"EU5 -	Retention","Received","31/07/2026","Peru","0","*","0","0","0","0","0","0","0","0"
"EU5 -	Retention","Received","31/07/2026","Philippines (the)","*","*","0","0","*","*","*","*","*","0"
"EU5 -	Retention","Received","31/07/2026","Pitcairn","0","0","0","0","0","0","0","0","0","0"
"EU5 -	Retention","Received","31/07/2026","Puerto Rico","0","0","0","0","0","0","0","0","0","0"
"EU5 -	Retention","Received","31/07/2026","Qatar","0","0","0","0","0","0","0","0","0","0"
"EU5 -	Retention","Received","31/07/2026","Réunion","0","0","0","0","0","0","0","0","0","0"
"EU5 -	Retention","Received","31/07/2026","Russian Federation (the)","6","*","*","*","*","*","8","*","*","0"
"EU5 -	Retention","Received","31/07/2026","Rwanda","0","0","0","0","0","0","0","0","0","0"
"EU5 -	Retention","Received","31/07/2026","Saint Barthélemy","0","0","0","0","0","0","0","0","0","0"
"EU5 -	Retention","Received","31/07/2026","Saint Helena, Ascension and Tristan da Cunha","0","0","0","0","0","0","0","0","0","0"
"EU5 -	Retention","Received","31/07/2026","Saint Kitts and Nevis","0","0","0","0","0","0","0","0","0","0"
"EU5 -	Retention","Received","31/07/2026","Saint Lucia","0","0","0","0","0","0","0","0","0","0"
"EU5 -	Retention","Received","31/07/2026","Saint Martin (French part)","0","0","0","0","0","0","0","0","0","0"
"EU5 -	Retention","Received","31/07/2026","Saint Pierre and Miquelon","0","0","0","0","0","0","0","0","0","0"
"EU5 -	Retention","Received","31/07/2026","Saint Vincent and the Grenadines","0","0","0","0","0","0","0","0","0","0"
"EU5 -	Retention","Received","31/07/2026","Samoa","0","0","0","0","0","0","0","0","0","0"
"EU5 -	Retention","Received","31/07/2026","San Marino","0","0","0","0","0","0","0","0","0","0"
"EU5 -	Retention","Received","31/07/2026","Sao Tome and Principe","0","0","0","0","0","0","0","0","0","0"
"EU5 -	Retention","Received","31/07/2026","Saudi Arabia","0","0","0","0","0","0","*","0","0","0"
"EU5 -	Retention","Received","31/07/2026","Senegal","*","0","0","0","0","0","0","0","0","0"
"EU5 -	Retention","Received","31/07/2026","Serbia","0","0","0","*","*","*","*","0","0","0"
"EU5 -	Retention","Received","31/07/2026","Seychelles","0","0","0","0","0","0","0","0","0","0"
"EU5 -	Retention","Received","31/07/2026","Sierra Leone","0","0","0","0","0","0","0","0","0","0"
"EU5 -	Retention","Received","31/07/2026","Singapore","0","0","*","0","0","0","0","0","0","0"
"EU5 -	Retention","Received","31/07/2026","Sint Maarten (Dutch part)","0","0","0","0","0","0","0","0","0","0"
"EU5 -	Retention","Received","31/07/2026","Solomon Islands","0","0","0","0","0","0","0","0","0","0"
"EU5 -	Retention","Received","31/07/2026","Somalia","0","*","0","0","0","0","0","0","0","0"
"EU5 -	Retention","Received","31/07/2026","South Africa","6","7","13","6","*","*","20","10","7","*"
"EU5 -	Retention","Received","31/07/2026","South Georgia and the South Sandwich Islands","0","0","0","0","0","0","0","0","0","0"
"EU5 -	Retention","Received","31/07/2026","South Sudan","0","0","0","0","0","0","0","0","0","0"
"EU5 -	Retention","Received","31/07/2026","Sri Lanka","0","0","0","*","*","0","0","0","0","0"
"EU5 -	Retention","Received","31/07/2026","Sudan (the)","0","*","*","0","0","0","0","*","0","0"
"EU5 -	Retention","Received","31/07/2026","Suriname","0","0","0","0","0","*","0","0","0","0"
"EU5 -	Retention","Received","31/07/2026","Svalbard and Jan Mayen","0","0","0","0","0","0","0","0","0","0"
"EU5 -	Retention","Received","31/07/2026","Switzerland","0","0","0","0","0","0","0","0","0","0"
"EU5 -	Retention","Received","31/07/2026","Syrian Arab Republic (the)","0","0","0","0","0","0","0","0","*","0"
"EU5 -	Retention","Received","31/07/2026","Taiwan (Province of China)","0","0","0","0","0","0","0","0","0","0"
"EU5 -	Retention","Received","31/07/2026","Tajikistan","0","0","0","0","0","0","0","0","0","0"
"EU5 -	Retention","Received","31/07/2026","Tanzania, the United Republic of","0","0","0","0","0","0","0","0","0","0"
"EU5 -	Retention","Received","31/07/2026","Thailand","0","0","0","0","*","0","*","0","0","0"
"EU5 -	Retention","Received","31/07/2026","Timor-Leste","0","0","0","0","0","0","0","0","0","0"
"EU5 -	Retention","Received","31/07/2026","Togo","0","0","0","*","*","*","0","0","0","0"
"EU5 -	Retention","Received","31/07/2026","Tokelau","0","0","0","0","0","0","0","0","0","0"
"EU5 -	Retention","Received","31/07/2026","Tonga","0","0","0","0","0","0","0","0","0","0"
"EU5 -	Retention","Received","31/07/2026","Trinidad and Tobago","0","0","0","0","0","0","0","0","0","0"
"EU5 -	Retention","Received","31/07/2026","Tunisia","*","*","*","*","0","0","0","0","0","0"
"EU5 -	Retention","Received","31/07/2026","Turkiye","0","0","*","*","*","0","*","*","*","*"
"EU5 -	Retention","Received","31/07/2026","Turkmenistan","0","0","0","0","0","0","0","0","0","0"
"EU5 -	Retention","Received","31/07/2026","Turks and Caicos Islands (the)","0","0","0","0","0","0","0","0","0","0"
"EU5 -	Retention","Received","31/07/2026","Tuvalu","0","0","0","0","0","0","0","0","0","0"
"EU5 -	Retention","Received","31/07/2026","Uganda","0","0","*","0","*","0","0","0","0","0"
"EU5 -	Retention","Received","31/07/2026","Ukraine","*","13","7","6","*","*","*","*","*","*"
"EU5 -	Retention","Received","31/07/2026","United Arab Emirates (the)","0","0","0","0","0","0","0","0","0","0"
"EU5 -	Retention","Received","31/07/2026","United States Minor Outlying Islands (the)","0","0","0","0","0","0","0","0","0","0"
"EU5 -	Retention","Received","31/07/2026","United States of America (the)","*","*","8","*","*","*","*","6","*","0"
"EU5 -	Retention","Received","31/07/2026","Uruguay","0","0","0","0","0","0","0","0","0","0"
"EU5 -	Retention","Received","31/07/2026","Uzbekistan","0","0","0","0","0","0","0","*","0","0"
"EU5 -	Retention","Received","31/07/2026","Vanuatu","0","0","0","0","0","0","0","0","0","0"
"EU5 -	Retention","Received","31/07/2026","Venezuela (Bolivarian Republic of)","0","*","*","*","6","*","7","*","*","0"
"EU5 -	Retention","Received","31/07/2026","Viet Nam","0","0","0","0","0","0","0","0","0","0"
"EU5 -	Retention","Received","31/07/2026","Virgin Islands (British)","0","0","0","0","0","0","0","0","0","0"
"EU5 -	Retention","Received","31/07/2026","Virgin Islands (U.S.)","0","0","0","0","0","0","0","0","0","0"
"EU5 -	Retention","Received","31/07/2026","Wallis and Futuna","0","0","0","0","0","0","0","0","0","0"
"EU5 -	Retention","Received","31/07/2026","Western Sahara","0","0","0","0","0","0","0","0","0","0"
"EU5 -	Retention","Received","31/07/2026","Yemen","0","0","0","0","0","0","0","0","0","0"
"EU5 -	Retention","Received","31/07/2026","Zambia","0","0","0","0","0","0","*","0","0","0"
"EU5 -	Retention","Received","31/07/2026","Zimbabwe","0","0","0","0","*","0","0","0","0","0"
"EU5 -	Retention","Received","31/07/2026","*Other","*","0","*","*","*","*","*","*","0","0"
"EU5 -	Retention","Granted","31/07/2026","Afghanistan","0","0","0","0","*","0","*","*","0","0"
"EU5 -	Retention","Granted","31/07/2026","Åland Islands","0","0","0","0","0","0","0","0","0","0"
"EU5 -	Retention","Granted","31/07/2026","Albania","*","*","0","*","*","0","0","0","0","0"
"EU5 -	Retention","Granted","31/07/2026","Algeria","0","0","0","0","0","0","0","0","0","0"
"EU5 -	Retention","Granted","31/07/2026","American Samoa","0","0","0","0","0","0","0","0","0","0"
"EU5 -	Retention","Granted","31/07/2026","Andorra","0","0","0","0","0","0","0","0","0","0"
"EU5 -	Retention","Granted","31/07/2026","Angola","0","0","0","0","0","0","0","0","0","0"
"EU5 -	Retention","Granted","31/07/2026","Anguilla","0","0","0","0","0","0","0","0","0","0"
"EU5 -	Retention","Granted","31/07/2026","Antarctica","0","0","0","0","0","0","0","0","0","0"
"EU5 -	Retention","Granted","31/07/2026","Antigua and Barbuda","0","0","0","0","0","0","0","0","0","0"
"EU5 -	Retention","Granted","31/07/2026","Argentina","0","0","0","0","0","0","*","0","0","0"
"EU5 -	Retention","Granted","31/07/2026","Armenia","0","0","0","0","0","0","0","0","0","0"
"EU5 -	Retention","Granted","31/07/2026","Aruba","0","0","0","0","0","0","0","0","0","0"
"EU5 -	Retention","Granted","31/07/2026","Australia","0","0","0","0","0","0","0","0","0","0"
"EU5 -	Retention","Granted","31/07/2026","Azerbaijan","0","0","0","0","0","0","0","0","0","0"
"EU5 -	Retention","Granted","31/07/2026","Bahamas (the)","0","0","0","0","0","0","0","0","0","0"
"EU5 -	Retention","Granted","31/07/2026","Bahrain","0","0","0","0","0","0","0","0","0","0"
"EU5 -	Retention","Granted","31/07/2026","Bangladesh","*","*","*","0","0","*","0","*","*","0"
"EU5 -	Retention","Granted","31/07/2026","Barbados","0","0","0","0","0","0","0","0","0","0"
"EU5 -	Retention","Granted","31/07/2026","Belarus","0","0","*","*","0","0","0","0","0","0"
"EU5 -	Retention","Granted","31/07/2026","Belize","0","0","0","0","0","0","0","0","0","0"
"EU5 -	Retention","Granted","31/07/2026","Benin","0","0","0","0","0","0","0","0","0","0"
"EU5 -	Retention","Granted","31/07/2026","Bermuda","0","0","0","0","0","0","0","0","0","0"
"EU5 -	Retention","Granted","31/07/2026","Bhutan","0","0","0","0","0","0","0","0","0","0"
"EU5 -	Retention","Granted","31/07/2026","Bolivia (Plurinational State of)","0","0","0","0","0","0","0","0","0","0"
"EU5 -	Retention","Granted","31/07/2026","Bonaire, Sint Eustatius and Saba","0","0","0","0","0","0","0","0","0","0"
"EU5 -	Retention","Granted","31/07/2026","Bosnia and Herzegovina","0","0","0","0","0","0","0","*","0","0"
"EU5 -	Retention","Granted","31/07/2026","Botswana","0","0","0","0","*","*","0","0","0","0"
"EU5 -	Retention","Granted","31/07/2026","Bouvet Island","0","0","0","0","0","0","0","0","0","0"
"EU5 -	Retention","Granted","31/07/2026","Brazil","*","*","*","*","26","19","39","44","47","8"
"EU5 -	Retention","Granted","31/07/2026","Brunei Darussalam","0","0","0","0","0","0","0","0","0","0"
"EU5 -	Retention","Granted","31/07/2026","Burkina Faso","0","0","0","0","0","0","0","0","0","0"
"EU5 -	Retention","Granted","31/07/2026","Burundi","0","0","0","0","0","0","0","0","0","0"
"EU5 -	Retention","Granted","31/07/2026","Cabo Verde","0","0","0","0","0","0","0","0","0","0"
"EU5 -	Retention","Granted","31/07/2026","Cambodia","0","0","0","0","0","0","0","0","0","0"
"EU5 -	Retention","Granted","31/07/2026","Cameroon","0","0","0","0","0","0","0","0","0","0"
"EU5 -	Retention","Granted","31/07/2026","Canada","0","*","0","0","0","*","0","0","0","0"
"EU5 -	Retention","Granted","31/07/2026","Cayman Islands (the)","0","0","0","0","0","0","0","0","0","0"
"EU5 -	Retention","Granted","31/07/2026","Central African Republic (the)","0","0","0","0","0","0","0","0","0","0"
"EU5 -	Retention","Granted","31/07/2026","Ceuta","0","0","0","0","0","0","0","0","0","0"
"EU5 -	Retention","Granted","31/07/2026","Chad","0","0","0","0","0","0","0","0","0","0"
"EU5 -	Retention","Granted","31/07/2026","Chile","0","0","0","0","0","0","0","0","0","0"
"EU5 -	Retention","Granted","31/07/2026","China","*","*","*","*","0","0","*","*","*","0"
"EU5 -	Retention","Granted","31/07/2026","Christmas Island","0","0","0","0","0","0","0","0","0","0"
"EU5 -	Retention","Granted","31/07/2026","Cocos (Keeling) Islands (the)","0","0","0","0","0","0","0","0","0","0"
"EU5 -	Retention","Granted","31/07/2026","Colombia","0","*","0","0","0","*","0","0","*","0"
"EU5 -	Retention","Granted","31/07/2026","Comoros (the)","0","0","0","0","0","0","0","0","0","0"
"EU5 -	Retention","Granted","31/07/2026","Congo (the Democratic Republic of the)","0","0","0","0","0","0","0","0","0","0"
"EU5 -	Retention","Granted","31/07/2026","Congo (the)","0","0","0","0","0","0","0","0","0","0"
"EU5 -	Retention","Granted","31/07/2026","Cook Islands (the)","0","0","0","0","0","0","0","0","0","0"
"EU5 -	Retention","Granted","31/07/2026","Costa Rica","0","0","0","0","0","0","0","0","0","0"
"EU5 -	Retention","Granted","31/07/2026","Côte d'Ivoire","0","0","0","0","0","0","0","0","0","0"
"EU5 -	Retention","Granted","31/07/2026","Cuba","0","0","0","0","0","0","0","0","0","0"
"EU5 -	Retention","Granted","31/07/2026","Curaçao","0","0","0","0","0","0","0","0","0","0"
"EU5 -	Retention","Granted","31/07/2026","Djibouti","0","0","0","0","0","0","0","0","0","0"
"EU5 -	Retention","Granted","31/07/2026","Dominica","0","0","0","0","0","0","0","0","0","0"
"EU5 -	Retention","Granted","31/07/2026","Dominican Republic (the)","0","0","0","0","0","0","0","0","0","0"
"EU5 -	Retention","Granted","31/07/2026","Ecuador","0","0","0","0","0","0","0","0","0","0"
"EU5 -	Retention","Granted","31/07/2026","Egypt","*","0","0","*","*","0","0","0","0","*"
"EU5 -	Retention","Granted","31/07/2026","El Salvador","0","0","0","0","0","0","0","0","0","0"
"EU5 -	Retention","Granted","31/07/2026","Equatorial Guinea","0","0","0","0","0","0","0","0","0","0"
"EU5 -	Retention","Granted","31/07/2026","Eritrea","0","0","0","0","0","0","0","0","0","0"
"EU5 -	Retention","Granted","31/07/2026","Eswatini","0","0","0","0","0","0","0","0","0","0"
"EU5 -	Retention","Granted","31/07/2026","Ethiopia","0","0","*","0","0","0","0","0","0","0"
"EU5 -	Retention","Granted","31/07/2026","Falkland Islands (the) [Malvinas]","0","0","0","0","0","0","0","0","0","0"
"EU5 -	Retention","Granted","31/07/2026","Faroe Islands (the)","0","0","0","0","0","0","0","0","0","0"
"EU5 -	Retention","Granted","31/07/2026","Fiji","0","0","0","0","0","0","0","0","0","0"
"EU5 -	Retention","Granted","31/07/2026","French Guiana","0","0","0","0","0","0","0","0","0","0"
"EU5 -	Retention","Granted","31/07/2026","French Polynesia","0","0","0","0","0","0","0","0","0","0"
"EU5 -	Retention","Granted","31/07/2026","Gabon","0","0","0","0","0","0","0","0","0","0"
"EU5 -	Retention","Granted","31/07/2026","Gambia (the)","0","0","0","0","0","0","0","0","0","0"
"EU5 -	Retention","Granted","31/07/2026","Georgia","0","*","*","0","*","*","0","0","0","0"
"EU5 -	Retention","Granted","31/07/2026","Ghana","0","*","0","0","*","0","*","0","0","0"
"EU5 -	Retention","Granted","31/07/2026","Gibraltar","0","0","0","0","0","0","0","0","0","0"
"EU5 -	Retention","Granted","31/07/2026","Greenland","0","0","0","0","0","0","0","0","0","0"
"EU5 -	Retention","Granted","31/07/2026","Grenada","0","0","0","0","0","0","0","0","0","0"
"EU5 -	Retention","Granted","31/07/2026","Guadeloupe","0","0","0","0","0","0","0","0","0","0"
"EU5 -	Retention","Granted","31/07/2026","Guam","0","0","0","0","0","0","0","0","0","0"
"EU5 -	Retention","Granted","31/07/2026","Guatemala","0","0","0","0","0","0","0","0","0","0"
"EU5 -	Retention","Granted","31/07/2026","Guernsey","0","0","0","0","0","0","0","0","0","0"
"EU5 -	Retention","Granted","31/07/2026","Guinea","0","*","0","0","0","0","0","0","0","0"
"EU5 -	Retention","Granted","31/07/2026","Guinea-Bissau","0","0","0","0","0","0","0","0","0","0"
"EU5 -	Retention","Granted","31/07/2026","Guyana","0","0","0","0","0","0","0","0","0","0"
"EU5 -	Retention","Granted","31/07/2026","Haiti","0","0","0","0","0","0","0","0","0","0"
"EU5 -	Retention","Granted","31/07/2026","Heard Island and McDonald Islands","0","0","0","0","0","0","0","0","0","0"
"EU5 -	Retention","Granted","31/07/2026","Holy See (the)","0","0","0","0","0","0","0","0","0","0"
"EU5 -	Retention","Granted","31/07/2026","Honduras","0","0","0","0","0","0","0","0","0","0"
"EU5 -	Retention","Granted","31/07/2026","India","*","*","*","*","7","*","*","*","*","0"
"EU5 -	Retention","Granted","31/07/2026","Indonesia","0","0","0","0","*","*","0","0","0","0"
"EU5 -	Retention","Granted","31/07/2026","Iran (Islamic Republic of)","0","0","0","0","0","0","0","0","0","0"
"EU5 -	Retention","Granted","31/07/2026","Iraq","0","*","0","0","0","0","0","0","0","0"
"EU5 -	Retention","Granted","31/07/2026","Isle of Man","0","0","0","0","0","0","0","0","0","0"
"EU5 -	Retention","Granted","31/07/2026","Israel","0","0","0","0","0","0","0","0","0","0"
"EU5 -	Retention","Granted","31/07/2026","Jamaica","0","0","0","0","0","0","*","0","0","0"
"EU5 -	Retention","Granted","31/07/2026","Japan","0","0","0","*","0","0","0","*","0","0"
"EU5 -	Retention","Granted","31/07/2026","Jersey","0","0","0","0","0","0","0","0","0","0"
"EU5 -	Retention","Granted","31/07/2026","Jordan","0","0","0","0","0","0","0","0","0","0"
"EU5 -	Retention","Granted","31/07/2026","Kazakhstan","0","0","0","0","0","0","0","0","0","0"
"EU5 -	Retention","Granted","31/07/2026","Kenya","0","0","*","0","*","0","0","*","0","0"
"EU5 -	Retention","Granted","31/07/2026","Kiribati","0","0","0","0","0","0","0","0","0","0"
"EU5 -	Retention","Granted","31/07/2026","Korea (the Democratic People's Republic of) North Korea","0","0","0","0","0","0","0","0","0","0"
"EU5 -	Retention","Granted","31/07/2026","Korea (the Republic of) South Korea","0","0","0","0","0","0","0","0","0","0"
"EU5 -	Retention","Granted","31/07/2026","Kosovo","0","0","*","0","0","0","0","0","0","0"
"EU5 -	Retention","Granted","31/07/2026","Kuwait","0","0","0","0","0","0","0","0","0","0"
"EU5 -	Retention","Granted","31/07/2026","Kyrgyzstan","0","0","0","0","0","0","0","0","0","0"
"EU5 -	Retention","Granted","31/07/2026","Lao People's Democratic Republic (the)","0","0","0","0","0","0","0","0","0","0"
"EU5 -	Retention","Granted","31/07/2026","Lebanon","0","0","0","0","0","0","0","0","*","0"
"EU5 -	Retention","Granted","31/07/2026","Lesotho","0","0","0","0","0","0","0","0","0","0"
"EU5 -	Retention","Granted","31/07/2026","Liberia","0","0","0","0","0","0","0","0","0","0"
"EU5 -	Retention","Granted","31/07/2026","Libya","0","0","0","0","0","0","0","0","0","0"
"EU5 -	Retention","Granted","31/07/2026","Macao","0","0","0","0","0","0","0","0","0","0"
"EU5 -	Retention","Granted","31/07/2026","Madagascar","0","0","0","0","0","0","0","0","0","0"
"EU5 -	Retention","Granted","31/07/2026","Malawi","0","0","0","0","*","*","0","0","0","0"
"EU5 -	Retention","Granted","31/07/2026","Malaysia","0","*","0","0","0","0","0","0","0","0"
"EU5 -	Retention","Granted","31/07/2026","Maldives","0","0","0","0","0","0","0","0","0","0"
"EU5 -	Retention","Granted","31/07/2026","Mali","0","0","0","0","0","0","0","0","0","0"
"EU5 -	Retention","Granted","31/07/2026","Marshall Islands (the)","0","0","0","0","0","0","0","0","0","0"
"EU5 -	Retention","Granted","31/07/2026","Martinique","0","0","0","0","0","0","0","0","0","0"
"EU5 -	Retention","Granted","31/07/2026","Mauritania","0","0","0","0","0","0","0","0","0","0"
"EU5 -	Retention","Granted","31/07/2026","Mauritius","0","*","*","0","*","0","*","0","0","0"
"EU5 -	Retention","Granted","31/07/2026","Mayotte","0","0","0","0","0","0","0","0","0","0"
"EU5 -	Retention","Granted","31/07/2026","Melilla","0","0","0","0","0","0","0","0","0","0"
"EU5 -	Retention","Granted","31/07/2026","Mexico","0","0","0","0","0","0","*","*","0","0"
"EU5 -	Retention","Granted","31/07/2026","Micronesia (Federated States of)","0","0","0","0","0","0","0","0","0","0"
"EU5 -	Retention","Granted","31/07/2026","Moldova (the Republic of)","*","*","*","0","*","*","0","*","0","0"
"EU5 -	Retention","Granted","31/07/2026","Monaco","0","0","0","0","0","0","0","0","0","0"
"EU5 -	Retention","Granted","31/07/2026","Mongolia","0","0","0","0","0","0","0","0","0","0"
"EU5 -	Retention","Granted","31/07/2026","Montenegro","0","0","0","0","0","0","0","0","0","0"
"EU5 -	Retention","Granted","31/07/2026","Montserrat","0","0","0","0","0","0","0","0","0","0"
"EU5 -	Retention","Granted","31/07/2026","Morocco","*","*","0","0","*","0","0","*","0","0"
"EU5 -	Retention","Granted","31/07/2026","Mozambique","0","0","0","0","0","0","0","0","0","0"
"EU5 -	Retention","Granted","31/07/2026","Myanmar","0","0","0","0","0","0","0","0","0","0"
"EU5 -	Retention","Granted","31/07/2026","Namibia","0","0","0","0","0","0","0","0","0","0"
"EU5 -	Retention","Granted","31/07/2026","Nauru","0","0","0","0","0","0","0","0","0","0"
"EU5 -	Retention","Granted","31/07/2026","Nepal","0","0","0","0","0","0","0","0","0","0"
"EU5 -	Retention","Granted","31/07/2026","New Caledonia","0","0","0","0","0","0","0","0","0","0"
"EU5 -	Retention","Granted","31/07/2026","New Zealand","*","0","0","0","0","0","0","0","0","0"
"EU5 -	Retention","Granted","31/07/2026","Nicaragua","0","0","0","0","0","0","0","0","0","0"
"EU5 -	Retention","Granted","31/07/2026","Niger (the)","0","0","0","0","0","0","0","0","0","0"
"EU5 -	Retention","Granted","31/07/2026","Nigeria","*","7","0","0","9","*","*","*","*","0"
"EU5 -	Retention","Granted","31/07/2026","Niue","0","0","0","0","0","0","0","0","0","0"
"EU5 -	Retention","Granted","31/07/2026","Norfolk Island","0","0","0","0","0","0","0","0","0","0"
"EU5 -	Retention","Granted","31/07/2026","North Macedonia","0","0","0","0","0","0","0","0","0","0"
"EU5 -	Retention","Granted","31/07/2026","Northern Mariana Islands (the)","0","0","0","0","0","0","0","0","0","0"
"EU5 -	Retention","Granted","31/07/2026","Oman","0","0","0","0","0","0","0","0","0","0"
"EU5 -	Retention","Granted","31/07/2026","Pakistan","9","13","*","*","8","6","*","*","0","0"
"EU5 -	Retention","Granted","31/07/2026","Palau","0","0","0","0","0","0","0","0","0","0"
"EU5 -	Retention","Granted","31/07/2026","Palestine, State of","0","0","0","0","0","0","0","0","0","0"
"EU5 -	Retention","Granted","31/07/2026","Panama","0","0","0","0","0","0","0","0","0","0"
"EU5 -	Retention","Granted","31/07/2026","Papua New Guinea","0","0","0","0","0","0","0","0","0","0"
"EU5 -	Retention","Granted","31/07/2026","Paraguay","0","0","0","0","0","0","0","0","0","0"
"EU5 -	Retention","Granted","31/07/2026","Peru","0","0","0","0","0","0","0","0","0","0"
"EU5 -	Retention","Granted","31/07/2026","Philippines (the)","0","0","*","0","*","0","0","*","*","0"
"EU5 -	Retention","Granted","31/07/2026","Pitcairn","0","0","0","0","0","0","0","0","0","0"
"EU5 -	Retention","Granted","31/07/2026","Puerto Rico","0","0","0","0","0","0","0","0","0","0"
"EU5 -	Retention","Granted","31/07/2026","Qatar","0","0","0","0","0","0","0","0","0","0"
"EU5 -	Retention","Granted","31/07/2026","Réunion","0","0","0","0","0","0","0","0","0","0"
"EU5 -	Retention","Granted","31/07/2026","Russian Federation (the)","*","0","*","0","*","*","*","0","0","0"
"EU5 -	Retention","Granted","31/07/2026","Rwanda","0","0","0","0","0","0","0","0","0","0"
"EU5 -	Retention","Granted","31/07/2026","Saint Barthélemy","0","0","0","0","0","0","0","0","0","0"
"EU5 -	Retention","Granted","31/07/2026","Saint Helena, Ascension and Tristan da Cunha","0","0","0","0","0","0","0","0","0","0"
"EU5 -	Retention","Granted","31/07/2026","Saint Kitts and Nevis","0","0","0","0","0","0","0","0","0","0"
"EU5 -	Retention","Granted","31/07/2026","Saint Lucia","0","0","0","0","0","0","0","0","0","0"
"EU5 -	Retention","Granted","31/07/2026","Saint Martin (French part)","0","0","0","0","0","0","0","0","0","0"
"EU5 -	Retention","Granted","31/07/2026","Saint Pierre and Miquelon","0","0","0","0","0","0","0","0","0","0"
"EU5 -	Retention","Granted","31/07/2026","Saint Vincent and the Grenadines","0","0","0","0","0","0","0","0","0","0"
"EU5 -	Retention","Granted","31/07/2026","Samoa","0","0","0","0","0","0","0","0","0","0"
"EU5 -	Retention","Granted","31/07/2026","San Marino","0","0","0","0","0","0","0","0","0","0"
"EU5 -	Retention","Granted","31/07/2026","Sao Tome and Principe","0","0","0","0","0","0","0","0","0","0"
"EU5 -	Retention","Granted","31/07/2026","Saudi Arabia","0","0","0","0","0","0","*","0","0","0"
"EU5 -	Retention","Granted","31/07/2026","Senegal","0","0","0","0","0","0","0","0","0","0"
"EU5 -	Retention","Granted","31/07/2026","Serbia","0","0","0","0","*","*","*","0","0","0"
"EU5 -	Retention","Granted","31/07/2026","Seychelles","0","0","0","0","0","0","0","0","0","0"
"EU5 -	Retention","Granted","31/07/2026","Sierra Leone","0","0","0","0","0","0","0","0","0","0"
"EU5 -	Retention","Granted","31/07/2026","Singapore","0","0","0","0","0","0","0","0","0","0"
"EU5 -	Retention","Granted","31/07/2026","Sint Maarten (Dutch part)","0","0","0","0","0","0","0","0","0","0"
"EU5 -	Retention","Granted","31/07/2026","Solomon Islands","0","0","0","0","0","0","0","0","0","0"
"EU5 -	Retention","Granted","31/07/2026","Somalia","0","0","0","0","0","0","0","0","0","0"
"EU5 -	Retention","Granted","31/07/2026","South Africa","0","*","8","*","*","*","11","9","7","0"
"EU5 -	Retention","Granted","31/07/2026","South Georgia and the South Sandwich Islands","0","0","0","0","0","0","0","0","0","0"
"EU5 -	Retention","Granted","31/07/2026","South Sudan","0","0","0","0","0","0","0","0","0","0"
"EU5 -	Retention","Granted","31/07/2026","Sri Lanka","0","0","0","0","*","0","0","0","0","0"
"EU5 -	Retention","Granted","31/07/2026","Sudan (the)","0","0","0","0","0","0","0","0","0","0"
"EU5 -	Retention","Granted","31/07/2026","Suriname","0","0","0","0","0","0","0","0","0","0"
"EU5 -	Retention","Granted","31/07/2026","Svalbard and Jan Mayen","0","0","0","0","0","0","0","0","0","0"
"EU5 -	Retention","Granted","31/07/2026","Switzerland","0","0","0","0","0","0","0","0","0","0"
"EU5 -	Retention","Granted","31/07/2026","Syrian Arab Republic (the)","0","0","0","0","0","0","0","0","0","0"
"EU5 -	Retention","Granted","31/07/2026","Taiwan (Province of China)","0","0","0","0","0","0","0","0","0","0"
"EU5 -	Retention","Granted","31/07/2026","Tajikistan","0","0","0","0","0","0","0","0","0","0"
"EU5 -	Retention","Granted","31/07/2026","Tanzania, the United Republic of","0","0","0","0","0","0","0","0","0","0"
"EU5 -	Retention","Granted","31/07/2026","Thailand","0","0","0","0","*","0","*","0","0","0"
"EU5 -	Retention","Granted","31/07/2026","Timor-Leste","0","0","0","0","0","0","0","0","0","0"
"EU5 -	Retention","Granted","31/07/2026","Togo","0","0","0","0","0","0","0","0","0","0"
"EU5 -	Retention","Granted","31/07/2026","Tokelau","0","0","0","0","0","0","0","0","0","0"
"EU5 -	Retention","Granted","31/07/2026","Tonga","0","0","0","0","0","0","0","0","0","0"
"EU5 -	Retention","Granted","31/07/2026","Trinidad and Tobago","0","0","0","0","0","0","0","0","0","0"
"EU5 -	Retention","Granted","31/07/2026","Tunisia","0","0","*","0","0","0","0","0","0","0"
"EU5 -	Retention","Granted","31/07/2026","Turkiye","0","0","0","0","*","0","*","0","*","*"
"EU5 -	Retention","Granted","31/07/2026","Turkmenistan","0","0","0","0","0","0","0","0","0","0"
"EU5 -	Retention","Granted","31/07/2026","Turks and Caicos Islands (the)","0","0","0","0","0","0","0","0","0","0"
"EU5 -	Retention","Granted","31/07/2026","Tuvalu","0","0","0","0","0","0","0","0","0","0"
"EU5 -	Retention","Granted","31/07/2026","Uganda","0","0","0","0","*","0","0","0","0","0"
"EU5 -	Retention","Granted","31/07/2026","Ukraine","*","*","6","*","*","*","*","*","*","0"
"EU5 -	Retention","Granted","31/07/2026","United Arab Emirates (the)","0","0","0","0","0","0","0","0","0","0"
"EU5 -	Retention","Granted","31/07/2026","United States Minor Outlying Islands (the)","0","0","0","0","0","0","0","0","0","0"
"EU5 -	Retention","Granted","31/07/2026","United States of America (the)","*","*","*","0","*","0","*","*","*","0"
"EU5 -	Retention","Granted","31/07/2026","Uruguay","0","0","0","0","0","0","0","0","0","0"
"EU5 -	Retention","Granted","31/07/2026","Uzbekistan","0","0","0","0","0","0","0","0","0","0"
"EU5 -	Retention","Granted","31/07/2026","Vanuatu","0","0","0","0","0","0","0","0","0","0"
"EU5 -	Retention","Granted","31/07/2026","Venezuela (Bolivarian Republic of)","0","0","*","0","*","*","7","0","*","0"
"EU5 -	Retention","Granted","31/07/2026","Viet Nam","0","0","0","0","0","0","0","0","0","0"
"EU5 -	Retention","Granted","31/07/2026","Virgin Islands (British)","0","0","0","0","0","0","0","0","0","0"
"EU5 -	Retention","Granted","31/07/2026","Virgin Islands (U.S.)","0","0","0","0","0","0","0","0","0","0"
"EU5 -	Retention","Granted","31/07/2026","Wallis and Futuna","0","0","0","0","0","0","0","0","0","0"
"EU5 -	Retention","Granted","31/07/2026","Western Sahara","0","0","0","0","0","0","0","0","0","0"
"EU5 -	Retention","Granted","31/07/2026","Yemen","0","0","0","0","0","0","0","0","0","0"
"EU5 -	Retention","Granted","31/07/2026","Zambia","0","0","0","0","0","0","0","0","0","0"
"EU5 -	Retention","Granted","31/07/2026","Zimbabwe","0","0","0","0","*","0","0","0","0","0"
"EU5 -	Retention","Granted","31/07/2026","*Other","*","*","*","0","*","*","0","*","*","0"
"EU5 -	Retention","Refused","31/07/2026","Afghanistan","0","0","0","0","*","0","0","0","0","0"
"EU5 -	Retention","Refused","31/07/2026","Åland Islands","0","0","0","0","0","0","0","0","0","0"
"EU5 -	Retention","Refused","31/07/2026","Albania","0","0","0","*","*","*","0","*","*","0"
"EU5 -	Retention","Refused","31/07/2026","Algeria","*","*","*","*","*","0","0","0","0","*"
"EU5 -	Retention","Refused","31/07/2026","American Samoa","0","0","0","0","0","0","0","0","0","0"
"EU5 -	Retention","Refused","31/07/2026","Andorra","0","0","0","0","0","0","0","0","0","0"
"EU5 -	Retention","Refused","31/07/2026","Angola","0","0","0","0","0","0","0","0","0","0"
"EU5 -	Retention","Refused","31/07/2026","Anguilla","0","0","0","0","0","0","0","0","0","0"
"EU5 -	Retention","Refused","31/07/2026","Antarctica","0","0","0","0","0","0","0","0","0","0"
"EU5 -	Retention","Refused","31/07/2026","Antigua and Barbuda","0","0","0","0","0","0","0","0","0","0"
"EU5 -	Retention","Refused","31/07/2026","Argentina","0","0","*","*","*","*","*","0","*","0"
"EU5 -	Retention","Refused","31/07/2026","Armenia","0","*","0","0","0","0","0","0","0","0"
"EU5 -	Retention","Refused","31/07/2026","Aruba","0","0","0","0","0","0","0","0","0","0"
"EU5 -	Retention","Refused","31/07/2026","Australia","*","0","0","0","*","*","0","0","*","0"
"EU5 -	Retention","Refused","31/07/2026","Azerbaijan","0","0","0","0","0","*","0","0","*","0"
"EU5 -	Retention","Refused","31/07/2026","Bahamas (the)","0","0","0","0","0","0","0","0","0","0"
"EU5 -	Retention","Refused","31/07/2026","Bahrain","0","0","0","0","0","0","0","0","0","0"
"EU5 -	Retention","Refused","31/07/2026","Bangladesh","19","11","14","9","38","14","*","0","0","0"
"EU5 -	Retention","Refused","31/07/2026","Barbados","0","0","0","0","0","0","0","0","0","0"
"EU5 -	Retention","Refused","31/07/2026","Belarus","*","0","0","0","*","0","0","*","0","0"
"EU5 -	Retention","Refused","31/07/2026","Belize","0","0","0","0","0","0","0","0","0","0"
"EU5 -	Retention","Refused","31/07/2026","Benin","0","0","0","0","*","0","0","0","0","0"
"EU5 -	Retention","Refused","31/07/2026","Bermuda","0","0","0","0","0","0","0","0","0","0"
"EU5 -	Retention","Refused","31/07/2026","Bhutan","0","0","0","0","0","0","0","0","0","0"
"EU5 -	Retention","Refused","31/07/2026","Bolivia (Plurinational State of)","0","0","*","0","0","0","0","*","0","*"
"EU5 -	Retention","Refused","31/07/2026","Bonaire, Sint Eustatius and Saba","0","0","0","0","0","0","0","0","0","0"
"EU5 -	Retention","Refused","31/07/2026","Bosnia and Herzegovina","0","0","0","0","*","0","*","*","*","0"
"EU5 -	Retention","Refused","31/07/2026","Botswana","0","0","0","0","0","0","0","0","0","0"
"EU5 -	Retention","Refused","31/07/2026","Bouvet Island","0","0","0","0","0","0","0","0","0","0"
"EU5 -	Retention","Refused","31/07/2026","Brazil","14","20","23","10","47","30","34","13","32","8"
"EU5 -	Retention","Refused","31/07/2026","Brunei Darussalam","0","0","0","0","0","0","0","0","0","0"
"EU5 -	Retention","Refused","31/07/2026","Burkina Faso","0","0","0","0","0","0","0","0","0","0"
"EU5 -	Retention","Refused","31/07/2026","Burundi","0","0","0","0","0","0","0","0","0","0"
"EU5 -	Retention","Refused","31/07/2026","Cabo Verde","0","0","*","0","0","0","0","0","0","0"
"EU5 -	Retention","Refused","31/07/2026","Cambodia","0","0","0","0","0","0","0","0","0","0"
"EU5 -	Retention","Refused","31/07/2026","Cameroon","0","0","0","*","*","0","0","0","0","0"
"EU5 -	Retention","Refused","31/07/2026","Canada","*","0","0","0","0","0","0","0","0","0"
"EU5 -	Retention","Refused","31/07/2026","Cayman Islands (the)","0","0","0","0","0","0","0","0","0","0"
"EU5 -	Retention","Refused","31/07/2026","Central African Republic (the)","0","0","0","0","0","0","0","0","0","0"
"EU5 -	Retention","Refused","31/07/2026","Ceuta","0","0","0","0","0","0","0","0","0","0"
"EU5 -	Retention","Refused","31/07/2026","Chad","0","0","0","0","0","0","0","0","0","0"
"EU5 -	Retention","Refused","31/07/2026","Chile","0","0","0","0","0","0","0","0","0","0"
"EU5 -	Retention","Refused","31/07/2026","China","*","*","0","*","*","0","*","0","0","0"
"EU5 -	Retention","Refused","31/07/2026","Christmas Island","0","0","0","0","0","0","0","0","0","0"
"EU5 -	Retention","Refused","31/07/2026","Cocos (Keeling) Islands (the)","0","0","0","0","0","0","0","0","0","0"
"EU5 -	Retention","Refused","31/07/2026","Colombia","0","0","0","0","*","0","0","0","0","0"
"EU5 -	Retention","Refused","31/07/2026","Comoros (the)","0","0","0","0","0","0","0","0","0","0"
"EU5 -	Retention","Refused","31/07/2026","Congo (the Democratic Republic of the)","0","*","0","*","*","0","0","0","0","0"
"EU5 -	Retention","Refused","31/07/2026","Congo (the)","0","0","0","0","0","0","0","0","0","0"
"EU5 -	Retention","Refused","31/07/2026","Cook Islands (the)","0","0","0","0","0","0","0","0","0","0"
"EU5 -	Retention","Refused","31/07/2026","Costa Rica","0","0","0","0","0","0","0","0","0","0"
"EU5 -	Retention","Refused","31/07/2026","Côte d'Ivoire","0","0","0","0","0","0","0","0","0","0"
"EU5 -	Retention","Refused","31/07/2026","Cuba","0","0","0","0","*","*","0","0","0","0"
"EU5 -	Retention","Refused","31/07/2026","Curaçao","0","0","0","0","0","0","0","0","0","0"
"EU5 -	Retention","Refused","31/07/2026","Djibouti","0","0","0","0","0","0","0","0","0","0"
"EU5 -	Retention","Refused","31/07/2026","Dominica","0","0","0","0","0","0","0","0","0","0"
"EU5 -	Retention","Refused","31/07/2026","Dominican Republic (the)","0","0","0","0","*","0","0","0","0","0"
"EU5 -	Retention","Refused","31/07/2026","Ecuador","0","0","0","0","0","0","0","0","0","0"
"EU5 -	Retention","Refused","31/07/2026","Egypt","11","*","6","*","6","*","0","0","0","0"
"EU5 -	Retention","Refused","31/07/2026","El Salvador","0","0","0","0","0","0","0","0","0","0"
"EU5 -	Retention","Refused","31/07/2026","Equatorial Guinea","0","0","0","0","0","0","0","0","0","0"
"EU5 -	Retention","Refused","31/07/2026","Eritrea","0","0","0","0","0","0","0","0","0","0"
"EU5 -	Retention","Refused","31/07/2026","Eswatini","0","0","0","0","0","0","0","0","0","0"
"EU5 -	Retention","Refused","31/07/2026","Ethiopia","0","0","0","0","0","0","0","0","0","0"
"EU5 -	Retention","Refused","31/07/2026","Falkland Islands (the) [Malvinas]","0","0","0","0","0","0","0","0","0","0"
"EU5 -	Retention","Refused","31/07/2026","Faroe Islands (the)","0","0","0","0","0","0","0","0","0","0"
"EU5 -	Retention","Refused","31/07/2026","Fiji","0","0","0","0","0","0","0","0","0","0"
"EU5 -	Retention","Refused","31/07/2026","French Guiana","0","0","0","0","0","0","0","0","0","0"
"EU5 -	Retention","Refused","31/07/2026","French Polynesia","0","0","0","0","0","0","0","0","0","0"
"EU5 -	Retention","Refused","31/07/2026","Gabon","0","0","0","0","0","0","0","0","0","0"
"EU5 -	Retention","Refused","31/07/2026","Gambia (the)","0","0","0","0","0","0","0","0","0","0"
"EU5 -	Retention","Refused","31/07/2026","Georgia","*","0","*","*","*","*","*","*","*","0"
"EU5 -	Retention","Refused","31/07/2026","Ghana","*","0","0","0","*","0","*","0","0","0"
"EU5 -	Retention","Refused","31/07/2026","Gibraltar","0","0","0","0","0","0","0","0","0","0"
"EU5 -	Retention","Refused","31/07/2026","Greenland","0","0","0","0","0","0","0","0","0","0"
"EU5 -	Retention","Refused","31/07/2026","Grenada","0","0","0","0","0","0","0","0","0","0"
"EU5 -	Retention","Refused","31/07/2026","Guadeloupe","0","0","0","0","0","0","0","0","0","0"
"EU5 -	Retention","Refused","31/07/2026","Guam","0","0","0","0","0","0","0","0","0","0"
"EU5 -	Retention","Refused","31/07/2026","Guatemala","0","0","0","0","0","0","0","0","0","0"
"EU5 -	Retention","Refused","31/07/2026","Guernsey","0","0","0","0","0","0","0","0","0","0"
"EU5 -	Retention","Refused","31/07/2026","Guinea","*","0","0","0","*","0","0","0","0","0"
"EU5 -	Retention","Refused","31/07/2026","Guinea-Bissau","0","0","0","0","0","0","0","0","0","0"
"EU5 -	Retention","Refused","31/07/2026","Guyana","0","0","0","0","0","0","0","0","0","0"
"EU5 -	Retention","Refused","31/07/2026","Haiti","0","0","0","0","0","0","0","0","0","0"
"EU5 -	Retention","Refused","31/07/2026","Heard Island and McDonald Islands","0","0","0","0","0","0","0","0","0","0"
"EU5 -	Retention","Refused","31/07/2026","Holy See (the)","0","0","0","0","0","0","0","0","0","0"
"EU5 -	Retention","Refused","31/07/2026","Honduras","0","0","0","0","0","0","0","0","0","0"
"EU5 -	Retention","Refused","31/07/2026","India","26","10","8","11","32","12","0","0","*","0"
"EU5 -	Retention","Refused","31/07/2026","Indonesia","0","0","0","0","0","0","0","0","*","0"
"EU5 -	Retention","Refused","31/07/2026","Iran (Islamic Republic of)","0","0","0","0","*","0","0","0","0","0"
"EU5 -	Retention","Refused","31/07/2026","Iraq","*","0","*","0","0","0","0","0","0","0"
"EU5 -	Retention","Refused","31/07/2026","Isle of Man","0","0","0","0","0","0","0","0","0","0"
"EU5 -	Retention","Refused","31/07/2026","Israel","*","0","0","0","0","0","0","0","0","0"
"EU5 -	Retention","Refused","31/07/2026","Jamaica","0","0","0","0","0","0","0","0","*","0"
"EU5 -	Retention","Refused","31/07/2026","Japan","0","0","*","0","*","0","0","0","*","0"
"EU5 -	Retention","Refused","31/07/2026","Jersey","0","0","0","0","0","0","0","0","0","0"
"EU5 -	Retention","Refused","31/07/2026","Jordan","0","0","0","0","0","0","0","0","0","0"
"EU5 -	Retention","Refused","31/07/2026","Kazakhstan","0","*","0","0","0","0","0","0","0","0"
"EU5 -	Retention","Refused","31/07/2026","Kenya","0","0","0","0","0","0","0","*","0","0"
"EU5 -	Retention","Refused","31/07/2026","Kiribati","0","0","0","0","0","0","0","0","0","0"
"EU5 -	Retention","Refused","31/07/2026","Korea (the Democratic People's Republic of) North Korea","0","0","0","0","0","0","0","0","0","0"
"EU5 -	Retention","Refused","31/07/2026","Korea (the Republic of) South Korea","0","0","0","0","0","0","0","0","0","0"
"EU5 -	Retention","Refused","31/07/2026","Kosovo","0","*","0","*","0","*","0","0","0","0"
"EU5 -	Retention","Refused","31/07/2026","Kuwait","0","0","0","0","0","0","0","0","0","0"
"EU5 -	Retention","Refused","31/07/2026","Kyrgyzstan","*","0","0","0","0","0","0","0","0","0"
"EU5 -	Retention","Refused","31/07/2026","Lao People's Democratic Republic (the)","0","0","0","0","0","0","0","0","0","0"
"EU5 -	Retention","Refused","31/07/2026","Lebanon","0","0","0","0","0","0","0","0","0","0"
"EU5 -	Retention","Refused","31/07/2026","Lesotho","0","0","0","0","0","0","0","0","0","0"
"EU5 -	Retention","Refused","31/07/2026","Liberia","0","0","0","0","0","0","0","0","0","0"
"EU5 -	Retention","Refused","31/07/2026","Libya","0","0","0","0","0","0","0","0","0","0"
"EU5 -	Retention","Refused","31/07/2026","Macao","0","0","0","0","0","0","0","0","0","0"
"EU5 -	Retention","Refused","31/07/2026","Madagascar","0","0","0","0","0","0","0","0","0","0"
"EU5 -	Retention","Refused","31/07/2026","Malawi","0","0","0","0","0","0","*","*","0","0"
"EU5 -	Retention","Refused","31/07/2026","Malaysia","0","0","0","0","0","*","0","0","0","0"
"EU5 -	Retention","Refused","31/07/2026","Maldives","0","0","0","0","0","0","0","0","0","0"
"EU5 -	Retention","Refused","31/07/2026","Mali","0","0","0","0","0","0","0","0","0","0"
"EU5 -	Retention","Refused","31/07/2026","Marshall Islands (the)","0","0","0","0","0","0","0","0","0","0"
"EU5 -	Retention","Refused","31/07/2026","Martinique","0","0","0","0","0","0","0","0","0","0"
"EU5 -	Retention","Refused","31/07/2026","Mauritania","0","0","0","0","0","0","0","0","0","0"
"EU5 -	Retention","Refused","31/07/2026","Mauritius","9","6","*","*","14","7","*","0","*","0"
"EU5 -	Retention","Refused","31/07/2026","Mayotte","0","0","0","0","0","0","0","0","0","0"
"EU5 -	Retention","Refused","31/07/2026","Melilla","0","0","0","0","0","0","0","0","0","0"
"EU5 -	Retention","Refused","31/07/2026","Mexico","*","*","*","*","*","*","*","0","*","0"
"EU5 -	Retention","Refused","31/07/2026","Micronesia (Federated States of)","0","0","0","0","0","0","0","0","0","0"
"EU5 -	Retention","Refused","31/07/2026","Moldova (the Republic of)","*","0","0","0","*","0","0","*","0","0"
"EU5 -	Retention","Refused","31/07/2026","Monaco","0","0","0","0","0","0","0","0","0","0"
"EU5 -	Retention","Refused","31/07/2026","Mongolia","0","0","0","0","0","0","0","0","0","0"
"EU5 -	Retention","Refused","31/07/2026","Montenegro","0","0","0","0","0","0","0","0","0","0"
"EU5 -	Retention","Refused","31/07/2026","Montserrat","0","0","0","0","0","0","0","0","0","0"
"EU5 -	Retention","Refused","31/07/2026","Morocco","*","0","*","*","*","0","0","*","*","0"
"EU5 -	Retention","Refused","31/07/2026","Mozambique","0","0","0","0","0","0","0","0","0","0"
"EU5 -	Retention","Refused","31/07/2026","Myanmar","0","0","0","0","0","0","0","0","0","0"
"EU5 -	Retention","Refused","31/07/2026","Namibia","0","0","0","0","0","*","0","0","0","0"
"EU5 -	Retention","Refused","31/07/2026","Nauru","0","0","0","0","0","0","0","0","0","0"
"EU5 -	Retention","Refused","31/07/2026","Nepal","*","*","*","0","*","0","*","0","*","0"
"EU5 -	Retention","Refused","31/07/2026","New Caledonia","0","0","0","0","0","0","0","0","0","0"
"EU5 -	Retention","Refused","31/07/2026","New Zealand","0","0","*","0","0","0","0","0","0","0"
"EU5 -	Retention","Refused","31/07/2026","Nicaragua","0","0","0","0","0","0","0","0","0","0"
"EU5 -	Retention","Refused","31/07/2026","Niger (the)","0","0","0","0","0","0","0","0","0","0"
"EU5 -	Retention","Refused","31/07/2026","Nigeria","33","13","7","*","11","10","8","*","*","*"
"EU5 -	Retention","Refused","31/07/2026","Niue","0","0","0","0","0","0","0","0","0","0"
"EU5 -	Retention","Refused","31/07/2026","Norfolk Island","0","0","0","0","0","0","0","0","0","0"
"EU5 -	Retention","Refused","31/07/2026","North Macedonia","0","0","0","0","0","0","0","0","0","0"
"EU5 -	Retention","Refused","31/07/2026","Northern Mariana Islands (the)","0","0","0","0","0","0","0","0","0","0"
"EU5 -	Retention","Refused","31/07/2026","Oman","0","0","0","0","0","0","0","0","0","0"
"EU5 -	Retention","Refused","31/07/2026","Pakistan","56","57","63","23","161","52","9","*","*","*"
"EU5 -	Retention","Refused","31/07/2026","Palau","0","0","0","0","0","0","0","0","0","0"
"EU5 -	Retention","Refused","31/07/2026","Palestine, State of","0","0","0","0","0","0","0","0","0","0"
"EU5 -	Retention","Refused","31/07/2026","Panama","0","0","0","0","0","0","0","0","0","0"
"EU5 -	Retention","Refused","31/07/2026","Papua New Guinea","0","0","0","0","0","0","0","0","0","0"
"EU5 -	Retention","Refused","31/07/2026","Paraguay","0","0","0","0","0","0","0","0","0","0"
"EU5 -	Retention","Refused","31/07/2026","Peru","0","0","*","0","0","0","0","0","0","0"
"EU5 -	Retention","Refused","31/07/2026","Philippines (the)","*","*","0","0","0","*","*","0","0","*"
"EU5 -	Retention","Refused","31/07/2026","Pitcairn","0","0","0","0","0","0","0","0","0","0"
"EU5 -	Retention","Refused","31/07/2026","Puerto Rico","0","0","0","0","0","0","0","0","0","0"
"EU5 -	Retention","Refused","31/07/2026","Qatar","0","0","0","0","0","0","0","0","0","0"
"EU5 -	Retention","Refused","31/07/2026","Réunion","0","0","0","0","0","0","0","0","0","0"
"EU5 -	Retention","Refused","31/07/2026","Russian Federation (the)","*","*","*","*","*","*","*","*","*","*"
"EU5 -	Retention","Refused","31/07/2026","Rwanda","0","0","0","0","0","0","0","0","0","0"
"EU5 -	Retention","Refused","31/07/2026","Saint Barthélemy","0","0","0","0","0","0","0","0","0","0"
"EU5 -	Retention","Refused","31/07/2026","Saint Helena, Ascension and Tristan da Cunha","0","0","0","0","0","0","0","0","0","0"
"EU5 -	Retention","Refused","31/07/2026","Saint Kitts and Nevis","0","0","0","0","0","0","0","0","0","0"
"EU5 -	Retention","Refused","31/07/2026","Saint Lucia","0","0","0","0","0","0","0","0","0","0"
"EU5 -	Retention","Refused","31/07/2026","Saint Martin (French part)","0","0","0","0","0","0","0","0","0","0"
"EU5 -	Retention","Refused","31/07/2026","Saint Pierre and Miquelon","0","0","0","0","0","0","0","0","0","0"
"EU5 -	Retention","Refused","31/07/2026","Saint Vincent and the Grenadines","0","0","0","0","0","0","0","0","0","0"
"EU5 -	Retention","Refused","31/07/2026","Samoa","0","0","0","0","0","0","0","0","0","0"
"EU5 -	Retention","Refused","31/07/2026","San Marino","0","0","0","0","0","0","0","0","0","0"
"EU5 -	Retention","Refused","31/07/2026","Sao Tome and Principe","0","0","0","0","0","0","0","0","0","0"
"EU5 -	Retention","Refused","31/07/2026","Saudi Arabia","0","0","0","0","0","0","0","0","0","0"
"EU5 -	Retention","Refused","31/07/2026","Senegal","*","0","0","0","0","0","0","0","0","0"
"EU5 -	Retention","Refused","31/07/2026","Serbia","0","0","0","0","0","0","*","0","0","0"
"EU5 -	Retention","Refused","31/07/2026","Seychelles","0","0","0","0","0","0","0","0","0","0"
"EU5 -	Retention","Refused","31/07/2026","Sierra Leone","*","0","0","0","0","0","0","0","0","0"
"EU5 -	Retention","Refused","31/07/2026","Singapore","0","0","*","0","0","0","0","0","0","0"
"EU5 -	Retention","Refused","31/07/2026","Sint Maarten (Dutch part)","0","0","0","0","0","0","0","0","0","0"
"EU5 -	Retention","Refused","31/07/2026","Solomon Islands","0","0","0","0","0","0","0","0","0","0"
"EU5 -	Retention","Refused","31/07/2026","Somalia","0","*","0","0","0","0","0","0","0","0"
"EU5 -	Retention","Refused","31/07/2026","South Africa","8","*","*","*","8","*","*","9","0","0"
"EU5 -	Retention","Refused","31/07/2026","South Georgia and the South Sandwich Islands","0","0","0","0","0","0","0","0","0","0"
"EU5 -	Retention","Refused","31/07/2026","South Sudan","0","0","0","0","0","0","0","0","0","0"
"EU5 -	Retention","Refused","31/07/2026","Sri Lanka","0","0","0","0","0","*","0","0","0","0"
"EU5 -	Retention","Refused","31/07/2026","Sudan (the)","0","*","0","0","0","*","0","*","0","0"
"EU5 -	Retention","Refused","31/07/2026","Suriname","0","0","0","0","0","*","0","0","0","0"
"EU5 -	Retention","Refused","31/07/2026","Svalbard and Jan Mayen","0","0","0","0","0","0","0","0","0","0"
"EU5 -	Retention","Refused","31/07/2026","Switzerland","0","0","0","0","0","0","0","0","0","0"
"EU5 -	Retention","Refused","31/07/2026","Syrian Arab Republic (the)","0","0","0","0","0","0","0","0","*","0"
"EU5 -	Retention","Refused","31/07/2026","Taiwan (Province of China)","0","0","0","0","0","0","0","0","0","0"
"EU5 -	Retention","Refused","31/07/2026","Tajikistan","0","0","0","0","0","0","0","0","0","0"
"EU5 -	Retention","Refused","31/07/2026","Tanzania, the United Republic of","0","0","0","0","0","0","0","0","0","0"
"EU5 -	Retention","Refused","31/07/2026","Thailand","0","0","0","0","0","0","0","0","0","0"
"EU5 -	Retention","Refused","31/07/2026","Timor-Leste","0","0","0","0","0","0","0","0","0","0"
"EU5 -	Retention","Refused","31/07/2026","Togo","0","0","0","0","*","*","0","0","0","0"
"EU5 -	Retention","Refused","31/07/2026","Tokelau","0","0","0","0","0","0","0","0","0","0"
"EU5 -	Retention","Refused","31/07/2026","Tonga","0","0","0","0","0","0","0","0","0","0"
"EU5 -	Retention","Refused","31/07/2026","Trinidad and Tobago","0","0","0","0","0","0","0","0","0","0"
"EU5 -	Retention","Refused","31/07/2026","Tunisia","0","*","0","*","*","0","0","0","0","0"
"EU5 -	Retention","Refused","31/07/2026","Turkiye","0","0","0","0","*","*","*","*","0","*"
"EU5 -	Retention","Refused","31/07/2026","Turkmenistan","0","0","0","0","0","0","0","0","0","0"
"EU5 -	Retention","Refused","31/07/2026","Turks and Caicos Islands (the)","0","0","0","0","0","0","0","0","0","0"
"EU5 -	Retention","Refused","31/07/2026","Tuvalu","0","0","0","0","0","0","0","0","0","0"
"EU5 -	Retention","Refused","31/07/2026","Uganda","0","0","0","0","0","*","0","0","0","0"
"EU5 -	Retention","Refused","31/07/2026","Ukraine","*","6","*","*","7","*","*","*","0","0"
"EU5 -	Retention","Refused","31/07/2026","United Arab Emirates (the)","0","0","0","0","0","0","0","0","0","0"
"EU5 -	Retention","Refused","31/07/2026","United States Minor Outlying Islands (the)","0","0","0","0","0","0","0","0","0","0"
"EU5 -	Retention","Refused","31/07/2026","United States of America (the)","*","0","*","0","7","*","0","*","*","0"
"EU5 -	Retention","Refused","31/07/2026","Uruguay","0","0","0","0","0","0","0","0","0","0"
"EU5 -	Retention","Refused","31/07/2026","Uzbekistan","0","0","0","0","0","0","0","*","0","0"
"EU5 -	Retention","Refused","31/07/2026","Vanuatu","0","0","0","0","0","0","0","0","0","0"
"EU5 -	Retention","Refused","31/07/2026","Venezuela (Bolivarian Republic of)","0","*","*","0","*","*","*","*","0","0"
"EU5 -	Retention","Refused","31/07/2026","Viet Nam","0","0","*","0","0","0","0","0","0","0"
"EU5 -	Retention","Refused","31/07/2026","Virgin Islands (British)","0","0","0","0","0","0","0","0","0","0"
"EU5 -	Retention","Refused","31/07/2026","Virgin Islands (U.S.)","0","0","0","0","0","0","0","0","0","0"
"EU5 -	Retention","Refused","31/07/2026","Wallis and Futuna","0","0","0","0","0","0","0","0","0","0"
"EU5 -	Retention","Refused","31/07/2026","Western Sahara","0","0","0","0","0","0","0","0","0","0"
"EU5 -	Retention","Refused","31/07/2026","Yemen","0","0","0","0","0","0","0","0","0","0"
"EU5 -	Retention","Refused","31/07/2026","Zambia","0","0","0","0","0","0","*","0","0","0"
"EU5 -	Retention","Refused","31/07/2026","Zimbabwe","*","0","0","0","*","0","0","0","0","0"
"EU5 -	Retention","Refused","31/07/2026","*Other","*","*","0","0","*","*","*","*","0","0"
"EUCC - EU Citizen Child","Received","31/07/2026","Afghanistan","0","0","0","0","0","0","0","0","0","0"
"EUCC - EU Citizen Child","Received","31/07/2026","Åland Islands","0","0","0","0","0","0","0","0","0","0"
"EUCC - EU Citizen Child","Received","31/07/2026","Albania","*","0","*","0","0","*","0","*","*","0"
"EUCC - EU Citizen Child","Received","31/07/2026","Algeria","*","0","0","0","0","0","0","*","*","0"
"EUCC - EU Citizen Child","Received","31/07/2026","American Samoa","0","0","0","0","0","0","0","0","0","0"
"EUCC - EU Citizen Child","Received","31/07/2026","Andorra","0","0","0","0","0","0","0","0","0","0"
"EUCC - EU Citizen Child","Received","31/07/2026","Angola","0","0","0","0","0","0","*","0","0","0"
"EUCC - EU Citizen Child","Received","31/07/2026","Anguilla","0","0","0","0","0","0","0","0","0","0"
"EUCC - EU Citizen Child","Received","31/07/2026","Antarctica","0","0","0","0","0","0","0","0","0","0"
"EUCC - EU Citizen Child","Received","31/07/2026","Antigua and Barbuda","0","0","0","0","0","0","0","0","0","0"
"EUCC - EU Citizen Child","Received","31/07/2026","Argentina","*","0","*","0","0","*","0","*","0","0"
"EUCC - EU Citizen Child","Received","31/07/2026","Armenia","0","0","0","0","0","0","0","0","0","0"
"EUCC - EU Citizen Child","Received","31/07/2026","Aruba","0","0","0","0","0","0","0","0","0","0"
"EUCC - EU Citizen Child","Received","31/07/2026","Australia","0","0","*","0","0","0","*","0","0","*"
"EUCC - EU Citizen Child","Received","31/07/2026","Azerbaijan","0","0","0","0","0","0","0","0","0","0"
"EUCC - EU Citizen Child","Received","31/07/2026","Bahamas (the)","0","0","0","0","0","0","0","0","0","0"
"EUCC - EU Citizen Child","Received","31/07/2026","Bahrain","0","0","0","0","0","0","0","0","0","0"
"EUCC - EU Citizen Child","Received","31/07/2026","Bangladesh","*","*","0","*","*","0","*","0","8","10"
"EUCC - EU Citizen Child","Received","31/07/2026","Barbados","0","0","0","0","0","0","0","0","0","0"
"EUCC - EU Citizen Child","Received","31/07/2026","Belarus","0","0","0","0","0","0","0","0","0","0"
"EUCC - EU Citizen Child","Received","31/07/2026","Belize","0","0","0","0","0","0","0","0","0","0"
"EUCC - EU Citizen Child","Received","31/07/2026","Benin","0","0","0","0","0","0","0","0","0","0"
"EUCC - EU Citizen Child","Received","31/07/2026","Bermuda","0","0","0","0","0","0","0","0","0","0"
"EUCC - EU Citizen Child","Received","31/07/2026","Bhutan","0","0","0","0","0","0","0","0","0","0"
"EUCC - EU Citizen Child","Received","31/07/2026","Bolivia (Plurinational State of)","0","0","0","*","*","*","*","*","*","0"
"EUCC - EU Citizen Child","Received","31/07/2026","Bonaire, Sint Eustatius and Saba","0","0","0","0","0","0","0","0","0","0"
"EUCC - EU Citizen Child","Received","31/07/2026","Bosnia and Herzegovina","0","0","0","0","0","0","0","0","0","0"
"EUCC - EU Citizen Child","Received","31/07/2026","Botswana","0","0","0","0","0","0","0","0","*","0"
"EUCC - EU Citizen Child","Received","31/07/2026","Bouvet Island","0","0","0","0","0","0","0","0","0","0"
"EUCC - EU Citizen Child","Received","31/07/2026","Brazil","*","12","8","7","11","30","55","104","109","56"
"EUCC - EU Citizen Child","Received","31/07/2026","Brunei Darussalam","0","0","0","0","0","0","0","0","0","0"
"EUCC - EU Citizen Child","Received","31/07/2026","Burkina Faso","0","0","0","0","0","0","0","0","0","0"
"EUCC - EU Citizen Child","Received","31/07/2026","Burundi","0","0","0","0","0","0","0","0","0","0"
"EUCC - EU Citizen Child","Received","31/07/2026","Cabo Verde","0","0","0","0","0","0","0","0","0","0"
"EUCC - EU Citizen Child","Received","31/07/2026","Cambodia","0","0","0","0","0","0","0","0","0","0"
"EUCC - EU Citizen Child","Received","31/07/2026","Cameroon","*","0","*","0","0","0","*","0","0","0"
"EUCC - EU Citizen Child","Received","31/07/2026","Canada","0","*","*","0","0","0","0","0","0","0"
"EUCC - EU Citizen Child","Received","31/07/2026","Cayman Islands (the)","0","0","0","0","0","0","0","0","0","0"
"EUCC - EU Citizen Child","Received","31/07/2026","Central African Republic (the)","0","0","0","0","0","0","0","0","0","0"
"EUCC - EU Citizen Child","Received","31/07/2026","Ceuta","0","0","0","0","0","0","0","0","0","0"
"EUCC - EU Citizen Child","Received","31/07/2026","Chad","0","0","0","0","0","0","0","0","0","0"
"EUCC - EU Citizen Child","Received","31/07/2026","Chile","0","0","0","0","0","0","0","*","0","0"
"EUCC - EU Citizen Child","Received","31/07/2026","China","*","*","*","0","*","0","*","*","0","0"
"EUCC - EU Citizen Child","Received","31/07/2026","Christmas Island","0","0","0","0","0","0","0","0","0","0"
"EUCC - EU Citizen Child","Received","31/07/2026","Cocos (Keeling) Islands (the)","0","0","0","0","0","0","0","0","0","0"
"EUCC - EU Citizen Child","Received","31/07/2026","Colombia","0","0","0","0","*","0","0","*","*","0"
"EUCC - EU Citizen Child","Received","31/07/2026","Comoros (the)","0","0","0","0","0","0","0","0","0","0"
"EUCC - EU Citizen Child","Received","31/07/2026","Congo (the Democratic Republic of the)","0","0","0","0","0","0","*","0","0","0"
"EUCC - EU Citizen Child","Received","31/07/2026","Congo (the)","0","0","0","0","0","0","0","0","0","0"
"EUCC - EU Citizen Child","Received","31/07/2026","Cook Islands (the)","0","0","0","0","0","0","0","0","0","0"
"EUCC - EU Citizen Child","Received","31/07/2026","Costa Rica","0","0","0","0","*","0","0","0","*","0"
"EUCC - EU Citizen Child","Received","31/07/2026","Côte d'Ivoire","0","0","0","0","0","0","0","0","0","0"
"EUCC - EU Citizen Child","Received","31/07/2026","Cuba","0","0","0","0","0","0","0","0","0","0"
"EUCC - EU Citizen Child","Received","31/07/2026","Curaçao","0","0","0","0","0","0","0","0","0","0"
"EUCC - EU Citizen Child","Received","31/07/2026","Djibouti","0","0","0","0","0","0","0","0","0","0"
"EUCC - EU Citizen Child","Received","31/07/2026","Dominica","0","0","0","0","0","0","0","0","0","0"
"EUCC - EU Citizen Child","Received","31/07/2026","Dominican Republic (the)","0","0","0","0","0","0","0","0","0","0"
"EUCC - EU Citizen Child","Received","31/07/2026","Ecuador","0","0","0","0","0","0","0","0","0","0"
"EUCC - EU Citizen Child","Received","31/07/2026","Egypt","0","0","0","0","0","0","0","0","0","0"
"EUCC - EU Citizen Child","Received","31/07/2026","El Salvador","0","0","0","0","0","0","0","0","0","0"
"EUCC - EU Citizen Child","Received","31/07/2026","Equatorial Guinea","0","0","0","0","0","0","0","0","0","0"
"EUCC - EU Citizen Child","Received","31/07/2026","Eritrea","0","0","0","0","0","0","0","0","0","0"
"EUCC - EU Citizen Child","Received","31/07/2026","Eswatini","0","0","0","0","0","0","0","0","0","0"
"EUCC - EU Citizen Child","Received","31/07/2026","Ethiopia","0","0","0","0","0","*","0","0","0","0"
"EUCC - EU Citizen Child","Received","31/07/2026","Falkland Islands (the) [Malvinas]","0","0","0","0","0","0","0","0","0","0"
"EUCC - EU Citizen Child","Received","31/07/2026","Faroe Islands (the)","0","0","0","0","0","0","0","0","0","0"
"EUCC - EU Citizen Child","Received","31/07/2026","Fiji","0","0","0","0","0","0","0","0","0","0"
"EUCC - EU Citizen Child","Received","31/07/2026","French Guiana","0","0","0","0","0","0","0","0","0","0"
"EUCC - EU Citizen Child","Received","31/07/2026","French Polynesia","0","0","0","0","0","0","0","0","0","0"
"EUCC - EU Citizen Child","Received","31/07/2026","Gabon","0","0","0","0","0","0","0","0","0","0"
"EUCC - EU Citizen Child","Received","31/07/2026","Gambia (the)","0","*","0","0","0","0","0","0","0","0"
"EUCC - EU Citizen Child","Received","31/07/2026","Georgia","0","0","0","0","0","0","*","0","*","0"
"EUCC - EU Citizen Child","Received","31/07/2026","Ghana","*","0","0","0","0","0","*","*","*","*"
"EUCC - EU Citizen Child","Received","31/07/2026","Gibraltar","0","0","0","0","0","0","0","0","0","0"
"EUCC - EU Citizen Child","Received","31/07/2026","Greenland","0","0","0","0","0","0","0","0","0","0"
"EUCC - EU Citizen Child","Received","31/07/2026","Grenada","0","0","0","0","0","0","0","0","0","0"
"EUCC - EU Citizen Child","Received","31/07/2026","Guadeloupe","0","0","0","0","0","0","0","0","0","0"
"EUCC - EU Citizen Child","Received","31/07/2026","Guam","0","0","0","0","0","0","0","0","0","0"
"EUCC - EU Citizen Child","Received","31/07/2026","Guatemala","0","*","0","0","0","0","0","0","0","0"
"EUCC - EU Citizen Child","Received","31/07/2026","Guernsey","0","0","0","0","0","0","0","0","0","0"
"EUCC - EU Citizen Child","Received","31/07/2026","Guinea","0","0","0","0","0","0","0","0","0","0"
"EUCC - EU Citizen Child","Received","31/07/2026","Guinea-Bissau","0","0","0","0","0","0","0","0","0","0"
"EUCC - EU Citizen Child","Received","31/07/2026","Guyana","0","0","0","0","0","0","0","0","0","0"
"EUCC - EU Citizen Child","Received","31/07/2026","Haiti","0","0","0","0","0","0","0","0","0","0"
"EUCC - EU Citizen Child","Received","31/07/2026","Heard Island and McDonald Islands","0","0","0","0","0","0","0","0","0","0"
"EUCC - EU Citizen Child","Received","31/07/2026","Holy See (the)","0","0","0","0","0","0","0","0","0","0"
"EUCC - EU Citizen Child","Received","31/07/2026","Honduras","0","0","0","0","0","0","0","0","0","0"
"EUCC - EU Citizen Child","Received","31/07/2026","India","6","10","8","*","*","6","*","*","7","*"
"EUCC - EU Citizen Child","Received","31/07/2026","Indonesia","0","0","*","0","0","0","0","0","0","0"
"EUCC - EU Citizen Child","Received","31/07/2026","Iran (Islamic Republic of)","0","0","0","0","0","0","0","0","0","0"
"EUCC - EU Citizen Child","Received","31/07/2026","Iraq","0","0","*","0","0","0","0","0","0","0"
"EUCC - EU Citizen Child","Received","31/07/2026","Isle of Man","0","0","0","0","0","0","0","0","0","0"
"EUCC - EU Citizen Child","Received","31/07/2026","Israel","0","0","0","0","0","0","0","*","0","0"
"EUCC - EU Citizen Child","Received","31/07/2026","Jamaica","0","*","0","*","0","*","0","0","0","0"
"EUCC - EU Citizen Child","Received","31/07/2026","Japan","0","*","0","*","0","0","0","*","0","0"
"EUCC - EU Citizen Child","Received","31/07/2026","Jersey","0","0","0","0","0","0","0","0","0","0"
"EUCC - EU Citizen Child","Received","31/07/2026","Jordan","0","0","0","0","0","0","0","0","0","0"
"EUCC - EU Citizen Child","Received","31/07/2026","Kazakhstan","0","0","0","0","0","0","0","0","0","0"
"EUCC - EU Citizen Child","Received","31/07/2026","Kenya","0","0","0","0","0","0","0","0","0","*"
"EUCC - EU Citizen Child","Received","31/07/2026","Kiribati","0","0","0","0","0","0","0","0","0","0"
"EUCC - EU Citizen Child","Received","31/07/2026","Korea (the Democratic People's Republic of) North Korea","0","0","0","0","0","0","0","0","0","0"
"EUCC - EU Citizen Child","Received","31/07/2026","Korea (the Republic of) South Korea","0","*","0","*","0","0","*","0","*","*"
"EUCC - EU Citizen Child","Received","31/07/2026","Kosovo","0","0","0","0","0","0","0","0","0","0"
"EUCC - EU Citizen Child","Received","31/07/2026","Kuwait","0","0","0","0","0","0","0","0","0","0"
"EUCC - EU Citizen Child","Received","31/07/2026","Kyrgyzstan","0","0","0","0","0","0","0","0","0","0"
"EUCC - EU Citizen Child","Received","31/07/2026","Lao People's Democratic Republic (the)","0","0","0","0","0","0","0","0","0","0"
"EUCC - EU Citizen Child","Received","31/07/2026","Lebanon","0","0","0","0","0","0","0","0","0","0"
"EUCC - EU Citizen Child","Received","31/07/2026","Lesotho","0","0","0","0","0","0","0","0","0","0"
"EUCC - EU Citizen Child","Received","31/07/2026","Liberia","0","0","0","0","0","0","0","0","0","0"
"EUCC - EU Citizen Child","Received","31/07/2026","Libya","0","0","0","0","0","0","0","0","0","0"
"EUCC - EU Citizen Child","Received","31/07/2026","Macao","0","0","0","0","0","0","0","0","0","0"
"EUCC - EU Citizen Child","Received","31/07/2026","Madagascar","0","0","0","0","0","0","0","0","0","0"
"EUCC - EU Citizen Child","Received","31/07/2026","Malawi","*","0","*","*","0","*","*","0","0","0"
"EUCC - EU Citizen Child","Received","31/07/2026","Malaysia","0","0","0","0","0","0","0","0","0","0"
"EUCC - EU Citizen Child","Received","31/07/2026","Maldives","0","0","0","0","0","0","0","0","0","0"
"EUCC - EU Citizen Child","Received","31/07/2026","Mali","0","0","0","0","0","0","0","0","0","0"
"EUCC - EU Citizen Child","Received","31/07/2026","Marshall Islands (the)","0","0","0","0","0","0","0","0","0","0"
"EUCC - EU Citizen Child","Received","31/07/2026","Martinique","0","0","0","0","0","0","0","0","0","0"
"EUCC - EU Citizen Child","Received","31/07/2026","Mauritania","0","0","0","0","0","0","0","0","0","0"
"EUCC - EU Citizen Child","Received","31/07/2026","Mauritius","*","*","*","*","0","0","*","*","0","0"
"EUCC - EU Citizen Child","Received","31/07/2026","Mayotte","0","0","0","0","0","0","0","0","0","0"
"EUCC - EU Citizen Child","Received","31/07/2026","Melilla","0","0","0","0","0","0","0","0","0","0"
"EUCC - EU Citizen Child","Received","31/07/2026","Mexico","0","0","0","*","0","0","0","0","*","0"
"EUCC - EU Citizen Child","Received","31/07/2026","Micronesia (Federated States of)","0","0","0","0","0","0","0","0","0","0"
"EUCC - EU Citizen Child","Received","31/07/2026","Moldova (the Republic of)","*","0","*","0","0","0","0","0","*","0"
"EUCC - EU Citizen Child","Received","31/07/2026","Monaco","0","0","0","0","0","0","0","0","0","0"
"EUCC - EU Citizen Child","Received","31/07/2026","Mongolia","*","0","0","0","0","0","0","0","*","0"
"EUCC - EU Citizen Child","Received","31/07/2026","Montenegro","0","0","0","0","0","0","0","0","0","0"
"EUCC - EU Citizen Child","Received","31/07/2026","Montserrat","0","0","0","0","0","0","0","0","0","0"
"EUCC - EU Citizen Child","Received","31/07/2026","Morocco","0","0","0","*","*","0","0","*","*","0"
"EUCC - EU Citizen Child","Received","31/07/2026","Mozambique","0","0","0","0","0","0","0","0","0","*"
"EUCC - EU Citizen Child","Received","31/07/2026","Myanmar","0","0","0","0","0","0","0","0","0","0"
"EUCC - EU Citizen Child","Received","31/07/2026","Namibia","0","*","0","0","0","0","0","0","0","0"
"EUCC - EU Citizen Child","Received","31/07/2026","Nauru","0","0","0","0","0","0","0","0","0","0"
"EUCC - EU Citizen Child","Received","31/07/2026","Nepal","0","0","0","0","0","0","0","0","*","0"
"EUCC - EU Citizen Child","Received","31/07/2026","New Caledonia","0","0","0","0","0","0","0","0","0","0"
"EUCC - EU Citizen Child","Received","31/07/2026","New Zealand","0","0","0","0","0","0","0","0","0","0"
"EUCC - EU Citizen Child","Received","31/07/2026","Nicaragua","0","0","0","0","0","0","0","0","0","0"
"EUCC - EU Citizen Child","Received","31/07/2026","Niger (the)","0","0","0","0","0","0","0","0","0","0"
"EUCC - EU Citizen Child","Received","31/07/2026","Nigeria","14","7","11","10","7","9","14","22","20","16"
"EUCC - EU Citizen Child","Received","31/07/2026","Niue","0","0","0","0","0","0","0","0","0","0"
"EUCC - EU Citizen Child","Received","31/07/2026","Norfolk Island","0","0","0","0","0","0","0","0","0","0"
"EUCC - EU Citizen Child","Received","31/07/2026","North Macedonia","0","0","0","0","0","0","0","0","0","0"
"EUCC - EU Citizen Child","Received","31/07/2026","Northern Mariana Islands (the)","0","0","0","0","0","0","0","0","0","0"
"EUCC - EU Citizen Child","Received","31/07/2026","Oman","0","0","0","0","0","0","0","0","0","0"
"EUCC - EU Citizen Child","Received","31/07/2026","Pakistan","11","17","6","12","7","*","*","10","12","12"
"EUCC - EU Citizen Child","Received","31/07/2026","Palau","0","0","0","0","0","0","0","0","0","0"
"EUCC - EU Citizen Child","Received","31/07/2026","Palestine, State of","0","0","0","0","0","0","0","0","0","0"
"EUCC - EU Citizen Child","Received","31/07/2026","Panama","0","0","0","0","0","0","0","0","0","0"
"EUCC - EU Citizen Child","Received","31/07/2026","Papua New Guinea","0","0","0","0","0","0","0","0","0","0"
"EUCC - EU Citizen Child","Received","31/07/2026","Paraguay","0","0","0","0","0","0","0","0","0","0"
"EUCC - EU Citizen Child","Received","31/07/2026","Peru","0","0","0","0","0","0","0","0","0","0"
"EUCC - EU Citizen Child","Received","31/07/2026","Philippines (the)","0","*","0","*","0","0","*","*","0","0"
"EUCC - EU Citizen Child","Received","31/07/2026","Pitcairn","0","0","0","0","0","0","0","0","0","0"
"EUCC - EU Citizen Child","Received","31/07/2026","Puerto Rico","0","0","0","0","0","0","0","0","0","0"
"EUCC - EU Citizen Child","Received","31/07/2026","Qatar","0","0","0","0","0","0","0","0","0","0"
"EUCC - EU Citizen Child","Received","31/07/2026","Réunion","0","0","0","0","0","0","0","0","0","0"
"EUCC - EU Citizen Child","Received","31/07/2026","Russian Federation (the)","0","*","0","*","*","*","*","*","*","0"
"EUCC - EU Citizen Child","Received","31/07/2026","Rwanda","0","0","0","0","0","0","0","0","0","0"
"EUCC - EU Citizen Child","Received","31/07/2026","Saint Barthélemy","0","0","0","0","0","0","0","0","0","0"
"EUCC - EU Citizen Child","Received","31/07/2026","Saint Helena, Ascension and Tristan da Cunha","0","0","0","0","0","0","0","0","0","0"
"EUCC - EU Citizen Child","Received","31/07/2026","Saint Kitts and Nevis","0","0","0","0","0","0","0","0","0","0"
"EUCC - EU Citizen Child","Received","31/07/2026","Saint Lucia","0","0","0","0","0","0","0","0","0","0"
"EUCC - EU Citizen Child","Received","31/07/2026","Saint Martin (French part)","0","0","0","0","0","0","0","0","0","0"
"EUCC - EU Citizen Child","Received","31/07/2026","Saint Pierre and Miquelon","0","0","0","0","0","0","0","0","0","0"
"EUCC - EU Citizen Child","Received","31/07/2026","Saint Vincent and the Grenadines","0","0","0","0","0","0","0","0","0","0"
"EUCC - EU Citizen Child","Received","31/07/2026","Samoa","0","0","0","0","0","0","0","0","0","0"
"EUCC - EU Citizen Child","Received","31/07/2026","San Marino","0","0","0","0","0","0","0","0","0","0"
"EUCC - EU Citizen Child","Received","31/07/2026","Sao Tome and Principe","0","0","0","0","0","0","0","0","0","0"
"EUCC - EU Citizen Child","Received","31/07/2026","Saudi Arabia","0","0","0","0","0","0","0","0","0","0"
"EUCC - EU Citizen Child","Received","31/07/2026","Senegal","0","0","0","0","0","0","*","0","0","0"
"EUCC - EU Citizen Child","Received","31/07/2026","Serbia","0","0","0","*","0","*","*","*","*","0"
"EUCC - EU Citizen Child","Received","31/07/2026","Seychelles","0","0","0","0","0","0","0","0","0","0"
"EUCC - EU Citizen Child","Received","31/07/2026","Sierra Leone","0","0","0","0","0","0","0","0","0","0"
"EUCC - EU Citizen Child","Received","31/07/2026","Singapore","0","0","0","0","0","0","0","0","0","0"
"EUCC - EU Citizen Child","Received","31/07/2026","Sint Maarten (Dutch part)","0","0","0","0","0","0","0","0","0","0"
"EUCC - EU Citizen Child","Received","31/07/2026","Solomon Islands","0","0","0","0","0","0","0","0","0","0"
"EUCC - EU Citizen Child","Received","31/07/2026","Somalia","0","0","0","0","0","0","0","0","0","0"
"EUCC - EU Citizen Child","Received","31/07/2026","South Africa","*","*","*","*","*","*","*","*","10","0"
"EUCC - EU Citizen Child","Received","31/07/2026","South Georgia and the South Sandwich Islands","0","0","0","0","0","0","0","0","0","0"
"EUCC - EU Citizen Child","Received","31/07/2026","South Sudan","0","0","0","0","0","0","0","0","0","0"
"EUCC - EU Citizen Child","Received","31/07/2026","Sri Lanka","0","0","0","0","0","0","0","0","0","0"
"EUCC - EU Citizen Child","Received","31/07/2026","Sudan (the)","0","0","*","0","0","0","0","0","*","0"
"EUCC - EU Citizen Child","Received","31/07/2026","Suriname","0","0","0","0","0","0","0","0","0","0"
"EUCC - EU Citizen Child","Received","31/07/2026","Svalbard and Jan Mayen","0","0","0","0","0","0","0","0","0","0"
"EUCC - EU Citizen Child","Received","31/07/2026","Switzerland","0","0","0","0","0","0","0","0","0","0"
"EUCC - EU Citizen Child","Received","31/07/2026","Syrian Arab Republic (the)","0","0","*","0","0","0","0","0","0","0"
"EUCC - EU Citizen Child","Received","31/07/2026","Taiwan (Province of China)","0","0","0","0","0","0","0","0","0","0"
"EUCC - EU Citizen Child","Received","31/07/2026","Tajikistan","0","0","0","0","0","0","0","0","0","0"
"EUCC - EU Citizen Child","Received","31/07/2026","Tanzania, the United Republic of","0","0","*","*","0","*","0","0","0","0"
"EUCC - EU Citizen Child","Received","31/07/2026","Thailand","0","0","0","0","0","0","0","0","*","0"
"EUCC - EU Citizen Child","Received","31/07/2026","Timor-Leste","0","0","0","0","0","0","0","0","0","0"
"EUCC - EU Citizen Child","Received","31/07/2026","Togo","0","0","0","0","0","0","*","0","0","0"
"EUCC - EU Citizen Child","Received","31/07/2026","Tokelau","0","0","0","0","0","0","0","0","0","0"
"EUCC - EU Citizen Child","Received","31/07/2026","Tonga","0","0","0","0","0","0","0","0","0","0"
"EUCC - EU Citizen Child","Received","31/07/2026","Trinidad and Tobago","0","0","0","0","0","0","0","0","0","0"
"EUCC - EU Citizen Child","Received","31/07/2026","Tunisia","*","*","*","0","0","0","0","*","0","0"
"EUCC - EU Citizen Child","Received","31/07/2026","Turkiye","0","0","0","0","0","0","0","0","*","0"
"EUCC - EU Citizen Child","Received","31/07/2026","Turkmenistan","0","0","0","0","0","0","0","0","0","0"
"EUCC - EU Citizen Child","Received","31/07/2026","Turks and Caicos Islands (the)","0","0","0","0","0","0","0","0","0","0"
"EUCC - EU Citizen Child","Received","31/07/2026","Tuvalu","0","0","0","0","0","0","0","0","0","0"
"EUCC - EU Citizen Child","Received","31/07/2026","Uganda","0","0","0","0","0","0","*","0","0","0"
"EUCC - EU Citizen Child","Received","31/07/2026","Ukraine","*","*","*","*","0","0","0","*","0","*"
"EUCC - EU Citizen Child","Received","31/07/2026","United Arab Emirates (the)","0","0","0","0","0","0","0","0","0","0"
"EUCC - EU Citizen Child","Received","31/07/2026","United States Minor Outlying Islands (the)","0","0","0","0","0","0","0","0","0","0"
"EUCC - EU Citizen Child","Received","31/07/2026","United States of America (the)","*","*","*","0","*","0","*","*","*","*"
"EUCC - EU Citizen Child","Received","31/07/2026","Uruguay","0","0","0","0","0","0","0","0","0","0"
"EUCC - EU Citizen Child","Received","31/07/2026","Uzbekistan","0","0","0","0","0","0","0","0","0","0"
"EUCC - EU Citizen Child","Received","31/07/2026","Vanuatu","0","0","0","0","0","0","0","0","0","0"
"EUCC - EU Citizen Child","Received","31/07/2026","Venezuela (Bolivarian Republic of)","0","*","*","*","*","*","*","*","*","0"
"EUCC - EU Citizen Child","Received","31/07/2026","Viet Nam","0","0","0","0","0","0","0","0","0","0"
"EUCC - EU Citizen Child","Received","31/07/2026","Virgin Islands (British)","0","0","0","0","0","0","0","0","0","0"
"EUCC - EU Citizen Child","Received","31/07/2026","Virgin Islands (U.S.)","0","0","0","0","0","0","0","0","0","0"
"EUCC - EU Citizen Child","Received","31/07/2026","Wallis and Futuna","0","0","0","0","0","0","0","0","0","0"
"EUCC - EU Citizen Child","Received","31/07/2026","Western Sahara","0","0","0","0","0","0","0","0","0","0"
"EUCC - EU Citizen Child","Received","31/07/2026","Yemen","0","0","0","0","0","0","0","0","0","0"
"EUCC - EU Citizen Child","Received","31/07/2026","Zambia","0","0","0","0","0","0","0","0","0","0"
"EUCC - EU Citizen Child","Received","31/07/2026","Zimbabwe","0","0","0","0","0","0","0","*","0","0"
"EUCC - EU Citizen Child","Received","31/07/2026","*Other","*","*","0","*","*","*","*","*","*","*"
"EUCC - EU Citizen Child","Granted","31/07/2026","Afghanistan","0","0","0","0","0","0","0","0","0","0"
"EUCC - EU Citizen Child","Granted","31/07/2026","Åland Islands","0","0","0","0","0","0","0","0","0","0"
"EUCC - EU Citizen Child","Granted","31/07/2026","Albania","0","0","0","0","*","0","0","0","*","0"
"EUCC - EU Citizen Child","Granted","31/07/2026","Algeria","0","0","0","0","0","0","0","0","0","0"
"EUCC - EU Citizen Child","Granted","31/07/2026","American Samoa","0","0","0","0","0","0","0","0","0","0"
"EUCC - EU Citizen Child","Granted","31/07/2026","Andorra","0","0","0","0","0","0","0","0","0","0"
"EUCC - EU Citizen Child","Granted","31/07/2026","Angola","0","0","0","0","0","0","0","*","0","0"
"EUCC - EU Citizen Child","Granted","31/07/2026","Anguilla","0","0","0","0","0","0","0","0","0","0"
"EUCC - EU Citizen Child","Granted","31/07/2026","Antarctica","0","0","0","0","0","0","0","0","0","0"
"EUCC - EU Citizen Child","Granted","31/07/2026","Antigua and Barbuda","0","0","0","0","0","0","0","0","0","0"
"EUCC - EU Citizen Child","Granted","31/07/2026","Argentina","0","0","*","0","0","*","0","0","*","0"
"EUCC - EU Citizen Child","Granted","31/07/2026","Armenia","0","0","0","0","0","0","0","0","0","0"
"EUCC - EU Citizen Child","Granted","31/07/2026","Aruba","0","0","0","0","0","0","0","0","0","0"
"EUCC - EU Citizen Child","Granted","31/07/2026","Australia","0","0","*","0","0","0","*","0","0","0"
"EUCC - EU Citizen Child","Granted","31/07/2026","Azerbaijan","0","0","0","0","0","0","0","0","0","0"
"EUCC - EU Citizen Child","Granted","31/07/2026","Bahamas (the)","0","0","0","0","0","0","0","0","0","0"
"EUCC - EU Citizen Child","Granted","31/07/2026","Bahrain","0","0","0","0","0","0","0","0","0","0"
"EUCC - EU Citizen Child","Granted","31/07/2026","Bangladesh","0","0","*","*","*","0","*","0","6","*"
"EUCC - EU Citizen Child","Granted","31/07/2026","Barbados","0","0","0","0","0","0","0","0","0","0"
"EUCC - EU Citizen Child","Granted","31/07/2026","Belarus","0","0","0","0","0","0","0","0","0","0"
"EUCC - EU Citizen Child","Granted","31/07/2026","Belize","0","0","0","0","0","0","0","0","0","0"
"EUCC - EU Citizen Child","Granted","31/07/2026","Benin","0","0","0","0","0","0","0","0","0","0"
"EUCC - EU Citizen Child","Granted","31/07/2026","Bermuda","0","0","0","0","0","0","0","0","0","0"
"EUCC - EU Citizen Child","Granted","31/07/2026","Bhutan","0","0","0","0","0","0","0","0","0","0"
"EUCC - EU Citizen Child","Granted","31/07/2026","Bolivia (Plurinational State of)","0","0","0","*","*","6","*","0","*","0"
"EUCC - EU Citizen Child","Granted","31/07/2026","Bonaire, Sint Eustatius and Saba","0","0","0","0","0","0","0","0","0","0"
"EUCC - EU Citizen Child","Granted","31/07/2026","Bosnia and Herzegovina","0","0","0","0","0","0","0","0","0","0"
"EUCC - EU Citizen Child","Granted","31/07/2026","Botswana","*","0","0","0","0","0","0","0","*","0"
"EUCC - EU Citizen Child","Granted","31/07/2026","Bouvet Island","0","0","0","0","0","0","0","0","0","0"
"EUCC - EU Citizen Child","Granted","31/07/2026","Brazil","*","6","*","*","9","19","62","45","104","29"
"EUCC - EU Citizen Child","Granted","31/07/2026","Brunei Darussalam","0","0","0","0","0","0","0","0","0","0"
"EUCC - EU Citizen Child","Granted","31/07/2026","Burkina Faso","0","0","0","0","0","0","0","0","0","0"
"EUCC - EU Citizen Child","Granted","31/07/2026","Burundi","0","0","0","0","0","0","0","0","0","0"
"EUCC - EU Citizen Child","Granted","31/07/2026","Cabo Verde","0","0","0","0","0","0","0","0","0","0"
"EUCC - EU Citizen Child","Granted","31/07/2026","Cambodia","0","0","0","0","0","0","0","0","0","0"
"EUCC - EU Citizen Child","Granted","31/07/2026","Cameroon","*","0","*","0","0","0","*","0","0","0"
"EUCC - EU Citizen Child","Granted","31/07/2026","Canada","0","*","*","0","0","0","0","0","0","0"
"EUCC - EU Citizen Child","Granted","31/07/2026","Cayman Islands (the)","0","0","0","0","0","0","0","0","0","0"
"EUCC - EU Citizen Child","Granted","31/07/2026","Central African Republic (the)","0","0","0","0","0","0","0","0","0","0"
"EUCC - EU Citizen Child","Granted","31/07/2026","Ceuta","0","0","0","0","0","0","0","0","0","0"
"EUCC - EU Citizen Child","Granted","31/07/2026","Chad","0","0","0","0","0","0","0","0","0","0"
"EUCC - EU Citizen Child","Granted","31/07/2026","Chile","0","0","0","0","0","0","0","0","*","0"
"EUCC - EU Citizen Child","Granted","31/07/2026","China","*","*","*","0","*","0","*","*","0","0"
"EUCC - EU Citizen Child","Granted","31/07/2026","Christmas Island","0","0","0","0","0","0","0","0","0","0"
"EUCC - EU Citizen Child","Granted","31/07/2026","Cocos (Keeling) Islands (the)","0","0","0","0","0","0","0","0","0","0"
"EUCC - EU Citizen Child","Granted","31/07/2026","Colombia","0","0","0","0","0","*","0","*","*","0"
"EUCC - EU Citizen Child","Granted","31/07/2026","Comoros (the)","0","0","0","0","0","0","0","0","0","0"
"EUCC - EU Citizen Child","Granted","31/07/2026","Congo (the Democratic Republic of the)","0","0","0","0","0","0","*","0","0","0"
"EUCC - EU Citizen Child","Granted","31/07/2026","Congo (the)","0","0","0","0","0","0","0","0","0","0"
"EUCC - EU Citizen Child","Granted","31/07/2026","Cook Islands (the)","0","0","0","0","0","0","0","0","0","0"
"EUCC - EU Citizen Child","Granted","31/07/2026","Costa Rica","0","0","0","0","0","*","0","0","*","0"
"EUCC - EU Citizen Child","Granted","31/07/2026","Côte d'Ivoire","0","0","0","0","0","0","0","0","0","0"
"EUCC - EU Citizen Child","Granted","31/07/2026","Cuba","0","0","0","0","0","0","0","0","0","0"
"EUCC - EU Citizen Child","Granted","31/07/2026","Curaçao","0","0","0","0","0","0","0","0","0","0"
"EUCC - EU Citizen Child","Granted","31/07/2026","Djibouti","0","0","0","0","0","0","0","0","0","0"
"EUCC - EU Citizen Child","Granted","31/07/2026","Dominica","0","0","0","0","0","0","0","0","0","0"
"EUCC - EU Citizen Child","Granted","31/07/2026","Dominican Republic (the)","0","0","0","0","0","0","0","0","0","0"
"EUCC - EU Citizen Child","Granted","31/07/2026","Ecuador","0","0","0","0","0","0","0","0","0","0"
"EUCC - EU Citizen Child","Granted","31/07/2026","Egypt","0","0","0","0","0","0","0","0","0","0"
"EUCC - EU Citizen Child","Granted","31/07/2026","El Salvador","0","0","0","0","0","0","0","0","0","0"
"EUCC - EU Citizen Child","Granted","31/07/2026","Equatorial Guinea","0","0","0","0","0","0","0","0","0","0"
"EUCC - EU Citizen Child","Granted","31/07/2026","Eritrea","0","0","0","0","0","0","0","0","0","0"
"EUCC - EU Citizen Child","Granted","31/07/2026","Eswatini","0","0","0","0","0","0","0","0","0","0"
"EUCC - EU Citizen Child","Granted","31/07/2026","Ethiopia","0","0","0","0","0","0","0","0","0","0"
"EUCC - EU Citizen Child","Granted","31/07/2026","Falkland Islands (the) [Malvinas]","0","0","0","0","0","0","0","0","0","0"
"EUCC - EU Citizen Child","Granted","31/07/2026","Faroe Islands (the)","0","0","0","0","0","0","0","0","0","0"
"EUCC - EU Citizen Child","Granted","31/07/2026","Fiji","0","0","0","0","0","0","0","0","0","0"
"EUCC - EU Citizen Child","Granted","31/07/2026","French Guiana","0","0","0","0","0","0","0","0","0","0"
"EUCC - EU Citizen Child","Granted","31/07/2026","French Polynesia","0","0","0","0","0","0","0","0","0","0"
"EUCC - EU Citizen Child","Granted","31/07/2026","Gabon","0","0","0","0","0","0","0","0","0","0"
"EUCC - EU Citizen Child","Granted","31/07/2026","Gambia (the)","0","0","0","0","0","0","0","0","0","0"
"EUCC - EU Citizen Child","Granted","31/07/2026","Georgia","0","0","0","0","0","0","0","0","0","*"
"EUCC - EU Citizen Child","Granted","31/07/2026","Ghana","0","0","0","0","0","0","*","0","*","*"
"EUCC - EU Citizen Child","Granted","31/07/2026","Gibraltar","0","0","0","0","0","0","0","0","0","0"
"EUCC - EU Citizen Child","Granted","31/07/2026","Greenland","0","0","0","0","0","0","0","0","0","0"
"EUCC - EU Citizen Child","Granted","31/07/2026","Grenada","0","0","0","0","0","0","0","0","0","0"
"EUCC - EU Citizen Child","Granted","31/07/2026","Guadeloupe","0","0","0","0","0","0","0","0","0","0"
"EUCC - EU Citizen Child","Granted","31/07/2026","Guam","0","0","0","0","0","0","0","0","0","0"
"EUCC - EU Citizen Child","Granted","31/07/2026","Guatemala","0","*","0","0","0","0","0","0","0","0"
"EUCC - EU Citizen Child","Granted","31/07/2026","Guernsey","0","0","0","0","0","0","0","0","0","0"
"EUCC - EU Citizen Child","Granted","31/07/2026","Guinea","0","0","0","0","0","0","0","0","0","0"
"EUCC - EU Citizen Child","Granted","31/07/2026","Guinea-Bissau","0","0","0","0","0","0","0","0","0","0"
"EUCC - EU Citizen Child","Granted","31/07/2026","Guyana","0","0","0","0","0","0","0","0","0","0"
"EUCC - EU Citizen Child","Granted","31/07/2026","Haiti","0","0","0","0","0","0","0","0","0","0"
"EUCC - EU Citizen Child","Granted","31/07/2026","Heard Island and McDonald Islands","0","0","0","0","0","0","0","0","0","0"
"EUCC - EU Citizen Child","Granted","31/07/2026","Holy See (the)","0","0","0","0","0","0","0","0","0","0"
"EUCC - EU Citizen Child","Granted","31/07/2026","Honduras","0","0","0","0","0","0","0","0","0","0"
"EUCC - EU Citizen Child","Granted","31/07/2026","India","0","6","*","*","*","*","*","*","*","0"
"EUCC - EU Citizen Child","Granted","31/07/2026","Indonesia","0","0","0","*","0","0","0","0","0","0"
"EUCC - EU Citizen Child","Granted","31/07/2026","Iran (Islamic Republic of)","0","0","0","0","0","0","0","0","0","0"
"EUCC - EU Citizen Child","Granted","31/07/2026","Iraq","0","0","*","0","0","0","0","0","0","0"
"EUCC - EU Citizen Child","Granted","31/07/2026","Isle of Man","0","0","0","0","0","0","0","0","0","0"
"EUCC - EU Citizen Child","Granted","31/07/2026","Israel","0","0","0","0","0","0","0","0","*","0"
"EUCC - EU Citizen Child","Granted","31/07/2026","Jamaica","0","*","0","*","0","*","0","0","0","0"
"EUCC - EU Citizen Child","Granted","31/07/2026","Japan","0","*","0","0","*","0","0","0","*","0"
"EUCC - EU Citizen Child","Granted","31/07/2026","Jersey","0","0","0","0","0","0","0","0","0","0"
"EUCC - EU Citizen Child","Granted","31/07/2026","Jordan","0","0","0","0","0","0","0","0","0","0"
"EUCC - EU Citizen Child","Granted","31/07/2026","Kazakhstan","0","0","0","0","0","0","0","0","0","0"
"EUCC - EU Citizen Child","Granted","31/07/2026","Kenya","0","0","0","0","0","0","0","0","0","0"
"EUCC - EU Citizen Child","Granted","31/07/2026","Kiribati","0","0","0","0","0","0","0","0","0","0"
"EUCC - EU Citizen Child","Granted","31/07/2026","Korea (the Democratic People's Republic of) North Korea","0","0","0","0","0","0","0","0","0","0"
"EUCC - EU Citizen Child","Granted","31/07/2026","Korea (the Republic of) South Korea","0","*","0","*","0","0","*","0","*","0"
"EUCC - EU Citizen Child","Granted","31/07/2026","Kosovo","0","0","0","0","0","0","0","0","0","0"
"EUCC - EU Citizen Child","Granted","31/07/2026","Kuwait","0","0","0","0","0","0","0","0","0","0"
"EUCC - EU Citizen Child","Granted","31/07/2026","Kyrgyzstan","0","0","0","0","0","0","0","0","0","0"
"EUCC - EU Citizen Child","Granted","31/07/2026","Lao People's Democratic Republic (the)","0","0","0","0","0","0","0","0","0","0"
"EUCC - EU Citizen Child","Granted","31/07/2026","Lebanon","0","0","0","0","0","0","0","0","0","0"
"EUCC - EU Citizen Child","Granted","31/07/2026","Lesotho","0","0","0","0","0","0","0","0","0","0"
"EUCC - EU Citizen Child","Granted","31/07/2026","Liberia","0","0","0","0","0","0","0","0","0","0"
"EUCC - EU Citizen Child","Granted","31/07/2026","Libya","0","0","0","0","0","0","0","0","0","0"
"EUCC - EU Citizen Child","Granted","31/07/2026","Macao","0","0","0","0","0","0","0","0","0","0"
"EUCC - EU Citizen Child","Granted","31/07/2026","Madagascar","0","0","0","0","0","0","0","0","0","0"
"EUCC - EU Citizen Child","Granted","31/07/2026","Malawi","*","*","*","*","0","0","*","*","0","0"
"EUCC - EU Citizen Child","Granted","31/07/2026","Malaysia","0","0","0","0","0","0","0","0","0","0"
"EUCC - EU Citizen Child","Granted","31/07/2026","Maldives","0","0","0","0","0","0","0","0","0","0"
"EUCC - EU Citizen Child","Granted","31/07/2026","Mali","0","0","0","0","0","0","0","0","0","0"
"EUCC - EU Citizen Child","Granted","31/07/2026","Marshall Islands (the)","0","0","0","0","0","0","0","0","0","0"
"EUCC - EU Citizen Child","Granted","31/07/2026","Martinique","0","0","0","0","0","0","0","0","0","0"
"EUCC - EU Citizen Child","Granted","31/07/2026","Mauritania","0","0","0","0","0","0","0","0","0","0"
"EUCC - EU Citizen Child","Granted","31/07/2026","Mauritius","0","*","0","0","*","0","*","*","*","0"
"EUCC - EU Citizen Child","Granted","31/07/2026","Mayotte","0","0","0","0","0","0","0","0","0","0"
"EUCC - EU Citizen Child","Granted","31/07/2026","Melilla","0","0","0","0","0","0","0","0","0","0"
"EUCC - EU Citizen Child","Granted","31/07/2026","Mexico","0","0","0","0","0","0","0","0","0","0"
"EUCC - EU Citizen Child","Granted","31/07/2026","Micronesia (Federated States of)","0","0","0","0","0","0","0","0","0","0"
"EUCC - EU Citizen Child","Granted","31/07/2026","Moldova (the Republic of)","0","0","*","0","0","0","0","0","0","0"
"EUCC - EU Citizen Child","Granted","31/07/2026","Monaco","0","0","0","0","0","0","0","0","0","0"
"EUCC - EU Citizen Child","Granted","31/07/2026","Mongolia","0","0","0","0","0","0","0","0","*","0"
"EUCC - EU Citizen Child","Granted","31/07/2026","Montenegro","0","0","0","0","0","0","0","0","0","0"
"EUCC - EU Citizen Child","Granted","31/07/2026","Montserrat","0","0","0","0","0","0","0","0","0","0"
"EUCC - EU Citizen Child","Granted","31/07/2026","Morocco","0","0","0","0","*","*","0","*","*","0"
"EUCC - EU Citizen Child","Granted","31/07/2026","Mozambique","0","0","0","0","0","0","0","0","0","0"
"EUCC - EU Citizen Child","Granted","31/07/2026","Myanmar","0","0","0","0","0","0","0","0","0","0"
"EUCC - EU Citizen Child","Granted","31/07/2026","Namibia","0","0","0","0","0","0","0","0","0","0"
"EUCC - EU Citizen Child","Granted","31/07/2026","Nauru","0","0","0","0","0","0","0","0","0","0"
"EUCC - EU Citizen Child","Granted","31/07/2026","Nepal","0","0","0","0","0","0","0","0","*","0"
"EUCC - EU Citizen Child","Granted","31/07/2026","New Caledonia","0","0","0","0","0","0","0","0","0","0"
"EUCC - EU Citizen Child","Granted","31/07/2026","New Zealand","0","0","0","0","0","0","0","0","0","0"
"EUCC - EU Citizen Child","Granted","31/07/2026","Nicaragua","0","0","0","0","0","0","0","0","0","0"
"EUCC - EU Citizen Child","Granted","31/07/2026","Niger (the)","0","0","0","0","0","0","0","0","0","0"
"EUCC - EU Citizen Child","Granted","31/07/2026","Nigeria","*","*","8","*","9","9","15","*","15","6"
"EUCC - EU Citizen Child","Granted","31/07/2026","Niue","0","0","0","0","0","0","0","0","0","0"
"EUCC - EU Citizen Child","Granted","31/07/2026","Norfolk Island","0","0","0","0","0","0","0","0","0","0"
"EUCC - EU Citizen Child","Granted","31/07/2026","North Macedonia","0","0","0","0","0","0","0","0","0","0"
"EUCC - EU Citizen Child","Granted","31/07/2026","Northern Mariana Islands (the)","0","0","0","0","0","0","0","0","0","0"
"EUCC - EU Citizen Child","Granted","31/07/2026","Oman","0","0","0","0","0","0","0","0","0","0"
"EUCC - EU Citizen Child","Granted","31/07/2026","Pakistan","*","11","*","*","13","7","*","7","10","*"
"EUCC - EU Citizen Child","Granted","31/07/2026","Palau","0","0","0","0","0","0","0","0","0","0"
"EUCC - EU Citizen Child","Granted","31/07/2026","Palestine, State of","0","0","0","0","0","0","0","0","0","0"
"EUCC - EU Citizen Child","Granted","31/07/2026","Panama","0","0","0","0","0","0","0","0","0","0"
"EUCC - EU Citizen Child","Granted","31/07/2026","Papua New Guinea","0","0","0","0","0","0","0","0","0","0"
"EUCC - EU Citizen Child","Granted","31/07/2026","Paraguay","0","0","0","0","0","0","0","0","0","0"
"EUCC - EU Citizen Child","Granted","31/07/2026","Peru","0","0","0","0","0","0","0","0","0","0"
"EUCC - EU Citizen Child","Granted","31/07/2026","Philippines (the)","0","*","0","*","*","0","*","0","*","0"
"EUCC - EU Citizen Child","Granted","31/07/2026","Pitcairn","0","0","0","0","0","0","0","0","0","0"
"EUCC - EU Citizen Child","Granted","31/07/2026","Puerto Rico","0","0","0","0","0","0","0","0","0","0"
"EUCC - EU Citizen Child","Granted","31/07/2026","Qatar","0","0","0","0","0","0","0","0","0","0"
"EUCC - EU Citizen Child","Granted","31/07/2026","Réunion","0","0","0","0","0","0","0","0","0","0"
"EUCC - EU Citizen Child","Granted","31/07/2026","Russian Federation (the)","0","*","0","0","*","*","*","*","*","*"
"EUCC - EU Citizen Child","Granted","31/07/2026","Rwanda","0","0","0","0","0","0","0","0","0","0"
"EUCC - EU Citizen Child","Granted","31/07/2026","Saint Barthélemy","0","0","0","0","0","0","0","0","0","0"
"EUCC - EU Citizen Child","Granted","31/07/2026","Saint Helena, Ascension and Tristan da Cunha","0","0","0","0","0","0","0","0","0","0"
"EUCC - EU Citizen Child","Granted","31/07/2026","Saint Kitts and Nevis","0","0","0","0","0","0","0","0","0","0"
"EUCC - EU Citizen Child","Granted","31/07/2026","Saint Lucia","0","0","0","0","0","0","0","0","0","0"
"EUCC - EU Citizen Child","Granted","31/07/2026","Saint Martin (French part)","0","0","0","0","0","0","0","0","0","0"
"EUCC - EU Citizen Child","Granted","31/07/2026","Saint Pierre and Miquelon","0","0","0","0","0","0","0","0","0","0"
"EUCC - EU Citizen Child","Granted","31/07/2026","Saint Vincent and the Grenadines","0","0","0","0","0","0","0","0","0","0"
"EUCC - EU Citizen Child","Granted","31/07/2026","Samoa","0","0","0","0","0","0","0","0","0","0"
"EUCC - EU Citizen Child","Granted","31/07/2026","San Marino","0","0","0","0","0","0","0","0","0","0"
"EUCC - EU Citizen Child","Granted","31/07/2026","Sao Tome and Principe","0","0","0","0","0","0","0","0","0","0"
"EUCC - EU Citizen Child","Granted","31/07/2026","Saudi Arabia","0","0","0","0","0","0","0","0","0","0"
"EUCC - EU Citizen Child","Granted","31/07/2026","Senegal","0","0","0","0","0","0","0","*","0","0"
"EUCC - EU Citizen Child","Granted","31/07/2026","Serbia","0","0","0","0","*","0","*","*","0","0"
"EUCC - EU Citizen Child","Granted","31/07/2026","Seychelles","0","0","0","0","0","0","0","0","0","0"
"EUCC - EU Citizen Child","Granted","31/07/2026","Sierra Leone","0","0","0","0","0","0","0","0","0","0"
"EUCC - EU Citizen Child","Granted","31/07/2026","Singapore","0","0","0","0","0","0","0","0","0","0"
"EUCC - EU Citizen Child","Granted","31/07/2026","Sint Maarten (Dutch part)","0","0","0","0","0","0","0","0","0","0"
"EUCC - EU Citizen Child","Granted","31/07/2026","Solomon Islands","0","0","0","0","0","0","0","0","0","0"
"EUCC - EU Citizen Child","Granted","31/07/2026","Somalia","0","0","0","0","0","0","0","0","0","0"
"EUCC - EU Citizen Child","Granted","31/07/2026","South Africa","*","0","*","*","*","*","*","0","*","0"
"EUCC - EU Citizen Child","Granted","31/07/2026","South Georgia and the South Sandwich Islands","0","0","0","0","0","0","0","0","0","0"
"EUCC - EU Citizen Child","Granted","31/07/2026","South Sudan","0","0","0","0","0","0","0","0","0","0"
"EUCC - EU Citizen Child","Granted","31/07/2026","Sri Lanka","0","0","0","0","0","0","0","0","0","0"
"EUCC - EU Citizen Child","Granted","31/07/2026","Sudan (the)","0","0","0","0","*","0","0","0","*","0"
"EUCC - EU Citizen Child","Granted","31/07/2026","Suriname","0","0","0","0","0","0","0","0","0","0"
"EUCC - EU Citizen Child","Granted","31/07/2026","Svalbard and Jan Mayen","0","0","0","0","0","0","0","0","0","0"
"EUCC - EU Citizen Child","Granted","31/07/2026","Switzerland","0","0","0","0","0","0","0","0","0","0"
"EUCC - EU Citizen Child","Granted","31/07/2026","Syrian Arab Republic (the)","*","0","0","*","0","0","0","0","0","0"
"EUCC - EU Citizen Child","Granted","31/07/2026","Taiwan (Province of China)","0","0","0","0","0","0","0","0","0","0"
"EUCC - EU Citizen Child","Granted","31/07/2026","Tajikistan","0","0","0","0","0","0","0","0","0","0"
"EUCC - EU Citizen Child","Granted","31/07/2026","Tanzania, the United Republic of","0","0","0","*","0","*","0","0","0","0"
"EUCC - EU Citizen Child","Granted","31/07/2026","Thailand","0","0","0","0","0","0","0","0","*","0"
"EUCC - EU Citizen Child","Granted","31/07/2026","Timor-Leste","0","0","0","0","0","0","0","0","0","0"
"EUCC - EU Citizen Child","Granted","31/07/2026","Togo","0","0","0","0","0","0","*","0","0","0"
"EUCC - EU Citizen Child","Granted","31/07/2026","Tokelau","0","0","0","0","0","0","0","0","0","0"
"EUCC - EU Citizen Child","Granted","31/07/2026","Tonga","0","0","0","0","0","0","0","0","0","0"
"EUCC - EU Citizen Child","Granted","31/07/2026","Trinidad and Tobago","0","0","0","0","0","0","0","0","0","0"
"EUCC - EU Citizen Child","Granted","31/07/2026","Tunisia","0","*","0","*","0","0","0","0","*","0"
"EUCC - EU Citizen Child","Granted","31/07/2026","Turkiye","0","0","0","0","0","0","0","0","*","0"
"EUCC - EU Citizen Child","Granted","31/07/2026","Turkmenistan","0","0","0","0","0","0","0","0","0","0"
"EUCC - EU Citizen Child","Granted","31/07/2026","Turks and Caicos Islands (the)","0","0","0","0","0","0","0","0","0","0"
"EUCC - EU Citizen Child","Granted","31/07/2026","Tuvalu","0","0","0","0","0","0","0","0","0","0"
"EUCC - EU Citizen Child","Granted","31/07/2026","Uganda","0","0","0","0","0","0","*","0","0","0"
"EUCC - EU Citizen Child","Granted","31/07/2026","Ukraine","*","*","*","0","*","0","0","*","0","0"
"EUCC - EU Citizen Child","Granted","31/07/2026","United Arab Emirates (the)","0","0","0","0","0","0","0","0","0","0"
"EUCC - EU Citizen Child","Granted","31/07/2026","United States Minor Outlying Islands (the)","0","0","0","0","0","0","0","0","0","0"
"EUCC - EU Citizen Child","Granted","31/07/2026","United States of America (the)","*","*","*","0","0","0","*","*","*","*"
"EUCC - EU Citizen Child","Granted","31/07/2026","Uruguay","0","0","0","0","0","0","0","0","0","0"
"EUCC - EU Citizen Child","Granted","31/07/2026","Uzbekistan","0","0","0","0","0","0","0","0","0","0"
"EUCC - EU Citizen Child","Granted","31/07/2026","Vanuatu","0","0","0","0","0","0","0","0","0","0"
"EUCC - EU Citizen Child","Granted","31/07/2026","Venezuela (Bolivarian Republic of)","*","*","*","0","*","*","*","*","*","0"
"EUCC - EU Citizen Child","Granted","31/07/2026","Viet Nam","0","0","0","0","0","0","0","0","0","0"
"EUCC - EU Citizen Child","Granted","31/07/2026","Virgin Islands (British)","0","0","0","0","0","0","0","0","0","0"
"EUCC - EU Citizen Child","Granted","31/07/2026","Virgin Islands (U.S.)","0","0","0","0","0","0","0","0","0","0"
"EUCC - EU Citizen Child","Granted","31/07/2026","Wallis and Futuna","0","0","0","0","0","0","0","0","0","0"
"EUCC - EU Citizen Child","Granted","31/07/2026","Western Sahara","0","0","0","0","0","0","0","0","0","0"
"EUCC - EU Citizen Child","Granted","31/07/2026","Yemen","0","0","0","0","0","0","0","0","0","0"
"EUCC - EU Citizen Child","Granted","31/07/2026","Zambia","0","0","0","0","0","0","0","0","0","0"
"EUCC - EU Citizen Child","Granted","31/07/2026","Zimbabwe","0","0","0","0","0","0","0","0","*","0"
"EUCC - EU Citizen Child","Granted","31/07/2026","*Other","*","*","*","*","*","*","0","0","*","*"
"EUCC - EU Citizen Child","Refused","31/07/2026","Afghanistan","0","0","0","0","0","0","0","0","0","0"
"EUCC - EU Citizen Child","Refused","31/07/2026","Åland Islands","0","0","0","0","0","0","0","0","0","0"
"EUCC - EU Citizen Child","Refused","31/07/2026","Albania","*","0","0","0","0","*","0","0","0","*"
"EUCC - EU Citizen Child","Refused","31/07/2026","Algeria","*","0","0","0","0","0","0","0","*","0"
"EUCC - EU Citizen Child","Refused","31/07/2026","American Samoa","0","0","0","0","0","0","0","0","0","0"
"EUCC - EU Citizen Child","Refused","31/07/2026","Andorra","0","0","0","0","0","0","0","0","0","0"
"EUCC - EU Citizen Child","Refused","31/07/2026","Angola","0","0","0","0","0","0","0","0","0","0"
"EUCC - EU Citizen Child","Refused","31/07/2026","Anguilla","0","0","0","0","0","0","0","0","0","0"
"EUCC - EU Citizen Child","Refused","31/07/2026","Antarctica","0","0","0","0","0","0","0","0","0","0"
"EUCC - EU Citizen Child","Refused","31/07/2026","Antigua and Barbuda","0","0","0","0","0","0","0","0","0","0"
"EUCC - EU Citizen Child","Refused","31/07/2026","Argentina","*","0","0","0","0","0","0","0","0","0"
"EUCC - EU Citizen Child","Refused","31/07/2026","Armenia","0","0","0","0","0","0","0","0","0","0"
"EUCC - EU Citizen Child","Refused","31/07/2026","Aruba","0","0","0","0","0","0","0","0","0","0"
"EUCC - EU Citizen Child","Refused","31/07/2026","Australia","0","0","0","0","0","0","0","0","0","*"
"EUCC - EU Citizen Child","Refused","31/07/2026","Azerbaijan","0","0","0","0","0","0","0","0","0","0"
"EUCC - EU Citizen Child","Refused","31/07/2026","Bahamas (the)","0","0","0","0","0","0","0","0","0","0"
"EUCC - EU Citizen Child","Refused","31/07/2026","Bahrain","0","0","0","0","0","0","0","0","0","0"
"EUCC - EU Citizen Child","Refused","31/07/2026","Bangladesh","0","0","*","0","0","0","0","0","*","*"
"EUCC - EU Citizen Child","Refused","31/07/2026","Barbados","0","0","0","0","0","0","0","0","0","0"
"EUCC - EU Citizen Child","Refused","31/07/2026","Belarus","0","0","0","0","0","0","0","0","0","0"
"EUCC - EU Citizen Child","Refused","31/07/2026","Belize","0","0","0","0","0","0","0","0","0","0"
"EUCC - EU Citizen Child","Refused","31/07/2026","Benin","0","0","0","0","0","0","0","0","0","0"
"EUCC - EU Citizen Child","Refused","31/07/2026","Bermuda","0","0","0","0","0","0","0","0","0","0"
"EUCC - EU Citizen Child","Refused","31/07/2026","Bhutan","0","0","0","0","0","0","0","0","0","0"
"EUCC - EU Citizen Child","Refused","31/07/2026","Bolivia (Plurinational State of)","0","0","0","0","0","0","0","*","*","*"
"EUCC - EU Citizen Child","Refused","31/07/2026","Bonaire, Sint Eustatius and Saba","0","0","0","0","0","0","0","0","0","0"
"EUCC - EU Citizen Child","Refused","31/07/2026","Bosnia and Herzegovina","0","0","0","0","0","0","0","0","0","0"
"EUCC - EU Citizen Child","Refused","31/07/2026","Botswana","0","0","0","0","0","0","0","0","0","0"
"EUCC - EU Citizen Child","Refused","31/07/2026","Bouvet Island","0","0","0","0","0","0","0","0","0","0"
"EUCC - EU Citizen Child","Refused","31/07/2026","Brazil","*","*","6","0","0","*","*","12","36","10"
"EUCC - EU Citizen Child","Refused","31/07/2026","Brunei Darussalam","0","0","0","0","0","0","0","0","0","0"
"EUCC - EU Citizen Child","Refused","31/07/2026","Burkina Faso","0","0","0","0","0","0","0","0","0","0"
"EUCC - EU Citizen Child","Refused","31/07/2026","Burundi","0","0","0","0","0","0","0","0","0","0"
"EUCC - EU Citizen Child","Refused","31/07/2026","Cabo Verde","0","0","0","0","0","0","0","0","0","0"
"EUCC - EU Citizen Child","Refused","31/07/2026","Cambodia","0","0","0","0","0","0","0","0","0","0"
"EUCC - EU Citizen Child","Refused","31/07/2026","Cameroon","0","0","0","0","0","0","0","0","0","0"
"EUCC - EU Citizen Child","Refused","31/07/2026","Canada","*","0","0","0","0","0","0","0","0","0"
"EUCC - EU Citizen Child","Refused","31/07/2026","Cayman Islands (the)","0","0","0","0","0","0","0","0","0","0"
"EUCC - EU Citizen Child","Refused","31/07/2026","Central African Republic (the)","0","0","0","0","0","0","0","0","0","0"
"EUCC - EU Citizen Child","Refused","31/07/2026","Ceuta","0","0","0","0","0","0","0","0","0","0"
"EUCC - EU Citizen Child","Refused","31/07/2026","Chad","0","0","0","0","0","0","0","0","0","0"
"EUCC - EU Citizen Child","Refused","31/07/2026","Chile","0","0","0","0","0","0","0","0","0","0"
"EUCC - EU Citizen Child","Refused","31/07/2026","China","*","0","0","0","0","0","0","0","0","0"
"EUCC - EU Citizen Child","Refused","31/07/2026","Christmas Island","0","0","0","0","0","0","0","0","0","0"
"EUCC - EU Citizen Child","Refused","31/07/2026","Cocos (Keeling) Islands (the)","0","0","0","0","0","0","0","0","0","0"
"EUCC - EU Citizen Child","Refused","31/07/2026","Colombia","0","0","0","0","0","0","0","0","0","0"
"EUCC - EU Citizen Child","Refused","31/07/2026","Comoros (the)","0","0","0","0","0","0","0","0","0","0"
"EUCC - EU Citizen Child","Refused","31/07/2026","Congo (the Democratic Republic of the)","0","0","0","0","0","0","0","0","0","0"
"EUCC - EU Citizen Child","Refused","31/07/2026","Congo (the)","0","0","0","0","0","0","0","0","0","0"
"EUCC - EU Citizen Child","Refused","31/07/2026","Cook Islands (the)","0","0","0","0","0","0","0","0","0","0"
"EUCC - EU Citizen Child","Refused","31/07/2026","Costa Rica","0","0","0","0","0","0","0","0","0","0"
"EUCC - EU Citizen Child","Refused","31/07/2026","Côte d'Ivoire","0","0","0","0","0","0","0","0","0","0"
"EUCC - EU Citizen Child","Refused","31/07/2026","Cuba","0","0","0","0","0","0","0","0","0","0"
"EUCC - EU Citizen Child","Refused","31/07/2026","Curaçao","0","0","0","0","0","0","0","0","0","0"
"EUCC - EU Citizen Child","Refused","31/07/2026","Djibouti","0","0","0","0","0","0","0","0","0","0"
"EUCC - EU Citizen Child","Refused","31/07/2026","Dominica","0","0","0","0","0","0","0","0","0","0"
"EUCC - EU Citizen Child","Refused","31/07/2026","Dominican Republic (the)","0","0","0","0","0","0","0","0","0","0"
"EUCC - EU Citizen Child","Refused","31/07/2026","Ecuador","0","0","0","0","0","0","0","0","0","0"
"EUCC - EU Citizen Child","Refused","31/07/2026","Egypt","0","0","0","0","0","0","0","0","0","0"
"EUCC - EU Citizen Child","Refused","31/07/2026","El Salvador","0","0","0","0","0","0","0","0","0","0"
"EUCC - EU Citizen Child","Refused","31/07/2026","Equatorial Guinea","0","0","0","0","0","0","0","0","0","0"
"EUCC - EU Citizen Child","Refused","31/07/2026","Eritrea","0","0","0","0","0","0","0","0","0","0"
"EUCC - EU Citizen Child","Refused","31/07/2026","Eswatini","0","0","0","0","0","0","0","0","0","0"
"EUCC - EU Citizen Child","Refused","31/07/2026","Ethiopia","0","0","0","0","0","0","0","*","0","0"
"EUCC - EU Citizen Child","Refused","31/07/2026","Falkland Islands (the) [Malvinas]","0","0","0","0","0","0","0","0","0","0"
"EUCC - EU Citizen Child","Refused","31/07/2026","Faroe Islands (the)","0","0","0","0","0","0","0","0","0","0"
"EUCC - EU Citizen Child","Refused","31/07/2026","Fiji","0","0","0","0","0","0","0","0","0","0"
"EUCC - EU Citizen Child","Refused","31/07/2026","French Guiana","0","0","0","0","0","0","0","0","0","0"
"EUCC - EU Citizen Child","Refused","31/07/2026","French Polynesia","0","0","0","0","0","0","0","0","0","0"
"EUCC - EU Citizen Child","Refused","31/07/2026","Gabon","0","0","0","0","0","0","0","0","0","0"
"EUCC - EU Citizen Child","Refused","31/07/2026","Gambia (the)","0","0","*","0","0","0","0","0","0","0"
"EUCC - EU Citizen Child","Refused","31/07/2026","Georgia","0","0","0","0","0","0","*","0","0","0"
"EUCC - EU Citizen Child","Refused","31/07/2026","Ghana","0","*","0","0","0","0","0","0","*","0"
"EUCC - EU Citizen Child","Refused","31/07/2026","Gibraltar","0","0","0","0","0","0","0","0","0","0"
"EUCC - EU Citizen Child","Refused","31/07/2026","Greenland","0","0","0","0","0","0","0","0","0","0"
"EUCC - EU Citizen Child","Refused","31/07/2026","Grenada","0","0","0","0","0","0","0","0","0","0"
"EUCC - EU Citizen Child","Refused","31/07/2026","Guadeloupe","0","0","0","0","0","0","0","0","0","0"
"EUCC - EU Citizen Child","Refused","31/07/2026","Guam","0","0","0","0","0","0","0","0","0","0"
"EUCC - EU Citizen Child","Refused","31/07/2026","Guatemala","0","0","0","0","0","0","0","0","0","0"
"EUCC - EU Citizen Child","Refused","31/07/2026","Guernsey","0","0","0","0","0","0","0","0","0","0"
"EUCC - EU Citizen Child","Refused","31/07/2026","Guinea","0","0","0","0","0","0","0","0","0","0"
"EUCC - EU Citizen Child","Refused","31/07/2026","Guinea-Bissau","0","0","0","0","0","0","0","0","0","0"
"EUCC - EU Citizen Child","Refused","31/07/2026","Guyana","0","0","0","0","0","0","0","0","0","0"
"EUCC - EU Citizen Child","Refused","31/07/2026","Haiti","0","0","0","0","0","0","0","0","0","0"
"EUCC - EU Citizen Child","Refused","31/07/2026","Heard Island and McDonald Islands","0","0","0","0","0","0","0","0","0","0"
"EUCC - EU Citizen Child","Refused","31/07/2026","Holy See (the)","0","0","0","0","0","0","0","0","0","0"
"EUCC - EU Citizen Child","Refused","31/07/2026","Honduras","0","0","0","0","0","0","0","0","0","0"
"EUCC - EU Citizen Child","Refused","31/07/2026","India","*","*","*","*","0","*","*","*","*","0"
"EUCC - EU Citizen Child","Refused","31/07/2026","Indonesia","0","0","*","0","0","0","0","0","0","0"
"EUCC - EU Citizen Child","Refused","31/07/2026","Iran (Islamic Republic of)","0","0","0","0","0","0","0","0","0","0"
"EUCC - EU Citizen Child","Refused","31/07/2026","Iraq","0","0","0","0","0","0","0","0","0","0"
"EUCC - EU Citizen Child","Refused","31/07/2026","Isle of Man","0","0","0","0","0","0","0","0","0","0"
"EUCC - EU Citizen Child","Refused","31/07/2026","Israel","0","0","0","0","0","0","0","0","0","0"
"EUCC - EU Citizen Child","Refused","31/07/2026","Jamaica","0","0","*","0","0","0","0","0","0","0"
"EUCC - EU Citizen Child","Refused","31/07/2026","Japan","0","0","0","0","0","0","0","0","0","0"
"EUCC - EU Citizen Child","Refused","31/07/2026","Jersey","0","0","0","0","0","0","0","0","0","0"
"EUCC - EU Citizen Child","Refused","31/07/2026","Jordan","0","*","0","0","0","0","0","0","0","0"
"EUCC - EU Citizen Child","Refused","31/07/2026","Kazakhstan","0","0","0","0","0","0","0","0","0","0"
"EUCC - EU Citizen Child","Refused","31/07/2026","Kenya","0","0","0","0","0","0","0","0","0","*"
"EUCC - EU Citizen Child","Refused","31/07/2026","Kiribati","0","0","0","0","0","0","0","0","0","0"
"EUCC - EU Citizen Child","Refused","31/07/2026","Korea (the Democratic People's Republic of) North Korea","0","0","0","0","0","0","0","0","0","0"
"EUCC - EU Citizen Child","Refused","31/07/2026","Korea (the Republic of) South Korea","0","0","0","0","0","0","0","0","0","0"
"EUCC - EU Citizen Child","Refused","31/07/2026","Kosovo","0","0","0","0","0","0","0","0","0","0"
"EUCC - EU Citizen Child","Refused","31/07/2026","Kuwait","0","0","0","0","0","0","0","0","0","0"
"EUCC - EU Citizen Child","Refused","31/07/2026","Kyrgyzstan","0","0","0","0","0","0","0","0","0","0"
"EUCC - EU Citizen Child","Refused","31/07/2026","Lao People's Democratic Republic (the)","0","0","0","0","0","0","0","0","0","0"
"EUCC - EU Citizen Child","Refused","31/07/2026","Lebanon","0","0","0","0","0","0","0","0","0","0"
"EUCC - EU Citizen Child","Refused","31/07/2026","Lesotho","0","0","0","0","0","0","0","0","0","0"
"EUCC - EU Citizen Child","Refused","31/07/2026","Liberia","0","0","0","0","0","0","0","0","0","0"
"EUCC - EU Citizen Child","Refused","31/07/2026","Libya","0","0","0","0","0","0","0","0","0","0"
"EUCC - EU Citizen Child","Refused","31/07/2026","Macao","0","0","0","0","0","0","0","0","0","0"
"EUCC - EU Citizen Child","Refused","31/07/2026","Madagascar","0","0","0","0","0","0","0","0","0","0"
"EUCC - EU Citizen Child","Refused","31/07/2026","Malawi","0","0","0","*","0","0","0","0","0","0"
"EUCC - EU Citizen Child","Refused","31/07/2026","Malaysia","0","0","0","0","0","0","0","0","0","0"
"EUCC - EU Citizen Child","Refused","31/07/2026","Maldives","0","0","0","0","0","0","0","0","0","0"
"EUCC - EU Citizen Child","Refused","31/07/2026","Mali","0","0","0","0","0","0","0","0","0","0"
"EUCC - EU Citizen Child","Refused","31/07/2026","Marshall Islands (the)","0","0","0","0","0","0","0","0","0","0"
"EUCC - EU Citizen Child","Refused","31/07/2026","Martinique","0","0","0","0","0","0","0","0","0","0"
"EUCC - EU Citizen Child","Refused","31/07/2026","Mauritania","0","0","0","0","0","0","0","0","0","0"
"EUCC - EU Citizen Child","Refused","31/07/2026","Mauritius","0","*","0","0","0","0","*","0","0","0"
"EUCC - EU Citizen Child","Refused","31/07/2026","Mayotte","0","0","0","0","0","0","0","0","0","0"
"EUCC - EU Citizen Child","Refused","31/07/2026","Melilla","0","0","0","0","0","0","0","0","0","0"
"EUCC - EU Citizen Child","Refused","31/07/2026","Mexico","0","0","0","0","0","*","0","0","*","0"
"EUCC - EU Citizen Child","Refused","31/07/2026","Micronesia (Federated States of)","0","0","0","0","0","0","0","0","0","0"
"EUCC - EU Citizen Child","Refused","31/07/2026","Moldova (the Republic of)","0","0","0","0","*","0","0","0","*","0"
"EUCC - EU Citizen Child","Refused","31/07/2026","Monaco","0","0","0","0","0","0","0","0","0","0"
"EUCC - EU Citizen Child","Refused","31/07/2026","Mongolia","*","0","0","0","0","0","0","0","0","0"
"EUCC - EU Citizen Child","Refused","31/07/2026","Montenegro","0","0","0","0","0","0","0","0","0","0"
"EUCC - EU Citizen Child","Refused","31/07/2026","Montserrat","0","0","0","0","0","0","0","0","0","0"
"EUCC - EU Citizen Child","Refused","31/07/2026","Morocco","0","0","0","0","0","0","0","0","0","0"
"EUCC - EU Citizen Child","Refused","31/07/2026","Mozambique","0","0","0","0","0","0","0","0","0","0"
"EUCC - EU Citizen Child","Refused","31/07/2026","Myanmar","0","0","0","0","0","0","0","0","0","0"
"EUCC - EU Citizen Child","Refused","31/07/2026","Namibia","0","0","*","0","0","0","0","0","0","0"
"EUCC - EU Citizen Child","Refused","31/07/2026","Nauru","0","0","0","0","0","0","0","0","0","0"
"EUCC - EU Citizen Child","Refused","31/07/2026","Nepal","0","0","0","0","0","0","0","0","0","0"
"EUCC - EU Citizen Child","Refused","31/07/2026","New Caledonia","0","0","0","0","0","0","0","0","0","0"
"EUCC - EU Citizen Child","Refused","31/07/2026","New Zealand","0","0","0","0","0","0","0","0","0","0"
"EUCC - EU Citizen Child","Refused","31/07/2026","Nicaragua","0","0","0","0","0","0","0","0","0","0"
"EUCC - EU Citizen Child","Refused","31/07/2026","Niger (the)","0","0","0","0","0","0","0","0","0","0"
"EUCC - EU Citizen Child","Refused","31/07/2026","Nigeria","*","*","*","*","*","*","0","9","12","*"
"EUCC - EU Citizen Child","Refused","31/07/2026","Niue","0","0","0","0","0","0","0","0","0","0"
"EUCC - EU Citizen Child","Refused","31/07/2026","Norfolk Island","0","0","0","0","0","0","0","0","0","0"
"EUCC - EU Citizen Child","Refused","31/07/2026","North Macedonia","0","0","0","0","0","0","0","0","0","0"
"EUCC - EU Citizen Child","Refused","31/07/2026","Northern Mariana Islands (the)","0","0","0","0","0","0","0","0","0","0"
"EUCC - EU Citizen Child","Refused","31/07/2026","Oman","0","0","0","0","0","0","0","0","0","0"
"EUCC - EU Citizen Child","Refused","31/07/2026","Pakistan","*","6","6","*","0","*","0","*","*","*"
"EUCC - EU Citizen Child","Refused","31/07/2026","Palau","0","0","0","0","0","0","0","0","0","0"
"EUCC - EU Citizen Child","Refused","31/07/2026","Palestine, State of","0","0","0","0","0","0","0","0","0","0"
"EUCC - EU Citizen Child","Refused","31/07/2026","Panama","0","0","0","0","0","0","0","0","0","0"
"EUCC - EU Citizen Child","Refused","31/07/2026","Papua New Guinea","0","0","0","0","0","0","0","0","0","0"
"EUCC - EU Citizen Child","Refused","31/07/2026","Paraguay","0","0","0","0","0","0","0","0","0","0"
"EUCC - EU Citizen Child","Refused","31/07/2026","Peru","0","0","0","0","0","0","0","0","0","0"
"EUCC - EU Citizen Child","Refused","31/07/2026","Philippines (the)","0","0","0","0","0","0","0","0","0","0"
"EUCC - EU Citizen Child","Refused","31/07/2026","Pitcairn","0","0","0","0","0","0","0","0","0","0"
"EUCC - EU Citizen Child","Refused","31/07/2026","Puerto Rico","0","0","0","0","0","0","0","0","0","0"
"EUCC - EU Citizen Child","Refused","31/07/2026","Qatar","0","0","0","0","0","0","0","0","0","0"
"EUCC - EU Citizen Child","Refused","31/07/2026","Réunion","0","0","0","0","0","0","0","0","0","0"
"EUCC - EU Citizen Child","Refused","31/07/2026","Russian Federation (the)","0","0","0","0","0","0","*","0","0","0"
"EUCC - EU Citizen Child","Refused","31/07/2026","Rwanda","0","0","0","0","0","0","0","0","0","0"
"EUCC - EU Citizen Child","Refused","31/07/2026","Saint Barthélemy","0","0","0","0","0","0","0","0","0","0"
"EUCC - EU Citizen Child","Refused","31/07/2026","Saint Helena, Ascension and Tristan da Cunha","0","0","0","0","0","0","0","0","0","0"
"EUCC - EU Citizen Child","Refused","31/07/2026","Saint Kitts and Nevis","0","0","0","0","0","0","0","0","0","0"
"EUCC - EU Citizen Child","Refused","31/07/2026","Saint Lucia","0","0","0","0","0","0","0","0","0","0"
"EUCC - EU Citizen Child","Refused","31/07/2026","Saint Martin (French part)","0","0","0","0","0","0","0","0","0","0"
"EUCC - EU Citizen Child","Refused","31/07/2026","Saint Pierre and Miquelon","0","0","0","0","0","0","0","0","0","0"
"EUCC - EU Citizen Child","Refused","31/07/2026","Saint Vincent and the Grenadines","0","0","0","0","0","0","0","0","0","0"
"EUCC - EU Citizen Child","Refused","31/07/2026","Samoa","0","0","0","0","0","0","0","0","0","0"
"EUCC - EU Citizen Child","Refused","31/07/2026","San Marino","0","0","0","0","0","0","0","0","0","0"
"EUCC - EU Citizen Child","Refused","31/07/2026","Sao Tome and Principe","0","0","0","0","0","0","0","0","0","0"
"EUCC - EU Citizen Child","Refused","31/07/2026","Saudi Arabia","0","0","0","0","0","0","0","0","0","0"
"EUCC - EU Citizen Child","Refused","31/07/2026","Senegal","0","0","0","0","0","0","0","0","0","0"
"EUCC - EU Citizen Child","Refused","31/07/2026","Serbia","0","0","0","0","0","*","0","0","0","*"
"EUCC - EU Citizen Child","Refused","31/07/2026","Seychelles","0","0","0","0","0","0","0","0","0","0"
"EUCC - EU Citizen Child","Refused","31/07/2026","Sierra Leone","0","0","0","0","0","0","0","0","0","0"
"EUCC - EU Citizen Child","Refused","31/07/2026","Singapore","0","0","0","0","0","0","0","0","0","0"
"EUCC - EU Citizen Child","Refused","31/07/2026","Sint Maarten (Dutch part)","0","0","0","0","0","0","0","0","0","0"
"EUCC - EU Citizen Child","Refused","31/07/2026","Solomon Islands","0","0","0","0","0","0","0","0","0","0"
"EUCC - EU Citizen Child","Refused","31/07/2026","Somalia","0","0","0","0","0","0","0","0","0","0"
"EUCC - EU Citizen Child","Refused","31/07/2026","South Africa","0","0","*","0","*","*","*","0","*","0"
"EUCC - EU Citizen Child","Refused","31/07/2026","South Georgia and the South Sandwich Islands","0","0","0","0","0","0","0","0","0","0"
"EUCC - EU Citizen Child","Refused","31/07/2026","South Sudan","0","0","0","0","0","0","0","0","0","0"
"EUCC - EU Citizen Child","Refused","31/07/2026","Sri Lanka","0","0","0","0","0","0","0","0","0","0"
"EUCC - EU Citizen Child","Refused","31/07/2026","Sudan (the)","0","0","0","0","0","0","0","0","0","0"
"EUCC - EU Citizen Child","Refused","31/07/2026","Suriname","0","0","0","0","0","0","0","0","0","0"
"EUCC - EU Citizen Child","Refused","31/07/2026","Svalbard and Jan Mayen","0","0","0","0","0","0","0","0","0","0"
"EUCC - EU Citizen Child","Refused","31/07/2026","Switzerland","0","0","0","0","0","0","0","0","0","0"
"EUCC - EU Citizen Child","Refused","31/07/2026","Syrian Arab Republic (the)","0","0","0","0","0","0","0","0","0","0"
"EUCC - EU Citizen Child","Refused","31/07/2026","Taiwan (Province of China)","0","0","0","0","0","0","0","0","0","0"
"EUCC - EU Citizen Child","Refused","31/07/2026","Tajikistan","0","0","0","0","0","0","0","0","0","0"
"EUCC - EU Citizen Child","Refused","31/07/2026","Tanzania, the United Republic of","0","0","0","*","0","0","0","0","0","0"
"EUCC - EU Citizen Child","Refused","31/07/2026","Thailand","0","0","0","0","0","0","0","0","0","0"
"EUCC - EU Citizen Child","Refused","31/07/2026","Timor-Leste","0","0","0","0","0","0","0","0","0","0"
"EUCC - EU Citizen Child","Refused","31/07/2026","Togo","0","0","0","0","0","0","0","0","0","0"
"EUCC - EU Citizen Child","Refused","31/07/2026","Tokelau","0","0","0","0","0","0","0","0","0","0"
"EUCC - EU Citizen Child","Refused","31/07/2026","Tonga","0","0","0","0","0","0","0","0","0","0"
"EUCC - EU Citizen Child","Refused","31/07/2026","Trinidad and Tobago","0","0","0","0","0","0","0","0","0","0"
"EUCC - EU Citizen Child","Refused","31/07/2026","Tunisia","*","0","0","0","0","0","0","0","0","0"
"EUCC - EU Citizen Child","Refused","31/07/2026","Turkiye","0","0","0","0","0","0","0","0","0","0"
"EUCC - EU Citizen Child","Refused","31/07/2026","Turkmenistan","0","0","0","0","0","0","0","0","0","0"
"EUCC - EU Citizen Child","Refused","31/07/2026","Turks and Caicos Islands (the)","0","0","0","0","0","0","0","0","0","0"
"EUCC - EU Citizen Child","Refused","31/07/2026","Tuvalu","0","0","0","0","0","0","0","0","0","0"
"EUCC - EU Citizen Child","Refused","31/07/2026","Uganda","0","0","0","0","0","0","0","0","0","0"
"EUCC - EU Citizen Child","Refused","31/07/2026","Ukraine","0","0","0","0","0","0","0","0","*","0"
"EUCC - EU Citizen Child","Refused","31/07/2026","United Arab Emirates (the)","0","0","0","0","0","0","0","0","0","0"
"EUCC - EU Citizen Child","Refused","31/07/2026","United States Minor Outlying Islands (the)","0","0","0","0","0","0","0","0","0","0"
"EUCC - EU Citizen Child","Refused","31/07/2026","United States of America (the)","*","*","0","0","0","*","0","0","0","0"
"EUCC - EU Citizen Child","Refused","31/07/2026","Uruguay","0","0","0","0","0","0","0","0","0","0"
"EUCC - EU Citizen Child","Refused","31/07/2026","Uzbekistan","0","0","0","0","0","0","0","0","0","0"
"EUCC - EU Citizen Child","Refused","31/07/2026","Vanuatu","0","0","0","0","0","0","0","0","0","0"
"EUCC - EU Citizen Child","Refused","31/07/2026","Venezuela (Bolivarian Republic of)","0","*","0","*","0","0","0","0","0","0"
"EUCC - EU Citizen Child","Refused","31/07/2026","Viet Nam","0","0","0","0","0","0","0","0","0","0"
"EUCC - EU Citizen Child","Refused","31/07/2026","Virgin Islands (British)","0","0","0","0","0","0","0","0","0","0"
"EUCC - EU Citizen Child","Refused","31/07/2026","Virgin Islands (U.S.)","0","0","0","0","0","0","0","0","0","0"
"EUCC - EU Citizen Child","Refused","31/07/2026","Wallis and Futuna","0","0","0","0","0","0","0","0","0","0"
"EUCC - EU Citizen Child","Refused","31/07/2026","Western Sahara","0","0","0","0","0","0","0","0","0","0"
"EUCC - EU Citizen Child","Refused","31/07/2026","Yemen","0","0","0","0","0","0","0","0","0","0"
"EUCC - EU Citizen Child","Refused","31/07/2026","Zambia","0","0","0","0","0","0","0","0","0","0"
"EUCC - EU Citizen Child","Refused","31/07/2026","Zimbabwe","0","0","0","0","0","0","0","0","0","0"
"EUCC - EU Citizen Child","Refused","31/07/2026","*Other","0","0","0","0","0","0","0","*","0","0"
