"Type","Status","Last Updated","Nationality","2017","2018","2019","2020","2021","2022","2023","2024","2025","2026"
"short term visa applications","Received","31/07/2026","Afghanistan","128","127","178","58","67","189","338","492","416","222"
"short term visa applications","Received","31/07/2026","Åland Islands","0","0","0","0","0","0","0","0","0","0"
"short term visa applications","Received","31/07/2026","Albania","409","528","521","109","159","571","680","554","565","322"
"short term visa applications","Received","31/07/2026","Algeria","371","369","519","102","82","339","608","1330","592","363"
"short term visa applications","Received","31/07/2026","American Samoa","0","0","0","0","0","0","0","0","0","0"
"short term visa applications","Received","31/07/2026","Angola","78","122","79","10","8","88","140","105","90","88"
"short term visa applications","Received","31/07/2026","Anguilla","0","0","0","0","0","0","0","0","0","0"
"short term visa applications","Received","31/07/2026","Antarctica","0","0","0","0","0","0","0","0","0","0"
"short term visa applications","Received","31/07/2026","Armenia","174","164","270","41","27","241","339","309","390","243"
"short term visa applications","Received","31/07/2026","Aruba","0","0","0","0","0","0","0","0","0","0"
"short term visa applications","Received","31/07/2026","Azerbaijan","179","213","237","49","77","207","244","266","234","203"
"short term visa applications","Received","31/07/2026","Bahrain","249","213","252","42","83","196","166","207","269","133"
"short term visa applications","Received","31/07/2026","Bangladesh","627","584","672","111","103","645","1120","1410","1422","934"
"short term visa applications","Received","31/07/2026","Belarus","1423","1509","1484","248","120","433","475","630","661","358"
"short term visa applications","Received","31/07/2026","Benin","18","23","33","*","*","11","28","26","59","17"
"short term visa applications","Received","31/07/2026","Bermuda","0","0","0","0","0","0","0","0","0","0"
"short term visa applications","Received","31/07/2026","Bhutan","13","15","9","*","*","*","*","7","7","*"
"short term visa applications","Received","31/07/2026","Bolivia (Plurinational State of)","0","0","*","0","0","0","44","141","170","84"
"short term visa applications","Received","31/07/2026","Bonaire, Sint Eustatius and Saba","0","0","0","0","0","0","0","0","0","0"
"short term visa applications","Received","31/07/2026","Bosnia and Herzegovina","436","571","462","111","66","347","372","576","361","230"
"short term visa applications","Received","31/07/2026","Botswana","*","*","0","*","*","0","0","88","155","95"
"short term visa applications","Received","31/07/2026","Bouvet Island","0","0","0","0","0","0","0","0","0","0"
"short term visa applications","Received","31/07/2026","Burkina Faso","22","24","21","6","*","18","10","13","27","*"
"short term visa applications","Received","31/07/2026","Burundi","38","24","20","*","*","18","55","91","94","13"
"short term visa applications","Received","31/07/2026","Cabo Verde","8","14","16","*","*","9","6","18","18","7"
"short term visa applications","Received","31/07/2026","Cambodia","55","52","48","11","*","33","78","66","93","59"
"short term visa applications","Received","31/07/2026","Cameroon","244","239","290","46","39","180","293","912","2217","269"
"short term visa applications","Received","31/07/2026","Cayman Islands (the)","0","0","0","0","0","0","0","0","0","0"
"short term visa applications","Received","31/07/2026","Central African Republic (the)","*","9","8","*","0","*","*","*","*","*"
"short term visa applications","Received","31/07/2026","Ceuta","0","0","0","0","0","0","0","0","0","0"
"short term visa applications","Received","31/07/2026","Chad","12","6","11","*","0","*","*","11","20","6"
"short term visa applications","Received","31/07/2026","China","13693","17028","19320","1391","713","3657","11624","12821","11435","7926"
"short term visa applications","Received","31/07/2026","Christmas Island","0","0","0","0","0","0","0","0","0","0"
"short term visa applications","Received","31/07/2026","Cocos (Keeling) Islands (the)","0","0","0","0","0","0","0","0","0","0"
"short term visa applications","Received","31/07/2026","Colombia","1312","1407","1532","221","159","979","1384","1676","1366","1149"
"short term visa applications","Received","31/07/2026","Comoros (the)","19","6","6","0","*","11","8","11","*","*"
"short term visa applications","Received","31/07/2026","Congo (the Democratic Republic of the)","346","421","224","72","23","244","301","352","460","255"
"short term visa applications","Received","31/07/2026","Congo (the)","36","29","31","14","*","16","32","50","46","30"
"short term visa applications","Received","31/07/2026","Cook Islands (the)","0","0","0","0","0","0","0","0","0","0"
"short term visa applications","Received","31/07/2026","Côte d'Ivoire","58","72","58","23","8","70","47","78","145","82"
"short term visa applications","Received","31/07/2026","Cuba","95","142","265","11","9","81","62","69","54","43"
"short term visa applications","Received","31/07/2026","Curaçao","0","0","0","0","0","0","0","0","0","0"
"short term visa applications","Received","31/07/2026","Djibouti","15","8","9","*","*","8","7","7","16","*"
"short term visa applications","Received","31/07/2026","Dominica","0","0","0","0","0","0","0","57","69","39"
"short term visa applications","Received","31/07/2026","Dominican Republic (the)","94","132","119","23","16","105","196","144","212","96"
"short term visa applications","Received","31/07/2026","Ecuador","266","302","348","47","18","170","275","317","332","217"
"short term visa applications","Received","31/07/2026","Egypt","1688","1893","2066","392","250","1387","1838","2164","2183","1335"
"short term visa applications","Received","31/07/2026","Equatorial Guinea","*","*","7","0","0","*","*","*","6","*"
"short term visa applications","Received","31/07/2026","Eritrea","30","43","49","10","8","60","53","44","61","28"
"short term visa applications","Received","31/07/2026","Eswatini","*","*","*","0","*","0","0","0","134","98"
"short term visa applications","Received","31/07/2026","Ethiopia","298","377","320","34","55","269","371","352","412","223"
"short term visa applications","Received","31/07/2026","Falkland Islands (the) [Malvinas]","0","0","0","0","0","0","0","0","0","0"
"short term visa applications","Received","31/07/2026","Faroe Islands (the)","0","0","0","0","*","0","0","0","0","0"
"short term visa applications","Received","31/07/2026","French Guiana","0","0","0","0","0","0","0","0","0","0"
"short term visa applications","Received","31/07/2026","French Polynesia","0","0","0","0","0","0","0","0","0","0"
"short term visa applications","Received","31/07/2026","Gabon","12","19","24","*","0","7","6","17","16","7"
"short term visa applications","Received","31/07/2026","Gambia (the)","44","30","38","12","11","83","61","61","66","37"
"short term visa applications","Received","31/07/2026","Georgia","489","390","557","137","116","644","645","635","560","376"
"short term visa applications","Received","31/07/2026","Ghana","537","600","572","121","139","610","667","1144","1195","589"
"short term visa applications","Received","31/07/2026","Gibraltar","0","0","0","0","0","0","0","0","0","0"
"short term visa applications","Received","31/07/2026","Greenland","0","0","0","0","0","0","0","0","0","0"
"short term visa applications","Received","31/07/2026","Guadeloupe","0","0","0","0","0","0","0","0","0","0"
"short term visa applications","Received","31/07/2026","Guam","0","0","0","0","0","0","0","0","0","0"
"short term visa applications","Received","31/07/2026","Guernsey","0","0","0","0","0","0","0","0","0","0"
"short term visa applications","Received","31/07/2026","Guinea","46","31","40","12","8","27","48","65","125","27"
"short term visa applications","Received","31/07/2026","Guinea-Bissau","6","6","*","*","0","*","7","0","*","*"
"short term visa applications","Received","31/07/2026","Haiti","42","74","21","7","*","8","25","20","10","18"
"short term visa applications","Received","31/07/2026","Heard Island and McDonald Islands","0","0","0","0","0","0","0","0","0","0"
"short term visa applications","Received","31/07/2026","Honduras","0","0","*","0","0","0","0","91","85","57"
"short term visa applications","Received","31/07/2026","India","18570","21831","24305","5190","4173","24347","35068","41905","48187","32958"
"short term visa applications","Received","31/07/2026","Indonesia","2660","3175","3457","581","172","731","970","1066","1179","875"
"short term visa applications","Received","31/07/2026","Iran (Islamic Republic of)","923","945","765","160","155","700","923","761","810","403"
"short term visa applications","Received","31/07/2026","Iraq","294","257","274","38","50","494","458","565","326","162"
"short term visa applications","Received","31/07/2026","Isle of Man","0","0","0","0","0","0","0","0","0","0"
"short term visa applications","Received","31/07/2026","Jamaica","178","191","182","22","28","114","153","168","120","95"
"short term visa applications","Received","31/07/2026","Jersey","0","0","0","0","0","0","0","0","0","0"
"short term visa applications","Received","31/07/2026","Jordan","698","860","842","167","135","782","772","800","1017","620"
"short term visa applications","Received","31/07/2026","Kazakhstan","449","501","414","93","57","250","368","376","341","245"
"short term visa applications","Received","31/07/2026","Kenya","682","816","678","132","121","748","905","1189","1564","928"
"short term visa applications","Received","31/07/2026","Korea (the Democratic People's Republic of) North Korea","*","*","0","0","0","0","0","0","0","0"
"short term visa applications","Received","31/07/2026","Kosovo","257","207","197","41","42","197","177","354","300","144"
"short term visa applications","Received","31/07/2026","Kuwait","1053","1184","1225","180","568","1032","983","1134","1119","494"
"short term visa applications","Received","31/07/2026","Kyrgyzstan","98","61","63","22","10","51","49","75","97","45"
"short term visa applications","Received","31/07/2026","Lao People's Democratic Republic (the)","16","18","9","10","0","15","20","12","22","10"
"short term visa applications","Received","31/07/2026","Lebanon","999","1038","1067","187","132","664","806","923","914","632"
"short term visa applications","Received","31/07/2026","Lesotho","0","0","0","0","0","0","0","0","25","11"
"short term visa applications","Received","31/07/2026","Liberia","32","32","27","7","0","47","43","59","67","53"
"short term visa applications","Received","31/07/2026","Libya","86","101","135","29","19","67","67","94","72","48"
"short term visa applications","Received","31/07/2026","Macao","0","0","0","0","0","0","0","0","0","0"
"short term visa applications","Received","31/07/2026","Madagascar","39","29","29","17","*","29","32","28","20","18"
"short term visa applications","Received","31/07/2026","Malawi","245","265","276","41","45","394","426","644","647","267"
"short term visa applications","Received","31/07/2026","Mali","34","15","27","*","0","18","33","24","44","10"
"short term visa applications","Received","31/07/2026","Marshall Islands (the)","0","0","*","0","0","*","0","*","0","*"
"short term visa applications","Received","31/07/2026","Martinique","0","0","0","0","0","0","0","0","0","0"
"short term visa applications","Received","31/07/2026","Mauritania","*","6","7","0","*","7","8","*","9","6"
"short term visa applications","Received","31/07/2026","Mauritius","333","275","377","61","41","281","324","393","471","297"
"short term visa applications","Received","31/07/2026","Mayotte","0","0","0","0","0","0","0","0","0","0"
"short term visa applications","Received","31/07/2026","Melilla","0","0","0","0","0","0","0","0","0","0"
"short term visa applications","Received","31/07/2026","Micronesia (Federated States of)","*","*","*","0","0","*","*","*","*","0"
"short term visa applications","Received","31/07/2026","Moldova (the Republic of)","499","628","720","228","181","569","830","769","636","366"
"short term visa applications","Received","31/07/2026","Mongolia","257","359","348","35","46","260","345","425","438","232"
"short term visa applications","Received","31/07/2026","Montenegro","93","97","171","20","8","102","84","115","112","120"
"short term visa applications","Received","31/07/2026","Montserrat","0","0","0","0","0","0","0","0","0","0"
"short term visa applications","Received","31/07/2026","Morocco","810","998","1138","196","139","668","763","948","952","894"
"short term visa applications","Received","31/07/2026","Mozambique","59","39","42","6","*","52","55","62","78","38"
"short term visa applications","Received","31/07/2026","Myanmar","75","106","108","11","7","70","74","113","184","64"
"short term visa applications","Received","31/07/2026","Namibia","67","99","90","17","7","69","85","136","146","56"
"short term visa applications","Received","31/07/2026","Nauru","0","0","0","0","0","0","0","0","*","0"
"short term visa applications","Received","31/07/2026","Nepal","313","289","331","62","63","338","420","556","552","385"
"short term visa applications","Received","31/07/2026","New Caledonia","0","0","0","0","0","0","0","0","0","0"
"short term visa applications","Received","31/07/2026","Niger (the)","8","8","7","*","0","*","6","9","*","6"
"short term visa applications","Received","31/07/2026","Nigeria","5128","5683","6527","1234","1250","6186","5946","7160","7748","4346"
"short term visa applications","Received","31/07/2026","Niue","0","0","0","0","0","0","0","0","0","0"
"short term visa applications","Received","31/07/2026","Norfolk Island","0","0","0","0","0","0","0","0","0","0"
"short term visa applications","Received","31/07/2026","North Macedonia","368","441","420","98","70","283","272","282","336","287"
"short term visa applications","Received","31/07/2026","Northern Mariana Islands (the)","0","0","0","0","0","0","0","0","0","0"
"short term visa applications","Received","31/07/2026","Oman","579","652","477","41","121","339","336","470","451","333"
"short term visa applications","Received","31/07/2026","Pakistan","3578","5251","3333","760","709","4258","6352","10444","9354","4505"
"short term visa applications","Received","31/07/2026","Palau","*","0","13","*","0","*","*","*","0","0"
"short term visa applications","Received","31/07/2026","Palestine, State of","333","376","400","58","52","296","314","455","588","228"
"short term visa applications","Received","31/07/2026","Papua New Guinea","7","9","12","*","0","10","7","9","8","*"
"short term visa applications","Received","31/07/2026","Peru","534","524","605","108","40","321","450","503","493","348"
"short term visa applications","Received","31/07/2026","Philippines (the)","3621","3886","4201","852","477","2740","3413","3735","3971","2691"
"short term visa applications","Received","31/07/2026","Pitcairn","0","0","0","0","0","0","0","0","0","0"
"short term visa applications","Received","31/07/2026","Puerto Rico","0","0","0","0","0","0","0","0","0","0"
"short term visa applications","Received","31/07/2026","Qatar","48","67","78","11","80","71","67","102","81","169"
"short term visa applications","Received","31/07/2026","Réunion","0","0","0","0","0","0","0","0","0","0"
"short term visa applications","Received","31/07/2026","Russian Federation (the)","13414","13989","17707","3046","1152","3164","3279","3515","4469","2377"
"short term visa applications","Received","31/07/2026","Rwanda","66","72","49","10","8","60","69","67","99","44"
"short term visa applications","Received","31/07/2026","Saint Barthélemy","0","0","0","0","0","0","0","0","0","0"
"short term visa applications","Received","31/07/2026","Saint Martin (French part)","0","0","0","0","0","0","0","0","0","0"
"short term visa applications","Received","31/07/2026","Saint Pierre and Miquelon","0","0","0","0","0","0","0","0","0","0"
"short term visa applications","Received","31/07/2026","Sao Tome and Principe","0","7","0","0","*","*","*","*","*","*"
"short term visa applications","Received","31/07/2026","Saudi Arabia","2990","2817","2442","312","359","1209","1100","1514","1744","970"
"short term visa applications","Received","31/07/2026","Senegal","73","74","117","20","8","66","73","186","197","104"
"short term visa applications","Received","31/07/2026","Serbia","1460","1309","1406","309","323","1016","1315","1231","1066","701"
"short term visa applications","Received","31/07/2026","Sierra Leone","104","127","127","32","16","203","166","168","208","140"
"short term visa applications","Received","31/07/2026","Sint Maarten (Dutch part)","0","0","0","0","0","0","0","0","0","0"
"short term visa applications","Received","31/07/2026","Somalia","35","70","87","41","34","128","201","304","499","604"
"short term visa applications","Received","31/07/2026","South Africa","7","0","*","*","178","0","0","6020","11229","5383"
"short term visa applications","Received","31/07/2026","South Georgia and the South Sandwich Islands","0","0","0","0","0","0","0","0","0","0"
"short term visa applications","Received","31/07/2026","South Sudan","0","13","10","0","*","8","19","11","17","*"
"short term visa applications","Received","31/07/2026","Sri Lanka","763","717","886","184","101","569","749","1019","1044","736"
"short term visa applications","Received","31/07/2026","Sudan (the)","1236","1539","1590","230","334","1410","968","822","828","412"
"short term visa applications","Received","31/07/2026","Suriname","*","*","6","0","0","*","*","*","*","*"
"short term visa applications","Received","31/07/2026","Svalbard and Jan Mayen","0","0","0","0","0","0","0","0","0","0"
"short term visa applications","Received","31/07/2026","Syrian Arab Republic (the)","339","434","622","68","97","394","378","488","378","206"
"short term visa applications","Received","31/07/2026","Tajikistan","11","21","30","6","6","22","22","46","37","8"
"short term visa applications","Received","31/07/2026","Tanzania, the United Republic of","203","315","159","43","45","219","380","361","456","277"
"short term visa applications","Received","31/07/2026","Thailand","1499","1517","1382","315","189","964","1149","1402","1188","828"
"short term visa applications","Received","31/07/2026","Timor-Leste","*","*","*","*","*","6","10","12","11","7"
"short term visa applications","Received","31/07/2026","Togo","36","31","33","*","*","39","24","127","163","46"
"short term visa applications","Received","31/07/2026","Tokelau","0","0","0","0","0","0","0","0","0","0"
"short term visa applications","Received","31/07/2026","Trinidad and Tobago","*","0","0","0","0","0","0","0","242","169"
"short term visa applications","Received","31/07/2026","Tunisia","352","366","399","83","75","341","386","551","383","276"
"short term visa applications","Received","31/07/2026","Turkiye","4493","4533","4435","900","791","3590","4862","5559","5518","3649"
"short term visa applications","Received","31/07/2026","Turkmenistan","15","14","8","*","*","12","14","6","9","10"
"short term visa applications","Received","31/07/2026","Turks and Caicos Islands (the)","0","0","0","0","0","0","0","0","0","0"
"short term visa applications","Received","31/07/2026","Uganda","344","485","484","96","65","560","694","552","648","316"
"short term visa applications","Received","31/07/2026","United Kingdom of Great Britain and Northern Ireland (the)","7","*","8","*","*","*","14","*","8","*"
"short term visa applications","Received","31/07/2026","United States Minor Outlying Islands (the)","0","0","0","0","0","0","0","0","0","0"
"short term visa applications","Received","31/07/2026","Uzbekistan","136","73","87","16","11","97","73","91","136","96"
"short term visa applications","Received","31/07/2026","Vanuatu","0","0","0","0","0","0","0","15","13","15"
"short term visa applications","Received","31/07/2026","Venezuela (Bolivarian Republic of)","547","565","525","74","71","373","455","462","489","296"
"short term visa applications","Received","31/07/2026","Viet Nam","812","942","935","146","52","585","790","1069","1008","538"
"short term visa applications","Received","31/07/2026","Virgin Islands (British)","0","0","0","0","0","0","0","0","0","0"
"short term visa applications","Received","31/07/2026","Virgin Islands (U.S.)","0","0","0","0","0","0","0","0","0","0"
"short term visa applications","Received","31/07/2026","Wallis and Futuna","0","0","0","0","0","0","0","0","0","0"
"short term visa applications","Received","31/07/2026","Western Sahara","0","0","0","0","0","0","0","0","0","0"
"short term visa applications","Received","31/07/2026","Yemen","124","131","117","13","34","105","89","86","110","62"
"short term visa applications","Received","31/07/2026","Zambia","240","242","215","52","33","175","330","420","374","243"
"short term visa applications","Received","31/07/2026","Zimbabwe","592","763","675","128","172","566","921","1162","1296","655"
"short term visa applications","Received","31/07/2026","*Other","4642","4245","5202","1009","820","557","295","242","256","173"
"short term visa applications","Granted","31/07/2026","Afghanistan","41","37","96","22","31","134","207","261","181","87"
"short term visa applications","Granted","31/07/2026","Åland Islands","0","0","0","0","0","0","0","0","0","0"
"short term visa applications","Granted","31/07/2026","Albania","322","397","429","50","114","494","488","286","302","195"
"short term visa applications","Granted","31/07/2026","Algeria","242","256","361","67","33","170","324","353","286","219"
"short term visa applications","Granted","31/07/2026","American Samoa","0","0","0","0","0","0","0","0","0","0"
"short term visa applications","Granted","31/07/2026","Angola","48","66","51","8","6","48","67","51","50","48"
"short term visa applications","Granted","31/07/2026","Anguilla","0","0","0","0","0","0","0","0","0","0"
"short term visa applications","Granted","31/07/2026","Antarctica","0","0","0","0","0","0","0","0","0","0"
"short term visa applications","Granted","31/07/2026","Armenia","168","158","268","33","25","230","324","291","382","204"
"short term visa applications","Granted","31/07/2026","Aruba","0","0","0","0","0","0","0","0","0","0"
"short term visa applications","Granted","31/07/2026","Azerbaijan","170","198","220","37","73","188","216","245","216","178"
"short term visa applications","Granted","31/07/2026","Bahrain","244","211","241","42","76","191","157","188","267","114"
"short term visa applications","Granted","31/07/2026","Bangladesh","400","434","467","68","68","473","673","823","899","524"
"short term visa applications","Granted","31/07/2026","Belarus","1379","1421","1414","222","110","387","449","604","542","217"
"short term visa applications","Granted","31/07/2026","Benin","18","17","26","*","0","*","11","9","21","8"
"short term visa applications","Granted","31/07/2026","Bermuda","0","0","0","0","0","0","0","0","0","0"
"short term visa applications","Granted","31/07/2026","Bhutan","12","13","8","*","0","*","*","*","8","*"
"short term visa applications","Granted","31/07/2026","Bolivia (Plurinational State of)","0","0","0","0","0","0","25","110","130","67"
"short term visa applications","Granted","31/07/2026","Bonaire, Sint Eustatius and Saba","0","0","0","0","0","0","0","0","0","0"
"short term visa applications","Granted","31/07/2026","Bosnia and Herzegovina","406","526","386","110","60","320","344","527","327","212"
"short term visa applications","Granted","31/07/2026","Botswana","*","*","0","0","*","0","0","42","96","42"
"short term visa applications","Granted","31/07/2026","Bouvet Island","0","0","0","0","0","0","0","0","0","0"
"short term visa applications","Granted","31/07/2026","Burkina Faso","19","20","18","*","*","14","8","10","13","*"
"short term visa applications","Granted","31/07/2026","Burundi","32","19","18","0","*","7","9","13","7","6"
"short term visa applications","Granted","31/07/2026","Cabo Verde","8","13","16","*","*","7","6","11","14","6"
"short term visa applications","Granted","31/07/2026","Cambodia","52","41","41","14","*","31","70","53","81","56"
"short term visa applications","Granted","31/07/2026","Cameroon","166","151","138","37","26","100","158","207","163","86"
"short term visa applications","Granted","31/07/2026","Cayman Islands (the)","0","0","0","0","0","0","0","0","0","0"
"short term visa applications","Granted","31/07/2026","Central African Republic (the)","*","9","*","0","0","*","*","*","0","*"
"short term visa applications","Granted","31/07/2026","Ceuta","0","0","0","0","0","0","0","0","0","0"
"short term visa applications","Granted","31/07/2026","Chad","9","*","9","*","0","*","*","6","*","*"
"short term visa applications","Granted","31/07/2026","China","13055","16124","18468","1469","602","3385","10469","12267","10467","7289"
"short term visa applications","Granted","31/07/2026","Christmas Island","0","0","0","0","0","0","0","0","0","0"
"short term visa applications","Granted","31/07/2026","Cocos (Keeling) Islands (the)","0","0","0","0","0","0","0","0","0","0"
"short term visa applications","Granted","31/07/2026","Colombia","1272","1368","1462","174","129","918","1298","1624","1253","971"
"short term visa applications","Granted","31/07/2026","Comoros (the)","17","*","*","0","*","*","*","*","*","*"
"short term visa applications","Granted","31/07/2026","Congo (the Democratic Republic of the)","213","136","116","13","14","98","132","140","124","73"
"short term visa applications","Granted","31/07/2026","Congo (the)","17","7","16","12","0","12","18","20","11","6"
"short term visa applications","Granted","31/07/2026","Cook Islands (the)","0","0","0","0","0","0","0","0","0","0"
"short term visa applications","Granted","31/07/2026","Côte d'Ivoire","48","55","38","21","*","45","34","39","44","45"
"short term visa applications","Granted","31/07/2026","Cuba","84","136","259","7","7","56","45","48","46","27"
"short term visa applications","Granted","31/07/2026","Curaçao","0","0","0","0","0","0","0","0","0","0"
"short term visa applications","Granted","31/07/2026","Djibouti","10","8","6","0","0","7","*","*","*","*"
"short term visa applications","Granted","31/07/2026","Dominica","0","0","0","0","0","0","0","44","35","38"
"short term visa applications","Granted","31/07/2026","Dominican Republic (the)","89","124","113","16","12","98","173","120","201","78"
"short term visa applications","Granted","31/07/2026","Ecuador","247","291","313","34","8","150","234","325","282","179"
"short term visa applications","Granted","31/07/2026","Egypt","1452","1650","1817","340","210","1171","1585","1801","1782","1174"
"short term visa applications","Granted","31/07/2026","Equatorial Guinea","*","0","*","0","0","*","*","0","0","*"
"short term visa applications","Granted","31/07/2026","Eritrea","18","21","18","*","*","36","35","23","28","18"
"short term visa applications","Granted","31/07/2026","Eswatini","*","0","0","0","0","0","0","0","65","52"
"short term visa applications","Granted","31/07/2026","Ethiopia","237","292","254","20","33","176","248","228","225","108"
"short term visa applications","Granted","31/07/2026","Falkland Islands (the) [Malvinas]","0","0","0","0","0","0","0","0","0","0"
"short term visa applications","Granted","31/07/2026","Faroe Islands (the)","0","0","0","0","0","0","0","0","0","0"
"short term visa applications","Granted","31/07/2026","French Guiana","0","0","0","0","0","0","0","0","0","0"
"short term visa applications","Granted","31/07/2026","French Polynesia","0","0","0","0","0","0","0","0","0","0"
"short term visa applications","Granted","31/07/2026","Gabon","10","13","21","*","0","6","*","16","11","*"
"short term visa applications","Granted","31/07/2026","Gambia (the)","24","31","13","13","13","17","16","25","16","12"
"short term visa applications","Granted","31/07/2026","Georgia","325","300","451","108","88","445","519","540","447","299"
"short term visa applications","Granted","31/07/2026","Ghana","314","370","346","64","68","280","359","511","501","241"
"short term visa applications","Granted","31/07/2026","Gibraltar","0","0","0","0","0","0","0","0","0","0"
"short term visa applications","Granted","31/07/2026","Greenland","0","0","0","0","0","0","0","0","0","0"
"short term visa applications","Granted","31/07/2026","Guadeloupe","0","0","0","0","0","0","0","0","0","0"
"short term visa applications","Granted","31/07/2026","Guam","0","0","0","0","0","0","0","0","0","0"
"short term visa applications","Granted","31/07/2026","Guernsey","0","0","0","0","0","0","0","0","0","0"
"short term visa applications","Granted","31/07/2026","Guinea","19","20","28","*","7","14","24","33","18","13"
"short term visa applications","Granted","31/07/2026","Guinea-Bissau","*","*","*","*","*","*","6","*","*","*"
"short term visa applications","Granted","31/07/2026","Haiti","42","69","21","*","*","*","21","19","8","12"
"short term visa applications","Granted","31/07/2026","Heard Island and McDonald Islands","0","0","0","0","0","0","0","0","0","0"
"short term visa applications","Granted","31/07/2026","Honduras","0","0","*","0","0","0","0","82","59","48"
"short term visa applications","Granted","31/07/2026","India","17544","19704","23262","5076","3384","22756","32801","39942","44820","26927"
"short term visa applications","Granted","31/07/2026","Indonesia","2599","3086","3382","470","150","678","903","1013","1071","773"
"short term visa applications","Granted","31/07/2026","Iran (Islamic Republic of)","722","721","634","119","83","574","731","499","523","347"
"short term visa applications","Granted","31/07/2026","Iraq","133","152","150","26","31","277","316","276","170","89"
"short term visa applications","Granted","31/07/2026","Isle of Man","0","0","0","0","0","0","0","0","0","0"
"short term visa applications","Granted","31/07/2026","Jamaica","142","159","149","10","14","93","127","123","95","84"
"short term visa applications","Granted","31/07/2026","Jersey","0","0","0","0","0","0","0","0","0","0"
"short term visa applications","Granted","31/07/2026","Jordan","623","747","725","119","97","596","702","645","829","471"
"short term visa applications","Granted","31/07/2026","Kazakhstan","422","469","388","67","51","219","359","367","264","100"
"short term visa applications","Granted","31/07/2026","Kenya","600","743","618","112","87","620","713","821","952","470"
"short term visa applications","Granted","31/07/2026","Korea (the Democratic People's Republic of) North Korea","*","*","0","0","0","0","0","0","0","0"
"short term visa applications","Granted","31/07/2026","Kosovo","228","176","175","23","26","179","149","288","272","141"
"short term visa applications","Granted","31/07/2026","Kuwait","1029","1128","1070","146","500","1000","918","940","1143","454"
"short term visa applications","Granted","31/07/2026","Kyrgyzstan","64","55","47","17","10","44","42","64","80","31"
"short term visa applications","Granted","31/07/2026","Lao People's Democratic Republic (the)","16","17","7","9","0","13","16","9","19","11"
"short term visa applications","Granted","31/07/2026","Lebanon","947","980","1004","168","99","572","767","715","872","526"
"short term visa applications","Granted","31/07/2026","Lesotho","0","0","0","0","0","0","0","0","16","*"
"short term visa applications","Granted","31/07/2026","Liberia","22","20","14","*","0","20","20","32","34","24"
"short term visa applications","Granted","31/07/2026","Libya","31","45","98","10","10","48","41","45","32","26"
"short term visa applications","Granted","31/07/2026","Macao","0","0","0","0","0","0","0","0","0","0"
"short term visa applications","Granted","31/07/2026","Madagascar","21","26","28","9","*","23","30","23","19","18"
"short term visa applications","Granted","31/07/2026","Malawi","152","151","206","23","28","192","269","329","228","99"
"short term visa applications","Granted","31/07/2026","Mali","32","11","25","*","0","14","22","20","15","7"
"short term visa applications","Granted","31/07/2026","Marshall Islands (the)","0","0","*","0","0","*","0","*","0","*"
"short term visa applications","Granted","31/07/2026","Martinique","0","0","0","0","0","0","0","0","0","0"
"short term visa applications","Granted","31/07/2026","Mauritania","*","*","7","0","*","*","*","*","6","*"
"short term visa applications","Granted","31/07/2026","Mauritius","261","244","338","36","32","238","297","373","448","233"
"short term visa applications","Granted","31/07/2026","Mayotte","0","0","0","0","0","0","0","0","0","0"
"short term visa applications","Granted","31/07/2026","Melilla","0","0","0","0","0","0","0","0","0","0"
"short term visa applications","Granted","31/07/2026","Micronesia (Federated States of)","*","*","*","0","0","*","*","0","*","0"
"short term visa applications","Granted","31/07/2026","Moldova (the Republic of)","466","583","602","167","130","515","771","689","620","274"
"short term visa applications","Granted","31/07/2026","Mongolia","177","254","255","30","28","195","283","365","317","174"
"short term visa applications","Granted","31/07/2026","Montenegro","94","88","172","7","7","99","84","105","112","111"
"short term visa applications","Granted","31/07/2026","Montserrat","0","0","0","0","0","0","0","0","0","0"
"short term visa applications","Granted","31/07/2026","Morocco","704","880","946","144","94","534","671","759","768","801"
"short term visa applications","Granted","31/07/2026","Mozambique","50","29","35","*","*","48","52","56","77","26"
"short term visa applications","Granted","31/07/2026","Myanmar","69","93","95","*","*","49","62","83","94","50"
"short term visa applications","Granted","31/07/2026","Namibia","66","98","86","19","6","55","81","100","126","43"
"short term visa applications","Granted","31/07/2026","Nauru","0","0","0","0","0","0","0","0","*","0"
"short term visa applications","Granted","31/07/2026","Nepal","237","240","261","50","34","281","318","467","446","261"
"short term visa applications","Granted","31/07/2026","New Caledonia","0","0","0","0","0","0","0","0","0","0"
"short term visa applications","Granted","31/07/2026","Niger (the)","6","*","8","*","0","*","*","6","*","*"
"short term visa applications","Granted","31/07/2026","Nigeria","2926","3543","3000","572","556","3040","3689","4254","4364","2176"
"short term visa applications","Granted","31/07/2026","Niue","0","0","0","0","0","0","0","0","0","0"
"short term visa applications","Granted","31/07/2026","Norfolk Island","0","0","0","0","0","0","0","0","0","0"
"short term visa applications","Granted","31/07/2026","North Macedonia","361","433","402","79","52","230","266","251","318","234"
"short term visa applications","Granted","31/07/2026","Northern Mariana Islands (the)","0","0","0","0","0","0","0","0","0","0"
"short term visa applications","Granted","31/07/2026","Oman","573","653","459","32","105","334","307","433","441","306"
"short term visa applications","Granted","31/07/2026","Pakistan","1961","2221","2183","476","414","2483","3509","4112","3625","2217"
"short term visa applications","Granted","31/07/2026","Palau","*","0","13","*","0","*","*","*","0","0"
"short term visa applications","Granted","31/07/2026","Palestine, State of","243","269","247","33","25","202","245","266","263","117"
"short term visa applications","Granted","31/07/2026","Papua New Guinea","7","9","12","*","0","8","9","6","7","*"
"short term visa applications","Granted","31/07/2026","Peru","524","501","551","77","27","293","424","478","445","274"
"short term visa applications","Granted","31/07/2026","Philippines (the)","3065","3346","3426","671","377","2336","2985","3284","3441","2150"
"short term visa applications","Granted","31/07/2026","Pitcairn","0","0","0","0","0","0","0","0","0","0"
"short term visa applications","Granted","31/07/2026","Puerto Rico","0","0","0","0","0","0","0","0","0","0"
"short term visa applications","Granted","31/07/2026","Qatar","46","51","71","*","75","64","49","87","84","156"
"short term visa applications","Granted","31/07/2026","Réunion","0","0","0","0","0","0","0","0","0","0"
"short term visa applications","Granted","31/07/2026","Russian Federation (the)","13101","13374","17191","2687","1041","2594","3014","3258","3623","1128"
"short term visa applications","Granted","31/07/2026","Rwanda","56","60","42","7","*","45","51","44","57","21"
"short term visa applications","Granted","31/07/2026","Saint Barthélemy","0","0","0","0","0","0","0","0","0","0"
"short term visa applications","Granted","31/07/2026","Saint Martin (French part)","0","0","0","0","0","0","0","0","0","0"
"short term visa applications","Granted","31/07/2026","Saint Pierre and Miquelon","0","0","0","0","0","0","0","0","0","0"
"short term visa applications","Granted","31/07/2026","Sao Tome and Principe","0","*","0","0","*","*","*","0","*","*"
"short term visa applications","Granted","31/07/2026","Saudi Arabia","2881","2772","2362","303","331","1163","1061","1356","1574","931"
"short term visa applications","Granted","31/07/2026","Senegal","61","60","105","10","*","46","57","94","116","62"
"short term visa applications","Granted","31/07/2026","Serbia","1402","1258","1366","222","306","990","1230","1100","839","616"
"short term visa applications","Granted","31/07/2026","Sierra Leone","46","90","69","16","8","117","71","58","99","80"
"short term visa applications","Granted","31/07/2026","Sint Maarten (Dutch part)","0","0","0","0","0","0","0","0","0","0"
"short term visa applications","Granted","31/07/2026","Somalia","7","24","36","*","10","50","70","68","182","125"
"short term visa applications","Granted","31/07/2026","South Africa","*","0","0","0","122","0","0","5200","10530","4212"
"short term visa applications","Granted","31/07/2026","South Georgia and the South Sandwich Islands","0","0","0","0","0","0","0","0","0","0"
"short term visa applications","Granted","31/07/2026","South Sudan","0","8","10","0","*","8","9","8","12","*"
"short term visa applications","Granted","31/07/2026","Sri Lanka","704","592","709","147","81","460","666","902","821","559"
"short term visa applications","Granted","31/07/2026","Sudan (the)","750","878","772","70","144","789","505","439","421","191"
"short term visa applications","Granted","31/07/2026","Suriname","*","*","6","0","0","*","*","*","*","*"
"short term visa applications","Granted","31/07/2026","Svalbard and Jan Mayen","0","0","0","0","0","0","0","0","0","0"
"short term visa applications","Granted","31/07/2026","Syrian Arab Republic (the)","223","296","288","42","36","230","262","294","228","147"
"short term visa applications","Granted","31/07/2026","Tajikistan","9","16","20","*","*","18","17","44","18","7"
"short term visa applications","Granted","31/07/2026","Tanzania, the United Republic of","169","245","127","28","29","164","217","203","243","171"
"short term visa applications","Granted","31/07/2026","Thailand","1368","1398","1265","218","148","913","1075","1147","959","700"
"short term visa applications","Granted","31/07/2026","Timor-Leste","*","*","*","*","0","7","*","8","*","*"
"short term visa applications","Granted","31/07/2026","Togo","17","28","25","*","*","26","18","19","12","12"
"short term visa applications","Granted","31/07/2026","Tokelau","0","0","0","0","0","0","0","0","0","0"
"short term visa applications","Granted","31/07/2026","Trinidad and Tobago","*","0","0","0","0","0","0","0","234","149"
"short term visa applications","Granted","31/07/2026","Tunisia","299","322","334","67","48","234","319","416","353","233"
"short term visa applications","Granted","31/07/2026","Turkiye","4393","4336","4090","830","571","3281","4041","4795","4846","2917"
"short term visa applications","Granted","31/07/2026","Turkmenistan","13","13","*","0","*","11","11","*","9","9"
"short term visa applications","Granted","31/07/2026","Turks and Caicos Islands (the)","0","0","0","0","0","0","0","0","0","0"
"short term visa applications","Granted","31/07/2026","Uganda","288","331","350","60","42","296","310","332","265","118"
"short term visa applications","Granted","31/07/2026","United Kingdom of Great Britain and Northern Ireland (the)","7","*","*","*","*","*","12","*","6","*"
"short term visa applications","Granted","31/07/2026","United States Minor Outlying Islands (the)","0","0","0","0","0","0","0","0","0","0"
"short term visa applications","Granted","31/07/2026","Uzbekistan","88","59","81","11","9","84","65","83","79","35"
"short term visa applications","Granted","31/07/2026","Vanuatu","0","0","0","0","0","0","0","7","11","6"
"short term visa applications","Granted","31/07/2026","Venezuela (Bolivarian Republic of)","522","523","461","54","52","316","416","426","419","233"
"short term visa applications","Granted","31/07/2026","Viet Nam","734","815","865","93","34","497","665","959","860","470"
"short term visa applications","Granted","31/07/2026","Virgin Islands (British)","0","0","0","0","0","0","0","0","0","0"
"short term visa applications","Granted","31/07/2026","Virgin Islands (U.S.)","0","0","0","0","0","0","0","0","0","0"
"short term visa applications","Granted","31/07/2026","Wallis and Futuna","0","0","0","0","0","0","0","0","0","0"
"short term visa applications","Granted","31/07/2026","Western Sahara","0","0","0","0","0","0","0","0","0","0"
"short term visa applications","Granted","31/07/2026","Yemen","35","50","54","6","12","47","51","43","61","31"
"short term visa applications","Granted","31/07/2026","Zambia","209","200","161","48","20","114","251","226","232","146"
"short term visa applications","Granted","31/07/2026","Zimbabwe","468","576","494","80","138","417","625","790","766","380"
"short term visa applications","Granted","31/07/2026","*Other","4226","3782","4507","866","712","520","270","212","211","137"
"short term visa applications","Refused","31/07/2026","Afghanistan","480","433","86","39","28","56","87","177","207","99"
"short term visa applications","Refused","31/07/2026","Åland Islands","0","0","0","0","0","0","0","0","0","0"
"short term visa applications","Refused","31/07/2026","Albania","73","106","93","15","6","63","126","291","210","112"
"short term visa applications","Refused","31/07/2026","Algeria","121","116","148","35","20","153","272","745","515","125"
"short term visa applications","Refused","31/07/2026","American Samoa","0","0","0","0","0","0","0","0","0","0"
"short term visa applications","Refused","31/07/2026","Angola","25","54","27","*","*","12","59","51","34","18"
"short term visa applications","Refused","31/07/2026","Anguilla","0","0","0","0","0","0","0","0","0","0"
"short term visa applications","Refused","31/07/2026","Antarctica","0","0","0","0","0","0","0","0","0","0"
"short term visa applications","Refused","31/07/2026","Armenia","*","*","7","*","*","*","*","7","9","8"
"short term visa applications","Refused","31/07/2026","Aruba","0","0","0","0","0","0","0","0","0","0"
"short term visa applications","Refused","31/07/2026","Azerbaijan","*","13","16","*","*","9","26","20","12","10"
"short term visa applications","Refused","31/07/2026","Bahrain","*","10","7","*","*","9","*","8","*","*"
"short term visa applications","Refused","31/07/2026","Bangladesh","230","200","218","57","40","106","297","660","493","245"
"short term visa applications","Refused","31/07/2026","Belarus","51","85","101","21","*","8","14","11","15","86"
"short term visa applications","Refused","31/07/2026","Benin","9","*","*","*","*","7","15","15","16","22"
"short term visa applications","Refused","31/07/2026","Bermuda","0","0","0","0","0","0","0","0","0","0"
"short term visa applications","Refused","31/07/2026","Bhutan","0","*","*","0","0","0","0","0","0","0"
"short term visa applications","Refused","31/07/2026","Bolivia (Plurinational State of)","0","0","0","0","0","0","12","19","31","*"
"short term visa applications","Refused","31/07/2026","Bonaire, Sint Eustatius and Saba","0","0","0","0","0","0","0","0","0","0"
"short term visa applications","Refused","31/07/2026","Bosnia and Herzegovina","14","21","38","7","*","7","11","7","17","10"
"short term visa applications","Refused","31/07/2026","Botswana","0","*","0","0","0","0","0","30","53","39"
"short term visa applications","Refused","31/07/2026","Bouvet Island","0","0","0","0","0","0","0","0","0","0"
"short term visa applications","Refused","31/07/2026","Burkina Faso","*","*","*","0","*","*","*","*","*","*"
"short term visa applications","Refused","31/07/2026","Burundi","*","*","*","*","0","6","48","56","70","27"
"short term visa applications","Refused","31/07/2026","Cabo Verde","0","*","0","0","0","*","0","*","*","*"
"short term visa applications","Refused","31/07/2026","Cambodia","*","*","7","0","0","*","*","*","*","8"
"short term visa applications","Refused","31/07/2026","Cameroon","78","78","132","14","8","42","119","550","1847","317"
"short term visa applications","Refused","31/07/2026","Cayman Islands (the)","0","0","0","0","0","0","0","0","0","0"
"short term visa applications","Refused","31/07/2026","Central African Republic (the)","0","0","*","0","0","0","0","0","*","*"
"short term visa applications","Refused","31/07/2026","Ceuta","0","0","0","0","0","0","0","0","0","0"
"short term visa applications","Refused","31/07/2026","Chad","*","0","*","*","0","0","0","*","13","*"
"short term visa applications","Refused","31/07/2026","China","455","612","627","78","36","81","327","235","415","572"
"short term visa applications","Refused","31/07/2026","Christmas Island","0","0","0","0","0","0","0","0","0","0"
"short term visa applications","Refused","31/07/2026","Cocos (Keeling) Islands (the)","0","0","0","0","0","0","0","0","0","0"
"short term visa applications","Refused","31/07/2026","Colombia","15","17","24","*","8","17","16","18","31","25"
"short term visa applications","Refused","31/07/2026","Comoros (the)","*","*","0","*","0","6","*","*","*","*"
"short term visa applications","Refused","31/07/2026","Congo (the Democratic Republic of the)","106","232","93","33","7","93","145","154","326","156"
"short term visa applications","Refused","31/07/2026","Congo (the)","18","23","15","*","0","*","10","26","24","20"
"short term visa applications","Refused","31/07/2026","Cook Islands (the)","0","0","0","0","0","0","0","0","0","0"
"short term visa applications","Refused","31/07/2026","Côte d'Ivoire","7","14","11","*","*","15","11","31","61","30"
"short term visa applications","Refused","31/07/2026","Cuba","*","6","6","*","*","14","15","12","9","8"
"short term visa applications","Refused","31/07/2026","Curaçao","0","0","0","0","0","0","0","0","0","0"
"short term visa applications","Refused","31/07/2026","Djibouti","6","0","*","0","*","*","*","*","8","*"
"short term visa applications","Refused","31/07/2026","Dominica","0","0","0","0","0","0","0","7","27","9"
"short term visa applications","Refused","31/07/2026","Dominican Republic (the)","*","*","*","*","*","*","11","16","11","9"
"short term visa applications","Refused","31/07/2026","Ecuador","11","*","*","*","*","*","*","*","15","14"
"short term visa applications","Refused","31/07/2026","Egypt","279","175","191","66","22","133","245","213","346","166"
"short term visa applications","Refused","31/07/2026","Equatorial Guinea","*","*","*","0","0","0","0","0","*","*"
"short term visa applications","Refused","31/07/2026","Eritrea","12","19","32","8","*","11","11","21","29","*"
"short term visa applications","Refused","31/07/2026","Eswatini","0","*","0","*","0","0","0","0","46","50"
"short term visa applications","Refused","31/07/2026","Ethiopia","42","106","65","10","6","85","105","112","160","85"
"short term visa applications","Refused","31/07/2026","Falkland Islands (the) [Malvinas]","0","0","0","0","0","0","0","0","0","0"
"short term visa applications","Refused","31/07/2026","Faroe Islands (the)","0","0","0","0","0","*","0","0","0","0"
"short term visa applications","Refused","31/07/2026","French Guiana","0","0","0","0","0","0","0","0","0","0"
"short term visa applications","Refused","31/07/2026","French Polynesia","0","0","0","0","0","0","0","0","0","0"
"short term visa applications","Refused","31/07/2026","Gabon","*","6","*","*","0","*","0","0","*","0"
"short term visa applications","Refused","31/07/2026","Gambia (the)","25","10","12","7","*","59","49","38","39","22"
"short term visa applications","Refused","31/07/2026","Georgia","135","100","92","*","9","106","149","55","114","74"
"short term visa applications","Refused","31/07/2026","Ghana","223","234","203","45","32","367","267","588","459","186"
"short term visa applications","Refused","31/07/2026","Gibraltar","0","0","0","0","0","0","0","0","0","0"
"short term visa applications","Refused","31/07/2026","Greenland","0","0","0","0","0","0","0","0","0","0"
"short term visa applications","Refused","31/07/2026","Guadeloupe","0","0","0","0","0","0","0","0","0","0"
"short term visa applications","Refused","31/07/2026","Guam","0","0","0","0","0","0","0","0","0","0"
"short term visa applications","Refused","31/07/2026","Guernsey","0","0","0","0","0","0","0","0","0","0"
"short term visa applications","Refused","31/07/2026","Guinea","25","11","15","6","*","10","23","26","64","41"
"short term visa applications","Refused","31/07/2026","Guinea-Bissau","*","*","*","0","0","0","0","0","0","0"
"short term visa applications","Refused","31/07/2026","Haiti","0","*","*","0","0","*","*","*","0","*"
"short term visa applications","Refused","31/07/2026","Heard Island and McDonald Islands","0","0","0","0","0","0","0","0","0","0"
"short term visa applications","Refused","31/07/2026","Honduras","0","0","0","0","0","0","0","0","9","*"
"short term visa applications","Refused","31/07/2026","India","861","1079","1557","326","237","1262","1265","1371","2388","1842"
"short term visa applications","Refused","31/07/2026","Indonesia","22","25","20","*","*","6","28","40","55","28"
"short term visa applications","Refused","31/07/2026","Iran (Islamic Republic of)","177","231","121","12","24","91","113","50","219","107"
"short term visa applications","Refused","31/07/2026","Iraq","303","92","109","17","15","131","120","209","155","73"
"short term visa applications","Refused","31/07/2026","Isle of Man","0","0","0","0","0","0","0","0","0","0"
"short term visa applications","Refused","31/07/2026","Jamaica","13","19","23","*","*","16","9","6","10","7"
"short term visa applications","Refused","31/07/2026","Jersey","0","0","0","0","0","0","0","0","0","0"
"short term visa applications","Refused","31/07/2026","Jordan","73","93","140","41","28","147","97","69","203","123"
"short term visa applications","Refused","31/07/2026","Kazakhstan","26","38","28","21","0","*","10","7","10","58"
"short term visa applications","Refused","31/07/2026","Kenya","56","62","51","21","19","114","144","336","545","344"
"short term visa applications","Refused","31/07/2026","Korea (the Democratic People's Republic of) North Korea","0","0","0","0","0","0","0","0","0","0"
"short term visa applications","Refused","31/07/2026","Kosovo","16","22","16","6","*","*","9","10","16","19"
"short term visa applications","Refused","31/07/2026","Kuwait","37","61","171","39","20","49","42","31","9","7"
"short term visa applications","Refused","31/07/2026","Kyrgyzstan","38","9","17","*","0","*","*","*","*","*"
"short term visa applications","Refused","31/07/2026","Lao People's Democratic Republic (the)","*","*","*","0","0","0","*","*","*","0"
"short term visa applications","Refused","31/07/2026","Lebanon","80","61","46","28","12","63","44","140","69","49"
"short term visa applications","Refused","31/07/2026","Lesotho","0","0","0","0","0","0","0","0","7","*"
"short term visa applications","Refused","31/07/2026","Liberia","8","6","12","0","0","6","21","16","19","6"
"short term visa applications","Refused","31/07/2026","Libya","37","48","47","17","*","14","19","6","17","13"
"short term visa applications","Refused","31/07/2026","Macao","0","0","0","0","0","0","0","0","0","0"
"short term visa applications","Refused","31/07/2026","Madagascar","*","*","*","0","0","*","*","*","*","0"
"short term visa applications","Refused","31/07/2026","Malawi","88","117","61","12","8","185","179","276","416","119"
"short term visa applications","Refused","31/07/2026","Mali","*","*","*","*","0","*","9","*","13","*"
"short term visa applications","Refused","31/07/2026","Marshall Islands (the)","0","0","0","0","0","0","0","0","0","0"
"short term visa applications","Refused","31/07/2026","Martinique","0","0","0","0","0","0","0","0","0","0"
"short term visa applications","Refused","31/07/2026","Mauritania","0","*","0","0","0","*","*","0","*","0"
"short term visa applications","Refused","31/07/2026","Mauritius","81","21","34","6","7","21","13","13","18","44"
"short term visa applications","Refused","31/07/2026","Mayotte","0","0","0","0","0","0","0","0","0","0"
"short term visa applications","Refused","31/07/2026","Melilla","0","0","0","0","0","0","0","0","0","0"
"short term visa applications","Refused","31/07/2026","Micronesia (Federated States of)","0","0","*","0","0","0","0","*","0","0"
"short term visa applications","Refused","31/07/2026","Moldova (the Republic of)","38","32","94","15","19","93","34","35","49","34"
"short term visa applications","Refused","31/07/2026","Mongolia","77","103","114","11","*","48","67","45","115","91"
"short term visa applications","Refused","31/07/2026","Montenegro","*","*","*","0","0","0","0","0","0","7"
"short term visa applications","Refused","31/07/2026","Montserrat","0","0","0","0","0","0","0","0","0","0"
"short term visa applications","Refused","31/07/2026","Morocco","114","89","212","67","24","79","92","117","170","94"
"short term visa applications","Refused","31/07/2026","Mozambique","6","9","*","*","0","*","*","*","*","*"
"short term visa applications","Refused","31/07/2026","Myanmar","*","8","11","0","0","15","7","23","45","11"
"short term visa applications","Refused","31/07/2026","Namibia","*","*","*","0","0","*","8","26","15","6"
"short term visa applications","Refused","31/07/2026","Nauru","0","0","0","0","0","0","0","0","0","0"
"short term visa applications","Refused","31/07/2026","Nepal","72","53","68","15","16","46","88","79","96","66"
"short term visa applications","Refused","31/07/2026","New Caledonia","0","0","0","0","0","0","0","0","0","0"
"short term visa applications","Refused","31/07/2026","Niger (the)","*","0","*","0","0","*","*","*","*","*"
"short term visa applications","Refused","31/07/2026","Nigeria","2265","2346","3157","754","353","3065","2322","2592","2103","1083"
"short term visa applications","Refused","31/07/2026","Niue","0","0","0","0","0","0","0","0","0","0"
"short term visa applications","Refused","31/07/2026","Norfolk Island","0","0","0","0","0","0","0","0","0","0"
"short term visa applications","Refused","31/07/2026","North Macedonia","9","7","9","0","6","15","*","*","7","18"
"short term visa applications","Refused","31/07/2026","Northern Mariana Islands (the)","0","0","0","0","0","0","0","0","0","0"
"short term visa applications","Refused","31/07/2026","Oman","*","*","21","*","8","10","13","17","13","*"
"short term visa applications","Refused","31/07/2026","Pakistan","2748","3742","1297","290","207","1533","2668","4700","4590","1971"
"short term visa applications","Refused","31/07/2026","Palau","0","0","0","0","0","0","0","0","0","0"
"short term visa applications","Refused","31/07/2026","Palestine, State of","75","129","164","30","20","94","43","141","169","180"
"short term visa applications","Refused","31/07/2026","Papua New Guinea","0","0","0","0","0","0","0","0","0","0"
"short term visa applications","Refused","31/07/2026","Peru","6","7","18","8","*","8","6","8","16","18"
"short term visa applications","Refused","31/07/2026","Philippines (the)","613","584","710","129","45","292","382","297","402","326"
"short term visa applications","Refused","31/07/2026","Pitcairn","0","0","0","0","0","0","0","0","0","0"
"short term visa applications","Refused","31/07/2026","Puerto Rico","0","0","0","0","0","0","0","0","0","0"
"short term visa applications","Refused","31/07/2026","Qatar","0","16","8","*","0","9","12","7","*","*"
"short term visa applications","Refused","31/07/2026","Réunion","0","0","0","0","0","0","0","0","0","0"
"short term visa applications","Refused","31/07/2026","Russian Federation (the)","259","419","688","214","24","99","103","69","187","571"
"short term visa applications","Refused","31/07/2026","Rwanda","9","16","7","0","0","6","13","14","28","10"
"short term visa applications","Refused","31/07/2026","Saint Barthélemy","0","0","0","0","0","0","0","0","0","0"
"short term visa applications","Refused","31/07/2026","Saint Martin (French part)","0","0","0","0","0","0","0","0","0","0"
"short term visa applications","Refused","31/07/2026","Saint Pierre and Miquelon","0","0","0","0","0","0","0","0","0","0"
"short term visa applications","Refused","31/07/2026","Sao Tome and Principe","0","*","0","0","0","0","*","*","0","0"
"short term visa applications","Refused","31/07/2026","Saudi Arabia","22","32","23","12","*","18","25","167","168","34"
"short term visa applications","Refused","31/07/2026","Senegal","11","9","13","*","*","13","18","66","77","21"
"short term visa applications","Refused","31/07/2026","Serbia","10","29","25","*","*","11","25","50","199","49"
"short term visa applications","Refused","31/07/2026","Sierra Leone","66","28","46","9","*","80","77","81","93","62"
"short term visa applications","Refused","31/07/2026","Sint Maarten (Dutch part)","0","0","0","0","0","0","0","0","0","0"
"short term visa applications","Refused","31/07/2026","Somalia","32","48","54","17","13","84","75","232","241","319"
"short term visa applications","Refused","31/07/2026","South Africa","*","0","*","*","0","*","0","369","589","316"
"short term visa applications","Refused","31/07/2026","South Georgia and the South Sandwich Islands","0","0","0","0","0","0","0","0","0","0"
"short term visa applications","Refused","31/07/2026","South Sudan","0","*","0","0","0","0","*","*","*","*"
"short term visa applications","Refused","31/07/2026","Sri Lanka","74","118","198","57","8","68","59","92","191","125"
"short term visa applications","Refused","31/07/2026","Sudan (the)","491","656","856","134","75","610","536","329","425","176"
"short term visa applications","Refused","31/07/2026","Suriname","0","*","0","0","0","0","0","0","0","*"
"short term visa applications","Refused","31/07/2026","Svalbard and Jan Mayen","0","0","0","0","0","0","0","0","0","0"
"short term visa applications","Refused","31/07/2026","Syrian Arab Republic (the)","123","143","319","32","41","152","107","139","141","50"
"short term visa applications","Refused","31/07/2026","Tajikistan","*","*","12","0","*","*","*","*","*","*"
"short term visa applications","Refused","31/07/2026","Tanzania, the United Republic of","23","49","40","*","11","33","107","148","211","98"
"short term visa applications","Refused","31/07/2026","Thailand","92","97","77","16","10","35","62","89","240","22"
"short term visa applications","Refused","31/07/2026","Timor-Leste","0","0","0","0","0","*","*","*","*","*"
"short term visa applications","Refused","31/07/2026","Togo","25","6","11","*","0","7","6","95","120","43"
"short term visa applications","Refused","31/07/2026","Tokelau","0","0","0","0","0","0","0","0","0","0"
"short term visa applications","Refused","31/07/2026","Trinidad and Tobago","0","0","0","0","0","0","0","0","*","9"
"short term visa applications","Refused","31/07/2026","Tunisia","43","58","55","20","11","70","87","70","55","34"
"short term visa applications","Refused","31/07/2026","Turkiye","170","185","225","52","11","278","764","659","763","384"
"short term visa applications","Refused","31/07/2026","Turkmenistan","*","*","*","0","0","0","*","0","*","*"
"short term visa applications","Refused","31/07/2026","Turks and Caicos Islands (the)","0","0","0","0","0","0","0","0","0","0"
"short term visa applications","Refused","31/07/2026","Uganda","69","94","134","41","*","174","239","181","356","115"
"short term visa applications","Refused","31/07/2026","United Kingdom of Great Britain and Northern Ireland (the)","*","*","*","*","0","0","*","0","*","*"
"short term visa applications","Refused","31/07/2026","United States Minor Outlying Islands (the)","0","0","0","0","0","0","0","0","0","0"
"short term visa applications","Refused","31/07/2026","Uzbekistan","48","9","9","*","*","*","6","*","8","51"
"short term visa applications","Refused","31/07/2026","Vanuatu","0","0","0","0","0","0","0","*","7","*"
"short term visa applications","Refused","31/07/2026","Venezuela (Bolivarian Republic of)","11","22","31","12","*","12","16","6","28","19"
"short term visa applications","Refused","31/07/2026","Viet Nam","50","85","70","12","8","47","91","81","129","53"
"short term visa applications","Refused","31/07/2026","Virgin Islands (British)","0","0","0","0","0","0","0","0","0","0"
"short term visa applications","Refused","31/07/2026","Virgin Islands (U.S.)","0","0","0","0","0","0","0","0","0","0"
"short term visa applications","Refused","31/07/2026","Wallis and Futuna","0","0","0","0","0","0","0","0","0","0"
"short term visa applications","Refused","31/07/2026","Western Sahara","0","0","0","0","0","0","0","0","0","0"
"short term visa applications","Refused","31/07/2026","Yemen","86","91","57","9","13","60","33","33","48","26"
"short term visa applications","Refused","31/07/2026","Zambia","18","36","38","*","*","44","58","115","111","47"
"short term visa applications","Refused","31/07/2026","Zimbabwe","116","173","185","34","20","108","253","361","389","174"
"short term visa applications","Refused","31/07/2026","*Other","402","412","760","142","26","34","26","19","30","24"
"long term visa applications","Received","31/07/2026","Afghanistan","182","152","184","148","655","391","810","793","448","213"
"long term visa applications","Received","31/07/2026","Åland Islands","0","0","0","0","0","0","0","0","0","0"
"long term visa applications","Received","31/07/2026","Albania","35","41","56","44","72","86","65","59","53","31"
"long term visa applications","Received","31/07/2026","Algeria","66","78","58","188","81","148","183","297","224","86"
"long term visa applications","Received","31/07/2026","American Samoa","0","0","0","0","0","0","0","0","0","0"
"long term visa applications","Received","31/07/2026","Angola","*","*","8","7","6","21","19","26","16","12"
"long term visa applications","Received","31/07/2026","Anguilla","0","0","0","0","0","0","0","0","0","0"
"long term visa applications","Received","31/07/2026","Antarctica","0","0","0","0","0","0","0","0","0","0"
"long term visa applications","Received","31/07/2026","Armenia","14","32","10","12","18","39","18","13","14","6"
"long term visa applications","Received","31/07/2026","Aruba","0","0","0","0","0","0","0","0","0","0"
"long term visa applications","Received","31/07/2026","Azerbaijan","17","18","26","12","31","64","29","19","27","18"
"long term visa applications","Received","31/07/2026","Bahrain","25","22","25","11","40","28","23","25","35","20"
"long term visa applications","Received","31/07/2026","Bangladesh","193","205","198","153","187","477","567","964","889","589"
"long term visa applications","Received","31/07/2026","Belarus","51","52","57","51","71","166","85","45","48","20"
"long term visa applications","Received","31/07/2026","Benin","*","7","*","*","*","8","6","*","20","*"
"long term visa applications","Received","31/07/2026","Bermuda","0","0","0","0","0","0","0","0","0","0"
"long term visa applications","Received","31/07/2026","Bhutan","*","0","0","0","*","0","*","0","*","*"
"long term visa applications","Received","31/07/2026","Bolivia (Plurinational State of)","0","0","0","0","*","0","36","216","91","51"
"long term visa applications","Received","31/07/2026","Bonaire, Sint Eustatius and Saba","0","0","0","0","0","0","0","0","0","0"
"long term visa applications","Received","31/07/2026","Bosnia and Herzegovina","37","37","36","29","36","62","9","24","17","*"
"long term visa applications","Received","31/07/2026","Botswana","0","0","0","0","*","0","0","63","72","49"
"long term visa applications","Received","31/07/2026","Bouvet Island","0","0","0","0","0","0","0","0","0","0"
"long term visa applications","Received","31/07/2026","Burkina Faso","*","*","*","*","7","*","*","*","*","*"
"long term visa applications","Received","31/07/2026","Burundi","11","*","*","*","6","*","19","70","40","8"
"long term visa applications","Received","31/07/2026","Cabo Verde","*","*","0","*","0","*","*","*","*","*"
"long term visa applications","Received","31/07/2026","Cambodia","*","*","6","6","8","75","19","14","12","22"
"long term visa applications","Received","31/07/2026","Cameroon","55","50","65","29","53","98","127","100","191","95"
"long term visa applications","Received","31/07/2026","Cayman Islands (the)","0","0","0","0","0","0","0","0","0","0"
"long term visa applications","Received","31/07/2026","Central African Republic (the)","*","0","0","0","*","*","0","0","0","0"
"long term visa applications","Received","31/07/2026","Ceuta","0","0","0","0","0","0","0","0","0","0"
"long term visa applications","Received","31/07/2026","Chad","*","*","0","0","*","*","0","*","*","7"
"long term visa applications","Received","31/07/2026","China","3294","3673","4198","2561","3190","4347","6833","6940","6204","3384"
"long term visa applications","Received","31/07/2026","Christmas Island","0","0","0","0","0","0","0","0","0","0"
"long term visa applications","Received","31/07/2026","Cocos (Keeling) Islands (the)","0","0","0","0","0","0","0","0","0","0"
"long term visa applications","Received","31/07/2026","Colombia","123","160","152","67","136","451","316","414","533","268"
"long term visa applications","Received","31/07/2026","Comoros (the)","0","0","*","0","0","0","*","*","*","0"
"long term visa applications","Received","31/07/2026","Congo (the Democratic Republic of the)","69","49","155","114","70","89","94","127","117","46"
"long term visa applications","Received","31/07/2026","Congo (the)","*","10","16","*","*","8","11","18","10","9"
"long term visa applications","Received","31/07/2026","Cook Islands (the)","0","0","0","0","0","0","0","0","0","0"
"long term visa applications","Received","31/07/2026","Côte d'Ivoire","14","12","7","9","15","20","22","43","62","46"
"long term visa applications","Received","31/07/2026","Cuba","11","10","20","10","*","25","23","23","*","*"
"long term visa applications","Received","31/07/2026","Curaçao","0","0","0","0","0","0","0","0","0","0"
"long term visa applications","Received","31/07/2026","Djibouti","*","*","0","0","0","*","0","*","6","*"
"long term visa applications","Received","31/07/2026","Dominica","0","*","0","0","0","0","0","*","*","*"
"long term visa applications","Received","31/07/2026","Dominican Republic (the)","6","12","16","*","10","16","18","12","16","7"
"long term visa applications","Received","31/07/2026","Ecuador","33","25","28","12","21","76","54","95","130","50"
"long term visa applications","Received","31/07/2026","Egypt","586","559","500","389","387","740","479","476","461","242"
"long term visa applications","Received","31/07/2026","Equatorial Guinea","*","0","0","0","0","*","0","*","*","*"
"long term visa applications","Received","31/07/2026","Eritrea","6","6","24","12","20","6","15","8","15","6"
"long term visa applications","Received","31/07/2026","Eswatini","0","0","0","0","0","0","0","0","28","17"
"long term visa applications","Received","31/07/2026","Ethiopia","68","57","85","31","105","60","71","93","99","51"
"long term visa applications","Received","31/07/2026","Falkland Islands (the) [Malvinas]","0","0","0","0","0","0","0","0","0","0"
"long term visa applications","Received","31/07/2026","Faroe Islands (the)","0","0","0","0","0","0","0","0","0","0"
"long term visa applications","Received","31/07/2026","French Guiana","0","0","0","0","0","0","0","0","0","0"
"long term visa applications","Received","31/07/2026","French Polynesia","0","0","0","0","0","0","0","0","0","0"
"long term visa applications","Received","31/07/2026","Gabon","*","*","0","*","*","7","*","*","*","0"
"long term visa applications","Received","31/07/2026","Gambia (the)","*","10","*","*","*","7","21","16","23","12"
"long term visa applications","Received","31/07/2026","Georgia","39","43","54","25","54","144","89","77","124","61"
"long term visa applications","Received","31/07/2026","Ghana","111","123","151","130","188","288","613","657","527","302"
"long term visa applications","Received","31/07/2026","Gibraltar","0","0","0","0","0","0","0","0","0","0"
"long term visa applications","Received","31/07/2026","Greenland","0","0","0","0","0","0","0","0","0","0"
"long term visa applications","Received","31/07/2026","Guadeloupe","0","0","0","0","0","0","0","0","0","0"
"long term visa applications","Received","31/07/2026","Guam","0","0","0","0","0","0","0","0","0","0"
"long term visa applications","Received","31/07/2026","Guernsey","0","0","0","0","0","0","0","0","0","0"
"long term visa applications","Received","31/07/2026","Guinea","10","17","7","*","13","39","19","19","39","33"
"long term visa applications","Received","31/07/2026","Guinea-Bissau","*","0","*","*","*","*","0","0","*","0"
"long term visa applications","Received","31/07/2026","Haiti","*","*","*","*","0","7","*","*","*","*"
"long term visa applications","Received","31/07/2026","Heard Island and McDonald Islands","0","0","0","0","0","0","0","0","0","0"
"long term visa applications","Received","31/07/2026","Honduras","0","0","0","0","0","0","0","28","27","13"
"long term visa applications","Received","31/07/2026","India","8136","9545","11970","9085","15607","26291","28357","30175","24717","14016"
"long term visa applications","Received","31/07/2026","Indonesia","83","91","107","88","169","238","214","264","201","145"
"long term visa applications","Received","31/07/2026","Iran (Islamic Republic of)","167","206","257","182","257","492","348","350","286","80"
"long term visa applications","Received","31/07/2026","Iraq","174","132","109","59","82","112","94","60","58","27"
"long term visa applications","Received","31/07/2026","Isle of Man","0","0","0","0","0","0","0","0","0","0"
"long term visa applications","Received","31/07/2026","Jamaica","12","8","7","9","13","14","7","12","9","6"
"long term visa applications","Received","31/07/2026","Jersey","0","0","0","0","0","0","0","0","0","0"
"long term visa applications","Received","31/07/2026","Jordan","64","84","121","93","133","159","130","118","103","76"
"long term visa applications","Received","31/07/2026","Kazakhstan","52","59","99","60","65","143","134","98","111","41"
"long term visa applications","Received","31/07/2026","Kenya","77","82","103","105","162","377","464","914","574","316"
"long term visa applications","Received","31/07/2026","Korea (the Democratic People's Republic of) North Korea","0","0","0","0","0","0","0","0","0","0"
"long term visa applications","Received","31/07/2026","Kosovo","16","11","77","147","48","35","41","36","36","11"
"long term visa applications","Received","31/07/2026","Kuwait","438","449","337","191","437","387","346","275","207","56"
"long term visa applications","Received","31/07/2026","Kyrgyzstan","12","17","14","8","14","101","48","39","51","30"
"long term visa applications","Received","31/07/2026","Lao People's Democratic Republic (the)","*","*","*","*","*","6","*","*","8","*"
"long term visa applications","Received","31/07/2026","Lebanon","61","63","61","71","111","171","68","70","77","58"
"long term visa applications","Received","31/07/2026","Lesotho","0","0","0","0","0","0","0","0","39","10"
"long term visa applications","Received","31/07/2026","Liberia","*","*","0","*","*","11","16","10","13","15"
"long term visa applications","Received","31/07/2026","Libya","65","60","71","43","50","66","43","24","35","17"
"long term visa applications","Received","31/07/2026","Macao","0","0","0","0","0","0","0","0","0","0"
"long term visa applications","Received","31/07/2026","Madagascar","6","*","*","*","*","*","*","*","*","*"
"long term visa applications","Received","31/07/2026","Malawi","30","41","37","26","42","92","73","59","93","46"
"long term visa applications","Received","31/07/2026","Mali","*","*","*","0","*","*","0","11","*","*"
"long term visa applications","Received","31/07/2026","Marshall Islands (the)","0","0","0","0","0","0","0","0","0","0"
"long term visa applications","Received","31/07/2026","Martinique","0","0","0","0","0","0","0","0","0","0"
"long term visa applications","Received","31/07/2026","Mauritania","0","*","0","0","0","*","*","*","*","0"
"long term visa applications","Received","31/07/2026","Mauritius","52","46","39","29","53","87","91","57","47","26"
"long term visa applications","Received","31/07/2026","Mayotte","0","0","0","0","0","0","0","0","0","0"
"long term visa applications","Received","31/07/2026","Melilla","0","0","0","0","0","0","0","0","0","0"
"long term visa applications","Received","31/07/2026","Micronesia (Federated States of)","0","0","0","0","0","0","0","0","0","0"
"long term visa applications","Received","31/07/2026","Moldova (the Republic of)","10","29","59","72","76","106","50","42","33","16"
"long term visa applications","Received","31/07/2026","Mongolia","129","322","489","128","471","1692","1177","1787","1174","171"
"long term visa applications","Received","31/07/2026","Montenegro","*","*","6","0","*","*","8","*","*","*"
"long term visa applications","Received","31/07/2026","Montserrat","0","0","0","0","0","0","0","0","0","0"
"long term visa applications","Received","31/07/2026","Morocco","112","119","151","80","124","206","309","749","557","166"
"long term visa applications","Received","31/07/2026","Mozambique","*","*","10","6","10","17","19","32","23","20"
"long term visa applications","Received","31/07/2026","Myanmar","13","10","23","7","15","39","35","146","508","201"
"long term visa applications","Received","31/07/2026","Namibia","*","*","11","11","17","17","6","16","21","7"
"long term visa applications","Received","31/07/2026","Nauru","0","0","0","0","0","0","0","0","0","0"
"long term visa applications","Received","31/07/2026","Nepal","93","72","152","50","143","370","415","780","635","444"
"long term visa applications","Received","31/07/2026","New Caledonia","0","0","0","0","0","0","0","0","0","0"
"long term visa applications","Received","31/07/2026","Niger (the)","*","*","0","*","0","0","0","*","*","0"
"long term visa applications","Received","31/07/2026","Nigeria","875","1302","1846","1100","1567","2137","2508","2452","2299","1788"
"long term visa applications","Received","31/07/2026","Niue","0","0","0","0","0","0","0","0","0","0"
"long term visa applications","Received","31/07/2026","Norfolk Island","0","0","0","0","0","0","0","0","0","0"
"long term visa applications","Received","31/07/2026","North Macedonia","9","6","13","15","12","31","14","18","25","10"
"long term visa applications","Received","31/07/2026","Northern Mariana Islands (the)","0","0","0","0","0","0","0","0","0","0"
"long term visa applications","Received","31/07/2026","Oman","211","232","194","174","167","124","101","142","138","62"
"long term visa applications","Received","31/07/2026","Pakistan","1592","1399","1437","1168","1544","3492","4736","6381","6049","4047"
"long term visa applications","Received","31/07/2026","Palau","0","0","0","0","*","0","0","0","0","0"
"long term visa applications","Received","31/07/2026","Palestine, State of","37","54","58","50","93","92","115","287","414","212"
"long term visa applications","Received","31/07/2026","Papua New Guinea","0","0","0","0","*","0","7","*","*","*"
"long term visa applications","Received","31/07/2026","Peru","53","42","50","16","53","135","72","83","101","84"
"long term visa applications","Received","31/07/2026","Philippines (the)","1188","1069","1434","893","1136","2968","3693","4093","3484","2876"
"long term visa applications","Received","31/07/2026","Pitcairn","0","0","0","0","0","0","0","0","0","0"
"long term visa applications","Received","31/07/2026","Puerto Rico","0","0","0","0","0","0","0","0","0","0"
"long term visa applications","Received","31/07/2026","Qatar","*","*","*","9","23","11","24","16","11","*"
"long term visa applications","Received","31/07/2026","Réunion","0","0","0","0","0","0","0","0","0","0"
"long term visa applications","Received","31/07/2026","Russian Federation (the)","560","678","800","516","607","1710","670","432","321","180"
"long term visa applications","Received","31/07/2026","Rwanda","*","*","11","*","15","20","23","31","32","22"
"long term visa applications","Received","31/07/2026","Saint Barthélemy","0","0","0","0","0","0","0","0","0","0"
"long term visa applications","Received","31/07/2026","Saint Martin (French part)","0","0","0","0","0","0","0","0","0","0"
"long term visa applications","Received","31/07/2026","Saint Pierre and Miquelon","0","0","0","0","0","0","0","0","0","0"
"long term visa applications","Received","31/07/2026","Sao Tome and Principe","0","0","0","0","*","0","0","0","*","0"
"long term visa applications","Received","31/07/2026","Saudi Arabia","999","1007","691","526","597","467","403","322","360","112"
"long term visa applications","Received","31/07/2026","Senegal","*","9","9","6","9","24","11","15","21","11"
"long term visa applications","Received","31/07/2026","Serbia","53","57","49","54","45","70","45","50","30","16"
"long term visa applications","Received","31/07/2026","Sierra Leone","12","7","*","11","30","22","33","29","62","28"
"long term visa applications","Received","31/07/2026","Sint Maarten (Dutch part)","0","0","0","0","0","0","0","0","0","0"
"long term visa applications","Received","31/07/2026","Somalia","138","78","98","55","138","201","273","353","373","158"
"long term visa applications","Received","31/07/2026","South Africa","*","0","*","0","384","*","*","928","1535","804"
"long term visa applications","Received","31/07/2026","South Georgia and the South Sandwich Islands","0","0","0","0","0","0","0","0","0","0"
"long term visa applications","Received","31/07/2026","South Sudan","*","*","*","8","*","*","*","8","11","*"
"long term visa applications","Received","31/07/2026","Sri Lanka","71","92","160","112","182","624","729","970","965","594"
"long term visa applications","Received","31/07/2026","Sudan (the)","334","286","429","436","485","644","686","520","429","294"
"long term visa applications","Received","31/07/2026","Suriname","*","0","0","*","0","0","*","*","0","0"
"long term visa applications","Received","31/07/2026","Svalbard and Jan Mayen","0","0","0","0","0","0","0","0","0","0"
"long term visa applications","Received","31/07/2026","Syrian Arab Republic (the)","231","185","320","161","104","157","88","90","70","43"
"long term visa applications","Received","31/07/2026","Tajikistan","*","0","*","*","*","29","8","8","14","*"
"long term visa applications","Received","31/07/2026","Tanzania, the United Republic of","22","24","31","29","29","63","78","97","85","70"
"long term visa applications","Received","31/07/2026","Thailand","171","227","376","94","107","475","361","311","464","193"
"long term visa applications","Received","31/07/2026","Timor-Leste","0","0","*","*","*","*","*","0","7","*"
"long term visa applications","Received","31/07/2026","Togo","11","13","15","*","15","32","11","29","51","27"
"long term visa applications","Received","31/07/2026","Tokelau","0","0","0","0","0","0","0","0","0","0"
"long term visa applications","Received","31/07/2026","Trinidad and Tobago","0","0","*","*","0","0","0","0","12","7"
"long term visa applications","Received","31/07/2026","Tunisia","55","45","47","50","61","143","86","87","69","45"
"long term visa applications","Received","31/07/2026","Turkiye","858","1117","1846","1140","3173","4348","2672","2013","1259","550"
"long term visa applications","Received","31/07/2026","Turkmenistan","0","0","*","*","*","9","8","6","*","*"
"long term visa applications","Received","31/07/2026","Turks and Caicos Islands (the)","0","*","0","0","0","0","0","0","0","0"
"long term visa applications","Received","31/07/2026","Uganda","53","57","66","61","82","166","188","201","194","117"
"long term visa applications","Received","31/07/2026","United Kingdom of Great Britain and Northern Ireland (the)","*","0","*","0","0","0","0","0","0","0"
"long term visa applications","Received","31/07/2026","United States Minor Outlying Islands (the)","0","0","0","0","0","0","0","0","0","0"
"long term visa applications","Received","31/07/2026","Uzbekistan","15","16","24","24","13","71","46","40","34","26"
"long term visa applications","Received","31/07/2026","Vanuatu","0","0","0","0","0","0","0","6","*","*"
"long term visa applications","Received","31/07/2026","Venezuela (Bolivarian Republic of)","84","72","55","26","30","56","54","58","56","29"
"long term visa applications","Received","31/07/2026","Viet Nam","264","221","284","280","243","734","296","334","434","276"
"long term visa applications","Received","31/07/2026","Virgin Islands (British)","0","0","0","0","0","0","0","0","0","0"
"long term visa applications","Received","31/07/2026","Virgin Islands (U.S.)","0","0","0","0","0","0","0","0","0","0"
"long term visa applications","Received","31/07/2026","Wallis and Futuna","0","0","0","0","0","0","0","0","0","0"
"long term visa applications","Received","31/07/2026","Western Sahara","0","0","0","0","0","0","0","0","0","0"
"long term visa applications","Received","31/07/2026","Yemen","27","23","24","11","26","42","21","17","28","12"
"long term visa applications","Received","31/07/2026","Zambia","29","34","29","30","37","76","64","63","77","38"
"long term visa applications","Received","31/07/2026","Zimbabwe","169","257","282","340","657","1211","1410","1433","1334","715"
"long term visa applications","Received","31/07/2026","*Other","416","392","705","462","569","67","9","7","*","*"
"long term visa applications","Granted","31/07/2026","Afghanistan","153","108","149","114","284","194","656","588","317","95"
"long term visa applications","Granted","31/07/2026","Åland Islands","0","0","0","0","0","0","0","0","0","0"
"long term visa applications","Granted","31/07/2026","Albania","28","31","36","14","50","57","37","27","31","17"
"long term visa applications","Granted","31/07/2026","Algeria","38","51","45","176","62","77","87","103","67","44"
"long term visa applications","Granted","31/07/2026","American Samoa","0","0","0","0","0","0","0","0","0","0"
"long term visa applications","Granted","31/07/2026","Angola","0","6","*","*","8","7","11","11","11","8"
"long term visa applications","Granted","31/07/2026","Anguilla","0","0","0","0","0","0","0","0","0","0"
"long term visa applications","Granted","31/07/2026","Antarctica","0","0","0","0","0","0","0","0","0","0"
"long term visa applications","Granted","31/07/2026","Armenia","15","23","12","13","17","30","22","7","11","*"
"long term visa applications","Granted","31/07/2026","Aruba","0","0","0","0","0","0","0","0","0","0"
"long term visa applications","Granted","31/07/2026","Azerbaijan","12","18","15","12","26","34","24","*","14","7"
"long term visa applications","Granted","31/07/2026","Bahrain","24","20","24","8","34","29","22","19","33","13"
"long term visa applications","Granted","31/07/2026","Bangladesh","138","129","155","137","161","356","356","431","528","211"
"long term visa applications","Granted","31/07/2026","Belarus","40","49","51","41","65","138","88","36","37","13"
"long term visa applications","Granted","31/07/2026","Benin","*","*","*","*","*","10","*","*","*","0"
"long term visa applications","Granted","31/07/2026","Bermuda","0","0","0","0","0","0","0","0","0","0"
"long term visa applications","Granted","31/07/2026","Bhutan","*","0","0","0","*","0","*","0","*","*"
"long term visa applications","Granted","31/07/2026","Bolivia (Plurinational State of)","0","0","0","0","*","0","*","23","33","31"
"long term visa applications","Granted","31/07/2026","Bonaire, Sint Eustatius and Saba","0","0","0","0","0","0","0","0","0","0"
"long term visa applications","Granted","31/07/2026","Bosnia and Herzegovina","31","28","30","27","27","52","12","19","18","*"
"long term visa applications","Granted","31/07/2026","Botswana","0","0","0","0","*","0","0","17","15","11"
"long term visa applications","Granted","31/07/2026","Bouvet Island","0","0","0","0","0","0","0","0","0","0"
"long term visa applications","Granted","31/07/2026","Burkina Faso","*","*","*","*","*","*","*","0","*","0"
"long term visa applications","Granted","31/07/2026","Burundi","9","6","*","0","6","*","16","18","*","0"
"long term visa applications","Granted","31/07/2026","Cabo Verde","*","*","0","*","0","*","*","*","*","*"
"long term visa applications","Granted","31/07/2026","Cambodia","6","*","6","*","*","43","10","8","9","*"
"long term visa applications","Granted","31/07/2026","Cameroon","30","22","39","19","39","50","42","55","36","15"
"long term visa applications","Granted","31/07/2026","Cayman Islands (the)","0","0","0","0","0","0","0","0","0","0"
"long term visa applications","Granted","31/07/2026","Central African Republic (the)","*","0","0","0","0","*","0","0","0","0"
"long term visa applications","Granted","31/07/2026","Ceuta","0","0","0","0","0","0","0","0","0","0"
"long term visa applications","Granted","31/07/2026","Chad","0","*","0","0","0","*","0","0","0","*"
"long term visa applications","Granted","31/07/2026","China","3198","3418","3797","2436","3062","4063","6212","6454","5189","2548"
"long term visa applications","Granted","31/07/2026","Christmas Island","0","0","0","0","0","0","0","0","0","0"
"long term visa applications","Granted","31/07/2026","Cocos (Keeling) Islands (the)","0","0","0","0","0","0","0","0","0","0"
"long term visa applications","Granted","31/07/2026","Colombia","68","84","83","56","76","270","287","210","221","180"
"long term visa applications","Granted","31/07/2026","Comoros (the)","0","0","0","*","0","0","0","*","0","0"
"long term visa applications","Granted","31/07/2026","Congo (the Democratic Republic of the)","59","42","134","107","53","66","60","69","57","31"
"long term visa applications","Granted","31/07/2026","Congo (the)","*","8","7","*","*","7","6","9","*","*"
"long term visa applications","Granted","31/07/2026","Cook Islands (the)","0","0","0","0","0","0","0","0","0","0"
"long term visa applications","Granted","31/07/2026","Côte d'Ivoire","6","*","*","*","11","16","14","19","23","24"
"long term visa applications","Granted","31/07/2026","Cuba","*","9","15","6","8","18","14","21","*","*"
"long term visa applications","Granted","31/07/2026","Curaçao","0","0","0","0","0","0","0","0","0","0"
"long term visa applications","Granted","31/07/2026","Djibouti","0","0","0","0","0","*","0","0","*","0"
"long term visa applications","Granted","31/07/2026","Dominica","0","0","0","0","0","0","0","*","0","*"
"long term visa applications","Granted","31/07/2026","Dominican Republic (the)","*","7","12","*","9","11","9","14","15","*"
"long term visa applications","Granted","31/07/2026","Ecuador","24","15","19","12","15","31","40","26","69","48"
"long term visa applications","Granted","31/07/2026","Egypt","563","502","449","342","340","636","435","390","395","197"
"long term visa applications","Granted","31/07/2026","Equatorial Guinea","*","0","0","0","0","0","0","*","*","0"
"long term visa applications","Granted","31/07/2026","Eritrea","*","*","22","11","12","*","8","6","14","6"
"long term visa applications","Granted","31/07/2026","Eswatini","0","0","0","0","0","0","0","0","23","7"
"long term visa applications","Granted","31/07/2026","Ethiopia","60","49","65","27","79","58","44","67","53","25"
"long term visa applications","Granted","31/07/2026","Falkland Islands (the) [Malvinas]","0","0","0","0","0","0","0","0","0","0"
"long term visa applications","Granted","31/07/2026","Faroe Islands (the)","0","0","0","0","0","0","0","0","0","0"
"long term visa applications","Granted","31/07/2026","French Guiana","0","0","0","0","0","0","0","0","0","0"
"long term visa applications","Granted","31/07/2026","French Polynesia","0","0","0","0","0","0","0","0","0","0"
"long term visa applications","Granted","31/07/2026","Gabon","*","0","0","*","*","*","*","*","*","0"
"long term visa applications","Granted","31/07/2026","Gambia (the)","*","*","*","*","*","*","10","13","*","0"
"long term visa applications","Granted","31/07/2026","Georgia","30","35","45","14","48","98","64","56","79","44"
"long term visa applications","Granted","31/07/2026","Ghana","77","67","104","86","87","245","479","386","272","82"
"long term visa applications","Granted","31/07/2026","Gibraltar","0","0","0","0","0","0","0","0","0","0"
"long term visa applications","Granted","31/07/2026","Greenland","0","0","0","0","0","0","0","0","0","0"
"long term visa applications","Granted","31/07/2026","Guadeloupe","0","0","0","0","0","0","0","0","0","0"
"long term visa applications","Granted","31/07/2026","Guam","0","0","0","0","0","0","0","0","0","0"
"long term visa applications","Granted","31/07/2026","Guernsey","0","0","0","0","0","0","0","0","0","0"
"long term visa applications","Granted","31/07/2026","Guinea","*","13","*","*","10","25","6","6","19","7"
"long term visa applications","Granted","31/07/2026","Guinea-Bissau","0","0","0","0","*","0","0","0","*","0"
"long term visa applications","Granted","31/07/2026","Haiti","*","*","*","*","0","*","*","*","*","0"
"long term visa applications","Granted","31/07/2026","Heard Island and McDonald Islands","0","0","0","0","0","0","0","0","0","0"
"long term visa applications","Granted","31/07/2026","Honduras","0","0","0","0","0","0","0","8","7","*"
"long term visa applications","Granted","31/07/2026","India","6906","8575","12371","8963","14600","25385","24181","25583","21921","6311"
"long term visa applications","Granted","31/07/2026","Indonesia","73","86","91","78","157","231","200","249","177","76"
"long term visa applications","Granted","31/07/2026","Iran (Islamic Republic of)","108","122","229","157","197","355","279","190","120","66"
"long term visa applications","Granted","31/07/2026","Iraq","148","86","104","39","52","81","62","38","33","12"
"long term visa applications","Granted","31/07/2026","Isle of Man","0","0","0","0","0","0","0","0","0","0"
"long term visa applications","Granted","31/07/2026","Jamaica","9","7","*","9","7","14","*","13","6","*"
"long term visa applications","Granted","31/07/2026","Jersey","0","0","0","0","0","0","0","0","0","0"
"long term visa applications","Granted","31/07/2026","Jordan","56","78","90","75","94","137","125","90","92","31"
"long term visa applications","Granted","31/07/2026","Kazakhstan","49","54","73","53","62","103","86","79","85","24"
"long term visa applications","Granted","31/07/2026","Kenya","49","71","88","86","143","319","332","431","274","134"
"long term visa applications","Granted","31/07/2026","Korea (the Democratic People's Republic of) North Korea","0","0","0","0","0","0","0","0","0","0"
"long term visa applications","Granted","31/07/2026","Kosovo","8","14","43","79","13","31","35","25","16","7"
"long term visa applications","Granted","31/07/2026","Kuwait","436","454","306","159","417","372","331","293","199","30"
"long term visa applications","Granted","31/07/2026","Kyrgyzstan","7","11","6","8","13","48","19","18","26","*"
"long term visa applications","Granted","31/07/2026","Lao People's Democratic Republic (the)","*","0","*","*","*","*","*","*","*","0"
"long term visa applications","Granted","31/07/2026","Lebanon","58","58","55","65","94","173","58","54","65","41"
"long term visa applications","Granted","31/07/2026","Lesotho","0","0","0","0","0","0","0","0","14","7"
"long term visa applications","Granted","31/07/2026","Liberia","*","*","0","*","*","11","11","8","7","0"
"long term visa applications","Granted","31/07/2026","Libya","24","48","45","42","35","52","39","8","8","*"
"long term visa applications","Granted","31/07/2026","Macao","0","0","0","0","0","0","0","0","0","0"
"long term visa applications","Granted","31/07/2026","Madagascar","*","*","*","*","*","*","*","*","*","0"
"long term visa applications","Granted","31/07/2026","Malawi","18","20","19","14","36","64","43","33","47","12"
"long term visa applications","Granted","31/07/2026","Mali","*","*","*","0","*","*","*","*","*","*"
"long term visa applications","Granted","31/07/2026","Marshall Islands (the)","0","0","0","0","0","0","0","0","0","0"
"long term visa applications","Granted","31/07/2026","Martinique","0","0","0","0","0","0","0","0","0","0"
"long term visa applications","Granted","31/07/2026","Mauritania","0","*","0","0","0","0","0","0","0","0"
"long term visa applications","Granted","31/07/2026","Mauritius","29","37","24","29","36","65","38","37","37","9"
"long term visa applications","Granted","31/07/2026","Mayotte","0","0","0","0","0","0","0","0","0","0"
"long term visa applications","Granted","31/07/2026","Melilla","0","0","0","0","0","0","0","0","0","0"
"long term visa applications","Granted","31/07/2026","Micronesia (Federated States of)","0","0","0","0","0","0","0","0","0","0"
"long term visa applications","Granted","31/07/2026","Moldova (the Republic of)","7","21","39","50","47","107","36","26","29","13"
"long term visa applications","Granted","31/07/2026","Mongolia","70","202","270","38","269","1328","976","1612","755","66"
"long term visa applications","Granted","31/07/2026","Montenegro","*","*","*","0","*","*","6","*","*","*"
"long term visa applications","Granted","31/07/2026","Montserrat","0","0","0","0","0","0","0","0","0","0"
"long term visa applications","Granted","31/07/2026","Morocco","71","88","93","72","78","141","191","255","130","72"
"long term visa applications","Granted","31/07/2026","Mozambique","0","*","9","7","7","16","17","26","20","16"
"long term visa applications","Granted","31/07/2026","Myanmar","12","11","14","*","18","18","31","103","265","44"
"long term visa applications","Granted","31/07/2026","Namibia","*","*","11","7","16","17","*","14","15","*"
"long term visa applications","Granted","31/07/2026","Nauru","0","0","0","0","0","0","0","0","0","0"
"long term visa applications","Granted","31/07/2026","Nepal","54","53","87","52","94","223","263","288","401","245"
"long term visa applications","Granted","31/07/2026","New Caledonia","0","0","0","0","0","0","0","0","0","0"
"long term visa applications","Granted","31/07/2026","Niger (the)","0","0","*","*","0","0","0","*","0","0"
"long term visa applications","Granted","31/07/2026","Nigeria","589","836","1194","838","959","1630","1744","1257","1099","512"
"long term visa applications","Granted","31/07/2026","Niue","0","0","0","0","0","0","0","0","0","0"
"long term visa applications","Granted","31/07/2026","Norfolk Island","0","0","0","0","0","0","0","0","0","0"
"long term visa applications","Granted","31/07/2026","North Macedonia","13","6","10","9","9","23","17","15","14","7"
"long term visa applications","Granted","31/07/2026","Northern Mariana Islands (the)","0","0","0","0","0","0","0","0","0","0"
"long term visa applications","Granted","31/07/2026","Oman","211","223","193","165","167","123","91","132","139","63"
"long term visa applications","Granted","31/07/2026","Pakistan","1212","1020","932","862","1332","2468","3094","3310","3590","1642"
"long term visa applications","Granted","31/07/2026","Palau","0","0","0","0","*","0","0","0","0","0"
"long term visa applications","Granted","31/07/2026","Palestine, State of","37","38","50","48","85","79","76","203","297","86"
"long term visa applications","Granted","31/07/2026","Papua New Guinea","0","0","0","0","*","0","*","6","*","*"
"long term visa applications","Granted","31/07/2026","Peru","37","25","33","16","22","96","52","42","58","67"
"long term visa applications","Granted","31/07/2026","Philippines (the)","1087","1068","1315","757","1109","2416","3411","3703","2723","2401"
"long term visa applications","Granted","31/07/2026","Pitcairn","0","0","0","0","0","0","0","0","0","0"
"long term visa applications","Granted","31/07/2026","Puerto Rico","0","0","0","0","0","0","0","0","0","0"
"long term visa applications","Granted","31/07/2026","Qatar","*","*","*","9","22","10","23","12","12","0"
"long term visa applications","Granted","31/07/2026","Réunion","0","0","0","0","0","0","0","0","0","0"
"long term visa applications","Granted","31/07/2026","Russian Federation (the)","497","599","736","434","561","1490","684","385","266","85"
"long term visa applications","Granted","31/07/2026","Rwanda","*","0","9","*","11","13","12","28","15","7"
"long term visa applications","Granted","31/07/2026","Saint Barthélemy","0","0","0","0","0","0","0","0","0","0"
"long term visa applications","Granted","31/07/2026","Saint Martin (French part)","0","0","0","0","0","0","0","0","0","0"
"long term visa applications","Granted","31/07/2026","Saint Pierre and Miquelon","0","0","0","0","0","0","0","0","0","0"
"long term visa applications","Granted","31/07/2026","Sao Tome and Principe","0","0","0","0","*","0","0","0","0","0"
"long term visa applications","Granted","31/07/2026","Saudi Arabia","945","966","705","495","585","469","382","303","330","112"
"long term visa applications","Granted","31/07/2026","Senegal","*","*","*","*","9","19","8","*","6","6"
"long term visa applications","Granted","31/07/2026","Serbia","53","54","50","48","41","63","40","37","19","14"
"long term visa applications","Granted","31/07/2026","Sierra Leone","6","*","*","8","23","19","23","18","43","13"
"long term visa applications","Granted","31/07/2026","Sint Maarten (Dutch part)","0","0","0","0","0","0","0","0","0","0"
"long term visa applications","Granted","31/07/2026","Somalia","131","64","82","34","96","156","219","234","302","113"
"long term visa applications","Granted","31/07/2026","South Africa","0","0","*","0","299","*","*","650","1107","740"
"long term visa applications","Granted","31/07/2026","South Georgia and the South Sandwich Islands","0","0","0","0","0","0","0","0","0","0"
"long term visa applications","Granted","31/07/2026","South Sudan","*","*","0","6","*","*","*","6","11","*"
"long term visa applications","Granted","31/07/2026","Sri Lanka","53","76","129","102","152","537","610","650","847","367"
"long term visa applications","Granted","31/07/2026","Sudan (the)","312","276","388","407","448","554","601","476","385","237"
"long term visa applications","Granted","31/07/2026","Suriname","*","0","0","*","0","0","0","0","*","0"
"long term visa applications","Granted","31/07/2026","Svalbard and Jan Mayen","0","0","0","0","0","0","0","0","0","0"
"long term visa applications","Granted","31/07/2026","Syrian Arab Republic (the)","188","184","293","154","86","107","64","70","54","22"
"long term visa applications","Granted","31/07/2026","Tajikistan","*","0","0","*","0","26","7","*","12","0"
"long term visa applications","Granted","31/07/2026","Tanzania, the United Republic of","16","16","19","22","23","59","65","67","47","39"
"long term visa applications","Granted","31/07/2026","Thailand","140","158","308","118","93","421","342","228","399","126"
"long term visa applications","Granted","31/07/2026","Timor-Leste","0","0","*","*","*","*","*","0","*","0"
"long term visa applications","Granted","31/07/2026","Togo","*","16","*","*","7","21","7","10","17","*"
"long term visa applications","Granted","31/07/2026","Tokelau","0","0","0","0","0","0","0","0","0","0"
"long term visa applications","Granted","31/07/2026","Trinidad and Tobago","0","0","*","0","0","0","0","0","12","*"
"long term visa applications","Granted","31/07/2026","Tunisia","39","32","32","38","49","113","69","58","56","34"
"long term visa applications","Granted","31/07/2026","Turkiye","792","965","1526","825","1633","2940","1588","821","660","346"
"long term visa applications","Granted","31/07/2026","Turkmenistan","0","0","*","0","*","*","6","*","*","*"
"long term visa applications","Granted","31/07/2026","Turks and Caicos Islands (the)","0","0","*","0","0","0","0","0","0","0"
"long term visa applications","Granted","31/07/2026","Uganda","44","53","49","52","62","144","136","112","132","59"
"long term visa applications","Granted","31/07/2026","United Kingdom of Great Britain and Northern Ireland (the)","0","0","0","0","0","0","0","0","0","0"
"long term visa applications","Granted","31/07/2026","United States Minor Outlying Islands (the)","0","0","0","0","0","0","0","0","0","0"
"long term visa applications","Granted","31/07/2026","Uzbekistan","11","14","12","15","19","36","33","16","21","*"
"long term visa applications","Granted","31/07/2026","Vanuatu","0","0","0","0","0","0","0","*","*","*"
"long term visa applications","Granted","31/07/2026","Venezuela (Bolivarian Republic of)","49","37","26","21","21","39","33","25","31","17"
"long term visa applications","Granted","31/07/2026","Viet Nam","183","188","209","239","193","428","191","260","349","199"
"long term visa applications","Granted","31/07/2026","Virgin Islands (British)","0","0","0","0","0","0","0","0","0","0"
"long term visa applications","Granted","31/07/2026","Virgin Islands (U.S.)","0","0","0","0","0","0","0","0","0","0"
"long term visa applications","Granted","31/07/2026","Wallis and Futuna","0","0","0","0","0","0","0","0","0","0"
"long term visa applications","Granted","31/07/2026","Western Sahara","0","0","0","0","0","0","0","0","0","0"
"long term visa applications","Granted","31/07/2026","Yemen","19","22","10","8","23","36","18","11","9","*"
"long term visa applications","Granted","31/07/2026","Zambia","20","21","21","22","33","66","53","42","57","21"
"long term visa applications","Granted","31/07/2026","Zimbabwe","133","245","234","280","624","1140","1154","1088","803","404"
"long term visa applications","Granted","31/07/2026","*Other","365","331","658","404","464","63","7","*","*","0"
"long term visa applications","Refused","31/07/2026","Afghanistan","42","44","35","23","118","306","223","69","105","38"
"long term visa applications","Refused","31/07/2026","Åland Islands","0","0","0","0","0","0","0","0","0","0"
"long term visa applications","Refused","31/07/2026","Albania","13","17","24","22","26","21","17","29","16","11"
"long term visa applications","Refused","31/07/2026","Algeria","32","13","23","15","15","60","83","96","224","38"
"long term visa applications","Refused","31/07/2026","American Samoa","0","0","0","0","0","0","0","0","0","0"
"long term visa applications","Refused","31/07/2026","Angola","*","*","*","*","*","8","*","12","6","*"
"long term visa applications","Refused","31/07/2026","Anguilla","0","0","0","0","0","0","0","0","0","0"
"long term visa applications","Refused","31/07/2026","Antarctica","0","0","0","0","0","0","0","0","0","0"
"long term visa applications","Refused","31/07/2026","Armenia","*","*","*","0","0","*","*","*","*","*"
"long term visa applications","Refused","31/07/2026","Aruba","0","0","0","0","0","0","0","0","0","0"
"long term visa applications","Refused","31/07/2026","Azerbaijan","*","*","8","*","*","0","14","13","9","*"
"long term visa applications","Refused","31/07/2026","Bahrain","*","*","*","*","*","*","*","*","*","0"
"long term visa applications","Refused","31/07/2026","Bangladesh","63","112","88","51","61","120","131","344","452","121"
"long term visa applications","Refused","31/07/2026","Belarus","*","7","9","6","*","8","9","*","*","11"
"long term visa applications","Refused","31/07/2026","Benin","0","*","*","0","*","*","*","0","14","*"
"long term visa applications","Refused","31/07/2026","Bermuda","0","0","0","0","0","0","0","0","0","0"
"long term visa applications","Refused","31/07/2026","Bhutan","0","0","0","0","*","0","0","0","*","0"
"long term visa applications","Refused","31/07/2026","Bolivia (Plurinational State of)","0","0","0","0","0","0","8","155","96","13"
"long term visa applications","Refused","31/07/2026","Bonaire, Sint Eustatius and Saba","0","0","0","0","0","0","0","0","0","0"
"long term visa applications","Refused","31/07/2026","Bosnia and Herzegovina","10","6","8","*","7","7","*","*","*","0"
"long term visa applications","Refused","31/07/2026","Botswana","0","0","0","0","0","0","0","*","66","14"
"long term visa applications","Refused","31/07/2026","Bouvet Island","0","0","0","0","0","0","0","0","0","0"
"long term visa applications","Refused","31/07/2026","Burkina Faso","0","*","*","0","6","0","*","*","*","*"
"long term visa applications","Refused","31/07/2026","Burundi","*","0","0","0","*","0","*","21","56","11"
"long term visa applications","Refused","31/07/2026","Cabo Verde","0","*","0","0","0","0","0","0","0","0"
"long term visa applications","Refused","31/07/2026","Cambodia","0","*","0","0","*","24","20","0","*","*"
"long term visa applications","Refused","31/07/2026","Cameroon","16","35","28","16","26","27","87","23","145","56"
"long term visa applications","Refused","31/07/2026","Cayman Islands (the)","0","0","0","0","0","0","0","0","0","0"
"long term visa applications","Refused","31/07/2026","Central African Republic (the)","0","0","0","0","0","0","0","0","0","0"
"long term visa applications","Refused","31/07/2026","Ceuta","0","0","0","0","0","0","0","0","0","0"
"long term visa applications","Refused","31/07/2026","Chad","0","*","0","0","0","0","0","0","*","*"
"long term visa applications","Refused","31/07/2026","China","112","273","251","259","138","145","339","298","558","602"
"long term visa applications","Refused","31/07/2026","Christmas Island","0","0","0","0","0","0","0","0","0","0"
"long term visa applications","Refused","31/07/2026","Cocos (Keeling) Islands (the)","0","0","0","0","0","0","0","0","0","0"
"long term visa applications","Refused","31/07/2026","Colombia","54","82","78","21","27","183","90","60","389","61"
"long term visa applications","Refused","31/07/2026","Comoros (the)","0","0","0","0","0","0","0","*","0","*"
"long term visa applications","Refused","31/07/2026","Congo (the Democratic Republic of the)","16","13","18","6","22","12","28","27","52","13"
"long term visa applications","Refused","31/07/2026","Congo (the)","*","*","6","*","*","0","*","9","8","6"
"long term visa applications","Refused","31/07/2026","Cook Islands (the)","0","0","0","0","0","0","0","0","0","0"
"long term visa applications","Refused","31/07/2026","Côte d'Ivoire","7","10","*","*","*","6","9","16","15","11"
"long term visa applications","Refused","31/07/2026","Cuba","*","7","6","*","0","7","*","*","*","*"
"long term visa applications","Refused","31/07/2026","Curaçao","0","0","0","0","0","0","0","0","0","0"
"long term visa applications","Refused","31/07/2026","Djibouti","*","0","*","0","0","0","0","0","*","*"
"long term visa applications","Refused","31/07/2026","Dominica","0","0","0","0","0","0","0","0","*","0"
"long term visa applications","Refused","31/07/2026","Dominican Republic (the)","*","*","*","*","*","0","*","6","*","*"
"long term visa applications","Refused","31/07/2026","Ecuador","*","8","16","*","*","40","18","29","79","7"
"long term visa applications","Refused","31/07/2026","Egypt","39","32","37","44","36","65","84","40","32","15"
"long term visa applications","Refused","31/07/2026","Equatorial Guinea","0","*","0","0","0","0","*","0","*","0"
"long term visa applications","Refused","31/07/2026","Eritrea","0","*","0","*","*","6","*","*","*","*"
"long term visa applications","Refused","31/07/2026","Eswatini","0","0","0","0","0","0","0","0","*","0"
"long term visa applications","Refused","31/07/2026","Ethiopia","11","11","14","7","13","18","9","15","30","11"
"long term visa applications","Refused","31/07/2026","Falkland Islands (the) [Malvinas]","0","0","0","0","0","0","0","0","0","0"
"long term visa applications","Refused","31/07/2026","Faroe Islands (the)","0","0","0","0","0","0","0","0","0","0"
"long term visa applications","Refused","31/07/2026","French Guiana","0","0","0","0","0","0","0","0","0","0"
"long term visa applications","Refused","31/07/2026","French Polynesia","0","0","0","0","0","0","0","0","0","0"
"long term visa applications","Refused","31/07/2026","Gabon","0","*","0","0","*","*","*","*","*","0"
"long term visa applications","Refused","31/07/2026","Gambia (the)","0","*","*","*","*","*","6","6","10","*"
"long term visa applications","Refused","31/07/2026","Georgia","20","12","12","8","6","26","23","13","24","11"
"long term visa applications","Refused","31/07/2026","Ghana","37","47","53","56","97","53","110","153","85","98"
"long term visa applications","Refused","31/07/2026","Gibraltar","0","0","0","0","0","0","0","0","0","0"
"long term visa applications","Refused","31/07/2026","Greenland","0","0","0","0","0","0","0","0","0","0"
"long term visa applications","Refused","31/07/2026","Guadeloupe","0","0","0","0","0","0","0","0","0","0"
"long term visa applications","Refused","31/07/2026","Guam","0","0","0","0","0","0","0","0","0","0"
"long term visa applications","Refused","31/07/2026","Guernsey","0","0","0","0","0","0","0","0","0","0"
"long term visa applications","Refused","31/07/2026","Guinea","6","*","*","*","*","7","9","*","33","15"
"long term visa applications","Refused","31/07/2026","Guinea-Bissau","0","*","*","0","*","*","0","0","0","0"
"long term visa applications","Refused","31/07/2026","Haiti","0","0","*","*","0","*","0","*","*","0"
"long term visa applications","Refused","31/07/2026","Heard Island and McDonald Islands","0","0","0","0","0","0","0","0","0","0"
"long term visa applications","Refused","31/07/2026","Honduras","0","0","0","0","0","0","0","10","21","9"
"long term visa applications","Refused","31/07/2026","India","856","646","479","247","408","1072","1969","2788","3421","1452"
"long term visa applications","Refused","31/07/2026","Indonesia","8","19","*","*","9","*","11","15","*","6"
"long term visa applications","Refused","31/07/2026","Iran (Islamic Republic of)","23","89","32","17","37","73","77","29","104","23"
"long term visa applications","Refused","31/07/2026","Iraq","83","43","22","17","16","28","18","11","17","7"
"long term visa applications","Refused","31/07/2026","Isle of Man","0","0","0","0","0","0","0","0","0","0"
"long term visa applications","Refused","31/07/2026","Jamaica","*","*","*","0","*","*","*","*","*","0"
"long term visa applications","Refused","31/07/2026","Jersey","0","0","0","0","0","0","0","0","0","0"
"long term visa applications","Refused","31/07/2026","Jordan","8","*","27","14","31","28","18","11","17","12"
"long term visa applications","Refused","31/07/2026","Kazakhstan","8","*","27","8","0","18","35","12","32","20"
"long term visa applications","Refused","31/07/2026","Kenya","18","25","9","*","30","45","52","536","203","100"
"long term visa applications","Refused","31/07/2026","Korea (the Democratic People's Republic of) North Korea","0","0","0","0","0","0","0","0","0","0"
"long term visa applications","Refused","31/07/2026","Kosovo","*","8","11","53","56","*","10","10","*","*"
"long term visa applications","Refused","31/07/2026","Kuwait","7","*","25","26","7","6","10","7","0","0"
"long term visa applications","Refused","31/07/2026","Kyrgyzstan","6","6","8","*","0","37","31","17","20","27"
"long term visa applications","Refused","31/07/2026","Lao People's Democratic Republic (the)","0","*","0","0","0","*","0","*","*","0"
"long term visa applications","Refused","31/07/2026","Lebanon","8","*","*","*","7","*","10","*","13","*"
"long term visa applications","Refused","31/07/2026","Lesotho","0","0","0","0","0","0","0","0","18","*"
"long term visa applications","Refused","31/07/2026","Liberia","*","0","*","0","0","0","0","*","*","0"
"long term visa applications","Refused","31/07/2026","Libya","23","17","27","7","12","13","19","*","0","*"
"long term visa applications","Refused","31/07/2026","Macao","0","0","0","0","0","0","0","0","0","0"
"long term visa applications","Refused","31/07/2026","Madagascar","0","0","0","0","0","0","0","0","0","0"
"long term visa applications","Refused","31/07/2026","Malawi","14","18","16","14","10","12","32","18","40","18"
"long term visa applications","Refused","31/07/2026","Mali","0","0","0","0","0","0","0","9","*","0"
"long term visa applications","Refused","31/07/2026","Marshall Islands (the)","0","0","0","0","0","0","0","0","0","0"
"long term visa applications","Refused","31/07/2026","Martinique","0","0","0","0","0","0","0","0","0","0"
"long term visa applications","Refused","31/07/2026","Mauritania","0","*","0","0","0","*","*","*","*","0"
"long term visa applications","Refused","31/07/2026","Mauritius","15","19","14","*","11","22","31","27","12","*"
"long term visa applications","Refused","31/07/2026","Mayotte","0","0","0","0","0","0","0","0","0","0"
"long term visa applications","Refused","31/07/2026","Melilla","0","0","0","0","0","0","0","0","0","0"
"long term visa applications","Refused","31/07/2026","Micronesia (Federated States of)","0","0","0","0","0","0","0","0","0","0"
"long term visa applications","Refused","31/07/2026","Moldova (the Republic of)","10","7","17","*","15","32","8","*","7","*"
"long term visa applications","Refused","31/07/2026","Mongolia","57","124","216","104","131","427","155","151","405","398"
"long term visa applications","Refused","31/07/2026","Montenegro","0","*","*","*","0","0","0","0","0","0"
"long term visa applications","Refused","31/07/2026","Montserrat","0","0","0","0","0","0","0","0","0","0"
"long term visa applications","Refused","31/07/2026","Morocco","40","29","45","27","36","47","107","166","655","99"
"long term visa applications","Refused","31/07/2026","Mozambique","*","*","*","*","*","0","0","0","*","*"
"long term visa applications","Refused","31/07/2026","Myanmar","0","*","*","*","*","15","9","*","179","67"
"long term visa applications","Refused","31/07/2026","Namibia","*","*","0","0","*","0","*","*","0","0"
"long term visa applications","Refused","31/07/2026","Nauru","0","0","0","0","0","0","0","0","0","0"
"long term visa applications","Refused","31/07/2026","Nepal","18","39","77","24","20","140","170","310","331","82"
"long term visa applications","Refused","31/07/2026","New Caledonia","0","0","0","0","0","0","0","0","0","0"
"long term visa applications","Refused","31/07/2026","Niger (the)","*","*","0","0","0","0","0","0","*","*"
"long term visa applications","Refused","31/07/2026","Nigeria","208","366","723","585","579","594","1099","823","660","604"
"long term visa applications","Refused","31/07/2026","Niue","0","0","0","0","0","0","0","0","0","0"
"long term visa applications","Refused","31/07/2026","Norfolk Island","0","0","0","0","0","0","0","0","0","0"
"long term visa applications","Refused","31/07/2026","North Macedonia","*","0","0","*","*","*","*","*","*","0"
"long term visa applications","Refused","31/07/2026","Northern Mariana Islands (the)","0","0","0","0","0","0","0","0","0","0"
"long term visa applications","Refused","31/07/2026","Oman","*","7","*","*","10","6","8","*","0","0"
"long term visa applications","Refused","31/07/2026","Pakistan","705","732","561","338","386","586","1299","1996","2261","1458"
"long term visa applications","Refused","31/07/2026","Palau","0","0","0","0","0","0","0","0","0","0"
"long term visa applications","Refused","31/07/2026","Palestine, State of","6","13","12","*","8","9","24","45","29","98"
"long term visa applications","Refused","31/07/2026","Papua New Guinea","0","0","0","0","0","0","0","0","0","*"
"long term visa applications","Refused","31/07/2026","Peru","23","27","18","*","*","59","29","17","53","9"
"long term visa applications","Refused","31/07/2026","Philippines (the)","79","130","109","83","96","130","179","133","194","178"
"long term visa applications","Refused","31/07/2026","Pitcairn","0","0","0","0","0","0","0","0","0","0"
"long term visa applications","Refused","31/07/2026","Puerto Rico","0","0","0","0","0","0","0","0","0","0"
"long term visa applications","Refused","31/07/2026","Qatar","0","0","0","0","0","0","0","0","0","0"
"long term visa applications","Refused","31/07/2026","Réunion","0","0","0","0","0","0","0","0","0","0"
"long term visa applications","Refused","31/07/2026","Russian Federation (the)","35","52","77","35","26","43","52","14","49","50"
"long term visa applications","Refused","31/07/2026","Rwanda","*","0","*","0","*","*","6","10","15","14"
"long term visa applications","Refused","31/07/2026","Saint Barthélemy","0","0","0","0","0","0","0","0","0","0"
"long term visa applications","Refused","31/07/2026","Saint Martin (French part)","0","0","0","0","0","0","0","0","0","0"
"long term visa applications","Refused","31/07/2026","Saint Pierre and Miquelon","0","0","0","0","0","0","0","0","0","0"
"long term visa applications","Refused","31/07/2026","Sao Tome and Principe","0","0","0","0","0","0","0","0","*","0"
"long term visa applications","Refused","31/07/2026","Saudi Arabia","12","22","15","7","*","0","*","26","17","*"
"long term visa applications","Refused","31/07/2026","Senegal","*","*","*","*","*","*","*","7","6","*"
"long term visa applications","Refused","31/07/2026","Serbia","8","*","*","*","*","*","*","11","*","*"
"long term visa applications","Refused","31/07/2026","Sierra Leone","7","*","*","*","*","*","11","*","10","8"
"long term visa applications","Refused","31/07/2026","Sint Maarten (Dutch part)","0","0","0","0","0","0","0","0","0","0"
"long term visa applications","Refused","31/07/2026","Somalia","14","17","7","18","32","22","19","44","92","26"
"long term visa applications","Refused","31/07/2026","South Africa","0","*","*","0","12","*","0","32","293","94"
"long term visa applications","Refused","31/07/2026","South Georgia and the South Sandwich Islands","0","0","0","0","0","0","0","0","0","0"
"long term visa applications","Refused","31/07/2026","South Sudan","0","*","0","*","0","0","0","0","*","*"
"long term visa applications","Refused","31/07/2026","Sri Lanka","15","18","26","22","20","63","44","132","184","61"
"long term visa applications","Refused","31/07/2026","Sudan (the)","32","16","27","21","31","48","57","35","21","12"
"long term visa applications","Refused","31/07/2026","Suriname","0","0","0","0","0","0","0","0","*","0"
"long term visa applications","Refused","31/07/2026","Svalbard and Jan Mayen","0","0","0","0","0","0","0","0","0","0"
"long term visa applications","Refused","31/07/2026","Syrian Arab Republic (the)","26","10","19","14","15","27","37","18","13","*"
"long term visa applications","Refused","31/07/2026","Tajikistan","*","0","*","0","*","*","*","0","*","0"
"long term visa applications","Refused","31/07/2026","Tanzania, the United Republic of","*","12","7","8","*","8","8","17","47","13"
"long term visa applications","Refused","31/07/2026","Thailand","30","87","75","18","18","27","32","21","46","31"
"long term visa applications","Refused","31/07/2026","Timor-Leste","0","0","0","0","0","0","0","0","*","0"
"long term visa applications","Refused","31/07/2026","Togo","*","*","10","*","*","11","*","12","28","30"
"long term visa applications","Refused","31/07/2026","Tokelau","0","0","0","0","0","0","0","0","0","0"
"long term visa applications","Refused","31/07/2026","Trinidad and Tobago","0","0","0","0","0","0","0","0","0","0"
"long term visa applications","Refused","31/07/2026","Tunisia","17","13","13","13","7","22","30","10","19","*"
"long term visa applications","Refused","31/07/2026","Turkiye","97","141","178","90","47","214","1090","1171","629","129"
"long term visa applications","Refused","31/07/2026","Turkmenistan","0","0","*","*","*","*","0","*","*","0"
"long term visa applications","Refused","31/07/2026","Turks and Caicos Islands (the)","0","0","0","0","0","0","0","0","0","0"
"long term visa applications","Refused","31/07/2026","Uganda","*","10","12","*","10","25","41","45","107","24"
"long term visa applications","Refused","31/07/2026","United Kingdom of Great Britain and Northern Ireland (the)","0","0","*","0","0","0","0","0","0","0"
"long term visa applications","Refused","31/07/2026","United States Minor Outlying Islands (the)","0","0","0","0","0","0","0","0","0","0"
"long term visa applications","Refused","31/07/2026","Uzbekistan","*","*","*","6","0","20","14","15","6","33"
"long term visa applications","Refused","31/07/2026","Vanuatu","0","0","0","0","0","0","0","0","*","0"
"long term visa applications","Refused","31/07/2026","Venezuela (Bolivarian Republic of)","34","44","21","12","*","12","24","18","32","*"
"long term visa applications","Refused","31/07/2026","Viet Nam","109","62","54","39","37","118","63","56","57","42"
"long term visa applications","Refused","31/07/2026","Virgin Islands (British)","0","0","0","0","0","0","0","0","0","0"
"long term visa applications","Refused","31/07/2026","Virgin Islands (U.S.)","0","0","0","0","0","0","0","0","0","0"
"long term visa applications","Refused","31/07/2026","Wallis and Futuna","0","0","0","0","0","0","0","0","0","0"
"long term visa applications","Refused","31/07/2026","Western Sahara","0","0","0","0","0","0","0","0","0","0"
"long term visa applications","Refused","31/07/2026","Yemen","9","*","9","9","10","*","8","*","13","*"
"long term visa applications","Refused","31/07/2026","Zambia","8","14","8","6","11","6","6","*","11","*"
"long term visa applications","Refused","31/07/2026","Zimbabwe","25","36","33","23","42","54","109","104","345","166"
"long term visa applications","Refused","31/07/2026","*Other","44","43","66","36","35","11","*","*","*","0"
